kodi_projekti,referenca_kerkeses_obp,statusi_kerkeses,data_dergimit_kerkeses,numri_procedures_prokurimit
PRJ-000001,REQ-000002,Aprovuar,2026-08-22 10:00:00,REF-00069-09-16-2026
PRJ-000006,REQ-000007,Aprovuar,2026-08-21 10:00:00,REF-99937-09-16-2026
PRJ-000007,REQ-000008,Aprovuar,2026-09-08 10:00:00,REF-99993-09-16-2026
PRJ-000008,REQ-000009,Aprovuar,2026-09-01 10:00:00,REF-99989-09-16-2026
PRJ-000009,REQ-000010,Aprovuar,2026-09-11 12:00:00,REF-00026-09-16-2026
PRJ-000010,REQ-000011,Aprovuar,2026-08-25 13:30:00,REF-99982-09-16-2026
PRJ-000011,REQ-000012,Aprovuar,2026-09-03 08:00:00,REF-99933-09-16-2026
PRJ-000012,REQ-000013,Aprovuar,2026-09-04 08:00:00,REF-99925-09-16-2026
PRJ-000014,REQ-000015,Aprovuar,2026-09-05 08:00:00,REF-99952-09-16-2026
PRJ-000015,REQ-000016,Aprovuar,2026-09-03 09:00:00,REF-99918-09-16-2026
PRJ-000016,REQ-000017,Aprovuar,2026-09-09 10:30:00,REF-00059-09-16-2026
PRJ-000017,REQ-000018,Aprovuar,2026-09-01 08:00:00,REF-99974-09-16-2026
PRJ-000018,REQ-000019,Aprovuar,2026-08-31 08:00:00,REF-00076-09-16-2026
PRJ-000019,REQ-000020,Aprovuar,2026-09-01 10:30:00,REF-99908-09-16-2026
PRJ-000020,REQ-000021,Aprovuar,2026-08-29 10:00:00,REF-00075-09-16-2026
PRJ-000021,REQ-000022,Aprovuar,2026-09-05 08:00:00,REF-00073-09-16-2026
PRJ-000022,REQ-000023,Aprovuar,2026-09-07 10:00:00,REF-99988-09-16-2026
PRJ-000023,REQ-000024,Aprovuar,2026-09-07 08:00:00,REF-00022-09-16-2026
PRJ-000024,REQ-000025,Aprovuar,2026-09-05 08:00:00,REF-00019-09-16-2026
PRJ-000025,REQ-000026,Aprovuar,2026-08-24 08:00:00,REF-00002-09-16-2026
PRJ-000026,REQ-000027,Aprovuar,2026-08-23 08:00:00,REF-00017-09-16-2026
PRJ-000027,REQ-000028,Aprovuar,2026-08-26 09:00:00,REF-00074-09-16-2026
PRJ-000029,REQ-000030,Aprovuar,2026-09-01 11:00:00,REF-99949-09-16-2026
PRJ-000031,REQ-000032,Aprovuar,2026-09-03 08:00:00,REF-99969-09-16-2026
PRJ-000032,REQ-000033,Aprovuar,2026-08-31 08:00:00,REF-99967-09-16-2026
PRJ-000033,REQ-000034,Aprovuar,2026-09-06 08:00:00,REF-99964-09-16-2026
PRJ-000034,REQ-000035,Aprovuar,2026-08-25 08:00:00,REF-99962-09-16-2026
PRJ-000035,REQ-000036,Aprovuar,2026-09-09 08:00:00,REF-99957-09-16-2026
PRJ-000036,REQ-000037,Aprovuar,2026-08-23 08:00:00,REF-99960-09-16-2026
PRJ-000038,REQ-000039,Aprovuar,2026-08-31 08:00:00,REF-00048-09-16-2026
PRJ-000040,REQ-000041,Aprovuar,2026-09-10 11:00:00,REF-00064-09-16-2026
PRJ-000041,REQ-000042,Aprovuar,2026-08-24 09:00:00,REF-00015-09-16-2026
PRJ-000042,REQ-000043,Aprovuar,2026-08-27 08:30:00,REF-99995-09-16-2026
PRJ-000043,REQ-000044,Aprovuar,2026-08-24 11:00:00,REF-99913-09-16-2026
PRJ-000044,REQ-000045,Aprovuar,2026-09-01 08:00:00,REF-99984-09-16-2026
PRJ-000057,REQ-000058,Aprovuar,2026-08-21 11:00:00,REF-99855-09-15-2026
PRJ-000058,REQ-000059,Aprovuar,2026-09-11 12:00:00,REF-99790-09-15-2026
PRJ-000060,REQ-000061,Aprovuar,2026-09-05 09:00:00,REF-99885-09-16-2026
PRJ-000061,REQ-000062,Aprovuar,2026-08-23 11:00:00,REF-99851-09-15-2026
PRJ-000062,REQ-000063,Aprovuar,2026-09-06 12:00:00,REF-99838-09-15-2026
PRJ-000064,REQ-000065,Aprovuar,2026-08-22 11:00:00,REF-99744-09-15-2026
PRJ-000065,REQ-000066,Aprovuar,2026-08-19 10:00:00,REF-99873-09-15-2026
PRJ-000066,REQ-000067,Aprovuar,2026-09-05 01:30:00,REF-99777-09-15-2026
PRJ-000067,REQ-000068,Aprovuar,2026-08-18 10:00:00,REF-99883-09-15-2026
PRJ-000068,REQ-000069,Aprovuar,2026-08-21 10:00:00,REF-99839-09-15-2026
PRJ-000069,REQ-000070,Aprovuar,2026-08-31 11:00:00,REF-99843-09-15-2026
PRJ-000071,REQ-000072,Aprovuar,2026-08-20 09:00:00,REF-99745-09-15-2026
PRJ-000072,REQ-000073,Aprovuar,2026-09-11 08:00:00,REF-99834-09-15-2026
PRJ-000074,REQ-000075,Aprovuar,2026-08-21 11:00:00,REF-99820-09-15-2026
PRJ-000075,REQ-000076,Aprovuar,2026-08-25 10:00:00,REF-99879-09-15-2026
PRJ-000076,REQ-000077,Aprovuar,2026-08-18 09:00:00,REF-99866-09-15-2026
PRJ-000077,REQ-000078,Aprovuar,2026-09-01 11:30:00,REF-99763-09-15-2026
PRJ-000078,REQ-000079,Aprovuar,2026-08-26 08:00:00,REF-99854-09-15-2026
PRJ-000079,REQ-000080,Aprovuar,2026-08-25 08:00:00,REF-99705-09-15-2026
PRJ-000081,REQ-000082,Aprovuar,2026-08-25 12:00:00,REF-99878-09-15-2026
PRJ-000087,REQ-000088,Aprovuar,2026-08-25 10:00:00,REF-99681-09-14-2026
PRJ-000088,REQ-000089,Aprovuar,2026-08-18 08:00:00,REF-99669-09-14-2026
PRJ-000092,REQ-000093,Aprovuar,2026-08-22 11:00:00,REF-99550-09-14-2026
PRJ-000093,REQ-000094,Aprovuar,2026-08-30 10:00:00,REF-99678-09-14-2026
PRJ-000094,REQ-000095,Aprovuar,2026-08-18 08:00:00,REF-99641-09-14-2026
PRJ-000095,REQ-000096,Aprovuar,2026-09-08 08:00:00,REF-99645-09-14-2026
PRJ-000096,REQ-000097,Aprovuar,2026-08-17 08:00:00,REF-99637-09-14-2026
PRJ-000098,REQ-000099,Aprovuar,2026-08-27 08:00:00,REF-99656-09-14-2026
PRJ-000100,REQ-000101,Aprovuar,2026-09-07 15:00:00,REF-99615-09-14-2026
PRJ-000101,REQ-000102,Aprovuar,2026-08-30 00:00:00,REF-99611-09-14-2026
PRJ-000102,REQ-000103,Aprovuar,2026-09-09 09:00:00,REF-99606-09-14-2026
PRJ-000103,REQ-000104,Aprovuar,2026-09-01 11:30:00,REF-99576-09-14-2026
PRJ-000106,REQ-000107,Aprovuar,2026-09-09 10:00:00,REF-99535-09-14-2026
PRJ-000107,REQ-000108,Aprovuar,2026-08-18 09:00:00,REF-99616-09-14-2026
PRJ-000108,REQ-000109,Aprovuar,2026-08-18 09:00:00,REF-99593-09-14-2026
PRJ-000118,REQ-000119,Aprovuar,2026-08-23 10:00:00,REF-99450-09-11-2026
PRJ-000120,REQ-000121,Aprovuar,2026-08-19 14:00:00,REF-99560-09-14-2026
PRJ-000121,REQ-000122,Aprovuar,2026-08-28 10:00:00,REF-99703-09-14-2026
PRJ-000123,REQ-000124,Aprovuar,2026-08-28 08:00:00,REF-99665-09-14-2026
PRJ-000124,REQ-000125,Aprovuar,2026-08-23 09:00:00,REF-99565-09-14-2026
PRJ-000125,REQ-000126,Aprovuar,2026-08-20 09:00:00,REF-99559-09-14-2026
PRJ-000126,REQ-000127,Aprovuar,2026-09-08 08:30:00,REF-99680-09-14-2026
PRJ-000127,REQ-000128,Aprovuar,2026-08-18 09:00:00,REF-99562-09-14-2026
PRJ-000128,REQ-000129,Aprovuar,2026-08-30 10:00:00,REF-99570-09-14-2026
PRJ-000129,REQ-000130,Aprovuar,2026-09-08 09:00:00,REF-99571-09-14-2026
PRJ-000130,REQ-000131,Aprovuar,2026-09-06 09:00:00,REF-99551-09-14-2026
PRJ-000131,REQ-000132,Aprovuar,2026-08-30 00:00:00,REF-99573-09-14-2026
PRJ-000132,REQ-000133,Aprovuar,2026-08-22 00:00:00,REF-99495-09-14-2026
PRJ-000133,REQ-000134,Aprovuar,2026-08-18 08:00:00,REF-99670-09-14-2026
PRJ-000134,REQ-000135,Aprovuar,2026-08-23 10:00:00,REF-99540-09-14-2026
PRJ-000135,REQ-000136,Aprovuar,2026-08-23 08:00:00,REF-99660-09-14-2026
PRJ-000136,REQ-000137,Aprovuar,2026-08-26 08:00:00,REF-99553-09-14-2026
PRJ-000138,REQ-000139,Aprovuar,2026-08-18 08:00:00,REF-99596-09-14-2026
PRJ-000139,REQ-000140,Aprovuar,2026-08-23 09:00:00,REF-99588-09-14-2026
PRJ-000140,REQ-000141,Aprovuar,2026-08-22 00:00:00,REF-99672-09-14-2026
PRJ-000141,REQ-000142,Aprovuar,2026-08-17 12:00:00,REF-99583-09-14-2026
PRJ-000142,REQ-000143,Aprovuar,2026-09-08 08:30:00,REF-99677-09-14-2026
PRJ-000143,REQ-000144,Aprovuar,2026-09-07 08:00:00,REF-99582-09-14-2026
PRJ-000144,REQ-000145,Aprovuar,2026-09-10 12:00:00,REF-99310-09-10-2026
PRJ-000154,REQ-000155,Aprovuar,2026-09-02 10:00:00,REF-99482-09-11-2026
PRJ-000155,REQ-000156,Aprovuar,2026-09-06 08:30:00,REF-99384-09-11-2026
PRJ-000156,REQ-000157,Aprovuar,2026-08-19 10:00:00,REF-99423-09-11-2026
PRJ-000157,REQ-000158,Aprovuar,2026-09-05 09:00:00,REF-99414-09-11-2026
PRJ-000158,REQ-000159,Aprovuar,2026-09-07 09:00:00,REF-99472-09-11-2026
PRJ-000159,REQ-000160,Aprovuar,2026-08-16 10:00:00,REF-99479-09-11-2026
PRJ-000160,REQ-000161,Aprovuar,2026-08-17 09:00:00,REF-99456-09-11-2026
PRJ-000161,REQ-000162,Aprovuar,2026-08-20 10:00:00,REF-99453-09-11-2026
PRJ-000162,REQ-000163,Aprovuar,2026-08-27 09:00:00,REF-99393-09-11-2026
PRJ-000163,REQ-000164,Aprovuar,2026-08-29 08:00:00,REF-99038-09-09-2026
PRJ-000164,REQ-000165,Aprovuar,2026-08-23 12:00:00,REF-99481-09-11-2026
PRJ-000166,REQ-000167,Aprovuar,2026-09-04 08:00:00,REF-99421-09-11-2026
PRJ-000167,REQ-000168,Aprovuar,2026-09-05 08:30:00,REF-99463-09-11-2026
PRJ-000168,REQ-000169,Aprovuar,2026-08-21 09:00:00,REF-99285-09-10-2026
PRJ-000169,REQ-000170,Aprovuar,2026-09-07 11:00:00,REF-99420-09-11-2026
PRJ-000170,REQ-000171,Aprovuar,2026-08-26 08:00:00,REF-99400-09-11-2026
PRJ-000171,REQ-000172,Aprovuar,2026-08-17 08:00:00,REF-99382-09-11-2026
PRJ-000172,REQ-000173,Aprovuar,2026-08-30 08:00:00,REF-99483-09-11-2026
PRJ-000173,REQ-000174,Aprovuar,2026-09-07 08:30:00,REF-99432-09-11-2026
PRJ-000174,REQ-000175,Aprovuar,2026-08-30 10:00:00,REF-99394-09-11-2026
PRJ-000175,REQ-000176,Aprovuar,2026-08-19 11:30:00,REF-99485-09-11-2026
PRJ-000176,REQ-000177,Aprovuar,2026-08-17 08:30:00,REF-99392-09-11-2026
PRJ-000177,REQ-000178,Aprovuar,2026-09-06 08:30:00,REF-99381-09-11-2026
PRJ-000178,REQ-000179,Aprovuar,2026-08-26 08:30:00,REF-99388-09-11-2026
PRJ-000179,REQ-000180,Aprovuar,2026-08-25 08:00:00,REF-99429-09-11-2026
PRJ-000180,REQ-000181,Aprovuar,2026-09-05 08:00:00,REF-99426-09-11-2026
PRJ-000182,REQ-000183,Aprovuar,2026-08-18 10:00:00,REF-99461-09-11-2026
PRJ-000183,REQ-000184,Aprovuar,2026-08-27 10:00:00,REF-99445-09-11-2026
PRJ-000191,REQ-000192,Aprovuar,2026-08-19 10:00:00,REF-99359-09-10-2026
PRJ-000193,REQ-000194,Aprovuar,2026-09-04 10:00:00,REF-99340-09-10-2026
PRJ-000194,REQ-000195,Aprovuar,2026-08-13 11:00:00,REF-99330-09-10-2026
PRJ-000195,REQ-000196,Aprovuar,2026-08-20 09:00:00,REF-99348-09-10-2026
PRJ-000196,REQ-000197,Aprovuar,2026-08-21 16:00:00,REF-99351-09-10-2026
PRJ-000197,REQ-000198,Aprovuar,2026-08-20 00:00:00,REF-99331-09-10-2026
PRJ-000201,REQ-000202,Aprovuar,2026-08-21 12:00:00,REF-99312-09-10-2026
PRJ-000203,REQ-000204,Aprovuar,2026-08-27 11:00:00,REF-99241-09-10-2026
PRJ-000204,REQ-000205,Aprovuar,2026-08-14 11:00:00,REF-99246-09-10-2026
PRJ-000205,REQ-000206,Aprovuar,2026-09-02 09:00:00,REF-99323-09-10-2026
PRJ-000206,REQ-000207,Aprovuar,2026-09-06 09:00:00,REF-99327-09-10-2026
PRJ-000207,REQ-000208,Aprovuar,2026-08-16 10:00:00,REF-99261-09-10-2026
PRJ-000208,REQ-000209,Aprovuar,2026-08-18 11:00:00,REF-99259-09-10-2026
PRJ-000209,REQ-000210,Aprovuar,2026-08-19 08:00:00,REF-99206-09-09-2026
PRJ-000210,REQ-000211,Aprovuar,2026-08-29 08:00:00,REF-99208-09-09-2026
PRJ-000211,REQ-000212,Aprovuar,2026-08-28 08:00:00,REF-99210-09-09-2026
PRJ-000212,REQ-000213,Aprovuar,2026-09-03 08:00:00,REF-99212-09-09-2026
PRJ-000213,REQ-000214,Aprovuar,2026-08-15 08:00:00,REF-99204-09-09-2026
PRJ-000214,REQ-000215,Aprovuar,2026-08-13 08:00:00,REF-99214-09-09-2026
PRJ-000215,REQ-000216,Aprovuar,2026-09-02 09:00:00,REF-99335-09-10-2026
PRJ-000216,REQ-000217,Aprovuar,2026-08-26 10:00:00,REF-99317-09-10-2026
PRJ-000217,REQ-000218,Aprovuar,2026-09-06 11:00:00,REF-99355-09-10-2026
PRJ-000218,REQ-000219,Aprovuar,2026-08-22 08:00:00,REF-99324-09-10-2026
PRJ-000219,REQ-000220,Aprovuar,2026-08-26 09:00:00,REF-99306-09-10-2026
PRJ-000221,REQ-000222,Aprovuar,2026-08-13 08:00:00,REF-99311-09-10-2026
PRJ-000229,REQ-000230,Aprovuar,2026-08-29 09:00:00,REF-99104-09-09-2026
PRJ-000230,REQ-000231,Aprovuar,2026-08-28 08:00:00,REF-99081-09-09-2026
PRJ-000231,REQ-000232,Aprovuar,2026-08-15 10:00:00,REF-99037-09-09-2026
PRJ-000232,REQ-000233,Aprovuar,2026-08-30 09:00:00,REF-99185-09-09-2026
PRJ-000233,REQ-000234,Aprovuar,2026-08-16 12:00:00,REF-99171-09-09-2026
PRJ-000234,REQ-000235,Aprovuar,2026-09-05 12:00:00,REF-99151-09-09-2026
PRJ-000235,REQ-000236,Aprovuar,2026-08-17 11:00:00,REF-99122-09-09-2026
PRJ-000236,REQ-000237,Aprovuar,2026-08-18 11:00:00,REF-99114-09-09-2026
PRJ-000238,REQ-000239,Aprovuar,2026-08-20 12:00:00,REF-99053-09-09-2026
PRJ-000239,REQ-000240,Aprovuar,2026-08-14 09:00:00,REF-99035-09-09-2026
PRJ-000240,REQ-000241,Aprovuar,2026-08-17 12:00:00,REF-99158-09-09-2026
PRJ-000241,REQ-000242,Aprovuar,2026-08-25 08:00:00,REF-99177-09-09-2026
PRJ-000242,REQ-000243,Aprovuar,2026-08-15 08:00:00,REF-99111-09-09-2026
PRJ-000244,REQ-000245,Aprovuar,2026-08-26 08:30:00,REF-99140-09-09-2026
PRJ-000253,REQ-000254,Aprovuar,2026-08-30 08:00:00,REF-98987-09-08-2026
PRJ-000254,REQ-000255,Aprovuar,2026-09-02 10:00:00,REF-98966-09-08-2026
PRJ-000255,REQ-000256,Aprovuar,2026-08-20 08:30:00,REF-98895-09-08-2026
PRJ-000256,REQ-000257,Aprovuar,2026-08-12 08:00:00,REF-98903-09-08-2026
PRJ-000257,REQ-000258,Aprovuar,2026-08-28 10:00:00,REF-99013-09-08-2026
PRJ-000258,REQ-000259,Aprovuar,2026-08-28 10:00:00,REF-99009-09-08-2026
PRJ-000260,REQ-000261,Aprovuar,2026-09-04 14:00:00,REF-98970-09-08-2026
PRJ-000261,REQ-000262,Aprovuar,2026-08-31 14:00:00,REF-98965-09-08-2026
PRJ-000262,REQ-000263,Aprovuar,2026-09-03 08:00:00,REF-98905-09-08-2026
PRJ-000263,REQ-000264,Aprovuar,2026-08-20 10:00:00,REF-98942-09-08-2026
PRJ-000264,REQ-000265,Aprovuar,2026-08-21 08:00:00,REF-98927-09-08-2026
PRJ-000266,REQ-000267,Aprovuar,2026-08-24 10:00:00,REF-98974-09-08-2026
PRJ-000267,REQ-000268,Aprovuar,2026-08-12 00:00:00,REF-98913-09-08-2026
PRJ-000268,REQ-000269,Aprovuar,2026-09-04 10:00:00,REF-98910-09-08-2026
PRJ-000269,REQ-000270,Aprovuar,2026-08-21 08:00:00,REF-98954-09-08-2026
PRJ-000280,REQ-000281,Aprovuar,2026-08-31 12:00:00,REF-98814-09-04-2026
PRJ-000281,REQ-000282,Aprovuar,2026-08-30 08:00:00,REF-98818-09-04-2026
PRJ-000282,REQ-000283,Aprovuar,2026-09-03 12:00:00,REF-98835-09-04-2026
PRJ-000283,REQ-000284,Aprovuar,2026-08-23 12:00:00,REF-98807-09-04-2026
PRJ-000284,REQ-000285,Aprovuar,2026-08-20 10:00:00,REF-98767-09-04-2026
PRJ-000285,REQ-000286,Aprovuar,2026-08-26 08:00:00,REF-98817-09-04-2026
PRJ-000286,REQ-000287,Aprovuar,2026-08-23 10:00:00,REF-98809-09-04-2026
PRJ-000287,REQ-000288,Aprovuar,2026-08-30 08:00:00,REF-98850-09-04-2026
PRJ-000288,REQ-000289,Aprovuar,2026-09-03 10:00:00,REF-98812-09-04-2026
PRJ-000289,REQ-000290,Aprovuar,2026-08-23 10:00:00,REF-98789-09-04-2026
PRJ-000290,REQ-000291,Aprovuar,2026-08-17 09:00:00,REF-98858-09-04-2026
PRJ-000291,REQ-000292,Aprovuar,2026-08-21 09:00:00,REF-98853-09-04-2026
PRJ-000292,REQ-000293,Aprovuar,2026-08-10 09:00:00,REF-98856-09-04-2026
PRJ-000293,REQ-000294,Aprovuar,2026-08-21 08:30:00,REF-98859-09-04-2026
PRJ-000294,REQ-000295,Aprovuar,2026-09-02 09:00:00,REF-98351-08-31-2026
PRJ-000295,REQ-000296,Aprovuar,2026-08-21 10:00:00,REF-98860-09-04-2026
PRJ-000296,REQ-000297,Aprovuar,2026-08-27 08:00:00,REF-98823-09-04-2026
PRJ-000297,REQ-000298,Aprovuar,2026-08-17 08:00:00,REF-98784-09-04-2026
PRJ-000298,REQ-000299,Aprovuar,2026-08-27 10:30:00,REF-98819-09-04-2026
PRJ-000301,REQ-000302,Aprovuar,2026-08-13 10:00:00,REF-98751-09-03-2026
PRJ-000302,REQ-000303,Aprovuar,2026-08-06 10:00:00,REF-98746-09-03-2026
PRJ-000303,REQ-000304,Aprovuar,2026-08-21 08:00:00,REF-98731-09-03-2026
PRJ-000304,REQ-000305,Aprovuar,2026-08-20 08:00:00,REF-98729-09-03-2026
PRJ-000305,REQ-000306,Aprovuar,2026-08-12 10:00:00,REF-98745-09-03-2026
PRJ-000306,REQ-000307,Aprovuar,2026-08-22 10:00:00,REF-98740-09-03-2026
PRJ-000307,REQ-000308,Aprovuar,2026-08-25 10:00:00,REF-98737-09-03-2026
PRJ-000308,REQ-000309,Aprovuar,2026-08-15 10:00:00,REF-98733-09-03-2026
PRJ-000309,REQ-000310,Aprovuar,2026-08-14 10:00:00,REF-98735-09-03-2026
PRJ-000310,REQ-000311,Aprovuar,2026-08-12 10:00:00,REF-98491-09-01-2026
PRJ-000311,REQ-000312,Aprovuar,2026-08-18 11:00:00,REF-98705-09-03-2026
PRJ-000313,REQ-000314,Aprovuar,2026-08-20 09:00:00,REF-98674-09-03-2026
PRJ-000314,REQ-000315,Aprovuar,2026-08-21 08:00:00,REF-98605-09-02-2026
PRJ-000316,REQ-000317,Aprovuar,2026-08-26 09:30:00,REF-98669-09-03-2026
PRJ-000317,REQ-000318,Aprovuar,2026-08-08 10:00:00,REF-98753-09-03-2026
PRJ-000318,REQ-000319,Aprovuar,2026-08-12 08:00:00,REF-98750-09-03-2026
PRJ-000319,REQ-000320,Aprovuar,2026-08-18 08:30:00,REF-98747-09-03-2026
PRJ-000320,REQ-000321,Aprovuar,2026-08-11 09:00:00,REF-98743-09-03-2026
PRJ-000321,REQ-000322,Aprovuar,2026-08-09 08:30:00,REF-98742-09-03-2026
PRJ-000322,REQ-000323,Aprovuar,2026-08-30 09:00:00,REF-98713-09-03-2026
PRJ-000323,REQ-000324,Aprovuar,2026-08-13 08:00:00,REF-98649-09-03-2026
PRJ-000324,REQ-000325,Aprovuar,2026-08-23 09:00:00,REF-98680-09-03-2026
PRJ-000325,REQ-000326,Aprovuar,2026-08-20 08:00:00,REF-98677-09-03-2026
PRJ-000326,REQ-000327,Aprovuar,2026-08-19 08:00:00,REF-98625-09-03-2026
PRJ-000327,REQ-000328,Aprovuar,2026-08-21 10:00:00,REF-98752-09-03-2026
PRJ-000328,REQ-000329,Aprovuar,2026-08-30 08:00:00,REF-98727-09-03-2026
PRJ-000331,REQ-000332,Aprovuar,2026-08-22 12:00:00,REF-98688-09-03-2026
PRJ-000332,REQ-000333,Aprovuar,2026-08-19 12:30:00,REF-98670-09-03-2026
PRJ-000334,REQ-000335,Aprovuar,2026-08-07 08:00:00,REF-98723-09-03-2026
PRJ-000335,REQ-000336,Aprovuar,2026-08-28 10:00:00,REF-98725-09-03-2026
PRJ-000338,REQ-000339,Aprovuar,2026-08-08 12:00:00,REF-98748-09-03-2026
PRJ-000339,REQ-000340,Aprovuar,2026-08-07 10:00:00,REF-98717-09-03-2026
PRJ-000340,REQ-000341,Aprovuar,2026-08-20 11:00:00,REF-98645-09-03-2026
PRJ-000344,REQ-000345,Aprovuar,2026-08-18 08:00:00,REF-98603-09-02-2026
PRJ-000345,REQ-000346,Aprovuar,2026-08-16 10:00:00,REF-98528-09-02-2026
PRJ-000346,REQ-000347,Aprovuar,2026-08-09 10:00:00,REF-98542-09-02-2026
PRJ-000347,REQ-000348,Aprovuar,2026-08-28 14:00:00,REF-98580-09-02-2026
PRJ-000348,REQ-000349,Aprovuar,2026-08-27 09:00:00,REF-98579-09-02-2026
PRJ-000349,REQ-000350,Aprovuar,2026-08-25 12:00:00,REF-98538-09-02-2026
PRJ-000350,REQ-000351,Aprovuar,2026-08-23 10:00:00,REF-98483-09-01-2026
PRJ-000351,REQ-000352,Aprovuar,2026-08-08 08:00:00,REF-98537-09-02-2026
PRJ-000352,REQ-000353,Aprovuar,2026-08-23 08:00:00,REF-98539-09-02-2026
PRJ-000353,REQ-000354,Aprovuar,2026-08-29 16:00:00,REF-98456-09-01-2026
PRJ-000354,REQ-000355,Aprovuar,2026-08-18 11:30:00,REF-98592-09-02-2026
PRJ-000355,REQ-000356,Aprovuar,2026-08-20 09:00:00,REF-98584-09-02-2026
PRJ-000356,REQ-000357,Aprovuar,2026-08-27 00:00:00,REF-98608-09-02-2026
PRJ-000357,REQ-000358,Aprovuar,2026-08-24 14:00:00,REF-98570-09-02-2026
PRJ-000358,REQ-000359,Aprovuar,2026-08-29 08:00:00,REF-98578-09-02-2026
PRJ-000359,REQ-000360,Aprovuar,2026-08-05 14:00:00,REF-98533-09-02-2026
PRJ-000360,REQ-000361,Aprovuar,2026-08-09 08:00:00,REF-98604-09-02-2026
PRJ-000361,REQ-000362,Aprovuar,2026-08-26 12:00:00,REF-98586-09-02-2026
PRJ-000362,REQ-000363,Aprovuar,2026-08-28 13:00:00,REF-98545-09-02-2026
PRJ-000365,REQ-000366,Aprovuar,2026-08-09 10:00:00,REF-98492-09-01-2026
PRJ-000366,REQ-000367,Aprovuar,2026-08-18 08:00:00,REF-98439-09-01-2026
PRJ-000367,REQ-000368,Aprovuar,2026-08-07 10:00:00,REF-98370-09-01-2026
PRJ-000372,REQ-000373,Aprovuar,2026-08-20 12:00:00,REF-98461-09-01-2026
PRJ-000374,REQ-000375,Aprovuar,2026-08-21 11:00:00,REF-98468-09-01-2026
PRJ-000375,REQ-000376,Aprovuar,2026-08-17 10:00:00,REF-98450-09-01-2026
PRJ-000376,REQ-000377,Aprovuar,2026-08-19 09:00:00,REF-98371-09-01-2026
PRJ-000377,REQ-000378,Aprovuar,2026-08-19 13:00:00,REF-98428-09-01-2026
PRJ-000378,REQ-000379,Aprovuar,2026-08-14 08:30:00,REF-98402-09-01-2026
PRJ-000379,REQ-000380,Aprovuar,2026-08-24 08:00:00,REF-98392-09-01-2026
PRJ-000380,REQ-000381,Aprovuar,2026-08-17 08:00:00,REF-98381-09-01-2026
PRJ-000381,REQ-000382,Aprovuar,2026-08-12 08:00:00,REF-98388-09-01-2026
PRJ-000383,REQ-000384,Aprovuar,2026-08-24 10:00:00,REF-98358-09-01-2026
PRJ-000384,REQ-000385,Aprovuar,2026-08-22 09:00:00,REF-97000-08-21-2026
PRJ-000385,REQ-000386,Aprovuar,2026-08-21 16:30:00,REF-98469-09-01-2026
PRJ-000386,REQ-000387,Aprovuar,2026-08-10 08:00:00,REF-98471-09-01-2026
PRJ-000387,REQ-000388,Aprovuar,2026-08-09 09:00:00,REF-98432-09-01-2026
PRJ-000388,REQ-000389,Aprovuar,2026-08-21 08:00:00,REF-98506-09-01-2026
PRJ-000389,REQ-000390,Aprovuar,2026-08-16 08:00:00,REF-98504-09-01-2026
PRJ-000390,REQ-000391,Aprovuar,2026-08-07 08:00:00,REF-98508-09-01-2026
PRJ-000391,REQ-000392,Aprovuar,2026-08-05 11:30:00,REF-98473-09-01-2026
PRJ-000392,REQ-000393,Aprovuar,2026-08-15 09:00:00,REF-98476-09-01-2026
PRJ-000393,REQ-000394,Aprovuar,2026-08-20 10:00:00,REF-98487-09-01-2026
PRJ-000394,REQ-000395,Aprovuar,2026-08-05 09:00:00,REF-98433-09-01-2026
PRJ-000397,REQ-000398,Aprovuar,2026-08-09 08:00:00,REF-98384-09-01-2026
PRJ-000400,REQ-000401,Aprovuar,2026-08-20 00:00:00,REF-98211-08-31-2026
PRJ-000402,REQ-000403,Aprovuar,2026-08-22 11:30:00,REF-98301-08-31-2026
PRJ-000403,REQ-000404,Aprovuar,2026-08-23 10:00:00,REF-98354-08-31-2026
PRJ-000404,REQ-000405,Aprovuar,2026-08-08 09:00:00,REF-98345-08-31-2026
PRJ-000405,REQ-000406,Aprovuar,2026-08-25 08:00:00,REF-98191-08-31-2026
PRJ-000406,REQ-000407,Aprovuar,2026-08-17 10:00:00,REF-98055-08-31-2026
PRJ-000407,REQ-000408,Aprovuar,2026-08-03 10:00:00,REF-98053-08-31-2026
PRJ-000408,REQ-000409,Aprovuar,2026-08-16 08:30:00,REF-98304-08-31-2026
PRJ-000409,REQ-000410,Aprovuar,2026-08-23 13:00:00,REF-98255-08-31-2026
PRJ-000410,REQ-000411,Aprovuar,2026-08-15 13:00:00,REF-98212-08-31-2026
PRJ-000411,REQ-000412,Aprovuar,2026-08-03 13:00:00,REF-98243-08-31-2026
PRJ-000412,REQ-000413,Aprovuar,2026-08-25 08:30:00,REF-98311-08-31-2026
PRJ-000413,REQ-000414,Aprovuar,2026-08-20 10:00:00,REF-98293-08-31-2026
PRJ-000414,REQ-000415,Aprovuar,2026-08-26 09:00:00,REF-98251-08-31-2026
PRJ-000415,REQ-000416,Aprovuar,2026-08-08 08:30:00,REF-98330-08-31-2026
PRJ-000416,REQ-000417,Aprovuar,2026-08-17 08:00:00,REF-98278-08-31-2026
PRJ-000429,REQ-000430,Aprovuar,2026-08-07 08:00:00,REF-98040-08-28-2026
PRJ-000430,REQ-000431,Aprovuar,2026-08-06 00:00:00,REF-98038-08-28-2026
PRJ-000431,REQ-000432,Aprovuar,2026-08-13 11:00:00,REF-98013-08-28-2026
PRJ-000432,REQ-000433,Aprovuar,2026-08-08 12:00:00,REF-97972-08-28-2026
PRJ-000433,REQ-000434,Aprovuar,2026-08-14 11:00:00,REF-97973-08-28-2026
PRJ-000434,REQ-000435,Aprovuar,2026-08-17 08:00:00,REF-98009-08-28-2026
PRJ-000435,REQ-000436,Aprovuar,2026-08-08 15:30:00,REF-98043-08-28-2026
PRJ-000436,REQ-000437,Aprovuar,2026-08-17 08:00:00,REF-98032-08-28-2026
PRJ-000437,REQ-000438,Aprovuar,2026-08-04 08:00:00,REF-98022-08-28-2026
PRJ-000439,REQ-000440,Aprovuar,2026-08-15 09:00:00,REF-97951-08-28-2026
PRJ-000440,REQ-000441,Aprovuar,2026-08-03 10:00:00,REF-98030-08-28-2026
PRJ-000442,REQ-000443,Aprovuar,2026-08-17 11:00:00,REF-97998-08-28-2026
PRJ-000444,REQ-000445,Aprovuar,2026-08-19 11:00:00,REF-97990-08-28-2026
PRJ-000445,REQ-000446,Aprovuar,2026-08-18 11:00:00,REF-97993-08-28-2026
PRJ-000447,REQ-000448,Aprovuar,2026-08-22 08:00:00,REF-97976-08-28-2026
PRJ-000448,REQ-000449,Aprovuar,2026-08-05 08:30:00,REF-98044-08-28-2026
PRJ-000449,REQ-000450,Aprovuar,2026-08-10 09:00:00,REF-98029-08-28-2026
PRJ-000451,REQ-000452,Aprovuar,2026-08-15 10:00:00,REF-98008-08-28-2026
PRJ-000452,REQ-000453,Aprovuar,2026-08-15 12:00:00,REF-97978-08-28-2026
PRJ-000453,REQ-000454,Aprovuar,2026-08-21 09:00:00,REF-97948-08-28-2026
PRJ-000455,REQ-000456,Aprovuar,2026-08-15 10:00:00,REF-97899-08-27-2026
PRJ-000456,REQ-000457,Aprovuar,2026-08-15 10:00:00,REF-97885-08-27-2026
PRJ-000457,REQ-000458,Aprovuar,2026-07-31 12:30:00,REF-97853-08-27-2026
PRJ-000458,REQ-000459,Aprovuar,2026-08-13 09:00:00,REF-97267-08-25-2026
PRJ-000459,REQ-000460,Aprovuar,2026-08-21 14:30:00,REF-97891-08-27-2026
PRJ-000460,REQ-000461,Aprovuar,2026-08-12 12:00:00,REF-97889-08-27-2026
PRJ-000461,REQ-000462,Aprovuar,2026-08-12 08:00:00,REF-97884-08-27-2026
PRJ-000462,REQ-000463,Aprovuar,2026-07-31 11:00:00,REF-97883-08-27-2026
PRJ-000463,REQ-000464,Aprovuar,2026-08-10 09:30:00,REF-97881-08-27-2026
PRJ-000464,REQ-000465,Aprovuar,2026-08-03 10:00:00,REF-97873-08-27-2026
PRJ-000465,REQ-000466,Aprovuar,2026-08-19 08:00:00,REF-97849-08-27-2026
PRJ-000466,REQ-000467,Aprovuar,2026-08-09 10:00:00,REF-97725-08-26-2026
PRJ-000467,REQ-000468,Aprovuar,2026-08-13 09:00:00,REF-97434-08-26-2026
PRJ-000468,REQ-000469,Aprovuar,2026-07-31 09:00:00,REF-97448-08-26-2026
PRJ-000469,REQ-000470,Aprovuar,2026-08-12 10:00:00,REF-97941-08-27-2026
PRJ-000470,REQ-000471,Aprovuar,2026-08-07 09:00:00,REF-97937-08-27-2026
PRJ-000471,REQ-000472,Aprovuar,2026-08-15 10:00:00,REF-97856-08-27-2026
PRJ-000472,REQ-000473,Aprovuar,2026-07-30 10:00:00,REF-97859-08-27-2026
PRJ-000473,REQ-000474,Aprovuar,2026-08-05 10:00:00,REF-97861-08-27-2026
PRJ-000474,REQ-000475,Aprovuar,2026-07-30 10:00:00,REF-97854-08-27-2026
PRJ-000475,REQ-000476,Aprovuar,2026-07-30 10:00:00,REF-97864-08-27-2026
PRJ-000476,REQ-000477,Aprovuar,2026-08-21 08:30:00,REF-97840-08-27-2026
PRJ-000477,REQ-000478,Aprovuar,2026-08-06 08:30:00,REF-97831-08-27-2026
PRJ-000478,REQ-000479,Aprovuar,2026-08-18 08:30:00,REF-97837-08-27-2026
PRJ-000479,REQ-000480,Aprovuar,2026-08-15 08:00:00,REF-97819-08-27-2026
PRJ-000480,REQ-000481,Aprovuar,2026-08-09 09:00:00,REF-97904-08-27-2026
PRJ-000482,REQ-000483,Aprovuar,2026-07-30 09:00:00,REF-97910-08-27-2026
PRJ-000483,REQ-000484,Aprovuar,2026-08-09 09:00:00,REF-97912-08-27-2026
PRJ-000484,REQ-000485,Aprovuar,2026-08-11 09:00:00,REF-97914-08-27-2026
PRJ-000485,REQ-000486,Aprovuar,2026-08-05 09:00:00,REF-97917-08-27-2026
PRJ-000486,REQ-000487,Aprovuar,2026-08-20 09:00:00,REF-97919-08-27-2026
PRJ-000488,REQ-000489,Aprovuar,2026-08-16 09:00:00,REF-97924-08-27-2026
PRJ-000489,REQ-000490,Aprovuar,2026-08-13 09:00:00,REF-97927-08-27-2026
PRJ-000490,REQ-000491,Aprovuar,2026-08-21 09:00:00,REF-97901-08-27-2026
PRJ-000491,REQ-000492,Aprovuar,2026-08-10 09:00:00,REF-97930-08-27-2026
PRJ-000494,REQ-000495,Aprovuar,2026-08-21 10:00:00,REF-97936-08-27-2026
PRJ-000495,REQ-000496,Aprovuar,2026-08-03 10:00:00,REF-97934-08-27-2026
PRJ-000496,REQ-000497,Aprovuar,2026-08-01 10:00:00,REF-97916-08-27-2026
PRJ-000497,REQ-000498,Aprovuar,2026-08-14 10:00:00,REF-97932-08-27-2026
PRJ-000498,REQ-000499,Aprovuar,2026-08-12 09:00:00,REF-97909-08-27-2026
PRJ-000499,REQ-000500,Aprovuar,2026-08-10 08:00:00,REF-97878-08-27-2026
PRJ-000500,REQ-000501,Aprovuar,2026-08-03 08:00:00,REF-97784-08-27-2026
PRJ-000501,REQ-000502,Aprovuar,2026-08-05 08:00:00,REF-97790-08-27-2026
PRJ-000502,REQ-000503,Aprovuar,2026-08-06 08:00:00,REF-97786-08-27-2026
PRJ-000503,REQ-000504,Aprovuar,2026-08-16 08:00:00,REF-97782-08-27-2026
PRJ-000504,REQ-000505,Aprovuar,2026-07-30 08:00:00,REF-97778-08-27-2026
PRJ-000505,REQ-000506,Aprovuar,2026-08-06 08:00:00,REF-97793-08-27-2026
PRJ-000506,REQ-000507,Aprovuar,2026-08-02 08:30:00,REF-97900-08-27-2026
PRJ-000507,REQ-000508,Aprovuar,2026-08-14 08:00:00,REF-97865-08-27-2026
PRJ-000509,REQ-000510,Aprovuar,2026-08-03 09:00:00,REF-97277-08-25-2026
PRJ-000510,REQ-000511,Aprovuar,2026-08-16 09:00:00,REF-97718-08-26-2026
PRJ-000511,REQ-000512,Aprovuar,2026-08-03 14:30:00,REF-97704-08-26-2026
PRJ-000512,REQ-000513,Aprovuar,2026-08-07 08:00:00,REF-97683-08-26-2026
PRJ-000513,REQ-000514,Aprovuar,2026-08-02 08:00:00,REF-97429-08-26-2026
PRJ-000514,REQ-000515,Aprovuar,2026-08-01 09:00:00,REF-97698-08-26-2026
PRJ-000515,REQ-000516,Aprovuar,2026-08-21 09:00:00,REF-97695-08-26-2026
PRJ-000516,REQ-000517,Aprovuar,2026-07-31 09:00:00,REF-97693-08-26-2026
PRJ-000517,REQ-000518,Aprovuar,2026-08-17 09:00:00,REF-97636-08-26-2026
PRJ-000519,REQ-000520,Aprovuar,2026-08-20 09:00:00,REF-97431-08-26-2026
PRJ-000520,REQ-000521,Aprovuar,2026-08-07 10:00:00,REF-97488-08-26-2026
PRJ-000521,REQ-000522,Aprovuar,2026-08-19 12:00:00,REF-97696-08-26-2026
PRJ-000522,REQ-000523,Aprovuar,2026-08-18 08:30:00,REF-97705-08-26-2026
PRJ-000523,REQ-000524,Aprovuar,2026-08-02 08:30:00,REF-97711-08-26-2026
PRJ-000526,REQ-000527,Aprovuar,2026-08-10 14:00:00,REF-97715-08-26-2026
PRJ-000527,REQ-000528,Aprovuar,2026-08-12 10:00:00,REF-97717-08-26-2026
PRJ-000528,REQ-000529,Aprovuar,2026-08-11 10:00:00,REF-97749-08-26-2026
PRJ-000529,REQ-000530,Aprovuar,2026-08-05 10:00:00,REF-97225-08-25-2026
PRJ-000530,REQ-000531,Aprovuar,2026-08-22 10:00:00,REF-97680-08-26-2026
PRJ-000531,REQ-000532,Aprovuar,2026-08-05 08:00:00,REF-97713-08-26-2026
PRJ-000532,REQ-000533,Aprovuar,2026-08-04 08:00:00,REF-97560-08-26-2026
PRJ-000534,REQ-000535,Aprovuar,2026-08-03 08:00:00,REF-97606-08-26-2026
PRJ-000535,REQ-000536,Aprovuar,2026-08-03 08:00:00,REF-97600-08-26-2026
PRJ-000536,REQ-000537,Aprovuar,2026-08-08 08:00:00,REF-97595-08-26-2026
PRJ-000537,REQ-000538,Aprovuar,2026-08-21 08:00:00,REF-97578-08-26-2026
PRJ-000538,REQ-000539,Aprovuar,2026-08-19 08:00:00,REF-97590-08-26-2026
PRJ-000539,REQ-000540,Aprovuar,2026-08-04 10:00:00,REF-97710-08-26-2026
PRJ-000540,REQ-000541,Aprovuar,2026-08-20 10:00:00,REF-97703-08-26-2026
PRJ-000541,REQ-000542,Aprovuar,2026-08-14 10:00:00,REF-97708-08-26-2026
PRJ-000543,REQ-000544,Aprovuar,2026-08-02 09:00:00,REF-97418-08-26-2026
PRJ-000545,REQ-000546,Aprovuar,2026-08-15 10:00:00,REF-97479-08-26-2026
PRJ-000546,REQ-000547,Aprovuar,2026-08-05 08:00:00,REF-97535-08-26-2026
PRJ-000547,REQ-000548,Aprovuar,2026-08-03 08:00:00,REF-97655-08-26-2026
PRJ-000548,REQ-000549,Aprovuar,2026-08-11 10:00:00,REF-97668-08-26-2026
PRJ-000550,REQ-000551,Aprovuar,2026-08-18 09:00:00,REF-97706-08-26-2026
PRJ-000551,REQ-000552,Aprovuar,2026-08-16 08:00:00,REF-97723-08-26-2026
PRJ-000552,REQ-000553,Aprovuar,2026-08-16 08:00:00,REF-97714-08-26-2026
PRJ-000553,REQ-000554,Aprovuar,2026-08-15 08:00:00,REF-97720-08-26-2026
PRJ-000554,REQ-000555,Aprovuar,2026-08-13 08:00:00,REF-97775-08-26-2026
PRJ-000555,REQ-000556,Aprovuar,2026-08-07 08:30:00,REF-97737-08-26-2026
PRJ-000557,REQ-000558,Aprovuar,2026-08-09 10:00:00,REF-97379-08-25-2026
PRJ-000558,REQ-000559,Aprovuar,2026-08-10 08:00:00,REF-97395-08-25-2026
PRJ-000559,REQ-000560,Aprovuar,2026-08-07 09:00:00,REF-97369-08-25-2026
PRJ-000560,REQ-000561,Aprovuar,2026-08-19 11:00:00,REF-97362-08-25-2026
PRJ-000561,REQ-000562,Aprovuar,2026-07-31 08:00:00,REF-97310-08-25-2026
PRJ-000562,REQ-000563,Aprovuar,2026-07-30 08:00:00,REF-97293-08-25-2026
PRJ-000563,REQ-000564,Aprovuar,2026-08-15 08:00:00,REF-97308-08-25-2026
PRJ-000564,REQ-000565,Aprovuar,2026-08-13 11:00:00,REF-97301-08-25-2026
PRJ-000565,REQ-000566,Aprovuar,2026-08-17 10:00:00,REF-97289-08-25-2026
PRJ-000566,REQ-000567,Aprovuar,2026-08-20 08:30:00,REF-97219-08-25-2026
PRJ-000567,REQ-000568,Aprovuar,2026-08-01 10:00:00,REF-97215-08-25-2026
PRJ-000568,REQ-000569,Aprovuar,2026-08-18 11:00:00,REF-97408-08-25-2026
PRJ-000569,REQ-000570,Aprovuar,2026-08-16 08:00:00,REF-97396-08-25-2026
PRJ-000570,REQ-000571,Aprovuar,2026-08-15 10:00:00,REF-97394-08-25-2026
PRJ-000571,REQ-000572,Aprovuar,2026-08-15 10:00:00,REF-97390-08-25-2026
PRJ-000572,REQ-000573,Aprovuar,2026-08-12 10:00:00,REF-97385-08-25-2026
PRJ-000573,REQ-000574,Aprovuar,2026-08-12 10:00:00,REF-97388-08-25-2026
PRJ-000574,REQ-000575,Aprovuar,2026-08-01 08:30:00,REF-97286-08-25-2026
PRJ-000575,REQ-000576,Aprovuar,2026-08-03 08:30:00,REF-97283-08-25-2026
PRJ-000577,REQ-000578,Aprovuar,2026-08-05 08:30:00,REF-97266-08-25-2026
PRJ-000578,REQ-000579,Aprovuar,2026-08-11 08:30:00,REF-97273-08-25-2026
PRJ-000579,REQ-000580,Aprovuar,2026-08-15 12:00:00,REF-97322-08-25-2026
PRJ-000580,REQ-000581,Aprovuar,2026-08-19 12:00:00,REF-97325-08-25-2026
PRJ-000581,REQ-000582,Aprovuar,2026-08-16 12:00:00,REF-97327-08-25-2026
PRJ-000582,REQ-000583,Aprovuar,2026-08-08 12:00:00,REF-97330-08-25-2026
PRJ-000583,REQ-000584,Aprovuar,2026-08-19 12:00:00,REF-97333-08-25-2026
PRJ-000584,REQ-000585,Aprovuar,2026-08-09 12:00:00,REF-97335-08-25-2026
PRJ-000585,REQ-000586,Aprovuar,2026-08-06 12:00:00,REF-97338-08-25-2026
PRJ-000586,REQ-000587,Aprovuar,2026-08-02 12:00:00,REF-97340-08-25-2026
PRJ-000587,REQ-000588,Aprovuar,2026-07-31 12:00:00,REF-97342-08-25-2026
PRJ-000588,REQ-000589,Aprovuar,2026-08-08 12:00:00,REF-97344-08-25-2026
PRJ-000589,REQ-000590,Aprovuar,2026-08-06 12:00:00,REF-97347-08-25-2026
PRJ-000590,REQ-000591,Aprovuar,2026-08-19 12:00:00,REF-97349-08-25-2026
PRJ-000591,REQ-000592,Aprovuar,2026-08-17 12:00:00,REF-97351-08-25-2026
PRJ-000592,REQ-000593,Aprovuar,2026-08-17 12:00:00,REF-97353-08-25-2026
PRJ-000593,REQ-000594,Aprovuar,2026-08-09 12:00:00,REF-97355-08-25-2026
PRJ-000594,REQ-000595,Aprovuar,2026-08-12 12:00:00,REF-97357-08-25-2026
PRJ-000595,REQ-000596,Aprovuar,2026-08-15 12:00:00,REF-97317-08-25-2026
PRJ-000596,REQ-000597,Aprovuar,2026-08-08 12:00:00,REF-97359-08-25-2026
PRJ-000597,REQ-000598,Aprovuar,2026-07-28 09:30:00,REF-97233-08-25-2026
PRJ-000599,REQ-000600,Aprovuar,2026-08-13 12:00:00,REF-97406-08-25-2026
PRJ-000600,REQ-000601,Aprovuar,2026-07-28 12:00:00,REF-97401-08-25-2026
PRJ-000601,REQ-000602,Aprovuar,2026-07-31 12:00:00,REF-97403-08-25-2026
PRJ-000603,REQ-000604,Aprovuar,2026-08-02 08:30:00,REF-97409-08-25-2026
PRJ-000604,REQ-000605,Aprovuar,2026-08-16 08:30:00,REF-97411-08-25-2026
PRJ-000605,REQ-000606,Aprovuar,2026-07-29 14:00:00,REF-97315-08-25-2026
PRJ-000606,REQ-000607,Aprovuar,2026-08-13 09:00:00,REF-97311-08-25-2026
PRJ-000607,REQ-000608,Aprovuar,2026-07-31 09:00:00,REF-97336-08-25-2026
PRJ-000608,REQ-000609,Aprovuar,2026-07-29 09:00:00,REF-96909-08-21-2026
PRJ-000609,REQ-000610,Aprovuar,2026-08-15 09:00:00,REF-97230-08-25-2026
PRJ-000610,REQ-000611,Aprovuar,2026-07-30 08:00:00,REF-97265-08-25-2026
PRJ-000611,REQ-000612,Aprovuar,2026-08-02 09:00:00,REF-97218-08-25-2026
PRJ-000612,REQ-000613,Aprovuar,2026-08-10 08:00:00,REF-97305-08-25-2026
PRJ-000613,REQ-000614,Aprovuar,2026-07-29 08:00:00,REF-97383-08-25-2026
PRJ-000618,REQ-000619,Aprovuar,2026-08-19 12:00:00,REF-97077-08-24-2026
PRJ-000619,REQ-000620,Aprovuar,2026-07-29 10:00:00,REF-97097-08-24-2026
PRJ-000621,REQ-000622,Aprovuar,2026-08-16 10:00:00,REF-97126-08-24-2026
PRJ-000622,REQ-000623,Aprovuar,2026-08-18 08:00:00,REF-97058-08-24-2026
PRJ-000623,REQ-000624,Aprovuar,2026-08-02 10:00:00,REF-96911-08-21-2026
PRJ-000624,REQ-000625,Aprovuar,2026-08-10 10:00:00,REF-96980-08-21-2026
PRJ-000625,REQ-000626,Aprovuar,2026-07-28 09:00:00,REF-97179-08-24-2026
PRJ-000626,REQ-000627,Aprovuar,2026-08-16 09:00:00,REF-97175-08-24-2026
PRJ-000628,REQ-000629,Aprovuar,2026-08-03 10:00:00,REF-97014-08-24-2026
PRJ-000629,REQ-000630,Aprovuar,2026-07-29 10:00:00,REF-97035-08-24-2026
PRJ-000630,REQ-000631,Aprovuar,2026-08-02 08:00:00,REF-97195-08-24-2026
PRJ-000631,REQ-000632,Aprovuar,2026-08-18 08:00:00,REF-97186-08-24-2026
PRJ-000632,REQ-000633,Aprovuar,2026-08-12 08:00:00,REF-97190-08-24-2026
PRJ-000633,REQ-000634,Aprovuar,2026-08-17 10:00:00,REF-97171-08-24-2026
PRJ-000635,REQ-000636,Aprovuar,2026-08-07 08:30:00,REF-97165-08-24-2026
PRJ-000636,REQ-000637,Aprovuar,2026-08-19 08:00:00,REF-97166-08-24-2026
PRJ-000637,REQ-000638,Aprovuar,2026-08-02 09:30:00,REF-96908-08-21-2026
PRJ-000638,REQ-000639,Aprovuar,2026-08-07 10:30:00,REF-96907-08-21-2026
PRJ-000639,REQ-000640,Aprovuar,2026-08-08 10:00:00,REF-97194-08-24-2026
PRJ-000640,REQ-000641,Aprovuar,2026-08-08 09:30:00,REF-97116-08-24-2026
PRJ-000641,REQ-000642,Aprovuar,2026-08-02 09:00:00,REF-93611-07-16-2026
PRJ-000642,REQ-000643,Aprovuar,2026-08-08 09:00:00,REF-96686-08-19-2026
PRJ-000643,REQ-000644,Aprovuar,2026-08-09 12:00:00,REF-97172-08-24-2026
PRJ-000650,REQ-000651,Aprovuar,2026-08-01 14:00:00,REF-96924-08-21-2026
PRJ-000651,REQ-000652,Aprovuar,2026-08-16 10:00:00,REF-96921-08-21-2026
PRJ-000652,REQ-000653,Aprovuar,2026-08-10 10:00:00,REF-96889-08-21-2026
PRJ-000653,REQ-000654,Aprovuar,2026-08-16 09:30:00,REF-96874-08-21-2026
PRJ-000654,REQ-000655,Aprovuar,2026-08-16 11:00:00,REF-96904-08-21-2026
PRJ-000655,REQ-000656,Aprovuar,2026-07-30 11:00:00,REF-96898-08-21-2026
PRJ-000657,REQ-000658,Aprovuar,2026-07-26 10:00:00,REF-96967-08-21-2026
PRJ-000658,REQ-000659,Aprovuar,2026-08-04 10:00:00,REF-96872-08-21-2026
PRJ-000659,REQ-000660,Aprovuar,2026-08-14 08:00:00,REF-96997-08-21-2026
PRJ-000660,REQ-000661,Aprovuar,2026-08-12 08:00:00,REF-96995-08-21-2026
PRJ-000661,REQ-000662,Aprovuar,2026-07-26 08:00:00,REF-96993-08-21-2026
PRJ-000662,REQ-000663,Aprovuar,2026-08-13 08:00:00,REF-96991-08-21-2026
PRJ-000663,REQ-000664,Aprovuar,2026-08-05 08:00:00,REF-96988-08-21-2026
PRJ-000664,REQ-000665,Aprovuar,2026-08-09 08:00:00,REF-96986-08-21-2026
PRJ-000665,REQ-000666,Aprovuar,2026-08-11 08:00:00,REF-96979-08-21-2026
PRJ-000666,REQ-000667,Aprovuar,2026-08-18 08:00:00,REF-96984-08-21-2026
PRJ-000667,REQ-000668,Aprovuar,2026-08-15 09:00:00,REF-96975-08-21-2026
PRJ-000668,REQ-000669,Aprovuar,2026-08-13 09:00:00,REF-96973-08-21-2026
PRJ-000669,REQ-000670,Aprovuar,2026-08-19 09:00:00,REF-96978-08-21-2026
PRJ-000671,REQ-000672,Aprovuar,2026-08-03 10:00:00,REF-96923-08-21-2026
PRJ-000672,REQ-000673,Aprovuar,2026-08-04 10:00:00,REF-96983-08-21-2026
PRJ-000673,REQ-000674,Aprovuar,2026-08-06 08:00:00,REF-96920-08-21-2026
PRJ-000674,REQ-000675,Aprovuar,2026-08-16 10:00:00,REF-96896-08-21-2026
PRJ-000675,REQ-000676,Aprovuar,2026-08-06 10:00:00,REF-96915-08-21-2026
PRJ-000676,REQ-000677,Aprovuar,2026-08-01 08:00:00,REF-96868-08-21-2026
PRJ-000677,REQ-000678,Aprovuar,2026-08-07 11:00:00,REF-96999-08-21-2026
PRJ-000678,REQ-000679,Aprovuar,2026-08-06 11:00:00,REF-96873-08-21-2026
PRJ-000681,REQ-000682,Aprovuar,2026-08-15 11:00:00,REF-96822-08-20-2026
PRJ-000682,REQ-000683,Aprovuar,2026-07-30 00:00:00,REF-96823-08-20-2026
PRJ-000683,REQ-000684,Aprovuar,2026-08-06 08:30:00,REF-96817-08-20-2026
PRJ-000684,REQ-000685,Aprovuar,2026-07-24 11:00:00,REF-96761-08-20-2026
PRJ-000685,REQ-000686,Aprovuar,2026-08-16 09:00:00,REF-96850-08-20-2026
PRJ-000686,REQ-000687,Aprovuar,2026-08-16 08:00:00,REF-96830-08-20-2026
PRJ-000687,REQ-000688,Aprovuar,2026-07-25 10:00:00,REF-96813-08-20-2026
PRJ-000688,REQ-000689,Aprovuar,2026-08-15 10:00:00,REF-96759-08-20-2026
PRJ-000689,REQ-000690,Aprovuar,2026-08-01 08:00:00,REF-96782-08-20-2026
PRJ-000690,REQ-000691,Aprovuar,2026-08-13 08:30:00,REF-96748-08-20-2026
PRJ-000691,REQ-000692,Aprovuar,2026-08-03 10:00:00,REF-96854-08-20-2026
PRJ-000693,REQ-000694,Aprovuar,2026-08-13 08:00:00,REF-96846-08-20-2026
PRJ-000694,REQ-000695,Aprovuar,2026-08-05 08:00:00,REF-96845-08-20-2026
PRJ-000695,REQ-000696,Aprovuar,2026-08-11 08:00:00,REF-96809-08-20-2026
PRJ-000696,REQ-000697,Aprovuar,2026-07-26 11:00:00,REF-96811-08-20-2026
PRJ-000697,REQ-000698,Aprovuar,2026-07-24 12:00:00,REF-96768-08-20-2026
PRJ-000698,REQ-000699,Aprovuar,2026-07-23 08:00:00,REF-96840-08-20-2026
PRJ-000699,REQ-000700,Aprovuar,2026-08-09 08:00:00,REF-96838-08-20-2026
PRJ-000700,REQ-000701,Aprovuar,2026-08-13 08:00:00,REF-96833-08-20-2026
PRJ-000701,REQ-000702,Aprovuar,2026-07-29 08:00:00,REF-96836-08-20-2026
PRJ-000702,REQ-000703,Aprovuar,2026-07-27 09:00:00,REF-96797-08-20-2026
PRJ-000703,REQ-000704,Aprovuar,2026-08-04 09:00:00,REF-96795-08-20-2026
PRJ-000704,REQ-000705,Aprovuar,2026-08-03 09:00:00,REF-96791-08-20-2026
PRJ-000705,REQ-000706,Aprovuar,2026-07-30 09:00:00,REF-96793-08-20-2026
PRJ-000707,REQ-000708,Aprovuar,2026-08-07 12:00:00,REF-96765-08-20-2026
PRJ-000708,REQ-000709,Aprovuar,2026-08-08 10:00:00,REF-96739-08-19-2026
PRJ-000709,REQ-000710,Aprovuar,2026-08-16 09:00:00,REF-96790-08-20-2026
PRJ-000710,REQ-000711,Aprovuar,2026-08-13 09:00:00,REF-96786-08-20-2026
PRJ-000711,REQ-000712,Aprovuar,2026-07-26 09:00:00,REF-96784-08-20-2026
PRJ-000712,REQ-000713,Aprovuar,2026-07-27 09:00:00,REF-96751-08-20-2026
PRJ-000713,REQ-000714,Aprovuar,2026-08-10 09:00:00,REF-96757-08-20-2026
PRJ-000714,REQ-000715,Aprovuar,2026-08-04 10:00:00,REF-96810-08-20-2026
PRJ-000715,REQ-000716,Aprovuar,2026-07-29 10:00:00,REF-96799-08-20-2026
PRJ-000716,REQ-000717,Aprovuar,2026-08-03 10:00:00,REF-96851-08-20-2026
PRJ-000717,REQ-000718,Aprovuar,2026-08-12 12:00:00,REF-96852-08-20-2026
PRJ-000718,REQ-000719,Aprovuar,2026-08-04 08:00:00,REF-96798-08-20-2026
PRJ-000719,REQ-000720,Aprovuar,2026-08-09 08:00:00,REF-96824-08-20-2026
PRJ-000720,REQ-000721,Aprovuar,2026-08-10 10:00:00,REF-96804-08-20-2026
PRJ-000723,REQ-000724,Aprovuar,2026-08-03 10:00:00,REF-96723-08-19-2026
PRJ-000724,REQ-000725,Aprovuar,2026-08-03 11:00:00,REF-96689-08-19-2026
PRJ-000725,REQ-000726,Aprovuar,2026-08-09 08:00:00,REF-96683-08-19-2026
PRJ-000726,REQ-000727,Aprovuar,2026-08-02 10:30:00,REF-96679-08-19-2026
PRJ-000727,REQ-000728,Aprovuar,2026-08-05 10:30:00,REF-96678-08-19-2026
PRJ-000728,REQ-000729,Aprovuar,2026-08-04 11:00:00,REF-96730-08-19-2026
PRJ-000729,REQ-000730,Aprovuar,2026-08-03 08:30:00,REF-96738-08-19-2026
PRJ-000730,REQ-000731,Aprovuar,2026-08-04 08:30:00,REF-96734-08-19-2026
PRJ-000731,REQ-000732,Aprovuar,2026-08-14 08:30:00,REF-96736-08-19-2026
PRJ-000732,REQ-000733,Aprovuar,2026-08-05 09:00:00,REF-96660-08-19-2026
PRJ-000733,REQ-000734,Aprovuar,2026-08-02 09:00:00,REF-96651-08-19-2026
PRJ-000734,REQ-000735,Aprovuar,2026-08-07 09:00:00,REF-96662-08-19-2026
PRJ-000735,REQ-000736,Aprovuar,2026-08-10 09:00:00,REF-96653-08-19-2026
PRJ-000736,REQ-000737,Aprovuar,2026-07-29 08:00:00,REF-96656-08-19-2026
PRJ-000737,REQ-000738,Aprovuar,2026-08-02 08:00:00,REF-96648-08-19-2026
PRJ-000738,REQ-000739,Aprovuar,2026-08-15 08:30:00,REF-96640-08-19-2026
PRJ-000739,REQ-000740,Aprovuar,2026-08-15 08:00:00,REF-96641-08-19-2026
PRJ-000740,REQ-000741,Aprovuar,2026-08-07 11:00:00,REF-96740-08-19-2026
PRJ-000741,REQ-000742,Aprovuar,2026-08-05 10:00:00,REF-96732-08-19-2026
PRJ-000742,REQ-000743,Aprovuar,2026-08-07 14:00:00,REF-96717-08-19-2026
PRJ-000743,REQ-000744,Aprovuar,2026-07-22 10:00:00,REF-96647-08-19-2026
PRJ-000744,REQ-000745,Aprovuar,2026-08-02 10:00:00,REF-96731-08-19-2026
PRJ-000746,REQ-000747,Aprovuar,2026-07-25 09:00:00,REF-96724-08-19-2026
PRJ-000747,REQ-000748,Aprovuar,2026-07-27 09:00:00,REF-96684-08-19-2026
PRJ-000748,REQ-000749,Aprovuar,2026-07-23 10:00:00,REF-96674-08-19-2026
PRJ-000749,REQ-000750,Aprovuar,2026-07-26 08:00:00,REF-96604-08-18-2026
PRJ-000750,REQ-000751,Aprovuar,2026-08-14 11:00:00,REF-96590-08-18-2026
PRJ-000751,REQ-000752,Aprovuar,2026-07-30 08:00:00,REF-96581-08-18-2026
PRJ-000752,REQ-000753,Aprovuar,2026-07-24 12:00:00,REF-96527-08-18-2026
PRJ-000753,REQ-000754,Aprovuar,2026-07-21 08:00:00,REF-96617-08-18-2026
PRJ-000754,REQ-000755,Aprovuar,2026-08-10 10:00:00,REF-96551-08-18-2026
PRJ-000755,REQ-000756,Aprovuar,2026-07-27 10:00:00,REF-96592-08-18-2026
PRJ-000756,REQ-000757,Aprovuar,2026-08-03 08:00:00,REF-96585-08-18-2026
PRJ-000757,REQ-000758,Aprovuar,2026-07-31 10:00:00,REF-96583-08-18-2026
PRJ-000758,REQ-000759,Aprovuar,2026-08-08 12:00:00,REF-96475-08-18-2026
PRJ-000759,REQ-000760,Aprovuar,2026-07-21 11:00:00,REF-96501-08-18-2026
PRJ-000760,REQ-000761,Aprovuar,2026-08-09 10:00:00,REF-96488-08-18-2026
PRJ-000761,REQ-000762,Aprovuar,2026-08-11 09:00:00,REF-96634-08-19-2026
PRJ-000762,REQ-000763,Aprovuar,2026-08-05 08:00:00,REF-96560-08-18-2026
PRJ-000763,REQ-000764,Aprovuar,2026-08-10 10:00:00,REF-96424-08-17-2026
PRJ-000764,REQ-000765,Aprovuar,2026-08-07 08:00:00,REF-96603-08-18-2026
PRJ-000765,REQ-000766,Aprovuar,2026-07-23 08:00:00,REF-96499-08-18-2026
PRJ-000766,REQ-000767,Aprovuar,2026-07-31 08:30:00,REF-96529-08-18-2026
PRJ-000767,REQ-000768,Aprovuar,2026-08-11 08:30:00,REF-96531-08-18-2026
PRJ-000768,REQ-000769,Aprovuar,2026-08-03 08:30:00,REF-96533-08-18-2026
PRJ-000769,REQ-000770,Aprovuar,2026-07-22 08:30:00,REF-96536-08-18-2026
PRJ-000770,REQ-000771,Aprovuar,2026-08-06 08:30:00,REF-96538-08-18-2026
PRJ-000771,REQ-000772,Aprovuar,2026-07-27 08:30:00,REF-96540-08-18-2026
PRJ-000772,REQ-000773,Aprovuar,2026-07-24 08:30:00,REF-96542-08-18-2026
PRJ-000773,REQ-000774,Aprovuar,2026-07-29 08:30:00,REF-96544-08-18-2026
PRJ-000774,REQ-000775,Aprovuar,2026-08-12 08:30:00,REF-96546-08-18-2026
PRJ-000775,REQ-000776,Aprovuar,2026-07-24 08:30:00,REF-96548-08-18-2026
PRJ-000776,REQ-000777,Aprovuar,2026-08-05 08:30:00,REF-96550-08-18-2026
PRJ-000777,REQ-000778,Aprovuar,2026-08-13 08:30:00,REF-96553-08-18-2026
PRJ-000778,REQ-000779,Aprovuar,2026-08-05 08:30:00,REF-96555-08-18-2026
PRJ-000779,REQ-000780,Aprovuar,2026-07-30 08:30:00,REF-96557-08-18-2026
PRJ-000780,REQ-000781,Aprovuar,2026-08-01 08:30:00,REF-96559-08-18-2026
PRJ-000781,REQ-000782,Aprovuar,2026-07-31 08:30:00,REF-96562-08-18-2026
PRJ-000782,REQ-000783,Aprovuar,2026-07-23 08:30:00,REF-96564-08-18-2026
PRJ-000783,REQ-000784,Aprovuar,2026-08-01 08:30:00,REF-96566-08-18-2026
PRJ-000784,REQ-000785,Aprovuar,2026-08-11 08:30:00,REF-96568-08-18-2026
PRJ-000785,REQ-000786,Aprovuar,2026-07-27 08:30:00,REF-96570-08-18-2026
PRJ-000786,REQ-000787,Aprovuar,2026-07-30 08:30:00,REF-96572-08-18-2026
PRJ-000787,REQ-000788,Aprovuar,2026-07-24 08:30:00,REF-96574-08-18-2026
PRJ-000788,REQ-000789,Aprovuar,2026-08-09 08:30:00,REF-96525-08-18-2026
PRJ-000789,REQ-000790,Aprovuar,2026-08-04 08:30:00,REF-96576-08-18-2026
PRJ-000790,REQ-000791,Aprovuar,2026-07-28 12:00:00,REF-96526-08-18-2026
PRJ-000791,REQ-000792,Aprovuar,2026-08-12 08:00:00,REF-96632-08-18-2026
PRJ-000792,REQ-000793,Aprovuar,2026-08-10 08:00:00,REF-96626-08-18-2026
PRJ-000793,REQ-000794,Aprovuar,2026-07-30 08:00:00,REF-96523-08-18-2026
PRJ-000794,REQ-000795,Aprovuar,2026-07-30 08:30:00,REF-96615-08-18-2026
PRJ-000795,REQ-000796,Aprovuar,2026-07-21 12:00:00,REF-96597-08-18-2026
PRJ-000796,REQ-000797,Aprovuar,2026-08-08 08:00:00,REF-96522-08-18-2026
PRJ-000797,REQ-000798,Aprovuar,2026-07-26 09:00:00,REF-96518-08-18-2026
PRJ-000798,REQ-000799,Aprovuar,2026-07-30 13:00:00,REF-96466-08-18-2026
PRJ-000799,REQ-000800,Aprovuar,2026-08-10 10:00:00,REF-96458-08-17-2026
PRJ-000800,REQ-000801,Aprovuar,2026-08-10 10:00:00,REF-96614-08-18-2026
PRJ-000801,REQ-000802,Aprovuar,2026-07-23 10:00:00,REF-96612-08-18-2026
PRJ-000802,REQ-000803,Aprovuar,2026-08-07 10:00:00,REF-96605-08-18-2026
PRJ-000803,REQ-000804,Aprovuar,2026-07-31 10:00:00,REF-96610-08-18-2026
PRJ-000804,REQ-000805,Aprovuar,2026-08-05 08:00:00,REF-96515-08-18-2026
PRJ-000805,REQ-000806,Aprovuar,2026-08-09 10:00:00,REF-96486-08-18-2026
PRJ-000806,REQ-000807,Aprovuar,2026-07-29 10:00:00,REF-96484-08-18-2026
PRJ-000807,REQ-000808,Aprovuar,2026-08-07 10:00:00,REF-96481-08-18-2026
PRJ-000808,REQ-000809,Aprovuar,2026-08-13 10:00:00,REF-96472-08-18-2026
PRJ-000809,REQ-000810,Aprovuar,2026-08-09 10:00:00,REF-96474-08-18-2026
PRJ-000810,REQ-000811,Aprovuar,2026-07-26 08:00:00,REF-96587-08-18-2026
PRJ-000814,REQ-000815,Aprovuar,2026-08-12 12:00:00,REF-96451-08-17-2026
PRJ-000815,REQ-000816,Aprovuar,2026-07-28 11:00:00,REF-96447-08-17-2026
PRJ-000816,REQ-000817,Aprovuar,2026-08-03 10:00:00,REF-96227-08-13-2026
PRJ-000817,REQ-000818,Aprovuar,2026-08-02 10:00:00,REF-96226-08-13-2026
PRJ-000818,REQ-000819,Aprovuar,2026-08-07 10:00:00,REF-96376-08-17-2026
PRJ-000819,REQ-000820,Aprovuar,2026-07-30 10:00:00,REF-96455-08-17-2026
PRJ-000820,REQ-000821,Aprovuar,2026-08-11 10:00:00,REF-96425-08-17-2026
PRJ-000821,REQ-000822,Aprovuar,2026-07-25 08:00:00,REF-96440-08-17-2026
PRJ-000822,REQ-000823,Aprovuar,2026-07-23 10:00:00,REF-96413-08-17-2026
PRJ-000823,REQ-000824,Aprovuar,2026-07-30 11:00:00,REF-96396-08-17-2026
PRJ-000824,REQ-000825,Aprovuar,2026-07-20 08:00:00,REF-96382-08-17-2026
PRJ-000825,REQ-000826,Aprovuar,2026-07-30 08:00:00,REF-96368-08-17-2026
PRJ-000826,REQ-000827,Aprovuar,2026-07-22 11:00:00,REF-96362-08-17-2026
PRJ-000827,REQ-000828,Aprovuar,2026-07-23 12:30:00,REF-96438-08-17-2026
PRJ-000828,REQ-000829,Aprovuar,2026-07-22 08:00:00,REF-96354-08-17-2026
PRJ-000829,REQ-000830,Aprovuar,2026-07-22 11:00:00,REF-96450-08-17-2026
PRJ-000830,REQ-000831,Aprovuar,2026-08-12 09:30:00,REF-96431-08-17-2026
PRJ-000831,REQ-000832,Aprovuar,2026-07-24 10:00:00,REF-96412-08-17-2026
PRJ-000832,REQ-000833,Aprovuar,2026-08-11 08:00:00,REF-96345-08-17-2026
PRJ-000833,REQ-000834,Aprovuar,2026-08-07 08:00:00,REF-96342-08-17-2026
PRJ-000834,REQ-000835,Aprovuar,2026-07-23 08:00:00,REF-96340-08-17-2026
PRJ-000835,REQ-000836,Aprovuar,2026-08-09 08:00:00,REF-96338-08-17-2026
PRJ-000836,REQ-000837,Aprovuar,2026-08-03 08:00:00,REF-96334-08-17-2026
PRJ-000837,REQ-000838,Aprovuar,2026-08-01 08:00:00,REF-96332-08-17-2026
PRJ-000838,REQ-000839,Aprovuar,2026-08-05 08:00:00,REF-96328-08-17-2026
PRJ-000839,REQ-000840,Aprovuar,2026-07-30 08:00:00,REF-96330-08-17-2026
PRJ-000841,REQ-000842,Aprovuar,2026-07-28 08:00:00,REF-96464-08-17-2026
PRJ-000842,REQ-000843,Aprovuar,2026-07-31 08:00:00,REF-96460-08-17-2026
PRJ-000843,REQ-000844,Aprovuar,2026-07-20 08:00:00,REF-96462-08-17-2026
PRJ-000844,REQ-000845,Aprovuar,2026-08-08 10:00:00,REF-96427-08-17-2026
PRJ-000846,REQ-000847,Aprovuar,2026-07-30 12:00:00,REF-96434-08-17-2026
PRJ-000848,REQ-000849,Aprovuar,2026-07-26 12:00:00,REF-96429-08-17-2026
PRJ-000849,REQ-000850,Aprovuar,2026-08-12 13:00:00,REF-96420-08-17-2026
PRJ-000850,REQ-000851,Aprovuar,2026-08-04 10:30:00,REF-96379-08-17-2026
PRJ-000851,REQ-000852,Aprovuar,2026-07-24 08:00:00,REF-96348-08-17-2026
PRJ-000855,REQ-000856,Aprovuar,2026-07-20 10:00:00,REF-96225-08-13-2026
PRJ-000857,REQ-000858,Aprovuar,2026-08-07 08:00:00,REF-96289-08-14-2026
PRJ-000858,REQ-000859,Aprovuar,2026-08-12 08:00:00,REF-96294-08-14-2026
PRJ-000860,REQ-000861,Aprovuar,2026-08-06 08:00:00,REF-96288-08-14-2026
PRJ-000861,REQ-000862,Aprovuar,2026-07-20 08:00:00,REF-96314-08-14-2026
PRJ-000863,REQ-000864,Aprovuar,2026-08-02 11:00:00,REF-96254-08-14-2026
PRJ-000864,REQ-000865,Aprovuar,2026-08-03 08:00:00,REF-96287-08-14-2026
PRJ-000866,REQ-000867,Aprovuar,2026-07-29 10:00:00,REF-96269-08-14-2026
PRJ-000867,REQ-000868,Aprovuar,2026-07-21 08:00:00,REF-96313-08-14-2026
PRJ-000868,REQ-000869,Aprovuar,2026-07-21 08:00:00,REF-96262-08-14-2026
PRJ-000869,REQ-000870,Aprovuar,2026-07-28 08:00:00,REF-96263-08-14-2026
PRJ-000871,REQ-000872,Aprovuar,2026-08-08 10:00:00,REF-96255-08-14-2026
PRJ-000874,REQ-000875,Aprovuar,2026-08-12 09:00:00,REF-96305-08-14-2026
PRJ-000875,REQ-000876,Aprovuar,2026-08-03 08:00:00,REF-96316-08-15-2026
PRJ-000876,REQ-000877,Aprovuar,2026-07-30 11:00:00,REF-96297-08-14-2026
PRJ-000877,REQ-000878,Aprovuar,2026-07-25 09:00:00,REF-96241-08-14-2026
PRJ-000878,REQ-000879,Aprovuar,2026-07-19 10:00:00,REF-96302-08-14-2026
PRJ-000879,REQ-000880,Aprovuar,2026-07-22 10:00:00,REF-96298-08-14-2026
PRJ-000880,REQ-000881,Aprovuar,2026-08-10 10:00:00,REF-96300-08-14-2026
PRJ-000881,REQ-000882,Aprovuar,2026-08-04 10:00:00,REF-96260-08-14-2026
PRJ-000882,REQ-000883,Aprovuar,2026-07-19 10:00:00,REF-96249-08-14-2026
PRJ-000883,REQ-000884,Aprovuar,2026-07-22 09:00:00,REF-96156-08-13-2026
PRJ-000884,REQ-000885,Aprovuar,2026-07-25 15:30:00,REF-96157-08-13-2026
PRJ-000885,REQ-000886,Aprovuar,2026-08-06 14:00:00,REF-96133-08-13-2026
PRJ-000886,REQ-000887,Aprovuar,2026-07-22 14:00:00,REF-96127-08-13-2026
PRJ-000888,REQ-000889,Aprovuar,2026-07-19 12:00:00,REF-96077-08-13-2026
PRJ-000889,REQ-000890,Aprovuar,2026-07-19 08:30:00,REF-96153-08-13-2026
PRJ-000890,REQ-000891,Aprovuar,2026-07-28 08:30:00,REF-96150-08-13-2026
PRJ-000891,REQ-000892,Aprovuar,2026-07-26 08:30:00,REF-96144-08-13-2026
PRJ-000892,REQ-000893,Aprovuar,2026-07-27 08:30:00,REF-96147-08-13-2026
PRJ-000893,REQ-000894,Aprovuar,2026-07-25 09:00:00,REF-96121-08-13-2026
PRJ-000894,REQ-000895,Aprovuar,2026-08-01 11:30:00,REF-96066-08-13-2026
PRJ-000895,REQ-000896,Aprovuar,2026-07-28 08:00:00,REF-96233-08-13-2026
PRJ-000896,REQ-000897,Aprovuar,2026-07-28 08:30:00,REF-96170-08-13-2026
PRJ-000897,REQ-000898,Aprovuar,2026-07-20 09:00:00,REF-96097-08-13-2026
PRJ-000898,REQ-000899,Aprovuar,2026-07-17 08:00:00,REF-96193-08-13-2026
PRJ-000899,REQ-000900,Aprovuar,2026-07-26 08:00:00,REF-96198-08-13-2026
PRJ-000900,REQ-000901,Aprovuar,2026-08-01 08:00:00,REF-96202-08-13-2026
PRJ-000901,REQ-000902,Aprovuar,2026-07-20 08:00:00,REF-96200-08-13-2026
PRJ-000902,REQ-000903,Aprovuar,2026-08-05 08:00:00,REF-96204-08-13-2026
PRJ-000903,REQ-000904,Aprovuar,2026-08-05 08:00:00,REF-96206-08-13-2026
PRJ-000904,REQ-000905,Aprovuar,2026-07-26 08:00:00,REF-96208-08-13-2026
PRJ-000905,REQ-000906,Aprovuar,2026-07-18 08:00:00,REF-96210-08-13-2026
PRJ-000906,REQ-000907,Aprovuar,2026-07-24 08:00:00,REF-96212-08-13-2026
PRJ-000907,REQ-000908,Aprovuar,2026-07-30 08:00:00,REF-96214-08-13-2026
PRJ-000908,REQ-000909,Aprovuar,2026-07-29 08:00:00,REF-96191-08-13-2026
PRJ-000909,REQ-000910,Aprovuar,2026-07-26 08:00:00,REF-96216-08-13-2026
PRJ-000910,REQ-000911,Aprovuar,2026-07-18 08:00:00,REF-96218-08-13-2026
PRJ-000911,REQ-000912,Aprovuar,2026-07-26 08:00:00,REF-96195-08-13-2026
PRJ-000912,REQ-000913,Aprovuar,2026-07-29 08:00:00,REF-96189-08-13-2026
PRJ-000913,REQ-000914,Aprovuar,2026-07-31 08:00:00,REF-96187-08-13-2026
PRJ-000914,REQ-000915,Aprovuar,2026-07-28 08:00:00,REF-96185-08-13-2026
PRJ-000915,REQ-000916,Aprovuar,2026-07-22 08:00:00,REF-96183-08-13-2026
PRJ-000916,REQ-000917,Aprovuar,2026-07-19 08:00:00,REF-96181-08-13-2026
PRJ-000917,REQ-000918,Aprovuar,2026-08-02 08:00:00,REF-96179-08-13-2026
PRJ-000918,REQ-000919,Aprovuar,2026-07-28 08:00:00,REF-96177-08-13-2026
PRJ-000919,REQ-000920,Aprovuar,2026-08-08 08:00:00,REF-96175-08-13-2026
PRJ-000920,REQ-000921,Aprovuar,2026-08-05 08:00:00,REF-96148-08-13-2026
PRJ-000921,REQ-000922,Aprovuar,2026-07-19 08:00:00,REF-96173-08-13-2026
PRJ-000922,REQ-000923,Aprovuar,2026-07-31 09:00:00,REF-96136-08-13-2026
PRJ-000923,REQ-000924,Aprovuar,2026-07-29 08:00:00,REF-96099-08-13-2026
PRJ-000924,REQ-000925,Aprovuar,2026-07-20 11:00:00,REF-96141-08-13-2026
PRJ-000925,REQ-000926,Aprovuar,2026-07-19 10:00:00,REF-96122-08-13-2026
PRJ-000927,REQ-000928,Aprovuar,2026-08-09 08:00:00,REF-96110-08-13-2026
PRJ-000930,REQ-000931,Aprovuar,2026-07-30 09:00:00,REF-95205-08-03-2026
PRJ-000931,REQ-000932,Aprovuar,2026-07-21 11:00:00,REF-96221-08-13-2026
PRJ-000932,REQ-000933,Aprovuar,2026-07-18 09:00:00,REF-96219-08-13-2026
PRJ-000934,REQ-000935,Aprovuar,2026-08-01 09:00:00,REF-96169-08-13-2026
PRJ-000935,REQ-000936,Aprovuar,2026-08-05 09:00:00,REF-96167-08-13-2026
PRJ-000936,REQ-000937,Aprovuar,2026-07-26 09:00:00,REF-96161-08-13-2026
PRJ-000937,REQ-000938,Aprovuar,2026-08-05 09:00:00,REF-96163-08-13-2026
PRJ-000938,REQ-000939,Aprovuar,2026-07-21 10:00:00,REF-96171-08-13-2026
PRJ-000939,REQ-000940,Aprovuar,2026-07-17 08:00:00,REF-96138-08-13-2026
PRJ-000940,REQ-000941,Aprovuar,2026-08-06 11:00:00,REF-95915-08-11-2026
PRJ-000941,REQ-000942,Aprovuar,2026-07-17 12:00:00,REF-96033-08-12-2026
PRJ-000943,REQ-000944,Aprovuar,2026-07-17 08:00:00,REF-95762-08-10-2026
PRJ-000944,REQ-000945,Aprovuar,2026-08-07 10:00:00,REF-95936-08-12-2026
PRJ-000945,REQ-000946,Aprovuar,2026-07-23 08:30:00,REF-96031-08-12-2026
PRJ-000946,REQ-000947,Aprovuar,2026-08-04 12:00:00,REF-96029-08-12-2026
PRJ-000947,REQ-000948,Aprovuar,2026-08-07 08:30:00,REF-96030-08-12-2026
PRJ-000948,REQ-000949,Aprovuar,2026-07-23 10:00:00,REF-95996-08-12-2026
PRJ-000949,REQ-000950,Aprovuar,2026-08-05 12:00:00,REF-95990-08-12-2026
PRJ-000950,REQ-000951,Aprovuar,2026-08-01 10:00:00,REF-95993-08-12-2026
PRJ-000951,REQ-000952,Aprovuar,2026-07-22 11:00:00,REF-96001-08-12-2026
PRJ-000952,REQ-000953,Aprovuar,2026-07-26 11:00:00,REF-95994-08-12-2026
PRJ-000953,REQ-000954,Aprovuar,2026-08-03 11:00:00,REF-95998-08-12-2026
PRJ-000954,REQ-000955,Aprovuar,2026-07-26 10:00:00,REF-95992-08-12-2026
PRJ-000955,REQ-000956,Aprovuar,2026-07-21 08:00:00,REF-95975-08-12-2026
PRJ-000956,REQ-000957,Aprovuar,2026-07-24 08:00:00,REF-95933-08-12-2026
PRJ-000957,REQ-000958,Aprovuar,2026-07-31 08:00:00,REF-96008-08-12-2026
PRJ-000958,REQ-000959,Aprovuar,2026-08-03 08:00:00,REF-95995-08-12-2026
PRJ-000959,REQ-000960,Aprovuar,2026-07-26 10:00:00,REF-95922-08-12-2026
PRJ-000960,REQ-000961,Aprovuar,2026-07-29 10:00:00,REF-95983-08-12-2026
PRJ-000961,REQ-000962,Aprovuar,2026-07-23 09:00:00,REF-95982-08-12-2026
PRJ-000963,REQ-000964,Aprovuar,2026-07-21 08:00:00,REF-95952-08-12-2026
PRJ-000966,REQ-000967,Aprovuar,2026-07-31 10:00:00,REF-96020-08-12-2026
PRJ-000967,REQ-000968,Aprovuar,2026-07-26 10:00:00,REF-96016-08-12-2026
PRJ-000968,REQ-000969,Aprovuar,2026-07-30 10:00:00,REF-96018-08-12-2026
PRJ-000970,REQ-000971,Aprovuar,2026-08-03 09:00:00,REF-95976-08-12-2026
PRJ-000971,REQ-000972,Aprovuar,2026-07-30 09:00:00,REF-93608-07-16-2026
PRJ-000972,REQ-000973,Aprovuar,2026-07-19 09:00:00,REF-96005-08-12-2026
PRJ-000973,REQ-000974,Aprovuar,2026-07-16 11:00:00,REF-96028-08-12-2026
PRJ-000975,REQ-000976,Aprovuar,2026-07-28 08:00:00,REF-96009-08-12-2026
PRJ-000976,REQ-000977,Aprovuar,2026-08-01 08:00:00,REF-95991-08-12-2026
PRJ-000977,REQ-000978,Aprovuar,2026-08-05 00:00:00,REF-95968-08-12-2026
PRJ-000978,REQ-000979,Aprovuar,2026-07-15 09:00:00,REF-95916-08-11-2026
PRJ-000979,REQ-000980,Aprovuar,2026-07-27 08:00:00,REF-95906-08-11-2026
PRJ-000980,REQ-000981,Aprovuar,2026-08-05 10:00:00,REF-95875-08-11-2026
PRJ-000981,REQ-000982,Aprovuar,2026-07-25 08:00:00,REF-95866-08-11-2026
PRJ-000982,REQ-000983,Aprovuar,2026-07-31 08:00:00,REF-95919-08-11-2026
PRJ-000984,REQ-000985,Aprovuar,2026-07-21 12:00:00,REF-95914-08-11-2026
PRJ-000985,REQ-000986,Aprovuar,2026-07-24 12:00:00,REF-95908-08-11-2026
PRJ-000987,REQ-000988,Aprovuar,2026-08-02 10:00:00,REF-95907-08-11-2026
PRJ-000988,REQ-000989,Aprovuar,2026-07-29 10:00:00,REF-95852-08-11-2026
PRJ-000991,REQ-000992,Aprovuar,2026-07-22 13:00:00,REF-95865-08-11-2026
PRJ-000992,REQ-000993,Aprovuar,2026-07-23 09:00:00,REF-95873-08-11-2026
PRJ-000993,REQ-000994,Aprovuar,2026-08-04 08:00:00,REF-95861-08-11-2026
PRJ-000994,REQ-000995,Aprovuar,2026-07-17 10:00:00,REF-95832-08-11-2026
PRJ-000995,REQ-000996,Aprovuar,2026-07-14 08:00:00,REF-95862-08-11-2026
PRJ-000996,REQ-000997,Aprovuar,2026-08-03 09:30:00,REF-95901-08-11-2026
PRJ-000998,REQ-000999,Aprovuar,2026-07-30 13:30:00,REF-95863-08-11-2026
PRJ-000999,REQ-001000,Aprovuar,2026-07-16 11:00:00,REF-95918-08-11-2026
PRJ-001000,REQ-001001,Aprovuar,2026-07-30 09:00:00,REF-95200-08-03-2026
PRJ-001001,REQ-001002,Aprovuar,2026-07-18 08:00:00,REF-95853-08-11-2026
PRJ-001002,REQ-001003,Aprovuar,2026-07-28 00:00:00,REF-95841-08-11-2026
PRJ-001003,REQ-001004,Aprovuar,2026-07-15 08:00:00,REF-95809-08-11-2026
PRJ-001004,REQ-001005,Aprovuar,2026-07-27 10:00:00,REF-95816-08-11-2026
PRJ-001005,REQ-001006,Aprovuar,2026-07-20 09:00:00,REF-95796-08-10-2026
PRJ-001006,REQ-001007,Aprovuar,2026-07-18 08:00:00,REF-95793-08-10-2026
PRJ-001007,REQ-001008,Aprovuar,2026-07-14 11:00:00,REF-95777-08-10-2026
PRJ-001008,REQ-001009,Aprovuar,2026-08-03 09:00:00,REF-95754-08-10-2026
PRJ-001010,REQ-001011,Aprovuar,2026-07-27 08:00:00,REF-95802-08-10-2026
PRJ-001011,REQ-001012,Aprovuar,2026-08-01 11:00:00,REF-95791-08-10-2026
PRJ-001012,REQ-001013,Aprovuar,2026-07-17 09:00:00,REF-95769-08-10-2026
PRJ-001013,REQ-001014,Aprovuar,2026-08-02 10:00:00,REF-95779-08-10-2026
PRJ-001014,REQ-001015,Aprovuar,2026-08-02 09:00:00,REF-95778-08-10-2026
PRJ-001015,REQ-001016,Aprovuar,2026-07-17 09:00:00,REF-95770-08-10-2026
PRJ-001016,REQ-001017,Aprovuar,2026-07-23 10:00:00,REF-95757-08-10-2026
PRJ-001017,REQ-001018,Aprovuar,2026-08-01 08:00:00,REF-95560-08-06-2026
PRJ-001018,REQ-001019,Aprovuar,2026-07-26 10:00:00,REF-95795-08-10-2026
PRJ-001019,REQ-001020,Aprovuar,2026-07-23 10:00:00,REF-95794-08-10-2026
PRJ-001020,REQ-001021,Aprovuar,2026-07-30 08:00:00,REF-95758-08-10-2026
PRJ-001021,REQ-001022,Aprovuar,2026-07-24 08:00:00,REF-95745-08-10-2026
PRJ-001022,REQ-001023,Aprovuar,2026-07-31 12:00:00,REF-95703-08-10-2026
PRJ-001023,REQ-001024,Aprovuar,2026-07-19 08:00:00,REF-95786-08-10-2026
PRJ-001024,REQ-001025,Aprovuar,2026-07-30 08:00:00,REF-95766-08-10-2026
PRJ-001025,REQ-001026,Aprovuar,2026-07-16 11:00:00,REF-95789-08-10-2026
PRJ-001026,REQ-001027,Aprovuar,2026-07-18 08:00:00,REF-95782-08-10-2026
PRJ-001027,REQ-001028,Aprovuar,2026-08-01 08:00:00,REF-95755-08-10-2026
PRJ-001028,REQ-001029,Aprovuar,2026-07-22 08:00:00,REF-95733-08-10-2026
PRJ-001031,REQ-001032,Aprovuar,2026-07-13 10:00:00,REF-95697-08-07-2026
PRJ-001032,REQ-001033,Aprovuar,2026-07-18 11:30:00,REF-95661-08-07-2026
PRJ-001033,REQ-001034,Aprovuar,2026-07-20 12:00:00,REF-95678-08-07-2026
PRJ-001034,REQ-001035,Aprovuar,2026-07-16 11:30:00,REF-95640-08-07-2026
PRJ-001035,REQ-001036,Aprovuar,2026-07-15 08:30:00,REF-95611-08-07-2026
PRJ-001036,REQ-001037,Aprovuar,2026-07-30 09:00:00,REF-95671-08-07-2026
PRJ-001037,REQ-001038,Aprovuar,2026-07-30 13:30:00,REF-95621-08-07-2026
PRJ-001038,REQ-001039,Aprovuar,2026-07-25 09:00:00,REF-95619-08-07-2026
PRJ-001039,REQ-001040,Aprovuar,2026-07-29 09:30:00,REF-95655-08-07-2026
PRJ-001040,REQ-001041,Aprovuar,2026-07-23 09:00:00,REF-95698-08-07-2026
PRJ-001041,REQ-001042,Aprovuar,2026-07-20 08:30:00,REF-95691-08-07-2026
PRJ-001042,REQ-001043,Aprovuar,2026-07-17 08:00:00,REF-95684-08-07-2026
PRJ-001043,REQ-001044,Aprovuar,2026-07-17 08:00:00,REF-95680-08-07-2026
PRJ-001044,REQ-001045,Aprovuar,2026-07-31 08:00:00,REF-95682-08-07-2026
PRJ-001045,REQ-001046,Aprovuar,2026-07-14 10:00:00,REF-95650-08-07-2026
PRJ-001046,REQ-001047,Aprovuar,2026-07-15 12:00:00,REF-95649-08-07-2026
PRJ-001047,REQ-001048,Aprovuar,2026-08-04 12:00:00,REF-95647-08-07-2026
PRJ-001048,REQ-001049,Aprovuar,2026-07-30 12:00:00,REF-95643-08-07-2026
PRJ-001049,REQ-001050,Aprovuar,2026-08-01 12:00:00,REF-95645-08-07-2026
PRJ-001052,REQ-001053,Aprovuar,2026-07-19 08:30:00,REF-95631-08-07-2026
PRJ-001053,REQ-001054,Aprovuar,2026-08-05 08:30:00,REF-95634-08-07-2026
PRJ-001054,REQ-001055,Aprovuar,2026-07-30 08:00:00,REF-95616-08-07-2026
PRJ-001055,REQ-001056,Aprovuar,2026-07-17 08:00:00,REF-95624-08-07-2026
PRJ-001056,REQ-001057,Aprovuar,2026-08-02 08:00:00,REF-95694-08-07-2026
PRJ-001057,REQ-001058,Aprovuar,2026-07-26 13:00:00,REF-95654-08-07-2026
PRJ-001061,REQ-001062,Aprovuar,2026-07-12 10:00:00,REF-95545-08-06-2026
PRJ-001062,REQ-001063,Aprovuar,2026-07-24 11:00:00,REF-95483-08-06-2026
PRJ-001063,REQ-001064,Aprovuar,2026-07-27 08:00:00,REF-95562-08-06-2026
PRJ-001064,REQ-001065,Aprovuar,2026-08-01 08:30:00,REF-95532-08-06-2026
PRJ-001065,REQ-001066,Aprovuar,2026-07-19 09:00:00,REF-95540-08-06-2026
PRJ-001066,REQ-001067,Aprovuar,2026-08-01 10:00:00,REF-95531-08-06-2026
PRJ-001067,REQ-001068,Aprovuar,2026-07-22 09:00:00,REF-95553-08-06-2026
PRJ-001068,REQ-001069,Aprovuar,2026-07-10 08:00:00,REF-95541-08-06-2026
PRJ-001069,REQ-001070,Aprovuar,2026-08-01 08:00:00,REF-95493-08-06-2026
PRJ-001070,REQ-001071,Aprovuar,2026-07-18 12:00:00,REF-95526-08-06-2026
PRJ-001071,REQ-001072,Aprovuar,2026-07-16 09:00:00,REF-95589-08-06-2026
PRJ-001073,REQ-001074,Aprovuar,2026-07-16 08:00:00,REF-95533-08-06-2026
PRJ-001074,REQ-001075,Aprovuar,2026-07-15 08:00:00,REF-95557-08-06-2026
PRJ-001075,REQ-001076,Aprovuar,2026-07-31 11:00:00,REF-95510-08-06-2026
PRJ-001077,REQ-001078,Aprovuar,2026-07-18 12:00:00,REF-95559-08-06-2026
PRJ-001078,REQ-001079,Aprovuar,2026-07-28 10:00:00,REF-95556-08-06-2026
PRJ-001079,REQ-001080,Aprovuar,2026-07-19 10:00:00,REF-95548-08-06-2026
PRJ-001080,REQ-001081,Aprovuar,2026-07-20 10:00:00,REF-95554-08-06-2026
PRJ-001082,REQ-001083,Aprovuar,2026-07-20 08:00:00,REF-95482-08-06-2026
PRJ-001083,REQ-001084,Aprovuar,2026-07-31 08:00:00,REF-95542-08-06-2026
PRJ-001084,REQ-001085,Aprovuar,2026-07-16 11:00:00,REF-95596-08-06-2026
PRJ-001085,REQ-001086,Aprovuar,2026-07-30 09:00:00,REF-95005-07-31-2026
PRJ-001086,REQ-001087,Aprovuar,2026-08-02 10:00:00,REF-95460-08-05-2026
PRJ-001087,REQ-001088,Aprovuar,2026-07-27 16:00:00,REF-95564-08-06-2026
PRJ-001088,REQ-001089,Aprovuar,2026-07-16 08:00:00,REF-95565-08-06-2026
PRJ-001089,REQ-001090,Aprovuar,2026-07-17 08:00:00,REF-95551-08-06-2026
PRJ-001090,REQ-001091,Aprovuar,2026-07-21 09:00:00,REF-95489-08-06-2026
PRJ-001091,REQ-001092,Aprovuar,2026-07-21 14:30:00,REF-95538-08-06-2026
PRJ-001094,REQ-001095,Aprovuar,2026-07-15 08:00:00,REF-95471-08-05-2026
PRJ-001096,REQ-001097,Aprovuar,2026-07-13 08:00:00,REF-95470-08-05-2026
PRJ-001098,REQ-001099,Aprovuar,2026-07-11 08:00:00,REF-95450-08-05-2026
PRJ-001099,REQ-001100,Aprovuar,2026-07-19 08:00:00,REF-95422-08-05-2026
PRJ-001100,REQ-001101,Aprovuar,2026-08-01 08:00:00,REF-95402-08-05-2026
PRJ-001101,REQ-001102,Aprovuar,2026-07-28 11:00:00,REF-95459-08-05-2026
PRJ-001102,REQ-001103,Aprovuar,2026-07-25 08:00:00,REF-95399-08-05-2026
PRJ-001103,REQ-001104,Aprovuar,2026-07-31 10:30:00,REF-95409-08-05-2026
PRJ-001104,REQ-001105,Aprovuar,2026-07-24 10:30:00,REF-95418-08-05-2026
PRJ-001105,REQ-001106,Aprovuar,2026-07-25 09:00:00,REF-95413-08-05-2026
PRJ-001106,REQ-001107,Aprovuar,2026-07-18 10:00:00,REF-95449-08-05-2026
PRJ-001107,REQ-001108,Aprovuar,2026-07-22 11:00:00,REF-95381-08-05-2026
PRJ-001108,REQ-001109,Aprovuar,2026-08-01 11:00:00,REF-95461-08-05-2026
PRJ-001109,REQ-001110,Aprovuar,2026-08-01 10:00:00,REF-95425-08-05-2026
PRJ-001110,REQ-001111,Aprovuar,2026-07-24 09:30:00,REF-95441-08-05-2026
PRJ-001111,REQ-001112,Aprovuar,2026-07-20 08:00:00,REF-95456-08-05-2026
PRJ-001112,REQ-001113,Aprovuar,2026-07-14 08:00:00,REF-95454-08-05-2026
PRJ-001113,REQ-001114,Aprovuar,2026-08-01 09:00:00,REF-95455-08-05-2026
PRJ-001114,REQ-001115,Aprovuar,2026-07-26 08:00:00,REF-95453-08-05-2026
PRJ-001115,REQ-001116,Aprovuar,2026-07-31 00:00:00,REF-95414-08-05-2026
PRJ-001117,REQ-001118,Aprovuar,2026-07-30 10:00:00,REF-95366-08-04-2026
PRJ-001118,REQ-001119,Aprovuar,2026-07-18 10:00:00,REF-95361-08-04-2026
PRJ-001119,REQ-001120,Aprovuar,2026-07-30 10:00:00,REF-95364-08-04-2026
PRJ-001120,REQ-001121,Aprovuar,2026-07-23 08:00:00,REF-95356-08-04-2026
PRJ-001121,REQ-001122,Aprovuar,2026-07-28 08:00:00,REF-95362-08-04-2026
PRJ-001122,REQ-001123,Aprovuar,2026-07-08 10:00:00,REF-95350-08-04-2026
PRJ-001123,REQ-001124,Aprovuar,2026-07-17 08:00:00,REF-95349-08-04-2026
PRJ-001125,REQ-001126,Aprovuar,2026-07-22 08:00:00,REF-95331-08-04-2026
PRJ-001126,REQ-001127,Aprovuar,2026-07-09 12:00:00,REF-95336-08-04-2026
PRJ-001127,REQ-001128,Aprovuar,2026-07-23 08:30:00,REF-95358-08-04-2026
PRJ-001128,REQ-001129,Aprovuar,2026-07-20 08:00:00,REF-95286-08-04-2026
PRJ-001129,REQ-001130,Aprovuar,2026-07-09 11:00:00,REF-95354-08-04-2026
PRJ-001130,REQ-001131,Aprovuar,2026-07-31 08:00:00,REF-95283-08-04-2026
PRJ-001131,REQ-001132,Aprovuar,2026-07-23 09:00:00,REF-95196-08-03-2026
PRJ-001132,REQ-001133,Aprovuar,2026-07-15 08:00:00,REF-95343-08-04-2026
PRJ-001133,REQ-001134,Aprovuar,2026-07-23 08:00:00,REF-95316-08-04-2026
PRJ-001134,REQ-001135,Aprovuar,2026-07-24 09:00:00,REF-95351-08-04-2026
PRJ-001136,REQ-001137,Aprovuar,2026-07-27 08:30:00,REF-95246-08-03-2026
PRJ-001138,REQ-001139,Aprovuar,2026-07-20 08:30:00,REF-95243-08-03-2026
PRJ-001139,REQ-001140,Aprovuar,2026-07-19 08:30:00,REF-95237-08-03-2026
PRJ-001141,REQ-001142,Aprovuar,2026-07-18 08:00:00,REF-95231-08-03-2026
PRJ-001142,REQ-001143,Aprovuar,2026-07-07 08:00:00,REF-95215-08-03-2026
PRJ-001143,REQ-001144,Aprovuar,2026-07-09 12:00:00,REF-95164-08-03-2026
PRJ-001144,REQ-001145,Aprovuar,2026-07-14 11:00:00,REF-95151-08-03-2026
PRJ-001145,REQ-001146,Aprovuar,2026-07-09 15:00:00,REF-95227-08-03-2026
PRJ-001147,REQ-001148,Aprovuar,2026-07-09 13:00:00,REF-95157-08-03-2026
PRJ-001148,REQ-001149,Aprovuar,2026-07-18 08:30:00,REF-95222-08-03-2026
PRJ-001149,REQ-001150,Aprovuar,2026-07-20 10:00:00,REF-95138-08-03-2026
PRJ-001150,REQ-001151,Aprovuar,2026-07-12 08:00:00,REF-95248-08-03-2026
PRJ-001152,REQ-001153,Aprovuar,2026-07-17 10:00:00,REF-95198-08-03-2026
PRJ-001153,REQ-001154,Aprovuar,2026-07-11 08:00:00,REF-95167-08-03-2026
PRJ-001154,REQ-001155,Aprovuar,2026-07-09 08:00:00,REF-95236-08-03-2026
PRJ-001155,REQ-001156,Aprovuar,2026-07-20 10:00:00,REF-95178-08-03-2026
PRJ-001156,REQ-001157,Aprovuar,2026-07-28 08:00:00,REF-95176-08-03-2026
PRJ-001157,REQ-001158,Aprovuar,2026-07-10 08:00:00,REF-95174-08-03-2026
PRJ-001158,REQ-001159,Aprovuar,2026-07-05 10:00:00,REF-95101-07-31-2026
PRJ-001159,REQ-001160,Aprovuar,2026-07-18 11:00:00,REF-95084-07-31-2026
PRJ-001160,REQ-001161,Aprovuar,2026-07-22 12:30:00,REF-95072-07-31-2026
PRJ-001161,REQ-001162,Aprovuar,2026-07-08 09:00:00,REF-95093-07-31-2026
PRJ-001162,REQ-001163,Aprovuar,2026-07-11 10:00:00,REF-95120-07-31-2026
PRJ-001163,REQ-001164,Aprovuar,2026-07-12 08:00:00,REF-95117-07-31-2026
PRJ-001164,REQ-001165,Aprovuar,2026-07-14 14:00:00,REF-95092-07-31-2026
PRJ-001165,REQ-001166,Aprovuar,2026-07-29 08:00:00,REF-95091-07-31-2026
PRJ-001166,REQ-001167,Aprovuar,2026-07-18 00:00:00,REF-95089-07-31-2026
PRJ-001167,REQ-001168,Aprovuar,2026-07-11 10:00:00,REF-95094-07-31-2026
PRJ-001168,REQ-001169,Aprovuar,2026-07-20 10:00:00,REF-95090-07-31-2026
PRJ-001169,REQ-001170,Aprovuar,2026-07-09 09:00:00,REF-95010-07-31-2026
PRJ-001170,REQ-001171,Aprovuar,2026-07-18 10:00:00,REF-95119-07-31-2026
PRJ-001171,REQ-001172,Aprovuar,2026-07-09 10:00:00,REF-95102-07-31-2026
PRJ-001172,REQ-001173,Aprovuar,2026-07-22 09:00:00,REF-95075-07-31-2026
PRJ-001173,REQ-001174,Aprovuar,2026-07-27 10:00:00,REF-95079-07-31-2026
PRJ-001175,REQ-001176,Aprovuar,2026-07-24 08:00:00,REF-95123-07-31-2026
PRJ-001176,REQ-001177,Aprovuar,2026-07-15 08:00:00,REF-95065-07-31-2026
PRJ-001177,REQ-001178,Aprovuar,2026-07-14 10:00:00,REF-95100-07-31-2026
PRJ-001178,REQ-001179,Aprovuar,2026-07-12 10:00:00,REF-95095-07-31-2026
PRJ-001179,REQ-001180,Aprovuar,2026-07-08 10:00:00,REF-95098-07-31-2026
PRJ-001181,REQ-001182,Aprovuar,2026-07-29 10:00:00,REF-95040-07-31-2026
PRJ-001186,REQ-001187,Aprovuar,2026-07-10 10:00:00,REF-95029-07-31-2026
PRJ-001187,REQ-001188,Aprovuar,2026-07-27 10:00:00,REF-95026-07-31-2026
PRJ-001188,REQ-001189,Aprovuar,2026-07-19 10:00:00,REF-95024-07-31-2026
PRJ-001189,REQ-001190,Aprovuar,2026-07-17 10:00:00,REF-95022-07-31-2026
PRJ-001190,REQ-001191,Aprovuar,2026-07-29 10:00:00,REF-95020-07-31-2026
PRJ-001191,REQ-001192,Aprovuar,2026-07-14 10:00:00,REF-95012-07-31-2026
PRJ-001193,REQ-001194,Aprovuar,2026-07-18 08:00:00,REF-95050-07-31-2026
PRJ-001194,REQ-001195,Aprovuar,2026-07-19 08:00:00,REF-95052-07-31-2026
PRJ-001195,REQ-001196,Aprovuar,2026-07-08 08:00:00,REF-95054-07-31-2026
PRJ-001196,REQ-001197,Aprovuar,2026-07-17 08:00:00,REF-95048-07-31-2026
PRJ-001197,REQ-001198,Aprovuar,2026-07-17 08:00:00,REF-95036-07-31-2026
PRJ-001198,REQ-001199,Aprovuar,2026-07-17 08:00:00,REF-95046-07-31-2026
PRJ-001199,REQ-001200,Aprovuar,2026-07-07 10:00:00,REF-95107-07-31-2026
PRJ-001200,REQ-001201,Aprovuar,2026-07-09 11:00:00,REF-95073-07-31-2026
PRJ-001201,REQ-001202,Aprovuar,2026-07-09 08:00:00,REF-95130-07-31-2026
PRJ-001202,REQ-001203,Aprovuar,2026-07-26 00:00:00,REF-95103-07-31-2026
PRJ-001203,REQ-001204,Aprovuar,2026-07-21 09:00:00,REF-95087-07-31-2026
PRJ-001204,REQ-001205,Aprovuar,2026-07-23 08:00:00,REF-95071-07-31-2026
PRJ-001205,REQ-001206,Aprovuar,2026-07-14 12:30:00,REF-95078-07-31-2026
PRJ-001207,REQ-001208,Aprovuar,2026-07-02 09:00:00,REF-94914-07-30-2026
PRJ-001208,REQ-001209,Aprovuar,2026-07-17 08:00:00,REF-94931-07-30-2026
PRJ-001209,REQ-001210,Aprovuar,2026-07-21 12:00:00,REF-94966-07-30-2026
PRJ-001210,REQ-001211,Aprovuar,2026-07-05 08:00:00,REF-94999-07-30-2026
PRJ-001211,REQ-001212,Aprovuar,2026-07-16 08:30:00,REF-94984-07-30-2026
PRJ-001214,REQ-001215,Aprovuar,2026-07-14 08:30:00,REF-94967-07-30-2026
PRJ-001215,REQ-001216,Aprovuar,2026-07-12 08:30:00,REF-94971-07-30-2026
PRJ-001216,REQ-001217,Aprovuar,2026-07-02 11:00:00,REF-94907-07-30-2026
PRJ-001217,REQ-001218,Aprovuar,2026-07-15 10:00:00,REF-94905-07-30-2026
PRJ-001218,REQ-001219,Aprovuar,2026-07-15 09:00:00,REF-95006-07-31-2026
PRJ-001219,REQ-001220,Aprovuar,2026-07-10 10:00:00,REF-94924-07-30-2026
PRJ-001220,REQ-001221,Aprovuar,2026-07-07 10:00:00,REF-94994-07-30-2026
PRJ-001221,REQ-001222,Aprovuar,2026-07-21 10:00:00,REF-94990-07-30-2026
PRJ-001222,REQ-001223,Aprovuar,2026-07-20 10:00:00,REF-94992-07-30-2026
PRJ-001223,REQ-001224,Aprovuar,2026-07-22 08:00:00,REF-94976-07-30-2026
PRJ-001224,REQ-001225,Aprovuar,2026-07-18 08:00:00,REF-94979-07-30-2026
PRJ-001225,REQ-001226,Aprovuar,2026-07-03 08:00:00,REF-94968-07-30-2026
PRJ-001226,REQ-001227,Aprovuar,2026-07-24 08:00:00,REF-94982-07-30-2026
PRJ-001227,REQ-001228,Aprovuar,2026-07-05 10:00:00,REF-94945-07-30-2026
PRJ-001228,REQ-001229,Aprovuar,2026-07-20 10:00:00,REF-94893-07-30-2026
PRJ-001229,REQ-001230,Aprovuar,2026-07-18 09:00:00,REF-94902-07-30-2026
PRJ-001230,REQ-001231,Aprovuar,2026-07-24 08:30:00,REF-95001-07-30-2026
PRJ-001231,REQ-001232,Aprovuar,2026-07-08 08:30:00,REF-94995-07-30-2026
PRJ-001233,REQ-001234,Aprovuar,2026-07-17 11:00:00,REF-94949-07-30-2026
PRJ-001235,REQ-001236,Aprovuar,2026-07-22 08:00:00,REF-94899-07-30-2026
PRJ-001236,REQ-001237,Aprovuar,2026-07-22 11:00:00,REF-94927-07-30-2026
PRJ-001242,REQ-001243,Aprovuar,2026-07-23 10:00:00,REF-94805-07-29-2026
PRJ-001243,REQ-001244,Aprovuar,2026-07-14 10:00:00,REF-94698-07-28-2026
PRJ-001244,REQ-001245,Aprovuar,2026-07-07 09:00:00,REF-94875-07-29-2026
PRJ-001245,REQ-001246,Aprovuar,2026-07-01 09:30:00,REF-94793-07-29-2026
PRJ-001246,REQ-001247,Aprovuar,2026-07-09 10:00:00,REF-94791-07-29-2026
PRJ-001247,REQ-001248,Aprovuar,2026-07-04 10:00:00,REF-94876-07-29-2026
PRJ-001248,REQ-001249,Aprovuar,2026-07-07 10:00:00,REF-94832-07-29-2026
PRJ-001249,REQ-001250,Aprovuar,2026-07-07 10:00:00,REF-94870-07-29-2026
PRJ-001250,REQ-001251,Aprovuar,2026-07-14 09:00:00,REF-94853-07-29-2026
PRJ-001251,REQ-001252,Aprovuar,2026-07-04 10:00:00,REF-94870-07-29-2026
PRJ-001252,REQ-001253,Aprovuar,2026-07-06 09:00:00,REF-94853-07-29-2026
PRJ-001253,REQ-001254,Aprovuar,2026-07-12 10:00:00,REF-94792-07-29-2026
PRJ-001254,REQ-001255,Aprovuar,2026-07-09 08:00:00,REF-94844-07-29-2026
PRJ-001255,REQ-001256,Aprovuar,2026-07-20 10:00:00,REF-94868-07-29-2026
PRJ-001256,REQ-001257,Aprovuar,2026-07-06 16:00:00,REF-94862-07-29-2026
PRJ-001257,REQ-001258,Aprovuar,2026-07-13 13:00:00,REF-94820-07-29-2026
PRJ-001258,REQ-001259,Aprovuar,2026-07-19 10:00:00,REF-94802-07-29-2026
PRJ-001259,REQ-001260,Aprovuar,2026-07-20 08:00:00,REF-94865-07-29-2026
PRJ-001260,REQ-001261,Aprovuar,2026-07-14 08:00:00,REF-94786-07-29-2026
PRJ-001261,REQ-001262,Aprovuar,2026-07-17 08:00:00,REF-94865-07-29-2026
PRJ-001262,REQ-001263,Aprovuar,2026-07-02 08:00:00,REF-94786-07-29-2026
PRJ-001263,REQ-001264,Aprovuar,2026-07-17 10:00:00,REF-94871-07-29-2026
PRJ-001264,REQ-001265,Aprovuar,2026-07-05 11:00:00,REF-94867-07-29-2026
PRJ-001265,REQ-001266,Aprovuar,2026-07-18 11:00:00,REF-94861-07-29-2026
PRJ-001266,REQ-001267,Aprovuar,2026-07-15 00:00:00,REF-94874-07-29-2026
PRJ-001267,REQ-001268,Aprovuar,2026-07-17 08:00:00,REF-94825-07-29-2026
PRJ-001268,REQ-001269,Aprovuar,2026-07-01 10:00:00,REF-94826-07-29-2026
PRJ-001269,REQ-001270,Aprovuar,2026-07-02 10:00:00,REF-94827-07-29-2026
PRJ-001272,REQ-001273,Aprovuar,2026-07-21 12:00:00,REF-94720-07-28-2026
PRJ-001273,REQ-001274,Aprovuar,2026-07-19 08:00:00,REF-94717-07-28-2026
PRJ-001274,REQ-001275,Aprovuar,2026-07-22 13:00:00,REF-94699-07-28-2026
PRJ-001275,REQ-001276,Aprovuar,2026-07-08 08:00:00,REF-94637-07-28-2026
PRJ-001276,REQ-001277,Aprovuar,2026-07-17 09:00:00,REF-94681-07-28-2026
PRJ-001277,REQ-001278,Aprovuar,2026-07-05 08:00:00,REF-94713-07-28-2026
PRJ-001278,REQ-001279,Aprovuar,2026-07-01 09:00:00,REF-94667-07-28-2026
PRJ-001279,REQ-001280,Aprovuar,2026-07-19 09:00:00,REF-94663-07-28-2026
PRJ-001280,REQ-001281,Aprovuar,2026-06-30 09:00:00,REF-94665-07-28-2026
PRJ-001281,REQ-001282,Aprovuar,2026-07-04 10:00:00,REF-94730-07-28-2026
PRJ-001283,REQ-001284,Aprovuar,2026-07-11 15:00:00,REF-94549-07-27-2026
PRJ-001284,REQ-001285,Aprovuar,2026-07-17 09:00:00,REF-94679-07-28-2026
PRJ-001285,REQ-001286,Aprovuar,2026-07-09 09:00:00,REF-94733-07-28-2026
PRJ-001286,REQ-001287,Aprovuar,2026-07-05 11:00:00,REF-94716-07-28-2026
PRJ-001287,REQ-001288,Aprovuar,2026-07-23 08:00:00,REF-94690-07-28-2026
PRJ-001288,REQ-001289,Aprovuar,2026-07-17 11:30:00,REF-94644-07-28-2026
PRJ-001289,REQ-001290,Aprovuar,2026-07-07 08:00:00,REF-94565-07-27-2026
PRJ-001290,REQ-001291,Aprovuar,2026-07-11 08:00:00,REF-94534-07-27-2026
PRJ-001291,REQ-001292,Aprovuar,2026-07-19 11:30:00,REF-94644-07-28-2026
PRJ-001292,REQ-001293,Aprovuar,2026-07-17 08:00:00,REF-94565-07-27-2026
PRJ-001293,REQ-001294,Aprovuar,2026-07-08 08:00:00,REF-94534-07-27-2026
PRJ-001294,REQ-001295,Aprovuar,2026-07-13 08:00:00,REF-94530-07-27-2026
PRJ-001295,REQ-001296,Aprovuar,2026-07-01 08:00:00,REF-94527-07-27-2026
PRJ-001296,REQ-001297,Aprovuar,2026-07-10 08:00:00,REF-94522-07-27-2026
PRJ-001297,REQ-001298,Aprovuar,2026-07-19 08:00:00,REF-94520-07-27-2026
PRJ-001298,REQ-001299,Aprovuar,2026-07-02 08:00:00,REF-94515-07-27-2026
PRJ-001299,REQ-001300,Aprovuar,2026-07-13 08:00:00,REF-94500-07-27-2026
PRJ-001300,REQ-001301,Aprovuar,2026-07-23 08:00:00,REF-94512-07-27-2026
PRJ-001301,REQ-001302,Aprovuar,2026-07-01 08:00:00,REF-94500-07-27-2026
PRJ-001302,REQ-001303,Aprovuar,2026-06-29 08:00:00,REF-94512-07-27-2026
PRJ-001303,REQ-001304,Aprovuar,2026-07-02 10:30:00,REF-94495-07-27-2026
PRJ-001304,REQ-001305,Aprovuar,2026-07-20 09:00:00,REF-94568-07-27-2026
PRJ-001305,REQ-001306,Aprovuar,2026-07-10 08:00:00,REF-94624-07-27-2026
PRJ-001306,REQ-001307,Aprovuar,2026-07-16 08:00:00,REF-94395-07-24-2026
PRJ-001307,REQ-001308,Aprovuar,2026-07-05 12:00:00,REF-94590-07-27-2026
PRJ-001308,REQ-001309,Aprovuar,2026-07-21 10:00:00,REF-94493-07-27-2026
PRJ-001309,REQ-001310,Aprovuar,2026-07-12 10:30:00,REF-94550-07-27-2026
PRJ-001310,REQ-001311,Aprovuar,2026-07-20 09:00:00,REF-94626-07-27-2026
PRJ-001311,REQ-001312,Aprovuar,2026-07-16 09:00:00,REF-94626-07-27-2026
PRJ-001312,REQ-001313,Aprovuar,2026-07-13 10:00:00,REF-94511-07-27-2026
PRJ-001313,REQ-001314,Aprovuar,2026-07-04 08:00:00,REF-94558-07-27-2026
PRJ-001314,REQ-001315,Aprovuar,2026-07-19 08:00:00,REF-94623-07-27-2026
PRJ-001315,REQ-001316,Aprovuar,2026-07-10 14:00:00,REF-94544-07-27-2026
PRJ-001316,REQ-001317,Aprovuar,2026-07-04 09:00:00,REF-93612-07-16-2026
PRJ-001317,REQ-001318,Aprovuar,2026-07-17 08:00:00,REF-94604-07-27-2026
PRJ-001318,REQ-001319,Aprovuar,2026-07-11 10:00:00,REF-94617-07-27-2026
PRJ-001320,REQ-001321,Aprovuar,2026-07-02 08:30:00,REF-94462-07-24-2026
PRJ-001321,REQ-001322,Aprovuar,2026-07-01 08:30:00,REF-94462-07-24-2026
PRJ-001322,REQ-001323,Aprovuar,2026-06-29 10:00:00,REF-94469-07-24-2026
PRJ-001323,REQ-001324,Aprovuar,2026-07-21 08:30:00,REF-94446-07-24-2026
PRJ-001325,REQ-001326,Aprovuar,2026-07-14 11:00:00,REF-94401-07-24-2026
PRJ-001326,REQ-001327,Aprovuar,2026-06-28 10:30:00,REF-94444-07-24-2026
PRJ-001327,REQ-001328,Aprovuar,2026-07-19 11:00:00,REF-94396-07-24-2026
PRJ-001328,REQ-001329,Aprovuar,2026-06-28 11:00:00,REF-94398-07-24-2026
PRJ-001329,REQ-001330,Aprovuar,2026-07-21 08:00:00,REF-94440-07-24-2026
PRJ-001330,REQ-001331,Aprovuar,2026-07-06 09:00:00,REF-94393-07-24-2026
PRJ-001331,REQ-001332,Aprovuar,2026-07-08 09:00:00,REF-94393-07-24-2026
PRJ-001332,REQ-001333,Aprovuar,2026-07-21 09:00:00,REF-94386-07-24-2026
PRJ-001333,REQ-001334,Aprovuar,2026-06-28 09:00:00,REF-94391-07-24-2026
PRJ-001334,REQ-001335,Aprovuar,2026-07-12 08:00:00,REF-94417-07-24-2026
PRJ-001335,REQ-001336,Aprovuar,2026-07-17 09:00:00,REF-94438-07-24-2026
PRJ-001336,REQ-001337,Aprovuar,2026-07-19 08:00:00,REF-94419-07-24-2026
PRJ-001338,REQ-001339,Aprovuar,2026-07-09 10:30:00,REF-94337-07-23-2026
PRJ-001341,REQ-001342,Aprovuar,2026-07-04 10:00:00,REF-94314-07-23-2026
PRJ-001342,REQ-001343,Aprovuar,2026-07-09 08:00:00,REF-94333-07-23-2026
PRJ-001343,REQ-001344,Aprovuar,2026-06-29 00:00:00,REF-94288-07-23-2026
PRJ-001344,REQ-001345,Aprovuar,2026-06-27 09:00:00,REF-94271-07-23-2026
PRJ-001345,REQ-001346,Aprovuar,2026-07-09 11:00:00,REF-94340-07-23-2026
PRJ-001346,REQ-001347,Aprovuar,2026-07-09 09:00:00,REF-94303-07-23-2026
PRJ-001347,REQ-001348,Aprovuar,2026-07-03 09:00:00,REF-94298-07-23-2026
PRJ-001348,REQ-001349,Aprovuar,2026-06-30 09:00:00,REF-94306-07-23-2026
PRJ-001349,REQ-001350,Aprovuar,2026-07-12 08:00:00,REF-94289-07-23-2026
PRJ-001350,REQ-001351,Aprovuar,2026-06-29 10:00:00,REF-94270-07-23-2026
PRJ-001351,REQ-001352,Aprovuar,2026-07-16 10:00:00,REF-94275-07-23-2026
PRJ-001352,REQ-001353,Aprovuar,2026-07-16 10:00:00,REF-94300-07-23-2026
PRJ-001353,REQ-001354,Aprovuar,2026-07-10 08:00:00,REF-94356-07-23-2026
PRJ-001354,REQ-001355,Aprovuar,2026-07-03 09:00:00,REF-94295-07-23-2026
PRJ-001355,REQ-001356,Aprovuar,2026-06-29 10:00:00,REF-94334-07-23-2026
PRJ-001356,REQ-001357,Aprovuar,2026-06-26 08:00:00,REF-94351-07-23-2026
PRJ-001357,REQ-001358,Aprovuar,2026-06-25 11:00:00,REF-94366-07-23-2026
PRJ-001358,REQ-001359,Aprovuar,2026-07-16 08:00:00,REF-94355-07-23-2026
PRJ-001359,REQ-001360,Aprovuar,2026-06-29 09:00:00,REF-94348-07-23-2026
PRJ-001360,REQ-001361,Aprovuar,2026-07-09 12:00:00,REF-94252-07-23-2026
PRJ-001361,REQ-001362,Aprovuar,2026-07-09 12:00:00,REF-94248-07-23-2026
PRJ-001362,REQ-001363,Aprovuar,2026-07-16 12:00:00,REF-94250-07-23-2026
PRJ-001363,REQ-001364,Aprovuar,2026-07-13 08:30:00,REF-94381-07-23-2026
PRJ-001364,REQ-001365,Aprovuar,2026-07-06 08:30:00,REF-94377-07-23-2026
PRJ-001365,REQ-001366,Aprovuar,2026-07-04 08:30:00,REF-94379-07-23-2026
PRJ-001367,REQ-001368,Aprovuar,2026-07-14 08:30:00,REF-94374-07-23-2026
PRJ-001368,REQ-001369,Aprovuar,2026-07-07 08:30:00,REF-94370-07-23-2026
PRJ-001369,REQ-001370,Aprovuar,2026-07-09 08:30:00,REF-94372-07-23-2026
PRJ-001370,REQ-001371,Aprovuar,2026-07-03 10:00:00,REF-94268-07-23-2026
PRJ-001371,REQ-001372,Aprovuar,2026-07-05 10:00:00,REF-94256-07-23-2026
PRJ-001372,REQ-001373,Aprovuar,2026-07-04 10:00:00,REF-94266-07-23-2026
PRJ-001373,REQ-001374,Aprovuar,2026-07-11 08:00:00,REF-94360-07-23-2026
PRJ-001374,REQ-001375,Aprovuar,2026-07-11 11:00:00,REF-94353-07-23-2026
PRJ-001375,REQ-001376,Aprovuar,2026-07-02 08:00:00,REF-94365-07-23-2026
PRJ-001376,REQ-001377,Aprovuar,2026-07-09 08:00:00,REF-94361-07-23-2026
PRJ-001377,REQ-001378,Aprovuar,2026-07-08 08:00:00,REF-94363-07-23-2026
PRJ-001378,REQ-001379,Aprovuar,2026-07-01 11:00:00,REF-94258-07-23-2026
PRJ-001379,REQ-001380,Aprovuar,2026-07-07 10:30:00,REF-94307-07-23-2026
PRJ-001380,REQ-001381,Aprovuar,2026-07-01 09:00:00,REF-94279-07-23-2026
PRJ-001381,REQ-001382,Aprovuar,2026-07-19 10:00:00,REF-94324-07-23-2026
PRJ-001382,REQ-001383,Aprovuar,2026-07-07 10:00:00,REF-94308-07-23-2026
PRJ-001383,REQ-001384,Aprovuar,2026-07-09 10:00:00,REF-94319-07-23-2026
PRJ-001385,REQ-001386,Aprovuar,2026-07-08 09:00:00,REF-94226-07-22-2026
PRJ-001386,REQ-001387,Aprovuar,2026-07-18 10:00:00,REF-92838-07-08-2026
PRJ-001387,REQ-001388,Aprovuar,2026-07-02 10:00:00,REF-94237-07-22-2026
PRJ-001388,REQ-001389,Aprovuar,2026-07-11 09:00:00,REF-94228-07-22-2026
PRJ-001389,REQ-001390,Aprovuar,2026-07-08 08:00:00,REF-94220-07-22-2026
PRJ-001390,REQ-001391,Aprovuar,2026-06-24 11:00:00,REF-94184-07-22-2026
PRJ-001391,REQ-001392,Aprovuar,2026-07-11 12:00:00,REF-94176-07-22-2026
PRJ-001392,REQ-001393,Aprovuar,2026-07-03 08:00:00,REF-94238-07-22-2026
PRJ-001394,REQ-001395,Aprovuar,2026-06-30 08:00:00,REF-94227-07-22-2026
PRJ-001395,REQ-001396,Aprovuar,2026-07-06 10:00:00,REF-94131-07-22-2026
PRJ-001396,REQ-001397,Aprovuar,2026-07-16 08:00:00,REF-94134-07-22-2026
PRJ-001397,REQ-001398,Aprovuar,2026-07-08 12:00:00,REF-94230-07-22-2026
PRJ-001398,REQ-001399,Aprovuar,2026-06-26 14:00:00,REF-94211-07-22-2026
PRJ-001399,REQ-001400,Aprovuar,2026-07-14 10:00:00,REF-94153-07-22-2026
PRJ-001400,REQ-001401,Aprovuar,2026-07-17 10:00:00,REF-94156-07-22-2026
PRJ-001401,REQ-001402,Aprovuar,2026-07-13 13:00:00,REF-94168-07-22-2026
PRJ-001402,REQ-001403,Aprovuar,2026-06-30 15:00:00,REF-94217-07-22-2026
PRJ-001403,REQ-001404,Aprovuar,2026-07-17 08:00:00,REF-94155-07-22-2026
PRJ-001404,REQ-001405,Aprovuar,2026-07-16 09:00:00,REF-94189-07-22-2026
PRJ-001405,REQ-001406,Aprovuar,2026-07-01 10:00:00,REF-94240-07-22-2026
PRJ-001406,REQ-001407,Aprovuar,2026-06-28 12:30:00,REF-94135-07-22-2026
PRJ-001407,REQ-001408,Aprovuar,2026-06-27 10:00:00,REF-94239-07-22-2026
PRJ-001408,REQ-001409,Aprovuar,2026-06-29 08:00:00,REF-94026-07-21-2026
PRJ-001409,REQ-001410,Aprovuar,2026-07-08 13:00:00,REF-94049-07-21-2026
PRJ-001410,REQ-001411,Aprovuar,2026-06-26 08:00:00,REF-94011-07-21-2026
PRJ-001411,REQ-001412,Aprovuar,2026-06-28 09:00:00,REF-94012-07-21-2026
PRJ-001412,REQ-001413,Aprovuar,2026-07-05 14:00:00,REF-94119-07-21-2026
PRJ-001413,REQ-001414,Aprovuar,2026-06-26 08:30:00,REF-94082-07-21-2026
PRJ-001414,REQ-001415,Aprovuar,2026-07-10 11:00:00,REF-93992-07-21-2026
PRJ-001415,REQ-001416,Aprovuar,2026-07-17 11:00:00,REF-94128-07-21-2026
PRJ-001416,REQ-001417,Aprovuar,2026-06-24 08:00:00,REF-94126-07-21-2026
PRJ-001417,REQ-001418,Aprovuar,2026-06-25 08:30:00,REF-94079-07-21-2026
PRJ-001418,REQ-001419,Aprovuar,2026-06-30 08:00:00,REF-94129-07-21-2026
PRJ-001419,REQ-001420,Aprovuar,2026-06-27 12:30:00,REF-94018-07-21-2026
PRJ-001420,REQ-001421,Aprovuar,2026-06-22 10:00:00,REF-93920-07-20-2026
PRJ-001422,REQ-001423,Aprovuar,2026-06-25 08:00:00,REF-93974-07-20-2026
PRJ-001424,REQ-001425,Aprovuar,2026-06-27 09:00:00,REF-93969-07-20-2026
PRJ-001425,REQ-001426,Aprovuar,2026-07-11 12:00:00,REF-93924-07-20-2026
PRJ-001426,REQ-001427,Aprovuar,2026-07-14 08:00:00,REF-93900-07-20-2026
PRJ-001427,REQ-001428,Aprovuar,2026-07-06 08:00:00,REF-93893-07-20-2026
PRJ-001430,REQ-001431,Aprovuar,2026-06-29 10:00:00,REF-93882-07-20-2026
PRJ-001431,REQ-001432,Aprovuar,2026-07-16 08:30:00,REF-93955-07-20-2026
PRJ-001432,REQ-001433,Aprovuar,2026-07-08 08:00:00,REF-93937-07-20-2026
PRJ-001433,REQ-001434,Aprovuar,2026-07-03 10:00:00,REF-93615-07-16-2026
PRJ-001434,REQ-001435,Aprovuar,2026-06-26 12:00:00,REF-93881-07-20-2026
PRJ-001435,REQ-001436,Aprovuar,2026-06-23 08:30:00,REF-93979-07-20-2026
PRJ-001436,REQ-001437,Aprovuar,2026-07-07 10:00:00,REF-93970-07-20-2026
PRJ-001437,REQ-001438,Aprovuar,2026-07-01 10:00:00,REF-93877-07-20-2026
PRJ-001438,REQ-001439,Aprovuar,2026-07-16 08:00:00,REF-93963-07-20-2026
PRJ-001439,REQ-001440,Aprovuar,2026-06-23 08:00:00,REF-93954-07-20-2026
PRJ-001440,REQ-001441,Aprovuar,2026-06-25 08:00:00,REF-93961-07-20-2026
PRJ-001441,REQ-001442,Aprovuar,2026-07-02 11:00:00,REF-93925-07-20-2026
PRJ-001442,REQ-001443,Aprovuar,2026-07-11 11:00:00,REF-93847-07-20-2026
PRJ-001443,REQ-001444,Aprovuar,2026-06-27 10:00:00,REF-93931-07-20-2026
PRJ-001444,REQ-001445,Aprovuar,2026-06-26 11:00:00,REF-93909-07-20-2026
PRJ-001445,REQ-001446,Aprovuar,2026-07-03 10:00:00,REF-93677-07-16-2026
PRJ-001446,REQ-001447,Aprovuar,2026-07-03 08:00:00,REF-93765-07-17-2026
PRJ-001447,REQ-001448,Aprovuar,2026-06-28 08:00:00,REF-93798-07-17-2026
PRJ-001448,REQ-001449,Aprovuar,2026-06-23 08:00:00,REF-93800-07-17-2026
PRJ-001449,REQ-001450,Aprovuar,2026-07-01 08:30:00,REF-93802-07-17-2026
PRJ-001450,REQ-001451,Aprovuar,2026-07-08 08:30:00,REF-93782-07-17-2026
PRJ-001451,REQ-001452,Aprovuar,2026-07-11 08:30:00,REF-93777-07-17-2026
PRJ-001452,REQ-001453,Aprovuar,2026-06-27 08:30:00,REF-93780-07-17-2026
PRJ-001454,REQ-001455,Aprovuar,2026-07-08 08:00:00,REF-93759-07-17-2026
PRJ-001455,REQ-001456,Aprovuar,2026-07-04 09:00:00,REF-93839-07-20-2026
PRJ-001456,REQ-001457,Aprovuar,2026-07-01 11:00:00,REF-93815-07-17-2026
PRJ-001457,REQ-001458,Aprovuar,2026-07-03 10:00:00,REF-93832-07-17-2026
PRJ-001458,REQ-001459,Aprovuar,2026-07-05 10:00:00,REF-93828-07-17-2026
PRJ-001459,REQ-001460,Aprovuar,2026-07-12 08:00:00,REF-93827-07-17-2026
PRJ-001460,REQ-001461,Aprovuar,2026-06-27 08:00:00,REF-93818-07-17-2026
PRJ-001461,REQ-001462,Aprovuar,2026-07-04 10:00:00,REF-93799-07-17-2026
PRJ-001462,REQ-001463,Aprovuar,2026-07-06 08:00:00,REF-93796-07-17-2026
PRJ-001464,REQ-001465,Aprovuar,2026-07-14 08:00:00,REF-93784-07-17-2026
PRJ-001469,REQ-001470,Aprovuar,2026-07-05 10:00:00,REF-93629-07-16-2026
PRJ-001470,REQ-001471,Aprovuar,2026-07-07 09:00:00,REF-93739-07-16-2026
PRJ-001472,REQ-001473,Aprovuar,2026-07-07 08:00:00,REF-93710-07-16-2026
PRJ-001473,REQ-001474,Aprovuar,2026-06-20 08:00:00,REF-93706-07-16-2026
PRJ-001474,REQ-001475,Aprovuar,2026-06-28 08:00:00,REF-93721-07-16-2026
PRJ-001475,REQ-001476,Aprovuar,2026-07-07 08:00:00,REF-93610-07-16-2026
PRJ-001476,REQ-001477,Aprovuar,2026-07-11 09:00:00,REF-93698-07-16-2026
PRJ-001477,REQ-001478,Aprovuar,2026-06-20 10:00:00,REF-93669-07-16-2026
PRJ-001478,REQ-001479,Aprovuar,2026-07-03 08:00:00,REF-93727-07-16-2026
PRJ-001479,REQ-001480,Aprovuar,2026-07-12 08:00:00,REF-93722-07-16-2026
PRJ-001480,REQ-001481,Aprovuar,2026-06-26 08:00:00,REF-93725-07-16-2026
PRJ-001481,REQ-001482,Aprovuar,2026-07-04 08:00:00,REF-93628-07-16-2026
PRJ-001482,REQ-001483,Aprovuar,2026-07-11 11:00:00,REF-93723-07-16-2026
PRJ-001483,REQ-001484,Aprovuar,2026-07-02 11:30:00,REF-93696-07-16-2026
PRJ-001484,REQ-001485,Aprovuar,2026-07-08 08:00:00,REF-93651-07-16-2026
PRJ-001485,REQ-001486,Aprovuar,2026-06-20 08:00:00,REF-93653-07-16-2026
PRJ-001486,REQ-001487,Aprovuar,2026-07-12 08:00:00,REF-93655-07-16-2026
PRJ-001487,REQ-001488,Aprovuar,2026-07-10 08:00:00,REF-93657-07-16-2026
PRJ-001489,REQ-001490,Aprovuar,2026-06-21 08:00:00,REF-93662-07-16-2026
PRJ-001491,REQ-001492,Aprovuar,2026-07-10 08:00:00,REF-93666-07-16-2026
PRJ-001492,REQ-001493,Aprovuar,2026-06-29 08:00:00,REF-93646-07-16-2026
PRJ-001493,REQ-001494,Aprovuar,2026-07-10 08:00:00,REF-93668-07-16-2026
PRJ-001494,REQ-001495,Aprovuar,2026-07-01 09:00:00,REF-93735-07-16-2026
PRJ-001495,REQ-001496,Aprovuar,2026-06-23 09:00:00,REF-93737-07-16-2026
PRJ-001496,REQ-001497,Aprovuar,2026-06-27 10:00:00,REF-93694-07-16-2026
PRJ-001498,REQ-001499,Aprovuar,2026-07-02 15:00:00,REF-93729-07-16-2026
PRJ-001499,REQ-001500,Aprovuar,2026-07-04 08:00:00,REF-93691-07-16-2026
PRJ-001501,REQ-001502,Aprovuar,2026-07-09 10:00:00,REF-93643-07-16-2026
PRJ-001502,REQ-001503,Aprovuar,2026-07-02 09:00:00,REF-93607-07-16-2026
PRJ-001503,REQ-001504,Aprovuar,2026-07-06 09:00:00,REF-93689-07-16-2026
PRJ-001508,REQ-001509,Aprovuar,2026-06-23 09:00:00,REF-93570-07-15-2026
PRJ-001509,REQ-001510,Aprovuar,2026-06-26 11:00:00,REF-93550-07-15-2026
PRJ-001510,REQ-001511,Aprovuar,2026-06-29 10:00:00,REF-93485-07-15-2026
PRJ-001511,REQ-001512,Aprovuar,2026-07-01 08:00:00,REF-93532-07-15-2026
PRJ-001512,REQ-001513,Aprovuar,2026-06-18 08:00:00,REF-93501-07-15-2026
PRJ-001513,REQ-001514,Aprovuar,2026-06-24 09:00:00,REF-93453-07-14-2026
PRJ-001514,REQ-001515,Aprovuar,2026-06-24 12:00:00,REF-93564-07-15-2026
PRJ-001515,REQ-001516,Aprovuar,2026-06-30 10:00:00,REF-93566-07-15-2026
PRJ-001516,REQ-001517,Aprovuar,2026-07-06 08:00:00,REF-93573-07-15-2026
PRJ-001517,REQ-001518,Aprovuar,2026-07-08 08:00:00,REF-93543-07-15-2026
PRJ-001518,REQ-001519,Aprovuar,2026-07-02 08:00:00,REF-93571-07-15-2026
PRJ-001519,REQ-001520,Aprovuar,2026-06-17 08:00:00,REF-93569-07-15-2026
PRJ-001520,REQ-001521,Aprovuar,2026-07-09 08:00:00,REF-93572-07-15-2026
PRJ-001521,REQ-001522,Aprovuar,2026-07-06 08:00:00,REF-93568-07-15-2026
PRJ-001522,REQ-001523,Aprovuar,2026-06-29 08:00:00,REF-93541-07-15-2026
PRJ-001523,REQ-001524,Aprovuar,2026-06-20 08:00:00,REF-93529-07-15-2026
PRJ-001524,REQ-001525,Aprovuar,2026-07-10 08:00:00,REF-93539-07-15-2026
PRJ-001525,REQ-001526,Aprovuar,2026-06-18 12:15:00,REF-93506-07-15-2026
PRJ-001527,REQ-001528,Aprovuar,2026-07-09 08:00:00,REF-93450-07-14-2026
PRJ-001528,REQ-001529,Aprovuar,2026-07-06 10:00:00,REF-93439-07-14-2026
PRJ-001529,REQ-001530,Aprovuar,2026-06-16 08:30:00,REF-93377-07-14-2026
PRJ-001530,REQ-001531,Aprovuar,2026-06-30 08:30:00,REF-93369-07-14-2026
PRJ-001531,REQ-001532,Aprovuar,2026-07-01 08:30:00,REF-93374-07-14-2026
PRJ-001532,REQ-001533,Aprovuar,2026-06-16 12:00:00,REF-93353-07-14-2026
PRJ-001533,REQ-001534,Aprovuar,2026-07-02 10:00:00,REF-93355-07-14-2026
PRJ-001534,REQ-001535,Aprovuar,2026-07-07 08:00:00,REF-93443-07-14-2026
PRJ-001535,REQ-001536,Aprovuar,2026-06-22 11:00:00,REF-93430-07-14-2026
PRJ-001536,REQ-001537,Aprovuar,2026-06-26 10:00:00,REF-93299-07-14-2026
PRJ-001537,REQ-001538,Aprovuar,2026-06-24 08:00:00,REF-93417-07-14-2026
PRJ-001538,REQ-001539,Aprovuar,2026-06-22 12:00:00,REF-93400-07-14-2026
PRJ-001539,REQ-001540,Aprovuar,2026-06-19 08:00:00,REF-93442-07-14-2026
PRJ-001540,REQ-001541,Aprovuar,2026-07-07 10:30:00,REF-93364-07-14-2026
PRJ-001541,REQ-001542,Aprovuar,2026-06-23 08:00:00,REF-93303-07-14-2026
PRJ-001542,REQ-001543,Aprovuar,2026-07-09 08:00:00,REF-93447-07-14-2026
PRJ-001543,REQ-001544,Aprovuar,2026-07-10 08:00:00,REF-93454-07-14-2026
PRJ-001544,REQ-001545,Aprovuar,2026-06-23 11:00:00,REF-93413-07-14-2026
PRJ-001545,REQ-001546,Aprovuar,2026-06-19 09:00:00,REF-93292-07-14-2026
PRJ-001546,REQ-001547,Aprovuar,2026-06-29 09:00:00,REF-93432-07-14-2026
PRJ-001547,REQ-001548,Aprovuar,2026-06-21 12:00:00,REF-92843-07-08-2026
PRJ-001548,REQ-001549,Aprovuar,2026-07-07 11:00:00,REF-93309-07-14-2026
PRJ-001549,REQ-001550,Aprovuar,2026-06-29 10:00:00,REF-93381-07-14-2026
PRJ-001550,REQ-001551,Aprovuar,2026-06-30 11:00:00,REF-93455-07-14-2026
PRJ-001551,REQ-001552,Aprovuar,2026-06-19 08:00:00,REF-93437-07-14-2026
PRJ-001552,REQ-001553,Aprovuar,2026-06-19 09:00:00,REF-93440-07-14-2026
PRJ-001553,REQ-001554,Aprovuar,2026-07-07 10:00:00,REF-93397-07-14-2026
PRJ-001555,REQ-001556,Aprovuar,2026-07-09 08:00:00,REF-93322-07-14-2026
PRJ-001556,REQ-001557,Aprovuar,2026-06-15 08:00:00,REF-93225-07-13-2026
PRJ-001557,REQ-001558,Aprovuar,2026-06-28 08:00:00,REF-93269-07-13-2026
PRJ-001558,REQ-001559,Aprovuar,2026-06-28 09:00:00,REF-93206-07-13-2026
PRJ-001559,REQ-001560,Aprovuar,2026-06-18 12:00:00,REF-93262-07-13-2026
PRJ-001560,REQ-001561,Aprovuar,2026-06-29 08:30:00,REF-93222-07-13-2026
PRJ-001561,REQ-001562,Aprovuar,2026-06-20 10:00:00,REF-93220-07-13-2026
PRJ-001562,REQ-001563,Aprovuar,2026-07-01 12:30:00,REF-93165-07-13-2026
PRJ-001563,REQ-001564,Aprovuar,2026-06-27 12:00:00,REF-93226-07-13-2026
PRJ-001565,REQ-001566,Aprovuar,2026-06-28 08:30:00,REF-93268-07-13-2026
PRJ-001566,REQ-001567,Aprovuar,2026-06-29 14:00:00,REF-93266-07-13-2026
PRJ-001567,REQ-001568,Aprovuar,2026-06-29 11:00:00,REF-93242-07-13-2026
PRJ-001569,REQ-001570,Aprovuar,2026-07-05 11:00:00,REF-93228-07-13-2026
PRJ-001570,REQ-001571,Aprovuar,2026-06-20 10:00:00,REF-93191-07-13-2026
PRJ-001572,REQ-001573,Aprovuar,2026-07-08 08:00:00,REF-93202-07-13-2026
PRJ-001575,REQ-001576,Aprovuar,2026-06-23 08:00:00,REF-93142-07-10-2026
PRJ-001576,REQ-001577,Aprovuar,2026-06-20 15:30:00,REF-93143-07-10-2026
PRJ-001577,REQ-001578,Aprovuar,2026-07-03 10:00:00,REF-93147-07-10-2026
PRJ-001578,REQ-001579,Aprovuar,2026-07-01 11:00:00,REF-93139-07-10-2026
PRJ-001579,REQ-001580,Aprovuar,2026-06-29 08:00:00,REF-93092-07-10-2026
PRJ-001580,REQ-001581,Aprovuar,2026-06-29 08:00:00,REF-93083-07-10-2026
PRJ-001581,REQ-001582,Aprovuar,2026-06-25 08:30:00,REF-93117-07-10-2026
PRJ-001582,REQ-001583,Aprovuar,2026-07-07 10:00:00,REF-93126-07-10-2026
PRJ-001583,REQ-001584,Aprovuar,2026-06-26 08:00:00,REF-93076-07-10-2026
PRJ-001584,REQ-001585,Aprovuar,2026-06-28 08:00:00,REF-93120-07-10-2026
PRJ-001585,REQ-001586,Aprovuar,2026-06-24 08:00:00,REF-93122-07-10-2026
PRJ-001586,REQ-001587,Aprovuar,2026-06-22 10:00:00,REF-93116-07-10-2026
PRJ-001587,REQ-001588,Aprovuar,2026-06-19 08:00:00,REF-93131-07-10-2026
PRJ-001588,REQ-001589,Aprovuar,2026-06-22 08:00:00,REF-93084-07-10-2026
PRJ-001589,REQ-001590,Aprovuar,2026-06-16 11:00:00,REF-93074-07-10-2026
PRJ-001600,REQ-001601,Aprovuar,2026-07-01 10:00:00,REF-93007-07-09-2026
PRJ-001601,REQ-001602,Aprovuar,2026-06-14 08:30:00,REF-93027-07-09-2026
PRJ-001602,REQ-001603,Aprovuar,2026-06-30 08:30:00,REF-93025-07-09-2026
PRJ-001603,REQ-001604,Aprovuar,2026-06-15 08:30:00,REF-93017-07-09-2026
PRJ-001604,REQ-001605,Aprovuar,2026-06-21 08:30:00,REF-93020-07-09-2026
PRJ-001605,REQ-001606,Aprovuar,2026-06-23 09:00:00,REF-93061-07-09-2026
PRJ-001606,REQ-001607,Aprovuar,2026-06-12 09:00:00,REF-93050-07-09-2026
PRJ-001607,REQ-001608,Aprovuar,2026-06-11 09:00:00,REF-93053-07-09-2026
PRJ-001608,REQ-001609,Aprovuar,2026-06-24 10:00:00,REF-93040-07-09-2026
PRJ-001609,REQ-001610,Aprovuar,2026-06-11 12:00:00,REF-92876-07-08-2026
PRJ-001610,REQ-001611,Aprovuar,2026-06-16 08:30:00,REF-92966-07-09-2026
PRJ-001611,REQ-001612,Aprovuar,2026-06-28 08:30:00,REF-92934-07-09-2026
PRJ-001612,REQ-001613,Aprovuar,2026-06-27 10:00:00,REF-92898-07-09-2026
PRJ-001613,REQ-001614,Aprovuar,2026-06-15 10:00:00,REF-92902-07-09-2026
PRJ-001614,REQ-001615,Aprovuar,2026-06-19 10:00:00,REF-92907-07-09-2026
PRJ-001615,REQ-001616,Aprovuar,2026-07-05 10:00:00,REF-92909-07-09-2026
PRJ-001616,REQ-001617,Aprovuar,2026-06-25 10:00:00,REF-92911-07-09-2026
PRJ-001617,REQ-001618,Aprovuar,2026-06-15 10:00:00,REF-92913-07-09-2026
PRJ-001618,REQ-001619,Aprovuar,2026-06-18 10:00:00,REF-92916-07-09-2026
PRJ-001619,REQ-001620,Aprovuar,2026-06-15 10:00:00,REF-92918-07-09-2026
PRJ-001620,REQ-001621,Aprovuar,2026-06-12 10:00:00,REF-92920-07-09-2026
PRJ-001621,REQ-001622,Aprovuar,2026-06-30 10:00:00,REF-92895-07-09-2026
PRJ-001622,REQ-001623,Aprovuar,2026-06-25 10:00:00,REF-92904-07-09-2026
PRJ-001623,REQ-001624,Aprovuar,2026-06-21 10:00:00,REF-93048-07-09-2026
PRJ-001624,REQ-001625,Aprovuar,2026-06-30 10:00:00,REF-93071-07-09-2026
PRJ-001625,REQ-001626,Aprovuar,2026-06-26 08:30:00,REF-93066-07-09-2026
PRJ-001626,REQ-001627,Aprovuar,2026-06-20 08:30:00,REF-93070-07-09-2026
PRJ-001627,REQ-001628,Aprovuar,2026-06-14 08:30:00,REF-93063-07-09-2026
PRJ-001628,REQ-001629,Aprovuar,2026-06-26 08:30:00,REF-93068-07-09-2026
PRJ-001629,REQ-001630,Aprovuar,2026-06-22 10:00:00,REF-93064-07-09-2026
PRJ-001630,REQ-001631,Aprovuar,2026-07-04 08:00:00,REF-93008-07-09-2026
PRJ-001631,REQ-001632,Aprovuar,2026-06-18 12:00:00,REF-92979-07-09-2026
PRJ-001632,REQ-001633,Aprovuar,2026-06-13 08:00:00,REF-92921-07-09-2026
PRJ-001633,REQ-001634,Aprovuar,2026-06-10 10:00:00,REF-92877-07-08-2026
PRJ-001635,REQ-001636,Aprovuar,2026-06-23 14:00:00,REF-92822-07-08-2026
PRJ-001636,REQ-001637,Aprovuar,2026-07-04 11:00:00,REF-92729-07-08-2026
PRJ-001637,REQ-001638,Aprovuar,2026-07-03 08:00:00,REF-92871-07-08-2026
PRJ-001639,REQ-001640,Aprovuar,2026-06-25 08:00:00,REF-92841-07-08-2026
PRJ-001641,REQ-001642,Aprovuar,2026-06-13 08:30:00,REF-92800-07-08-2026
PRJ-001642,REQ-001643,Aprovuar,2026-06-25 08:00:00,REF-92745-07-08-2026
PRJ-001643,REQ-001644,Aprovuar,2026-06-18 08:00:00,REF-92887-07-08-2026
PRJ-001644,REQ-001645,Aprovuar,2026-06-18 09:00:00,REF-92882-07-08-2026
PRJ-001645,REQ-001646,Aprovuar,2026-06-10 09:00:00,REF-92874-07-08-2026
PRJ-001646,REQ-001647,Aprovuar,2026-06-25 09:00:00,REF-92879-07-08-2026
PRJ-001647,REQ-001648,Aprovuar,2026-06-11 08:00:00,REF-92891-07-08-2026
PRJ-001649,REQ-001650,Aprovuar,2026-06-14 10:00:00,REF-92869-07-08-2026
PRJ-001650,REQ-001651,Aprovuar,2026-06-29 09:00:00,REF-92676-07-07-2026
PRJ-001655,REQ-001656,Aprovuar,2026-06-28 12:00:00,REF-92587-07-07-2026
PRJ-001656,REQ-001657,Aprovuar,2026-07-03 12:00:00,REF-92579-07-07-2026
PRJ-001657,REQ-001658,Aprovuar,2026-06-19 12:00:00,REF-92584-07-07-2026
PRJ-001658,REQ-001659,Aprovuar,2026-06-16 09:00:00,REF-92699-07-07-2026
PRJ-001659,REQ-001660,Aprovuar,2026-07-02 10:00:00,REF-92578-07-07-2026
PRJ-001660,REQ-001661,Aprovuar,2026-06-26 09:00:00,REF-91793-06-30-2026
PRJ-001661,REQ-001662,Aprovuar,2026-06-29 10:00:00,REF-92654-07-07-2026
PRJ-001662,REQ-001663,Aprovuar,2026-06-18 09:00:00,REF-92633-07-07-2026
PRJ-001663,REQ-001664,Aprovuar,2026-07-01 16:00:00,REF-92685-07-07-2026
PRJ-001664,REQ-001665,Aprovuar,2026-06-16 08:00:00,REF-92670-07-07-2026
PRJ-001666,REQ-001667,Aprovuar,2026-06-09 10:00:00,REF-92593-07-07-2026
PRJ-001667,REQ-001668,Aprovuar,2026-06-14 10:30:00,REF-92689-07-07-2026
PRJ-001668,REQ-001669,Aprovuar,2026-06-16 11:00:00,REF-92669-07-07-2026
PRJ-001669,REQ-001670,Aprovuar,2026-06-28 10:00:00,REF-92659-07-07-2026
PRJ-001674,REQ-001675,Aprovuar,2026-06-13 09:00:00,REF-92559-07-06-2026
PRJ-001675,REQ-001676,Aprovuar,2026-06-18 08:00:00,REF-92558-07-06-2026
PRJ-001676,REQ-001677,Aprovuar,2026-06-21 13:00:00,REF-92477-07-06-2026
PRJ-001677,REQ-001678,Aprovuar,2026-06-13 08:30:00,REF-92553-07-06-2026
PRJ-001678,REQ-001679,Aprovuar,2026-06-20 10:00:00,REF-92438-07-06-2026
PRJ-001679,REQ-001680,Aprovuar,2026-07-01 12:00:00,REF-92431-07-06-2026
PRJ-001681,REQ-001682,Aprovuar,2026-06-28 09:00:00,REF-92529-07-06-2026
PRJ-001682,REQ-001683,Aprovuar,2026-06-26 10:00:00,REF-92546-07-06-2026
PRJ-001683,REQ-001684,Aprovuar,2026-06-24 11:00:00,REF-92519-07-06-2026
PRJ-001684,REQ-001685,Aprovuar,2026-06-27 08:00:00,REF-92501-07-06-2026
PRJ-001686,REQ-001687,Aprovuar,2026-06-27 14:00:00,REF-92503-07-06-2026
PRJ-001687,REQ-001688,Aprovuar,2026-06-29 11:00:00,REF-92508-07-06-2026
PRJ-001689,REQ-001690,Aprovuar,2026-06-19 10:00:00,REF-92551-07-06-2026
PRJ-001690,REQ-001691,Aprovuar,2026-06-10 09:00:00,REF-92557-07-06-2026
PRJ-001691,REQ-001692,Aprovuar,2026-06-25 09:00:00,REF-92552-07-06-2026
PRJ-001692,REQ-001693,Aprovuar,2026-06-23 09:00:00,REF-92555-07-06-2026
PRJ-001694,REQ-001695,Aprovuar,2026-06-27 08:30:00,REF-92511-07-06-2026
PRJ-001695,REQ-001696,Aprovuar,2026-06-17 08:00:00,REF-92550-07-06-2026
PRJ-001696,REQ-001697,Aprovuar,2026-06-15 10:00:00,REF-92543-07-06-2026
PRJ-001698,REQ-001699,Aprovuar,2026-07-01 10:00:00,REF-92455-07-06-2026
PRJ-001699,REQ-001700,Aprovuar,2026-06-13 10:00:00,REF-92545-07-06-2026
PRJ-001700,REQ-001701,Aprovuar,2026-06-25 10:00:00,REF-92536-07-06-2026
PRJ-001701,REQ-001702,Aprovuar,2026-06-24 10:00:00,REF-92527-07-06-2026
PRJ-001703,REQ-001704,Aprovuar,2026-06-14 08:00:00,REF-92219-07-03-2026
PRJ-001704,REQ-001705,Aprovuar,2026-06-10 10:00:00,REF-92196-07-03-2026
PRJ-001705,REQ-001706,Aprovuar,2026-07-01 09:00:00,REF-91776-06-30-2026
PRJ-001706,REQ-001707,Aprovuar,2026-06-20 10:30:00,REF-92371-07-03-2026
PRJ-001708,REQ-001709,Aprovuar,2026-06-11 09:00:00,REF-92243-07-03-2026
PRJ-001709,REQ-001710,Aprovuar,2026-06-13 10:00:00,REF-92146-07-03-2026
PRJ-001710,REQ-001711,Aprovuar,2026-06-11 08:00:00,REF-92211-07-03-2026
PRJ-001713,REQ-001714,Aprovuar,2026-06-29 11:00:00,REF-92156-07-03-2026
PRJ-001714,REQ-001715,Aprovuar,2026-06-17 09:00:00,REF-92061-07-02-2026
PRJ-001715,REQ-001716,Aprovuar,2026-06-07 09:00:00,REF-92075-07-02-2026
PRJ-001716,REQ-001717,Aprovuar,2026-06-23 09:00:00,REF-92392-07-03-2026
PRJ-001718,REQ-001719,Aprovuar,2026-06-10 08:00:00,REF-92220-07-03-2026
PRJ-001721,REQ-001722,Aprovuar,2026-06-23 08:30:00,REF-92335-07-03-2026
PRJ-001722,REQ-001723,Aprovuar,2026-06-19 08:30:00,REF-92342-07-03-2026
PRJ-001723,REQ-001724,Aprovuar,2026-06-15 08:30:00,REF-92306-07-03-2026
PRJ-001725,REQ-001726,Aprovuar,2026-06-21 09:00:00,REF-92177-07-03-2026
PRJ-001727,REQ-001728,Aprovuar,2026-06-07 08:00:00,REF-92170-07-03-2026
PRJ-001728,REQ-001729,Aprovuar,2026-06-15 08:00:00,REF-92291-07-03-2026
PRJ-001729,REQ-001730,Aprovuar,2026-06-13 09:00:00,REF-92365-07-03-2026
PRJ-001731,REQ-001732,Aprovuar,2026-06-16 11:00:00,REF-92209-07-03-2026
PRJ-001732,REQ-001733,Aprovuar,2026-06-25 09:00:00,REF-92169-07-03-2026
PRJ-001738,REQ-001739,Aprovuar,2026-06-20 09:00:00,REF-92116-07-02-2026
PRJ-001739,REQ-001740,Aprovuar,2026-06-06 09:00:00,REF-92063-07-02-2026
PRJ-001740,REQ-001741,Aprovuar,2026-06-11 08:00:00,REF-92086-07-02-2026
PRJ-001741,REQ-001742,Aprovuar,2026-06-06 08:00:00,REF-92071-07-02-2026
PRJ-001742,REQ-001743,Aprovuar,2026-06-20 08:00:00,REF-92049-07-02-2026
PRJ-001743,REQ-001744,Aprovuar,2026-06-22 08:30:00,REF-92111-07-02-2026
PRJ-001744,REQ-001745,Aprovuar,2026-06-12 12:00:00,REF-92046-07-02-2026
PRJ-001745,REQ-001746,Aprovuar,2026-06-25 09:00:00,REF-92109-07-02-2026
PRJ-001746,REQ-001747,Aprovuar,2026-06-07 09:00:00,REF-92099-07-02-2026
PRJ-001747,REQ-001748,Aprovuar,2026-06-21 09:00:00,REF-92104-07-02-2026
PRJ-001748,REQ-001749,Aprovuar,2026-06-13 13:30:00,REF-92076-07-02-2026
PRJ-001749,REQ-001750,Aprovuar,2026-06-14 13:00:00,REF-92067-07-02-2026
PRJ-001750,REQ-001751,Aprovuar,2026-06-05 13:00:00,REF-92068-07-02-2026
PRJ-001751,REQ-001752,Aprovuar,2026-06-08 12:00:00,REF-92069-07-02-2026
PRJ-001752,REQ-001753,Aprovuar,2026-06-18 12:00:00,REF-92132-07-02-2026
PRJ-001753,REQ-001754,Aprovuar,2026-06-24 08:00:00,REF-92125-07-02-2026
PRJ-001754,REQ-001755,Aprovuar,2026-06-14 08:00:00,REF-92127-07-02-2026
PRJ-001755,REQ-001756,Aprovuar,2026-06-21 08:00:00,REF-92129-07-02-2026
PRJ-001756,REQ-001757,Aprovuar,2026-06-12 08:00:00,REF-92123-07-02-2026
PRJ-001757,REQ-001758,Aprovuar,2026-06-26 08:00:00,REF-92131-07-02-2026
PRJ-001758,REQ-001759,Aprovuar,2026-06-28 11:00:00,REF-92031-07-02-2026
PRJ-001759,REQ-001760,Aprovuar,2026-06-04 09:00:00,REF-91991-07-02-2026
PRJ-001760,REQ-001761,Aprovuar,2026-06-16 10:00:00,REF-92133-07-02-2026
PRJ-001761,REQ-001762,Aprovuar,2026-06-18 10:00:00,REF-92026-07-02-2026
PRJ-001762,REQ-001763,Aprovuar,2026-06-22 10:00:00,REF-92024-07-02-2026
PRJ-001763,REQ-001764,Aprovuar,2026-06-25 10:00:00,REF-92015-07-02-2026
PRJ-001764,REQ-001765,Aprovuar,2026-06-12 10:00:00,REF-92021-07-02-2026
PRJ-001766,REQ-001767,Aprovuar,2026-06-04 08:00:00,REF-92044-07-02-2026
PRJ-001767,REQ-001768,Aprovuar,2026-06-10 09:00:00,REF-92106-07-02-2026
PRJ-001769,REQ-001770,Aprovuar,2026-06-04 08:00:00,REF-92029-07-02-2026
PRJ-001770,REQ-001771,Aprovuar,2026-06-09 09:00:00,REF-92119-07-02-2026
PRJ-001783,REQ-001784,Aprovuar,2026-06-27 08:30:00,REF-91896-07-01-2026
PRJ-001785,REQ-001786,Aprovuar,2026-06-12 10:00:00,REF-91942-07-01-2026
PRJ-001786,REQ-001787,Aprovuar,2026-06-19 15:00:00,REF-91938-07-01-2026
PRJ-001787,REQ-001788,Aprovuar,2026-06-21 10:30:00,REF-91958-07-01-2026
PRJ-001788,REQ-001789,Aprovuar,2026-06-08 09:00:00,REF-91969-07-01-2026
PRJ-001789,REQ-001790,Aprovuar,2026-06-07 08:00:00,REF-91962-07-01-2026
PRJ-001790,REQ-001791,Aprovuar,2026-06-26 09:00:00,REF-91960-07-01-2026
PRJ-001791,REQ-001792,Aprovuar,2026-06-20 09:00:00,REF-91964-07-01-2026
PRJ-001792,REQ-001793,Aprovuar,2026-06-09 12:00:00,REF-91927-07-01-2026
PRJ-001793,REQ-001794,Aprovuar,2026-06-14 10:00:00,REF-91972-07-01-2026
PRJ-001794,REQ-001795,Aprovuar,2026-06-20 10:00:00,REF-91953-07-01-2026
PRJ-001796,REQ-001797,Aprovuar,2026-06-20 10:00:00,REF-91874-07-01-2026
PRJ-001797,REQ-001798,Aprovuar,2026-06-05 08:00:00,REF-91978-07-01-2026
PRJ-001798,REQ-001799,Aprovuar,2026-06-17 09:00:00,REF-91983-07-01-2026
PRJ-001800,REQ-001801,Aprovuar,2026-06-24 09:00:00,REF-91859-07-01-2026
PRJ-001801,REQ-001802,Aprovuar,2026-06-14 09:00:00,REF-91771-06-30-2026
PRJ-001802,REQ-001803,Aprovuar,2026-06-23 09:00:00,REF-91857-07-01-2026
PRJ-001803,REQ-001804,Aprovuar,2026-06-08 10:00:00,REF-91950-07-01-2026
PRJ-001804,REQ-001805,Aprovuar,2026-06-23 10:00:00,REF-91948-07-01-2026
PRJ-001805,REQ-001806,Aprovuar,2026-06-22 10:00:00,REF-91943-07-01-2026
PRJ-001807,REQ-001808,Aprovuar,2026-06-17 09:00:00,REF-91880-07-01-2026
PRJ-001808,REQ-001809,Aprovuar,2026-06-10 09:00:00,REF-91869-07-01-2026
PRJ-001809,REQ-001810,Aprovuar,2026-06-22 09:00:00,REF-91877-07-01-2026
PRJ-001810,REQ-001811,Aprovuar,2026-06-15 10:00:00,REF-91981-07-01-2026
PRJ-001811,REQ-001812,Aprovuar,2026-06-21 08:00:00,REF-91954-07-01-2026
PRJ-001812,REQ-001813,Aprovuar,2026-06-23 11:00:00,REF-91971-07-01-2026
PRJ-001813,REQ-001814,Aprovuar,2026-06-27 08:00:00,REF-91952-07-01-2026
PRJ-001814,REQ-001815,Aprovuar,2026-06-03 08:30:00,REF-91863-07-01-2026
PRJ-001815,REQ-001816,Aprovuar,2026-06-10 09:00:00,REF-91809-06-30-2026
PRJ-001816,REQ-001817,Aprovuar,2026-06-03 08:00:00,REF-91822-06-30-2026
PRJ-001817,REQ-001818,Aprovuar,2026-06-15 09:00:00,REF-91800-06-30-2026
PRJ-001818,REQ-001819,Aprovuar,2026-06-08 11:00:00,REF-91769-06-30-2026
PRJ-001819,REQ-001820,Aprovuar,2026-06-21 10:00:00,REF-91772-06-30-2026
PRJ-001820,REQ-001821,Aprovuar,2026-06-23 08:00:00,REF-91827-06-30-2026
PRJ-001821,REQ-001822,Aprovuar,2026-06-15 08:00:00,REF-91744-06-30-2026
PRJ-001823,REQ-001824,Aprovuar,2026-06-26 08:00:00,REF-91736-06-30-2026
PRJ-001824,REQ-001825,Aprovuar,2026-06-22 08:00:00,REF-91740-06-30-2026
PRJ-001825,REQ-001826,Aprovuar,2026-06-22 08:00:00,REF-91684-06-30-2026
PRJ-001826,REQ-001827,Aprovuar,2026-06-11 08:00:00,REF-91811-06-30-2026
PRJ-001827,REQ-001828,Aprovuar,2026-06-19 14:00:00,REF-91762-06-30-2026
PRJ-001828,REQ-001829,Aprovuar,2026-06-15 08:30:00,REF-91638-06-29-2026
PRJ-001829,REQ-001830,Aprovuar,2026-06-25 10:00:00,REF-91732-06-30-2026
PRJ-001830,REQ-001831,Aprovuar,2026-06-03 08:00:00,REF-91751-06-30-2026
PRJ-001835,REQ-001836,Aprovuar,2026-06-03 09:00:00,REF-91819-06-30-2026
PRJ-001836,REQ-001837,Aprovuar,2026-06-07 14:00:00,REF-91779-06-30-2026
PRJ-001837,REQ-001838,Aprovuar,2026-06-11 10:00:00,REF-91750-06-30-2026
PRJ-001838,REQ-001839,Aprovuar,2026-06-04 10:00:00,REF-91737-06-30-2026
PRJ-001839,REQ-001840,Aprovuar,2026-06-18 10:00:00,REF-91746-06-30-2026
PRJ-001840,REQ-001841,Aprovuar,2026-06-20 10:00:00,REF-91662-06-29-2026
PRJ-001841,REQ-001842,Aprovuar,2026-06-23 11:00:00,REF-91657-06-29-2026
PRJ-001843,REQ-001844,Aprovuar,2026-06-21 09:00:00,REF-91482-06-26-2026
PRJ-001844,REQ-001845,Aprovuar,2026-06-11 08:00:00,REF-91670-06-29-2026
PRJ-001845,REQ-001846,Aprovuar,2026-06-14 08:00:00,REF-91648-06-29-2026
PRJ-001846,REQ-001847,Aprovuar,2026-06-13 08:00:00,REF-91646-06-29-2026
PRJ-001847,REQ-001848,Aprovuar,2026-06-10 08:00:00,REF-91636-06-29-2026
PRJ-001848,REQ-001849,Aprovuar,2026-06-14 08:00:00,REF-91643-06-29-2026
PRJ-001849,REQ-001850,Aprovuar,2026-06-02 08:00:00,REF-91626-06-29-2026
PRJ-001850,REQ-001851,Aprovuar,2026-06-03 13:30:00,REF-91535-06-29-2026
PRJ-001851,REQ-001852,Aprovuar,2026-06-05 09:00:00,REF-91600-06-29-2026
PRJ-001853,REQ-001854,Aprovuar,2026-06-14 12:00:00,REF-91586-06-29-2026
PRJ-001854,REQ-001855,Aprovuar,2026-06-07 08:00:00,REF-91539-06-29-2026
PRJ-001855,REQ-001856,Aprovuar,2026-06-25 08:00:00,REF-91551-06-29-2026
PRJ-001856,REQ-001857,Aprovuar,2026-06-11 08:00:00,REF-91592-06-29-2026
PRJ-001859,REQ-001860,Aprovuar,2026-06-02 15:00:00,REF-91458-06-26-2026
PRJ-001860,REQ-001861,Aprovuar,2026-06-09 08:00:00,REF-91470-06-26-2026
PRJ-001861,REQ-001862,Aprovuar,2026-06-03 08:30:00,REF-91507-06-26-2026
PRJ-001862,REQ-001863,Aprovuar,2026-06-17 10:00:00,REF-91457-06-26-2026
PRJ-001863,REQ-001864,Aprovuar,2026-06-09 08:00:00,REF-91425-06-26-2026
PRJ-001864,REQ-001865,Aprovuar,2026-06-06 08:00:00,REF-91481-06-26-2026
PRJ-001865,REQ-001866,Aprovuar,2026-06-04 10:00:00,REF-91459-06-26-2026
PRJ-001866,REQ-001867,Aprovuar,2026-06-03 08:00:00,REF-91282-06-25-2026
PRJ-001867,REQ-001868,Aprovuar,2026-06-10 08:00:00,REF-91421-06-26-2026
PRJ-001868,REQ-001869,Aprovuar,2026-06-13 10:00:00,REF-91453-06-26-2026
PRJ-001869,REQ-001870,Aprovuar,2026-06-01 08:30:00,REF-91503-06-26-2026
PRJ-001870,REQ-001871,Aprovuar,2026-06-19 09:00:00,REF-91502-06-26-2026
PRJ-001871,REQ-001872,Aprovuar,2026-06-01 08:00:00,REF-91492-06-26-2026
PRJ-001872,REQ-001873,Aprovuar,2026-06-18 11:00:00,REF-91466-06-26-2026
PRJ-001873,REQ-001874,Aprovuar,2026-06-18 10:00:00,REF-91423-06-26-2026
PRJ-001874,REQ-001875,Aprovuar,2026-06-20 09:00:00,REF-91419-06-26-2026
PRJ-001875,REQ-001876,Aprovuar,2026-06-14 10:00:00,REF-91426-06-26-2026
PRJ-001876,REQ-001877,Aprovuar,2026-06-11 08:00:00,REF-91407-06-26-2026
PRJ-001877,REQ-001878,Aprovuar,2026-06-14 08:00:00,REF-91205-06-25-2026
PRJ-001878,REQ-001879,Aprovuar,2026-06-01 08:30:00,REF-91508-06-26-2026
PRJ-001881,REQ-001882,Aprovuar,2026-05-28 09:30:00,REF-91355-06-25-2026
PRJ-001882,REQ-001883,Aprovuar,2026-06-15 08:30:00,REF-91228-06-25-2026
PRJ-001885,REQ-001886,Aprovuar,2026-06-11 08:30:00,REF-91208-06-25-2026
PRJ-001886,REQ-001887,Aprovuar,2026-06-20 08:30:00,REF-91215-06-25-2026
PRJ-001888,REQ-001889,Aprovuar,2026-06-12 09:00:00,REF-91365-06-25-2026
PRJ-001889,REQ-001890,Aprovuar,2026-06-12 09:00:00,REF-91367-06-25-2026
PRJ-001891,REQ-001892,Aprovuar,2026-06-03 09:00:00,REF-91371-06-25-2026
PRJ-001895,REQ-001896,Aprovuar,2026-06-20 09:00:00,REF-91379-06-25-2026
PRJ-001896,REQ-001897,Aprovuar,2026-06-07 09:00:00,REF-91381-06-25-2026
PRJ-001902,REQ-001903,Aprovuar,2026-05-31 09:00:00,REF-91395-06-25-2026
PRJ-001903,REQ-001904,Aprovuar,2026-06-02 09:00:00,REF-91397-06-25-2026
PRJ-001904,REQ-001905,Aprovuar,2026-06-19 09:00:00,REF-91358-06-25-2026
PRJ-001906,REQ-001907,Aprovuar,2026-06-14 08:30:00,REF-91206-06-25-2026
PRJ-001907,REQ-001908,Aprovuar,2026-05-31 09:30:00,REF-91283-06-25-2026
PRJ-001908,REQ-001909,Aprovuar,2026-06-19 08:00:00,REF-91344-06-25-2026
PRJ-001909,REQ-001910,Aprovuar,2026-06-08 08:00:00,REF-91346-06-25-2026
PRJ-001910,REQ-001911,Aprovuar,2026-06-01 08:00:00,REF-91339-06-25-2026
PRJ-001912,REQ-001913,Aprovuar,2026-05-28 08:00:00,REF-91357-06-25-2026
PRJ-001913,REQ-001914,Aprovuar,2026-05-28 09:00:00,REF-91313-06-25-2026
PRJ-001914,REQ-001915,Aprovuar,2026-06-14 08:00:00,REF-91266-06-25-2026
PRJ-001915,REQ-001916,Aprovuar,2026-06-02 08:00:00,REF-91338-06-25-2026
PRJ-001917,REQ-001918,Aprovuar,2026-06-14 08:00:00,REF-91263-06-25-2026
PRJ-001918,REQ-001919,Aprovuar,2026-06-18 10:00:00,REF-91402-06-25-2026
PRJ-001920,REQ-001921,Aprovuar,2026-05-29 09:00:00,REF-91185-06-24-2026
PRJ-001921,REQ-001922,Aprovuar,2026-06-16 12:00:00,REF-91095-06-24-2026
PRJ-001922,REQ-001923,Aprovuar,2026-05-30 09:00:00,REF-91156-06-24-2026
PRJ-001923,REQ-001924,Aprovuar,2026-06-08 10:00:00,REF-91174-06-24-2026
PRJ-001924,REQ-001925,Aprovuar,2026-06-10 10:00:00,REF-91163-06-24-2026
PRJ-001925,REQ-001926,Aprovuar,2026-06-02 10:00:00,REF-91130-06-24-2026
PRJ-001926,REQ-001927,Aprovuar,2026-06-02 10:00:00,REF-91173-06-24-2026
PRJ-001927,REQ-001928,Aprovuar,2026-05-29 10:00:00,REF-91082-06-24-2026
PRJ-001928,REQ-001929,Aprovuar,2026-06-09 08:00:00,REF-91176-06-24-2026
PRJ-001929,REQ-001930,Aprovuar,2026-06-05 09:00:00,REF-90996-06-24-2026
PRJ-001930,REQ-001931,Aprovuar,2026-05-31 09:00:00,REF-90999-06-24-2026
PRJ-001931,REQ-001932,Aprovuar,2026-06-11 08:00:00,REF-91177-06-24-2026
PRJ-001932,REQ-001933,Aprovuar,2026-06-11 10:00:00,REF-91068-06-24-2026
PRJ-001933,REQ-001934,Aprovuar,2026-05-30 15:30:00,REF-91160-06-24-2026
PRJ-001934,REQ-001935,Aprovuar,2026-06-08 08:30:00,REF-91123-06-24-2026
PRJ-001935,REQ-001936,Aprovuar,2026-05-27 13:30:00,REF-91072-06-24-2026
PRJ-001936,REQ-001937,Aprovuar,2026-06-02 15:00:00,REF-91140-06-24-2026
PRJ-001937,REQ-001938,Aprovuar,2026-06-01 09:30:00,REF-91019-06-24-2026
PRJ-001943,REQ-001944,Aprovuar,2026-05-31 09:00:00,REF-90871-06-23-2026
PRJ-001944,REQ-001945,Aprovuar,2026-06-01 08:00:00,REF-90592-06-19-2026
PRJ-001945,REQ-001946,Aprovuar,2026-06-18 08:00:00,REF-90590-06-19-2026
PRJ-001946,REQ-001947,Aprovuar,2026-06-18 11:00:00,REF-90992-06-23-2026
PRJ-001947,REQ-001948,Aprovuar,2026-06-06 14:00:00,REF-90988-06-23-2026
PRJ-001948,REQ-001949,Aprovuar,2026-06-14 08:00:00,REF-90983-06-23-2026
PRJ-001949,REQ-001950,Aprovuar,2026-06-02 10:00:00,REF-90865-06-23-2026
PRJ-001950,REQ-001951,Aprovuar,2026-06-15 10:00:00,REF-90856-06-23-2026
PRJ-001951,REQ-001952,Aprovuar,2026-06-11 08:30:00,REF-90974-06-23-2026
PRJ-001952,REQ-001953,Aprovuar,2026-05-28 08:00:00,REF-90942-06-23-2026
PRJ-001953,REQ-001954,Aprovuar,2026-06-04 09:00:00,REF-89460-06-10-2026
PRJ-001957,REQ-001958,Aprovuar,2026-06-10 10:00:00,REF-90750-06-22-2026
PRJ-001958,REQ-001959,Aprovuar,2026-06-07 10:00:00,REF-90649-06-19-2026
PRJ-001959,REQ-001960,Aprovuar,2026-06-13 15:30:00,REF-90788-06-22-2026
PRJ-001960,REQ-001961,Aprovuar,2026-05-25 10:00:00,REF-90830-06-22-2026
PRJ-001961,REQ-001962,Aprovuar,2026-06-03 12:00:00,REF-90751-06-22-2026
PRJ-001962,REQ-001963,Aprovuar,2026-06-07 10:00:00,REF-90721-06-22-2026
PRJ-001963,REQ-001964,Aprovuar,2026-06-04 10:00:00,REF-90671-06-22-2026
PRJ-001964,REQ-001965,Aprovuar,2026-05-25 10:00:00,REF-90797-06-22-2026
PRJ-001965,REQ-001966,Aprovuar,2026-06-07 10:00:00,REF-90711-06-22-2026
PRJ-001966,REQ-001967,Aprovuar,2026-06-11 09:30:00,REF-90791-06-22-2026
PRJ-001967,REQ-001968,Aprovuar,2026-06-05 09:30:00,REF-90724-06-22-2026
PRJ-001968,REQ-001969,Aprovuar,2026-05-25 09:30:00,REF-90789-06-22-2026
PRJ-001969,REQ-001970,Aprovuar,2026-05-26 09:00:00,REF-90678-06-22-2026
PRJ-001970,REQ-001971,Aprovuar,2026-05-31 10:00:00,REF-90811-06-22-2026
PRJ-001971,REQ-001972,Aprovuar,2026-05-28 10:00:00,REF-90815-06-22-2026
PRJ-001973,REQ-001974,Aprovuar,2026-06-16 10:00:00,REF-90773-06-22-2026
PRJ-001975,REQ-001976,Aprovuar,2026-06-01 13:00:00,REF-90717-06-22-2026
PRJ-001977,REQ-001978,Aprovuar,2026-06-05 08:00:00,REF-90819-06-22-2026
PRJ-001979,REQ-001980,Aprovuar,2026-06-16 12:30:00,REF-90701-06-22-2026
PRJ-001983,REQ-001984,Aprovuar,2026-05-29 08:00:00,REF-90652-06-19-2026
PRJ-001984,REQ-001985,Aprovuar,2026-06-06 08:00:00,REF-90628-06-19-2026
PRJ-001985,REQ-001986,Aprovuar,2026-06-10 10:00:00,REF-90631-06-19-2026
PRJ-001986,REQ-001987,Aprovuar,2026-06-01 08:30:00,REF-90587-06-19-2026
PRJ-001987,REQ-001988,Aprovuar,2026-06-01 10:00:00,REF-90660-06-19-2026
PRJ-001988,REQ-001989,Aprovuar,2026-06-04 08:00:00,REF-90648-06-19-2026
PRJ-001989,REQ-001990,Aprovuar,2026-06-01 08:00:00,REF-90387-06-17-2026
PRJ-001990,REQ-001991,Aprovuar,2026-06-03 08:00:00,REF-90588-06-19-2026
PRJ-001993,REQ-001994,Aprovuar,2026-06-13 11:00:00,REF-90491-06-18-2026
PRJ-001994,REQ-001995,Aprovuar,2026-05-29 09:00:00,REF-90537-06-18-2026
PRJ-001996,REQ-001997,Aprovuar,2026-06-13 08:00:00,REF-90538-06-18-2026
PRJ-001997,REQ-001998,Aprovuar,2026-06-01 08:00:00,REF-90523-06-18-2026
PRJ-001999,REQ-002000,Aprovuar,2026-06-14 11:00:00,REF-90486-06-18-2026
PRJ-002000,REQ-002001,Aprovuar,2026-06-07 08:00:00,REF-90545-06-18-2026
PRJ-002002,REQ-002003,Aprovuar,2026-06-07 11:00:00,REF-90502-06-18-2026
PRJ-002003,REQ-002004,Aprovuar,2026-06-05 12:00:00,REF-90453-06-18-2026
PRJ-002004,REQ-002005,Aprovuar,2026-05-21 10:30:00,REF-90555-06-18-2026
PRJ-002005,REQ-002006,Aprovuar,2026-05-25 08:00:00,REF-90494-06-18-2026
PRJ-002006,REQ-002007,Aprovuar,2026-06-11 10:00:00,REF-90559-06-18-2026
PRJ-002007,REQ-002008,Aprovuar,2026-05-30 08:30:00,REF-90571-06-18-2026
PRJ-002008,REQ-002009,Aprovuar,2026-05-22 08:30:00,REF-90547-06-18-2026
PRJ-002009,REQ-002010,Aprovuar,2026-06-02 10:00:00,REF-90374-06-17-2026
PRJ-002010,REQ-002011,Aprovuar,2026-05-25 10:00:00,REF-90333-06-17-2026
PRJ-002012,REQ-002013,Aprovuar,2026-06-01 08:00:00,REF-90420-06-17-2026
PRJ-002013,REQ-002014,Aprovuar,2026-05-31 08:00:00,REF-90205-06-16-2026
PRJ-002014,REQ-002015,Aprovuar,2026-05-29 11:00:00,REF-90441-06-17-2026
PRJ-002015,REQ-002016,Aprovuar,2026-06-11 10:00:00,REF-90349-06-17-2026
PRJ-002016,REQ-002017,Aprovuar,2026-05-21 09:00:00,REF-90332-06-17-2026
PRJ-002017,REQ-002018,Aprovuar,2026-06-10 08:00:00,REF-90351-06-17-2026
PRJ-002019,REQ-002020,Aprovuar,2026-05-20 10:00:00,REF-90357-06-17-2026
PRJ-002028,REQ-002029,Aprovuar,2026-06-01 11:00:00,REF-90284-06-16-2026
PRJ-002029,REQ-002030,Aprovuar,2026-06-01 11:00:00,REF-90287-06-16-2026
PRJ-002030,REQ-002031,Aprovuar,2026-05-20 09:00:00,REF-90241-06-16-2026
PRJ-002032,REQ-002033,Aprovuar,2026-06-10 09:00:00,REF-90185-06-16-2026
PRJ-002033,REQ-002034,Aprovuar,2026-06-02 12:00:00,REF-90263-06-16-2026
PRJ-002034,REQ-002035,Aprovuar,2026-06-07 08:00:00,REF-90211-06-16-2026
PRJ-002035,REQ-002036,Aprovuar,2026-06-07 08:00:00,REF-90285-06-16-2026
PRJ-002036,REQ-002037,Aprovuar,2026-05-22 10:00:00,REF-90193-06-16-2026
PRJ-002037,REQ-002038,Aprovuar,2026-05-23 16:00:00,REF-90276-06-16-2026
PRJ-002038,REQ-002039,Aprovuar,2026-05-24 09:00:00,REF-90136-06-16-2026
PRJ-002039,REQ-002040,Aprovuar,2026-06-11 10:00:00,REF-90149-06-16-2026
PRJ-002040,REQ-002041,Aprovuar,2026-05-26 08:00:00,REF-90226-06-16-2026
PRJ-002042,REQ-002043,Aprovuar,2026-06-11 10:00:00,REF-90200-06-16-2026
PRJ-002043,REQ-002044,Aprovuar,2026-05-27 08:30:00,REF-90235-06-16-2026
PRJ-002052,REQ-002053,Aprovuar,2026-06-07 08:00:00,REF-90100-06-15-2026
PRJ-002054,REQ-002055,Aprovuar,2026-06-11 08:30:00,REF-90026-06-15-2026
PRJ-002055,REQ-002056,Aprovuar,2026-05-24 08:30:00,REF-90016-06-15-2026
PRJ-002058,REQ-002059,Aprovuar,2026-06-08 09:00:00,REF-90051-06-15-2026
PRJ-002060,REQ-002061,Aprovuar,2026-06-06 08:30:00,REF-90028-06-15-2026
PRJ-002061,REQ-002062,Aprovuar,2026-05-31 08:30:00,REF-90097-06-15-2026
PRJ-002064,REQ-002065,Aprovuar,2026-05-18 08:30:00,REF-90087-06-15-2026
PRJ-002066,REQ-002067,Aprovuar,2026-06-05 14:00:00,REF-90015-06-15-2026
PRJ-002067,REQ-002068,Aprovuar,2026-05-26 09:00:00,REF-89979-06-15-2026
PRJ-002068,REQ-002069,Aprovuar,2026-05-25 10:00:00,REF-89995-06-15-2026
PRJ-002069,REQ-002070,Aprovuar,2026-05-27 09:00:00,REF-89867-06-12-2026
PRJ-002071,REQ-002072,Aprovuar,2026-05-20 11:00:00,REF-89951-06-15-2026
PRJ-002072,REQ-002073,Aprovuar,2026-05-24 08:30:00,REF-89948-06-15-2026
PRJ-002081,REQ-002082,Aprovuar,2026-06-02 10:00:00,REF-89885-06-12-2026
PRJ-002082,REQ-002083,Aprovuar,2026-05-25 10:00:00,REF-89907-06-12-2026
PRJ-002083,REQ-002084,Aprovuar,2026-06-02 08:30:00,REF-89864-06-12-2026
PRJ-002084,REQ-002085,Aprovuar,2026-05-31 08:30:00,REF-89807-06-12-2026
PRJ-002085,REQ-002086,Aprovuar,2026-05-31 08:00:00,REF-89865-06-12-2026
PRJ-002086,REQ-002087,Aprovuar,2026-06-02 08:00:00,REF-89832-06-12-2026
PRJ-002087,REQ-002088,Aprovuar,2026-06-10 08:00:00,REF-89870-06-12-2026
PRJ-002088,REQ-002089,Aprovuar,2026-05-25 08:30:00,REF-89845-06-12-2026
PRJ-002089,REQ-002090,Aprovuar,2026-05-24 08:00:00,REF-89817-06-12-2026
PRJ-002099,REQ-002100,Aprovuar,2026-06-06 08:00:00,REF-89752-06-11-2026
PRJ-002100,REQ-002101,Aprovuar,2026-05-26 10:00:00,REF-89686-06-11-2026
PRJ-002102,REQ-002103,Aprovuar,2026-06-06 08:00:00,REF-89710-06-11-2026
PRJ-002103,REQ-002104,Aprovuar,2026-05-25 09:00:00,REF-89744-06-11-2026
PRJ-002104,REQ-002105,Aprovuar,2026-05-23 08:00:00,REF-89682-06-11-2026
PRJ-002105,REQ-002106,Aprovuar,2026-05-21 08:00:00,REF-89754-06-11-2026
PRJ-002106,REQ-002107,Aprovuar,2026-05-27 10:00:00,REF-89770-06-11-2026
PRJ-002107,REQ-002108,Aprovuar,2026-06-04 09:00:00,REF-89796-06-11-2026
PRJ-002108,REQ-002109,Aprovuar,2026-06-02 09:00:00,REF-89795-06-11-2026
PRJ-002109,REQ-002110,Aprovuar,2026-05-15 16:00:00,REF-89775-06-11-2026
PRJ-002110,REQ-002111,Aprovuar,2026-06-06 09:00:00,REF-89793-06-11-2026
PRJ-002111,REQ-002112,Aprovuar,2026-05-18 09:00:00,REF-89789-06-11-2026
PRJ-002112,REQ-002113,Aprovuar,2026-06-03 09:00:00,REF-89791-06-11-2026
PRJ-002115,REQ-002116,Aprovuar,2026-05-30 14:30:00,REF-89743-06-11-2026
PRJ-002116,REQ-002117,Aprovuar,2026-06-03 10:00:00,REF-89761-06-11-2026
PRJ-002117,REQ-002118,Aprovuar,2026-05-31 09:00:00,REF-89691-06-11-2026
PRJ-002118,REQ-002119,Aprovuar,2026-05-18 11:00:00,REF-89740-06-11-2026
PRJ-002119,REQ-002120,Aprovuar,2026-06-04 09:00:00,REF-88749-06-03-2026
PRJ-002120,REQ-002121,Aprovuar,2026-05-26 11:00:00,REF-89438-06-10-2026
PRJ-002121,REQ-002122,Aprovuar,2026-06-02 12:00:00,REF-89624-06-10-2026
PRJ-002123,REQ-002124,Aprovuar,2026-05-17 08:00:00,REF-89519-06-10-2026
PRJ-002125,REQ-002126,Aprovuar,2026-05-19 10:00:00,REF-89443-06-10-2026
PRJ-002126,REQ-002127,Aprovuar,2026-05-31 14:00:00,REF-89510-06-10-2026
PRJ-002127,REQ-002128,Aprovuar,2026-05-18 08:00:00,REF-89629-06-10-2026
PRJ-002128,REQ-002129,Aprovuar,2026-05-28 08:00:00,REF-89625-06-10-2026
PRJ-002129,REQ-002130,Aprovuar,2026-05-16 08:00:00,REF-89627-06-10-2026
PRJ-002130,REQ-002131,Aprovuar,2026-05-17 08:00:00,REF-89586-06-10-2026
PRJ-002131,REQ-002132,Aprovuar,2026-05-13 08:00:00,REF-89584-06-10-2026
PRJ-002132,REQ-002133,Aprovuar,2026-05-24 08:00:00,REF-89580-06-10-2026
PRJ-002133,REQ-002134,Aprovuar,2026-06-04 08:00:00,REF-89578-06-10-2026
PRJ-002134,REQ-002135,Aprovuar,2026-05-29 08:00:00,REF-89576-06-10-2026
PRJ-002135,REQ-002136,Aprovuar,2026-05-15 08:00:00,REF-89574-06-10-2026
PRJ-002136,REQ-002137,Aprovuar,2026-06-05 08:00:00,REF-89571-06-10-2026
PRJ-002137,REQ-002138,Aprovuar,2026-05-21 08:00:00,REF-89569-06-10-2026
PRJ-002138,REQ-002139,Aprovuar,2026-05-19 08:00:00,REF-89567-06-10-2026
PRJ-002139,REQ-002140,Aprovuar,2026-05-28 08:00:00,REF-89565-06-10-2026
PRJ-002140,REQ-002141,Aprovuar,2026-05-31 08:00:00,REF-89557-06-10-2026
PRJ-002141,REQ-002142,Aprovuar,2026-06-04 08:00:00,REF-89563-06-10-2026
PRJ-002142,REQ-002143,Aprovuar,2026-05-16 16:30:00,REF-89611-06-10-2026
PRJ-002143,REQ-002144,Aprovuar,2026-05-23 11:00:00,REF-89617-06-10-2026
PRJ-002144,REQ-002145,Aprovuar,2026-05-24 11:00:00,REF-89613-06-10-2026
PRJ-002145,REQ-002146,Aprovuar,2026-05-29 11:00:00,REF-89615-06-10-2026
PRJ-002147,REQ-002148,Aprovuar,2026-05-27 09:00:00,REF-89449-06-10-2026
PRJ-002149,REQ-002150,Aprovuar,2026-05-22 13:30:00,REF-89537-06-10-2026
PRJ-002154,REQ-002155,Aprovuar,2026-06-03 09:00:00,REF-89299-06-09-2026
PRJ-002155,REQ-002156,Aprovuar,2026-06-02 08:00:00,REF-89280-06-09-2026
PRJ-002156,REQ-002157,Aprovuar,2026-05-28 09:00:00,REF-89235-06-09-2026
PRJ-002157,REQ-002158,Aprovuar,2026-05-25 10:00:00,REF-89261-06-09-2026
PRJ-002158,REQ-002159,Aprovuar,2026-05-28 09:00:00,REF-89297-06-09-2026
PRJ-002159,REQ-002160,Aprovuar,2026-05-15 11:00:00,REF-89327-06-09-2026
PRJ-002160,REQ-002161,Aprovuar,2026-05-19 08:00:00,REF-89295-06-09-2026
PRJ-002161,REQ-002162,Aprovuar,2026-05-18 09:00:00,REF-89368-06-09-2026
PRJ-002162,REQ-002163,Aprovuar,2026-05-30 08:00:00,REF-89385-06-09-2026
PRJ-002163,REQ-002164,Aprovuar,2026-05-31 08:00:00,REF-89383-06-09-2026
PRJ-002164,REQ-002165,Aprovuar,2026-05-29 08:00:00,REF-89381-06-09-2026
PRJ-002165,REQ-002166,Aprovuar,2026-05-18 08:00:00,REF-89377-06-09-2026
PRJ-002166,REQ-002167,Aprovuar,2026-05-15 08:00:00,REF-89379-06-09-2026
PRJ-002167,REQ-002168,Aprovuar,2026-06-01 08:00:00,REF-89362-06-09-2026
PRJ-002168,REQ-002169,Aprovuar,2026-05-31 12:00:00,REF-89279-06-09-2026
PRJ-002169,REQ-002170,Aprovuar,2026-05-23 09:00:00,REF-89360-06-09-2026
PRJ-002170,REQ-002171,Aprovuar,2026-05-13 08:30:00,REF-89334-06-09-2026
PRJ-002171,REQ-002172,Aprovuar,2026-05-19 11:00:00,REF-89270-06-09-2026
PRJ-002172,REQ-002173,Aprovuar,2026-05-20 10:00:00,REF-89260-06-09-2026
PRJ-002175,REQ-002176,Aprovuar,2026-05-12 08:00:00,REF-89177-06-08-2026
PRJ-002176,REQ-002177,Aprovuar,2026-05-28 08:00:00,REF-89221-06-08-2026
PRJ-002177,REQ-002178,Aprovuar,2026-05-19 12:00:00,REF-89220-06-08-2026
PRJ-002178,REQ-002179,Aprovuar,2026-05-14 10:00:00,REF-89210-06-08-2026
PRJ-002180,REQ-002181,Aprovuar,2026-05-20 09:00:00,REF-89134-06-08-2026
PRJ-002181,REQ-002182,Aprovuar,2026-05-18 12:00:00,REF-89123-06-08-2026
PRJ-002182,REQ-002183,Aprovuar,2026-05-16 08:00:00,REF-89098-06-08-2026
PRJ-002183,REQ-002184,Aprovuar,2026-05-23 12:00:00,REF-89162-06-08-2026
PRJ-002184,REQ-002185,Aprovuar,2026-05-17 08:00:00,REF-89136-06-08-2026
PRJ-002185,REQ-002186,Aprovuar,2026-05-23 10:00:00,REF-89213-06-08-2026
PRJ-002186,REQ-002187,Aprovuar,2026-05-18 08:00:00,REF-89203-06-08-2026
PRJ-002190,REQ-002191,Aprovuar,2026-05-15 09:00:00,REF-88731-06-03-2026
PRJ-002191,REQ-002192,Aprovuar,2026-05-15 10:30:00,REF-89039-06-05-2026
PRJ-002192,REQ-002193,Aprovuar,2026-05-15 09:00:00,REF-89038-06-05-2026
PRJ-002193,REQ-002194,Aprovuar,2026-06-01 10:00:00,REF-89034-06-05-2026
PRJ-002194,REQ-002195,Aprovuar,2026-06-03 10:00:00,REF-89028-06-05-2026
PRJ-002195,REQ-002196,Aprovuar,2026-06-03 10:00:00,REF-89023-06-05-2026
PRJ-002196,REQ-002197,Aprovuar,2026-05-25 10:00:00,REF-89026-06-05-2026
PRJ-002197,REQ-002198,Aprovuar,2026-05-20 13:30:00,REF-88974-06-05-2026
PRJ-002198,REQ-002199,Aprovuar,2026-05-23 08:00:00,REF-88966-06-05-2026
PRJ-002199,REQ-002200,Aprovuar,2026-05-12 08:00:00,REF-88961-06-05-2026
PRJ-002200,REQ-002201,Aprovuar,2026-05-13 10:30:00,REF-88947-06-05-2026
PRJ-002201,REQ-002202,Aprovuar,2026-05-17 09:00:00,REF-88923-06-05-2026
PRJ-002202,REQ-002203,Aprovuar,2026-06-03 10:00:00,REF-88926-06-05-2026
PRJ-002204,REQ-002205,Aprovuar,2026-05-16 10:30:00,REF-88922-06-05-2026
PRJ-002205,REQ-002206,Aprovuar,2026-05-28 10:00:00,REF-89036-06-05-2026
PRJ-002206,REQ-002207,Aprovuar,2026-05-10 12:00:00,REF-88956-06-05-2026
PRJ-002207,REQ-002208,Aprovuar,2026-05-27 08:00:00,REF-88919-06-05-2026
PRJ-002209,REQ-002210,Aprovuar,2026-05-30 08:00:00,REF-88936-06-05-2026
PRJ-002210,REQ-002211,Aprovuar,2026-05-22 08:00:00,REF-89030-06-05-2026
PRJ-002211,REQ-002212,Aprovuar,2026-05-28 08:30:00,REF-89020-06-05-2026
PRJ-002212,REQ-002213,Aprovuar,2026-05-28 09:00:00,REF-88957-06-05-2026
PRJ-002215,REQ-002216,Aprovuar,2026-05-25 10:00:00,REF-88904-06-04-2026
PRJ-002216,REQ-002217,Aprovuar,2026-05-11 09:00:00,REF-88835-06-04-2026
PRJ-002217,REQ-002218,Aprovuar,2026-05-14 08:00:00,REF-88836-06-04-2026
PRJ-002218,REQ-002219,Aprovuar,2026-05-23 08:00:00,REF-88823-06-04-2026
PRJ-002219,REQ-002220,Aprovuar,2026-05-21 08:00:00,REF-88783-06-04-2026
PRJ-002220,REQ-002221,Aprovuar,2026-05-19 08:00:00,REF-88907-06-04-2026
PRJ-002221,REQ-002222,Aprovuar,2026-05-14 10:00:00,REF-88880-06-04-2026
PRJ-002222,REQ-002223,Aprovuar,2026-05-16 08:00:00,REF-88864-06-04-2026
PRJ-002223,REQ-002224,Aprovuar,2026-05-20 10:00:00,REF-86933-05-25-2026
PRJ-002224,REQ-002225,Aprovuar,2026-05-08 14:30:00,REF-88860-06-04-2026
PRJ-002225,REQ-002226,Aprovuar,2026-05-13 08:30:00,REF-88855-06-04-2026
PRJ-002226,REQ-002227,Aprovuar,2026-05-25 09:00:00,REF-88911-06-04-2026
PRJ-002227,REQ-002228,Aprovuar,2026-05-10 09:00:00,REF-88689-06-03-2026
PRJ-002228,REQ-002229,Aprovuar,2026-05-14 10:00:00,REF-88723-06-03-2026
PRJ-002229,REQ-002230,Aprovuar,2026-05-07 08:00:00,REF-88843-06-04-2026
PRJ-002230,REQ-002231,Aprovuar,2026-05-29 09:00:00,REF-88685-06-03-2026
PRJ-002231,REQ-002232,Aprovuar,2026-05-28 08:30:00,REF-88899-06-04-2026
PRJ-002232,REQ-002233,Aprovuar,2026-05-18 15:00:00,REF-88862-06-04-2026
PRJ-002233,REQ-002234,Aprovuar,2026-05-21 09:00:00,REF-88505-06-02-2026
PRJ-002235,REQ-002236,Aprovuar,2026-05-12 11:00:00,REF-88745-06-03-2026
PRJ-002237,REQ-002238,Aprovuar,2026-05-10 11:00:00,REF-88715-06-03-2026
PRJ-002239,REQ-002240,Aprovuar,2026-05-30 00:00:00,REF-88650-06-03-2026
PRJ-002240,REQ-002241,Aprovuar,2026-05-16 08:30:00,REF-88653-06-03-2026
PRJ-002254,REQ-002255,Aprovuar,2026-05-24 11:00:00,REF-88622-06-03-2026
PRJ-002264,REQ-002265,Aprovuar,2026-05-29 11:00:00,REF-88597-06-03-2026
PRJ-002265,REQ-002266,Aprovuar,2026-05-19 11:00:00,REF-88601-06-03-2026
PRJ-002267,REQ-002268,Aprovuar,2026-05-08 10:00:00,REF-88710-06-03-2026
PRJ-002268,REQ-002269,Aprovuar,2026-05-29 08:00:00,REF-88694-06-03-2026
PRJ-002269,REQ-002270,Aprovuar,2026-05-20 08:00:00,REF-88721-06-03-2026
PRJ-002270,REQ-002271,Aprovuar,2026-05-20 08:00:00,REF-88678-06-03-2026
PRJ-002271,REQ-002272,Aprovuar,2026-05-08 08:00:00,REF-88668-06-03-2026
PRJ-002272,REQ-002273,Aprovuar,2026-05-21 08:00:00,REF-88675-06-03-2026
PRJ-002274,REQ-002275,Aprovuar,2026-05-21 08:00:00,REF-88582-06-03-2026
PRJ-002275,REQ-002276,Aprovuar,2026-05-21 11:00:00,REF-88561-06-03-2026
PRJ-002279,REQ-002280,Aprovuar,2026-05-26 09:00:00,REF-88506-06-02-2026
PRJ-002281,REQ-002282,Aprovuar,2026-05-10 12:00:00,REF-88486-06-02-2026
PRJ-002282,REQ-002283,Aprovuar,2026-05-29 09:00:00,REF-88420-06-02-2026
PRJ-002285,REQ-002286,Aprovuar,2026-05-20 10:00:00,REF-88458-06-02-2026
PRJ-002286,REQ-002287,Aprovuar,2026-05-27 10:00:00,REF-88461-06-02-2026
PRJ-002288,REQ-002289,Aprovuar,2026-05-15 08:00:00,REF-88437-06-02-2026
PRJ-002289,REQ-002290,Aprovuar,2026-05-07 13:00:00,REF-88350-06-02-2026
PRJ-002291,REQ-002292,Aprovuar,2026-05-06 08:00:00,REF-88418-06-02-2026
PRJ-002292,REQ-002293,Aprovuar,2026-05-29 08:30:00,REF-88444-06-02-2026
PRJ-002294,REQ-002295,Aprovuar,2026-05-29 08:00:00,REF-88511-06-02-2026
PRJ-002295,REQ-002296,Aprovuar,2026-05-07 10:00:00,REF-88436-06-02-2026
PRJ-002296,REQ-002297,Aprovuar,2026-05-09 08:00:00,REF-88406-06-02-2026
PRJ-002297,REQ-002298,Aprovuar,2026-05-17 08:00:00,REF-88404-06-02-2026
PRJ-002298,REQ-002299,Aprovuar,2026-05-15 08:00:00,REF-88390-06-02-2026
PRJ-002299,REQ-002300,Aprovuar,2026-05-27 08:00:00,REF-88372-06-02-2026
PRJ-002300,REQ-002301,Aprovuar,2026-05-12 08:00:00,REF-88490-06-02-2026
PRJ-002301,REQ-002302,Aprovuar,2026-05-10 09:00:00,REF-88517-06-02-2026
PRJ-002302,REQ-002303,Aprovuar,2026-05-26 10:00:00,REF-88398-06-02-2026
PRJ-002303,REQ-002304,Aprovuar,2026-05-05 10:00:00,REF-88388-06-02-2026
PRJ-002304,REQ-002305,Aprovuar,2026-05-13 10:00:00,REF-88396-06-02-2026
PRJ-002305,REQ-002306,Aprovuar,2026-05-07 09:00:00,REF-88454-06-02-2026
PRJ-002306,REQ-002307,Aprovuar,2026-05-06 14:00:00,REF-88293-06-01-2026
PRJ-002316,REQ-002317,Aprovuar,2026-05-15 10:00:00,REF-88309-06-01-2026
PRJ-002317,REQ-002318,Aprovuar,2026-05-13 10:00:00,REF-88311-06-01-2026
PRJ-002318,REQ-002319,Aprovuar,2026-05-13 10:00:00,REF-88306-06-01-2026
PRJ-002319,REQ-002320,Aprovuar,2026-05-18 09:00:00,REF-88298-06-01-2026
PRJ-002320,REQ-002321,Aprovuar,2026-05-06 09:00:00,REF-88266-06-01-2026
PRJ-002321,REQ-002322,Aprovuar,2026-05-26 08:30:00,REF-88200-06-01-2026
PRJ-002322,REQ-002323,Aprovuar,2026-05-09 12:00:00,REF-88294-06-01-2026
PRJ-002323,REQ-002324,Aprovuar,2026-05-14 10:00:00,REF-88226-06-01-2026
PRJ-002324,REQ-002325,Aprovuar,2026-05-08 10:00:00,REF-88158-06-01-2026
PRJ-002325,REQ-002326,Aprovuar,2026-05-20 10:00:00,REF-88139-06-01-2026
PRJ-002330,REQ-002331,Aprovuar,2026-05-15 10:00:00,REF-88282-06-01-2026
PRJ-002332,REQ-002333,Aprovuar,2026-05-25 10:00:00,REF-88238-06-01-2026
PRJ-002334,REQ-002335,Aprovuar,2026-05-10 10:00:00,REF-88205-06-01-2026
PRJ-002341,REQ-002342,Aprovuar,2026-05-10 09:00:00,REF-88001-05-29-2026
PRJ-002343,REQ-002344,Aprovuar,2026-05-16 09:00:00,REF-87969-05-29-2026
PRJ-002344,REQ-002345,Aprovuar,2026-05-24 09:00:00,REF-88054-05-29-2026
PRJ-002345,REQ-002346,Aprovuar,2026-05-17 14:00:00,REF-88014-05-29-2026
PRJ-002347,REQ-002348,Aprovuar,2026-05-26 09:00:00,REF-87957-05-29-2026
PRJ-002349,REQ-002350,Aprovuar,2026-05-07 10:00:00,REF-88026-05-29-2026
PRJ-002350,REQ-002351,Aprovuar,2026-05-22 10:00:00,REF-88024-05-29-2026
PRJ-002351,REQ-002352,Aprovuar,2026-05-26 10:00:00,REF-88021-05-29-2026
PRJ-002352,REQ-002353,Aprovuar,2026-05-26 09:00:00,REF-87940-05-28-2026
PRJ-002353,REQ-002354,Aprovuar,2026-05-12 09:00:00,REF-87936-05-28-2026
PRJ-002354,REQ-002355,Aprovuar,2026-05-16 09:00:00,REF-87934-05-28-2026
PRJ-002355,REQ-002356,Aprovuar,2026-05-05 09:00:00,REF-87932-05-28-2026
PRJ-002356,REQ-002357,Aprovuar,2026-05-21 10:00:00,REF-88004-05-29-2026
PRJ-002358,REQ-002359,Aprovuar,2026-05-11 10:00:00,REF-87975-05-29-2026
PRJ-002359,REQ-002360,Aprovuar,2026-05-13 10:00:00,REF-87979-05-29-2026
PRJ-002360,REQ-002361,Aprovuar,2026-05-10 10:00:00,REF-88114-05-29-2026
PRJ-002361,REQ-002362,Aprovuar,2026-05-13 16:00:00,REF-88070-05-29-2026
PRJ-002362,REQ-002363,Aprovuar,2026-05-09 10:00:00,REF-87983-05-29-2026
PRJ-002372,REQ-002373,Aprovuar,2026-05-15 09:00:00,REF-87929-05-28-2026
PRJ-002373,REQ-002374,Aprovuar,2026-05-20 09:30:00,REF-87828-05-28-2026
PRJ-002374,REQ-002375,Aprovuar,2026-05-22 09:30:00,REF-87831-05-28-2026
PRJ-002375,REQ-002376,Aprovuar,2026-05-20 09:30:00,REF-87822-05-28-2026
PRJ-002376,REQ-002377,Aprovuar,2026-05-05 08:30:00,REF-87919-05-28-2026
PRJ-002379,REQ-002380,Aprovuar,2026-05-24 00:00:00,REF-87860-05-28-2026
PRJ-002380,REQ-002381,Aprovuar,2026-05-09 10:00:00,REF-87918-05-28-2026
PRJ-002383,REQ-002384,Aprovuar,2026-04-30 09:00:00,REF-87877-05-28-2026
PRJ-002384,REQ-002385,Aprovuar,2026-05-23 10:00:00,REF-87906-05-28-2026
PRJ-002385,REQ-002386,Aprovuar,2026-05-02 10:00:00,REF-87879-05-28-2026
PRJ-002386,REQ-002387,Aprovuar,2026-05-04 10:00:00,REF-87846-05-28-2026
PRJ-002387,REQ-002388,Aprovuar,2026-05-03 08:30:00,REF-87810-05-28-2026
PRJ-002388,REQ-002389,Aprovuar,2026-05-02 10:00:00,REF-87904-05-28-2026
PRJ-002389,REQ-002390,Aprovuar,2026-05-02 08:00:00,REF-87861-05-28-2026
PRJ-002392,REQ-002393,Aprovuar,2026-05-02 11:00:00,REF-87809-05-28-2026
PRJ-002393,REQ-002394,Aprovuar,2026-05-06 08:00:00,REF-87890-05-28-2026
PRJ-002394,REQ-002395,Aprovuar,2026-05-11 10:00:00,REF-87854-05-28-2026
PRJ-002395,REQ-002396,Aprovuar,2026-05-11 08:00:00,REF-87497-05-26-2026
PRJ-002396,REQ-002397,Aprovuar,2026-04-30 08:00:00,REF-87475-05-26-2026
PRJ-002399,REQ-002400,Aprovuar,2026-05-07 08:00:00,REF-87346-05-26-2026
PRJ-002400,REQ-002401,Aprovuar,2026-05-18 08:00:00,REF-87352-05-26-2026
PRJ-002401,REQ-002402,Aprovuar,2026-05-03 08:00:00,REF-87354-05-26-2026
PRJ-002402,REQ-002403,Aprovuar,2026-05-21 08:00:00,REF-87357-05-26-2026
PRJ-002403,REQ-002404,Aprovuar,2026-04-29 08:00:00,REF-87362-05-26-2026
PRJ-002404,REQ-002405,Aprovuar,2026-05-15 08:00:00,REF-87364-05-26-2026
PRJ-002405,REQ-002406,Aprovuar,2026-04-29 08:00:00,REF-87366-05-26-2026
PRJ-002406,REQ-002407,Aprovuar,2026-05-13 08:00:00,REF-87369-05-26-2026
PRJ-002407,REQ-002408,Aprovuar,2026-05-02 08:00:00,REF-87371-05-26-2026
PRJ-002408,REQ-002409,Aprovuar,2026-05-13 08:00:00,REF-87374-05-26-2026
PRJ-002409,REQ-002410,Aprovuar,2026-05-14 08:00:00,REF-87377-05-26-2026
PRJ-002410,REQ-002411,Aprovuar,2026-05-10 08:00:00,REF-87379-05-26-2026
PRJ-002411,REQ-002412,Aprovuar,2026-05-21 08:00:00,REF-87382-05-26-2026
PRJ-002412,REQ-002413,Aprovuar,2026-05-14 08:00:00,REF-87386-05-26-2026
PRJ-002413,REQ-002414,Aprovuar,2026-05-03 08:00:00,REF-87393-05-26-2026
PRJ-002414,REQ-002415,Aprovuar,2026-05-03 08:00:00,REF-87395-05-26-2026
PRJ-002415,REQ-002416,Aprovuar,2026-05-18 08:00:00,REF-87397-05-26-2026
PRJ-002416,REQ-002417,Aprovuar,2026-05-05 08:00:00,REF-87400-05-26-2026
PRJ-002417,REQ-002418,Aprovuar,2026-05-06 08:00:00,REF-87404-05-26-2026
PRJ-002418,REQ-002419,Aprovuar,2026-05-01 08:00:00,REF-87406-05-26-2026
PRJ-002419,REQ-002420,Aprovuar,2026-05-16 08:00:00,REF-87408-05-26-2026
PRJ-002420,REQ-002421,Aprovuar,2026-05-17 08:00:00,REF-87415-05-26-2026
PRJ-002421,REQ-002422,Aprovuar,2026-04-30 08:00:00,REF-87417-05-26-2026
PRJ-002422,REQ-002423,Aprovuar,2026-05-13 08:00:00,REF-87420-05-26-2026
PRJ-002423,REQ-002424,Aprovuar,2026-05-06 08:00:00,REF-87423-05-26-2026
PRJ-002424,REQ-002425,Aprovuar,2026-05-09 08:00:00,REF-87428-05-26-2026
PRJ-002425,REQ-002426,Aprovuar,2026-05-01 08:00:00,REF-87430-05-26-2026
PRJ-002426,REQ-002427,Aprovuar,2026-05-07 08:00:00,REF-87432-05-26-2026
PRJ-002427,REQ-002428,Aprovuar,2026-05-18 08:00:00,REF-87436-05-26-2026
PRJ-002428,REQ-002429,Aprovuar,2026-05-03 08:00:00,REF-87438-05-26-2026
PRJ-002429,REQ-002430,Aprovuar,2026-04-29 08:00:00,REF-87440-05-26-2026
PRJ-002430,REQ-002431,Aprovuar,2026-05-16 08:00:00,REF-87443-05-26-2026
PRJ-002431,REQ-002432,Aprovuar,2026-05-03 08:00:00,REF-87445-05-26-2026
PRJ-002432,REQ-002433,Aprovuar,2026-05-17 08:00:00,REF-87447-05-26-2026
PRJ-002433,REQ-002434,Aprovuar,2026-05-09 08:00:00,REF-87451-05-26-2026
PRJ-002434,REQ-002435,Aprovuar,2026-05-15 08:00:00,REF-87454-05-26-2026
PRJ-002435,REQ-002436,Aprovuar,2026-05-21 08:00:00,REF-87457-05-26-2026
PRJ-002436,REQ-002437,Aprovuar,2026-05-01 08:00:00,REF-87505-05-26-2026
PRJ-002437,REQ-002438,Aprovuar,2026-05-02 08:00:00,REF-87507-05-26-2026
PRJ-002438,REQ-002439,Aprovuar,2026-05-12 08:00:00,REF-87509-05-26-2026
PRJ-002439,REQ-002440,Aprovuar,2026-04-30 08:00:00,REF-87512-05-26-2026
PRJ-002440,REQ-002441,Aprovuar,2026-05-19 08:00:00,REF-87514-05-26-2026
PRJ-002441,REQ-002442,Aprovuar,2026-05-19 08:00:00,REF-87516-05-26-2026
PRJ-002442,REQ-002443,Aprovuar,2026-05-20 08:00:00,REF-87520-05-26-2026
PRJ-002443,REQ-002444,Aprovuar,2026-04-29 09:00:00,REF-87466-05-26-2026
PRJ-002444,REQ-002445,Aprovuar,2026-05-02 08:00:00,REF-87522-05-26-2026
PRJ-002445,REQ-002446,Aprovuar,2026-05-18 08:00:00,REF-87524-05-26-2026
PRJ-002446,REQ-002447,Aprovuar,2026-05-07 08:00:00,REF-87526-05-26-2026
PRJ-002447,REQ-002448,Aprovuar,2026-05-15 08:00:00,REF-87528-05-26-2026
PRJ-002448,REQ-002449,Aprovuar,2026-05-22 08:00:00,REF-87531-05-26-2026
PRJ-002449,REQ-002450,Aprovuar,2026-05-08 08:00:00,REF-87533-05-26-2026
PRJ-002450,REQ-002451,Aprovuar,2026-05-04 08:00:00,REF-87537-05-26-2026
PRJ-002451,REQ-002452,Aprovuar,2026-05-02 08:00:00,REF-87541-05-26-2026
PRJ-002452,REQ-002453,Aprovuar,2026-04-29 08:00:00,REF-87543-05-26-2026
PRJ-002453,REQ-002454,Aprovuar,2026-05-08 08:00:00,REF-87545-05-26-2026
PRJ-002454,REQ-002455,Aprovuar,2026-05-07 08:00:00,REF-87547-05-26-2026
PRJ-002455,REQ-002456,Aprovuar,2026-05-22 08:00:00,REF-87550-05-26-2026
PRJ-002456,REQ-002457,Aprovuar,2026-05-17 08:00:00,REF-87553-05-26-2026
PRJ-002457,REQ-002458,Aprovuar,2026-05-04 08:00:00,REF-87602-05-26-2026
PRJ-002458,REQ-002459,Aprovuar,2026-05-16 08:00:00,REF-87598-05-26-2026
PRJ-002459,REQ-002460,Aprovuar,2026-05-16 08:00:00,REF-87596-05-26-2026
PRJ-002460,REQ-002461,Aprovuar,2026-05-09 08:00:00,REF-87594-05-26-2026
PRJ-002461,REQ-002462,Aprovuar,2026-05-03 08:00:00,REF-87582-05-26-2026
PRJ-002462,REQ-002463,Aprovuar,2026-05-21 08:00:00,REF-87590-05-26-2026
PRJ-002463,REQ-002464,Aprovuar,2026-05-23 08:00:00,REF-87562-05-26-2026
PRJ-002464,REQ-002465,Aprovuar,2026-05-23 08:00:00,REF-87588-05-26-2026
PRJ-002465,REQ-002466,Aprovuar,2026-05-08 08:00:00,REF-87573-05-26-2026
PRJ-002466,REQ-002467,Aprovuar,2026-05-15 08:00:00,REF-87586-05-26-2026
PRJ-002467,REQ-002468,Aprovuar,2026-05-01 08:00:00,REF-87555-05-26-2026
PRJ-002468,REQ-002469,Aprovuar,2026-04-30 08:00:00,REF-87557-05-26-2026
PRJ-002469,REQ-002470,Aprovuar,2026-05-20 08:00:00,REF-87564-05-26-2026
PRJ-002470,REQ-002471,Aprovuar,2026-05-14 08:00:00,REF-87578-05-26-2026
PRJ-002471,REQ-002472,Aprovuar,2026-05-09 08:00:00,REF-87569-05-26-2026
PRJ-002472,REQ-002473,Aprovuar,2026-05-05 08:00:00,REF-87571-05-26-2026
PRJ-002473,REQ-002474,Aprovuar,2026-05-08 08:00:00,REF-87566-05-26-2026
PRJ-002474,REQ-002475,Aprovuar,2026-05-21 08:00:00,REF-87559-05-26-2026
PRJ-002475,REQ-002476,Aprovuar,2026-05-15 08:00:00,REF-87584-05-26-2026
PRJ-002476,REQ-002477,Aprovuar,2026-05-02 08:00:00,REF-87576-05-26-2026
PRJ-002477,REQ-002478,Aprovuar,2026-05-20 08:00:00,REF-87580-05-26-2026
PRJ-002478,REQ-002479,Aprovuar,2026-05-08 08:00:00,REF-87592-05-26-2026
PRJ-002479,REQ-002480,Aprovuar,2026-05-07 08:00:00,REF-87600-05-26-2026
PRJ-002480,REQ-002481,Aprovuar,2026-05-02 08:00:00,REF-87604-05-26-2026
PRJ-002481,REQ-002482,Aprovuar,2026-05-12 08:00:00,REF-87611-05-26-2026
PRJ-002482,REQ-002483,Aprovuar,2026-05-20 08:00:00,REF-87615-05-26-2026
PRJ-002483,REQ-002484,Aprovuar,2026-05-16 08:00:00,REF-87619-05-26-2026
PRJ-002484,REQ-002485,Aprovuar,2026-05-16 08:00:00,REF-87606-05-26-2026
PRJ-002485,REQ-002486,Aprovuar,2026-04-29 08:00:00,REF-87609-05-26-2026
PRJ-002486,REQ-002487,Aprovuar,2026-05-22 08:00:00,REF-87613-05-26-2026
PRJ-002487,REQ-002488,Aprovuar,2026-04-30 08:00:00,REF-87617-05-26-2026
PRJ-002488,REQ-002489,Aprovuar,2026-04-29 08:00:00,REF-87621-05-26-2026
PRJ-002489,REQ-002490,Aprovuar,2026-05-13 08:00:00,REF-87623-05-26-2026
PRJ-002490,REQ-002491,Aprovuar,2026-05-14 08:00:00,REF-87625-05-26-2026
PRJ-002491,REQ-002492,Aprovuar,2026-05-01 08:00:00,REF-87627-05-26-2026
PRJ-002492,REQ-002493,Aprovuar,2026-05-20 08:00:00,REF-87629-05-26-2026
PRJ-002493,REQ-002494,Aprovuar,2026-05-16 08:00:00,REF-87631-05-26-2026
PRJ-002494,REQ-002495,Aprovuar,2026-05-23 08:00:00,REF-87633-05-26-2026
PRJ-002495,REQ-002496,Aprovuar,2026-05-16 08:00:00,REF-87635-05-26-2026
PRJ-002496,REQ-002497,Aprovuar,2026-05-09 08:00:00,REF-87637-05-26-2026
PRJ-002497,REQ-002498,Aprovuar,2026-05-06 08:00:00,REF-87639-05-26-2026
PRJ-002498,REQ-002499,Aprovuar,2026-05-07 08:00:00,REF-87641-05-26-2026
PRJ-002499,REQ-002500,Aprovuar,2026-05-01 08:00:00,REF-87643-05-26-2026
PRJ-002500,REQ-002501,Aprovuar,2026-05-03 08:00:00,REF-87645-05-26-2026
PRJ-002501,REQ-002502,Aprovuar,2026-05-11 08:00:00,REF-87647-05-26-2026
PRJ-002502,REQ-002503,Aprovuar,2026-05-22 08:00:00,REF-87651-05-26-2026
PRJ-002503,REQ-002504,Aprovuar,2026-04-30 08:00:00,REF-87649-05-26-2026
PRJ-002504,REQ-002505,Aprovuar,2026-05-15 08:00:00,REF-87653-05-26-2026
PRJ-002505,REQ-002506,Aprovuar,2026-05-22 08:00:00,REF-87655-05-26-2026
PRJ-002506,REQ-002507,Aprovuar,2026-05-10 08:00:00,REF-87657-05-26-2026
PRJ-002507,REQ-002508,Aprovuar,2026-05-18 08:00:00,REF-87659-05-26-2026
PRJ-002508,REQ-002509,Aprovuar,2026-05-01 08:00:00,REF-87661-05-26-2026
PRJ-002509,REQ-002510,Aprovuar,2026-05-07 08:00:00,REF-87663-05-26-2026
PRJ-002510,REQ-002511,Aprovuar,2026-04-30 08:00:00,REF-87666-05-26-2026
PRJ-002511,REQ-002512,Aprovuar,2026-05-05 08:00:00,REF-87668-05-26-2026
PRJ-002512,REQ-002513,Aprovuar,2026-05-09 08:00:00,REF-87671-05-26-2026
PRJ-002513,REQ-002514,Aprovuar,2026-05-05 08:00:00,REF-87673-05-26-2026
PRJ-002514,REQ-002515,Aprovuar,2026-05-14 08:00:00,REF-87675-05-26-2026
PRJ-002515,REQ-002516,Aprovuar,2026-05-06 08:00:00,REF-87677-05-26-2026
PRJ-002516,REQ-002517,Aprovuar,2026-05-16 08:00:00,REF-87679-05-26-2026
PRJ-002517,REQ-002518,Aprovuar,2026-05-19 08:00:00,REF-87681-05-26-2026
PRJ-002518,REQ-002519,Aprovuar,2026-04-30 08:00:00,REF-87685-05-26-2026
PRJ-002519,REQ-002520,Aprovuar,2026-05-08 08:00:00,REF-87687-05-26-2026
PRJ-002520,REQ-002521,Aprovuar,2026-04-29 08:00:00,REF-87689-05-26-2026
PRJ-002521,REQ-002522,Aprovuar,2026-05-01 08:00:00,REF-87691-05-26-2026
PRJ-002522,REQ-002523,Aprovuar,2026-05-20 08:00:00,REF-87693-05-26-2026
PRJ-002523,REQ-002524,Aprovuar,2026-05-07 08:00:00,REF-87695-05-26-2026
PRJ-002525,REQ-002526,Aprovuar,2026-05-18 08:00:00,REF-87697-05-26-2026
PRJ-002526,REQ-002527,Aprovuar,2026-05-08 08:00:00,REF-87699-05-26-2026
PRJ-002527,REQ-002528,Aprovuar,2026-05-05 08:00:00,REF-87701-05-26-2026
PRJ-002528,REQ-002529,Aprovuar,2026-05-19 08:00:00,REF-87703-05-26-2026
PRJ-002529,REQ-002530,Aprovuar,2026-05-09 08:00:00,REF-87705-05-26-2026
PRJ-002530,REQ-002531,Aprovuar,2026-05-04 08:00:00,REF-87707-05-26-2026
PRJ-002531,REQ-002532,Aprovuar,2026-05-03 08:00:00,REF-87709-05-26-2026
PRJ-002532,REQ-002533,Aprovuar,2026-05-22 08:00:00,REF-87711-05-26-2026
PRJ-002533,REQ-002534,Aprovuar,2026-05-14 08:00:00,REF-87713-05-26-2026
PRJ-002534,REQ-002535,Aprovuar,2026-05-23 08:00:00,REF-87715-05-26-2026
PRJ-002535,REQ-002536,Aprovuar,2026-05-22 08:00:00,REF-87717-05-26-2026
PRJ-002536,REQ-002537,Aprovuar,2026-05-23 08:00:00,REF-87719-05-26-2026
PRJ-002537,REQ-002538,Aprovuar,2026-05-04 08:00:00,REF-87721-05-26-2026
PRJ-002538,REQ-002539,Aprovuar,2026-05-05 08:00:00,REF-87723-05-26-2026
PRJ-002539,REQ-002540,Aprovuar,2026-05-07 08:00:00,REF-87725-05-26-2026
PRJ-002540,REQ-002541,Aprovuar,2026-05-05 08:00:00,REF-87727-05-26-2026
PRJ-002541,REQ-002542,Aprovuar,2026-05-10 08:00:00,REF-87729-05-26-2026
PRJ-002542,REQ-002543,Aprovuar,2026-05-02 08:00:00,REF-87732-05-26-2026
PRJ-002543,REQ-002544,Aprovuar,2026-05-08 08:00:00,REF-87219-05-26-2026
PRJ-002544,REQ-002545,Aprovuar,2026-05-04 08:30:00,REF-87425-05-26-2026
PRJ-002545,REQ-002546,Aprovuar,2026-05-01 08:00:00,REF-87375-05-26-2026
PRJ-002546,REQ-002547,Aprovuar,2026-05-12 08:30:00,REF-87305-05-26-2026
PRJ-002547,REQ-002548,Aprovuar,2026-05-06 08:30:00,REF-87302-05-26-2026
PRJ-002548,REQ-002549,Aprovuar,2026-05-21 08:30:00,REF-87300-05-26-2026
PRJ-002549,REQ-002550,Aprovuar,2026-05-08 08:30:00,REF-87295-05-26-2026
PRJ-002550,REQ-002551,Aprovuar,2026-04-30 08:00:00,REF-87312-05-26-2026
PRJ-002551,REQ-002552,Aprovuar,2026-04-29 08:30:00,REF-87293-05-26-2026
PRJ-002553,REQ-002554,Aprovuar,2026-05-01 08:00:00,REF-87263-05-26-2026
PRJ-002554,REQ-002555,Aprovuar,2026-05-18 08:30:00,REF-87290-05-26-2026
PRJ-002555,REQ-002556,Aprovuar,2026-05-16 08:30:00,REF-87284-05-26-2026
PRJ-002556,REQ-002557,Aprovuar,2026-05-01 08:30:00,REF-87282-05-26-2026
PRJ-002557,REQ-002558,Aprovuar,2026-05-20 08:30:00,REF-87280-05-26-2026
PRJ-002558,REQ-002559,Aprovuar,2026-05-01 08:30:00,REF-87278-05-26-2026
PRJ-002559,REQ-002560,Aprovuar,2026-05-01 08:30:00,REF-87308-05-26-2026
PRJ-002560,REQ-002561,Aprovuar,2026-04-30 08:30:00,REF-87311-05-26-2026
PRJ-002561,REQ-002562,Aprovuar,2026-05-23 08:30:00,REF-87314-05-26-2026
PRJ-002562,REQ-002563,Aprovuar,2026-05-23 08:30:00,REF-87316-05-26-2026
PRJ-002563,REQ-002564,Aprovuar,2026-05-17 08:30:00,REF-87318-05-26-2026
PRJ-002564,REQ-002565,Aprovuar,2026-04-29 08:30:00,REF-87322-05-26-2026
PRJ-002565,REQ-002566,Aprovuar,2026-05-05 08:30:00,REF-87324-05-26-2026
PRJ-002566,REQ-002567,Aprovuar,2026-05-08 08:30:00,REF-87326-05-26-2026
PRJ-002567,REQ-002568,Aprovuar,2026-05-18 08:30:00,REF-87328-05-26-2026
PRJ-002568,REQ-002569,Aprovuar,2026-05-10 08:30:00,REF-87330-05-26-2026
PRJ-002569,REQ-002570,Aprovuar,2026-05-23 08:30:00,REF-87332-05-26-2026
PRJ-002570,REQ-002571,Aprovuar,2026-05-13 08:30:00,REF-87334-05-26-2026
PRJ-002571,REQ-002572,Aprovuar,2026-05-06 08:30:00,REF-87336-05-26-2026
PRJ-002572,REQ-002573,Aprovuar,2026-05-04 08:30:00,REF-87338-05-26-2026
PRJ-002573,REQ-002574,Aprovuar,2026-05-21 08:30:00,REF-87340-05-26-2026
PRJ-002574,REQ-002575,Aprovuar,2026-05-02 08:30:00,REF-87342-05-26-2026
PRJ-002575,REQ-002576,Aprovuar,2026-05-19 08:30:00,REF-87344-05-26-2026
PRJ-002576,REQ-002577,Aprovuar,2026-05-15 08:30:00,REF-87276-05-26-2026
PRJ-002577,REQ-002578,Aprovuar,2026-05-22 08:30:00,REF-87262-05-26-2026
PRJ-002578,REQ-002579,Aprovuar,2026-05-22 08:30:00,REF-87225-05-26-2026
PRJ-002579,REQ-002580,Aprovuar,2026-05-06 08:30:00,REF-87272-05-26-2026
PRJ-002580,REQ-002581,Aprovuar,2026-05-21 08:30:00,REF-87274-05-26-2026
PRJ-002581,REQ-002582,Aprovuar,2026-04-30 08:30:00,REF-87178-05-26-2026
PRJ-002582,REQ-002583,Aprovuar,2026-05-23 08:30:00,REF-87222-05-26-2026
PRJ-002583,REQ-002584,Aprovuar,2026-05-06 08:30:00,REF-87173-05-26-2026
PRJ-002584,REQ-002585,Aprovuar,2026-05-22 08:30:00,REF-87169-05-26-2026
PRJ-002585,REQ-002586,Aprovuar,2026-05-06 08:30:00,REF-87227-05-26-2026
PRJ-002586,REQ-002587,Aprovuar,2026-05-12 08:30:00,REF-87165-05-26-2026
PRJ-002587,REQ-002588,Aprovuar,2026-04-29 08:30:00,REF-87233-05-26-2026
PRJ-002588,REQ-002589,Aprovuar,2026-05-04 08:30:00,REF-87215-05-26-2026
PRJ-002589,REQ-002590,Aprovuar,2026-05-06 08:30:00,REF-87286-05-26-2026
PRJ-002590,REQ-002591,Aprovuar,2026-05-04 08:30:00,REF-87229-05-26-2026
PRJ-002591,REQ-002592,Aprovuar,2026-05-08 08:30:00,REF-87218-05-26-2026
PRJ-002592,REQ-002593,Aprovuar,2026-05-13 08:30:00,REF-87209-05-26-2026
PRJ-002593,REQ-002594,Aprovuar,2026-05-17 08:30:00,REF-87288-05-26-2026
PRJ-002594,REQ-002595,Aprovuar,2026-04-29 08:30:00,REF-87213-05-26-2026
PRJ-002595,REQ-002596,Aprovuar,2026-05-12 08:30:00,REF-87270-05-26-2026
PRJ-002596,REQ-002597,Aprovuar,2026-05-15 08:30:00,REF-87265-05-26-2026
PRJ-002597,REQ-002598,Aprovuar,2026-05-22 08:30:00,REF-87260-05-26-2026
PRJ-002598,REQ-002599,Aprovuar,2026-04-30 08:30:00,REF-87256-05-26-2026
PRJ-002599,REQ-002600,Aprovuar,2026-05-16 08:30:00,REF-87242-05-26-2026
PRJ-002600,REQ-002601,Aprovuar,2026-05-19 08:30:00,REF-87235-05-26-2026
PRJ-002601,REQ-002602,Aprovuar,2026-05-07 08:30:00,REF-87268-05-26-2026
PRJ-002602,REQ-002603,Aprovuar,2026-05-19 08:30:00,REF-87258-05-26-2026
PRJ-002603,REQ-002604,Aprovuar,2026-05-07 08:30:00,REF-87253-05-26-2026
PRJ-002604,REQ-002605,Aprovuar,2026-05-13 08:30:00,REF-87211-05-26-2026
PRJ-002605,REQ-002606,Aprovuar,2026-05-22 08:30:00,REF-87171-05-26-2026
PRJ-002606,REQ-002607,Aprovuar,2026-05-04 08:30:00,REF-87176-05-26-2026
PRJ-002607,REQ-002608,Aprovuar,2026-05-09 08:30:00,REF-87207-05-26-2026
PRJ-002608,REQ-002609,Aprovuar,2026-05-01 08:30:00,REF-87186-05-26-2026
PRJ-002609,REQ-002610,Aprovuar,2026-05-14 08:30:00,REF-87182-05-26-2026
PRJ-002610,REQ-002611,Aprovuar,2026-05-20 08:30:00,REF-87180-05-26-2026
PRJ-002611,REQ-002612,Aprovuar,2026-05-10 08:30:00,REF-87190-05-26-2026
PRJ-002612,REQ-002613,Aprovuar,2026-05-17 08:30:00,REF-87198-05-26-2026
PRJ-002613,REQ-002614,Aprovuar,2026-05-04 08:30:00,REF-87205-05-26-2026
PRJ-002614,REQ-002615,Aprovuar,2026-05-18 08:30:00,REF-87200-05-26-2026
PRJ-002615,REQ-002616,Aprovuar,2026-05-02 08:30:00,REF-87195-05-26-2026
PRJ-002616,REQ-002617,Aprovuar,2026-05-12 08:30:00,REF-87203-05-26-2026
PRJ-002617,REQ-002618,Aprovuar,2026-05-09 08:30:00,REF-87193-05-26-2026
PRJ-002618,REQ-002619,Aprovuar,2026-05-09 08:30:00,REF-87184-05-26-2026
PRJ-002619,REQ-002620,Aprovuar,2026-05-12 08:30:00,REF-87188-05-26-2026
PRJ-002620,REQ-002621,Aprovuar,2026-05-05 08:30:00,REF-87167-05-26-2026
PRJ-002621,REQ-002622,Aprovuar,2026-05-16 08:00:00,REF-87002-05-26-2026
PRJ-002622,REQ-002623,Aprovuar,2026-05-17 08:30:00,REF-87095-05-26-2026
PRJ-002623,REQ-002624,Aprovuar,2026-05-21 08:30:00,REF-87137-05-26-2026
PRJ-002624,REQ-002625,Aprovuar,2026-05-13 08:30:00,REF-87144-05-26-2026
PRJ-002625,REQ-002626,Aprovuar,2026-05-18 08:30:00,REF-87162-05-26-2026
PRJ-002626,REQ-002627,Aprovuar,2026-05-16 08:30:00,REF-87098-05-26-2026
PRJ-002627,REQ-002628,Aprovuar,2026-05-12 08:30:00,REF-87155-05-26-2026
PRJ-002628,REQ-002629,Aprovuar,2026-04-29 08:30:00,REF-87159-05-26-2026
PRJ-002629,REQ-002630,Aprovuar,2026-05-02 08:30:00,REF-87153-05-26-2026
PRJ-002630,REQ-002631,Aprovuar,2026-05-20 08:30:00,REF-87102-05-26-2026
PRJ-002631,REQ-002632,Aprovuar,2026-05-22 08:30:00,REF-87104-05-26-2026
PRJ-002632,REQ-002633,Aprovuar,2026-05-15 08:30:00,REF-87115-05-26-2026
PRJ-002633,REQ-002634,Aprovuar,2026-05-06 08:30:00,REF-87126-05-26-2026
PRJ-002634,REQ-002635,Aprovuar,2026-05-09 08:30:00,REF-87120-05-26-2026
PRJ-002635,REQ-002636,Aprovuar,2026-05-10 08:30:00,REF-87106-05-26-2026
PRJ-002636,REQ-002637,Aprovuar,2026-05-07 08:30:00,REF-87113-05-26-2026
PRJ-002637,REQ-002638,Aprovuar,2026-05-07 08:30:00,REF-87117-05-26-2026
PRJ-002638,REQ-002639,Aprovuar,2026-05-17 08:30:00,REF-87109-05-26-2026
PRJ-002639,REQ-002640,Aprovuar,2026-05-13 08:30:00,REF-87100-05-26-2026
PRJ-002640,REQ-002641,Aprovuar,2026-05-12 08:30:00,REF-87111-05-26-2026
PRJ-002641,REQ-002642,Aprovuar,2026-05-15 08:30:00,REF-87157-05-26-2026
PRJ-002642,REQ-002643,Aprovuar,2026-05-17 08:30:00,REF-87139-05-26-2026
PRJ-002643,REQ-002644,Aprovuar,2026-04-30 08:30:00,REF-87135-05-26-2026
PRJ-002644,REQ-002645,Aprovuar,2026-05-21 08:30:00,REF-87130-05-26-2026
PRJ-002645,REQ-002646,Aprovuar,2026-05-16 08:30:00,REF-87141-05-26-2026
PRJ-002646,REQ-002647,Aprovuar,2026-05-10 08:30:00,REF-87122-05-26-2026
PRJ-002647,REQ-002648,Aprovuar,2026-05-11 08:30:00,REF-87128-05-26-2026
PRJ-002648,REQ-002649,Aprovuar,2026-05-19 08:30:00,REF-87164-05-26-2026
PRJ-002649,REQ-002650,Aprovuar,2026-05-05 08:30:00,REF-87133-05-26-2026
PRJ-002650,REQ-002651,Aprovuar,2026-05-21 08:30:00,REF-87151-05-26-2026
PRJ-002651,REQ-002652,Aprovuar,2026-05-09 08:30:00,REF-87149-05-26-2026
PRJ-002652,REQ-002653,Aprovuar,2026-05-02 08:30:00,REF-87147-05-26-2026
PRJ-002653,REQ-002654,Aprovuar,2026-05-04 08:30:00,REF-87093-05-26-2026
PRJ-002654,REQ-002655,Aprovuar,2026-05-17 08:30:00,REF-87091-05-26-2026
PRJ-002655,REQ-002656,Aprovuar,2026-05-06 08:30:00,REF-87089-05-26-2026
PRJ-002656,REQ-002657,Aprovuar,2026-05-16 08:30:00,REF-87087-05-26-2026
PRJ-002657,REQ-002658,Aprovuar,2026-05-07 08:30:00,REF-87085-05-26-2026
PRJ-002658,REQ-002659,Aprovuar,2026-05-21 08:30:00,REF-87083-05-26-2026
PRJ-002659,REQ-002660,Aprovuar,2026-05-07 08:30:00,REF-87081-05-26-2026
PRJ-002660,REQ-002661,Aprovuar,2026-05-15 08:30:00,REF-87079-05-26-2026
PRJ-002661,REQ-002662,Aprovuar,2026-05-14 08:30:00,REF-87077-05-26-2026
PRJ-002662,REQ-002663,Aprovuar,2026-05-03 10:00:00,REF-87607-05-26-2026
PRJ-002663,REQ-002664,Aprovuar,2026-04-29 08:30:00,REF-87074-05-26-2026
PRJ-002664,REQ-002665,Aprovuar,2026-05-02 08:30:00,REF-87072-05-26-2026
PRJ-002665,REQ-002666,Aprovuar,2026-05-01 08:30:00,REF-87070-05-26-2026
PRJ-002666,REQ-002667,Aprovuar,2026-05-13 08:30:00,REF-87068-05-26-2026
PRJ-002667,REQ-002668,Aprovuar,2026-05-03 08:30:00,REF-87065-05-26-2026
PRJ-002668,REQ-002669,Aprovuar,2026-05-19 08:30:00,REF-87060-05-26-2026
PRJ-002669,REQ-002670,Aprovuar,2026-05-23 08:30:00,REF-87048-05-26-2026
PRJ-002670,REQ-002671,Aprovuar,2026-05-10 08:00:00,REF-87501-05-26-2026
PRJ-002671,REQ-002672,Aprovuar,2026-05-20 09:00:00,REF-87510-05-26-2026
PRJ-002672,REQ-002673,Aprovuar,2026-05-19 09:00:00,REF-87237-05-26-2026
PRJ-002676,REQ-002677,Aprovuar,2026-05-01 08:30:00,REF-87478-05-26-2026
PRJ-002677,REQ-002678,Aprovuar,2026-05-06 08:30:00,REF-87469-05-26-2026
PRJ-002684,REQ-002685,Aprovuar,2026-05-04 10:00:00,REF-86896-05-25-2026
PRJ-002685,REQ-002686,Aprovuar,2026-04-29 08:30:00,REF-86922-05-25-2026
PRJ-002686,REQ-002687,Aprovuar,2026-05-05 08:30:00,REF-86920-05-25-2026
PRJ-002687,REQ-002688,Aprovuar,2026-05-06 08:30:00,REF-86918-05-25-2026
PRJ-002692,REQ-002693,Aprovuar,2026-04-27 08:30:00,REF-86827-05-25-2026
PRJ-002695,REQ-002696,Aprovuar,2026-05-20 08:30:00,REF-86813-05-25-2026
PRJ-002699,REQ-002700,Aprovuar,2026-05-11 08:30:00,REF-86823-05-25-2026
PRJ-002701,REQ-002702,Aprovuar,2026-05-12 08:30:00,REF-86802-05-25-2026
PRJ-002704,REQ-002705,Aprovuar,2026-05-19 08:30:00,REF-86790-05-25-2026
PRJ-002707,REQ-002708,Aprovuar,2026-05-04 08:30:00,REF-86845-05-25-2026
PRJ-002708,REQ-002709,Aprovuar,2026-05-10 08:30:00,REF-86819-05-25-2026
PRJ-002718,REQ-002719,Aprovuar,2026-05-10 08:30:00,REF-86811-05-25-2026
PRJ-002728,REQ-002729,Aprovuar,2026-05-10 08:30:00,REF-86783-05-25-2026
PRJ-002729,REQ-002730,Aprovuar,2026-05-21 08:30:00,REF-86975-05-25-2026
PRJ-002730,REQ-002731,Aprovuar,2026-05-01 08:30:00,REF-86962-05-25-2026
PRJ-002731,REQ-002732,Aprovuar,2026-05-14 08:00:00,REF-86952-05-25-2026
PRJ-002732,REQ-002733,Aprovuar,2026-05-03 08:00:00,REF-86926-05-25-2026
PRJ-002733,REQ-002734,Aprovuar,2026-05-07 08:00:00,REF-86963-05-25-2026
PRJ-002734,REQ-002735,Aprovuar,2026-05-03 08:00:00,REF-86958-05-25-2026
PRJ-002735,REQ-002736,Aprovuar,2026-05-04 08:00:00,REF-86902-05-25-2026
PRJ-002736,REQ-002737,Aprovuar,2026-05-13 08:00:00,REF-86909-05-25-2026
PRJ-002737,REQ-002738,Aprovuar,2026-05-06 08:00:00,REF-86169-05-20-2026
PRJ-002738,REQ-002739,Aprovuar,2026-04-29 08:00:00,REF-86761-05-25-2026
PRJ-002739,REQ-002740,Aprovuar,2026-05-15 08:00:00,REF-86967-05-25-2026
PRJ-002740,REQ-002741,Aprovuar,2026-05-20 08:00:00,REF-86772-05-25-2026
PRJ-002744,REQ-002745,Aprovuar,2026-05-04 12:00:00,REF-86602-05-22-2026
PRJ-002745,REQ-002746,Aprovuar,2026-05-18 12:00:00,REF-86600-05-22-2026
PRJ-002746,REQ-002747,Aprovuar,2026-05-06 12:00:00,REF-86597-05-22-2026
PRJ-002747,REQ-002748,Aprovuar,2026-04-26 11:00:00,REF-86576-05-22-2026
PRJ-002748,REQ-002749,Aprovuar,2026-05-03 08:00:00,REF-86657-05-22-2026
PRJ-002749,REQ-002750,Aprovuar,2026-05-11 12:00:00,REF-86605-05-22-2026
PRJ-002751,REQ-002752,Aprovuar,2026-05-15 08:30:00,REF-86642-05-22-2026
PRJ-002752,REQ-002753,Aprovuar,2026-05-03 08:00:00,REF-86646-05-22-2026
PRJ-002755,REQ-002756,Aprovuar,2026-05-05 08:00:00,REF-86656-05-22-2026
PRJ-002756,REQ-002757,Aprovuar,2026-05-11 10:00:00,REF-86660-05-22-2026
PRJ-002757,REQ-002758,Aprovuar,2026-05-08 10:00:00,REF-86499-05-22-2026
PRJ-002771,REQ-002772,Aprovuar,2026-05-09 09:00:00,REF-86386-05-21-2026
PRJ-002772,REQ-002773,Aprovuar,2026-04-30 09:00:00,REF-86379-05-21-2026
PRJ-002773,REQ-002774,Aprovuar,2026-04-30 11:00:00,REF-86435-05-21-2026
PRJ-002774,REQ-002775,Aprovuar,2026-05-10 08:00:00,REF-86369-05-21-2026
PRJ-002776,REQ-002777,Aprovuar,2026-05-12 10:00:00,REF-86303-05-21-2026
PRJ-002777,REQ-002778,Aprovuar,2026-05-03 00:00:00,REF-86360-05-21-2026
PRJ-002778,REQ-002779,Aprovuar,2026-05-10 08:00:00,REF-86460-05-21-2026
PRJ-002779,REQ-002780,Aprovuar,2026-04-24 08:00:00,REF-86458-05-21-2026
PRJ-002780,REQ-002781,Aprovuar,2026-05-17 08:00:00,REF-86451-05-21-2026
PRJ-002781,REQ-002782,Aprovuar,2026-04-24 11:00:00,REF-86320-05-21-2026
PRJ-002782,REQ-002783,Aprovuar,2026-05-15 08:30:00,REF-86395-05-21-2026
PRJ-002792,REQ-002793,Aprovuar,2026-05-16 08:00:00,REF-86163-05-20-2026
PRJ-002793,REQ-002794,Aprovuar,2026-04-26 00:00:00,REF-86262-05-20-2026
PRJ-002794,REQ-002795,Aprovuar,2026-04-30 09:00:00,REF-86245-05-20-2026
PRJ-002795,REQ-002796,Aprovuar,2026-05-15 13:00:00,REF-86155-05-20-2026
PRJ-002796,REQ-002797,Aprovuar,2026-04-23 10:00:00,REF-86147-05-20-2026
PRJ-002797,REQ-002798,Aprovuar,2026-04-22 11:00:00,REF-86293-05-20-2026
PRJ-002798,REQ-002799,Aprovuar,2026-04-25 09:00:00,REF-86261-05-20-2026
PRJ-002799,REQ-002800,Aprovuar,2026-04-29 08:00:00,REF-86201-05-20-2026
PRJ-002800,REQ-002801,Aprovuar,2026-04-25 10:00:00,REF-86222-05-20-2026
PRJ-002802,REQ-002803,Aprovuar,2026-05-03 08:30:00,REF-86263-05-20-2026
PRJ-002804,REQ-002805,Aprovuar,2026-05-02 09:00:00,REF-86198-05-20-2026
PRJ-002814,REQ-002815,Aprovuar,2026-04-24 14:00:00,REF-86079-05-19-2026
PRJ-002815,REQ-002816,Aprovuar,2026-04-28 09:00:00,REF-86114-05-19-2026
PRJ-002816,REQ-002817,Aprovuar,2026-04-25 08:30:00,REF-86089-05-19-2026
PRJ-002817,REQ-002818,Aprovuar,2026-04-30 10:00:00,REF-86128-05-19-2026
PRJ-002818,REQ-002819,Aprovuar,2026-05-08 10:00:00,REF-86131-05-19-2026
PRJ-002819,REQ-002820,Aprovuar,2026-04-21 10:00:00,REF-86046-05-19-2026
PRJ-002820,REQ-002821,Aprovuar,2026-05-13 11:00:00,REF-86075-05-19-2026
PRJ-002824,REQ-002825,Aprovuar,2026-04-23 11:00:00,REF-85937-05-18-2026
PRJ-002826,REQ-002827,Aprovuar,2026-04-24 09:00:00,REF-85907-05-18-2026
PRJ-002827,REQ-002828,Aprovuar,2026-04-27 10:00:00,REF-85864-05-18-2026
PRJ-002830,REQ-002831,Aprovuar,2026-04-26 08:00:00,REF-85961-05-18-2026
PRJ-002832,REQ-002833,Aprovuar,2026-05-06 09:00:00,REF-85325-05-12-2026
PRJ-002841,REQ-002842,Aprovuar,2026-05-11 10:00:00,REF-85770-05-15-2026
PRJ-002842,REQ-002843,Aprovuar,2026-05-13 08:00:00,REF-85755-05-15-2026
PRJ-002844,REQ-002845,Aprovuar,2026-04-30 10:00:00,REF-85776-05-15-2026
PRJ-002845,REQ-002846,Aprovuar,2026-05-06 10:00:00,REF-85774-05-15-2026
PRJ-002846,REQ-002847,Aprovuar,2026-05-07 14:00:00,REF-85814-05-15-2026
PRJ-002848,REQ-002849,Aprovuar,2026-05-08 10:30:00,REF-85741-05-15-2026
PRJ-002849,REQ-002850,Aprovuar,2026-05-04 12:00:00,REF-85806-05-15-2026
PRJ-002850,REQ-002851,Aprovuar,2026-05-07 08:30:00,REF-85817-05-15-2026
PRJ-002851,REQ-002852,Aprovuar,2026-04-19 08:30:00,REF-85799-05-15-2026
PRJ-002852,REQ-002853,Aprovuar,2026-04-29 08:00:00,REF-85819-05-15-2026
PRJ-002853,REQ-002854,Aprovuar,2026-05-02 10:00:00,REF-85747-05-15-2026
PRJ-002854,REQ-002855,Aprovuar,2026-04-25 10:00:00,REF-85617-05-14-2026
PRJ-002857,REQ-002858,Aprovuar,2026-04-20 11:00:00,REF-85699-05-14-2026
PRJ-002859,REQ-002860,Aprovuar,2026-04-23 11:00:00,REF-85694-05-14-2026
PRJ-002860,REQ-002861,Aprovuar,2026-05-02 11:00:00,REF-85685-05-14-2026
PRJ-002861,REQ-002862,Aprovuar,2026-04-17 08:00:00,REF-85687-05-14-2026
PRJ-002862,REQ-002863,Aprovuar,2026-05-08 10:00:00,REF-85675-05-14-2026
PRJ-002863,REQ-002864,Aprovuar,2026-04-24 10:00:00,REF-85703-05-14-2026
PRJ-002864,REQ-002865,Aprovuar,2026-04-27 11:00:00,REF-85637-05-14-2026
PRJ-002865,REQ-002866,Aprovuar,2026-05-06 08:00:00,REF-85626-05-14-2026
PRJ-002866,REQ-002867,Aprovuar,2026-04-29 08:00:00,REF-85622-05-14-2026
PRJ-002867,REQ-002868,Aprovuar,2026-05-03 08:00:00,REF-85619-05-14-2026
PRJ-002868,REQ-002869,Aprovuar,2026-05-06 08:00:00,REF-85551-05-14-2026
PRJ-002869,REQ-002870,Aprovuar,2026-05-10 11:30:00,REF-85590-05-14-2026
PRJ-002871,REQ-002872,Aprovuar,2026-04-23 10:00:00,REF-85706-05-14-2026
PRJ-002872,REQ-002873,Aprovuar,2026-04-17 16:00:00,REF-85690-05-14-2026
PRJ-002873,REQ-002874,Aprovuar,2026-04-28 10:00:00,REF-85701-05-14-2026
PRJ-002874,REQ-002875,Aprovuar,2026-04-27 08:30:00,REF-85550-05-14-2026
PRJ-002875,REQ-002876,Aprovuar,2026-04-29 10:00:00,REF-85593-05-14-2026
PRJ-002876,REQ-002877,Aprovuar,2026-05-05 10:00:00,REF-85669-05-14-2026
PRJ-002877,REQ-002878,Aprovuar,2026-05-09 08:00:00,REF-85668-05-14-2026
PRJ-002878,REQ-002879,Aprovuar,2026-05-03 10:00:00,REF-85708-05-14-2026
PRJ-002879,REQ-002880,Aprovuar,2026-04-21 08:30:00,REF-85659-05-14-2026
PRJ-002880,REQ-002881,Aprovuar,2026-04-29 08:00:00,REF-85543-05-14-2026
PRJ-002881,REQ-002882,Aprovuar,2026-05-11 11:00:00,REF-85715-05-14-2026
PRJ-002882,REQ-002883,Aprovuar,2026-04-27 10:00:00,REF-85587-05-14-2026
PRJ-002888,REQ-002889,Aprovuar,2026-05-09 08:00:00,REF-84996-05-11-2026
PRJ-002889,REQ-002890,Aprovuar,2026-05-09 08:00:00,REF-85535-05-13-2026
PRJ-002890,REQ-002891,Aprovuar,2026-04-30 15:00:00,REF-85508-05-13-2026
PRJ-002891,REQ-002892,Aprovuar,2026-04-20 10:00:00,REF-85497-05-13-2026
PRJ-002892,REQ-002893,Aprovuar,2026-05-01 08:00:00,REF-85449-05-13-2026
PRJ-002893,REQ-002894,Aprovuar,2026-04-18 09:00:00,REF-85310-05-12-2026
PRJ-002894,REQ-002895,Aprovuar,2026-04-27 08:30:00,REF-85525-05-13-2026
PRJ-002895,REQ-002896,Aprovuar,2026-04-25 08:00:00,REF-85528-05-13-2026
PRJ-002896,REQ-002897,Aprovuar,2026-04-28 10:00:00,REF-85466-05-13-2026
PRJ-002897,REQ-002898,Aprovuar,2026-04-27 10:00:00,REF-85359-05-13-2026
PRJ-002898,REQ-002899,Aprovuar,2026-05-09 11:00:00,REF-85450-05-13-2026
PRJ-002899,REQ-002900,Aprovuar,2026-04-21 08:00:00,REF-85532-05-13-2026
PRJ-002900,REQ-002901,Aprovuar,2026-04-16 08:00:00,REF-85534-05-13-2026
PRJ-002901,REQ-002902,Aprovuar,2026-04-21 08:00:00,REF-85530-05-13-2026
PRJ-002908,REQ-002909,Aprovuar,2026-04-16 09:00:00,REF-85031-05-11-2026
PRJ-002909,REQ-002910,Aprovuar,2026-04-30 11:00:00,REF-85337-05-12-2026
PRJ-002910,REQ-002911,Aprovuar,2026-04-24 00:00:00,REF-85309-05-12-2026
PRJ-002911,REQ-002912,Aprovuar,2026-04-20 08:00:00,REF-85349-05-12-2026
PRJ-002912,REQ-002913,Aprovuar,2026-05-01 11:00:00,REF-85221-05-12-2026
PRJ-002913,REQ-002914,Aprovuar,2026-05-02 08:00:00,REF-85197-05-12-2026
PRJ-002914,REQ-002915,Aprovuar,2026-04-16 10:00:00,REF-85261-05-12-2026
PRJ-002915,REQ-002916,Aprovuar,2026-04-19 08:00:00,REF-85243-05-12-2026
PRJ-002916,REQ-002917,Aprovuar,2026-04-18 10:00:00,REF-85330-05-12-2026
PRJ-002925,REQ-002926,Aprovuar,2026-04-17 10:00:00,REF-85123-05-11-2026
PRJ-002928,REQ-002929,Aprovuar,2026-05-02 10:00:00,REF-85155-05-11-2026
PRJ-002941,REQ-002942,Aprovuar,2026-05-02 10:00:00,REF-85107-05-11-2026
PRJ-002942,REQ-002943,Aprovuar,2026-05-04 10:00:00,REF-85091-05-11-2026
PRJ-002943,REQ-002944,Aprovuar,2026-04-30 10:00:00,REF-85064-05-11-2026
PRJ-002944,REQ-002945,Aprovuar,2026-04-27 11:00:00,REF-84963-05-11-2026
PRJ-002945,REQ-002946,Aprovuar,2026-04-25 08:00:00,REF-83800-04-29-2026
PRJ-002946,REQ-002947,Aprovuar,2026-05-01 11:00:00,REF-85169-05-11-2026
PRJ-002947,REQ-002948,Aprovuar,2026-04-14 08:30:00,REF-85174-05-11-2026
PRJ-002948,REQ-002949,Aprovuar,2026-04-26 08:30:00,REF-85172-05-11-2026
PRJ-002949,REQ-002950,Aprovuar,2026-04-15 08:30:00,REF-85170-05-11-2026
PRJ-002952,REQ-002953,Aprovuar,2026-05-06 08:00:00,REF-84923-05-08-2026
PRJ-002954,REQ-002955,Aprovuar,2026-05-02 08:00:00,REF-84837-05-08-2026
PRJ-002955,REQ-002956,Aprovuar,2026-04-29 11:30:00,REF-84835-05-08-2026
PRJ-002956,REQ-002957,Aprovuar,2026-04-30 10:00:00,REF-84912-05-08-2026
PRJ-002957,REQ-002958,Aprovuar,2026-04-24 08:00:00,REF-84839-05-08-2026
PRJ-002961,REQ-002962,Aprovuar,2026-04-30 10:00:00,REF-84717-05-07-2026
PRJ-002962,REQ-002963,Aprovuar,2026-04-28 14:00:00,REF-84765-05-07-2026
PRJ-002963,REQ-002964,Aprovuar,2026-04-25 08:00:00,REF-84666-05-07-2026
PRJ-002964,REQ-002965,Aprovuar,2026-05-03 10:00:00,REF-84679-05-07-2026
PRJ-002965,REQ-002966,Aprovuar,2026-04-30 11:30:00,REF-84642-05-07-2026
PRJ-002966,REQ-002967,Aprovuar,2026-05-03 11:00:00,REF-84788-05-07-2026
PRJ-002967,REQ-002968,Aprovuar,2026-04-09 08:00:00,REF-84704-05-07-2026
PRJ-002968,REQ-002969,Aprovuar,2026-04-13 08:00:00,REF-84701-05-07-2026
PRJ-002969,REQ-002970,Aprovuar,2026-04-22 08:00:00,REF-84697-05-07-2026
PRJ-002970,REQ-002971,Aprovuar,2026-05-01 08:00:00,REF-84694-05-07-2026
PRJ-002971,REQ-002972,Aprovuar,2026-04-24 08:00:00,REF-84688-05-07-2026
PRJ-002972,REQ-002973,Aprovuar,2026-04-27 11:00:00,REF-84755-05-07-2026
PRJ-002973,REQ-002974,Aprovuar,2026-04-14 09:30:00,REF-84753-05-07-2026
PRJ-002975,REQ-002976,Aprovuar,2026-04-29 08:00:00,REF-84750-05-07-2026
PRJ-002976,REQ-002977,Aprovuar,2026-04-23 09:00:00,REF-84798-05-07-2026
PRJ-002977,REQ-002978,Aprovuar,2026-04-14 09:00:00,REF-84796-05-07-2026
PRJ-002978,REQ-002979,Aprovuar,2026-04-23 09:00:00,REF-84794-05-07-2026
PRJ-002979,REQ-002980,Aprovuar,2026-04-30 09:00:00,REF-84792-05-07-2026
PRJ-002980,REQ-002981,Aprovuar,2026-04-29 09:00:00,REF-84790-05-07-2026
PRJ-002981,REQ-002982,Aprovuar,2026-04-13 09:00:00,REF-84722-05-07-2026
PRJ-002986,REQ-002987,Aprovuar,2026-04-17 11:00:00,REF-84568-05-06-2026
PRJ-002987,REQ-002988,Aprovuar,2026-04-19 08:30:00,REF-84431-05-06-2026
PRJ-002988,REQ-002989,Aprovuar,2026-05-01 08:00:00,REF-84583-05-06-2026
PRJ-002990,REQ-002991,Aprovuar,2026-05-02 08:30:00,REF-84567-05-06-2026
PRJ-002991,REQ-002992,Aprovuar,2026-04-26 14:00:00,REF-84320-05-05-2026
PRJ-002992,REQ-002993,Aprovuar,2026-04-22 08:30:00,REF-84572-05-06-2026
PRJ-002993,REQ-002994,Aprovuar,2026-04-27 08:30:00,REF-84574-05-06-2026
PRJ-002994,REQ-002995,Aprovuar,2026-04-18 08:30:00,REF-84570-05-06-2026
PRJ-002995,REQ-002996,Aprovuar,2026-04-18 10:00:00,REF-84453-05-06-2026
PRJ-002996,REQ-002997,Aprovuar,2026-04-28 11:00:00,REF-84440-05-06-2026
PRJ-002997,REQ-002998,Aprovuar,2026-04-13 10:00:00,REF-84447-05-06-2026
PRJ-002998,REQ-002999,Aprovuar,2026-04-09 08:00:00,REF-84426-05-06-2026
PRJ-002999,REQ-003000,Aprovuar,2026-04-24 00:00:00,REF-84442-05-06-2026
PRJ-003000,REQ-003001,Aprovuar,2026-04-24 08:00:00,REF-84425-05-06-2026
PRJ-003001,REQ-003002,Aprovuar,2026-04-27 08:30:00,REF-84434-05-06-2026
PRJ-003007,REQ-003008,Aprovuar,2026-04-30 11:00:00,REF-84360-05-05-2026
PRJ-003008,REQ-003009,Aprovuar,2026-04-30 09:00:00,REF-84351-05-05-2026
PRJ-003009,REQ-003010,Aprovuar,2026-04-23 10:00:00,REF-84249-05-05-2026
PRJ-003010,REQ-003011,Aprovuar,2026-04-08 10:00:00,REF-84362-05-05-2026
PRJ-003011,REQ-003012,Aprovuar,2026-04-29 11:00:00,REF-84266-05-05-2026
PRJ-003012,REQ-003013,Aprovuar,2026-04-18 10:00:00,REF-84308-05-05-2026
PRJ-003013,REQ-003014,Aprovuar,2026-04-12 09:00:00,REF-84262-05-05-2026
PRJ-003014,REQ-003015,Aprovuar,2026-04-28 10:00:00,REF-84239-05-05-2026
PRJ-003015,REQ-003016,Aprovuar,2026-04-18 11:00:00,REF-84276-05-05-2026
PRJ-003016,REQ-003017,Aprovuar,2026-04-08 09:00:00,REF-84391-05-05-2026
PRJ-003017,REQ-003018,Aprovuar,2026-04-07 09:00:00,REF-84387-05-05-2026
PRJ-003018,REQ-003019,Aprovuar,2026-04-29 09:00:00,REF-84383-05-05-2026
PRJ-003019,REQ-003020,Aprovuar,2026-04-15 09:00:00,REF-84381-05-05-2026
PRJ-003020,REQ-003021,Aprovuar,2026-05-01 09:00:00,REF-84377-05-05-2026
PRJ-003021,REQ-003022,Aprovuar,2026-04-30 09:00:00,REF-84379-05-05-2026
PRJ-003022,REQ-003023,Aprovuar,2026-04-28 10:00:00,REF-84270-05-05-2026
PRJ-003023,REQ-003024,Aprovuar,2026-04-29 08:00:00,REF-84403-05-05-2026
PRJ-003026,REQ-003027,Aprovuar,2026-04-11 10:00:00,REF-84247-05-05-2026
PRJ-003027,REQ-003028,Aprovuar,2026-04-29 08:00:00,REF-84353-05-05-2026
PRJ-003028,REQ-003029,Aprovuar,2026-04-29 08:00:00,REF-84350-05-05-2026
PRJ-003029,REQ-003030,Aprovuar,2026-04-24 08:00:00,REF-84346-05-05-2026
PRJ-003030,REQ-003031,Aprovuar,2026-04-14 08:00:00,REF-84348-05-05-2026
PRJ-003031,REQ-003032,Aprovuar,2026-04-11 12:00:00,REF-84255-05-05-2026
PRJ-003037,REQ-003038,Aprovuar,2026-04-24 10:00:00,REF-84163-05-04-2026
PRJ-003039,REQ-003040,Aprovuar,2026-04-12 08:00:00,REF-84179-05-04-2026
PRJ-003040,REQ-003041,Aprovuar,2026-04-30 08:00:00,REF-84174-05-04-2026
PRJ-003041,REQ-003042,Aprovuar,2026-04-19 08:00:00,REF-84181-05-04-2026
PRJ-003042,REQ-003043,Aprovuar,2026-04-21 10:30:00,REF-84116-05-04-2026
PRJ-003043,REQ-003044,Aprovuar,2026-04-23 08:30:00,REF-84095-05-04-2026
PRJ-003044,REQ-003045,Aprovuar,2026-04-10 09:00:00,REF-84123-05-04-2026
PRJ-003046,REQ-003047,Aprovuar,2026-04-14 08:30:00,REF-84018-05-01-2026
PRJ-003047,REQ-003048,Aprovuar,2026-04-11 10:00:00,REF-84068-05-04-2026
PRJ-003056,REQ-003057,Aprovuar,2026-04-20 09:00:00,REF-83978-04-30-2026
PRJ-003057,REQ-003058,Aprovuar,2026-04-29 10:00:00,REF-83907-04-30-2026
PRJ-003058,REQ-003059,Aprovuar,2026-04-18 10:00:00,REF-84016-05-01-2026
PRJ-003060,REQ-003061,Aprovuar,2026-04-18 09:00:00,REF-83911-04-30-2026
PRJ-003061,REQ-003062,Aprovuar,2026-04-08 09:00:00,REF-83913-04-30-2026
PRJ-003065,REQ-003066,Aprovuar,2026-04-22 09:00:00,REF-83910-04-30-2026
PRJ-003067,REQ-003068,Aprovuar,2026-04-06 08:30:00,REF-83988-04-30-2026
PRJ-003068,REQ-003069,Aprovuar,2026-04-17 10:00:00,REF-83947-04-30-2026
PRJ-003075,REQ-003076,Aprovuar,2026-04-05 08:00:00,REF-83798-04-29-2026
PRJ-003078,REQ-003079,Aprovuar,2026-04-07 10:00:00,REF-83831-04-29-2026
PRJ-003079,REQ-003080,Aprovuar,2026-04-13 08:00:00,REF-83791-04-29-2026
PRJ-003082,REQ-003083,Aprovuar,2026-04-04 08:00:00,REF-83849-04-29-2026
PRJ-003083,REQ-003084,Aprovuar,2026-04-04 09:00:00,REF-83834-04-29-2026
PRJ-003084,REQ-003085,Aprovuar,2026-04-20 09:00:00,REF-83828-04-29-2026
PRJ-003085,REQ-003086,Aprovuar,2026-04-23 08:00:00,REF-83809-04-29-2026
PRJ-003087,REQ-003088,Aprovuar,2026-04-23 08:00:00,REF-83866-04-29-2026
PRJ-003088,REQ-003089,Aprovuar,2026-04-09 08:00:00,REF-83864-04-29-2026
PRJ-003089,REQ-003090,Aprovuar,2026-04-29 08:00:00,REF-83862-04-29-2026
PRJ-003090,REQ-003091,Aprovuar,2026-04-03 09:00:00,REF-83858-04-29-2026
PRJ-003091,REQ-003092,Aprovuar,2026-04-18 09:00:00,REF-83860-04-29-2026
PRJ-003092,REQ-003093,Aprovuar,2026-04-11 08:00:00,REF-83771-04-29-2026
PRJ-003095,REQ-003096,Aprovuar,2026-04-24 10:00:00,REF-83670-04-28-2026
PRJ-003098,REQ-003099,Aprovuar,2026-04-08 16:30:00,REF-83668-04-28-2026
PRJ-003099,REQ-003100,Aprovuar,2026-04-24 10:00:00,REF-83687-04-28-2026
PRJ-003100,REQ-003101,Aprovuar,2026-04-15 10:00:00,REF-83665-04-28-2026
PRJ-003101,REQ-003102,Aprovuar,2026-04-20 08:00:00,REF-83657-04-28-2026
PRJ-003102,REQ-003103,Aprovuar,2026-04-11 10:00:00,REF-83609-04-28-2026
PRJ-003103,REQ-003104,Aprovuar,2026-04-17 15:00:00,REF-83610-04-28-2026
PRJ-003104,REQ-003105,Aprovuar,2026-04-16 08:30:00,REF-83696-04-28-2026
PRJ-003105,REQ-003106,Aprovuar,2026-04-08 14:00:00,REF-83615-04-28-2026
PRJ-003106,REQ-003107,Aprovuar,2026-04-21 09:00:00,REF-83698-04-28-2026
PRJ-003107,REQ-003108,Aprovuar,2026-04-07 08:00:00,REF-83692-04-28-2026
PRJ-003109,REQ-003110,Aprovuar,2026-04-24 10:00:00,REF-83292-04-24-2026
PRJ-003110,REQ-003111,Aprovuar,2026-04-04 14:30:00,REF-83661-04-28-2026
PRJ-003111,REQ-003112,Aprovuar,2026-04-08 09:30:00,REF-83631-04-28-2026
PRJ-003115,REQ-003116,Aprovuar,2026-04-13 10:00:00,REF-83699-04-28-2026
PRJ-003120,REQ-003121,Aprovuar,2026-04-06 09:00:00,REF-83430-04-27-2026
PRJ-003123,REQ-003124,Aprovuar,2026-04-03 10:00:00,REF-83489-04-27-2026
PRJ-003124,REQ-003125,Aprovuar,2026-04-14 11:00:00,REF-83483-04-27-2026
PRJ-003125,REQ-003126,Aprovuar,2026-04-13 09:00:00,REF-83473-04-27-2026
PRJ-003126,REQ-003127,Aprovuar,2026-04-03 08:30:00,REF-83493-04-27-2026
PRJ-003127,REQ-003128,Aprovuar,2026-04-04 08:30:00,REF-83487-04-27-2026
PRJ-003128,REQ-003129,Aprovuar,2026-04-12 08:30:00,REF-83491-04-27-2026
PRJ-003130,REQ-003131,Aprovuar,2026-04-18 10:00:00,REF-83468-04-27-2026
PRJ-003131,REQ-003132,Aprovuar,2026-04-23 11:00:00,REF-83449-04-27-2026
PRJ-003132,REQ-003133,Aprovuar,2026-04-11 13:30:00,REF-83402-04-27-2026
PRJ-003133,REQ-003134,Aprovuar,2026-04-20 08:30:00,REF-83500-04-27-2026
PRJ-003134,REQ-003135,Aprovuar,2026-04-18 08:30:00,REF-83496-04-27-2026
PRJ-003135,REQ-003136,Aprovuar,2026-04-17 08:30:00,REF-83498-04-27-2026
PRJ-003136,REQ-003137,Aprovuar,2026-04-15 10:00:00,REF-83481-04-27-2026
PRJ-003142,REQ-003143,Aprovuar,2026-04-01 10:00:00,REF-83285-04-24-2026
PRJ-003143,REQ-003144,Aprovuar,2026-04-13 09:00:00,REF-83281-04-24-2026
PRJ-003145,REQ-003146,Aprovuar,2026-04-13 09:00:00,REF-83259-04-24-2026
PRJ-003146,REQ-003147,Aprovuar,2026-03-29 09:00:00,REF-83276-04-24-2026
PRJ-003147,REQ-003148,Aprovuar,2026-04-01 10:00:00,REF-83250-04-24-2026
PRJ-003148,REQ-003149,Aprovuar,2026-04-20 11:00:00,REF-83219-04-24-2026
PRJ-003149,REQ-003150,Aprovuar,2026-04-04 09:00:00,REF-83243-04-24-2026
PRJ-003150,REQ-003151,Aprovuar,2026-04-07 08:30:00,REF-83279-04-24-2026
PRJ-003151,REQ-003152,Aprovuar,2026-04-11 12:00:00,REF-83236-04-24-2026
PRJ-003153,REQ-003154,Aprovuar,2026-04-10 11:00:00,REF-83208-04-24-2026
PRJ-003154,REQ-003155,Aprovuar,2026-04-16 11:00:00,REF-83223-04-24-2026
PRJ-003155,REQ-003156,Aprovuar,2026-04-18 10:00:00,REF-83233-04-24-2026
PRJ-003160,REQ-003161,Aprovuar,2026-04-09 08:00:00,REF-83148-04-23-2026
PRJ-003162,REQ-003163,Aprovuar,2026-04-10 08:30:00,REF-83170-04-23-2026
PRJ-003163,REQ-003164,Aprovuar,2026-03-28 08:00:00,REF-83146-04-23-2026
PRJ-003165,REQ-003166,Aprovuar,2026-04-11 10:00:00,REF-83093-04-23-2026
PRJ-003166,REQ-003167,Aprovuar,2026-04-18 10:00:00,REF-83103-04-23-2026
PRJ-003167,REQ-003168,Aprovuar,2026-03-31 08:00:00,REF-83112-04-23-2026
PRJ-003168,REQ-003169,Aprovuar,2026-04-18 10:00:00,REF-83173-04-23-2026
PRJ-003169,REQ-003170,Aprovuar,2026-03-28 10:00:00,REF-83064-04-23-2026
PRJ-003170,REQ-003171,Aprovuar,2026-04-10 10:00:00,REF-83014-04-22-2026
PRJ-003172,REQ-003173,Aprovuar,2026-04-05 08:30:00,REF-83175-04-23-2026
PRJ-003173,REQ-003174,Aprovuar,2026-04-15 08:30:00,REF-83177-04-23-2026
PRJ-003174,REQ-003175,Aprovuar,2026-04-10 09:00:00,REF-83122-04-23-2026
PRJ-003175,REQ-003176,Aprovuar,2026-04-02 13:00:00,REF-83111-04-23-2026
PRJ-003176,REQ-003177,Aprovuar,2026-04-14 09:00:00,REF-83164-04-23-2026
PRJ-003177,REQ-003178,Aprovuar,2026-04-10 08:00:00,REF-83142-04-23-2026
PRJ-003178,REQ-003179,Aprovuar,2026-04-17 11:00:00,REF-83149-04-23-2026
PRJ-003179,REQ-003180,Aprovuar,2026-04-16 10:00:00,REF-83095-04-23-2026
PRJ-003180,REQ-003181,Aprovuar,2026-03-29 12:00:00,REF-83071-04-23-2026
PRJ-003183,REQ-003184,Aprovuar,2026-03-26 08:00:00,REF-83017-04-22-2026
PRJ-003184,REQ-003185,Aprovuar,2026-04-17 10:00:00,REF-82923-04-22-2026
PRJ-003185,REQ-003186,Aprovuar,2026-04-05 09:00:00,REF-82967-04-22-2026
PRJ-003186,REQ-003187,Aprovuar,2026-04-17 11:00:00,REF-82935-04-22-2026
PRJ-003187,REQ-003188,Aprovuar,2026-04-04 11:00:00,REF-82919-04-22-2026
PRJ-003188,REQ-003189,Aprovuar,2026-03-29 16:00:00,REF-82988-04-22-2026
PRJ-003189,REQ-003190,Aprovuar,2026-04-16 00:00:00,REF-83009-04-22-2026
PRJ-003190,REQ-003191,Aprovuar,2026-04-16 09:00:00,REF-82985-04-22-2026
PRJ-003191,REQ-003192,Aprovuar,2026-04-12 08:00:00,REF-82991-04-22-2026
PRJ-003193,REQ-003194,Aprovuar,2026-03-28 08:30:00,REF-83002-04-22-2026
PRJ-003195,REQ-003196,Aprovuar,2026-04-13 14:00:00,REF-82956-04-22-2026
PRJ-003197,REQ-003198,Aprovuar,2026-04-14 08:30:00,REF-82925-04-22-2026
PRJ-003199,REQ-003200,Aprovuar,2026-03-30 08:00:00,REF-83018-04-22-2026
PRJ-003203,REQ-003204,Aprovuar,2026-04-06 10:00:00,REF-82873-04-21-2026
PRJ-003204,REQ-003205,Aprovuar,2026-04-16 08:00:00,REF-82747-04-21-2026
PRJ-003206,REQ-003207,Aprovuar,2026-04-16 10:00:00,REF-82807-04-21-2026
PRJ-003207,REQ-003208,Aprovuar,2026-04-01 08:30:00,REF-82844-04-21-2026
PRJ-003208,REQ-003209,Aprovuar,2026-04-04 08:30:00,REF-82811-04-21-2026
PRJ-003209,REQ-003210,Aprovuar,2026-04-15 08:30:00,REF-82639-04-20-2026
PRJ-003210,REQ-003211,Aprovuar,2026-04-11 10:00:00,REF-82530-04-20-2026
PRJ-003211,REQ-003212,Aprovuar,2026-04-07 13:00:00,REF-82579-04-20-2026
PRJ-003212,REQ-003213,Aprovuar,2026-04-16 15:00:00,REF-82626-04-20-2026
PRJ-003213,REQ-003214,Aprovuar,2026-04-08 10:00:00,REF-82527-04-20-2026
PRJ-003215,REQ-003216,Aprovuar,2026-03-23 10:00:00,REF-82725-04-20-2026
PRJ-003221,REQ-003222,Aprovuar,2026-03-27 09:00:00,REF-82433-04-17-2026
PRJ-003222,REQ-003223,Aprovuar,2026-03-26 08:30:00,REF-82416-04-17-2026
PRJ-003223,REQ-003224,Aprovuar,2026-03-24 08:30:00,REF-82408-04-17-2026
PRJ-003224,REQ-003225,Aprovuar,2026-03-22 08:30:00,REF-82414-04-17-2026
PRJ-003225,REQ-003226,Aprovuar,2026-04-12 10:00:00,REF-82447-04-17-2026
PRJ-003226,REQ-003227,Aprovuar,2026-04-07 08:00:00,REF-82393-04-17-2026
PRJ-003227,REQ-003228,Aprovuar,2026-04-15 11:00:00,REF-82347-04-17-2026
PRJ-003228,REQ-003229,Aprovuar,2026-04-07 08:30:00,REF-82451-04-17-2026
PRJ-003229,REQ-003230,Aprovuar,2026-03-25 11:30:00,REF-82371-04-17-2026
PRJ-003230,REQ-003231,Aprovuar,2026-04-07 11:00:00,REF-82355-04-17-2026
PRJ-003232,REQ-003233,Aprovuar,2026-04-11 10:00:00,REF-82350-04-17-2026
PRJ-003235,REQ-003236,Aprovuar,2026-04-08 11:00:00,REF-82353-04-17-2026
PRJ-003238,REQ-003239,Aprovuar,2026-03-27 10:00:00,REF-82177-04-16-2026
PRJ-003240,REQ-003241,Aprovuar,2026-04-01 09:00:00,REF-82325-04-16-2026
PRJ-003241,REQ-003242,Aprovuar,2026-04-11 11:00:00,REF-82167-04-16-2026
PRJ-003243,REQ-003244,Aprovuar,2026-03-24 09:00:00,REF-82186-04-16-2026
PRJ-003244,REQ-003245,Aprovuar,2026-03-26 11:00:00,REF-82289-04-16-2026
PRJ-003245,REQ-003246,Aprovuar,2026-04-07 11:00:00,REF-82284-04-16-2026
PRJ-003246,REQ-003247,Aprovuar,2026-03-24 00:00:00,REF-82199-04-16-2026
PRJ-003247,REQ-003248,Aprovuar,2026-03-25 09:00:00,REF-82312-04-16-2026
PRJ-003248,REQ-003249,Aprovuar,2026-03-30 10:00:00,REF-82123-04-16-2026
PRJ-003249,REQ-003250,Aprovuar,2026-04-03 09:30:00,REF-82309-04-16-2026
PRJ-003250,REQ-003251,Aprovuar,2026-04-06 09:30:00,REF-82299-04-16-2026
PRJ-003251,REQ-003252,Aprovuar,2026-04-04 09:30:00,REF-82307-04-16-2026
PRJ-003253,REQ-003254,Aprovuar,2026-04-11 12:30:00,REF-82205-04-16-2026
PRJ-003254,REQ-003255,Aprovuar,2026-03-19 11:00:00,REF-82166-04-16-2026
PRJ-003261,REQ-003262,Aprovuar,2026-03-29 09:00:00,REF-82062-04-15-2026
PRJ-003262,REQ-003263,Aprovuar,2026-04-09 09:00:00,REF-82041-04-15-2026
PRJ-003263,REQ-003264,Aprovuar,2026-03-24 08:30:00,REF-82085-04-15-2026
PRJ-003264,REQ-003265,Aprovuar,2026-03-18 08:00:00,REF-82022-04-15-2026
PRJ-003265,REQ-003266,Aprovuar,2026-03-19 10:00:00,REF-82093-04-15-2026
PRJ-003267,REQ-003268,Aprovuar,2026-03-18 10:00:00,REF-81840-04-14-2026
PRJ-003268,REQ-003269,Aprovuar,2026-03-23 10:00:00,REF-82089-04-15-2026
PRJ-003269,REQ-003270,Aprovuar,2026-04-08 14:00:00,REF-82050-04-15-2026
PRJ-003270,REQ-003271,Aprovuar,2026-04-10 09:00:00,REF-82016-04-15-2026
PRJ-003272,REQ-003273,Aprovuar,2026-03-28 10:00:00,REF-82105-04-15-2026
PRJ-003273,REQ-003274,Aprovuar,2026-03-21 08:00:00,REF-81946-04-15-2026
PRJ-003277,REQ-003278,Aprovuar,2026-04-05 11:00:00,REF-81898-04-14-2026
PRJ-003278,REQ-003279,Aprovuar,2026-03-30 08:00:00,REF-81789-04-14-2026
PRJ-003279,REQ-003280,Aprovuar,2026-03-31 10:00:00,REF-81736-04-14-2026
PRJ-003282,REQ-003283,Aprovuar,2026-03-20 10:00:00,REF-81765-04-14-2026
PRJ-003287,REQ-003288,Aprovuar,2026-04-07 11:00:00,REF-81685-04-10-2026
PRJ-003288,REQ-003289,Aprovuar,2026-03-27 10:00:00,REF-81674-04-10-2026
PRJ-003289,REQ-003290,Aprovuar,2026-03-20 10:00:00,REF-81636-04-10-2026
PRJ-003290,REQ-003291,Aprovuar,2026-04-07 08:00:00,REF-81645-04-10-2026
PRJ-003291,REQ-003292,Aprovuar,2026-03-29 08:00:00,REF-81651-04-10-2026
PRJ-003292,REQ-003293,Aprovuar,2026-04-03 09:00:00,REF-81658-04-10-2026
PRJ-003294,REQ-003295,Aprovuar,2026-04-06 08:00:00,REF-81622-04-10-2026
PRJ-003295,REQ-003296,Aprovuar,2026-03-24 10:00:00,REF-81596-04-10-2026
PRJ-003296,REQ-003297,Aprovuar,2026-04-02 12:00:00,REF-81573-04-10-2026
PRJ-003298,REQ-003299,Aprovuar,2026-04-04 11:00:00,REF-81672-04-10-2026
PRJ-003300,REQ-003301,Aprovuar,2026-03-16 09:00:00,REF-81575-04-10-2026
PRJ-003302,REQ-003303,Aprovuar,2026-04-06 10:00:00,REF-81609-04-10-2026
PRJ-003316,REQ-003317,Aprovuar,2026-03-28 09:00:00,REF-81553-04-09-2026
PRJ-003317,REQ-003318,Aprovuar,2026-04-02 09:00:00,REF-81534-04-09-2026
PRJ-003319,REQ-003320,Aprovuar,2026-03-21 09:00:00,REF-81544-04-09-2026
PRJ-003321,REQ-003322,Aprovuar,2026-03-23 08:30:00,REF-81560-04-09-2026
PRJ-003322,REQ-003323,Aprovuar,2026-03-27 08:30:00,REF-81555-04-09-2026
PRJ-003323,REQ-003324,Aprovuar,2026-03-24 08:30:00,REF-81558-04-09-2026
PRJ-003329,REQ-003330,Aprovuar,2026-04-02 00:00:00,REF-81426-04-09-2026
PRJ-003330,REQ-003331,Aprovuar,2026-03-13 09:00:00,REF-81462-04-09-2026
PRJ-003336,REQ-003337,Aprovuar,2026-03-12 10:00:00,REF-81270-04-08-2026
PRJ-003337,REQ-003338,Aprovuar,2026-03-11 10:00:00,REF-81233-04-08-2026
PRJ-003338,REQ-003339,Aprovuar,2026-03-19 10:00:00,REF-81354-04-08-2026
PRJ-003340,REQ-003341,Aprovuar,2026-03-20 08:30:00,REF-81375-04-08-2026
PRJ-003341,REQ-003342,Aprovuar,2026-04-01 08:00:00,REF-81360-04-08-2026
PRJ-003342,REQ-003343,Aprovuar,2026-03-23 10:00:00,REF-81355-04-08-2026
PRJ-003343,REQ-003344,Aprovuar,2026-03-14 12:00:00,REF-81263-04-08-2026
PRJ-003344,REQ-003345,Aprovuar,2026-03-25 12:00:00,REF-81349-04-08-2026
PRJ-003345,REQ-003346,Aprovuar,2026-03-26 12:00:00,REF-81300-04-08-2026
PRJ-003348,REQ-003349,Aprovuar,2026-04-02 15:00:00,REF-81186-04-07-2026
PRJ-003349,REQ-003350,Aprovuar,2026-03-10 10:00:00,REF-81152-04-07-2026
PRJ-003350,REQ-003351,Aprovuar,2026-03-28 08:30:00,REF-81205-04-07-2026
PRJ-003351,REQ-003352,Aprovuar,2026-03-21 08:30:00,REF-81200-04-07-2026
PRJ-003352,REQ-003353,Aprovuar,2026-03-23 08:30:00,REF-81203-04-07-2026
PRJ-003353,REQ-003354,Aprovuar,2026-03-28 08:00:00,REF-81124-04-07-2026
PRJ-003354,REQ-003355,Aprovuar,2026-03-19 13:00:00,REF-81137-04-07-2026
PRJ-003355,REQ-003356,Aprovuar,2026-03-16 11:00:00,REF-81147-04-07-2026
PRJ-003356,REQ-003357,Aprovuar,2026-03-30 08:00:00,REF-80352-03-30-2026
PRJ-003357,REQ-003358,Aprovuar,2026-03-13 08:00:00,REF-81178-04-07-2026
PRJ-003358,REQ-003359,Aprovuar,2026-04-02 08:00:00,REF-81170-04-07-2026
PRJ-003359,REQ-003360,Aprovuar,2026-03-28 08:00:00,REF-81175-04-07-2026
PRJ-003362,REQ-003363,Aprovuar,2026-03-14 09:00:00,REF-81056-04-03-2026
PRJ-003363,REQ-003364,Aprovuar,2026-03-23 08:00:00,REF-80921-04-03-2026
PRJ-003371,REQ-003372,Aprovuar,2026-03-29 08:30:00,REF-80990-04-03-2026
PRJ-003372,REQ-003373,Aprovuar,2026-04-02 14:00:00,REF-81049-04-03-2026
PRJ-003373,REQ-003374,Aprovuar,2026-03-17 08:00:00,REF-80913-04-03-2026
PRJ-003374,REQ-003375,Aprovuar,2026-03-19 10:00:00,REF-81063-04-03-2026
PRJ-003375,REQ-003376,Aprovuar,2026-03-14 08:00:00,REF-81040-04-03-2026
PRJ-003376,REQ-003377,Aprovuar,2026-03-13 08:00:00,REF-80974-04-03-2026
PRJ-003377,REQ-003378,Aprovuar,2026-03-11 08:00:00,REF-80972-04-03-2026
PRJ-003378,REQ-003379,Aprovuar,2026-03-09 08:00:00,REF-80970-04-03-2026
PRJ-003379,REQ-003380,Aprovuar,2026-03-11 08:00:00,REF-80962-04-03-2026
PRJ-003380,REQ-003381,Aprovuar,2026-03-26 08:00:00,REF-80966-04-03-2026
PRJ-003382,REQ-003383,Aprovuar,2026-03-13 11:00:00,REF-80827-04-02-2026
PRJ-003383,REQ-003384,Aprovuar,2026-03-27 11:00:00,REF-80818-04-02-2026
PRJ-003384,REQ-003385,Aprovuar,2026-03-25 11:00:00,REF-80824-04-02-2026
PRJ-003385,REQ-003386,Aprovuar,2026-03-09 10:00:00,REF-80878-04-02-2026
PRJ-003386,REQ-003387,Aprovuar,2026-03-13 08:00:00,REF-80808-04-02-2026
PRJ-003387,REQ-003388,Aprovuar,2026-03-14 09:00:00,REF-80745-04-01-2026
PRJ-003388,REQ-003389,Aprovuar,2026-03-24 09:00:00,REF-80814-04-02-2026
PRJ-003389,REQ-003390,Aprovuar,2026-03-08 11:00:00,REF-80877-04-02-2026
PRJ-003390,REQ-003391,Aprovuar,2026-03-09 08:00:00,REF-80815-04-02-2026
PRJ-003391,REQ-003392,Aprovuar,2026-03-28 10:00:00,REF-80862-04-02-2026
PRJ-003392,REQ-003393,Aprovuar,2026-03-10 09:00:00,REF-80695-04-01-2026
PRJ-003393,REQ-003394,Aprovuar,2026-03-11 11:00:00,REF-80632-04-01-2026
PRJ-003395,REQ-003396,Aprovuar,2026-03-21 08:30:00,REF-80734-04-01-2026
PRJ-003396,REQ-003397,Aprovuar,2026-03-27 08:30:00,REF-80714-04-01-2026
PRJ-003397,REQ-003398,Aprovuar,2026-03-14 10:00:00,REF-80721-04-01-2026
PRJ-003398,REQ-003399,Aprovuar,2026-03-05 08:00:00,REF-80671-04-01-2026
PRJ-003399,REQ-003400,Aprovuar,2026-03-24 11:00:00,REF-80616-04-01-2026
PRJ-003401,REQ-003402,Aprovuar,2026-03-07 11:00:00,REF-80606-04-01-2026
PRJ-003402,REQ-003403,Aprovuar,2026-03-24 10:00:00,REF-80740-04-01-2026
PRJ-003403,REQ-003404,Aprovuar,2026-03-28 10:00:00,REF-80735-04-01-2026
PRJ-003404,REQ-003405,Aprovuar,2026-03-07 15:00:00,REF-80707-04-01-2026
PRJ-003405,REQ-003406,Aprovuar,2026-03-22 08:00:00,REF-80560-03-31-2026
PRJ-003406,REQ-003407,Aprovuar,2026-03-22 08:00:00,REF-80558-03-31-2026
PRJ-003407,REQ-003408,Aprovuar,2026-03-18 10:00:00,REF-80376-03-30-2026
PRJ-003408,REQ-003409,Aprovuar,2026-03-12 13:00:00,REF-80506-03-31-2026
PRJ-003409,REQ-003410,Aprovuar,2026-03-11 10:00:00,REF-80580-03-31-2026
PRJ-003410,REQ-003411,Aprovuar,2026-03-15 08:00:00,REF-80567-03-31-2026
PRJ-003411,REQ-003412,Aprovuar,2026-03-25 08:00:00,REF-80328-03-30-2026
PRJ-003412,REQ-003413,Aprovuar,2026-03-19 08:00:00,REF-80373-03-30-2026
PRJ-003413,REQ-003414,Aprovuar,2026-03-06 10:00:00,REF-80356-03-30-2026
PRJ-003414,REQ-003415,Aprovuar,2026-03-20 08:30:00,REF-80425-03-30-2026
PRJ-003415,REQ-003416,Aprovuar,2026-03-23 08:30:00,REF-80422-03-30-2026
PRJ-003416,REQ-003417,Aprovuar,2026-03-21 08:30:00,REF-80416-03-30-2026
PRJ-003417,REQ-003418,Aprovuar,2026-03-18 08:30:00,REF-80419-03-30-2026
PRJ-003418,REQ-003419,Aprovuar,2026-03-08 11:00:00,REF-80403-03-30-2026
PRJ-003419,REQ-003420,Aprovuar,2026-03-08 11:00:00,REF-80395-03-30-2026
PRJ-003420,REQ-003421,Aprovuar,2026-03-18 11:00:00,REF-80399-03-30-2026
PRJ-003421,REQ-003422,Aprovuar,2026-03-02 09:00:00,REF-80446-03-30-2026
PRJ-003423,REQ-003424,Aprovuar,2026-03-11 09:00:00,REF-80440-03-30-2026
PRJ-003424,REQ-003425,Aprovuar,2026-03-02 09:00:00,REF-80435-03-30-2026
PRJ-003425,REQ-003426,Aprovuar,2026-03-17 09:00:00,REF-80438-03-30-2026
PRJ-003427,REQ-003428,Aprovuar,2026-03-02 11:30:00,REF-80329-03-30-2026
PRJ-003428,REQ-003429,Aprovuar,2026-03-19 08:30:00,REF-80393-03-30-2026
PRJ-003429,REQ-003430,Aprovuar,2026-03-14 11:00:00,REF-80452-03-30-2026
PRJ-003431,REQ-003432,Aprovuar,2026-03-01 09:00:00,REF-80286-03-27-2026
PRJ-003432,REQ-003433,Aprovuar,2026-03-07 10:00:00,REF-80260-03-27-2026
PRJ-003433,REQ-003434,Aprovuar,2026-03-24 09:00:00,REF-80210-03-27-2026
PRJ-003434,REQ-003435,Aprovuar,2026-03-19 09:00:00,REF-80129-03-26-2026
PRJ-003435,REQ-003436,Aprovuar,2026-03-13 10:00:00,REF-80181-03-26-2026
PRJ-003436,REQ-003437,Aprovuar,2026-03-08 11:00:00,REF-80151-03-26-2026
PRJ-003440,REQ-003441,Aprovuar,2026-03-08 10:00:00,REF-80038-03-25-2026
PRJ-003442,REQ-003443,Aprovuar,2026-03-09 09:00:00,REF-79988-03-25-2026
PRJ-003443,REQ-003444,Aprovuar,2026-03-03 08:00:00,REF-79906-03-25-2026
PRJ-003444,REQ-003445,Aprovuar,2026-03-13 12:00:00,REF-79933-03-25-2026
PRJ-003445,REQ-003446,Aprovuar,2026-03-18 11:00:00,REF-79917-03-25-2026
PRJ-003448,REQ-003449,Aprovuar,2026-03-06 14:30:00,REF-79968-03-25-2026
PRJ-003465,REQ-003466,Aprovuar,2026-02-27 11:00:00,REF-79989-03-25-2026
PRJ-003469,REQ-003470,Aprovuar,2026-03-13 09:00:00,REF-79830-03-24-2026
PRJ-003470,REQ-003471,Aprovuar,2026-03-16 14:30:00,REF-79813-03-24-2026
PRJ-003471,REQ-003472,Aprovuar,2026-03-07 08:00:00,REF-79827-03-24-2026
PRJ-003472,REQ-003473,Aprovuar,2026-02-26 09:30:00,REF-79678-03-19-2026
PRJ-003473,REQ-003474,Aprovuar,2026-03-12 11:00:00,REF-79831-03-24-2026
PRJ-003474,REQ-003475,Aprovuar,2026-03-13 11:00:00,REF-79807-03-24-2026
PRJ-003478,REQ-003479,Aprovuar,2026-03-02 12:00:00,REF-79598-03-19-2026
PRJ-003479,REQ-003480,Aprovuar,2026-02-23 09:00:00,REF-79673-03-19-2026
PRJ-003480,REQ-003481,Aprovuar,2026-03-02 09:00:00,REF-79671-03-19-2026
PRJ-003481,REQ-003482,Aprovuar,2026-03-15 09:00:00,REF-79666-03-19-2026
PRJ-003482,REQ-003483,Aprovuar,2026-03-01 09:00:00,REF-79669-03-19-2026
PRJ-003483,REQ-003484,Aprovuar,2026-03-07 09:30:00,REF-79674-03-19-2026
PRJ-003484,REQ-003485,Aprovuar,2026-03-12 10:00:00,REF-79574-03-18-2026
PRJ-003485,REQ-003486,Aprovuar,2026-03-01 00:00:00,REF-79567-03-18-2026
PRJ-003487,REQ-003488,Aprovuar,2026-03-10 15:00:00,REF-79554-03-18-2026
PRJ-003488,REQ-003489,Aprovuar,2026-03-10 12:00:00,REF-79551-03-18-2026
PRJ-003489,REQ-003490,Aprovuar,2026-03-02 10:00:00,REF-79544-03-18-2026
PRJ-003490,REQ-003491,Aprovuar,2026-03-02 16:00:00,REF-79553-03-18-2026
PRJ-003491,REQ-003492,Aprovuar,2026-02-24 00:00:00,REF-79497-03-18-2026
PRJ-003492,REQ-003493,Aprovuar,2026-02-23 10:00:00,REF-79577-03-18-2026
PRJ-003493,REQ-003494,Aprovuar,2026-03-12 11:00:00,REF-79503-03-18-2026
PRJ-003494,REQ-003495,Aprovuar,2026-03-11 10:00:00,REF-79446-03-18-2026
PRJ-003495,REQ-003496,Aprovuar,2026-02-23 11:00:00,REF-79482-03-18-2026
PRJ-003496,REQ-003497,Aprovuar,2026-02-26 08:00:00,REF-79527-03-18-2026
PRJ-003497,REQ-003498,Aprovuar,2026-02-19 14:10:00,REF-79532-03-18-2026
PRJ-003500,REQ-003501,Aprovuar,2026-03-05 08:00:00,REF-79376-03-17-2026
PRJ-003501,REQ-003502,Aprovuar,2026-03-10 10:00:00,REF-79369-03-17-2026
PRJ-003502,REQ-003503,Aprovuar,2026-03-13 09:30:00,REF-79387-03-17-2026
PRJ-003505,REQ-003506,Aprovuar,2026-02-22 09:30:00,REF-79374-03-17-2026
PRJ-003506,REQ-003507,Aprovuar,2026-03-05 09:30:00,REF-79380-03-17-2026
PRJ-003507,REQ-003508,Aprovuar,2026-03-03 08:00:00,REF-79360-03-17-2026
PRJ-003508,REQ-003509,Aprovuar,2026-02-21 08:30:00,REF-79438-03-17-2026
PRJ-003509,REQ-003510,Aprovuar,2026-02-22 09:00:00,REF-79421-03-17-2026
PRJ-003510,REQ-003511,Aprovuar,2026-02-23 08:00:00,REF-79350-03-17-2026
PRJ-003511,REQ-003512,Aprovuar,2026-03-06 10:00:00,REF-79307-03-17-2026
PRJ-003512,REQ-003513,Aprovuar,2026-03-11 09:00:00,REF-79428-03-17-2026
PRJ-003514,REQ-003515,Aprovuar,2026-02-18 08:00:00,REF-79243-03-13-2026
PRJ-003515,REQ-003516,Aprovuar,2026-03-04 08:00:00,REF-79271-03-13-2026
PRJ-003516,REQ-003517,Aprovuar,2026-02-18 08:00:00,REF-79244-03-13-2026
PRJ-003517,REQ-003518,Aprovuar,2026-03-09 08:00:00,REF-79065-03-12-2026
PRJ-003518,REQ-003519,Aprovuar,2026-02-18 10:00:00,REF-79275-03-13-2026
PRJ-003519,REQ-003520,Aprovuar,2026-02-27 08:30:00,REF-79250-03-13-2026
PRJ-003520,REQ-003521,Aprovuar,2026-02-26 08:30:00,REF-79242-03-13-2026
PRJ-003521,REQ-003522,Aprovuar,2026-03-11 08:30:00,REF-79247-03-13-2026
PRJ-003523,REQ-003524,Aprovuar,2026-03-10 08:00:00,REF-79154-03-13-2026
PRJ-003524,REQ-003525,Aprovuar,2026-03-12 08:00:00,REF-79163-03-13-2026
PRJ-003525,REQ-003526,Aprovuar,2026-03-11 10:00:00,REF-79191-03-13-2026
PRJ-003526,REQ-003527,Aprovuar,2026-03-07 10:00:00,REF-79238-03-13-2026
PRJ-003527,REQ-003528,Aprovuar,2026-03-10 14:00:00,REF-79216-03-13-2026
PRJ-003529,REQ-003530,Aprovuar,2026-03-11 00:00:00,REF-79183-03-13-2026
PRJ-003530,REQ-003531,Aprovuar,2026-02-15 08:00:00,REF-79050-03-12-2026
PRJ-003531,REQ-003532,Aprovuar,2026-03-02 09:00:00,REF-79008-03-12-2026
PRJ-003532,REQ-003533,Aprovuar,2026-02-19 12:00:00,REF-79049-03-12-2026
PRJ-003533,REQ-003534,Aprovuar,2026-02-20 09:30:00,REF-79132-03-12-2026
PRJ-003534,REQ-003535,Aprovuar,2026-02-18 12:00:00,REF-79082-03-12-2026
PRJ-003535,REQ-003536,Aprovuar,2026-02-25 12:00:00,REF-79079-03-12-2026
PRJ-003536,REQ-003537,Aprovuar,2026-02-19 09:30:00,REF-79117-03-12-2026
PRJ-003537,REQ-003538,Aprovuar,2026-03-04 08:00:00,REF-79004-03-12-2026
PRJ-003538,REQ-003539,Aprovuar,2026-03-01 09:00:00,REF-79140-03-12-2026
PRJ-003539,REQ-003540,Aprovuar,2026-02-22 09:00:00,REF-79138-03-12-2026
PRJ-003540,REQ-003541,Aprovuar,2026-02-16 10:00:00,REF-79040-03-12-2026
PRJ-003541,REQ-003542,Aprovuar,2026-03-06 10:00:00,REF-79022-03-12-2026
PRJ-003543,REQ-003544,Aprovuar,2026-02-14 11:00:00,REF-79126-03-12-2026
PRJ-003545,REQ-003546,Aprovuar,2026-02-15 09:00:00,REF-78965-03-11-2026
PRJ-003546,REQ-003547,Aprovuar,2026-02-16 09:00:00,REF-78905-03-11-2026
PRJ-003547,REQ-003548,Aprovuar,2026-02-23 16:00:00,REF-78953-03-11-2026
PRJ-003548,REQ-003549,Aprovuar,2026-03-02 09:00:00,REF-78968-03-11-2026
PRJ-003550,REQ-003551,Aprovuar,2026-02-25 11:00:00,REF-78842-03-11-2026
PRJ-003552,REQ-003553,Aprovuar,2026-02-12 11:00:00,REF-78833-03-11-2026
PRJ-003553,REQ-003554,Aprovuar,2026-02-28 10:00:00,REF-78957-03-11-2026
PRJ-003554,REQ-003555,Aprovuar,2026-03-06 10:00:00,REF-78947-03-11-2026
PRJ-003557,REQ-003558,Aprovuar,2026-02-13 08:30:00,REF-78733-03-10-2026
PRJ-003559,REQ-003560,Aprovuar,2026-02-13 09:00:00,REF-78715-03-10-2026
PRJ-003561,REQ-003562,Aprovuar,2026-03-05 09:00:00,REF-78782-03-10-2026
PRJ-003562,REQ-003563,Aprovuar,2026-02-21 09:00:00,REF-78763-03-10-2026
PRJ-003563,REQ-003564,Aprovuar,2026-02-25 08:30:00,REF-78659-03-10-2026
PRJ-003564,REQ-003565,Aprovuar,2026-03-02 10:00:00,REF-78747-03-10-2026
PRJ-003565,REQ-003566,Aprovuar,2026-02-13 10:00:00,REF-78750-03-10-2026
PRJ-003566,REQ-003567,Aprovuar,2026-03-01 10:00:00,REF-78700-03-10-2026
PRJ-003567,REQ-003568,Aprovuar,2026-02-12 10:00:00,REF-78757-03-10-2026
PRJ-003568,REQ-003569,Aprovuar,2026-02-21 12:00:00,REF-78710-03-10-2026
PRJ-003569,REQ-003570,Aprovuar,2026-02-18 08:00:00,REF-78742-03-10-2026
PRJ-003570,REQ-003571,Aprovuar,2026-02-23 09:00:00,REF-78812-03-10-2026
PRJ-003574,REQ-003575,Aprovuar,2026-02-22 10:00:00,REF-78609-03-09-2026
PRJ-003575,REQ-003576,Aprovuar,2026-02-26 10:00:00,REF-78571-03-09-2026
PRJ-003576,REQ-003577,Aprovuar,2026-02-27 11:00:00,REF-78608-03-09-2026
PRJ-003577,REQ-003578,Aprovuar,2026-02-20 10:00:00,REF-78506-03-09-2026
PRJ-003578,REQ-003579,Aprovuar,2026-03-02 10:00:00,REF-78494-03-09-2026
PRJ-003579,REQ-003580,Aprovuar,2026-02-20 10:00:00,REF-78502-03-09-2026
PRJ-003581,REQ-003582,Aprovuar,2026-02-14 10:00:00,REF-78629-03-09-2026
PRJ-003582,REQ-003583,Aprovuar,2026-02-09 10:00:00,REF-78539-03-09-2026
PRJ-003584,REQ-003585,Aprovuar,2026-02-11 10:00:00,REF-78613-03-09-2026
PRJ-003589,REQ-003590,Aprovuar,2026-03-03 08:30:00,REF-78433-03-06-2026
PRJ-003591,REQ-003592,Aprovuar,2026-02-18 08:30:00,REF-78424-03-06-2026
PRJ-003592,REQ-003593,Aprovuar,2026-02-18 08:30:00,REF-78431-03-06-2026
PRJ-003593,REQ-003594,Aprovuar,2026-02-17 09:00:00,REF-78389-03-06-2026
PRJ-003594,REQ-003595,Aprovuar,2026-02-09 09:00:00,REF-78438-03-06-2026
PRJ-003595,REQ-003596,Aprovuar,2026-03-04 09:00:00,REF-78459-03-06-2026
PRJ-003596,REQ-003597,Aprovuar,2026-02-17 09:30:00,REF-78358-03-05-2026
PRJ-003597,REQ-003598,Aprovuar,2026-02-11 09:30:00,REF-78352-03-05-2026
PRJ-003598,REQ-003599,Aprovuar,2026-02-22 09:30:00,REF-78356-03-05-2026
PRJ-003599,REQ-003600,Aprovuar,2026-02-27 08:30:00,REF-78353-03-05-2026
PRJ-003600,REQ-003601,Aprovuar,2026-02-25 08:00:00,REF-78287-03-05-2026
PRJ-003601,REQ-003602,Aprovuar,2026-02-23 08:00:00,REF-78212-03-05-2026
PRJ-003602,REQ-003603,Aprovuar,2026-02-27 08:30:00,REF-78348-03-05-2026
PRJ-003604,REQ-003605,Aprovuar,2026-03-01 08:00:00,REF-78350-03-05-2026
PRJ-003605,REQ-003606,Aprovuar,2026-02-17 13:45:00,REF-78312-03-05-2026
PRJ-003606,REQ-003607,Aprovuar,2026-02-24 10:00:00,REF-78248-03-05-2026
PRJ-003607,REQ-003608,Aprovuar,2026-02-19 10:00:00,REF-78217-03-05-2026
PRJ-003608,REQ-003609,Aprovuar,2026-02-05 08:30:00,REF-78347-03-05-2026
PRJ-003609,REQ-003610,Aprovuar,2026-03-01 09:00:00,REF-78211-03-05-2026
PRJ-003611,REQ-003612,Aprovuar,2026-02-11 10:00:00,REF-78133-03-04-2026
PRJ-003613,REQ-003614,Aprovuar,2026-02-14 09:00:00,REF-78066-03-04-2026
PRJ-003614,REQ-003615,Aprovuar,2026-02-13 09:00:00,REF-78181-03-04-2026
PRJ-003617,REQ-003618,Aprovuar,2026-02-21 09:00:00,REF-77982-03-03-2026
PRJ-003618,REQ-003619,Aprovuar,2026-02-23 10:00:00,REF-78029-03-03-2026
PRJ-003619,REQ-003620,Aprovuar,2026-02-22 14:00:00,REF-78007-03-03-2026
PRJ-003620,REQ-003621,Aprovuar,2026-02-07 10:00:00,REF-78011-03-03-2026
PRJ-003624,REQ-003625,Aprovuar,2026-02-20 09:00:00,REF-77864-03-02-2026
PRJ-003625,REQ-003626,Aprovuar,2026-02-06 08:00:00,REF-77850-03-02-2026
PRJ-003626,REQ-003627,Aprovuar,2026-02-02 09:00:00,REF-77827-03-02-2026
PRJ-003628,REQ-003629,Aprovuar,2026-02-03 10:00:00,REF-77863-03-02-2026
PRJ-003629,REQ-003630,Aprovuar,2026-02-05 10:00:00,REF-77769-03-02-2026
PRJ-003630,REQ-003631,Aprovuar,2026-02-10 08:00:00,REF-77846-03-02-2026
PRJ-003632,REQ-003633,Aprovuar,2026-02-04 00:00:00,REF-77645-02-27-2026
PRJ-003633,REQ-003634,Aprovuar,2026-02-01 08:00:00,REF-77726-02-27-2026
PRJ-003634,REQ-003635,Aprovuar,2026-02-25 10:00:00,REF-77684-02-27-2026
PRJ-003638,REQ-003639,Aprovuar,2026-02-06 09:00:00,REF-77634-02-26-2026
PRJ-003639,REQ-003640,Aprovuar,2026-01-31 09:00:00,REF-77635-02-26-2026
PRJ-003640,REQ-003641,Aprovuar,2026-02-14 08:30:00,REF-77627-02-26-2026
PRJ-003642,REQ-003643,Aprovuar,2026-02-05 11:00:00,REF-77582-02-26-2026
PRJ-003643,REQ-003644,Aprovuar,2026-02-05 08:00:00,REF-77555-02-26-2026
PRJ-003644,REQ-003645,Aprovuar,2026-02-05 08:00:00,REF-77531-02-26-2026
PRJ-003645,REQ-003646,Aprovuar,2026-01-30 12:00:00,REF-77491-02-26-2026
PRJ-003647,REQ-003648,Aprovuar,2026-02-02 10:00:00,REF-77626-02-26-2026
PRJ-003648,REQ-003649,Aprovuar,2026-02-19 11:30:00,REF-77296-02-24-2026
PRJ-003649,REQ-003650,Aprovuar,2026-02-18 09:00:00,REF-77573-02-26-2026
PRJ-003650,REQ-003651,Aprovuar,2026-01-31 09:00:00,REF-77562-02-26-2026
PRJ-003651,REQ-003652,Aprovuar,2026-02-11 09:00:00,REF-77570-02-26-2026
PRJ-003655,REQ-003656,Aprovuar,2026-02-01 08:00:00,REF-77440-02-25-2026
PRJ-003656,REQ-003657,Aprovuar,2026-02-15 08:00:00,REF-77384-02-25-2026
PRJ-003657,REQ-003658,Aprovuar,2026-02-06 08:00:00,REF-77438-02-25-2026
PRJ-003658,REQ-003659,Aprovuar,2026-02-08 13:00:00,REF-77415-02-25-2026
PRJ-003659,REQ-003660,Aprovuar,2026-02-20 08:30:00,REF-77442-02-25-2026
PRJ-003660,REQ-003661,Aprovuar,2026-01-31 12:00:00,REF-77406-02-25-2026
PRJ-003661,REQ-003662,Aprovuar,2026-02-16 09:00:00,REF-77279-02-24-2026
PRJ-003662,REQ-003663,Aprovuar,2026-02-17 09:00:00,REF-77253-02-24-2026
PRJ-003663,REQ-003664,Aprovuar,2026-02-05 08:00:00,REF-77133-02-24-2026
PRJ-003664,REQ-003665,Aprovuar,2026-01-27 08:00:00,REF-77173-02-24-2026
PRJ-003665,REQ-003666,Aprovuar,2026-01-30 13:00:00,REF-77241-02-24-2026
PRJ-003666,REQ-003667,Aprovuar,2026-02-02 08:00:00,REF-77193-02-24-2026
PRJ-003667,REQ-003668,Aprovuar,2026-02-01 08:00:00,REF-77189-02-24-2026
PRJ-003668,REQ-003669,Aprovuar,2026-02-01 08:00:00,REF-77161-02-24-2026
PRJ-003669,REQ-003670,Aprovuar,2026-01-30 08:00:00,REF-77187-02-24-2026
PRJ-003678,REQ-003679,Aprovuar,2026-02-05 11:00:00,REF-77037-02-23-2026
PRJ-003679,REQ-003680,Aprovuar,2026-02-14 11:00:00,REF-77041-02-23-2026
PRJ-003680,REQ-003681,Aprovuar,2026-02-04 13:00:00,REF-77030-02-23-2026
PRJ-003681,REQ-003682,Aprovuar,2026-01-26 09:00:00,REF-76992-02-23-2026
PRJ-003682,REQ-003683,Aprovuar,2026-02-18 14:00:00,REF-77073-02-23-2026
PRJ-003684,REQ-003685,Aprovuar,2026-02-12 11:00:00,REF-76968-02-23-2026
PRJ-003685,REQ-003686,Aprovuar,2026-01-31 11:00:00,REF-77126-02-23-2026
PRJ-003686,REQ-003687,Aprovuar,2026-02-11 08:00:00,REF-77077-02-23-2026
PRJ-003690,REQ-003691,Aprovuar,2026-01-29 08:30:00,REF-77040-02-23-2026
PRJ-003693,REQ-003694,Aprovuar,2026-01-25 08:00:00,REF-76859-02-20-2026
PRJ-003694,REQ-003695,Aprovuar,2026-01-27 11:00:00,REF-76844-02-20-2026
PRJ-003695,REQ-003696,Aprovuar,2026-01-30 10:00:00,REF-76930-02-20-2026
PRJ-003696,REQ-003697,Aprovuar,2026-01-26 08:00:00,REF-76906-02-20-2026
PRJ-003697,REQ-003698,Aprovuar,2026-01-31 08:00:00,REF-76898-02-20-2026
PRJ-003698,REQ-003699,Aprovuar,2026-02-06 08:00:00,REF-76903-02-20-2026
PRJ-003699,REQ-003700,Aprovuar,2026-01-28 10:00:00,REF-76841-02-20-2026
PRJ-003702,REQ-003703,Aprovuar,2026-02-06 08:00:00,REF-76833-02-20-2026
PRJ-003705,REQ-003706,Aprovuar,2026-01-31 08:00:00,REF-76764-02-19-2026
PRJ-003706,REQ-003707,Aprovuar,2026-02-06 11:30:00,REF-76706-02-19-2026
PRJ-003707,REQ-003708,Aprovuar,2026-01-27 08:30:00,REF-76771-02-19-2026
PRJ-003709,REQ-003710,Aprovuar,2026-01-22 09:30:00,REF-76746-02-19-2026
PRJ-003711,REQ-003712,Aprovuar,2026-01-25 09:00:00,REF-76616-02-18-2026
PRJ-003712,REQ-003713,Aprovuar,2026-02-10 09:00:00,REF-76611-02-18-2026
PRJ-003713,REQ-003714,Aprovuar,2026-02-02 09:00:00,REF-76614-02-18-2026
PRJ-003714,REQ-003715,Aprovuar,2026-02-04 12:00:00,REF-76500-02-18-2026
PRJ-003715,REQ-003716,Aprovuar,2026-01-21 09:30:00,REF-76618-02-18-2026
PRJ-003716,REQ-003717,Aprovuar,2026-01-26 09:00:00,REF-76596-02-18-2026
PRJ-003717,REQ-003718,Aprovuar,2026-02-14 09:00:00,REF-76591-02-18-2026
PRJ-003718,REQ-003719,Aprovuar,2026-02-08 09:00:00,REF-76593-02-18-2026
PRJ-003720,REQ-003721,Aprovuar,2026-01-27 09:00:00,REF-76649-02-18-2026
PRJ-003723,REQ-003724,Aprovuar,2026-02-02 09:00:00,REF-76642-02-18-2026
PRJ-003724,REQ-003725,Aprovuar,2026-02-11 09:00:00,REF-76640-02-18-2026
PRJ-003725,REQ-003726,Aprovuar,2026-01-28 09:00:00,REF-76638-02-18-2026
PRJ-003726,REQ-003727,Aprovuar,2026-02-03 09:00:00,REF-76636-02-18-2026
PRJ-003727,REQ-003728,Aprovuar,2026-01-22 09:00:00,REF-76634-02-18-2026
PRJ-003728,REQ-003729,Aprovuar,2026-01-23 09:00:00,REF-76632-02-18-2026
PRJ-003730,REQ-003731,Aprovuar,2026-01-25 09:00:00,REF-76628-02-18-2026
PRJ-003731,REQ-003732,Aprovuar,2026-01-24 09:00:00,REF-76622-02-18-2026
PRJ-003732,REQ-003733,Aprovuar,2026-01-26 09:00:00,REF-76612-02-18-2026
PRJ-003733,REQ-003734,Aprovuar,2026-02-09 09:00:00,REF-76620-02-18-2026
PRJ-003734,REQ-003735,Aprovuar,2026-01-31 08:00:00,REF-76516-02-18-2026
PRJ-003735,REQ-003736,Aprovuar,2026-02-02 10:00:00,REF-76545-02-18-2026
PRJ-003736,REQ-003737,Aprovuar,2026-02-10 10:00:00,REF-76522-02-18-2026
PRJ-003737,REQ-003738,Aprovuar,2026-02-01 10:00:00,REF-76543-02-18-2026
PRJ-003738,REQ-003739,Aprovuar,2026-02-10 08:00:00,REF-76521-02-18-2026
PRJ-003740,REQ-003741,Aprovuar,2026-01-30 11:00:00,REF-76378-02-17-2026
PRJ-003741,REQ-003742,Aprovuar,2026-01-30 11:00:00,REF-76436-02-17-2026
PRJ-003743,REQ-003744,Aprovuar,2026-02-03 09:00:00,REF-76467-02-17-2026
PRJ-003745,REQ-003746,Aprovuar,2026-02-10 08:00:00,REF-76457-02-17-2026
PRJ-003746,REQ-003747,Aprovuar,2026-01-20 09:00:00,REF-76441-02-17-2026
PRJ-003747,REQ-003748,Aprovuar,2026-01-26 15:00:00,REF-76444-02-17-2026
PRJ-003748,REQ-003749,Aprovuar,2026-02-06 08:00:00,REF-76437-02-17-2026
PRJ-003749,REQ-003750,Aprovuar,2026-02-12 15:00:00,REF-76419-02-17-2026
PRJ-003751,REQ-003752,Aprovuar,2026-01-28 08:30:00,REF-76315-02-16-2026
PRJ-003753,REQ-003754,Aprovuar,2026-02-02 08:30:00,REF-76308-02-16-2026
PRJ-003754,REQ-003755,Aprovuar,2026-02-12 08:30:00,REF-76310-02-16-2026
PRJ-003755,REQ-003756,Aprovuar,2026-02-03 08:30:00,REF-76222-02-16-2026
PRJ-003756,REQ-003757,Aprovuar,2026-02-07 11:00:00,REF-76316-02-16-2026
PRJ-003757,REQ-003758,Aprovuar,2026-02-05 11:00:00,REF-76135-02-13-2026
PRJ-003758,REQ-003759,Aprovuar,2026-02-05 08:30:00,REF-76160-02-13-2026
PRJ-003762,REQ-003763,Aprovuar,2026-01-18 08:30:00,REF-76149-02-13-2026
PRJ-003763,REQ-003764,Aprovuar,2026-01-27 08:30:00,REF-76162-02-13-2026
PRJ-003764,REQ-003765,Aprovuar,2026-02-03 08:00:00,REF-76120-02-13-2026
PRJ-003765,REQ-003766,Aprovuar,2026-01-25 08:30:00,REF-76125-02-13-2026
PRJ-003768,REQ-003769,Aprovuar,2026-02-05 13:30:00,REF-76002-02-12-2026
PRJ-003769,REQ-003770,Aprovuar,2026-02-08 10:00:00,REF-75943-02-12-2026
PRJ-003770,REQ-003771,Aprovuar,2026-02-03 08:00:00,REF-76050-02-12-2026
PRJ-003771,REQ-003772,Aprovuar,2026-02-01 09:00:00,REF-75981-02-12-2026
PRJ-003772,REQ-003773,Aprovuar,2026-02-01 08:00:00,REF-76030-02-12-2026
PRJ-003773,REQ-003774,Aprovuar,2026-02-02 09:00:00,REF-75971-02-12-2026
PRJ-003774,REQ-003775,Aprovuar,2026-02-08 08:00:00,REF-76016-02-12-2026
PRJ-003775,REQ-003776,Aprovuar,2026-01-22 08:00:00,REF-76010-02-12-2026
PRJ-003776,REQ-003777,Aprovuar,2026-01-23 08:00:00,REF-76013-02-12-2026
PRJ-003778,REQ-003779,Aprovuar,2026-02-06 11:00:00,REF-76045-02-12-2026
PRJ-003779,REQ-003780,Aprovuar,2026-02-05 11:00:00,REF-76029-02-12-2026
PRJ-003780,REQ-003781,Aprovuar,2026-01-24 09:00:00,REF-75953-02-12-2026
PRJ-003781,REQ-003782,Aprovuar,2026-02-01 08:00:00,REF-76037-02-12-2026
PRJ-003782,REQ-003783,Aprovuar,2026-01-23 11:00:00,REF-76008-02-12-2026
PRJ-003783,REQ-003784,Aprovuar,2026-01-18 11:00:00,REF-75994-02-12-2026
PRJ-003784,REQ-003785,Aprovuar,2026-01-24 11:00:00,REF-76005-02-12-2026
PRJ-003785,REQ-003786,Aprovuar,2026-02-06 09:00:00,REF-76024-02-12-2026
PRJ-003787,REQ-003788,Aprovuar,2026-01-28 13:00:00,REF-75809-02-11-2026
PRJ-003788,REQ-003789,Aprovuar,2026-01-23 11:00:00,REF-75891-02-11-2026
PRJ-003789,REQ-003790,Aprovuar,2026-01-15 11:00:00,REF-75889-02-11-2026
PRJ-003790,REQ-003791,Aprovuar,2026-01-15 11:00:00,REF-75893-02-11-2026
PRJ-003791,REQ-003792,Aprovuar,2026-01-25 09:00:00,REF-75803-02-11-2026
PRJ-003792,REQ-003793,Aprovuar,2026-02-02 09:00:00,REF-75796-02-11-2026
PRJ-003793,REQ-003794,Aprovuar,2026-01-21 09:00:00,REF-75801-02-11-2026
PRJ-003795,REQ-003796,Aprovuar,2026-01-15 08:30:00,REF-75878-02-11-2026
PRJ-003796,REQ-003797,Aprovuar,2026-01-25 08:30:00,REF-75815-02-11-2026
PRJ-003799,REQ-003800,Aprovuar,2026-01-31 08:00:00,REF-75737-02-10-2026
PRJ-003800,REQ-003801,Aprovuar,2026-02-05 09:00:00,REF-75744-02-10-2026
PRJ-003801,REQ-003802,Aprovuar,2026-01-20 09:00:00,REF-75738-02-10-2026
PRJ-003802,REQ-003803,Aprovuar,2026-01-28 10:00:00,REF-75736-02-10-2026
PRJ-003803,REQ-003804,Aprovuar,2026-01-23 11:00:00,REF-75729-02-10-2026
PRJ-003805,REQ-003806,Aprovuar,2026-01-22 09:00:00,REF-75622-02-09-2026
PRJ-003806,REQ-003807,Aprovuar,2026-02-01 08:00:00,REF-75610-02-09-2026
PRJ-003807,REQ-003808,Aprovuar,2026-01-12 09:00:00,REF-75589-02-09-2026
PRJ-003813,REQ-003814,Aprovuar,2026-01-16 08:00:00,REF-75472-02-06-2026
PRJ-003815,REQ-003816,Aprovuar,2026-01-11 12:00:00,REF-75442-02-06-2026
PRJ-003816,REQ-003817,Aprovuar,2026-01-19 10:00:00,REF-75342-02-05-2026
PRJ-003817,REQ-003818,Aprovuar,2026-01-15 08:00:00,REF-75477-02-06-2026
PRJ-003818,REQ-003819,Aprovuar,2026-01-22 13:00:00,REF-75403-02-06-2026
PRJ-003819,REQ-003820,Aprovuar,2026-01-29 08:00:00,REF-75388-02-05-2026
PRJ-003820,REQ-003821,Aprovuar,2026-01-17 08:00:00,REF-75384-02-05-2026
PRJ-003821,REQ-003822,Aprovuar,2026-01-26 08:00:00,REF-75386-02-05-2026
PRJ-003822,REQ-003823,Aprovuar,2026-01-28 13:30:00,REF-75346-02-05-2026
PRJ-003823,REQ-003824,Aprovuar,2026-01-25 10:00:00,REF-75397-02-05-2026
PRJ-003824,REQ-003825,Aprovuar,2026-01-10 10:00:00,REF-75395-02-05-2026
PRJ-003825,REQ-003826,Aprovuar,2026-01-16 10:00:00,REF-75392-02-05-2026
PRJ-003826,REQ-003827,Aprovuar,2026-01-16 08:00:00,REF-75239-02-04-2026
PRJ-003827,REQ-003828,Aprovuar,2026-01-23 09:00:00,REF-75305-02-05-2026
PRJ-003828,REQ-003829,Aprovuar,2026-01-29 09:00:00,REF-75298-02-05-2026
PRJ-003829,REQ-003830,Aprovuar,2026-01-20 09:00:00,REF-75301-02-05-2026
PRJ-003830,REQ-003831,Aprovuar,2026-01-30 11:00:00,REF-75366-02-05-2026
PRJ-003831,REQ-003832,Aprovuar,2026-01-10 10:00:00,REF-75323-02-05-2026
PRJ-003833,REQ-003834,Aprovuar,2026-01-07 00:00:00,REF-75128-02-04-2026
PRJ-003834,REQ-003835,Aprovuar,2026-01-23 12:00:00,REF-75235-02-04-2026
PRJ-003835,REQ-003836,Aprovuar,2026-01-29 19:30:00,REF-75258-02-04-2026
PRJ-003836,REQ-003837,Aprovuar,2026-01-07 11:00:00,REF-75249-02-04-2026
PRJ-003837,REQ-003838,Aprovuar,2026-01-29 11:00:00,REF-75244-02-04-2026
PRJ-003838,REQ-003839,Aprovuar,2026-01-19 11:00:00,REF-75246-02-04-2026
PRJ-003840,REQ-003841,Aprovuar,2026-01-10 09:00:00,REF-75216-02-04-2026
PRJ-003842,REQ-003843,Aprovuar,2026-01-29 09:00:00,REF-75097-02-03-2026
PRJ-003844,REQ-003845,Aprovuar,2026-01-09 08:00:00,REF-75018-02-03-2026
PRJ-003846,REQ-003847,Aprovuar,2026-01-19 08:00:00,REF-75117-02-03-2026
PRJ-003847,REQ-003848,Aprovuar,2026-01-21 08:00:00,REF-75115-02-03-2026
PRJ-003848,REQ-003849,Aprovuar,2026-01-27 08:00:00,REF-75111-02-03-2026
PRJ-003850,REQ-003851,Aprovuar,2026-01-07 10:00:00,REF-74955-02-02-2026
PRJ-003851,REQ-003852,Aprovuar,2026-01-28 08:00:00,REF-74977-02-02-2026
PRJ-003852,REQ-003853,Aprovuar,2026-01-21 08:00:00,REF-74975-02-02-2026
PRJ-003853,REQ-003854,Aprovuar,2026-01-22 08:00:00,REF-74973-02-02-2026
PRJ-003854,REQ-003855,Aprovuar,2026-01-21 08:00:00,REF-74963-02-02-2026
PRJ-003855,REQ-003856,Aprovuar,2026-01-17 08:00:00,REF-74967-02-02-2026
PRJ-003857,REQ-003858,Aprovuar,2026-01-26 14:00:00,REF-74847-01-30-2026
PRJ-003859,REQ-003860,Aprovuar,2026-01-23 12:00:00,REF-74740-01-29-2026
PRJ-003865,REQ-003866,Aprovuar,2026-01-18 08:00:00,REF-74594-01-27-2026
PRJ-003866,REQ-003867,Aprovuar,2026-01-02 08:00:00,REF-74592-01-27-2026
PRJ-003867,REQ-003868,Aprovuar,2026-01-19 08:00:00,REF-74587-01-27-2026
PRJ-003868,REQ-003869,Aprovuar,2025-12-31 08:00:00,REF-74590-01-27-2026
PRJ-003871,REQ-003872,Aprovuar,2026-01-03 09:00:00,REF-74379-01-23-2026
PRJ-003872,REQ-003873,Aprovuar,2025-12-27 08:00:00,REF-74333-01-22-2026
PRJ-003873,REQ-003874,Aprovuar,2025-12-30 08:00:00,REF-74329-01-22-2026
PRJ-003874,REQ-003875,Aprovuar,2025-12-28 08:00:00,REF-74331-01-22-2026
PRJ-003875,REQ-003876,Aprovuar,2025-12-28 08:00:00,REF-74336-01-22-2026
PRJ-003879,REQ-003880,Aprovuar,2026-01-03 08:00:00,REF-74274-01-21-2026
PRJ-003880,REQ-003881,Aprovuar,2026-01-10 12:00:00,REF-74237-01-21-2026
PRJ-003881,REQ-003882,Aprovuar,2026-01-13 09:00:00,REF-74250-01-21-2026
PRJ-003882,REQ-003883,Aprovuar,2026-01-13 08:30:00,REF-74193-01-20-2026
PRJ-003883,REQ-003884,Aprovuar,2026-01-16 08:00:00,REF-74201-01-20-2026
PRJ-003884,REQ-003885,Aprovuar,2025-12-23 10:00:00,REF-74118-01-20-2026
PRJ-003885,REQ-003886,Aprovuar,2025-12-29 08:00:00,REF-74191-01-20-2026
PRJ-003886,REQ-003887,Aprovuar,2025-12-25 09:00:00,REF-74197-01-20-2026
PRJ-003887,REQ-003888,Aprovuar,2025-12-28 08:00:00,REF-74198-01-20-2026
PRJ-003888,REQ-003889,Aprovuar,2026-01-15 09:00:00,REF-74184-01-20-2026
PRJ-003889,REQ-003890,Aprovuar,2025-12-27 10:30:00,REF-74125-01-20-2026
PRJ-003893,REQ-003894,Aprovuar,2025-12-27 12:00:00,REF-73997-01-16-2026
PRJ-003894,REQ-003895,Aprovuar,2025-12-27 00:00:00,REF-74013-01-16-2026
PRJ-003895,REQ-003896,Aprovuar,2025-12-31 00:00:00,REF-74006-01-16-2026
PRJ-003896,REQ-003897,Aprovuar,2026-01-11 00:00:00,REF-74011-01-16-2026
PRJ-003897,REQ-003898,Aprovuar,2025-12-28 00:00:00,REF-73913-01-14-2026
PRJ-003899,REQ-003900,Aprovuar,2026-01-01 03:00:00,REF-73858-01-13-2026
PRJ-003900,REQ-003901,Aprovuar,2025-12-20 09:00:00,REF-73787-01-12-2026
PRJ-003901,REQ-003902,Aprovuar,2026-01-08 10:00:00,REF-73774-01-12-2026
PRJ-003903,REQ-003904,Aprovuar,2025-12-27 11:00:00,REF-73740-01-09-2026
PRJ-003906,REQ-003907,Aprovuar,2025-12-19 11:00:00,REF-73667-01-08-2026
PRJ-003907,REQ-003908,Aprovuar,2025-12-28 08:30:00,REF-73711-01-08-2026
PRJ-003908,REQ-003909,Aprovuar,2025-12-16 08:30:00,REF-73709-01-08-2026
PRJ-003909,REQ-003910,Aprovuar,2025-12-14 08:30:00,REF-73705-01-08-2026
PRJ-003910,REQ-003911,Aprovuar,2025-12-24 08:30:00,REF-73707-01-08-2026
PRJ-003912,REQ-003913,Aprovuar,2025-12-12 08:00:00,REF-73695-01-08-2026
PRJ-003914,REQ-003915,Aprovuar,2025-12-25 10:00:00,REF-73656-01-07-2026
PRJ-003915,REQ-003916,Aprovuar,2025-12-22 10:00:00,REF-73651-01-07-2026
PRJ-003916,REQ-003917,Aprovuar,2025-12-13 10:00:00,REF-73654-01-07-2026
PRJ-003918,REQ-003919,Aprovuar,2025-12-09 08:00:00,REF-73633-01-06-2026
PRJ-003919,REQ-003920,Aprovuar,2025-12-12 09:00:00,REF-73593-12-31-2025
PRJ-003920,REQ-003921,Aprovuar,2025-12-10 09:00:00,REF-73589-12-31-2025
PRJ-003921,REQ-003922,Aprovuar,2025-12-08 11:00:00,REF-73580-12-31-2025
PRJ-003922,REQ-003923,Aprovuar,2025-12-23 08:00:00,REF-73602-12-31-2025
PRJ-003923,REQ-003924,Aprovuar,2025-12-25 08:00:00,REF-73598-12-31-2025
PRJ-003924,REQ-003925,Aprovuar,2025-12-19 08:00:00,REF-73600-12-31-2025
PRJ-003925,REQ-003926,Aprovuar,2025-12-19 09:00:00,REF-73588-12-31-2025
PRJ-003926,REQ-003927,Aprovuar,2025-12-08 09:00:00,REF-73591-12-31-2025
PRJ-003927,REQ-003928,Aprovuar,2025-12-02 14:00:00,REF-73532-12-30-2025
PRJ-003928,REQ-003929,Aprovuar,2025-12-15 08:30:00,REF-73515-12-30-2025
PRJ-003929,REQ-003930,Aprovuar,2025-12-25 08:30:00,REF-73513-12-30-2025
PRJ-003930,REQ-003931,Aprovuar,2025-12-06 08:30:00,REF-73508-12-30-2025
PRJ-003931,REQ-003932,Aprovuar,2025-12-02 08:30:00,REF-73510-12-30-2025
PRJ-003932,REQ-003933,Aprovuar,2025-12-25 08:30:00,REF-73535-12-30-2025
PRJ-003933,REQ-003934,Aprovuar,2025-12-23 10:00:00,REF-73554-12-30-2025
PRJ-003934,REQ-003935,Aprovuar,2025-12-21 11:00:00,REF-73572-12-30-2025
PRJ-003935,REQ-003936,Aprovuar,2025-12-15 11:00:00,REF-73483-12-30-2025
PRJ-003936,REQ-003937,Aprovuar,2025-12-11 10:00:00,REF-73500-12-30-2025
PRJ-003937,REQ-003938,Aprovuar,2025-12-12 10:00:00,REF-73560-12-30-2025
PRJ-003938,REQ-003939,Aprovuar,2025-12-06 09:00:00,REF-73480-12-30-2025
PRJ-003939,REQ-003940,Aprovuar,2025-12-03 10:00:00,REF-73464-12-29-2025
PRJ-003940,REQ-003941,Aprovuar,2025-12-18 08:00:00,REF-73418-12-29-2025
PRJ-003941,REQ-003942,Aprovuar,2025-12-17 11:00:00,REF-73460-12-29-2025
PRJ-003942,REQ-003943,Aprovuar,2025-12-21 11:00:00,REF-73471-12-29-2025
PRJ-003943,REQ-003944,Aprovuar,2025-12-14 09:00:00,REF-73406-12-29-2025
PRJ-003944,REQ-003945,Aprovuar,2025-11-30 10:00:00,REF-73311-12-24-2025
PRJ-003945,REQ-003946,Aprovuar,2025-12-07 09:00:00,REF-73301-12-24-2025
PRJ-003946,REQ-003947,Aprovuar,2025-12-05 10:00:00,REF-73337-12-24-2025
PRJ-003947,REQ-003948,Aprovuar,2025-11-26 08:00:00,REF-73230-12-23-2025
PRJ-003948,REQ-003949,Aprovuar,2025-12-12 10:00:00,REF-73202-12-23-2025
PRJ-003949,REQ-003950,Aprovuar,2025-11-29 10:00:00,REF-73265-12-23-2025
PRJ-003950,REQ-003951,Aprovuar,2025-12-01 08:30:00,REF-73261-12-23-2025
PRJ-003951,REQ-003952,Aprovuar,2025-11-29 08:00:00,REF-73240-12-23-2025
PRJ-003952,REQ-003953,Aprovuar,2025-12-17 12:00:00,REF-73225-12-23-2025
PRJ-003953,REQ-003954,Aprovuar,2025-12-12 09:00:00,REF-64997-10-15-2025
PRJ-003954,REQ-003955,Aprovuar,2025-12-16 09:00:00,REF-73219-12-23-2025
PRJ-003955,REQ-003956,Aprovuar,2025-11-27 09:00:00,REF-73152-12-22-2025
PRJ-003956,REQ-003957,Aprovuar,2025-12-10 10:00:00,REF-73071-12-22-2025
PRJ-003957,REQ-003958,Aprovuar,2025-11-26 10:00:00,REF-73028-12-19-2025
PRJ-003958,REQ-003959,Aprovuar,2025-12-11 10:00:00,REF-73029-12-19-2025
PRJ-003959,REQ-003960,Aprovuar,2025-12-14 08:00:00,REF-72927-12-18-2025
PRJ-003960,REQ-003961,Aprovuar,2025-11-27 10:00:00,REF-72922-12-18-2025
PRJ-003961,REQ-003962,Aprovuar,2025-11-20 09:00:00,REF-72908-12-18-2025
PRJ-003962,REQ-003963,Aprovuar,2025-11-24 08:00:00,REF-72933-12-18-2025
PRJ-003963,REQ-003964,Aprovuar,2025-11-28 08:00:00,REF-72926-12-18-2025
PRJ-003964,REQ-003965,Aprovuar,2025-11-23 08:00:00,REF-72931-12-18-2025
PRJ-003965,REQ-003966,Aprovuar,2025-12-13 08:00:00,REF-72884-12-18-2025
PRJ-003966,REQ-003967,Aprovuar,2025-12-10 10:00:00,REF-72904-12-18-2025
PRJ-003967,REQ-003968,Aprovuar,2025-11-27 08:00:00,REF-72781-12-18-2025
PRJ-003968,REQ-003969,Aprovuar,2025-12-14 08:00:00,REF-72777-12-18-2025
PRJ-003969,REQ-003970,Aprovuar,2025-11-25 08:00:00,REF-72779-12-18-2025
PRJ-003970,REQ-003971,Aprovuar,2025-11-29 12:00:00,REF-72886-12-18-2025
PRJ-003971,REQ-003972,Aprovuar,2025-12-06 08:00:00,REF-72462-12-17-2025
PRJ-003976,REQ-003977,Aprovuar,2025-12-02 08:00:00,REF-72757-12-17-2025
PRJ-003996,REQ-003997,Aprovuar,2025-12-03 08:00:00,REF-72753-12-17-2025
PRJ-004013,REQ-004014,Aprovuar,2025-12-10 08:00:00,REF-72608-12-17-2025
PRJ-004042,REQ-004043,Aprovuar,2025-12-05 08:00:00,REF-72599-12-17-2025
PRJ-004044,REQ-004045,Aprovuar,2025-12-08 09:00:00,REF-72571-12-17-2025
PRJ-004045,REQ-004046,Aprovuar,2025-11-30 08:00:00,REF-72554-12-17-2025
PRJ-004046,REQ-004047,Aprovuar,2025-12-03 09:00:00,REF-65151-10-15-2025
PRJ-004047,REQ-004048,Aprovuar,2025-11-28 08:30:00,REF-72609-12-17-2025
PRJ-004048,REQ-004049,Aprovuar,2025-12-12 08:00:00,REF-72496-12-17-2025
PRJ-004049,REQ-004050,Aprovuar,2025-11-28 09:00:00,REF-72416-12-16-2025
PRJ-004050,REQ-004051,Aprovuar,2025-12-10 09:00:00,REF-72413-12-16-2025
PRJ-004051,REQ-004052,Aprovuar,2025-11-21 09:00:00,REF-72418-12-16-2025
PRJ-004052,REQ-004053,Aprovuar,2025-11-25 08:00:00,REF-72424-12-16-2025
PRJ-004053,REQ-004054,Aprovuar,2025-12-10 11:00:00,REF-72442-12-16-2025
PRJ-004054,REQ-004055,Aprovuar,2025-12-05 09:00:00,REF-72382-12-16-2025
PRJ-004055,REQ-004056,Aprovuar,2025-11-30 11:00:00,REF-72218-12-15-2025
PRJ-004056,REQ-004057,Aprovuar,2025-11-21 15:00:00,REF-72195-12-15-2025
PRJ-004057,REQ-004058,Aprovuar,2025-11-19 09:00:00,REF-65137-10-15-2025
PRJ-004058,REQ-004059,Aprovuar,2025-12-02 08:00:00,REF-72116-12-15-2025
PRJ-004059,REQ-004060,Aprovuar,2025-12-01 10:00:00,REF-72076-12-15-2025
PRJ-004060,REQ-004061,Aprovuar,2025-12-01 13:00:00,REF-72203-12-15-2025
PRJ-004061,REQ-004062,Aprovuar,2025-12-07 10:00:00,REF-72040-12-12-2025
PRJ-004062,REQ-004063,Aprovuar,2025-11-19 08:00:00,REF-72023-12-12-2025
PRJ-004063,REQ-004064,Aprovuar,2025-11-26 08:00:00,REF-72017-12-12-2025
PRJ-004064,REQ-004065,Aprovuar,2025-11-17 08:30:00,REF-72000-12-12-2025
PRJ-004066,REQ-004067,Aprovuar,2025-11-27 12:00:00,REF-71780-12-11-2025
PRJ-004067,REQ-004068,Aprovuar,2025-11-25 09:00:00,REF-71913-12-11-2025
PRJ-004069,REQ-004070,Aprovuar,2025-11-27 12:00:00,REF-71568-12-10-2025
PRJ-004070,REQ-004071,Aprovuar,2025-11-20 08:00:00,REF-71701-12-10-2025
PRJ-004072,REQ-004073,Aprovuar,2025-12-05 09:00:00,REF-71650-12-10-2025
PRJ-004073,REQ-004074,Aprovuar,2025-11-19 09:00:00,REF-71656-12-10-2025
PRJ-004075,REQ-004076,Aprovuar,2025-11-27 10:00:00,REF-71358-12-09-2025
PRJ-004076,REQ-004077,Aprovuar,2025-11-11 15:30:00,REF-71473-12-09-2025
PRJ-004077,REQ-004078,Aprovuar,2025-11-11 09:00:00,REF-71502-12-09-2025
PRJ-004078,REQ-004079,Aprovuar,2025-11-18 11:00:00,REF-71443-12-09-2025
PRJ-004079,REQ-004080,Aprovuar,2025-11-12 13:00:00,REF-71199-12-05-2025
PRJ-004080,REQ-004081,Aprovuar,2025-11-21 08:30:00,REF-71311-12-05-2025
PRJ-004081,REQ-004082,Aprovuar,2025-12-02 12:00:00,REF-71209-12-05-2025
PRJ-004082,REQ-004083,Aprovuar,2025-11-21 09:00:00,REF-65056-10-15-2025
PRJ-004083,REQ-004084,Aprovuar,2025-12-02 08:30:00,REF-71205-12-05-2025
PRJ-004087,REQ-004088,Aprovuar,2025-11-11 09:00:00,REF-71168-12-04-2025
PRJ-004088,REQ-004089,Aprovuar,2025-11-14 10:00:00,REF-71139-12-04-2025
PRJ-004089,REQ-004090,Aprovuar,2025-11-19 08:00:00,REF-71076-12-04-2025
PRJ-004090,REQ-004091,Aprovuar,2025-11-07 09:00:00,REF-71100-12-04-2025
PRJ-004091,REQ-004092,Aprovuar,2025-11-19 09:00:00,REF-71098-12-04-2025
PRJ-004092,REQ-004093,Aprovuar,2025-11-08 09:00:00,REF-71096-12-04-2025
PRJ-004093,REQ-004094,Aprovuar,2025-11-09 09:00:00,REF-71092-12-04-2025
PRJ-004094,REQ-004095,Aprovuar,2025-11-19 09:00:00,REF-71083-12-04-2025
PRJ-004095,REQ-004096,Aprovuar,2025-11-18 09:00:00,REF-71089-12-04-2025
PRJ-004096,REQ-004097,Aprovuar,2025-11-25 08:30:00,REF-71079-12-04-2025
PRJ-004097,REQ-004098,Aprovuar,2025-11-24 15:00:00,REF-70920-12-03-2025
PRJ-004098,REQ-004099,Aprovuar,2025-11-16 14:00:00,REF-70872-12-03-2025
PRJ-004099,REQ-004100,Aprovuar,2025-11-09 08:00:00,REF-70933-12-03-2025
PRJ-004101,REQ-004102,Aprovuar,2025-11-20 11:00:00,REF-70756-12-02-2025
PRJ-004104,REQ-004105,Aprovuar,2025-11-06 11:00:00,REF-70737-12-02-2025
PRJ-004105,REQ-004106,Aprovuar,2025-11-14 11:00:00,REF-70714-12-02-2025
PRJ-004110,REQ-004111,Aprovuar,2025-11-25 08:00:00,REF-70564-11-27-2025
PRJ-004111,REQ-004112,Aprovuar,2025-11-19 08:00:00,REF-70563-11-27-2025
PRJ-004112,REQ-004113,Aprovuar,2025-11-19 08:00:00,REF-70541-11-27-2025
PRJ-004113,REQ-004114,Aprovuar,2025-11-04 08:00:00,REF-70535-11-27-2025
PRJ-004114,REQ-004115,Aprovuar,2025-11-16 08:00:00,REF-70539-11-27-2025
PRJ-004117,REQ-004118,Aprovuar,2025-11-02 08:00:00,REF-70399-11-26-2025
PRJ-004118,REQ-004119,Aprovuar,2025-10-31 14:00:00,REF-70381-11-26-2025
PRJ-004119,REQ-004120,Aprovuar,2025-11-16 09:00:00,REF-70295-11-26-2025
PRJ-004120,REQ-004121,Aprovuar,2025-11-03 09:00:00,REF-70388-11-26-2025
PRJ-004121,REQ-004122,Aprovuar,2025-11-11 14:00:00,REF-70301-11-26-2025
PRJ-004122,REQ-004123,Aprovuar,2025-11-04 08:00:00,REF-70413-11-26-2025
PRJ-004123,REQ-004124,Aprovuar,2025-11-11 08:00:00,REF-70409-11-26-2025
PRJ-004124,REQ-004125,Aprovuar,2025-11-12 08:00:00,REF-70411-11-26-2025
PRJ-004125,REQ-004126,Aprovuar,2025-10-31 09:00:00,REF-70230-11-26-2025
PRJ-004126,REQ-004127,Aprovuar,2025-10-29 09:00:00,REF-70374-11-26-2025
PRJ-004127,REQ-004128,Aprovuar,2025-11-09 09:00:00,REF-70372-11-26-2025
PRJ-004128,REQ-004129,Aprovuar,2025-11-13 09:00:00,REF-70364-11-26-2025
PRJ-004129,REQ-004130,Aprovuar,2025-11-08 09:00:00,REF-70369-11-26-2025
PRJ-004130,REQ-004131,Aprovuar,2025-10-30 11:00:00,REF-69970-11-24-2025
PRJ-004131,REQ-004132,Aprovuar,2025-11-15 09:00:00,REF-70110-11-25-2025
PRJ-004132,REQ-004133,Aprovuar,2025-11-19 13:00:00,REF-70067-11-25-2025
PRJ-004133,REQ-004134,Aprovuar,2025-11-17 14:00:00,REF-70081-11-25-2025
PRJ-004134,REQ-004135,Aprovuar,2025-10-29 10:00:00,REF-70065-11-25-2025
PRJ-004135,REQ-004136,Aprovuar,2025-11-17 15:30:00,REF-70131-11-25-2025
PRJ-004137,REQ-004138,Aprovuar,2025-11-19 08:00:00,REF-69853-11-21-2025
PRJ-004141,REQ-004142,Aprovuar,2025-11-12 08:00:00,REF-69781-11-20-2025
PRJ-004142,REQ-004143,Aprovuar,2025-11-14 10:00:00,REF-69721-11-20-2025
PRJ-004143,REQ-004144,Aprovuar,2025-10-31 02:00:00,REF-69703-11-20-2025
PRJ-004144,REQ-004145,Aprovuar,2025-10-26 09:30:00,REF-69693-11-20-2025
PRJ-004145,REQ-004146,Aprovuar,2025-10-25 08:00:00,REF-69797-11-20-2025
PRJ-004146,REQ-004147,Aprovuar,2025-10-24 08:00:00,REF-69795-11-20-2025
PRJ-004147,REQ-004148,Aprovuar,2025-11-12 08:00:00,REF-69793-11-20-2025
PRJ-004148,REQ-004149,Aprovuar,2025-11-15 08:00:00,REF-69789-11-20-2025
PRJ-004149,REQ-004150,Aprovuar,2025-11-15 08:00:00,REF-69791-11-20-2025
PRJ-004150,REQ-004151,Aprovuar,2025-11-04 10:00:00,REF-69798-11-20-2025
PRJ-004151,REQ-004152,Aprovuar,2025-11-08 09:00:00,REF-69609-11-20-2025
PRJ-004153,REQ-004154,Aprovuar,2025-11-02 09:00:00,REF-65111-10-15-2025
PRJ-004154,REQ-004155,Aprovuar,2025-11-01 10:00:00,REF-69417-11-19-2025
PRJ-004155,REQ-004156,Aprovuar,2025-10-27 10:00:00,REF-69404-11-19-2025
PRJ-004158,REQ-004159,Aprovuar,2025-11-02 10:00:00,REF-69469-11-19-2025
PRJ-004159,REQ-004160,Aprovuar,2025-11-14 10:00:00,REF-69523-11-19-2025
PRJ-004161,REQ-004162,Aprovuar,2025-11-04 15:00:00,REF-69339-11-18-2025
PRJ-004162,REQ-004163,Aprovuar,2025-10-31 11:00:00,REF-69202-11-18-2025
PRJ-004163,REQ-004164,Aprovuar,2025-11-04 10:00:00,REF-69306-11-18-2025
PRJ-004164,REQ-004165,Aprovuar,2025-11-06 09:00:00,REF-69375-11-18-2025
PRJ-004165,REQ-004166,Aprovuar,2025-11-02 10:00:00,REF-69376-11-18-2025
PRJ-004167,REQ-004168,Aprovuar,2025-10-25 09:00:00,REF-69110-11-17-2025
PRJ-004168,REQ-004169,Aprovuar,2025-11-09 10:00:00,REF-69032-11-17-2025
PRJ-004169,REQ-004170,Aprovuar,2025-10-27 10:00:00,REF-69157-11-17-2025
PRJ-004170,REQ-004171,Aprovuar,2025-10-20 10:00:00,REF-69169-11-17-2025
PRJ-004171,REQ-004172,Aprovuar,2025-11-10 11:00:00,REF-69188-11-17-2025
PRJ-004172,REQ-004173,Aprovuar,2025-10-23 09:00:00,REF-69196-11-17-2025
PRJ-004173,REQ-004174,Aprovuar,2025-10-21 10:30:00,REF-68920-11-14-2025
PRJ-004174,REQ-004175,Aprovuar,2025-11-09 08:30:00,REF-69019-11-15-2025
PRJ-004175,REQ-004176,Aprovuar,2025-10-31 08:30:00,REF-69018-11-15-2025
PRJ-004180,REQ-004181,Aprovuar,2025-11-07 11:00:00,REF-68871-11-13-2025
PRJ-004182,REQ-004183,Aprovuar,2025-10-30 12:00:00,REF-68757-11-13-2025
PRJ-004183,REQ-004184,Aprovuar,2025-11-08 10:00:00,REF-68720-11-13-2025
PRJ-004184,REQ-004185,Aprovuar,2025-11-09 10:00:00,REF-68835-11-13-2025
PRJ-004191,REQ-004192,Aprovuar,2025-11-09 08:00:00,REF-68742-11-13-2025
PRJ-004192,REQ-004193,Aprovuar,2025-11-07 08:00:00,REF-68735-11-13-2025
PRJ-004193,REQ-004194,Aprovuar,2025-10-22 08:00:00,REF-68740-11-13-2025
PRJ-004194,REQ-004195,Aprovuar,2025-10-23 08:00:00,REF-68872-11-13-2025
PRJ-004195,REQ-004196,Aprovuar,2025-10-17 12:00:00,REF-68829-11-13-2025
PRJ-004199,REQ-004200,Aprovuar,2025-10-17 08:30:00,REF-68668-11-12-2025
PRJ-004200,REQ-004201,Aprovuar,2025-10-19 11:00:00,REF-68622-11-12-2025
PRJ-004201,REQ-004202,Aprovuar,2025-11-06 10:00:00,REF-68598-11-12-2025
PRJ-004203,REQ-004204,Aprovuar,2025-11-08 12:00:00,REF-68471-11-12-2025
PRJ-004204,REQ-004205,Aprovuar,2025-11-03 11:00:00,REF-68546-11-12-2025
PRJ-004205,REQ-004206,Aprovuar,2025-10-19 09:00:00,REF-68566-11-12-2025
PRJ-004206,REQ-004207,Aprovuar,2025-11-04 09:00:00,REF-68680-11-12-2025
PRJ-004207,REQ-004208,Aprovuar,2025-11-02 09:00:00,REF-68676-11-12-2025
PRJ-004208,REQ-004209,Aprovuar,2025-10-29 09:00:00,REF-68678-11-12-2025
PRJ-004209,REQ-004210,Aprovuar,2025-10-26 11:00:00,REF-68667-11-12-2025
PRJ-004210,REQ-004211,Aprovuar,2025-10-23 11:00:00,REF-68523-11-12-2025
PRJ-004212,REQ-004213,Aprovuar,2025-11-02 11:00:00,REF-68519-11-12-2025
PRJ-004214,REQ-004215,Aprovuar,2025-11-02 11:00:00,REF-68513-11-12-2025
PRJ-004215,REQ-004216,Aprovuar,2025-10-18 11:00:00,REF-68510-11-12-2025
PRJ-004216,REQ-004217,Aprovuar,2025-10-17 11:00:00,REF-68507-11-12-2025
PRJ-004217,REQ-004218,Aprovuar,2025-10-29 11:00:00,REF-68502-11-12-2025
PRJ-004218,REQ-004219,Aprovuar,2025-11-05 11:00:00,REF-68495-11-12-2025
PRJ-004219,REQ-004220,Aprovuar,2025-10-29 11:00:00,REF-68500-11-12-2025
PRJ-004220,REQ-004221,Aprovuar,2025-10-26 09:00:00,REF-68339-11-11-2025
PRJ-004221,REQ-004222,Aprovuar,2025-10-29 13:00:00,REF-68369-11-11-2025
PRJ-004222,REQ-004223,Aprovuar,2025-11-06 10:00:00,REF-68050-11-07-2025
PRJ-004223,REQ-004224,Aprovuar,2025-10-26 09:00:00,REF-68441-11-11-2025
PRJ-004224,REQ-004225,Aprovuar,2025-10-26 11:00:00,REF-68421-11-11-2025
PRJ-004225,REQ-004226,Aprovuar,2025-10-18 11:00:00,REF-68417-11-11-2025
PRJ-004227,REQ-004228,Aprovuar,2025-10-18 13:00:00,REF-68402-11-11-2025
PRJ-004229,REQ-004230,Aprovuar,2025-10-20 09:00:00,REF-64978-10-15-2025
PRJ-004230,REQ-004231,Aprovuar,2025-11-04 12:00:00,REF-68275-11-10-2025
PRJ-004232,REQ-004233,Aprovuar,2025-10-18 08:00:00,REF-68148-11-10-2025
PRJ-004233,REQ-004234,Aprovuar,2025-10-20 09:00:00,REF-44276-04-09-2025
PRJ-004234,REQ-004235,Aprovuar,2025-10-22 11:00:00,REF-68261-11-10-2025
PRJ-004235,REQ-004236,Aprovuar,2025-10-16 08:00:00,REF-68284-11-10-2025
PRJ-004237,REQ-004238,Aprovuar,2025-11-03 08:00:00,REF-68279-11-10-2025
PRJ-004238,REQ-004239,Aprovuar,2025-10-14 08:00:00,REF-68265-11-10-2025
PRJ-004240,REQ-004241,Aprovuar,2025-10-21 08:30:00,REF-68215-11-10-2025
PRJ-004242,REQ-004243,Aprovuar,2025-10-18 08:00:00,REF-68194-11-10-2025
PRJ-004247,REQ-004248,Aprovuar,2025-10-17 08:00:00,REF-67992-11-06-2025
PRJ-004248,REQ-004249,Aprovuar,2025-11-01 09:00:00,REF-67985-11-06-2025
PRJ-004249,REQ-004250,Aprovuar,2025-10-09 13:00:00,REF-67921-11-06-2025
PRJ-004250,REQ-004251,Aprovuar,2025-10-30 08:30:00,REF-67984-11-06-2025
PRJ-004251,REQ-004252,Aprovuar,2025-10-10 08:00:00,REF-67839-11-06-2025
PRJ-004252,REQ-004253,Aprovuar,2025-10-12 09:00:00,REF-67989-11-06-2025
PRJ-004253,REQ-004254,Aprovuar,2025-10-20 12:00:00,REF-67946-11-06-2025
PRJ-004256,REQ-004257,Aprovuar,2025-10-17 10:00:00,REF-67804-11-05-2025
PRJ-004257,REQ-004258,Aprovuar,2025-11-01 08:00:00,REF-67774-11-05-2025
PRJ-004258,REQ-004259,Aprovuar,2025-10-08 08:00:00,REF-67760-11-05-2025
PRJ-004260,REQ-004261,Aprovuar,2025-10-24 15:00:00,REF-67801-11-05-2025
PRJ-004261,REQ-004262,Aprovuar,2025-10-30 15:00:00,REF-67806-11-05-2025
PRJ-004262,REQ-004263,Aprovuar,2025-10-17 15:30:00,REF-67816-11-05-2025
PRJ-004264,REQ-004265,Aprovuar,2025-10-19 10:00:00,REF-67746-11-05-2025
PRJ-004265,REQ-004266,Aprovuar,2025-10-27 10:00:00,REF-67780-11-05-2025
PRJ-004268,REQ-004269,Aprovuar,2025-10-26 12:00:00,REF-67688-11-04-2025
PRJ-004269,REQ-004270,Aprovuar,2025-10-26 09:00:00,REF-67716-11-04-2025
PRJ-004270,REQ-004271,Aprovuar,2025-10-30 08:00:00,REF-67676-11-04-2025
PRJ-004273,REQ-004274,Aprovuar,2025-10-12 08:00:00,REF-67669-11-04-2025
PRJ-004278,REQ-004279,Aprovuar,2025-10-20 14:00:00,REF-67546-11-03-2025
PRJ-004279,REQ-004280,Aprovuar,2025-10-16 14:00:00,REF-67530-11-03-2025
PRJ-004280,REQ-004281,Aprovuar,2025-10-18 12:00:00,REF-67459-11-03-2025
PRJ-004281,REQ-004282,Aprovuar,2025-10-23 10:00:00,REF-67573-11-03-2025
PRJ-004283,REQ-004284,Aprovuar,2025-10-30 08:00:00,REF-67539-11-03-2025
PRJ-004284,REQ-004285,Aprovuar,2025-10-14 08:00:00,REF-67532-11-03-2025
PRJ-004285,REQ-004286,Aprovuar,2025-10-21 08:00:00,REF-67536-11-03-2025
PRJ-004286,REQ-004287,Aprovuar,2025-10-17 11:00:00,REF-67503-11-03-2025
PRJ-004288,REQ-004289,Aprovuar,2025-10-12 10:00:00,REF-67425-10-31-2025
PRJ-004289,REQ-004290,Aprovuar,2025-10-06 09:00:00,REF-67411-10-31-2025
PRJ-004290,REQ-004291,Aprovuar,2025-10-07 09:00:00,REF-67406-10-31-2025
PRJ-004291,REQ-004292,Aprovuar,2025-10-25 09:00:00,REF-67408-10-31-2025
PRJ-004292,REQ-004293,Aprovuar,2025-10-17 08:00:00,REF-67332-10-31-2025
PRJ-004293,REQ-004294,Aprovuar,2025-10-24 08:00:00,REF-67334-10-31-2025
PRJ-004294,REQ-004295,Aprovuar,2025-10-28 08:00:00,REF-67326-10-31-2025
PRJ-004295,REQ-004296,Aprovuar,2025-10-12 08:00:00,REF-67330-10-31-2025
PRJ-004296,REQ-004297,Aprovuar,2025-10-07 08:00:00,REF-67328-10-31-2025
PRJ-004297,REQ-004298,Aprovuar,2025-10-18 08:00:00,REF-67324-10-31-2025
PRJ-004298,REQ-004299,Aprovuar,2025-10-09 08:00:00,REF-67319-10-31-2025
PRJ-004299,REQ-004300,Aprovuar,2025-10-16 08:00:00,REF-67322-10-31-2025
PRJ-004300,REQ-004301,Aprovuar,2025-10-18 10:00:00,REF-67426-10-31-2025
PRJ-004301,REQ-004302,Aprovuar,2025-10-12 09:00:00,REF-67427-10-31-2025
PRJ-004302,REQ-004303,Aprovuar,2025-10-10 10:00:00,REF-67416-10-31-2025
PRJ-004303,REQ-004304,Aprovuar,2025-10-18 10:00:00,REF-67200-10-30-2025
PRJ-004304,REQ-004305,Aprovuar,2025-10-18 09:30:00,REF-67177-10-30-2025
PRJ-004305,REQ-004306,Aprovuar,2025-10-08 10:00:00,REF-67300-10-30-2025
PRJ-004308,REQ-004309,Aprovuar,2025-10-08 08:30:00,REF-67113-10-29-2025
PRJ-004309,REQ-004310,Aprovuar,2025-10-01 15:30:00,REF-67131-10-29-2025
PRJ-004310,REQ-004311,Aprovuar,2025-10-09 13:00:00,REF-67126-10-29-2025
PRJ-004311,REQ-004312,Aprovuar,2025-10-11 09:00:00,REF-67104-10-29-2025
PRJ-004312,REQ-004313,Aprovuar,2025-10-04 13:00:00,REF-67079-10-29-2025
PRJ-004313,REQ-004314,Aprovuar,2025-10-10 10:00:00,REF-67111-10-29-2025
PRJ-004314,REQ-004315,Aprovuar,2025-10-23 08:00:00,REF-67031-10-29-2025
PRJ-004315,REQ-004316,Aprovuar,2025-10-01 08:30:00,REF-67102-10-29-2025
PRJ-004317,REQ-004318,Aprovuar,2025-10-02 08:00:00,REF-66942-10-28-2025
PRJ-004318,REQ-004319,Aprovuar,2025-10-16 08:00:00,REF-66945-10-28-2025
PRJ-004319,REQ-004320,Aprovuar,2025-10-18 09:00:00,REF-66934-10-28-2025
PRJ-004320,REQ-004321,Aprovuar,2025-10-06 14:00:00,REF-66921-10-28-2025
PRJ-004321,REQ-004322,Aprovuar,2025-10-22 10:00:00,REF-66847-10-28-2025
PRJ-004322,REQ-004323,Aprovuar,2025-10-11 08:00:00,REF-66915-10-28-2025
PRJ-004324,REQ-004325,Aprovuar,2025-10-03 08:00:00,REF-66908-10-28-2025
PRJ-004325,REQ-004326,Aprovuar,2025-10-23 08:00:00,REF-66911-10-28-2025
PRJ-004326,REQ-004327,Aprovuar,2025-10-18 09:00:00,REF-66832-10-27-2025
PRJ-004327,REQ-004328,Aprovuar,2025-10-16 08:00:00,REF-66765-10-27-2025
PRJ-004328,REQ-004329,Aprovuar,2025-10-23 10:00:00,REF-66747-10-27-2025
PRJ-004330,REQ-004331,Aprovuar,2025-10-12 08:30:00,REF-66797-10-27-2025
PRJ-004332,REQ-004333,Aprovuar,2025-10-14 12:00:00,REF-66816-10-27-2025
PRJ-004333,REQ-004334,Aprovuar,2025-10-08 10:00:00,REF-66591-10-24-2025
PRJ-004334,REQ-004335,Aprovuar,2025-09-29 08:00:00,REF-66657-10-24-2025
PRJ-004336,REQ-004337,Aprovuar,2025-10-10 12:00:00,REF-66555-10-24-2025
PRJ-004338,REQ-004339,Aprovuar,2025-10-06 12:00:00,REF-66593-10-24-2025
PRJ-004340,REQ-004341,Aprovuar,2025-10-13 10:00:00,REF-66653-10-24-2025
PRJ-004342,REQ-004343,Aprovuar,2025-09-29 08:00:00,REF-66590-10-24-2025
PRJ-004343,REQ-004344,Aprovuar,2025-10-12 08:30:00,REF-66560-10-24-2025
PRJ-004346,REQ-004347,Aprovuar,2025-09-25 12:00:00,REF-66475-10-23-2025
PRJ-004347,REQ-004348,Aprovuar,2025-10-12 12:00:00,REF-66334-10-23-2025
PRJ-004348,REQ-004349,Aprovuar,2025-10-09 10:00:00,REF-66476-10-23-2025
PRJ-004349,REQ-004350,Aprovuar,2025-09-30 09:00:00,REF-66479-10-23-2025
PRJ-004350,REQ-004351,Aprovuar,2025-10-11 08:30:00,REF-66376-10-23-2025
PRJ-004351,REQ-004352,Aprovuar,2025-10-01 08:30:00,REF-66340-10-23-2025
PRJ-004352,REQ-004353,Aprovuar,2025-10-04 08:00:00,REF-66173-10-22-2025
PRJ-004358,REQ-004359,Aprovuar,2025-10-01 08:00:00,REF-66094-10-22-2025
PRJ-004359,REQ-004360,Aprovuar,2025-10-05 08:00:00,REF-66087-10-22-2025
PRJ-004360,REQ-004361,Aprovuar,2025-09-24 10:00:00,REF-66070-10-22-2025
PRJ-004361,REQ-004362,Aprovuar,2025-09-29 10:00:00,REF-66191-10-22-2025
PRJ-004363,REQ-004364,Aprovuar,2025-10-04 09:30:00,REF-65971-10-21-2025
PRJ-004365,REQ-004366,Aprovuar,2025-10-09 10:00:00,REF-66023-10-21-2025
PRJ-004366,REQ-004367,Aprovuar,2025-10-07 10:00:00,REF-66021-10-21-2025
PRJ-004367,REQ-004368,Aprovuar,2025-10-17 10:00:00,REF-66029-10-21-2025
PRJ-004368,REQ-004369,Aprovuar,2025-10-05 10:00:00,REF-66025-10-21-2025
PRJ-004369,REQ-004370,Aprovuar,2025-10-09 10:00:00,REF-66019-10-21-2025
PRJ-004370,REQ-004371,Aprovuar,2025-09-25 10:00:00,REF-66027-10-21-2025
PRJ-004371,REQ-004372,Aprovuar,2025-10-13 08:00:00,REF-65994-10-21-2025
PRJ-004372,REQ-004373,Aprovuar,2025-10-09 08:00:00,REF-65988-10-21-2025
PRJ-004373,REQ-004374,Aprovuar,2025-10-13 15:00:00,REF-65989-10-21-2025
PRJ-004374,REQ-004375,Aprovuar,2025-10-08 14:00:00,REF-65896-10-21-2025
PRJ-004375,REQ-004376,Aprovuar,2025-10-01 08:00:00,REF-65983-10-21-2025
PRJ-004376,REQ-004377,Aprovuar,2025-10-16 08:00:00,REF-65980-10-21-2025
PRJ-004377,REQ-004378,Aprovuar,2025-09-25 08:00:00,REF-65978-10-21-2025
PRJ-004378,REQ-004379,Aprovuar,2025-10-14 08:00:00,REF-65976-10-21-2025
PRJ-004379,REQ-004380,Aprovuar,2025-10-13 08:00:00,REF-65973-10-21-2025
PRJ-004380,REQ-004381,Aprovuar,2025-10-12 08:00:00,REF-65970-10-21-2025
PRJ-004381,REQ-004382,Aprovuar,2025-10-10 08:00:00,REF-65968-10-21-2025
PRJ-004382,REQ-004383,Aprovuar,2025-10-01 08:00:00,REF-65966-10-21-2025
PRJ-004383,REQ-004384,Aprovuar,2025-10-10 08:00:00,REF-65964-10-21-2025
PRJ-004384,REQ-004385,Aprovuar,2025-10-10 08:00:00,REF-65962-10-21-2025
PRJ-004385,REQ-004386,Aprovuar,2025-09-30 08:00:00,REF-65955-10-21-2025
PRJ-004386,REQ-004387,Aprovuar,2025-10-04 08:00:00,REF-65959-10-21-2025
PRJ-004387,REQ-004388,Aprovuar,2025-09-29 08:00:00,REF-65617-10-20-2025
PRJ-004388,REQ-004389,Aprovuar,2025-09-26 09:00:00,REF-65687-10-20-2025
PRJ-004389,REQ-004390,Aprovuar,2025-10-12 08:00:00,REF-65741-10-20-2025
PRJ-004390,REQ-004391,Aprovuar,2025-10-06 08:30:00,REF-65818-10-20-2025
PRJ-004391,REQ-004392,Aprovuar,2025-10-16 08:00:00,REF-65774-10-20-2025
PRJ-004392,REQ-004393,Aprovuar,2025-10-02 11:00:00,REF-65772-10-20-2025
PRJ-004393,REQ-004394,Aprovuar,2025-09-22 12:00:00,REF-65615-10-20-2025
PRJ-004394,REQ-004395,Aprovuar,2025-10-07 08:30:00,REF-65641-10-20-2025
PRJ-004395,REQ-004396,Aprovuar,2025-10-02 14:30:00,REF-65746-10-20-2025
PRJ-004396,REQ-004397,Aprovuar,2025-10-16 08:00:00,REF-65833-10-20-2025
PRJ-004398,REQ-004399,Aprovuar,2025-10-05 10:00:00,REF-65533-10-17-2025
PRJ-004399,REQ-004400,Aprovuar,2025-09-24 12:00:00,REF-65510-10-17-2025
PRJ-004400,REQ-004401,Aprovuar,2025-09-24 10:00:00,REF-65515-10-17-2025
PRJ-004401,REQ-004402,Aprovuar,2025-09-21 10:00:00,REF-65505-10-17-2025
PRJ-004402,REQ-004403,Aprovuar,2025-10-09 10:00:00,REF-65513-10-17-2025
PRJ-004404,REQ-004405,Aprovuar,2025-09-26 08:00:00,REF-65488-10-17-2025
PRJ-004405,REQ-004406,Aprovuar,2025-10-06 11:00:00,REF-65452-10-17-2025
PRJ-004406,REQ-004407,Aprovuar,2025-10-01 00:00:00,REF-65504-10-17-2025
PRJ-004407,REQ-004408,Aprovuar,2025-10-01 12:00:00,REF-65263-10-16-2025
PRJ-004408,REQ-004409,Aprovuar,2025-10-03 12:00:00,REF-65253-10-16-2025
PRJ-004409,REQ-004410,Aprovuar,2025-10-07 08:00:00,REF-65359-10-16-2025
PRJ-004411,REQ-004412,Aprovuar,2025-10-12 12:00:00,REF-65276-10-16-2025
PRJ-004412,REQ-004413,Aprovuar,2025-10-10 12:00:00,REF-65269-10-16-2025
PRJ-004413,REQ-004414,Aprovuar,2025-09-30 09:00:00,REF-65256-10-16-2025
PRJ-004414,REQ-004415,Aprovuar,2025-09-25 08:00:00,REF-65329-10-16-2025
PRJ-004415,REQ-004416,Aprovuar,2025-10-06 08:00:00,REF-65344-10-16-2025
PRJ-004416,REQ-004417,Aprovuar,2025-09-21 12:00:00,REF-65247-10-16-2025
PRJ-004417,REQ-004418,Aprovuar,2025-10-12 09:00:00,REF-65312-10-16-2025
PRJ-004418,REQ-004419,Aprovuar,2025-10-06 08:00:00,REF-65347-10-16-2025
PRJ-004419,REQ-004420,Aprovuar,2025-09-26 13:00:00,REF-65052-10-15-2025
PRJ-004420,REQ-004421,Aprovuar,2025-09-18 10:00:00,REF-65215-10-15-2025
PRJ-004421,REQ-004422,Aprovuar,2025-09-24 11:30:00,REF-65016-10-15-2025
PRJ-004422,REQ-004423,Aprovuar,2025-09-28 09:00:00,REF-65097-10-15-2025
PRJ-004423,REQ-004424,Aprovuar,2025-09-22 08:00:00,REF-65074-10-15-2025
PRJ-004424,REQ-004425,Aprovuar,2025-10-10 10:00:00,REF-65216-10-15-2025
PRJ-004425,REQ-004426,Aprovuar,2025-09-21 09:00:00,REF-64931-10-15-2025
PRJ-004426,REQ-004427,Aprovuar,2025-09-30 12:00:00,REF-64817-10-14-2025
PRJ-004427,REQ-004428,Aprovuar,2025-10-05 10:00:00,REF-65039-10-15-2025
PRJ-004428,REQ-004429,Aprovuar,2025-10-04 08:00:00,REF-65019-10-15-2025
PRJ-004429,REQ-004430,Aprovuar,2025-09-27 08:00:00,REF-65191-10-15-2025
PRJ-004430,REQ-004431,Aprovuar,2025-10-06 10:00:00,REF-65206-10-15-2025
PRJ-004431,REQ-004432,Aprovuar,2025-10-01 14:00:00,REF-65059-10-15-2025
PRJ-004432,REQ-004433,Aprovuar,2025-10-06 09:00:00,REF-64898-10-14-2025
PRJ-004433,REQ-004434,Aprovuar,2025-09-25 10:00:00,REF-64891-10-14-2025
PRJ-004434,REQ-004435,Aprovuar,2025-10-05 09:00:00,REF-64886-10-14-2025
PRJ-004435,REQ-004436,Aprovuar,2025-09-25 10:00:00,REF-64836-10-14-2025
PRJ-004436,REQ-004437,Aprovuar,2025-09-23 08:00:00,REF-64826-10-14-2025
PRJ-004437,REQ-004438,Aprovuar,2025-09-22 08:30:00,REF-64799-10-14-2025
PRJ-004438,REQ-004439,Aprovuar,2025-10-01 11:00:00,REF-64905-10-14-2025
PRJ-004440,REQ-004441,Aprovuar,2025-09-22 08:00:00,REF-64919-10-14-2025
PRJ-004441,REQ-004442,Aprovuar,2025-10-03 08:00:00,REF-64893-10-14-2025
PRJ-004443,REQ-004444,Aprovuar,2025-10-08 08:30:00,REF-64541-10-13-2025
PRJ-004444,REQ-004445,Aprovuar,2025-09-25 09:00:00,REF-64524-10-13-2025
PRJ-004445,REQ-004446,Aprovuar,2025-10-05 11:00:00,REF-64567-10-13-2025
PRJ-004446,REQ-004447,Aprovuar,2025-09-18 10:00:00,REF-64643-10-13-2025
PRJ-004447,REQ-004448,Aprovuar,2025-10-06 09:00:00,REF-64626-10-13-2025
PRJ-004448,REQ-004449,Aprovuar,2025-09-19 10:00:00,REF-64436-10-10-2025
PRJ-004449,REQ-004450,Aprovuar,2025-09-23 10:00:00,REF-64349-10-10-2025
PRJ-004450,REQ-004451,Aprovuar,2025-10-01 09:00:00,REF-64361-10-10-2025
PRJ-004451,REQ-004452,Aprovuar,2025-10-05 10:00:00,REF-64410-10-10-2025
PRJ-004452,REQ-004453,Aprovuar,2025-09-18 10:00:00,REF-64447-10-10-2025
PRJ-004456,REQ-004457,Aprovuar,2025-09-24 12:00:00,REF-64326-10-09-2025
PRJ-004457,REQ-004458,Aprovuar,2025-09-21 15:30:00,REF-63755-10-06-2025
PRJ-004459,REQ-004460,Aprovuar,2025-09-16 08:30:00,REF-63944-10-07-2025
PRJ-004460,REQ-004461,Aprovuar,2025-09-26 09:30:00,REF-64014-10-08-2025
PRJ-004461,REQ-004462,Aprovuar,2025-09-26 08:00:00,REF-64104-10-08-2025
PRJ-004462,REQ-004463,Aprovuar,2025-09-19 09:00:00,REF-64049-10-08-2025
PRJ-004463,REQ-004464,Aprovuar,2025-09-22 12:00:00,REF-63894-10-07-2025
PRJ-004464,REQ-004465,Aprovuar,2025-09-27 11:00:00,REF-63877-10-07-2025
PRJ-004465,REQ-004466,Aprovuar,2025-09-30 08:00:00,REF-63874-10-07-2025
PRJ-004466,REQ-004467,Aprovuar,2025-09-11 08:00:00,REF-63960-10-07-2025
PRJ-004467,REQ-004468,Aprovuar,2025-09-23 11:00:00,REF-63827-10-07-2025
PRJ-004468,REQ-004469,Aprovuar,2025-09-30 14:00:00,REF-63826-10-07-2025
PRJ-004469,REQ-004470,Aprovuar,2025-09-14 11:30:00,REF-63868-10-07-2025
PRJ-004471,REQ-004472,Aprovuar,2025-09-28 08:00:00,REF-63958-10-07-2025
PRJ-004472,REQ-004473,Aprovuar,2025-10-02 09:00:00,REF-64006-10-07-2025
PRJ-004473,REQ-004474,Aprovuar,2025-09-11 00:00:00,REF-63739-10-06-2025
PRJ-004474,REQ-004475,Aprovuar,2025-09-28 09:00:00,REF-63685-10-06-2025
PRJ-004479,REQ-004480,Aprovuar,2025-09-23 09:00:00,REF-63761-10-06-2025
PRJ-004482,REQ-004483,Aprovuar,2025-09-22 09:30:00,REF-63620-10-04-2025
PRJ-004486,REQ-004487,Aprovuar,2025-09-14 08:30:00,REF-63501-10-02-2025
PRJ-004487,REQ-004488,Aprovuar,2025-09-19 09:00:00,REF-63407-10-02-2025
PRJ-004488,REQ-004489,Aprovuar,2025-09-04 02:00:00,REF-63450-10-02-2025
PRJ-004490,REQ-004491,Aprovuar,2025-09-13 10:00:00,REF-63388-10-02-2025
PRJ-004493,REQ-004494,Aprovuar,2025-09-13 09:00:00,REF-61569-09-16-2025
PRJ-004494,REQ-004495,Aprovuar,2025-09-16 00:00:00,REF-63288-10-01-2025
PRJ-004495,REQ-004496,Aprovuar,2025-09-27 10:00:00,REF-63246-10-01-2025
PRJ-004496,REQ-004497,Aprovuar,2025-09-07 00:00:00,REF-63321-10-01-2025
PRJ-004499,REQ-004500,Aprovuar,2025-09-17 11:00:00,REF-63072-09-30-2025
PRJ-004500,REQ-004501,Aprovuar,2025-09-02 08:00:00,REF-63205-09-30-2025
PRJ-004501,REQ-004502,Aprovuar,2025-09-11 08:00:00,REF-63190-09-30-2025
PRJ-004502,REQ-004503,Aprovuar,2025-09-22 08:00:00,REF-63106-09-30-2025
PRJ-004503,REQ-004504,Aprovuar,2025-09-14 08:00:00,REF-63093-09-30-2025
PRJ-004504,REQ-004505,Aprovuar,2025-09-05 09:30:00,REF-63124-09-30-2025
PRJ-004505,REQ-004506,Aprovuar,2025-09-03 09:30:00,REF-63121-09-30-2025
PRJ-004509,REQ-004510,Aprovuar,2025-09-07 10:00:00,REF-63009-09-29-2025
PRJ-004510,REQ-004511,Aprovuar,2025-09-25 09:00:00,REF-62965-09-29-2025
PRJ-004511,REQ-004512,Aprovuar,2025-09-02 09:00:00,REF-62984-09-29-2025
PRJ-004512,REQ-004513,Aprovuar,2025-09-25 15:00:00,REF-62961-09-29-2025
PRJ-004513,REQ-004514,Aprovuar,2025-09-02 13:30:00,REF-62934-09-29-2025
PRJ-004514,REQ-004515,Aprovuar,2025-09-02 11:00:00,REF-62960-09-29-2025
PRJ-004516,REQ-004517,Aprovuar,2025-09-13 11:00:00,REF-62810-09-26-2025
PRJ-004517,REQ-004518,Aprovuar,2025-09-17 11:00:00,REF-62808-09-26-2025
PRJ-004518,REQ-004519,Aprovuar,2025-09-02 11:00:00,REF-62796-09-26-2025
PRJ-004520,REQ-004521,Aprovuar,2025-09-18 08:30:00,REF-62625-09-25-2025
PRJ-004523,REQ-004524,Aprovuar,2025-09-11 09:00:00,REF-62706-09-25-2025
PRJ-004524,REQ-004525,Aprovuar,2025-09-03 11:00:00,REF-62683-09-25-2025
PRJ-004526,REQ-004527,Aprovuar,2025-09-13 08:00:00,REF-62601-09-25-2025
PRJ-004527,REQ-004528,Aprovuar,2025-09-01 09:00:00,REF-62704-09-25-2025
PRJ-004528,REQ-004529,Aprovuar,2025-09-08 11:00:00,REF-62702-09-25-2025
PRJ-004529,REQ-004530,Aprovuar,2025-09-01 08:00:00,REF-62654-09-25-2025
PRJ-004531,REQ-004532,Aprovuar,2025-08-30 10:00:00,REF-62567-09-24-2025
PRJ-004532,REQ-004533,Aprovuar,2025-09-01 08:00:00,REF-62505-09-24-2025
PRJ-004533,REQ-004534,Aprovuar,2025-09-18 08:00:00,REF-62558-09-24-2025
PRJ-004535,REQ-004536,Aprovuar,2025-09-12 11:00:00,REF-62426-09-23-2025
PRJ-004536,REQ-004537,Aprovuar,2025-09-09 08:00:00,REF-62411-09-23-2025
PRJ-004537,REQ-004538,Aprovuar,2025-09-16 10:00:00,REF-62402-09-23-2025
PRJ-004539,REQ-004540,Aprovuar,2025-08-30 08:00:00,REF-62233-09-22-2025
PRJ-004542,REQ-004543,Aprovuar,2025-09-07 11:00:00,REF-62278-09-22-2025
PRJ-004543,REQ-004544,Aprovuar,2025-08-29 09:00:00,REF-62228-09-22-2025
PRJ-004544,REQ-004545,Aprovuar,2025-09-03 11:00:00,REF-62220-09-22-2025
PRJ-004545,REQ-004546,Aprovuar,2025-09-07 11:00:00,REF-62268-09-22-2025
PRJ-004546,REQ-004547,Aprovuar,2025-09-14 09:30:00,REF-62088-09-20-2025
PRJ-004547,REQ-004548,Aprovuar,2025-09-11 08:30:00,REF-61970-09-18-2025
PRJ-004548,REQ-004549,Aprovuar,2025-09-06 08:00:00,REF-61956-09-18-2025
PRJ-004549,REQ-004550,Aprovuar,2025-09-03 08:00:00,REF-61863-09-18-2025
PRJ-004550,REQ-004551,Aprovuar,2025-09-14 15:00:00,REF-61942-09-18-2025
PRJ-004553,REQ-004554,Aprovuar,2025-08-25 08:00:00,REF-61810-09-17-2025
PRJ-004554,REQ-004555,Aprovuar,2025-09-04 08:00:00,REF-61800-09-17-2025
PRJ-004555,REQ-004556,Aprovuar,2025-08-24 08:00:00,REF-61806-09-17-2025
PRJ-004556,REQ-004557,Aprovuar,2025-08-24 11:00:00,REF-61723-09-17-2025
PRJ-004557,REQ-004558,Aprovuar,2025-09-07 08:00:00,REF-61675-09-17-2025
PRJ-004562,REQ-004563,Aprovuar,2025-08-25 11:00:00,REF-61640-09-16-2025
PRJ-004563,REQ-004564,Aprovuar,2025-09-02 08:00:00,REF-61340-09-15-2025
PRJ-004564,REQ-004565,Aprovuar,2025-09-02 10:00:00,REF-61423-09-15-2025
PRJ-004569,REQ-004570,Aprovuar,2025-09-09 10:00:00,REF-61315-09-12-2025
PRJ-004573,REQ-004574,Aprovuar,2025-09-03 09:00:00,REF-61275-09-12-2025
PRJ-004574,REQ-004575,Aprovuar,2025-09-03 11:00:00,REF-61127-09-11-2025
PRJ-004575,REQ-004576,Aprovuar,2025-08-25 10:00:00,REF-60789-09-09-2025
PRJ-004576,REQ-004577,Aprovuar,2025-09-01 10:00:00,REF-61117-09-11-2025
PRJ-004578,REQ-004579,Aprovuar,2025-08-29 11:00:00,REF-61161-09-11-2025
PRJ-004579,REQ-004580,Aprovuar,2025-09-05 08:00:00,REF-61033-09-11-2025
PRJ-004580,REQ-004581,Aprovuar,2025-09-04 11:30:00,REF-61164-09-11-2025
PRJ-004581,REQ-004582,Aprovuar,2025-08-24 10:00:00,REF-61094-09-11-2025
PRJ-004582,REQ-004583,Aprovuar,2025-08-15 09:00:00,REF-61017-09-11-2025
PRJ-004583,REQ-004584,Aprovuar,2025-08-30 08:00:00,REF-60955-09-10-2025
PRJ-004584,REQ-004585,Aprovuar,2025-09-05 01:00:00,REF-60771-09-09-2025
PRJ-004585,REQ-004586,Aprovuar,2025-09-01 08:00:00,REF-60773-09-09-2025
PRJ-004586,REQ-004587,Aprovuar,2025-08-15 08:00:00,REF-60757-09-09-2025
PRJ-004587,REQ-004588,Aprovuar,2025-08-28 08:00:00,REF-60753-09-09-2025
PRJ-004588,REQ-004589,Aprovuar,2025-08-26 09:00:00,REF-60671-09-09-2025
PRJ-004589,REQ-004590,Aprovuar,2025-08-20 10:30:00,REF-60782-09-09-2025
PRJ-004590,REQ-004591,Aprovuar,2025-08-12 10:00:00,REF-60683-09-09-2025
PRJ-004591,REQ-004592,Aprovuar,2025-08-31 10:00:00,REF-60679-09-09-2025
PRJ-004592,REQ-004593,Aprovuar,2025-08-18 08:00:00,REF-60733-09-09-2025
PRJ-004594,REQ-004595,Aprovuar,2025-08-23 08:00:00,REF-60655-09-08-2025
PRJ-004595,REQ-004596,Aprovuar,2025-08-12 12:30:00,REF-60565-09-08-2025
PRJ-004598,REQ-004599,Aprovuar,2025-08-31 10:00:00,REF-60331-09-04-2025
PRJ-004599,REQ-004600,Aprovuar,2025-08-10 10:00:00,REF-60292-09-04-2025
PRJ-004600,REQ-004601,Aprovuar,2025-08-12 10:00:00,REF-60334-09-04-2025
PRJ-004601,REQ-004602,Aprovuar,2025-08-31 11:00:00,REF-60348-09-04-2025
PRJ-004603,REQ-004604,Aprovuar,2025-08-30 09:00:00,REF-60154-09-03-2025
PRJ-004605,REQ-004606,Aprovuar,2025-08-10 09:00:00,REF-60146-09-03-2025
PRJ-004607,REQ-004608,Aprovuar,2025-08-12 10:30:00,REF-60268-09-03-2025
PRJ-004608,REQ-004609,Aprovuar,2025-08-26 11:00:00,REF-60149-09-03-2025
PRJ-004609,REQ-004610,Aprovuar,2025-08-28 08:00:00,REF-60183-09-03-2025
PRJ-004610,REQ-004611,Aprovuar,2025-08-17 10:30:00,REF-60222-09-03-2025
PRJ-004612,REQ-004613,Aprovuar,2025-08-30 09:00:00,REF-60166-09-03-2025
PRJ-004617,REQ-004618,Aprovuar,2025-08-13 02:00:00,REF-60091-09-02-2025
PRJ-004618,REQ-004619,Aprovuar,2025-08-25 02:30:00,REF-60098-09-02-2025
PRJ-004619,REQ-004620,Aprovuar,2025-08-21 10:00:00,REF-60060-09-02-2025
PRJ-004620,REQ-004621,Aprovuar,2025-08-19 09:00:00,REF-60070-09-02-2025
PRJ-004622,REQ-004623,Aprovuar,2025-08-04 10:00:00,REF-59779-08-28-2025
PRJ-004624,REQ-004625,Aprovuar,2025-08-25 10:00:00,REF-59846-08-29-2025
PRJ-004625,REQ-004626,Aprovuar,2025-08-24 10:00:00,REF-59822-08-29-2025
PRJ-004626,REQ-004627,Aprovuar,2025-08-22 11:00:00,REF-59854-08-29-2025
PRJ-004627,REQ-004628,Aprovuar,2025-08-18 08:30:00,REF-59867-08-29-2025
PRJ-004628,REQ-004629,Aprovuar,2025-08-19 11:00:00,REF-59860-08-29-2025
PRJ-004630,REQ-004631,Aprovuar,2025-08-09 08:00:00,REF-59506-08-28-2025
PRJ-004632,REQ-004633,Aprovuar,2025-08-05 11:30:00,REF-59778-08-28-2025
PRJ-004651,REQ-004652,Aprovuar,2025-08-12 08:00:00,REF-59674-08-28-2025
PRJ-004658,REQ-004659,Aprovuar,2025-08-14 08:00:00,REF-59696-08-28-2025
PRJ-004697,REQ-004698,Aprovuar,2025-08-19 08:00:00,REF-59579-08-28-2025
PRJ-004699,REQ-004700,Aprovuar,2025-07-31 08:00:00,REF-59559-08-28-2025
PRJ-004701,REQ-004702,Aprovuar,2025-08-18 11:00:00,REF-59764-08-28-2025
PRJ-004702,REQ-004703,Aprovuar,2025-08-03 11:00:00,REF-59498-08-27-2025
PRJ-004706,REQ-004707,Aprovuar,2025-08-16 14:00:00,REF-59399-08-27-2025
PRJ-004707,REQ-004708,Aprovuar,2025-08-13 14:00:00,REF-59372-08-27-2025
PRJ-004708,REQ-004709,Aprovuar,2025-08-05 14:00:00,REF-59393-08-27-2025
PRJ-004709,REQ-004710,Aprovuar,2025-08-10 08:00:00,REF-59439-08-27-2025
PRJ-004710,REQ-004711,Aprovuar,2025-08-15 09:00:00,REF-59329-08-27-2025
PRJ-004711,REQ-004712,Aprovuar,2025-08-11 11:00:00,REF-59481-08-27-2025
PRJ-004712,REQ-004713,Aprovuar,2025-07-30 10:00:00,REF-59479-08-27-2025
PRJ-004713,REQ-004714,Aprovuar,2025-08-09 08:30:00,REF-59477-08-27-2025
PRJ-004714,REQ-004715,Aprovuar,2025-08-14 09:30:00,REF-59468-08-27-2025
PRJ-004716,REQ-004717,Aprovuar,2025-08-08 08:00:00,REF-59170-08-26-2025
PRJ-004717,REQ-004718,Aprovuar,2025-08-01 08:00:00,REF-59185-08-26-2025
PRJ-004718,REQ-004719,Aprovuar,2025-08-16 10:00:00,REF-59168-08-26-2025
PRJ-004723,REQ-004724,Aprovuar,2025-08-20 09:00:00,REF-59054-08-25-2025
PRJ-004725,REQ-004726,Aprovuar,2025-08-16 09:00:00,REF-59050-08-25-2025
PRJ-004726,REQ-004727,Aprovuar,2025-08-03 08:00:00,REF-59203-08-26-2025
PRJ-004728,REQ-004729,Aprovuar,2025-07-28 08:30:00,REF-58966-08-25-2025
PRJ-004729,REQ-004730,Aprovuar,2025-08-18 08:30:00,REF-58963-08-25-2025
PRJ-004730,REQ-004731,Aprovuar,2025-08-06 08:30:00,REF-58951-08-25-2025
PRJ-004731,REQ-004732,Aprovuar,2025-08-16 08:30:00,REF-58960-08-25-2025
PRJ-004732,REQ-004733,Aprovuar,2025-07-31 08:00:00,REF-58949-08-25-2025
PRJ-004733,REQ-004734,Aprovuar,2025-08-05 10:00:00,REF-58906-08-25-2025
PRJ-004735,REQ-004736,Aprovuar,2025-08-06 10:00:00,REF-59014-08-25-2025
PRJ-004736,REQ-004737,Aprovuar,2025-08-05 10:00:00,REF-59019-08-25-2025
PRJ-004737,REQ-004738,Aprovuar,2025-08-21 08:00:00,REF-59028-08-25-2025
PRJ-004738,REQ-004739,Aprovuar,2025-08-09 08:00:00,REF-58940-08-25-2025
PRJ-004742,REQ-004743,Aprovuar,2025-08-01 12:00:00,REF-58869-08-23-2025
PRJ-004743,REQ-004744,Aprovuar,2025-08-07 00:00:00,REF-58868-08-23-2025
PRJ-004744,REQ-004745,Aprovuar,2025-07-27 09:00:00,REF-58757-08-21-2025
PRJ-004745,REQ-004746,Aprovuar,2025-08-13 09:00:00,REF-58609-08-21-2025
PRJ-004746,REQ-004747,Aprovuar,2025-08-05 10:00:00,REF-58659-08-21-2025
PRJ-004747,REQ-004748,Aprovuar,2025-08-01 08:00:00,REF-58667-08-21-2025
PRJ-004748,REQ-004749,Aprovuar,2025-08-07 08:00:00,REF-58566-08-20-2025
PRJ-004749,REQ-004750,Aprovuar,2025-07-24 08:00:00,REF-58562-08-20-2025
PRJ-004750,REQ-004751,Aprovuar,2025-08-03 10:00:00,REF-58560-08-20-2025
PRJ-004752,REQ-004753,Aprovuar,2025-08-07 08:00:00,REF-58523-08-20-2025
PRJ-004753,REQ-004754,Aprovuar,2025-08-16 11:00:00,REF-58584-08-20-2025
PRJ-004754,REQ-004755,Aprovuar,2025-08-02 00:00:00,REF-58535-08-20-2025
PRJ-004756,REQ-004757,Aprovuar,2025-07-31 10:00:00,REF-58475-08-19-2025
PRJ-004757,REQ-004758,Aprovuar,2025-08-14 08:00:00,REF-58409-08-19-2025
PRJ-004758,REQ-004759,Aprovuar,2025-07-29 11:00:00,REF-58468-08-19-2025
PRJ-004759,REQ-004760,Aprovuar,2025-07-28 08:00:00,REF-58348-08-18-2025
PRJ-004760,REQ-004761,Aprovuar,2025-07-30 08:00:00,REF-58344-08-18-2025
PRJ-004761,REQ-004762,Aprovuar,2025-08-05 02:30:00,REF-58354-08-18-2025
PRJ-004762,REQ-004763,Aprovuar,2025-07-26 08:30:00,REF-58245-08-15-2025
PRJ-004763,REQ-004764,Aprovuar,2025-08-13 10:00:00,REF-56877-08-01-2025
PRJ-004764,REQ-004765,Aprovuar,2025-07-28 10:00:00,REF-58227-08-15-2025
PRJ-004765,REQ-004766,Aprovuar,2025-08-05 10:00:00,REF-58270-08-15-2025
PRJ-004767,REQ-004768,Aprovuar,2025-07-20 08:00:00,REF-58215-08-15-2025
PRJ-004768,REQ-004769,Aprovuar,2025-08-05 10:00:00,REF-58198-08-15-2025
PRJ-004770,REQ-004771,Aprovuar,2025-08-07 12:30:00,REF-58131-08-14-2025
PRJ-004771,REQ-004772,Aprovuar,2025-08-09 10:00:00,REF-58185-08-14-2025
PRJ-004773,REQ-004774,Aprovuar,2025-08-04 10:00:00,REF-58007-08-13-2025
PRJ-004774,REQ-004775,Aprovuar,2025-07-25 10:00:00,REF-58027-08-13-2025
PRJ-004775,REQ-004776,Aprovuar,2025-07-18 08:30:00,REF-58088-08-13-2025
PRJ-004776,REQ-004777,Aprovuar,2025-07-19 08:30:00,REF-58079-08-13-2025
PRJ-004777,REQ-004778,Aprovuar,2025-07-29 09:00:00,REF-58086-08-13-2025
PRJ-004778,REQ-004779,Aprovuar,2025-07-31 08:00:00,REF-58013-08-13-2025
PRJ-004780,REQ-004781,Aprovuar,2025-07-30 08:00:00,REF-57972-08-12-2025
PRJ-004781,REQ-004782,Aprovuar,2025-07-31 11:00:00,REF-57992-08-12-2025
PRJ-004782,REQ-004783,Aprovuar,2025-07-20 08:00:00,REF-57932-08-12-2025
PRJ-004783,REQ-004784,Aprovuar,2025-08-04 08:30:00,REF-57852-08-11-2025
PRJ-004784,REQ-004785,Aprovuar,2025-07-27 08:30:00,REF-57848-08-11-2025
PRJ-004785,REQ-004786,Aprovuar,2025-07-17 08:30:00,REF-57850-08-11-2025
PRJ-004786,REQ-004787,Aprovuar,2025-07-28 10:00:00,REF-57789-08-11-2025
PRJ-004787,REQ-004788,Aprovuar,2025-07-29 08:00:00,REF-57639-08-11-2025
PRJ-004788,REQ-004789,Aprovuar,2025-07-25 12:00:00,REF-57631-08-11-2025
PRJ-004790,REQ-004791,Aprovuar,2025-07-23 08:00:00,REF-57500-08-08-2025
PRJ-004791,REQ-004792,Aprovuar,2025-07-27 10:00:00,REF-57498-08-08-2025
PRJ-004792,REQ-004793,Aprovuar,2025-07-28 10:00:00,REF-57506-08-08-2025
PRJ-004796,REQ-004797,Aprovuar,2025-07-26 10:00:00,REF-57372-08-07-2025
PRJ-004798,REQ-004799,Aprovuar,2025-07-24 08:00:00,REF-57446-08-07-2025
PRJ-004799,REQ-004800,Aprovuar,2025-07-22 10:00:00,REF-57383-08-07-2025
PRJ-004801,REQ-004802,Aprovuar,2025-07-19 11:00:00,REF-57307-08-06-2025
PRJ-004802,REQ-004803,Aprovuar,2025-07-19 10:00:00,REF-57243-08-06-2025
PRJ-004803,REQ-004804,Aprovuar,2025-07-23 17:00:00,REF-57326-08-06-2025
PRJ-004804,REQ-004805,Aprovuar,2025-07-16 10:00:00,REF-57254-08-06-2025
PRJ-004805,REQ-004806,Aprovuar,2025-07-24 10:00:00,REF-57088-08-04-2025
PRJ-004808,REQ-004809,Aprovuar,2025-07-21 08:00:00,REF-57148-08-05-2025
PRJ-004809,REQ-004810,Aprovuar,2025-07-10 15:30:00,REF-57161-08-05-2025
PRJ-004810,REQ-004811,Aprovuar,2025-07-16 08:30:00,REF-57084-08-04-2025
PRJ-004811,REQ-004812,Aprovuar,2025-07-13 08:30:00,REF-57080-08-04-2025
PRJ-004812,REQ-004813,Aprovuar,2025-07-26 08:30:00,REF-57082-08-04-2025
PRJ-004813,REQ-004814,Aprovuar,2025-07-10 10:00:00,REF-57022-08-04-2025
PRJ-004815,REQ-004816,Aprovuar,2025-07-25 09:00:00,REF-56883-08-01-2025
PRJ-004819,REQ-004820,Aprovuar,2025-07-04 11:00:00,REF-56843-07-31-2025
PRJ-004820,REQ-004821,Aprovuar,2025-07-13 15:00:00,REF-56829-07-31-2025
PRJ-004821,REQ-004822,Aprovuar,2025-07-10 12:00:00,REF-56778-07-31-2025
PRJ-004822,REQ-004823,Aprovuar,2025-07-26 11:00:00,REF-56766-07-31-2025
PRJ-004823,REQ-004824,Aprovuar,2025-07-21 11:00:00,REF-56689-07-30-2025
PRJ-004824,REQ-004825,Aprovuar,2025-07-02 00:00:00,REF-56672-07-30-2025
PRJ-004825,REQ-004826,Aprovuar,2025-07-06 10:00:00,REF-56504-07-29-2025
PRJ-004826,REQ-004827,Aprovuar,2025-07-19 08:00:00,REF-56556-07-29-2025
PRJ-004827,REQ-004828,Aprovuar,2025-07-01 10:00:00,REF-56493-07-29-2025
PRJ-004828,REQ-004829,Aprovuar,2025-07-14 10:00:00,REF-56467-07-28-2025
PRJ-004847,REQ-004848,Aprovuar,2025-07-22 00:00:00,REF-56479-07-28-2025
PRJ-004848,REQ-004849,Aprovuar,2025-07-16 08:30:00,REF-56462-07-28-2025
PRJ-004849,REQ-004850,Aprovuar,2025-07-19 08:30:00,REF-56453-07-28-2025
PRJ-004850,REQ-004851,Aprovuar,2025-07-14 08:30:00,REF-56460-07-28-2025
PRJ-004851,REQ-004852,Aprovuar,2025-07-05 11:00:00,REF-56309-07-25-2025
PRJ-004852,REQ-004853,Aprovuar,2025-07-06 09:00:00,REF-56291-07-25-2025
PRJ-004853,REQ-004854,Aprovuar,2025-07-09 10:00:00,REF-56285-07-25-2025
PRJ-004854,REQ-004855,Aprovuar,2025-07-17 10:00:00,REF-56164-07-24-2025
PRJ-004855,REQ-004856,Aprovuar,2025-07-09 11:00:00,REF-56319-07-25-2025
PRJ-004856,REQ-004857,Aprovuar,2025-06-29 10:00:00,REF-56138-07-24-2025
PRJ-004858,REQ-004859,Aprovuar,2025-07-16 08:00:00,REF-56165-07-24-2025
PRJ-004859,REQ-004860,Aprovuar,2025-06-27 10:00:00,REF-56174-07-24-2025
PRJ-004860,REQ-004861,Aprovuar,2025-07-19 08:00:00,REF-56187-07-24-2025
PRJ-004861,REQ-004862,Aprovuar,2025-06-26 11:00:00,REF-56128-07-24-2025
PRJ-004862,REQ-004863,Aprovuar,2025-07-06 08:00:00,REF-56213-07-24-2025
PRJ-004863,REQ-004864,Aprovuar,2025-07-14 08:00:00,REF-56206-07-24-2025
PRJ-004865,REQ-004866,Aprovuar,2025-06-28 10:00:00,REF-55262-07-17-2025
PRJ-004866,REQ-004867,Aprovuar,2025-07-08 12:00:00,REF-55871-07-22-2025
PRJ-004867,REQ-004868,Aprovuar,2025-07-18 08:00:00,REF-55869-07-22-2025
PRJ-004868,REQ-004869,Aprovuar,2025-07-07 11:00:00,REF-55729-07-21-2025
PRJ-004869,REQ-004870,Aprovuar,2025-07-05 08:30:00,REF-55794-07-22-2025
PRJ-004873,REQ-004874,Aprovuar,2025-07-13 08:30:00,REF-55847-07-22-2025
PRJ-004878,REQ-004879,Aprovuar,2025-07-02 08:30:00,REF-55851-07-22-2025
PRJ-004881,REQ-004882,Aprovuar,2025-07-07 08:00:00,REF-55692-07-21-2025
PRJ-004882,REQ-004883,Aprovuar,2025-07-05 10:30:00,REF-55694-07-21-2025
PRJ-004883,REQ-004884,Aprovuar,2025-06-25 10:00:00,REF-55679-07-21-2025
PRJ-004884,REQ-004885,Aprovuar,2025-07-02 10:30:00,REF-55602-07-21-2025
PRJ-004885,REQ-004886,Aprovuar,2025-07-12 15:00:00,REF-55727-07-21-2025
PRJ-004887,REQ-004888,Aprovuar,2025-06-20 08:00:00,REF-55462-07-18-2025
PRJ-004888,REQ-004889,Aprovuar,2025-06-26 08:00:00,REF-55424-07-18-2025
PRJ-004889,REQ-004890,Aprovuar,2025-06-26 08:00:00,REF-55382-07-18-2025
PRJ-004890,REQ-004891,Aprovuar,2025-06-23 08:00:00,REF-55373-07-18-2025
PRJ-004891,REQ-004892,Aprovuar,2025-07-06 12:00:00,REF-55478-07-18-2025
PRJ-004892,REQ-004893,Aprovuar,2025-07-12 12:00:00,REF-55343-07-17-2025
PRJ-004893,REQ-004894,Aprovuar,2025-06-21 08:00:00,REF-55326-07-17-2025
PRJ-004894,REQ-004895,Aprovuar,2025-07-08 10:00:00,REF-55029-07-16-2025
PRJ-004896,REQ-004897,Aprovuar,2025-06-18 08:00:00,REF-53871-07-08-2025
PRJ-004898,REQ-004899,Aprovuar,2025-06-18 10:00:00,REF-55169-07-16-2025
PRJ-004899,REQ-004900,Aprovuar,2025-06-18 10:00:00,REF-55033-07-16-2025
PRJ-004900,REQ-004901,Aprovuar,2025-07-05 14:00:00,REF-54973-07-16-2025
PRJ-004901,REQ-004902,Aprovuar,2025-06-20 13:30:00,REF-54836-07-15-2025
PRJ-004902,REQ-004903,Aprovuar,2025-06-28 14:00:00,REF-54899-07-15-2025
PRJ-004903,REQ-004904,Aprovuar,2025-07-11 11:00:00,REF-54904-07-15-2025
PRJ-004904,REQ-004905,Aprovuar,2025-06-22 08:00:00,REF-54898-07-15-2025
PRJ-004905,REQ-004906,Aprovuar,2025-07-05 11:00:00,REF-54744-07-14-2025
PRJ-004906,REQ-004907,Aprovuar,2025-06-27 09:00:00,REF-54757-07-14-2025
PRJ-004915,REQ-004916,Aprovuar,2025-06-27 08:00:00,REF-54581-07-14-2025
PRJ-004916,REQ-004917,Aprovuar,2025-06-17 11:00:00,REF-54521-07-11-2025
PRJ-004917,REQ-004918,Aprovuar,2025-07-01 08:00:00,REF-54454-07-11-2025
PRJ-004918,REQ-004919,Aprovuar,2025-06-16 09:00:00,REF-54494-07-11-2025
PRJ-004919,REQ-004920,Aprovuar,2025-07-04 08:00:00,REF-54533-07-12-2025
PRJ-004920,REQ-004921,Aprovuar,2025-06-24 08:00:00,REF-54531-07-12-2025
PRJ-004921,REQ-004922,Aprovuar,2025-06-16 08:00:00,REF-54529-07-12-2025
PRJ-004922,REQ-004923,Aprovuar,2025-07-04 08:00:00,REF-54527-07-12-2025
PRJ-004923,REQ-004924,Aprovuar,2025-07-07 08:00:00,REF-54523-07-12-2025
PRJ-004924,REQ-004925,Aprovuar,2025-06-17 08:00:00,REF-54525-07-12-2025
PRJ-004925,REQ-004926,Aprovuar,2025-06-15 10:00:00,REF-54226-07-10-2025
PRJ-004926,REQ-004927,Aprovuar,2025-07-03 10:00:00,REF-54209-07-10-2025
PRJ-004927,REQ-004928,Aprovuar,2025-06-18 10:00:00,REF-54180-07-10-2025
PRJ-004928,REQ-004929,Aprovuar,2025-06-27 00:00:00,REF-52712-06-28-2025
PRJ-004929,REQ-004930,Aprovuar,2025-06-30 14:30:00,REF-54121-07-09-2025
PRJ-004930,REQ-004931,Aprovuar,2025-06-19 11:00:00,REF-54065-07-09-2025
PRJ-004931,REQ-004932,Aprovuar,2025-06-30 08:00:00,REF-54154-07-09-2025
PRJ-004932,REQ-004933,Aprovuar,2025-06-18 08:00:00,REF-54152-07-09-2025
PRJ-004933,REQ-004934,Aprovuar,2025-06-21 08:00:00,REF-54146-07-09-2025
PRJ-004934,REQ-004935,Aprovuar,2025-06-27 08:00:00,REF-54150-07-09-2025
PRJ-004935,REQ-004936,Aprovuar,2025-06-28 11:00:00,REF-54073-07-09-2025
PRJ-004938,REQ-004939,Aprovuar,2025-06-18 11:00:00,REF-53907-07-08-2025
PRJ-004939,REQ-004940,Aprovuar,2025-06-14 08:00:00,REF-54011-07-08-2025
PRJ-004941,REQ-004942,Aprovuar,2025-06-26 09:00:00,REF-53850-07-07-2025
PRJ-004942,REQ-004943,Aprovuar,2025-06-25 10:00:00,REF-53819-07-07-2025
PRJ-004943,REQ-004944,Aprovuar,2025-07-02 10:00:00,REF-53860-07-07-2025
PRJ-004944,REQ-004945,Aprovuar,2025-06-19 11:00:00,REF-53804-07-07-2025
PRJ-004945,REQ-004946,Aprovuar,2025-06-18 08:00:00,REF-53811-07-07-2025
PRJ-004946,REQ-004947,Aprovuar,2025-07-01 08:00:00,REF-53710-07-07-2025
PRJ-004949,REQ-004950,Aprovuar,2025-06-11 08:00:00,REF-53631-07-07-2025
PRJ-004950,REQ-004951,Aprovuar,2025-06-18 08:00:00,REF-53726-07-07-2025
PRJ-004951,REQ-004952,Aprovuar,2025-06-30 08:00:00,REF-53629-07-07-2025
PRJ-004952,REQ-004953,Aprovuar,2025-06-26 08:00:00,REF-53625-07-07-2025
PRJ-004953,REQ-004954,Aprovuar,2025-06-21 08:00:00,REF-53733-07-07-2025
PRJ-004954,REQ-004955,Aprovuar,2025-06-16 08:00:00,REF-53736-07-07-2025
PRJ-004956,REQ-004957,Aprovuar,2025-07-02 08:00:00,REF-53739-07-07-2025
PRJ-004957,REQ-004958,Aprovuar,2025-06-22 08:00:00,REF-53614-07-07-2025
PRJ-004958,REQ-004959,Aprovuar,2025-06-28 08:00:00,REF-53742-07-07-2025
PRJ-004960,REQ-004961,Aprovuar,2025-06-11 08:00:00,REF-53746-07-07-2025
PRJ-004961,REQ-004962,Aprovuar,2025-06-11 08:00:00,REF-53748-07-07-2025
PRJ-004962,REQ-004963,Aprovuar,2025-06-24 08:00:00,REF-53604-07-07-2025
PRJ-004963,REQ-004964,Aprovuar,2025-07-03 08:00:00,REF-53750-07-07-2025
PRJ-004966,REQ-004967,Aprovuar,2025-06-28 08:00:00,REF-53600-07-07-2025
PRJ-004967,REQ-004968,Aprovuar,2025-06-23 08:00:00,REF-53754-07-07-2025
PRJ-004969,REQ-004970,Aprovuar,2025-06-16 08:00:00,REF-53757-07-07-2025
PRJ-004970,REQ-004971,Aprovuar,2025-06-13 08:00:00,REF-53596-07-07-2025
PRJ-004971,REQ-004972,Aprovuar,2025-06-15 08:00:00,REF-53759-07-07-2025
PRJ-004972,REQ-004973,Aprovuar,2025-06-27 08:00:00,REF-53593-07-07-2025
PRJ-004973,REQ-004974,Aprovuar,2025-06-18 08:00:00,REF-53649-07-07-2025
PRJ-004974,REQ-004975,Aprovuar,2025-06-16 08:00:00,REF-53731-07-07-2025
PRJ-004975,REQ-004976,Aprovuar,2025-06-14 08:00:00,REF-53728-07-07-2025
PRJ-004977,REQ-004978,Aprovuar,2025-06-27 08:00:00,REF-53641-07-07-2025
PRJ-004978,REQ-004979,Aprovuar,2025-06-17 08:00:00,REF-53666-07-07-2025
PRJ-004979,REQ-004980,Aprovuar,2025-06-27 08:00:00,REF-53724-07-07-2025
PRJ-004980,REQ-004981,Aprovuar,2025-06-30 08:00:00,REF-53685-07-07-2025
PRJ-004981,REQ-004982,Aprovuar,2025-06-10 08:00:00,REF-53643-07-07-2025
PRJ-004982,REQ-004983,Aprovuar,2025-06-30 08:00:00,REF-53637-07-07-2025
PRJ-004983,REQ-004984,Aprovuar,2025-06-22 08:00:00,REF-53717-07-07-2025
PRJ-004984,REQ-004985,Aprovuar,2025-06-14 08:00:00,REF-53689-07-07-2025
PRJ-004986,REQ-004987,Aprovuar,2025-06-17 08:00:00,REF-53635-07-07-2025
PRJ-004987,REQ-004988,Aprovuar,2025-06-26 08:00:00,REF-53720-07-07-2025
PRJ-004988,REQ-004989,Aprovuar,2025-06-16 08:00:00,REF-53679-07-07-2025
PRJ-004990,REQ-004991,Aprovuar,2025-06-29 08:00:00,REF-53677-07-07-2025
PRJ-004991,REQ-004992,Aprovuar,2025-06-27 08:00:00,REF-53639-07-07-2025
PRJ-004993,REQ-004994,Aprovuar,2025-06-17 08:00:00,REF-53715-07-07-2025
PRJ-004994,REQ-004995,Aprovuar,2025-06-25 08:00:00,REF-53705-07-07-2025
PRJ-004995,REQ-004996,Aprovuar,2025-06-16 08:00:00,REF-53664-07-07-2025
PRJ-004998,REQ-004999,Aprovuar,2025-06-29 08:00:00,REF-53700-07-07-2025
PRJ-004999,REQ-005000,Aprovuar,2025-06-18 08:00:00,REF-53672-07-07-2025
PRJ-005003,REQ-005004,Aprovuar,2025-06-09 08:00:00,REF-53654-07-07-2025
PRJ-005004,REQ-005005,Aprovuar,2025-06-14 08:00:00,REF-53668-07-07-2025
PRJ-005010,REQ-005011,Aprovuar,2025-06-21 08:00:00,REF-53586-07-07-2025
PRJ-005011,REQ-005012,Aprovuar,2025-06-14 08:00:00,REF-53691-07-07-2025
PRJ-005013,REQ-005014,Aprovuar,2025-06-29 11:00:00,REF-53517-07-04-2025
PRJ-005015,REQ-005016,Aprovuar,2025-06-24 11:00:00,REF-53537-07-04-2025
PRJ-005018,REQ-005019,Aprovuar,2025-06-14 09:00:00,REF-53421-07-03-2025
PRJ-005019,REQ-005020,Aprovuar,2025-06-21 09:00:00,REF-53184-07-02-2025
PRJ-005020,REQ-005021,Aprovuar,2025-06-18 14:30:00,REF-53442-07-03-2025
PRJ-005021,REQ-005022,Aprovuar,2025-06-26 09:00:00,REF-53381-07-03-2025
PRJ-005022,REQ-005023,Aprovuar,2025-06-13 09:00:00,REF-53378-07-03-2025
PRJ-005023,REQ-005024,Aprovuar,2025-06-23 09:00:00,REF-53384-07-03-2025
PRJ-005024,REQ-005025,Aprovuar,2025-06-14 12:00:00,REF-49672-05-30-2025
PRJ-005025,REQ-005026,Aprovuar,2025-06-15 08:00:00,REF-53445-07-03-2025
PRJ-005026,REQ-005027,Aprovuar,2025-06-21 08:00:00,REF-53420-07-03-2025
PRJ-005027,REQ-005028,Aprovuar,2025-06-11 11:00:00,REF-53361-07-03-2025
PRJ-005029,REQ-005030,Aprovuar,2025-06-10 10:00:00,REF-49139-05-27-2025
PRJ-005030,REQ-005031,Aprovuar,2025-06-13 11:00:00,REF-53174-07-02-2025
PRJ-005031,REQ-005032,Aprovuar,2025-06-19 08:30:00,REF-53159-07-02-2025
PRJ-005032,REQ-005033,Aprovuar,2025-06-15 12:00:00,REF-53118-07-02-2025
PRJ-005033,REQ-005034,Aprovuar,2025-06-07 08:00:00,REF-53091-07-02-2025
PRJ-005034,REQ-005035,Aprovuar,2025-06-06 09:00:00,REF-53145-07-02-2025
PRJ-005036,REQ-005037,Aprovuar,2025-06-24 10:00:00,REF-53050-07-01-2025
PRJ-005037,REQ-005038,Aprovuar,2025-06-07 08:00:00,REF-52988-07-01-2025
PRJ-005038,REQ-005039,Aprovuar,2025-06-13 08:00:00,REF-53014-07-01-2025
PRJ-005039,REQ-005040,Aprovuar,2025-06-06 08:00:00,REF-52978-07-01-2025
PRJ-005040,REQ-005041,Aprovuar,2025-06-17 08:00:00,REF-52968-07-01-2025
PRJ-005042,REQ-005043,Aprovuar,2025-06-19 08:30:00,REF-52914-07-01-2025
PRJ-005043,REQ-005044,Aprovuar,2025-06-19 10:00:00,REF-52958-07-01-2025
PRJ-005046,REQ-005047,Aprovuar,2025-06-02 09:00:00,REF-52863-06-30-2025
PRJ-005048,REQ-005049,Aprovuar,2025-06-09 08:00:00,REF-52702-06-27-2025
PRJ-005050,REQ-005051,Aprovuar,2025-06-23 12:00:00,REF-52674-06-27-2025
PRJ-005051,REQ-005052,Aprovuar,2025-06-25 08:30:00,REF-52709-06-27-2025
PRJ-005053,REQ-005054,Aprovuar,2025-06-18 10:00:00,REF-52694-06-27-2025
PRJ-005054,REQ-005055,Aprovuar,2025-06-04 11:00:00,REF-52557-06-26-2025
PRJ-005056,REQ-005057,Aprovuar,2025-06-03 08:00:00,REF-52586-06-26-2025
PRJ-005057,REQ-005058,Aprovuar,2025-06-13 11:00:00,REF-52532-06-26-2025
PRJ-005058,REQ-005059,Aprovuar,2025-06-18 10:00:00,REF-52468-06-26-2025
PRJ-005059,REQ-005060,Aprovuar,2025-06-17 10:00:00,REF-52506-06-26-2025
PRJ-005060,REQ-005061,Aprovuar,2025-06-17 08:00:00,REF-52401-06-25-2025
PRJ-005061,REQ-005062,Aprovuar,2025-06-08 10:00:00,REF-52330-06-25-2025
PRJ-005062,REQ-005063,Aprovuar,2025-06-07 15:30:00,REF-52446-06-25-2025
PRJ-005063,REQ-005064,Aprovuar,2025-06-10 08:00:00,REF-52433-06-25-2025
PRJ-005064,REQ-005065,Aprovuar,2025-05-28 11:00:00,REF-52393-06-25-2025
PRJ-005065,REQ-005066,Aprovuar,2025-06-03 08:00:00,REF-52317-06-24-2025
PRJ-005066,REQ-005067,Aprovuar,2025-06-02 13:30:00,REF-52257-06-24-2025
PRJ-005067,REQ-005068,Aprovuar,2025-05-29 08:00:00,REF-52178-06-23-2025
PRJ-005068,REQ-005069,Aprovuar,2025-06-04 10:00:00,REF-52107-06-23-2025
PRJ-005069,REQ-005070,Aprovuar,2025-06-06 08:00:00,REF-52077-06-23-2025
PRJ-005070,REQ-005071,Aprovuar,2025-06-07 10:00:00,REF-52051-06-23-2025
PRJ-005071,REQ-005072,Aprovuar,2025-06-15 08:30:00,REF-52166-06-23-2025
PRJ-005073,REQ-005074,Aprovuar,2025-06-06 08:00:00,REF-51813-06-19-2025
PRJ-005074,REQ-005075,Aprovuar,2025-06-15 08:30:00,REF-51962-06-20-2025
PRJ-005075,REQ-005076,Aprovuar,2025-06-03 14:00:00,REF-52006-06-20-2025
PRJ-005076,REQ-005077,Aprovuar,2025-06-09 09:00:00,REF-51807-06-19-2025
PRJ-005077,REQ-005078,Aprovuar,2025-05-31 17:00:00,REF-51879-06-19-2025
PRJ-005078,REQ-005079,Aprovuar,2025-05-30 08:30:00,REF-51815-06-19-2025
PRJ-005088,REQ-005089,Aprovuar,2025-05-31 09:00:00,REF-51749-06-19-2025
PRJ-005091,REQ-005092,Aprovuar,2025-06-13 09:00:00,REF-51552-06-18-2025
PRJ-005092,REQ-005093,Aprovuar,2025-06-11 09:00:00,REF-51499-06-18-2025
PRJ-005096,REQ-005097,Aprovuar,2025-06-03 09:00:00,REF-51504-06-18-2025
PRJ-005097,REQ-005098,Aprovuar,2025-06-06 08:30:00,REF-51690-06-18-2025
PRJ-005098,REQ-005099,Aprovuar,2025-06-10 08:30:00,REF-51686-06-18-2025
PRJ-005099,REQ-005100,Aprovuar,2025-05-24 08:30:00,REF-51688-06-18-2025
PRJ-005103,REQ-005104,Aprovuar,2025-05-29 10:00:00,REF-51485-06-17-2025
PRJ-005104,REQ-005105,Aprovuar,2025-05-26 12:00:00,REF-51489-06-17-2025
PRJ-005105,REQ-005106,Aprovuar,2025-06-05 10:00:00,REF-51456-06-17-2025
PRJ-005106,REQ-005107,Aprovuar,2025-06-03 10:00:00,REF-51337-06-16-2025
PRJ-005107,REQ-005108,Aprovuar,2025-05-24 09:00:00,REF-51329-06-16-2025
PRJ-005108,REQ-005109,Aprovuar,2025-05-21 12:00:00,REF-51257-06-16-2025
PRJ-005109,REQ-005110,Aprovuar,2025-06-10 08:00:00,REF-51224-06-16-2025
PRJ-005111,REQ-005112,Aprovuar,2025-06-05 11:00:00,REF-51088-06-13-2025
PRJ-005112,REQ-005113,Aprovuar,2025-06-01 08:30:00,REF-51120-06-13-2025
PRJ-005113,REQ-005114,Aprovuar,2025-06-11 08:00:00,REF-51151-06-13-2025
PRJ-005114,REQ-005115,Aprovuar,2025-06-01 08:00:00,REF-51146-06-13-2025
PRJ-005115,REQ-005116,Aprovuar,2025-05-20 08:00:00,REF-51078-06-13-2025
PRJ-005116,REQ-005117,Aprovuar,2025-05-27 08:00:00,REF-51148-06-13-2025
PRJ-005117,REQ-005118,Aprovuar,2025-05-31 10:00:00,REF-51137-06-13-2025
PRJ-005121,REQ-005122,Aprovuar,2025-05-22 11:00:00,REF-51037-06-12-2025
PRJ-005122,REQ-005123,Aprovuar,2025-05-22 10:00:00,REF-50989-06-12-2025
PRJ-005123,REQ-005124,Aprovuar,2025-05-14 10:00:00,REF-50821-06-11-2025
PRJ-005124,REQ-005125,Aprovuar,2025-06-01 08:00:00,REF-50782-06-11-2025
PRJ-005125,REQ-005126,Aprovuar,2025-06-07 09:00:00,REF-50758-06-11-2025
PRJ-005126,REQ-005127,Aprovuar,2025-05-28 10:00:00,REF-50834-06-11-2025
PRJ-005127,REQ-005128,Aprovuar,2025-05-26 15:30:00,REF-50752-06-11-2025
PRJ-005128,REQ-005129,Aprovuar,2025-05-27 08:00:00,REF-50787-06-11-2025
PRJ-005129,REQ-005130,Aprovuar,2025-05-15 12:00:00,REF-50683-06-10-2025
PRJ-005130,REQ-005131,Aprovuar,2025-06-05 11:00:00,REF-50660-06-10-2025
PRJ-005131,REQ-005132,Aprovuar,2025-05-27 08:00:00,REF-50640-06-10-2025
PRJ-005132,REQ-005133,Aprovuar,2025-05-29 08:00:00,REF-50441-06-09-2025
PRJ-005133,REQ-005134,Aprovuar,2025-06-04 10:00:00,REF-50574-06-10-2025
PRJ-005134,REQ-005135,Aprovuar,2025-05-31 10:00:00,REF-50594-06-10-2025
PRJ-005135,REQ-005136,Aprovuar,2025-05-27 08:30:00,REF-50705-06-10-2025
PRJ-005136,REQ-005137,Aprovuar,2025-05-27 08:30:00,REF-50610-06-10-2025
PRJ-005138,REQ-005139,Aprovuar,2025-06-01 09:00:00,REF-50525-06-09-2025
PRJ-005139,REQ-005140,Aprovuar,2025-05-25 08:00:00,REF-50466-06-09-2025
PRJ-005143,REQ-005144,Aprovuar,2025-05-20 09:00:00,REF-50350-06-05-2025
PRJ-005145,REQ-005146,Aprovuar,2025-05-26 10:00:00,REF-50209-06-04-2025
PRJ-005146,REQ-005147,Aprovuar,2025-05-15 08:00:00,REF-50253-06-04-2025
PRJ-005147,REQ-005148,Aprovuar,2025-05-20 10:00:00,REF-50229-06-04-2025
PRJ-005149,REQ-005150,Aprovuar,2025-05-20 09:00:00,REF-50101-06-03-2025
PRJ-005150,REQ-005151,Aprovuar,2025-05-19 11:30:00,REF-50068-06-03-2025
PRJ-005151,REQ-005152,Aprovuar,2025-05-21 09:00:00,REF-50052-06-03-2025
PRJ-005152,REQ-005153,Aprovuar,2025-05-09 08:00:00,REF-50039-06-03-2025
PRJ-005153,REQ-005154,Aprovuar,2025-05-17 08:30:00,REF-50075-06-03-2025
PRJ-005154,REQ-005155,Aprovuar,2025-05-06 08:30:00,REF-50067-06-03-2025
PRJ-005155,REQ-005156,Aprovuar,2025-05-20 08:30:00,REF-50072-06-03-2025
PRJ-005156,REQ-005157,Aprovuar,2025-05-15 00:00:00,REF-49864-06-02-2025
PRJ-005158,REQ-005159,Aprovuar,2025-05-08 08:00:00,REF-49906-06-02-2025
PRJ-005160,REQ-005161,Aprovuar,2025-05-10 09:00:00,REF-49627-05-30-2025
PRJ-005162,REQ-005163,Aprovuar,2025-05-26 12:00:00,REF-49635-05-30-2025
PRJ-005164,REQ-005165,Aprovuar,2025-05-25 12:00:00,REF-49521-05-29-2025
PRJ-005166,REQ-005167,Aprovuar,2025-05-11 10:00:00,REF-49478-05-29-2025
PRJ-005167,REQ-005168,Aprovuar,2025-05-04 10:00:00,REF-49470-05-29-2025
PRJ-005168,REQ-005169,Aprovuar,2025-05-10 10:00:00,REF-49407-05-28-2025
PRJ-005171,REQ-005172,Aprovuar,2025-05-12 08:00:00,REF-49358-05-28-2025
PRJ-005172,REQ-005173,Aprovuar,2025-04-30 08:00:00,REF-49268-05-28-2025
PRJ-005173,REQ-005174,Aprovuar,2025-05-13 08:00:00,REF-49262-05-28-2025
PRJ-005174,REQ-005175,Aprovuar,2025-05-22 08:00:00,REF-49265-05-28-2025
PRJ-005176,REQ-005177,Aprovuar,2025-05-13 10:00:00,REF-49227-05-27-2025
PRJ-005177,REQ-005178,Aprovuar,2025-05-18 08:00:00,REF-49204-05-27-2025
PRJ-005184,REQ-005185,Aprovuar,2025-04-30 09:00:00,REF-49097-05-27-2025
PRJ-005191,REQ-005192,Aprovuar,2025-05-06 12:00:00,REF-48996-05-26-2025
PRJ-005192,REQ-005193,Aprovuar,2025-05-21 08:00:00,REF-48927-05-26-2025
PRJ-005193,REQ-005194,Aprovuar,2025-05-01 08:00:00,REF-48963-05-26-2025
PRJ-005194,REQ-005195,Aprovuar,2025-05-20 08:00:00,REF-49032-05-26-2025
PRJ-005196,REQ-005197,Aprovuar,2025-05-08 12:00:00,REF-48863-05-23-2025
PRJ-005197,REQ-005198,Aprovuar,2025-05-14 09:00:00,REF-48817-05-23-2025
PRJ-005199,REQ-005200,Aprovuar,2025-05-17 08:00:00,REF-48808-05-23-2025
PRJ-005200,REQ-005201,Aprovuar,2025-05-06 08:00:00,REF-48799-05-23-2025
PRJ-005201,REQ-005202,Aprovuar,2025-05-07 08:00:00,REF-48806-05-23-2025
PRJ-005202,REQ-005203,Aprovuar,2025-05-06 08:30:00,REF-48881-05-23-2025
PRJ-005204,REQ-005205,Aprovuar,2025-05-15 09:00:00,REF-48384-05-20-2025
PRJ-005205,REQ-005206,Aprovuar,2025-04-28 09:00:00,REF-48784-05-23-2025
PRJ-005206,REQ-005207,Aprovuar,2025-04-26 13:30:00,REF-48746-05-22-2025
PRJ-005207,REQ-005208,Aprovuar,2025-05-17 11:00:00,REF-48747-05-22-2025
PRJ-005208,REQ-005209,Aprovuar,2025-05-08 10:00:00,REF-48735-05-22-2025
PRJ-005209,REQ-005210,Aprovuar,2025-05-15 00:00:00,REF-47959-05-15-2025
PRJ-005210,REQ-005211,Aprovuar,2025-05-04 00:00:00,REF-48624-05-22-2025
PRJ-005212,REQ-005213,Aprovuar,2025-04-30 10:00:00,REF-48573-05-21-2025
PRJ-005213,REQ-005214,Aprovuar,2025-05-02 15:30:00,REF-48571-05-21-2025
PRJ-005214,REQ-005215,Aprovuar,2025-04-29 09:00:00,REF-48568-05-21-2025
PRJ-005215,REQ-005216,Aprovuar,2025-04-24 09:00:00,REF-48585-05-21-2025
PRJ-005219,REQ-005220,Aprovuar,2025-05-16 09:00:00,REF-48336-05-20-2025
PRJ-005220,REQ-005221,Aprovuar,2025-05-11 09:00:00,REF-48344-05-20-2025
PRJ-005222,REQ-005223,Aprovuar,2025-05-08 08:00:00,REF-48289-05-20-2025
PRJ-005223,REQ-005224,Aprovuar,2025-05-14 08:30:00,REF-48376-05-20-2025
PRJ-005228,REQ-005229,Aprovuar,2025-05-05 08:00:00,REF-48197-05-19-2025
PRJ-005229,REQ-005230,Aprovuar,2025-04-24 08:30:00,REF-48131-05-19-2025
PRJ-005232,REQ-005233,Aprovuar,2025-05-07 12:00:00,REF-47866-05-14-2025
PRJ-005233,REQ-005234,Aprovuar,2025-04-21 12:00:00,REF-47812-05-14-2025
PRJ-005234,REQ-005235,Aprovuar,2025-05-05 11:00:00,REF-47981-05-16-2025
PRJ-005238,REQ-005239,Aprovuar,2025-04-20 12:00:00,REF-47642-05-13-2025
PRJ-005242,REQ-005243,Aprovuar,2025-04-24 08:00:00,REF-47518-05-12-2025
PRJ-005243,REQ-005244,Aprovuar,2025-04-22 11:00:00,REF-47459-05-09-2025
PRJ-005244,REQ-005245,Aprovuar,2025-04-28 08:30:00,REF-47485-05-09-2025
PRJ-005245,REQ-005246,Aprovuar,2025-04-28 08:00:00,REF-47110-05-06-2025
PRJ-005246,REQ-005247,Aprovuar,2025-05-07 10:00:00,REF-47484-05-09-2025
PRJ-005247,REQ-005248,Aprovuar,2025-04-12 09:00:00,REF-47392-05-08-2025
PRJ-005248,REQ-005249,Aprovuar,2025-04-30 09:00:00,REF-47378-05-08-2025
PRJ-005250,REQ-005251,Aprovuar,2025-04-16 09:00:00,REF-47272-05-07-2025
PRJ-005251,REQ-005252,Aprovuar,2025-04-17 09:00:00,REF-47275-05-07-2025
PRJ-005252,REQ-005253,Aprovuar,2025-04-21 08:00:00,REF-47249-05-07-2025
PRJ-005253,REQ-005254,Aprovuar,2025-04-16 11:00:00,REF-47126-05-06-2025
PRJ-005254,REQ-005255,Aprovuar,2025-04-25 08:00:00,REF-47129-05-06-2025
PRJ-005257,REQ-005258,Aprovuar,2025-04-30 12:30:00,REF-46938-05-05-2025
PRJ-005262,REQ-005263,Aprovuar,2025-04-25 09:00:00,REF-46826-05-04-2025
PRJ-005266,REQ-005267,Aprovuar,2025-04-03 09:00:00,REF-46707-05-01-2025
PRJ-005267,REQ-005268,Aprovuar,2025-04-06 08:00:00,REF-46699-04-30-2025
PRJ-005268,REQ-005269,Aprovuar,2025-04-24 08:00:00,REF-46697-04-30-2025
PRJ-005269,REQ-005270,Aprovuar,2025-04-22 08:00:00,REF-46695-04-30-2025
PRJ-005270,REQ-005271,Aprovuar,2025-04-24 08:00:00,REF-46690-04-30-2025
PRJ-005271,REQ-005272,Aprovuar,2025-04-09 08:00:00,REF-46693-04-30-2025
PRJ-005272,REQ-005273,Aprovuar,2025-04-15 09:00:00,REF-46659-04-30-2025
PRJ-005273,REQ-005274,Aprovuar,2025-04-10 09:00:00,REF-46557-04-29-2025
PRJ-005274,REQ-005275,Aprovuar,2025-04-05 08:00:00,REF-46489-04-29-2025
PRJ-005275,REQ-005276,Aprovuar,2025-04-24 09:00:00,REF-46410-04-29-2025
PRJ-005276,REQ-005277,Aprovuar,2025-04-18 10:00:00,REF-46485-04-29-2025
PRJ-005278,REQ-005279,Aprovuar,2025-04-18 08:00:00,REF-46505-04-29-2025
PRJ-005279,REQ-005280,Aprovuar,2025-04-18 08:00:00,REF-46502-04-29-2025
PRJ-005280,REQ-005281,Aprovuar,2025-04-10 08:00:00,REF-46498-04-29-2025
PRJ-005281,REQ-005282,Aprovuar,2025-03-31 08:30:00,REF-46377-04-28-2025
PRJ-005282,REQ-005283,Aprovuar,2025-03-31 08:00:00,REF-46353-04-28-2025
PRJ-005283,REQ-005284,Aprovuar,2025-04-14 08:00:00,REF-46383-04-28-2025
PRJ-005285,REQ-005286,Aprovuar,2025-04-18 10:00:00,REF-45440-04-17-2025
PRJ-005286,REQ-005287,Aprovuar,2025-04-18 09:00:00,REF-46143-04-25-2025
PRJ-005287,REQ-005288,Aprovuar,2025-04-19 10:00:00,REF-46102-04-25-2025
PRJ-005288,REQ-005289,Aprovuar,2025-04-13 13:00:00,REF-46112-04-25-2025
PRJ-005289,REQ-005290,Aprovuar,2025-04-16 10:00:00,REF-46153-04-25-2025
PRJ-005290,REQ-005291,Aprovuar,2025-04-01 10:00:00,REF-46144-04-25-2025
PRJ-005292,REQ-005293,Aprovuar,2025-04-16 10:00:00,REF-46140-04-25-2025
PRJ-005295,REQ-005296,Aprovuar,2025-04-03 11:00:00,REF-46004-04-24-2025
PRJ-005296,REQ-005297,Aprovuar,2025-04-06 15:00:00,REF-46057-04-24-2025
PRJ-005298,REQ-005299,Aprovuar,2025-04-18 08:00:00,REF-45805-04-23-2025
PRJ-005299,REQ-005300,Aprovuar,2025-04-01 13:00:00,REF-45857-04-23-2025
PRJ-005301,REQ-005302,Aprovuar,2025-03-28 08:00:00,REF-45788-04-22-2025
PRJ-005302,REQ-005303,Aprovuar,2025-04-18 08:00:00,REF-45792-04-22-2025
PRJ-005303,REQ-005304,Aprovuar,2025-04-18 08:00:00,REF-45780-04-22-2025
PRJ-005304,REQ-005305,Aprovuar,2025-04-14 08:00:00,REF-45784-04-22-2025
PRJ-005305,REQ-005306,Aprovuar,2025-04-18 08:00:00,REF-45786-04-22-2025
PRJ-005306,REQ-005307,Aprovuar,2025-03-29 08:00:00,REF-45790-04-22-2025
PRJ-005307,REQ-005308,Aprovuar,2025-04-12 08:00:00,REF-45778-04-22-2025
PRJ-005308,REQ-005309,Aprovuar,2025-04-14 08:00:00,REF-45753-04-22-2025
PRJ-005309,REQ-005310,Aprovuar,2025-03-27 09:00:00,REF-45628-04-22-2025
PRJ-005311,REQ-005312,Aprovuar,2025-04-14 09:00:00,REF-45606-04-18-2025
PRJ-005312,REQ-005313,Aprovuar,2025-03-29 08:00:00,REF-45596-04-18-2025
PRJ-005313,REQ-005314,Aprovuar,2025-03-29 12:00:00,REF-45603-04-18-2025
PRJ-005316,REQ-005317,Aprovuar,2025-04-12 10:00:00,REF-45511-04-17-2025
PRJ-005318,REQ-005319,Aprovuar,2025-03-23 10:00:00,REF-45371-04-16-2025
PRJ-005319,REQ-005320,Aprovuar,2025-04-04 10:00:00,REF-45373-04-16-2025
PRJ-005320,REQ-005321,Aprovuar,2025-03-28 10:00:00,REF-45375-04-16-2025
PRJ-005321,REQ-005322,Aprovuar,2025-03-26 10:00:00,REF-45377-04-16-2025
PRJ-005322,REQ-005323,Aprovuar,2025-04-04 10:00:00,REF-45379-04-16-2025
PRJ-005323,REQ-005324,Aprovuar,2025-03-20 10:00:00,REF-45381-04-16-2025
PRJ-005324,REQ-005325,Aprovuar,2025-03-27 10:00:00,REF-45383-04-16-2025
PRJ-005325,REQ-005326,Aprovuar,2025-03-26 10:00:00,REF-45385-04-16-2025
PRJ-005326,REQ-005327,Aprovuar,2025-03-22 10:00:00,REF-45387-04-16-2025
PRJ-005327,REQ-005328,Aprovuar,2025-03-25 10:00:00,REF-45369-04-16-2025
PRJ-005328,REQ-005329,Aprovuar,2025-04-06 10:00:00,REF-45389-04-16-2025
PRJ-005329,REQ-005330,Aprovuar,2025-04-08 10:00:00,REF-45309-04-16-2025
PRJ-005330,REQ-005331,Aprovuar,2025-03-27 09:00:00,REF-45211-04-16-2025
PRJ-005332,REQ-005333,Aprovuar,2025-04-05 08:00:00,REF-45188-04-16-2025
PRJ-005334,REQ-005335,Aprovuar,2025-04-09 08:00:00,REF-45053-04-15-2025
PRJ-005336,REQ-005337,Aprovuar,2025-04-04 08:30:00,REF-45063-04-15-2025
PRJ-005338,REQ-005339,Aprovuar,2025-04-01 12:00:00,REF-44820-04-11-2025
PRJ-005339,REQ-005340,Aprovuar,2025-03-19 08:00:00,REF-44989-04-14-2025
PRJ-005341,REQ-005342,Aprovuar,2025-04-06 08:00:00,REF-44759-04-11-2025
PRJ-005352,REQ-005353,Aprovuar,2025-04-04 09:30:00,REF-44619-04-10-2025
PRJ-005353,REQ-005354,Aprovuar,2025-03-15 09:30:00,REF-44615-04-10-2025
PRJ-005359,REQ-005360,Aprovuar,2025-03-15 10:00:00,REF-43851-04-07-2025
PRJ-005360,REQ-005361,Aprovuar,2025-03-21 12:00:00,REF-44466-04-10-2025
PRJ-005361,REQ-005362,Aprovuar,2025-03-13 09:00:00,REF-44384-04-09-2025
PRJ-005362,REQ-005363,Aprovuar,2025-03-31 09:00:00,REF-44649-04-10-2025
PRJ-005363,REQ-005364,Aprovuar,2025-03-22 16:00:00,REF-44679-04-10-2025
PRJ-005365,REQ-005366,Aprovuar,2025-03-25 08:30:00,REF-44477-04-10-2025
PRJ-005373,REQ-005374,Aprovuar,2025-04-01 10:00:00,REF-44337-04-09-2025
PRJ-005376,REQ-005377,Aprovuar,2025-03-20 08:00:00,REF-44289-04-09-2025
PRJ-005377,REQ-005378,Aprovuar,2025-03-19 08:00:00,REF-44292-04-09-2025
PRJ-005379,REQ-005380,Aprovuar,2025-04-03 11:00:00,REF-44210-04-08-2025
PRJ-005380,REQ-005381,Aprovuar,2025-03-20 13:00:00,REF-44144-04-08-2025
PRJ-005381,REQ-005382,Aprovuar,2025-03-25 10:00:00,REF-43982-04-08-2025
PRJ-005384,REQ-005385,Aprovuar,2025-04-01 08:00:00,REF-44148-04-08-2025
PRJ-005386,REQ-005387,Aprovuar,2025-03-13 10:00:00,REF-43956-04-07-2025
PRJ-005387,REQ-005388,Aprovuar,2025-03-12 10:00:00,REF-43953-04-07-2025
PRJ-005389,REQ-005390,Aprovuar,2025-03-18 11:30:00,REF-43912-04-07-2025
PRJ-005390,REQ-005391,Aprovuar,2025-03-22 11:00:00,REF-43801-04-07-2025
PRJ-005392,REQ-005393,Aprovuar,2025-03-15 09:00:00,REF-43715-04-04-2025
PRJ-005395,REQ-005396,Aprovuar,2025-03-24 09:00:00,REF-43773-04-04-2025
PRJ-005397,REQ-005398,Aprovuar,2025-03-30 08:00:00,REF-43779-04-04-2025
PRJ-005398,REQ-005399,Aprovuar,2025-03-25 10:00:00,REF-43737-04-04-2025
PRJ-005399,REQ-005400,Aprovuar,2025-03-28 10:00:00,REF-43724-04-04-2025
PRJ-005400,REQ-005401,Aprovuar,2025-03-10 10:00:00,REF-43735-04-04-2025
PRJ-005404,REQ-005405,Aprovuar,2025-03-24 09:00:00,REF-43538-04-03-2025
PRJ-005405,REQ-005406,Aprovuar,2025-03-24 08:00:00,REF-43329-04-03-2025
PRJ-005406,REQ-005407,Aprovuar,2025-03-23 08:00:00,REF-43294-04-02-2025
PRJ-005407,REQ-005408,Aprovuar,2025-03-09 10:00:00,REF-43216-04-02-2025
PRJ-005409,REQ-005410,Aprovuar,2025-03-25 09:00:00,REF-43293-04-02-2025
PRJ-005410,REQ-005411,Aprovuar,2025-03-29 12:00:00,REF-43243-04-02-2025
PRJ-005414,REQ-005415,Aprovuar,2025-03-14 11:00:00,REF-43127-04-01-2025
PRJ-005492,REQ-005493,Aprovuar,2025-03-27 09:00:00,REF-42746-03-28-2025
PRJ-005495,REQ-005496,Aprovuar,2025-03-11 09:00:00,REF-42988-03-31-2025
PRJ-005498,REQ-005499,Aprovuar,2025-03-22 10:00:00,REF-42959-03-28-2025
PRJ-005501,REQ-005502,Aprovuar,2025-03-21 10:00:00,REF-42718-03-27-2025
PRJ-005502,REQ-005503,Aprovuar,2025-03-02 10:00:00,REF-42645-03-27-2025
PRJ-005503,REQ-005504,Aprovuar,2025-03-14 09:00:00,REF-42712-03-27-2025
PRJ-005504,REQ-005505,Aprovuar,2025-03-11 10:00:00,REF-42713-03-27-2025
PRJ-005505,REQ-005506,Aprovuar,2025-03-16 15:00:00,REF-42697-03-27-2025
PRJ-005506,REQ-005507,Aprovuar,2025-03-09 08:00:00,REF-42679-03-27-2025
PRJ-005507,REQ-005508,Aprovuar,2025-03-22 10:00:00,REF-42512-03-26-2025
PRJ-005508,REQ-005509,Aprovuar,2025-03-22 10:00:00,REF-42563-03-26-2025
PRJ-005509,REQ-005510,Aprovuar,2025-03-21 10:00:00,REF-42465-03-26-2025
PRJ-005510,REQ-005511,Aprovuar,2025-02-28 08:00:00,REF-42481-03-26-2025
PRJ-005512,REQ-005513,Aprovuar,2025-03-18 14:00:00,REF-42354-03-25-2025
PRJ-005513,REQ-005514,Aprovuar,2025-03-06 08:00:00,REF-42328-03-25-2025
PRJ-005514,REQ-005515,Aprovuar,2025-03-01 08:00:00,REF-42306-03-25-2025
PRJ-005515,REQ-005516,Aprovuar,2025-03-09 10:00:00,REF-42388-03-25-2025
PRJ-005517,REQ-005518,Aprovuar,2025-03-05 09:00:00,REF-42175-03-21-2025
PRJ-005519,REQ-005520,Aprovuar,2025-02-20 08:00:00,REF-42020-03-20-2025
PRJ-005520,REQ-005521,Aprovuar,2025-03-13 10:00:00,REF-42107-03-20-2025
PRJ-005521,REQ-005522,Aprovuar,2025-03-15 08:00:00,REF-41836-03-20-2025
PRJ-005522,REQ-005523,Aprovuar,2025-03-07 08:30:00,REF-42013-03-20-2025
PRJ-005524,REQ-005525,Aprovuar,2025-02-20 08:00:00,REF-41750-03-19-2025
PRJ-005525,REQ-005526,Aprovuar,2025-02-26 10:00:00,REF-41637-03-19-2025
PRJ-005526,REQ-005527,Aprovuar,2025-03-13 08:00:00,REF-41717-03-19-2025
PRJ-005533,REQ-005534,Aprovuar,2025-02-19 09:30:00,REF-41666-03-19-2025
PRJ-005535,REQ-005536,Aprovuar,2025-03-02 08:30:00,REF-41483-03-18-2025
PRJ-005536,REQ-005537,Aprovuar,2025-03-12 15:00:00,REF-41528-03-18-2025
PRJ-005537,REQ-005538,Aprovuar,2025-02-21 08:00:00,REF-41494-03-18-2025
PRJ-005539,REQ-005540,Aprovuar,2025-03-01 08:00:00,REF-41391-03-17-2025
PRJ-005540,REQ-005541,Aprovuar,2025-03-08 08:00:00,REF-41393-03-17-2025
PRJ-005542,REQ-005543,Aprovuar,2025-03-09 08:00:00,REF-41084-03-13-2025
PRJ-005543,REQ-005544,Aprovuar,2025-03-04 08:00:00,REF-41123-03-13-2025
PRJ-005545,REQ-005546,Aprovuar,2025-02-17 10:00:00,REF-41138-03-13-2025
PRJ-005546,REQ-005547,Aprovuar,2025-02-24 16:00:00,REF-40889-03-12-2025
PRJ-005554,REQ-005555,Aprovuar,2025-03-08 10:00:00,REF-40914-03-12-2025
PRJ-005557,REQ-005558,Aprovuar,2025-03-01 10:00:00,REF-40919-03-12-2025
PRJ-005558,REQ-005559,Aprovuar,2025-03-04 10:00:00,REF-40923-03-12-2025
PRJ-005559,REQ-005560,Aprovuar,2025-03-01 10:00:00,REF-40921-03-12-2025
PRJ-005560,REQ-005561,Aprovuar,2025-02-14 10:00:00,REF-40916-03-12-2025
PRJ-005561,REQ-005562,Aprovuar,2025-03-08 10:00:00,REF-40910-03-12-2025
PRJ-005563,REQ-005564,Aprovuar,2025-02-15 14:00:00,REF-40880-03-12-2025
PRJ-005564,REQ-005565,Aprovuar,2025-02-23 14:00:00,REF-40887-03-12-2025
PRJ-005565,REQ-005566,Aprovuar,2025-03-08 14:00:00,REF-40876-03-12-2025
PRJ-005566,REQ-005567,Aprovuar,2025-03-04 14:00:00,REF-40882-03-12-2025
PRJ-005567,REQ-005568,Aprovuar,2025-02-25 14:00:00,REF-40874-03-12-2025
PRJ-005568,REQ-005569,Aprovuar,2025-02-17 14:00:00,REF-40884-03-12-2025
PRJ-005569,REQ-005570,Aprovuar,2025-02-18 14:00:00,REF-40890-03-12-2025
PRJ-005570,REQ-005571,Aprovuar,2025-02-28 14:00:00,REF-40871-03-12-2025
PRJ-005571,REQ-005572,Aprovuar,2025-02-19 14:00:00,REF-40869-03-12-2025
PRJ-005572,REQ-005573,Aprovuar,2025-02-14 14:00:00,REF-40892-03-12-2025
PRJ-005573,REQ-005574,Aprovuar,2025-02-19 14:00:00,REF-40894-03-12-2025
PRJ-005574,REQ-005575,Aprovuar,2025-02-21 14:00:00,REF-40866-03-12-2025
PRJ-005575,REQ-005576,Aprovuar,2025-02-24 14:00:00,REF-40897-03-12-2025
PRJ-005576,REQ-005577,Aprovuar,2025-03-02 14:00:00,REF-40863-03-12-2025
PRJ-005577,REQ-005578,Aprovuar,2025-02-13 14:00:00,REF-40861-03-12-2025
PRJ-005578,REQ-005579,Aprovuar,2025-02-21 14:00:00,REF-40856-03-12-2025
PRJ-005579,REQ-005580,Aprovuar,2025-02-18 14:00:00,REF-40849-03-12-2025
PRJ-005580,REQ-005581,Aprovuar,2025-02-12 14:00:00,REF-40854-03-12-2025
PRJ-005583,REQ-005584,Aprovuar,2025-02-13 08:00:00,REF-40729-03-11-2025
PRJ-005584,REQ-005585,Aprovuar,2025-03-07 12:00:00,REF-40792-03-11-2025
PRJ-005585,REQ-005586,Aprovuar,2025-03-07 12:00:00,REF-40782-03-11-2025
PRJ-005586,REQ-005587,Aprovuar,2025-03-04 12:00:00,REF-40788-03-11-2025
PRJ-005587,REQ-005588,Aprovuar,2025-02-12 08:00:00,REF-40824-03-11-2025
PRJ-005588,REQ-005589,Aprovuar,2025-03-06 11:00:00,REF-40798-03-11-2025
PRJ-005589,REQ-005590,Aprovuar,2025-02-23 11:00:00,REF-40763-03-11-2025
PRJ-005590,REQ-005591,Aprovuar,2025-03-01 11:00:00,REF-40796-03-11-2025
PRJ-005591,REQ-005592,Aprovuar,2025-03-01 09:00:00,REF-40542-03-10-2025
PRJ-005592,REQ-005593,Aprovuar,2025-02-16 09:00:00,REF-40571-03-10-2025
PRJ-005594,REQ-005595,Aprovuar,2025-02-23 08:00:00,REF-40467-03-07-2025
PRJ-005596,REQ-005597,Aprovuar,2025-02-19 08:00:00,REF-40455-03-07-2025
PRJ-005598,REQ-005599,Aprovuar,2025-02-17 08:30:00,REF-40433-03-07-2025
PRJ-005599,REQ-005600,Aprovuar,2025-02-15 08:00:00,REF-40425-03-06-2025
PRJ-005600,REQ-005601,Aprovuar,2025-02-26 08:00:00,REF-40333-03-06-2025
PRJ-005601,REQ-005602,Aprovuar,2025-02-26 11:00:00,REF-40263-03-06-2025
PRJ-005602,REQ-005603,Aprovuar,2025-02-27 12:00:00,REF-40422-03-06-2025
PRJ-005603,REQ-005604,Aprovuar,2025-02-15 09:00:00,REF-40283-03-06-2025
PRJ-005604,REQ-005605,Aprovuar,2025-02-27 10:00:00,REF-40332-03-06-2025
PRJ-005606,REQ-005607,Aprovuar,2025-03-02 10:00:00,REF-40426-03-06-2025
PRJ-005609,REQ-005610,Aprovuar,2025-02-07 08:30:00,REF-40015-03-05-2025
PRJ-005610,REQ-005611,Aprovuar,2025-02-21 09:00:00,REF-39953-03-05-2025
PRJ-005611,REQ-005612,Aprovuar,2025-02-27 08:00:00,REF-40254-03-05-2025
PRJ-005635,REQ-005636,Aprovuar,2025-02-25 08:00:00,REF-40204-03-05-2025
PRJ-005640,REQ-005641,Aprovuar,2025-02-17 08:00:00,REF-40188-03-05-2025
PRJ-005641,REQ-005642,Aprovuar,2025-02-13 08:00:00,REF-40186-03-05-2025
PRJ-005703,REQ-005704,Aprovuar,2025-02-15 08:00:00,REF-40044-03-05-2025
PRJ-005704,REQ-005705,Aprovuar,2025-02-13 10:10:00,REF-40033-03-05-2025
PRJ-005705,REQ-005706,Aprovuar,2025-02-13 09:00:00,REF-40016-03-05-2025
PRJ-005706,REQ-005707,Aprovuar,2025-02-27 10:00:00,REF-39863-03-04-2025
PRJ-005707,REQ-005708,Aprovuar,2025-02-25 11:00:00,REF-39845-03-04-2025
PRJ-005708,REQ-005709,Aprovuar,2025-02-21 10:00:00,REF-39905-03-04-2025
PRJ-005709,REQ-005710,Aprovuar,2025-02-06 11:00:00,REF-39867-03-04-2025
PRJ-005710,REQ-005711,Aprovuar,2025-02-07 09:00:00,REF-39853-03-04-2025
PRJ-005711,REQ-005712,Aprovuar,2025-02-24 15:00:00,REF-39838-03-04-2025
PRJ-005713,REQ-005714,Aprovuar,2025-02-22 08:00:00,REF-39774-03-03-2025
PRJ-005714,REQ-005715,Aprovuar,2025-02-03 08:30:00,REF-39713-03-03-2025
PRJ-005716,REQ-005717,Aprovuar,2025-02-11 10:00:00,REF-39643-02-28-2025
PRJ-005717,REQ-005718,Aprovuar,2025-02-14 09:00:00,REF-39603-02-28-2025
PRJ-005718,REQ-005719,Aprovuar,2025-02-13 08:30:00,REF-39612-02-28-2025
PRJ-005719,REQ-005720,Aprovuar,2025-02-03 14:00:00,REF-39537-02-27-2025
PRJ-005722,REQ-005723,Aprovuar,2025-02-16 08:00:00,REF-39523-02-27-2025
PRJ-005725,REQ-005726,Aprovuar,2025-02-16 09:00:00,REF-39345-02-26-2025
PRJ-005726,REQ-005727,Aprovuar,2025-02-12 09:00:00,REF-39304-02-26-2025
PRJ-005727,REQ-005728,Aprovuar,2025-02-21 09:00:00,REF-39279-02-26-2025
PRJ-005730,REQ-005731,Aprovuar,2025-02-12 08:00:00,REF-39256-02-25-2025
PRJ-005731,REQ-005732,Aprovuar,2025-02-11 09:00:00,REF-39137-02-24-2025
PRJ-005732,REQ-005733,Aprovuar,2025-02-03 09:00:00,REF-38984-02-24-2025
PRJ-005733,REQ-005734,Aprovuar,2025-01-30 08:00:00,REF-38981-02-24-2025
PRJ-005734,REQ-005735,Aprovuar,2025-02-05 09:00:00,REF-38939-02-21-2025
PRJ-005736,REQ-005737,Aprovuar,2025-02-20 10:00:00,REF-39122-02-24-2025
PRJ-005737,REQ-005738,Aprovuar,2025-01-27 08:00:00,REF-39063-02-24-2025
PRJ-005738,REQ-005739,Aprovuar,2025-02-02 08:00:00,REF-39019-02-24-2025
PRJ-005739,REQ-005740,Aprovuar,2025-02-18 09:00:00,REF-38924-02-21-2025
PRJ-005740,REQ-005741,Aprovuar,2025-02-07 09:00:00,REF-38887-02-21-2025
PRJ-005741,REQ-005742,Aprovuar,2025-01-31 14:00:00,REF-38807-02-20-2025
PRJ-005756,REQ-005757,Aprovuar,2025-02-09 09:00:00,REF-38570-02-19-2025
PRJ-005757,REQ-005758,Aprovuar,2025-02-13 12:00:00,REF-38692-02-19-2025
PRJ-005758,REQ-005759,Aprovuar,2025-02-03 12:00:00,REF-38690-02-19-2025
PRJ-005759,REQ-005760,Aprovuar,2025-01-24 12:00:00,REF-38686-02-19-2025
PRJ-005760,REQ-005761,Aprovuar,2025-02-03 12:00:00,REF-38688-02-19-2025
PRJ-005761,REQ-005762,Aprovuar,2025-02-06 12:00:00,REF-38698-02-19-2025
PRJ-005762,REQ-005763,Aprovuar,2025-02-09 12:00:00,REF-38700-02-19-2025
PRJ-005763,REQ-005764,Aprovuar,2025-01-31 12:00:00,REF-38694-02-19-2025
PRJ-005764,REQ-005765,Aprovuar,2025-01-23 12:00:00,REF-38684-02-19-2025
PRJ-005765,REQ-005766,Aprovuar,2025-01-28 08:00:00,REF-38683-02-19-2025
PRJ-005766,REQ-005767,Aprovuar,2025-02-01 08:00:00,REF-38681-02-19-2025
PRJ-005767,REQ-005768,Aprovuar,2025-02-05 08:00:00,REF-38675-02-19-2025
PRJ-005768,REQ-005769,Aprovuar,2025-01-27 10:00:00,REF-38469-02-19-2025
PRJ-005769,REQ-005770,Aprovuar,2025-02-06 08:00:00,REF-38674-02-19-2025
PRJ-005770,REQ-005771,Aprovuar,2025-02-04 08:00:00,REF-38670-02-19-2025
PRJ-005771,REQ-005772,Aprovuar,2025-02-11 08:00:00,REF-38672-02-19-2025
PRJ-005772,REQ-005773,Aprovuar,2025-02-02 08:00:00,REF-38668-02-19-2025
PRJ-005773,REQ-005774,Aprovuar,2025-02-11 08:00:00,REF-38546-02-19-2025
PRJ-005774,REQ-005775,Aprovuar,2025-02-06 09:00:00,REF-38590-02-19-2025
PRJ-005779,REQ-005780,Aprovuar,2025-01-29 10:00:00,REF-38434-02-18-2025
PRJ-005780,REQ-005781,Aprovuar,2025-01-23 08:00:00,REF-38430-02-18-2025
PRJ-005781,REQ-005782,Aprovuar,2025-01-23 10:00:00,REF-38308-02-17-2025
PRJ-005782,REQ-005783,Aprovuar,2025-01-28 09:00:00,REF-38274-02-17-2025
PRJ-005784,REQ-005785,Aprovuar,2025-02-07 08:00:00,REF-38087-02-14-2025
PRJ-005785,REQ-005786,Aprovuar,2025-01-30 08:00:00,REF-38105-02-14-2025
PRJ-005787,REQ-005788,Aprovuar,2025-01-28 09:00:00,REF-37882-02-12-2025
PRJ-005788,REQ-005789,Aprovuar,2025-02-04 16:00:00,REF-37920-02-12-2025
PRJ-005789,REQ-005790,Aprovuar,2025-01-21 09:00:00,REF-37912-02-12-2025
PRJ-005790,REQ-005791,Aprovuar,2025-01-25 10:00:00,REF-37861-02-12-2025
PRJ-005863,REQ-005864,Aprovuar,2025-01-28 10:00:00,REF-37618-02-11-2025
PRJ-005865,REQ-005866,Aprovuar,2025-01-17 08:00:00,REF-37303-02-10-2025
PRJ-005866,REQ-005867,Aprovuar,2025-01-23 11:00:00,REF-37550-02-10-2025
PRJ-005867,REQ-005868,Aprovuar,2025-01-28 10:00:00,REF-37544-02-10-2025
PRJ-005868,REQ-005869,Aprovuar,2025-01-20 09:00:00,REF-37306-02-10-2025
PRJ-005869,REQ-005870,Aprovuar,2025-01-14 10:00:00,REF-37084-02-07-2025
PRJ-005870,REQ-005871,Aprovuar,2025-01-21 09:00:00,REF-37081-02-07-2025
PRJ-005871,REQ-005872,Aprovuar,2025-02-03 09:30:00,REF-37091-02-07-2025
PRJ-005872,REQ-005873,Aprovuar,2025-01-13 11:00:00,REF-36991-02-06-2025
PRJ-005873,REQ-005874,Aprovuar,2025-01-15 09:00:00,REF-36959-02-06-2025
PRJ-005876,REQ-005877,Aprovuar,2025-01-17 12:00:00,REF-36909-02-05-2025
PRJ-005877,REQ-005878,Aprovuar,2025-01-09 15:30:00,REF-36906-02-05-2025
PRJ-005878,REQ-005879,Aprovuar,2025-01-14 09:00:00,REF-36880-02-05-2025
PRJ-005879,REQ-005880,Aprovuar,2025-01-15 10:00:00,REF-36900-02-05-2025
PRJ-005880,REQ-005881,Aprovuar,2025-02-01 11:00:00,REF-36828-02-05-2025
PRJ-005881,REQ-005882,Aprovuar,2025-01-08 11:00:00,REF-36844-02-05-2025
PRJ-005882,REQ-005883,Aprovuar,2025-01-27 11:00:00,REF-36839-02-05-2025
PRJ-005883,REQ-005884,Aprovuar,2025-01-28 11:00:00,REF-36835-02-05-2025
PRJ-005884,REQ-005885,Aprovuar,2025-01-21 11:00:00,REF-36830-02-05-2025
PRJ-005885,REQ-005886,Aprovuar,2025-01-22 11:00:00,REF-36841-02-05-2025
PRJ-005886,REQ-005887,Aprovuar,2025-01-30 11:00:00,REF-36822-02-05-2025
PRJ-005887,REQ-005888,Aprovuar,2025-01-09 11:00:00,REF-36824-02-05-2025
PRJ-005888,REQ-005889,Aprovuar,2025-01-17 11:00:00,REF-36837-02-05-2025
PRJ-005889,REQ-005890,Aprovuar,2025-01-22 11:00:00,REF-36833-02-05-2025
PRJ-005890,REQ-005891,Aprovuar,2025-01-14 11:00:00,REF-36826-02-05-2025
PRJ-005891,REQ-005892,Aprovuar,2025-01-11 11:00:00,REF-36820-02-05-2025
PRJ-005892,REQ-005893,Aprovuar,2025-01-23 11:00:00,REF-36794-02-05-2025
PRJ-005893,REQ-005894,Aprovuar,2025-01-08 11:00:00,REF-36806-02-05-2025
PRJ-005894,REQ-005895,Aprovuar,2025-01-14 10:00:00,REF-36756-02-04-2025
PRJ-005895,REQ-005896,Aprovuar,2025-01-14 09:00:00,REF-36710-02-04-2025
PRJ-005896,REQ-005897,Aprovuar,2025-01-22 09:00:00,REF-36600-02-03-2025
PRJ-005897,REQ-005898,Aprovuar,2025-01-22 08:30:00,REF-36562-02-03-2025
PRJ-005898,REQ-005899,Aprovuar,2025-01-27 09:00:00,REF-36630-02-03-2025
PRJ-005899,REQ-005900,Aprovuar,2025-01-26 11:00:00,REF-36652-02-03-2025
PRJ-005900,REQ-005901,Aprovuar,2025-01-05 11:00:00,REF-36508-01-31-2025
PRJ-005901,REQ-005902,Aprovuar,2025-01-10 10:30:00,REF-36453-01-31-2025
PRJ-005902,REQ-005903,Aprovuar,2025-01-15 11:00:00,REF-36522-01-31-2025
PRJ-005903,REQ-005904,Aprovuar,2025-01-26 08:00:00,REF-36411-01-30-2025
PRJ-005904,REQ-005905,Aprovuar,2025-01-05 08:00:00,REF-36404-01-30-2025
PRJ-005905,REQ-005906,Aprovuar,2025-01-12 08:00:00,REF-36399-01-30-2025
PRJ-005906,REQ-005907,Aprovuar,2025-01-25 08:00:00,REF-36408-01-30-2025
PRJ-005907,REQ-005908,Aprovuar,2025-01-06 08:00:00,REF-36366-01-30-2025
PRJ-005908,REQ-005909,Aprovuar,2025-01-10 08:00:00,REF-36371-01-30-2025
PRJ-005909,REQ-005910,Aprovuar,2025-01-10 09:00:00,REF-36342-01-30-2025
PRJ-005910,REQ-005911,Aprovuar,2025-01-06 08:00:00,REF-36255-01-29-2025
PRJ-005912,REQ-005913,Aprovuar,2025-01-20 12:00:00,REF-36151-01-28-2025
PRJ-005915,REQ-005916,Aprovuar,2025-01-20 08:00:00,REF-36120-01-28-2025
PRJ-005917,REQ-005918,Aprovuar,2025-01-21 12:00:00,REF-35949-01-24-2025
PRJ-005918,REQ-005919,Aprovuar,2025-01-02 12:00:00,REF-35947-01-24-2025
PRJ-005919,REQ-005920,Aprovuar,2025-01-06 12:00:00,REF-35951-01-24-2025
PRJ-005920,REQ-005921,Aprovuar,2025-01-08 08:00:00,REF-35890-01-23-2025
PRJ-005921,REQ-005922,Aprovuar,2025-01-19 11:00:00,REF-35896-01-23-2025
PRJ-005922,REQ-005923,Aprovuar,2025-01-03 12:00:00,REF-35895-01-23-2025
PRJ-005923,REQ-005924,Aprovuar,2025-01-17 10:00:00,REF-35805-01-22-2025
PRJ-005926,REQ-005927,Aprovuar,2025-01-10 10:00:00,REF-35724-01-22-2025
PRJ-005927,REQ-005928,Aprovuar,2025-01-10 10:00:00,REF-35728-01-22-2025
PRJ-005928,REQ-005929,Aprovuar,2024-12-28 11:00:00,REF-35812-01-22-2025
PRJ-005929,REQ-005930,Aprovuar,2025-01-10 16:00:00,REF-35639-01-21-2025
PRJ-005930,REQ-005931,Aprovuar,2024-12-27 12:00:00,REF-35537-01-20-2025
PRJ-005932,REQ-005933,Aprovuar,2024-12-31 09:00:00,REF-35457-01-16-2025
PRJ-005933,REQ-005934,Aprovuar,2025-01-09 00:00:00,REF-35397-01-16-2025
PRJ-005934,REQ-005935,Aprovuar,2025-01-05 00:00:00,REF-35349-01-15-2025
PRJ-005936,REQ-005937,Aprovuar,2025-01-07 09:00:00,REF-35223-01-10-2025
PRJ-005937,REQ-005938,Aprovuar,2025-01-02 09:00:00,REF-35218-01-10-2025
PRJ-005939,REQ-005940,Aprovuar,2024-12-17 08:00:00,REF-35178-01-09-2025
PRJ-005940,REQ-005941,Aprovuar,2024-12-31 10:00:00,REF-35171-01-09-2025
PRJ-005942,REQ-005943,Aprovuar,2024-12-31 08:00:00,REF-35027-01-06-2025
PRJ-005943,REQ-005944,Aprovuar,2024-12-25 10:00:00,REF-34987-12-31-2024
PRJ-005944,REQ-005945,Aprovuar,2024-12-15 09:00:00,REF-34999-12-31-2024
PRJ-005945,REQ-005946,Aprovuar,2024-12-19 10:00:00,REF-34997-12-31-2024
PRJ-005946,REQ-005947,Aprovuar,2024-12-28 10:00:00,REF-34974-12-31-2024
PRJ-005947,REQ-005948,Aprovuar,2024-12-14 09:00:00,REF-34954-12-31-2024
PRJ-005948,REQ-005949,Aprovuar,2024-12-20 08:30:00,REF-35005-12-31-2024
PRJ-005949,REQ-005950,Aprovuar,2024-12-30 08:00:00,REF-34975-12-31-2024
PRJ-005951,REQ-005952,Aprovuar,2024-12-12 11:00:00,REF-34952-12-31-2024
PRJ-005952,REQ-005953,Aprovuar,2024-12-08 11:00:00,REF-34996-12-31-2024
PRJ-005953,REQ-005954,Aprovuar,2024-12-21 10:00:00,REF-34998-12-31-2024
PRJ-005954,REQ-005955,Aprovuar,2024-12-24 10:00:00,REF-34965-12-31-2024
PRJ-005955,REQ-005956,Aprovuar,2024-12-25 10:00:00,REF-34960-12-31-2024
PRJ-005957,REQ-005958,Aprovuar,2024-12-07 10:00:00,REF-34940-12-30-2024
PRJ-005958,REQ-005959,Aprovuar,2024-12-03 10:00:00,REF-34943-12-30-2024
PRJ-005959,REQ-005960,Aprovuar,2024-12-12 12:00:00,REF-34934-12-30-2024
PRJ-005960,REQ-005961,Aprovuar,2024-12-12 11:00:00,REF-34942-12-30-2024
PRJ-005961,REQ-005962,Aprovuar,2024-12-25 10:00:00,REF-34896-12-30-2024
PRJ-005962,REQ-005963,Aprovuar,2024-12-11 10:00:00,REF-34714-12-27-2024
PRJ-005963,REQ-005964,Aprovuar,2024-12-20 11:00:00,REF-34819-12-28-2024
PRJ-005964,REQ-005965,Aprovuar,2024-12-08 14:00:00,REF-34792-12-27-2024
PRJ-005965,REQ-005966,Aprovuar,2024-12-02 08:30:00,REF-34741-12-27-2024
PRJ-005966,REQ-005967,Aprovuar,2024-12-19 09:00:00,REF-34800-12-27-2024
PRJ-005967,REQ-005968,Aprovuar,2024-12-16 10:00:00,REF-34809-12-27-2024
PRJ-005968,REQ-005969,Aprovuar,2024-12-04 08:00:00,REF-34788-12-27-2024
PRJ-005969,REQ-005970,Aprovuar,2024-11-29 08:30:00,REF-34637-12-26-2024
PRJ-005970,REQ-005971,Aprovuar,2024-12-05 12:00:00,REF-34627-12-26-2024
PRJ-005971,REQ-005972,Aprovuar,2024-12-13 12:00:00,REF-34613-12-26-2024
PRJ-005972,REQ-005973,Aprovuar,2024-11-28 10:00:00,REF-34602-12-26-2024
PRJ-005973,REQ-005974,Aprovuar,2024-11-28 10:00:00,REF-34590-12-26-2024
PRJ-005974,REQ-005975,Aprovuar,2024-12-09 10:00:00,REF-34695-12-26-2024
PRJ-005975,REQ-005976,Aprovuar,2024-12-21 10:00:00,REF-34696-12-26-2024
PRJ-005976,REQ-005977,Aprovuar,2024-12-14 08:00:00,REF-34655-12-26-2024
PRJ-005977,REQ-005978,Aprovuar,2024-12-22 11:00:00,REF-34702-12-26-2024
PRJ-005978,REQ-005979,Aprovuar,2024-12-06 09:00:00,REF-34464-12-24-2024
PRJ-005982,REQ-005983,Aprovuar,2024-12-05 09:00:00,REF-34455-12-24-2024
PRJ-005984,REQ-005985,Aprovuar,2024-12-16 09:00:00,REF-34446-12-24-2024
PRJ-005986,REQ-005987,Aprovuar,2024-12-19 14:00:00,REF-33723-12-17-2024
PRJ-005987,REQ-005988,Aprovuar,2024-12-15 11:00:00,REF-34559-12-24-2024
PRJ-005988,REQ-005989,Aprovuar,2024-12-01 08:00:00,REF-34382-12-23-2024
PRJ-005989,REQ-005990,Aprovuar,2024-12-01 11:00:00,REF-34355-12-23-2024
PRJ-005990,REQ-005991,Aprovuar,2024-12-01 08:00:00,REF-34358-12-23-2024
PRJ-005991,REQ-005992,Aprovuar,2024-12-07 11:00:00,REF-34250-12-20-2024
PRJ-005992,REQ-005993,Aprovuar,2024-12-16 08:30:00,REF-34376-12-23-2024
PRJ-005993,REQ-005994,Aprovuar,2024-12-02 11:00:00,REF-34378-12-23-2024
PRJ-005994,REQ-005995,Aprovuar,2024-12-05 08:00:00,REF-34182-12-20-2024
PRJ-005995,REQ-005996,Aprovuar,2024-12-18 10:30:00,REF-34198-12-20-2024
PRJ-005997,REQ-005998,Aprovuar,2024-12-04 08:00:00,REF-34126-12-19-2024
PRJ-005998,REQ-005999,Aprovuar,2024-12-15 08:00:00,REF-34060-12-19-2024
PRJ-005999,REQ-006000,Aprovuar,2024-12-14 08:00:00,REF-34091-12-19-2024
PRJ-006001,REQ-006002,Aprovuar,2024-11-27 09:00:00,REF-34090-12-19-2024
PRJ-006002,REQ-006003,Aprovuar,2024-12-14 11:00:00,REF-33877-12-18-2024
PRJ-006004,REQ-006005,Aprovuar,2024-11-30 10:00:00,REF-33869-12-18-2024
PRJ-006006,REQ-006007,Aprovuar,2024-12-11 10:00:00,REF-33637-12-17-2024
PRJ-006007,REQ-006008,Aprovuar,2024-11-25 11:00:00,REF-33690-12-17-2024
PRJ-006008,REQ-006009,Aprovuar,2024-12-05 10:00:00,REF-33649-12-17-2024
PRJ-006009,REQ-006010,Aprovuar,2024-12-01 09:00:00,REF-33610-12-17-2024
PRJ-006010,REQ-006011,Aprovuar,2024-11-25 08:00:00,REF-33601-12-17-2024
PRJ-006011,REQ-006012,Aprovuar,2024-11-22 11:00:00,REF-33388-12-16-2024
PRJ-006013,REQ-006014,Aprovuar,2024-12-04 08:30:00,REF-33247-12-13-2024
PRJ-006015,REQ-006016,Aprovuar,2024-12-07 09:00:00,REF-32983-12-12-2024
PRJ-006026,REQ-006027,Aprovuar,2024-12-02 10:00:00,REF-33146-12-12-2024
PRJ-006028,REQ-006029,Aprovuar,2024-11-19 08:30:00,REF-32731-12-11-2024
PRJ-006029,REQ-006030,Aprovuar,2024-12-01 08:30:00,REF-32733-12-11-2024
PRJ-006030,REQ-006031,Aprovuar,2024-11-26 08:30:00,REF-32725-12-11-2024
PRJ-006031,REQ-006032,Aprovuar,2024-11-17 08:30:00,REF-32729-12-11-2024
PRJ-006032,REQ-006033,Aprovuar,2024-12-04 10:00:00,REF-32540-12-10-2024
PRJ-006033,REQ-006034,Aprovuar,2024-12-04 12:30:00,REF-32464-12-10-2024
PRJ-006035,REQ-006036,Aprovuar,2024-11-15 08:00:00,REF-32340-12-06-2024
PRJ-006036,REQ-006037,Aprovuar,2024-11-20 10:00:00,REF-32380-12-06-2024
PRJ-006037,REQ-006038,Aprovuar,2024-11-28 08:30:00,REF-32295-12-06-2024
PRJ-006038,REQ-006039,Aprovuar,2024-11-21 10:00:00,REF-32082-12-05-2024
PRJ-006039,REQ-006040,Aprovuar,2024-11-13 08:00:00,REF-32179-12-05-2024
PRJ-006040,REQ-006041,Aprovuar,2024-11-24 08:00:00,REF-32114-12-05-2024
PRJ-006042,REQ-006043,Aprovuar,2024-11-10 10:00:00,REF-31986-12-05-2024
PRJ-006048,REQ-006049,Aprovuar,2024-11-19 08:00:00,REF-31897-12-04-2024
PRJ-006049,REQ-006050,Aprovuar,2024-11-19 08:00:00,REF-31619-12-03-2024
PRJ-006050,REQ-006051,Aprovuar,2024-11-20 11:30:00,REF-31646-12-03-2024
PRJ-006051,REQ-006052,Aprovuar,2024-11-12 10:00:00,REF-31698-12-03-2024
PRJ-006052,REQ-006053,Aprovuar,2024-11-15 15:00:00,REF-31551-12-02-2024
PRJ-006054,REQ-006055,Aprovuar,2024-11-25 08:30:00,REF-31588-12-02-2024
PRJ-006055,REQ-006056,Aprovuar,2024-11-24 08:00:00,REF-31427-12-02-2024
PRJ-006056,REQ-006057,Aprovuar,2024-11-14 10:00:00,REF-31496-12-02-2024
PRJ-006057,REQ-006058,Aprovuar,2024-11-28 08:30:00,REF-31466-12-02-2024
PRJ-006070,REQ-006071,Aprovuar,2024-11-20 10:00:00,REF-31243-11-27-2024
PRJ-006071,REQ-006072,Aprovuar,2024-11-18 10:00:00,REF-31209-11-27-2024
PRJ-006072,REQ-006073,Aprovuar,2024-11-25 10:00:00,REF-31211-11-27-2024
PRJ-006073,REQ-006074,Aprovuar,2024-11-07 09:00:00,REF-31395-12-01-2024
PRJ-006075,REQ-006076,Aprovuar,2024-11-23 08:00:00,REF-31258-11-27-2024
PRJ-006076,REQ-006077,Aprovuar,2024-11-11 08:00:00,REF-31260-11-27-2024
PRJ-006077,REQ-006078,Aprovuar,2024-11-11 08:00:00,REF-31256-11-27-2024
PRJ-006078,REQ-006079,Aprovuar,2024-11-27 08:00:00,REF-31254-11-27-2024
PRJ-006079,REQ-006080,Aprovuar,2024-11-19 08:00:00,REF-31250-11-27-2024
PRJ-006080,REQ-006081,Aprovuar,2024-11-26 08:00:00,REF-31247-11-27-2024
PRJ-006081,REQ-006082,Aprovuar,2024-11-16 08:00:00,REF-31245-11-27-2024
PRJ-006082,REQ-006083,Aprovuar,2024-11-26 08:00:00,REF-31242-11-27-2024
PRJ-006083,REQ-006084,Aprovuar,2024-11-15 08:00:00,REF-31239-11-27-2024
PRJ-006084,REQ-006085,Aprovuar,2024-11-20 08:00:00,REF-31237-11-27-2024
PRJ-006085,REQ-006086,Aprovuar,2024-11-03 08:00:00,REF-31235-11-27-2024
PRJ-006086,REQ-006087,Aprovuar,2024-11-17 08:00:00,REF-31232-11-27-2024
PRJ-006087,REQ-006088,Aprovuar,2024-11-03 08:00:00,REF-31263-11-27-2024
PRJ-006088,REQ-006089,Aprovuar,2024-11-15 08:00:00,REF-31230-11-27-2024
PRJ-006089,REQ-006090,Aprovuar,2024-11-24 08:00:00,REF-31222-11-27-2024
PRJ-006090,REQ-006091,Aprovuar,2024-11-06 08:00:00,REF-31228-11-27-2024
PRJ-006091,REQ-006092,Aprovuar,2024-11-21 15:00:00,REF-30993-11-26-2024
PRJ-006092,REQ-006093,Aprovuar,2024-11-16 09:00:00,REF-31116-11-26-2024
PRJ-006093,REQ-006094,Aprovuar,2024-11-03 12:30:00,REF-30994-11-26-2024
PRJ-006094,REQ-006095,Aprovuar,2024-11-20 13:00:00,REF-30976-11-26-2024
PRJ-006095,REQ-006096,Aprovuar,2024-11-22 13:00:00,REF-31014-11-26-2024
PRJ-006096,REQ-006097,Aprovuar,2024-11-01 10:00:00,REF-30682-11-25-2024
PRJ-006097,REQ-006098,Aprovuar,2024-11-16 08:30:00,REF-30858-11-25-2024
PRJ-006104,REQ-006105,Aprovuar,2024-11-04 10:00:00,REF-30789-11-25-2024
PRJ-006109,REQ-006110,Aprovuar,2024-10-27 09:00:00,REF-30382-11-21-2024
PRJ-006110,REQ-006111,Aprovuar,2024-11-09 09:00:00,REF-30375-11-21-2024
PRJ-006112,REQ-006113,Aprovuar,2024-11-05 11:00:00,REF-30538-11-21-2024
PRJ-006114,REQ-006115,Aprovuar,2024-11-10 09:00:00,REF-30560-11-21-2024
PRJ-006115,REQ-006116,Aprovuar,2024-10-28 08:00:00,REF-30573-11-21-2024
PRJ-006117,REQ-006118,Aprovuar,2024-11-07 08:00:00,REF-29827-11-18-2024
PRJ-006118,REQ-006119,Aprovuar,2024-11-15 10:00:00,REF-30323-11-20-2024
PRJ-006119,REQ-006120,Aprovuar,2024-11-02 08:00:00,REF-30260-11-20-2024
PRJ-006120,REQ-006121,Aprovuar,2024-11-01 09:00:00,REF-30147-11-20-2024
PRJ-006121,REQ-006122,Aprovuar,2024-10-26 09:00:00,REF-30253-11-20-2024
PRJ-006122,REQ-006123,Aprovuar,2024-10-27 10:00:00,REF-30207-11-20-2024
PRJ-006123,REQ-006124,Aprovuar,2024-11-11 10:00:00,REF-30189-11-20-2024
PRJ-006124,REQ-006125,Aprovuar,2024-11-11 10:00:00,REF-30350-11-20-2024
PRJ-006125,REQ-006126,Aprovuar,2024-10-23 08:00:00,REF-30171-11-20-2024
PRJ-006128,REQ-006129,Aprovuar,2024-10-26 10:00:00,REF-30010-11-19-2024
PRJ-006131,REQ-006132,Aprovuar,2024-10-30 13:00:00,REF-30027-11-19-2024
PRJ-006132,REQ-006133,Aprovuar,2024-10-23 10:00:00,REF-30020-11-19-2024
PRJ-006133,REQ-006134,Aprovuar,2024-11-01 08:00:00,REF-30136-11-19-2024
PRJ-006134,REQ-006135,Aprovuar,2024-11-06 08:00:00,REF-30134-11-19-2024
PRJ-006135,REQ-006136,Aprovuar,2024-11-10 08:00:00,REF-30130-11-19-2024
PRJ-006141,REQ-006142,Aprovuar,2024-11-04 11:00:00,REF-29720-11-15-2024
PRJ-006142,REQ-006143,Aprovuar,2024-11-10 11:00:00,REF-29718-11-15-2024
PRJ-006143,REQ-006144,Aprovuar,2024-11-01 11:00:00,REF-29714-11-15-2024
PRJ-006144,REQ-006145,Aprovuar,2024-11-10 11:00:00,REF-29716-11-15-2024
PRJ-006145,REQ-006146,Aprovuar,2024-10-30 09:00:00,REF-29572-11-15-2024
PRJ-006146,REQ-006147,Aprovuar,2024-10-30 09:00:00,REF-29570-11-15-2024
PRJ-006147,REQ-006148,Aprovuar,2024-11-01 09:00:00,REF-29566-11-15-2024
PRJ-006148,REQ-006149,Aprovuar,2024-10-27 09:00:00,REF-29568-11-15-2024
PRJ-006149,REQ-006150,Aprovuar,2024-10-31 09:00:00,REF-29713-11-15-2024
PRJ-006150,REQ-006151,Aprovuar,2024-11-08 10:00:00,REF-29711-11-15-2024
PRJ-006151,REQ-006152,Aprovuar,2024-11-06 08:00:00,REF-29660-11-15-2024
PRJ-006152,REQ-006153,Aprovuar,2024-11-11 08:00:00,REF-29667-11-15-2024
PRJ-006155,REQ-006156,Aprovuar,2024-10-17 09:00:00,REF-29412-11-14-2024
PRJ-006156,REQ-006157,Aprovuar,2024-10-22 09:00:00,REF-29492-11-14-2024
PRJ-006157,REQ-006158,Aprovuar,2024-11-02 13:00:00,REF-29437-11-14-2024
PRJ-006158,REQ-006159,Aprovuar,2024-10-26 09:00:00,REF-29505-11-14-2024
PRJ-006160,REQ-006161,Aprovuar,2024-10-27 08:00:00,REF-29347-11-13-2024
PRJ-006161,REQ-006162,Aprovuar,2024-10-29 14:00:00,REF-29237-11-13-2024
PRJ-006162,REQ-006163,Aprovuar,2024-10-19 09:00:00,REF-29222-11-13-2024
PRJ-006163,REQ-006164,Aprovuar,2024-11-07 10:00:00,REF-22741-10-04-2024
PRJ-006164,REQ-006165,Aprovuar,2024-10-16 09:00:00,REF-29345-11-13-2024
PRJ-006165,REQ-006166,Aprovuar,2024-11-05 11:00:00,REF-29156-11-13-2024
PRJ-006166,REQ-006167,Aprovuar,2024-10-31 08:30:00,REF-29272-11-13-2024
PRJ-006169,REQ-006170,Aprovuar,2024-10-21 11:00:00,REF-29048-11-12-2024
PRJ-006170,REQ-006171,Aprovuar,2024-10-30 11:30:00,REF-29091-11-12-2024
PRJ-006172,REQ-006173,Aprovuar,2024-11-07 15:00:00,REF-29031-11-12-2024
PRJ-006173,REQ-006174,Aprovuar,2024-11-02 08:00:00,REF-28957-11-11-2024
PRJ-006174,REQ-006175,Aprovuar,2024-11-06 15:00:00,REF-28949-11-11-2024
PRJ-006175,REQ-006176,Aprovuar,2024-10-21 09:00:00,REF-28922-11-11-2024
PRJ-006176,REQ-006177,Aprovuar,2024-11-01 08:30:00,REF-28750-11-08-2024
PRJ-006177,REQ-006178,Aprovuar,2024-10-18 14:30:00,REF-28735-11-08-2024
PRJ-006178,REQ-006179,Aprovuar,2024-11-04 15:00:00,REF-28727-11-08-2024
PRJ-006179,REQ-006180,Aprovuar,2024-11-04 08:00:00,REF-28737-11-08-2024
PRJ-006180,REQ-006181,Aprovuar,2024-10-18 08:00:00,REF-28711-11-08-2024
PRJ-006182,REQ-006183,Aprovuar,2024-10-27 09:00:00,REF-28476-11-07-2024
PRJ-006183,REQ-006184,Aprovuar,2024-10-31 09:00:00,REF-28471-11-07-2024
PRJ-006184,REQ-006185,Aprovuar,2024-10-16 10:00:00,REF-28442-11-06-2024
PRJ-006185,REQ-006186,Aprovuar,2024-10-19 10:00:00,REF-28564-11-07-2024
PRJ-006186,REQ-006187,Aprovuar,2024-10-11 11:30:00,REF-28572-11-07-2024
PRJ-006187,REQ-006188,Aprovuar,2024-10-30 08:00:00,REF-28527-11-07-2024
PRJ-006188,REQ-006189,Aprovuar,2024-10-23 10:00:00,REF-28424-11-06-2024
PRJ-006189,REQ-006190,Aprovuar,2024-10-12 08:30:00,REF-28412-11-06-2024
PRJ-006190,REQ-006191,Aprovuar,2024-10-22 09:30:00,REF-28304-11-06-2024
PRJ-006191,REQ-006192,Aprovuar,2024-10-14 09:00:00,REF-28296-11-06-2024
PRJ-006192,REQ-006193,Aprovuar,2024-10-17 14:00:00,REF-28112-11-05-2024
PRJ-006193,REQ-006194,Aprovuar,2024-10-23 08:00:00,REF-28014-11-05-2024
PRJ-006194,REQ-006195,Aprovuar,2024-10-21 09:00:00,REF-28213-11-05-2024
PRJ-006195,REQ-006196,Aprovuar,2024-10-17 09:00:00,REF-28207-11-05-2024
PRJ-006196,REQ-006197,Aprovuar,2024-10-15 09:00:00,REF-28211-11-05-2024
PRJ-006197,REQ-006198,Aprovuar,2024-10-30 10:00:00,REF-27850-11-04-2024
PRJ-006198,REQ-006199,Aprovuar,2024-10-17 09:00:00,REF-27912-11-04-2024
PRJ-006199,REQ-006200,Aprovuar,2024-10-28 08:00:00,REF-27823-11-04-2024
PRJ-006200,REQ-006201,Aprovuar,2024-10-22 08:00:00,REF-27986-11-04-2024
PRJ-006202,REQ-006203,Aprovuar,2024-10-20 08:00:00,REF-27637-11-01-2024
PRJ-006203,REQ-006204,Aprovuar,2024-10-29 08:00:00,REF-27674-11-01-2024
PRJ-006204,REQ-006205,Aprovuar,2024-10-08 08:30:00,REF-27661-11-01-2024
PRJ-006206,REQ-006207,Aprovuar,2024-10-20 10:00:00,REF-27653-11-01-2024
PRJ-006207,REQ-006208,Aprovuar,2024-10-30 10:00:00,REF-27666-11-01-2024
PRJ-006208,REQ-006209,Aprovuar,2024-10-11 08:00:00,REF-27354-10-31-2024
PRJ-006209,REQ-006210,Aprovuar,2024-10-22 09:00:00,REF-27533-10-31-2024
PRJ-006210,REQ-006211,Aprovuar,2024-10-27 08:00:00,REF-27538-10-31-2024
PRJ-006211,REQ-006212,Aprovuar,2024-10-06 08:00:00,REF-27575-10-31-2024
PRJ-006212,REQ-006213,Aprovuar,2024-10-18 08:00:00,REF-27377-10-31-2024
PRJ-006214,REQ-006215,Aprovuar,2024-10-12 09:00:00,REF-27240-10-30-2024
PRJ-006216,REQ-006217,Aprovuar,2024-10-06 11:00:00,REF-27197-10-30-2024
PRJ-006217,REQ-006218,Aprovuar,2024-10-22 13:00:00,REF-27329-10-30-2024
PRJ-006219,REQ-006220,Aprovuar,2024-10-22 09:00:00,REF-27221-10-30-2024
PRJ-006221,REQ-006222,Aprovuar,2024-10-04 09:00:00,REF-26571-10-28-2024
PRJ-006223,REQ-006224,Aprovuar,2024-10-18 12:00:00,REF-26847-10-28-2024
PRJ-006225,REQ-006226,Aprovuar,2024-10-12 08:00:00,REF-26709-10-28-2024
PRJ-006227,REQ-006228,Aprovuar,2024-10-05 09:00:00,REF-26431-10-25-2024
PRJ-006228,REQ-006229,Aprovuar,2024-10-08 10:00:00,REF-26381-10-25-2024
PRJ-006229,REQ-006230,Aprovuar,2024-10-01 10:00:00,REF-26463-10-25-2024
PRJ-006232,REQ-006233,Aprovuar,2024-10-20 11:00:00,REF-26361-10-25-2024
PRJ-006233,REQ-006234,Aprovuar,2024-10-04 11:00:00,REF-26354-10-25-2024
PRJ-006234,REQ-006235,Aprovuar,2024-10-07 11:00:00,REF-26359-10-25-2024
PRJ-006236,REQ-006237,Aprovuar,2024-10-06 09:00:00,REF-26117-10-23-2024
PRJ-006237,REQ-006238,Aprovuar,2024-10-07 08:00:00,REF-26245-10-24-2024
PRJ-006238,REQ-006239,Aprovuar,2024-09-26 08:00:00,REF-26328-10-24-2024
PRJ-006239,REQ-006240,Aprovuar,2024-10-17 08:00:00,REF-26326-10-24-2024
PRJ-006240,REQ-006241,Aprovuar,2024-10-03 08:00:00,REF-26324-10-24-2024
PRJ-006241,REQ-006242,Aprovuar,2024-10-15 08:00:00,REF-26321-10-24-2024
PRJ-006243,REQ-006244,Aprovuar,2024-10-14 08:00:00,REF-26318-10-24-2024
PRJ-006244,REQ-006245,Aprovuar,2024-10-06 08:00:00,REF-26315-10-24-2024
PRJ-006245,REQ-006246,Aprovuar,2024-10-04 08:00:00,REF-26313-10-24-2024
PRJ-006246,REQ-006247,Aprovuar,2024-10-04 08:00:00,REF-26311-10-24-2024
PRJ-006247,REQ-006248,Aprovuar,2024-09-27 08:00:00,REF-26309-10-24-2024
PRJ-006248,REQ-006249,Aprovuar,2024-10-14 08:00:00,REF-26306-10-24-2024
PRJ-006249,REQ-006250,Aprovuar,2024-09-29 08:00:00,REF-26301-10-24-2024
PRJ-006250,REQ-006251,Aprovuar,2024-10-17 08:00:00,REF-26304-10-24-2024
PRJ-006251,REQ-006252,Aprovuar,2024-10-08 08:00:00,REF-26307-10-24-2024
PRJ-006252,REQ-006253,Aprovuar,2024-10-02 09:00:00,REF-26347-10-24-2024
PRJ-006253,REQ-006254,Aprovuar,2024-10-01 08:00:00,REF-26157-10-24-2024
PRJ-006256,REQ-006257,Aprovuar,2024-10-19 08:00:00,REF-26001-10-23-2024
PRJ-006257,REQ-006258,Aprovuar,2024-09-29 08:00:00,REF-25977-10-23-2024
PRJ-006258,REQ-006259,Aprovuar,2024-10-01 10:00:00,REF-26120-10-23-2024
PRJ-006259,REQ-006260,Aprovuar,2024-10-10 17:30:00,REF-26115-10-23-2024
PRJ-006260,REQ-006261,Aprovuar,2024-10-19 09:00:00,REF-26104-10-23-2024
PRJ-006261,REQ-006262,Aprovuar,2024-09-26 15:00:00,REF-26050-10-23-2024
PRJ-006262,REQ-006263,Aprovuar,2024-10-08 15:00:00,REF-26058-10-23-2024
PRJ-006263,REQ-006264,Aprovuar,2024-10-18 08:00:00,REF-26121-10-23-2024
PRJ-006264,REQ-006265,Aprovuar,2024-09-26 08:00:00,REF-26026-10-23-2024
PRJ-006265,REQ-006266,Aprovuar,2024-10-09 08:00:00,REF-26024-10-23-2024
PRJ-006266,REQ-006267,Aprovuar,2024-09-29 08:00:00,REF-26022-10-23-2024
PRJ-006267,REQ-006268,Aprovuar,2024-10-12 08:00:00,REF-26020-10-23-2024
PRJ-006268,REQ-006269,Aprovuar,2024-10-19 08:00:00,REF-26007-10-23-2024
PRJ-006269,REQ-006270,Aprovuar,2024-10-16 08:00:00,REF-26018-10-23-2024
PRJ-006271,REQ-006272,Aprovuar,2024-10-14 00:00:00,REF-25830-10-22-2024
PRJ-006272,REQ-006273,Aprovuar,2024-09-30 10:00:00,REF-25791-10-22-2024
PRJ-006273,REQ-006274,Aprovuar,2024-10-14 08:30:00,REF-25773-10-22-2024
PRJ-006274,REQ-006275,Aprovuar,2024-09-24 08:00:00,REF-25871-10-22-2024
PRJ-006275,REQ-006276,Aprovuar,2024-09-28 09:00:00,REF-25668-10-21-2024
PRJ-006276,REQ-006277,Aprovuar,2024-09-30 09:00:00,REF-25637-10-21-2024
PRJ-006277,REQ-006278,Aprovuar,2024-10-09 09:30:00,REF-25710-10-21-2024
PRJ-006278,REQ-006279,Aprovuar,2024-10-15 10:00:00,REF-25495-10-20-2024
PRJ-006279,REQ-006280,Aprovuar,2024-10-12 08:00:00,REF-25473-10-18-2024
PRJ-006280,REQ-006281,Aprovuar,2024-10-03 11:00:00,REF-25490-10-20-2024
PRJ-006281,REQ-006282,Aprovuar,2024-10-10 13:00:00,REF-25419-10-18-2024
PRJ-006282,REQ-006283,Aprovuar,2024-10-08 08:00:00,REF-25301-10-17-2024
PRJ-006283,REQ-006284,Aprovuar,2024-10-01 10:00:00,REF-25003-10-17-2024
PRJ-006285,REQ-006286,Aprovuar,2024-09-26 10:00:00,REF-25180-10-17-2024
PRJ-006286,REQ-006287,Aprovuar,2024-10-02 10:00:00,REF-25140-10-17-2024
PRJ-006287,REQ-006288,Aprovuar,2024-10-04 10:00:00,REF-25172-10-17-2024
PRJ-006290,REQ-006291,Aprovuar,2024-09-25 09:00:00,REF-24936-10-16-2024
PRJ-006293,REQ-006294,Aprovuar,2024-10-01 09:00:00,REF-24783-10-15-2024
PRJ-006294,REQ-006295,Aprovuar,2024-10-11 09:00:00,REF-24777-10-15-2024
PRJ-006295,REQ-006296,Aprovuar,2024-10-04 11:30:00,REF-24907-10-16-2024
PRJ-006296,REQ-006297,Aprovuar,2024-09-18 09:00:00,REF-24980-10-16-2024
PRJ-006298,REQ-006299,Aprovuar,2024-09-21 10:00:00,REF-24715-10-15-2024
PRJ-006299,REQ-006300,Aprovuar,2024-10-08 08:00:00,REF-24711-10-15-2024
PRJ-006300,REQ-006301,Aprovuar,2024-09-23 08:00:00,REF-24113-10-11-2024
PRJ-006301,REQ-006302,Aprovuar,2024-10-03 08:00:00,REF-24093-10-11-2024
PRJ-006302,REQ-006303,Aprovuar,2024-10-07 08:00:00,REF-24109-10-11-2024
PRJ-006303,REQ-006304,Aprovuar,2024-10-11 00:00:00,REF-24775-10-15-2024
PRJ-006304,REQ-006305,Aprovuar,2024-10-11 09:00:00,REF-24756-10-15-2024
PRJ-006305,REQ-006306,Aprovuar,2024-09-21 09:00:00,REF-24752-10-15-2024
PRJ-006306,REQ-006307,Aprovuar,2024-09-25 09:00:00,REF-24771-10-15-2024
PRJ-006307,REQ-006308,Aprovuar,2024-10-05 08:00:00,REF-24710-10-15-2024
PRJ-006308,REQ-006309,Aprovuar,2024-10-05 16:00:00,REF-24661-10-15-2024
PRJ-006309,REQ-006310,Aprovuar,2024-10-07 09:00:00,REF-24763-10-15-2024
PRJ-006310,REQ-006311,Aprovuar,2024-10-02 08:00:00,REF-24669-10-15-2024
PRJ-006311,REQ-006312,Aprovuar,2024-09-19 10:00:00,REF-24575-10-15-2024
PRJ-006312,REQ-006313,Aprovuar,2024-09-24 10:00:00,REF-24494-10-14-2024
PRJ-006313,REQ-006314,Aprovuar,2024-09-24 08:00:00,REF-24484-10-14-2024
PRJ-006314,REQ-006315,Aprovuar,2024-09-29 08:00:00,REF-24480-10-14-2024
PRJ-006315,REQ-006316,Aprovuar,2024-09-18 10:00:00,REF-24413-10-14-2024
PRJ-006316,REQ-006317,Aprovuar,2024-10-08 08:00:00,REF-24491-10-14-2024
PRJ-006317,REQ-006318,Aprovuar,2024-09-25 12:00:00,REF-24477-10-14-2024
PRJ-006318,REQ-006319,Aprovuar,2024-10-07 11:00:00,REF-24357-10-14-2024
PRJ-006319,REQ-006320,Aprovuar,2024-09-27 08:00:00,REF-24317-10-14-2024
PRJ-006320,REQ-006321,Aprovuar,2024-09-24 08:00:00,REF-24311-10-14-2024
PRJ-006321,REQ-006322,Aprovuar,2024-09-30 08:30:00,REF-24419-10-14-2024
PRJ-006322,REQ-006323,Aprovuar,2024-09-24 00:00:00,REF-24410-10-14-2024
PRJ-006323,REQ-006324,Aprovuar,2024-09-18 08:00:00,REF-24493-10-14-2024
PRJ-006324,REQ-006325,Aprovuar,2024-09-30 08:00:00,REF-24255-10-14-2024
PRJ-006326,REQ-006327,Aprovuar,2024-09-27 08:00:00,REF-24213-10-11-2024
PRJ-006327,REQ-006328,Aprovuar,2024-10-04 10:00:00,REF-24122-10-11-2024
PRJ-006328,REQ-006329,Aprovuar,2024-09-19 10:00:00,REF-24071-10-11-2024
PRJ-006329,REQ-006330,Aprovuar,2024-09-17 09:00:00,REF-24155-10-11-2024
PRJ-006330,REQ-006331,Aprovuar,2024-09-29 10:00:00,REF-24134-10-11-2024
PRJ-006332,REQ-006333,Aprovuar,2024-09-16 08:00:00,REF-24170-10-11-2024
PRJ-006335,REQ-006336,Aprovuar,2024-09-21 09:00:00,REF-23987-10-10-2024
PRJ-006336,REQ-006337,Aprovuar,2024-09-30 10:00:00,REF-23990-10-10-2024
PRJ-006337,REQ-006338,Aprovuar,2024-10-04 10:00:00,REF-23992-10-10-2024
PRJ-006338,REQ-006339,Aprovuar,2024-10-04 11:00:00,REF-23913-10-10-2024
PRJ-006339,REQ-006340,Aprovuar,2024-09-21 10:30:00,REF-23658-10-10-2024
PRJ-006340,REQ-006341,Aprovuar,2024-09-14 11:00:00,REF-23802-10-10-2024
PRJ-006341,REQ-006342,Aprovuar,2024-09-23 14:00:00,REF-23996-10-10-2024
PRJ-006342,REQ-006343,Aprovuar,2024-09-28 10:00:00,REF-23543-10-09-2024
PRJ-006343,REQ-006344,Aprovuar,2024-09-11 10:00:00,REF-23632-10-09-2024
PRJ-006344,REQ-006345,Aprovuar,2024-10-05 09:00:00,REF-23589-10-09-2024
PRJ-006345,REQ-006346,Aprovuar,2024-09-27 11:00:00,REF-23603-10-09-2024
PRJ-006346,REQ-006347,Aprovuar,2024-09-20 00:00:00,REF-23587-10-09-2024
PRJ-006347,REQ-006348,Aprovuar,2024-09-12 11:00:00,REF-23417-10-09-2024
PRJ-006348,REQ-006349,Aprovuar,2024-09-15 08:00:00,REF-23526-10-09-2024
PRJ-006349,REQ-006350,Aprovuar,2024-09-25 08:00:00,REF-23394-10-08-2024
PRJ-006350,REQ-006351,Aprovuar,2024-09-15 08:00:00,REF-23345-10-08-2024
PRJ-006352,REQ-006353,Aprovuar,2024-09-16 10:00:00,REF-23393-10-08-2024
PRJ-006353,REQ-006354,Aprovuar,2024-09-28 08:00:00,REF-23324-10-08-2024
PRJ-006354,REQ-006355,Aprovuar,2024-09-19 12:00:00,REF-23062-10-07-2024
PRJ-006356,REQ-006357,Aprovuar,2024-09-24 08:00:00,REF-23036-10-07-2024
PRJ-006359,REQ-006360,Aprovuar,2024-09-29 08:00:00,REF-22786-10-04-2024
PRJ-006361,REQ-006362,Aprovuar,2024-09-28 09:00:00,REF-22696-10-03-2024
PRJ-006363,REQ-006364,Aprovuar,2024-09-23 08:00:00,REF-22509-10-02-2024
PRJ-006364,REQ-006365,Aprovuar,2024-09-12 08:00:00,REF-22505-10-02-2024
PRJ-006365,REQ-006366,Aprovuar,2024-09-29 08:00:00,REF-22499-10-02-2024
PRJ-006366,REQ-006367,Aprovuar,2024-09-10 08:00:00,REF-22487-10-02-2024
PRJ-006367,REQ-006368,Aprovuar,2024-09-17 08:00:00,REF-22497-10-02-2024
PRJ-006368,REQ-006369,Aprovuar,2024-09-10 11:00:00,REF-22406-10-02-2024
PRJ-006369,REQ-006370,Aprovuar,2024-09-12 11:00:00,REF-22400-10-02-2024
PRJ-006371,REQ-006372,Aprovuar,2024-09-23 13:00:00,REF-22464-10-02-2024
PRJ-006372,REQ-006373,Aprovuar,2024-09-13 09:00:00,REF-22426-10-02-2024
PRJ-006373,REQ-006374,Aprovuar,2024-09-06 08:00:00,REF-22380-10-02-2024
PRJ-006374,REQ-006375,Aprovuar,2024-09-20 10:00:00,REF-22389-10-02-2024
PRJ-006375,REQ-006376,Aprovuar,2024-09-07 08:00:00,REF-21802-09-26-2024
PRJ-006376,REQ-006377,Aprovuar,2024-09-09 08:30:00,REF-22226-10-01-2024
PRJ-006377,REQ-006378,Aprovuar,2024-09-27 10:00:00,REF-22343-10-01-2024
PRJ-006378,REQ-006379,Aprovuar,2024-09-11 08:30:00,REF-22310-10-01-2024
PRJ-006380,REQ-006381,Aprovuar,2024-09-15 10:00:00,REF-22004-09-27-2024
PRJ-006382,REQ-006383,Aprovuar,2024-09-11 12:00:00,REF-22155-09-30-2024
PRJ-006383,REQ-006384,Aprovuar,2024-09-19 12:00:00,REF-22111-09-30-2024
PRJ-006384,REQ-006385,Aprovuar,2024-09-03 08:00:00,REF-22105-09-30-2024
PRJ-006385,REQ-006386,Aprovuar,2024-09-06 08:00:00,REF-22054-09-30-2024
PRJ-006387,REQ-006388,Aprovuar,2024-09-09 19:30:00,REF-22019-09-27-2024
PRJ-006388,REQ-006389,Aprovuar,2024-09-16 08:00:00,REF-22031-09-28-2024
PRJ-006389,REQ-006390,Aprovuar,2024-09-09 08:00:00,REF-21902-09-27-2024
PRJ-006390,REQ-006391,Aprovuar,2024-09-17 10:00:00,REF-21894-09-27-2024
PRJ-006392,REQ-006393,Aprovuar,2024-09-12 12:00:00,REF-21590-09-25-2024
PRJ-006396,REQ-006397,Aprovuar,2024-09-14 11:00:00,REF-21836-09-26-2024
PRJ-006398,REQ-006399,Aprovuar,2024-09-17 10:00:00,REF-21612-09-25-2024
PRJ-006399,REQ-006400,Aprovuar,2024-09-10 08:00:00,REF-21533-09-25-2024
PRJ-006400,REQ-006401,Aprovuar,2024-09-15 12:00:00,REF-21626-09-25-2024
PRJ-006401,REQ-006402,Aprovuar,2024-09-08 10:00:00,REF-21403-09-24-2024
PRJ-006402,REQ-006403,Aprovuar,2024-08-31 11:00:00,REF-21508-09-25-2024
PRJ-006403,REQ-006404,Aprovuar,2024-09-03 08:00:00,REF-21421-09-24-2024
PRJ-006405,REQ-006406,Aprovuar,2024-09-07 08:00:00,REF-21406-09-24-2024
PRJ-006406,REQ-006407,Aprovuar,2024-09-02 13:30:00,REF-21331-09-24-2024
PRJ-006407,REQ-006408,Aprovuar,2024-09-09 10:00:00,REF-21299-09-24-2024
PRJ-006408,REQ-006409,Aprovuar,2024-09-14 08:30:00,REF-20989-09-20-2024
PRJ-006409,REQ-006410,Aprovuar,2024-09-19 10:00:00,REF-21218-09-23-2024
PRJ-006410,REQ-006411,Aprovuar,2024-08-31 08:00:00,REF-21163-09-23-2024
PRJ-006411,REQ-006412,Aprovuar,2024-08-25 08:00:00,REF-20958-09-20-2024
PRJ-006414,REQ-006415,Aprovuar,2024-09-02 08:00:00,REF-20918-09-20-2024
PRJ-006415,REQ-006416,Aprovuar,2024-09-13 08:00:00,REF-20976-09-20-2024
PRJ-006416,REQ-006417,Aprovuar,2024-08-29 08:30:00,REF-20964-09-20-2024
PRJ-006417,REQ-006418,Aprovuar,2024-09-02 08:00:00,REF-20293-09-18-2024
PRJ-006418,REQ-006419,Aprovuar,2024-08-28 08:30:00,REF-20538-09-19-2024
PRJ-006419,REQ-006420,Aprovuar,2024-08-25 08:00:00,REF-20670-09-19-2024
PRJ-006422,REQ-006423,Aprovuar,2024-09-14 08:00:00,REF-20708-09-19-2024
PRJ-006423,REQ-006424,Aprovuar,2024-08-28 08:00:00,REF-20720-09-19-2024
PRJ-006424,REQ-006425,Aprovuar,2024-08-29 10:00:00,REF-20523-09-18-2024
PRJ-006425,REQ-006426,Aprovuar,2024-09-14 10:00:00,REF-20514-09-18-2024
PRJ-006426,REQ-006427,Aprovuar,2024-09-09 10:00:00,REF-20512-09-18-2024
PRJ-006430,REQ-006431,Aprovuar,2024-08-27 08:00:00,REF-20217-09-18-2024
PRJ-006431,REQ-006432,Aprovuar,2024-08-27 10:00:00,REF-19996-09-17-2024
PRJ-006432,REQ-006433,Aprovuar,2024-08-24 10:00:00,REF-20000-09-17-2024
PRJ-006433,REQ-006434,Aprovuar,2024-08-22 09:00:00,REF-20140-09-17-2024
PRJ-006475,REQ-006476,Aprovuar,2024-08-24 08:00:00,REF-19674-09-16-2024
PRJ-006476,REQ-006477,Aprovuar,2024-09-08 08:00:00,REF-19565-09-16-2024
PRJ-006477,REQ-006478,Aprovuar,2024-08-24 08:00:00,REF-19555-09-16-2024
PRJ-006479,REQ-006480,Aprovuar,2024-09-10 10:00:00,REF-19213-09-13-2024
PRJ-006480,REQ-006481,Aprovuar,2024-08-30 10:00:00,REF-19211-09-13-2024
PRJ-006482,REQ-006483,Aprovuar,2024-08-28 09:00:00,REF-18978-09-12-2024
PRJ-006484,REQ-006485,Aprovuar,2024-08-27 11:00:00,REF-18921-09-12-2024
PRJ-006485,REQ-006486,Aprovuar,2024-09-02 08:00:00,REF-18932-09-12-2024
PRJ-006487,REQ-006488,Aprovuar,2024-09-02 08:00:00,REF-18691-09-11-2024
PRJ-006489,REQ-006490,Aprovuar,2024-09-08 10:00:00,REF-18870-09-12-2024
PRJ-006490,REQ-006491,Aprovuar,2024-08-29 10:00:00,REF-19026-09-12-2024
PRJ-006492,REQ-006493,Aprovuar,2024-09-07 08:00:00,REF-18855-09-12-2024
PRJ-006495,REQ-006496,Aprovuar,2024-08-16 09:00:00,REF-18058-09-05-2024
PRJ-006496,REQ-006497,Aprovuar,2024-08-26 08:00:00,REF-18708-09-11-2024
PRJ-006497,REQ-006498,Aprovuar,2024-08-27 11:00:00,REF-18748-09-11-2024
PRJ-006498,REQ-006499,Aprovuar,2024-08-29 11:00:00,REF-18740-09-11-2024
PRJ-006499,REQ-006500,Aprovuar,2024-08-29 11:00:00,REF-18744-09-11-2024
PRJ-006500,REQ-006501,Aprovuar,2024-08-16 08:00:00,REF-18059-09-05-2024
