kodi_projekti,viti_fiskal,vlera_planifikuar_fillestare,vlera_miratuar_aktuale,perfshin_tvsh,vlera_disbursuar,data_miratimit_buxhetit,data_rishikimit_fundit
PRJ-000001,2026,1357665.84,1357665.84,True,,2026-07-23 10:00:00,
PRJ-000002,2026,191992.8,238118.87,True,,2026-07-05 08:00:00,2026-09-16 08:00:00
PRJ-000003,2026,301612.8,310707.75,True,,2026-07-19 08:00:00,2026-09-16 08:00:00
PRJ-000004,2026,109620.0,109620.0,True,,2026-07-25 08:00:00,
PRJ-000005,2026,,,,,,
PRJ-000006,2026,3600000.0,3600000.0,True,,2026-08-05 10:00:00,
PRJ-000007,2026,6584487.08,6584487.08,True,,2026-06-29 10:00:00,
PRJ-000008,2026,5999998.92,5999998.92,True,,2026-07-28 10:00:00,
PRJ-000009,2026,4192200.0,4346005.12,True,,2026-07-02 12:00:00,2026-09-16 12:00:00
PRJ-000010,2026,3239763.6,3239763.6,True,,2026-06-23 13:30:00,
PRJ-000011,2026,1705920.0,1705920.0,True,,2026-06-24 08:00:00,
PRJ-000012,2026,2641320.0,2382387.71,True,,2026-07-08 08:00:00,2026-09-16 08:00:00
PRJ-000013,2026,935400.0,935400.0,True,,2026-07-09 08:00:00,
PRJ-000014,2026,1500000.0,1500000.0,True,,2026-08-13 08:00:00,
PRJ-000015,2026,1499719.2,1499719.2,True,,2026-06-28 09:00:00,
PRJ-000016,2026,11651630.4,11651630.4,True,,2026-07-11 10:30:00,
PRJ-000017,2026,9999041.78,11646581.4,True,,2026-07-02 08:00:00,2026-09-16 08:00:00
PRJ-000018,2026,2179233.6,2179233.6,True,,2026-07-02 08:00:00,
PRJ-000019,2026,4300000.8,4804653.99,True,,2026-08-10 10:30:00,2026-09-16 10:30:00
PRJ-000020,2026,18286652.4,18286652.4,True,,2026-07-15 10:00:00,
PRJ-000021,2026,4938675.6,4938675.6,True,,2026-07-01 08:00:00,
PRJ-000022,2026,9994274.44,9994274.44,True,,2026-06-20 10:00:00,
PRJ-000023,2026,2331636.54,2331636.54,True,,2026-08-16 08:00:00,
PRJ-000024,2026,2666896.44,2666896.44,True,,2026-06-24 08:00:00,
PRJ-000025,2026,9790571.9,9790571.9,True,,2026-07-19 08:00:00,
PRJ-000026,2026,4792038.92,4792038.92,True,,2026-07-24 08:00:00,
PRJ-000027,2026,23155999.2,20516658.6,True,,2026-07-02 09:00:00,2026-09-16 09:00:00
PRJ-000028,2026,,,,,,
PRJ-000029,2026,13588000.0,15334440.5,True,,2026-07-19 11:00:00,2026-09-16 11:00:00
PRJ-000030,2026,,,,,,
PRJ-000031,2026,8245800.0,8245800.0,True,,2026-07-12 08:00:00,
PRJ-000032,2026,14136540.0,17455220.92,True,,2026-07-27 08:00:00,2026-09-16 08:00:00
PRJ-000033,2026,10080000.0,10080000.0,True,,2026-08-02 08:00:00,
PRJ-000034,2026,17085192.0,17085192.0,True,,2026-07-06 08:00:00,
PRJ-000035,2026,85724130.0,85724130.0,True,,2026-08-13 08:00:00,
PRJ-000036,2026,36176598.0,36176598.0,True,,2026-08-06 08:00:00,
PRJ-000037,2026,,,,,,
PRJ-000038,2026,27297737.65,27297737.65,True,,2026-06-27 08:00:00,
PRJ-000039,2026,,,,,,
PRJ-000040,2026,15373598.4,15373598.4,True,,2026-07-11 11:00:00,
PRJ-000041,2026,46570215.76,46570215.76,True,,2026-08-13 09:00:00,
PRJ-000042,2026,14262399.6,14262399.6,True,,2026-07-19 08:30:00,
PRJ-000043,2026,15600000.0,15600000.0,True,,2026-08-12 11:00:00,
PRJ-000044,2026,39999435.24,39999435.24,True,,2026-06-23 08:00:00,
PRJ-000045,2026,,,,,,
PRJ-000046,2026,,,,,,
PRJ-000047,2026,,,,,,
PRJ-000048,2026,,,,,,
PRJ-000049,2026,,,,,,
PRJ-000050,2026,,,,,,
PRJ-000051,2026,,,,,,
PRJ-000052,2026,,,,,,
PRJ-000053,2026,,,,,,
PRJ-000054,2026,,,,,,
PRJ-000055,2026,,,,,,
PRJ-000056,2026,,,,,,
PRJ-000057,2026,1969716.0,1969716.0,True,,2026-07-28 11:00:00,
PRJ-000058,2026,3992160.0,3992160.0,True,,2026-08-16 12:00:00,
PRJ-000059,2026,,,,,,
PRJ-000060,2026,1694124.0,1895548.63,True,,2026-07-16 09:00:00,2026-08-19 09:00:00
PRJ-000061,2026,2061680.0,2061680.0,True,,2026-06-21 11:00:00,
PRJ-000062,2026,1985109.5,1985109.5,True,,2026-06-19 12:00:00,
PRJ-000063,2026,,,,,,
PRJ-000064,2026,5304768.0,5304768.0,True,,2026-07-30 11:00:00,
PRJ-000065,2026,2613000.0,2613000.0,True,,2026-08-05 10:00:00,
PRJ-000066,2026,3743490.0,3743490.0,True,,2026-06-23 01:30:00,
PRJ-000067,2026,9973200.0,8656381.04,True,,2026-07-30 10:00:00,2026-09-15 10:00:00
PRJ-000068,2026,15422840.4,15422840.4,True,,2026-06-24 10:00:00,
PRJ-000069,2026,5887999.2,5887999.2,True,,2026-06-24 11:00:00,
PRJ-000070,2026,,,,,,
PRJ-000071,2026,600000000.0,600000000.0,True,,2026-07-08 09:00:00,
PRJ-000072,2026,2798400.0,2798400.0,True,,2026-07-03 08:00:00,
PRJ-000073,2026,,,,,,
PRJ-000074,2026,2991540.0,2991540.0,True,,2026-08-11 11:00:00,
PRJ-000075,2026,15866307.0,15866307.0,True,,2026-08-07 10:00:00,
PRJ-000076,2026,26811702.4,26811702.4,True,,2026-08-06 09:00:00,
PRJ-000077,2026,2336649.6,2336649.6,True,,2026-06-19 11:30:00,
PRJ-000078,2026,112934437.2,101949178.81,True,,2026-08-17 08:00:00,2026-09-03 08:00:00
PRJ-000079,2026,10993336.8,10993336.8,True,,2026-06-22 08:00:00,
PRJ-000080,2026,,,,,,
PRJ-000081,2026,51457834.0,51457834.0,True,,2026-08-16 12:00:00,
PRJ-000082,2026,,,,,,
PRJ-000083,2026,,,,,,
PRJ-000084,2026,,,,,,
PRJ-000085,2026,,,,,,
PRJ-000086,2026,,,,,,
PRJ-000087,2026,1648495.2,1648495.2,True,,2026-07-16 10:00:00,
PRJ-000088,2026,2995400.4,2995400.4,True,,2026-06-19 08:00:00,
PRJ-000089,2026,503480.4,503480.4,True,,2026-08-07 08:00:00,
PRJ-000090,2026,1018658.4,1036633.37,True,,2026-08-10 08:00:00,2026-08-26 08:00:00
PRJ-000091,2026,515178.0,515178.0,True,,2026-07-11 08:00:00,
PRJ-000092,2026,2410371.6,2410371.6,True,,2026-07-09 11:00:00,
PRJ-000093,2026,3276597.6,3872189.48,True,,2026-08-01 10:00:00,2026-09-14 10:00:00
PRJ-000094,2026,8604000.0,8604000.0,True,,2026-07-15 08:00:00,
PRJ-000095,2026,1263660.0,1263660.0,True,,2026-07-11 08:00:00,
PRJ-000096,2026,10442254.8,10442254.8,True,,2026-07-22 08:00:00,
PRJ-000097,2026,574594.8,542799.57,True,,2026-07-20 08:00:00,2026-09-14 08:00:00
PRJ-000098,2026,1980000.0,1735714.61,True,,2026-06-28 08:00:00,2026-09-14 08:00:00
PRJ-000099,2026,,,,,,
PRJ-000100,2026,6380000.4,6380000.4,True,,2026-06-21 15:00:00,
PRJ-000101,2026,2231880.0,2151282.42,True,,2026-07-12 00:00:00,2026-08-21 00:00:00
PRJ-000102,2026,5111898.0,4702213.05,True,,2026-08-15 09:00:00,2026-09-14 09:00:00
PRJ-000103,2026,4989600.0,4989600.0,True,,2026-06-29 11:30:00,
PRJ-000104,2026,,,,,,
PRJ-000105,2026,,,,,,
PRJ-000106,2026,7489800.0,7489800.0,True,,2026-07-15 10:00:00,
PRJ-000107,2026,2031492.0,1929419.75,True,,2026-07-08 09:00:00,2026-09-14 09:00:00
PRJ-000108,2026,11999323.09,11999323.09,True,,2026-08-13 09:00:00,
PRJ-000109,2026,292975.2,292975.2,True,,2026-08-10 10:00:00,
PRJ-000110,2026,76189.2,76189.2,True,,2026-07-05 10:00:00,
PRJ-000111,2026,300612.0,300612.0,True,,2026-06-26 10:00:00,
PRJ-000112,2026,442550.4,442550.4,True,,2026-07-12 10:00:00,
PRJ-000113,2026,325281.6,325281.6,True,,2026-07-08 10:00:00,
PRJ-000114,2026,325279.2,325279.2,True,,2026-07-28 10:00:00,
PRJ-000115,2026,312814.8,312814.8,True,,2026-06-25 10:00:00,
PRJ-000116,2026,337432.8,337432.8,True,,2026-08-01 10:00:00,
PRJ-000117,2026,318930.0,318930.0,True,,2026-08-08 10:00:00,
PRJ-000118,2026,3044640.0,3035520.46,True,,2026-07-17 10:00:00,2026-09-14 10:00:00
PRJ-000119,2026,312574.8,312574.8,True,,2026-07-24 10:00:00,
PRJ-000120,2026,19136400.0,19136400.0,True,,2026-07-07 14:00:00,
PRJ-000121,2026,7181736.68,7181736.68,True,,2026-07-19 10:00:00,
PRJ-000122,2026,,,,,,
PRJ-000123,2026,4038000.0,4038000.0,True,,2026-07-14 08:00:00,
PRJ-000124,2026,27873516.0,27873516.0,True,,2026-08-06 09:00:00,
PRJ-000125,2026,77873516.4,77873516.4,True,,2026-07-17 09:00:00,
PRJ-000126,2026,1419692.76,1419692.76,True,,2026-07-09 08:30:00,
PRJ-000127,2026,50000000.4,61218796.94,True,,2026-07-03 09:00:00,2026-08-09 09:00:00
PRJ-000128,2026,2596320.0,2596320.0,True,,2026-06-29 10:00:00,
PRJ-000129,2026,6999999.6,6999999.6,True,,2026-06-29 09:00:00,
PRJ-000130,2026,1208286.0,1324844.86,True,,2026-07-12 09:00:00,2026-08-23 09:00:00
PRJ-000131,2026,61194683.96,61194683.96,True,,2026-07-18 00:00:00,
PRJ-000132,2026,7499913.6,7499913.6,True,,2026-06-21 00:00:00,
PRJ-000133,2026,3985140.0,3985140.0,True,,2026-08-08 08:00:00,
PRJ-000134,2026,14999943.6,13276204.15,True,,2026-07-18 10:00:00,2026-09-14 10:00:00
PRJ-000135,2026,6899607.86,6899607.86,True,,2026-06-30 08:00:00,
PRJ-000136,2026,1780952.2,1780952.2,True,,2026-06-23 08:00:00,
PRJ-000137,2026,,,,,,
PRJ-000138,2026,4137237.6,3761217.93,True,,2026-07-28 08:00:00,2026-08-26 08:00:00
PRJ-000139,2026,3278218.8,3278218.8,True,,2026-08-09 09:00:00,
PRJ-000140,2026,22435200.0,22435200.0,True,,2026-07-25 00:00:00,
PRJ-000141,2026,19080000.0,19080000.0,True,,2026-07-08 12:00:00,
PRJ-000142,2026,90536566.08,90536566.08,True,,2026-07-22 08:30:00,
PRJ-000143,2026,15265545.6,15265545.6,True,,2026-08-09 08:00:00,
PRJ-000144,2026,16328452.8,16328452.8,True,,2026-07-14 12:00:00,
PRJ-000145,2026,,,,,,
PRJ-000146,2026,,,,,,
PRJ-000147,2026,,,,,,
PRJ-000148,2026,,,,,,
PRJ-000149,2026,,,,,,
PRJ-000150,2026,,,,,,
PRJ-000151,2026,,,,,,
PRJ-000152,2026,,,,,,
PRJ-000153,2026,,,,,,
PRJ-000154,2026,4708500.0,4708500.0,True,,2026-07-05 10:00:00,
PRJ-000155,2026,1673815.0,2091669.34,True,,2026-08-14 08:30:00,2026-09-13 08:30:00
PRJ-000156,2026,1784160.0,1784160.0,True,,2026-08-10 10:00:00,
PRJ-000157,2026,2101180.8,2438855.63,True,,2026-08-01 09:00:00,2026-09-13 09:00:00
PRJ-000158,2026,7199563.2,7199563.2,True,,2026-06-19 09:00:00,
PRJ-000159,2026,1766270.4,1929420.92,True,,2026-06-17 10:00:00,2026-09-13 10:00:00
PRJ-000160,2026,1980000.0,2317363.37,True,,2026-06-25 09:00:00,2026-09-13 09:00:00
PRJ-000161,2026,7947104.4,7947104.4,True,,2026-06-26 10:00:00,
PRJ-000162,2026,3984224.4,3585680.33,True,,2026-07-04 09:00:00,2026-09-13 09:00:00
PRJ-000163,2026,9498709.2,9498709.2,True,,2026-07-08 08:00:00,
PRJ-000164,2026,3840000.0,3679885.44,True,,2026-07-02 12:00:00,2026-08-02 12:00:00
PRJ-000165,2026,,,,,,
PRJ-000166,2026,5594400.0,6134391.56,True,,2026-08-15 08:00:00,2026-09-05 08:00:00
PRJ-000167,2026,2422740.0,2148215.46,True,,2026-07-03 08:30:00,2026-09-13 08:30:00
PRJ-000168,2026,10144002.0,10144002.0,True,,2026-07-13 09:00:00,
PRJ-000169,2026,2499999.6,2499999.6,True,,2026-07-20 11:00:00,
PRJ-000170,2026,1996920.0,1996920.0,True,,2026-07-21 08:00:00,
PRJ-000171,2026,1996818.0,1996818.0,True,,2026-07-19 08:00:00,
PRJ-000172,2026,22999999.2,22999999.2,True,,2026-07-04 08:00:00,
PRJ-000173,2026,68424720.0,61831166.45,True,,2026-06-19 08:30:00,2026-08-18 08:30:00
PRJ-000174,2026,14995908.0,14995908.0,True,,2026-07-20 10:00:00,
PRJ-000175,2026,14827526.4,14827526.4,True,,2026-07-21 11:30:00,
PRJ-000176,2026,14640000.0,14640000.0,True,,2026-07-11 08:30:00,
PRJ-000177,2026,90250800.0,90250800.0,True,,2026-07-21 08:30:00,
PRJ-000178,2026,75610800.0,75610800.0,True,,2026-07-12 08:30:00,
PRJ-000179,2026,59882786.4,59882786.4,True,,2026-07-07 08:00:00,
PRJ-000180,2026,42522433.48,42522433.48,True,,2026-06-28 08:00:00,
PRJ-000181,2026,0.0,0.0,True,,2026-07-06 10:00:00,
PRJ-000182,2026,27999999.6,27999999.6,True,,2026-07-12 10:00:00,
PRJ-000183,2026,30000000.0,30000000.0,True,,2026-07-02 10:00:00,
PRJ-000184,2026,,,,,,
PRJ-000185,2026,,,,,,
PRJ-000186,2026,,,,,,
PRJ-000187,2026,,,,,,
PRJ-000188,2026,,,,,,
PRJ-000189,2026,,,,,,
PRJ-000190,2026,1080000.0,1039224.14,True,,2026-07-09 10:00:00,2026-09-10 10:00:00
PRJ-000191,2026,1680000.0,1680000.0,True,,2026-08-08 10:00:00,
PRJ-000192,2026,600000.0,600000.0,True,,2026-06-30 10:00:00,
PRJ-000193,2026,2157120.0,2351985.94,True,,2026-07-21 10:00:00,2026-09-10 10:00:00
PRJ-000194,2026,4721060.4,4721060.4,True,,2026-08-08 11:00:00,
PRJ-000195,2026,10032000.0,10032000.0,True,,2026-06-26 09:00:00,
PRJ-000196,2026,3150000.0,3150000.0,True,,2026-06-17 16:00:00,
PRJ-000197,2026,4983192.0,5282359.53,True,,2026-07-15 00:00:00,2026-08-26 00:00:00
PRJ-000198,2026,,,,,,
PRJ-000199,2026,,,,,,
PRJ-000200,2026,,,,,,
PRJ-000201,2026,2395999.99,2395999.99,True,,2026-06-22 12:00:00,
PRJ-000202,2026,906348.0,906348.0,True,,2026-07-16 11:00:00,
PRJ-000203,2026,3923146.8,3923146.8,True,,2026-08-10 11:00:00,
PRJ-000204,2026,3016798.8,2782606.7,True,,2026-07-29 11:00:00,2026-09-10 11:00:00
PRJ-000205,2026,1659756.0,1659756.0,True,,2026-07-29 09:00:00,
PRJ-000206,2026,2402877.6,2402877.6,True,,2026-07-08 09:00:00,
PRJ-000207,2026,3860487.6,3860487.6,True,,2026-07-29 10:00:00,
PRJ-000208,2026,2290234.94,2290234.94,True,,2026-07-04 11:00:00,
PRJ-000209,2026,519860552.0,519860552.0,True,,2026-08-09 08:00:00,
PRJ-000210,2026,968494267.2,968494267.2,True,,2026-07-23 08:00:00,
PRJ-000211,2026,104829680.0,104829680.0,True,,2026-06-27 08:00:00,
PRJ-000212,2026,152775000.0,152775000.0,True,,2026-06-18 08:00:00,
PRJ-000213,2026,1963022771.21,1963022771.21,True,,2026-07-22 08:00:00,
PRJ-000214,2026,217063272.0,217063272.0,True,,2026-08-06 08:00:00,
PRJ-000215,2026,161776626.0,159437700.67,True,,2026-07-05 09:00:00,2026-09-10 09:00:00
PRJ-000216,2026,179400000.0,179400000.0,True,,2026-07-01 10:00:00,
PRJ-000217,2026,19172006.95,19172006.95,True,,2026-07-09 11:00:00,
PRJ-000218,2026,32151096.0,32151096.0,True,,2026-07-11 08:00:00,
PRJ-000219,2026,155669917.12,155669917.12,True,,2026-06-20 09:00:00,
PRJ-000220,2026,,,,,,
PRJ-000221,2026,510880575.66,510880575.66,True,,2026-07-26 08:00:00,
PRJ-000222,2026,,,,,,
PRJ-000223,2026,,,,,,
PRJ-000224,2026,,,,,,
PRJ-000225,2026,,,,,,
PRJ-000226,2026,,,,,,
PRJ-000227,2026,,,,,,
PRJ-000228,2026,,,,,,
PRJ-000229,2026,6999960.0,6999960.0,True,,2026-08-02 09:00:00,
PRJ-000230,2026,3017190.0,3017190.0,True,,2026-07-04 08:00:00,
PRJ-000231,2026,3311474.44,3844414.03,True,,2026-06-14 10:00:00,2026-09-09 10:00:00
PRJ-000232,2026,1999560.0,1999560.0,True,,2026-07-14 09:00:00,
PRJ-000233,2026,2998640.4,3215096.31,True,,2026-06-24 12:00:00,2026-09-09 12:00:00
PRJ-000234,2026,3020400.0,3020400.0,True,,2026-07-28 12:00:00,
PRJ-000235,2026,1371200.04,1225459.19,True,,2026-06-16 11:00:00,2026-09-09 11:00:00
PRJ-000236,2026,1662196.8,1662196.8,True,,2026-06-25 11:00:00,
PRJ-000237,2026,290996.76,274646.83,True,,2026-06-24 11:00:00,2026-07-25 11:00:00
PRJ-000238,2026,3271248.0,3453952.88,True,,2026-06-20 12:00:00,2026-08-17 12:00:00
PRJ-000239,2026,3491750.0,3491750.0,True,,2026-06-30 09:00:00,
PRJ-000240,2026,3505617.6,4175584.77,True,,2026-07-11 12:00:00,2026-09-09 12:00:00
PRJ-000241,2026,49498047.6,49498047.6,True,,2026-07-24 08:00:00,
PRJ-000242,2026,51451644.0,51451644.0,True,,2026-07-26 08:00:00,
PRJ-000243,2026,,,,,,
PRJ-000244,2026,164907880.99,164907880.99,True,,2026-07-22 08:30:00,
PRJ-000245,2026,,,,,,
PRJ-000246,2026,,,,,,
PRJ-000247,2026,,,,,,
PRJ-000248,2026,,,,,,
PRJ-000249,2026,,,,,,
PRJ-000250,2026,,,,,,
PRJ-000251,2026,,,,,,
PRJ-000252,2026,,,,,,
PRJ-000253,2026,3722563.73,3722563.73,True,,2026-07-18 08:00:00,
PRJ-000254,2026,8999334.0,8999334.0,True,,2026-08-02 10:00:00,
PRJ-000255,2026,1381470.24,1424726.79,True,,2026-07-29 08:30:00,2026-09-08 08:30:00
PRJ-000256,2026,10461130.44,10461130.44,True,,2026-06-17 08:00:00,
PRJ-000257,2026,5983996.8,5983996.8,True,,2026-06-12 10:00:00,
PRJ-000258,2026,6723298.8,6589754.54,True,,2026-06-17 10:00:00,2026-09-08 10:00:00
PRJ-000259,2026,,,,,,
PRJ-000260,2026,6000000.0,6000000.0,True,,2026-07-05 14:00:00,
PRJ-000261,2026,3597184.0,3597184.0,True,,2026-07-27 14:00:00,
PRJ-000262,2026,1999155.6,1999155.6,True,,2026-06-18 08:00:00,
PRJ-000263,2026,4936135.2,4936135.2,True,,2026-06-23 10:00:00,
PRJ-000264,2026,300000000.0,300000000.0,True,,2026-07-12 08:00:00,
PRJ-000265,2026,,,,,,
PRJ-000266,2026,263655960.73,263655960.73,True,,2026-06-16 10:00:00,
PRJ-000267,2026,34995600.0,38886020.63,True,,2026-07-07 00:00:00,2026-09-08 00:00:00
PRJ-000268,2026,1486362506.4,1486362506.4,True,,2026-08-02 10:00:00,
PRJ-000269,2026,39999741.6,34657041.61,True,,2026-08-07 08:00:00,2026-09-08 08:00:00
PRJ-000270,2026,,,,,,
PRJ-000271,2026,,,,,,
PRJ-000272,2026,,,,,,
PRJ-000273,2026,,,,,,
PRJ-000274,2026,,,,,,
PRJ-000275,2026,,,,,,
PRJ-000276,2026,,,,,,
PRJ-000277,2026,,,,,,
PRJ-000278,2026,,,,,,
PRJ-000279,2026,,,,,,
PRJ-000280,2026,1975999.2,1975999.2,True,,2026-07-16 12:00:00,
PRJ-000281,2026,2317752.0,2317752.0,True,,2026-08-03 08:00:00,
PRJ-000282,2026,4286400.0,4286400.0,True,,2026-07-10 12:00:00,
PRJ-000283,2026,3191000.4,3191000.4,True,,2026-07-14 12:00:00,
PRJ-000284,2026,2908680.0,2908680.0,True,,2026-07-25 10:00:00,
PRJ-000285,2026,6985791.12,6985791.12,True,,2026-07-11 08:00:00,
PRJ-000286,2026,9999999.96,9999999.96,True,,2026-07-21 10:00:00,
PRJ-000287,2026,31964886.0,31964886.0,True,,2026-07-12 08:00:00,
PRJ-000288,2026,19750585.2,24046915.73,True,,2026-08-07 10:00:00,2026-09-05 10:00:00
PRJ-000289,2026,21888000.0,19573383.11,True,,2026-06-27 10:00:00,2026-09-07 10:00:00
PRJ-000290,2026,178017115.68,178017115.68,True,,2026-07-06 09:00:00,
PRJ-000291,2026,387419572.68,387419572.68,True,,2026-08-09 09:00:00,
PRJ-000292,2026,209402457.0,209402457.0,True,,2026-07-31 09:00:00,
PRJ-000293,2026,15694359.6,15694359.6,True,,2026-07-25 08:30:00,
PRJ-000294,2026,72743802.0,72743802.0,True,,2026-07-04 09:00:00,
PRJ-000295,2026,169164364.8,169164364.8,True,,2026-06-21 10:00:00,
PRJ-000296,2026,2499999875.3,2539025967.14,True,,2026-07-04 08:00:00,2026-09-07 08:00:00
PRJ-000297,2026,16044000.0,15860961.42,True,,2026-07-17 08:00:00,2026-08-04 08:00:00
PRJ-000298,2026,18000000.0,18000000.0,True,,2026-06-26 10:30:00,
PRJ-000299,2026,,,,,,
PRJ-000300,2026,,,,,,
PRJ-000301,2026,3359881.8,3049050.62,True,,2026-06-30 10:00:00,2026-09-03 10:00:00
PRJ-000302,2026,3892363.22,3892363.22,True,,2026-07-29 10:00:00,
PRJ-000303,2026,6366896.38,7941008.57,True,,2026-07-01 08:00:00,2026-09-03 08:00:00
PRJ-000304,2026,1536763.08,1536763.08,True,,2026-06-12 08:00:00,
PRJ-000305,2026,2296770.36,2296770.36,True,,2026-06-29 10:00:00,
PRJ-000306,2026,2049077.28,2049077.28,True,,2026-06-30 10:00:00,
PRJ-000307,2026,2294498.04,2497068.97,True,,2026-06-15 10:00:00,2026-07-25 10:00:00
PRJ-000308,2026,8817782.76,8817782.76,True,,2026-06-29 10:00:00,
PRJ-000309,2026,2177437.08,2177437.08,True,,2026-06-21 10:00:00,
PRJ-000310,2026,9973200.0,9973200.0,True,,2026-07-20 10:00:00,
PRJ-000311,2026,2593080.0,2593080.0,True,,2026-06-10 11:00:00,
PRJ-000312,2026,,,,,,
PRJ-000313,2026,1761729.24,1761729.24,True,,2026-07-10 09:00:00,
PRJ-000314,2026,10399994.4,10399994.4,True,,2026-06-26 08:00:00,
PRJ-000315,2026,,,,,,
PRJ-000316,2026,9570960.0,9570960.0,True,,2026-07-20 09:30:00,
PRJ-000317,2026,2448000.0,2448000.0,True,,2026-06-07 10:00:00,
PRJ-000318,2026,1484531.72,1484531.72,True,,2026-06-13 08:00:00,
PRJ-000319,2026,3492932.4,3492932.4,True,,2026-07-11 08:30:00,
PRJ-000320,2026,4898853.6,4898853.6,True,,2026-07-04 09:00:00,
PRJ-000321,2026,4996862.4,6054145.1,True,,2026-06-24 08:30:00,2026-09-03 08:30:00
PRJ-000322,2026,1993089.6,2286951.02,True,,2026-07-30 09:00:00,2026-09-03 09:00:00
PRJ-000323,2026,5106481.84,5106481.84,True,,2026-06-17 08:00:00,
PRJ-000324,2026,4200000.0,4200000.0,True,,2026-06-28 09:00:00,
PRJ-000325,2026,1499880.0,1499880.0,True,,2026-07-13 08:00:00,
PRJ-000326,2026,1380000.0,1380000.0,True,,2026-07-06 08:00:00,
PRJ-000327,2026,10980055.91,10980055.91,True,,2026-07-14 10:00:00,
PRJ-000328,2026,2661898.8,2991507.96,True,,2026-08-03 08:00:00,2026-09-03 08:00:00
PRJ-000329,2026,,,,,,
PRJ-000330,2026,,,,,,
PRJ-000331,2026,2456159.16,2456159.16,True,,2026-06-21 12:00:00,
PRJ-000332,2026,1712199.6,1812885.36,True,,2026-07-24 12:30:00,2026-08-17 12:30:00
PRJ-000333,2026,,,,,,
PRJ-000334,2026,15578968.39,15578968.39,True,,2026-07-31 08:00:00,
PRJ-000335,2026,92695999.99,92695999.99,True,,2026-06-13 10:00:00,
PRJ-000336,2026,,,,,,
PRJ-000337,2026,,,,,,
PRJ-000338,2026,14033520.0,14033520.0,True,,2026-06-19 12:00:00,
PRJ-000339,2026,87837308.4,87837308.4,True,,2026-07-15 10:00:00,
PRJ-000340,2026,60065893.2,58371230.76,True,,2026-07-23 11:00:00,2026-09-03 11:00:00
PRJ-000341,2026,,,,,,
PRJ-000342,2026,,,,,,
PRJ-000343,2026,,,,,,
PRJ-000344,2026,1995556.99,1995556.99,True,,2026-07-25 08:00:00,
PRJ-000345,2026,4158621.6,4158621.6,True,,2026-06-14 10:00:00,
PRJ-000346,2026,1595997.6,1595997.6,True,,2026-07-17 10:00:00,
PRJ-000347,2026,2071200.0,2071200.0,True,,2026-06-19 14:00:00,
PRJ-000348,2026,3000000.0,3625346.5,True,,2026-06-08 09:00:00,2026-09-02 09:00:00
PRJ-000349,2026,2352000.0,2352000.0,True,,2026-06-28 12:00:00,
PRJ-000350,2026,3255360.0,3255360.0,True,,2026-07-24 10:00:00,
PRJ-000351,2026,3402643.2,3402643.2,True,,2026-06-30 08:00:00,
PRJ-000352,2026,9966349.2,9966349.2,True,,2026-06-22 08:00:00,
PRJ-000353,2026,39501646.8,48429319.36,True,,2026-07-31 16:00:00,2026-09-02 16:00:00
PRJ-000354,2026,80000000.4,80000000.4,True,,2026-07-04 11:30:00,
PRJ-000355,2026,27248105.32,27248105.32,True,,2026-07-03 09:00:00,
PRJ-000356,2026,12600000.0,12600000.0,True,,2026-07-28 00:00:00,
PRJ-000357,2026,26616000.0,28526140.38,True,,2026-06-07 14:00:00,2026-09-02 14:00:00
PRJ-000358,2026,35999779.2,32312729.49,True,,2026-07-26 08:00:00,2026-09-02 08:00:00
PRJ-000359,2026,17597030.4,17597030.4,True,,2026-06-28 14:00:00,
PRJ-000360,2026,32009616.58,39866106.79,True,,2026-07-03 08:00:00,2026-08-10 08:00:00
PRJ-000361,2026,36007307.15,36007307.15,True,,2026-06-14 12:00:00,
PRJ-000362,2026,23782339.2,23782339.2,True,,2026-07-01 13:00:00,
PRJ-000363,2026,,,,,,
PRJ-000364,2026,,,,,,
PRJ-000365,2026,2912025.28,2912025.28,True,,2026-06-26 10:00:00,
PRJ-000366,2026,2389839.6,2389839.6,True,,2026-07-02 08:00:00,
PRJ-000367,2026,4553067.23,5679256.57,True,,2026-07-17 10:00:00,2026-09-01 10:00:00
PRJ-000368,2026,102878.4,93715.09,True,,2026-07-07 12:00:00,2026-09-01 12:00:00
PRJ-000369,2026,288000.0,288000.0,True,,2026-07-11 12:00:00,
PRJ-000370,2026,283200.0,283200.0,True,,2026-06-21 12:00:00,
PRJ-000371,2026,183783.6,183783.6,True,,2026-06-24 12:00:00,
PRJ-000372,2026,1753962.0,1753962.0,True,,2026-07-02 12:00:00,
PRJ-000373,2026,896100.0,896100.0,True,,2026-06-04 12:00:00,
PRJ-000374,2026,2477997.19,2477997.19,True,,2026-08-01 11:00:00,
PRJ-000375,2026,1922281.2,1922281.2,True,,2026-06-19 10:00:00,
PRJ-000376,2026,2799686.4,2799686.4,True,,2026-06-24 09:00:00,
PRJ-000377,2026,10506000.0,10506000.0,True,,2026-07-12 13:00:00,
PRJ-000378,2026,2096400.0,2096400.0,True,,2026-06-30 08:30:00,
PRJ-000379,2026,1882767.46,1882767.46,True,,2026-06-09 08:00:00,
PRJ-000380,2026,4669949.86,4669949.86,True,,2026-07-14 08:00:00,
PRJ-000381,2026,2787182.4,3113271.51,True,,2026-07-27 08:00:00,2026-09-01 08:00:00
PRJ-000382,2026,,,,,,
PRJ-000383,2026,2199999.6,2199999.6,True,,2026-06-15 10:00:00,
PRJ-000384,2026,2991454.8,2991454.8,True,,2026-06-19 09:00:00,
PRJ-000385,2026,4374963.6,4200231.97,True,,2026-06-18 16:30:00,2026-07-25 16:30:00
PRJ-000386,2026,9997606.8,9997606.8,True,,2026-06-23 08:00:00,
PRJ-000387,2026,12566962.8,12566962.8,True,,2026-07-01 09:00:00,
PRJ-000388,2026,51024600.0,51024600.0,True,,2026-06-27 08:00:00,
PRJ-000389,2026,133152600.0,133152600.0,True,,2026-07-15 08:00:00,
PRJ-000390,2026,82128000.0,82951298.58,True,,2026-06-23 08:00:00,2026-09-01 08:00:00
PRJ-000391,2026,58863195.6,58863195.6,True,,2026-07-24 11:30:00,
PRJ-000392,2026,140000000.4,140000000.4,True,,2026-06-12 09:00:00,
PRJ-000393,2026,21020019.12,21020019.12,True,,2026-06-15 10:00:00,
PRJ-000394,2026,2000000000.4,2000000000.4,True,,2026-06-06 09:00:00,
PRJ-000395,2026,,,,,,
PRJ-000396,2026,,,,,,
PRJ-000397,2026,129935187.08,129935187.08,True,,2026-07-20 08:00:00,
PRJ-000398,2026,,,,,,
PRJ-000399,2026,,,,,,
PRJ-000400,2026,1502239.2,1502239.2,True,,2026-06-25 00:00:00,
PRJ-000401,2026,,,,,,
PRJ-000402,2026,9710580.0,9710580.0,True,,2026-07-16 11:30:00,
PRJ-000403,2026,2499999.6,2499999.6,True,,2026-06-29 10:00:00,
PRJ-000404,2026,8460000.0,8460000.0,True,,2026-07-06 09:00:00,
PRJ-000405,2026,2806040.4,3254261.47,True,,2026-06-27 08:00:00,2026-07-31 08:00:00
PRJ-000406,2026,1993080.0,1816862.69,True,,2026-06-03 10:00:00,2026-06-22 10:00:00
PRJ-000407,2026,2805600.0,2805600.0,True,,2026-07-16 10:00:00,
PRJ-000408,2026,14232015.0,16598730.63,True,,2026-07-18 08:30:00,2026-08-31 08:30:00
PRJ-000409,2026,3919138.8,4636387.11,True,,2026-06-23 13:00:00,2026-08-31 13:00:00
PRJ-000410,2026,6711380.4,6711380.4,True,,2026-07-19 13:00:00,
PRJ-000411,2026,2792241.6,2792241.6,True,,2026-08-02 13:00:00,
PRJ-000412,2026,51000000.0,51000000.0,True,,2026-07-27 08:30:00,
PRJ-000413,2026,14775999.6,14775999.6,True,,2026-07-14 10:00:00,
PRJ-000414,2026,142605894.0,142605894.0,True,,2026-07-21 09:00:00,
PRJ-000415,2026,18208046.4,18208046.4,True,,2026-07-14 08:30:00,
PRJ-000416,2026,22175263.0,22175263.0,True,,2026-06-06 08:00:00,
PRJ-000417,2026,,,,,,
PRJ-000418,2026,,,,,,
PRJ-000419,2026,,,,,,
PRJ-000420,2026,,,,,,
PRJ-000421,2026,,,,,,
PRJ-000422,2026,,,,,,
PRJ-000423,2026,,,,,,
PRJ-000424,2026,,,,,,
PRJ-000425,2026,,,,,,
PRJ-000426,2026,,,,,,
PRJ-000427,2026,,,,,,
PRJ-000428,2026,,,,,,
PRJ-000429,2026,1588447.61,1588447.61,True,,2026-06-11 08:00:00,
PRJ-000430,2026,1680000.0,1680000.0,True,,2026-06-17 00:00:00,
PRJ-000431,2026,2761933.76,3298633.8,True,,2026-07-16 11:00:00,2026-08-30 11:00:00
PRJ-000432,2026,4240728.8,4273775.13,True,,2026-06-13 12:00:00,2026-08-30 12:00:00
PRJ-000433,2026,3803160.0,3803160.0,True,,2026-07-20 11:00:00,
PRJ-000434,2026,4582821.6,4582821.6,True,,2026-07-14 08:00:00,
PRJ-000435,2026,1800000.0,2071073.38,True,,2026-06-04 15:30:00,2026-07-08 15:30:00
PRJ-000436,2026,2699984.4,3183937.84,True,,2026-07-22 08:00:00,2026-08-16 08:00:00
PRJ-000437,2026,1800000.0,2000548.67,True,,2026-07-22 08:00:00,2026-08-30 08:00:00
PRJ-000438,2026,,,,,,
PRJ-000439,2026,4999999.2,4999999.2,True,,2026-06-03 09:00:00,
PRJ-000440,2026,10554423.6,10554423.6,True,,2026-07-19 10:00:00,
PRJ-000441,2026,,,,,,
PRJ-000442,2026,5015760.0,5015760.0,True,,2026-06-28 11:00:00,
PRJ-000443,2026,105600.0,91849.15,True,,2026-06-19 11:00:00,2026-08-30 11:00:00
PRJ-000444,2026,13922460.0,13922460.0,True,,2026-07-03 11:00:00,
PRJ-000445,2026,8801100.0,8801100.0,True,,2026-06-16 11:00:00,
PRJ-000446,2026,,,,,,
PRJ-000447,2026,12000000.0,12000000.0,True,,2026-07-16 08:00:00,
PRJ-000448,2026,86428914.28,86428914.28,True,,2026-06-28 08:30:00,
PRJ-000449,2026,19991968.8,24146391.86,True,,2026-08-01 09:00:00,2026-08-30 09:00:00
PRJ-000450,2026,,,,,,
PRJ-000451,2026,81658008.89,81658008.89,True,,2026-06-12 10:00:00,
PRJ-000452,2026,57186453.6,53530598.53,True,,2026-07-04 12:00:00,2026-08-30 12:00:00
PRJ-000453,2026,254942760.0,226813086.7,True,,2026-06-21 09:00:00,2026-08-30 09:00:00
PRJ-000454,2026,,,,,,
PRJ-000455,2026,3999920.0,4776355.49,True,,2026-07-19 10:00:00,2026-08-27 10:00:00
PRJ-000456,2026,1920840.0,1920840.0,True,,2026-07-26 10:00:00,
PRJ-000457,2026,1251564.0,1508567.89,True,,2026-06-22 12:30:00,2026-07-12 12:30:00
PRJ-000458,2026,4800000.0,4301426.76,True,,2026-07-01 09:00:00,2026-08-27 09:00:00
PRJ-000459,2026,5186832.0,5186832.0,True,,2026-06-08 14:30:00,
PRJ-000460,2026,3255480.0,3255480.0,True,,2026-06-27 12:00:00,
PRJ-000461,2026,4506910.92,4506910.92,True,,2026-07-05 08:00:00,
PRJ-000462,2026,6749368.8,6749368.8,True,,2026-06-24 11:00:00,
PRJ-000463,2026,1499940.0,1499940.0,True,,2026-05-31 09:30:00,
PRJ-000464,2026,11208608.4,11208608.4,True,,2026-05-31 10:00:00,
PRJ-000465,2026,5357191.22,5241659.38,True,,2026-06-24 08:00:00,2026-08-13 08:00:00
PRJ-000466,2026,1999999.99,1999999.99,True,,2026-07-28 10:00:00,
PRJ-000467,2026,3699999.6,3699999.6,True,,2026-07-03 09:00:00,
PRJ-000468,2026,2499999.6,2499999.6,True,,2026-06-11 09:00:00,
PRJ-000469,2026,95935999.2,95935999.2,True,,2026-07-13 10:00:00,
PRJ-000470,2026,1579971498.96,1579971498.96,True,,2026-07-12 09:00:00,
PRJ-000471,2026,4500000.0,4500000.0,True,,2026-05-31 10:00:00,
PRJ-000472,2026,7000000.0,6414975.37,True,,2026-06-29 10:00:00,2026-08-27 10:00:00
PRJ-000473,2026,4500000.0,4500000.0,True,,2026-07-16 10:00:00,
PRJ-000474,2026,19999999.99,19999999.99,True,,2026-07-14 10:00:00,
PRJ-000475,2026,4000000.0,4000000.0,True,,2026-06-23 10:00:00,
PRJ-000476,2026,5108148.3,5108148.3,True,,2026-06-02 08:30:00,
PRJ-000477,2026,14766121.19,12778849.34,True,,2026-06-24 08:30:00,2026-08-27 08:30:00
PRJ-000478,2026,9657972.89,11081403.42,True,,2026-07-20 08:30:00,2026-08-27 08:30:00
PRJ-000479,2026,325660428.0,379283636.62,True,,2026-07-01 08:00:00,2026-08-27 08:00:00
PRJ-000480,2026,2689440.0,2689440.0,True,,2026-06-08 09:00:00,
PRJ-000481,2026,741600.0,860228.68,True,,2026-07-20 09:00:00,2026-08-27 09:00:00
PRJ-000482,2026,1344000.0,1344000.0,True,,2026-07-25 09:00:00,
PRJ-000483,2026,1968000.0,2140611.46,True,,2026-06-01 09:00:00,2026-08-27 09:00:00
PRJ-000484,2026,3024000.0,3024000.0,True,,2026-07-23 09:00:00,
PRJ-000485,2026,4134000.0,4134000.0,True,,2026-06-25 09:00:00,
PRJ-000486,2026,1544400.0,1544400.0,True,,2026-07-04 09:00:00,
PRJ-000487,2026,298200.0,298200.0,True,,2026-07-22 09:00:00,
PRJ-000488,2026,4406400.0,4406400.0,True,,2026-06-16 09:00:00,
PRJ-000489,2026,4533360.0,4797124.38,True,,2026-06-29 09:00:00,2026-08-27 09:00:00
PRJ-000490,2026,26182800.0,26182800.0,True,,2026-07-20 09:00:00,
PRJ-000491,2026,1499400.0,1551415.5,True,,2026-06-22 09:00:00,2026-08-27 09:00:00
PRJ-000492,2026,,,,,,
PRJ-000493,2026,,,,,,
PRJ-000494,2026,19784400.0,19784400.0,True,,2026-07-18 10:00:00,
PRJ-000495,2026,50343150.0,50343150.0,True,,2026-07-16 10:00:00,
PRJ-000496,2026,77309550.0,85865226.83,True,,2026-05-30 10:00:00,2026-08-27 10:00:00
PRJ-000497,2026,7182000.0,7182000.0,True,,2026-07-03 10:00:00,
PRJ-000498,2026,12708000.0,12708000.0,True,,2026-06-27 09:00:00,
PRJ-000499,2026,14640000.0,14640000.0,True,,2026-07-27 08:00:00,
PRJ-000500,2026,8368000.0,10245357.79,True,,2026-06-04 08:00:00,2026-08-27 08:00:00
PRJ-000501,2026,14149000.0,16750761.5,True,,2026-06-02 08:00:00,2026-07-12 08:00:00
PRJ-000502,2026,10332000.0,10332000.0,True,,2026-06-04 08:00:00,
PRJ-000503,2026,2788000.0,3450152.59,True,,2026-07-02 08:00:00,2026-08-27 08:00:00
PRJ-000504,2026,40385000.0,40385000.0,True,,2026-07-17 08:00:00,
PRJ-000505,2026,4748000.02,4748000.02,True,,2026-07-22 08:00:00,
PRJ-000506,2026,149831797.2,149831797.2,True,,2026-06-22 08:30:00,
PRJ-000507,2026,53545881.6,62558479.48,True,,2026-07-11 08:00:00,2026-08-27 08:00:00
PRJ-000508,2026,,,,,,
PRJ-000509,2026,8254683.58,8254683.58,True,,2026-05-30 09:00:00,
PRJ-000510,2026,7108659.6,7108659.6,True,,2026-07-01 09:00:00,
PRJ-000511,2026,2160000.0,1902904.78,True,,2026-07-05 14:30:00,2026-08-26 14:30:00
PRJ-000512,2026,6150000.0,6150000.0,True,,2026-06-08 08:00:00,
PRJ-000513,2026,3496980.0,3260332.08,True,,2026-07-11 08:00:00,2026-08-26 08:00:00
PRJ-000514,2026,1677600.0,1677600.0,True,,2026-06-27 09:00:00,
PRJ-000515,2026,5200800.0,4740220.96,True,,2026-07-14 09:00:00,2026-08-26 09:00:00
PRJ-000516,2026,1705320.0,1705320.0,True,,2026-07-06 09:00:00,
PRJ-000517,2026,8608320.0,8608320.0,True,,2026-06-10 09:00:00,
PRJ-000518,2026,24600.0,24600.0,True,,2026-06-19 09:00:00,
PRJ-000519,2026,2275848.0,2275848.0,True,,2026-06-01 09:00:00,
PRJ-000520,2026,3360000.0,3360000.0,True,,2026-07-15 10:00:00,
PRJ-000521,2026,9993600.0,9993600.0,True,,2026-07-05 12:00:00,
PRJ-000522,2026,2812719.6,2812719.6,True,,2026-07-17 08:30:00,
PRJ-000523,2026,4004640.0,4004640.0,True,,2026-06-17 08:30:00,
PRJ-000524,2026,,,,,,
PRJ-000525,2026,,,,,,
PRJ-000526,2026,5000400.0,4464981.9,True,,2026-06-01 14:00:00,2026-08-26 14:00:00
PRJ-000527,2026,7992000.0,7992000.0,True,,2026-06-01 10:00:00,
PRJ-000528,2026,10334640.0,10334640.0,True,,2026-06-27 10:00:00,
PRJ-000529,2026,13299967.38,14459493.81,True,,2026-07-14 10:00:00,2026-08-26 10:00:00
PRJ-000530,2026,9984450.23,9984450.23,True,,2026-07-25 10:00:00,
PRJ-000531,2026,1780952.2,1780952.2,True,,2026-06-04 08:00:00,
PRJ-000532,2026,221682044.16,221682044.16,True,,2026-06-08 08:00:00,
PRJ-000533,2026,,,,,,
PRJ-000534,2026,1203099.6,1203099.6,True,,2026-06-20 08:00:00,
PRJ-000535,2026,7271977.2,7271977.2,True,,2026-07-07 08:00:00,
PRJ-000536,2026,1998110.4,1998110.4,True,,2026-05-31 08:00:00,
PRJ-000537,2026,12127987.2,12127987.2,True,,2026-06-09 08:00:00,
PRJ-000538,2026,1654800.0,1899845.33,True,,2026-06-30 08:00:00,2026-08-26 08:00:00
PRJ-000539,2026,4326024.0,4326024.0,True,,2026-07-22 10:00:00,
PRJ-000540,2026,14101824.0,14101824.0,True,,2026-06-24 10:00:00,
PRJ-000541,2026,9775800.0,9082371.15,True,,2026-07-04 10:00:00,2026-08-26 10:00:00
PRJ-000542,2026,,,,,,
PRJ-000543,2026,23797973.04,23797973.04,True,,2026-06-12 09:00:00,
PRJ-000544,2026,,,,,,
PRJ-000545,2026,59062651.2,56663046.77,True,,2026-06-29 10:00:00,2026-08-23 10:00:00
PRJ-000546,2026,197519786.4,197519786.4,True,,2026-06-08 08:00:00,
PRJ-000547,2026,68119834.1,68119834.1,True,,2026-07-14 08:00:00,
PRJ-000548,2026,20233291.99,20233291.99,True,,2026-07-16 10:00:00,
PRJ-000549,2026,,,,,,
PRJ-000550,2026,102854068.8,102854068.8,True,,2026-07-17 09:00:00,
PRJ-000551,2026,68276205.6,68276205.6,True,,2026-06-15 08:00:00,
PRJ-000552,2026,138784598.4,138784598.4,True,,2026-07-17 08:00:00,
PRJ-000553,2026,70508392.8,70508392.8,True,,2026-06-16 08:00:00,
PRJ-000554,2026,95955586.69,110853861.79,True,,2026-07-25 08:00:00,2026-08-26 08:00:00
PRJ-000555,2026,597106202.4,597106202.4,True,,2026-06-19 08:30:00,
PRJ-000556,2026,,,,,,
PRJ-000557,2026,2099442.0,2099442.0,True,,2026-06-03 10:00:00,
PRJ-000558,2026,2418430.8,2070956.04,True,,2026-06-29 08:00:00,2026-08-25 08:00:00
PRJ-000559,2026,1700000.4,1700000.4,True,,2026-06-30 09:00:00,
PRJ-000560,2026,2230299.6,2230299.6,True,,2026-05-28 11:00:00,
PRJ-000561,2026,2015157.79,2015157.79,True,,2026-07-23 08:00:00,
PRJ-000562,2026,3529769.39,3529769.39,True,,2026-07-20 08:00:00,
PRJ-000563,2026,1514611.6,1514611.6,True,,2026-06-12 08:00:00,
PRJ-000564,2026,5986430.4,5986430.4,True,,2026-07-01 11:00:00,
PRJ-000565,2026,3000000.0,3000000.0,True,,2026-07-14 10:00:00,
PRJ-000566,2026,4799998.8,5902642.09,True,,2026-06-11 08:30:00,2026-08-25 08:30:00
PRJ-000567,2026,2596320.0,2389094.46,True,,2026-06-16 10:00:00,2026-08-07 10:00:00
PRJ-000568,2026,1606500.0,1606500.0,True,,2026-06-11 11:00:00,
PRJ-000569,2026,3184425.24,3184425.24,True,,2026-07-02 08:00:00,
PRJ-000570,2026,88620000.0,88620000.0,True,,2026-06-23 10:00:00,
PRJ-000571,2026,4764129.24,4764129.24,True,,2026-06-15 10:00:00,
PRJ-000572,2026,9181202.88,9181202.88,True,,2026-06-22 10:00:00,
PRJ-000573,2026,4417073.64,3762120.17,True,,2026-06-23 10:00:00,2026-08-25 10:00:00
PRJ-000574,2026,1983229.2,2097395.49,True,,2026-07-25 08:30:00,2026-08-25 08:30:00
PRJ-000575,2026,9657972.89,9657972.89,True,,2026-07-07 08:30:00,
PRJ-000576,2026,302989.2,281234.07,True,,2026-06-23 08:30:00,2026-08-25 08:30:00
PRJ-000577,2026,17949937.8,17949937.8,True,,2026-06-25 08:30:00,
PRJ-000578,2026,5197773.6,5197773.6,True,,2026-07-17 08:30:00,
PRJ-000579,2026,4878350.4,4878350.4,True,,2026-07-23 12:00:00,
PRJ-000580,2026,8499775.2,8499775.2,True,,2026-05-29 12:00:00,
PRJ-000581,2026,7791489.6,7200505.96,True,,2026-07-03 12:00:00,2026-08-25 12:00:00
PRJ-000582,2026,1788710.4,1788710.4,True,,2026-06-09 12:00:00,
PRJ-000583,2026,2640789.6,2640789.6,True,,2026-07-11 12:00:00,
PRJ-000584,2026,26699400.0,26699400.0,True,,2026-07-19 12:00:00,
PRJ-000585,2026,6570099.6,6570099.6,True,,2026-07-14 12:00:00,
PRJ-000586,2026,2323830.0,2569459.15,True,,2026-07-25 12:00:00,2026-08-25 12:00:00
PRJ-000587,2026,5103819.6,5103819.6,True,,2026-06-20 12:00:00,
PRJ-000588,2026,3853029.6,3352961.82,True,,2026-06-05 12:00:00,2026-08-25 12:00:00
PRJ-000589,2026,12080720.4,12080720.4,True,,2026-06-20 12:00:00,
PRJ-000590,2026,3479250.0,3479250.0,True,,2026-06-10 12:00:00,
PRJ-000591,2026,4860129.6,4860129.6,True,,2026-07-01 12:00:00,
PRJ-000592,2026,13248699.6,13248699.6,True,,2026-06-12 12:00:00,
PRJ-000593,2026,2017581.6,1907291.33,True,,2026-07-10 12:00:00,2026-08-25 12:00:00
PRJ-000594,2026,6845319.6,6845319.6,True,,2026-06-05 12:00:00,
PRJ-000595,2026,114142574.4,114142574.4,True,,2026-06-09 12:00:00,
PRJ-000596,2026,1461579.6,1461579.6,True,,2026-07-12 12:00:00,
PRJ-000597,2026,46184042.94,46184042.94,True,,2026-06-30 09:30:00,
PRJ-000598,2026,,,,,,
PRJ-000599,2026,12331200.0,12331200.0,True,,2026-07-04 12:00:00,
PRJ-000600,2026,17976000.0,17976000.0,True,,2026-07-23 12:00:00,
PRJ-000601,2026,5644800.0,5644800.0,True,,2026-06-20 12:00:00,
PRJ-000602,2026,149828.4,149828.4,True,,2026-06-21 08:30:00,
PRJ-000603,2026,47997248.4,47997248.4,True,,2026-05-29 08:30:00,
PRJ-000604,2026,47847420.0,47847420.0,True,,2026-06-11 08:30:00,
PRJ-000605,2026,11439999.6,11439999.6,True,,2026-06-17 14:00:00,
PRJ-000606,2026,16995240.0,16995240.0,True,,2026-07-14 09:00:00,
PRJ-000607,2026,48994664.4,48470928.75,True,,2026-06-27 09:00:00,2026-08-25 09:00:00
PRJ-000608,2026,13729086.0,13729086.0,True,,2026-07-02 09:00:00,
PRJ-000609,2026,43986366.0,43986366.0,True,,2026-06-25 09:00:00,
PRJ-000610,2026,53510560.09,53510560.09,True,,2026-06-13 08:00:00,
PRJ-000611,2026,269999960.4,269999960.4,True,,2026-07-03 09:00:00,
PRJ-000612,2026,99681436.8,85813042.93,True,,2026-07-07 08:00:00,2026-08-25 08:00:00
PRJ-000613,2026,96051554.4,96051554.4,True,,2026-06-19 08:00:00,
PRJ-000614,2026,,,,,,
PRJ-000615,2026,,,,,,
PRJ-000616,2026,,,,,,
PRJ-000617,2026,,,,,,
PRJ-000618,2026,3599360.41,3599360.41,True,,2026-06-02 12:00:00,
PRJ-000619,2026,1473120.0,1825105.08,True,,2026-06-21 10:00:00,2026-08-02 10:00:00
PRJ-000620,2026,,,,,,
PRJ-000621,2026,5877201.6,5493472.44,True,,2026-07-18 10:00:00,2026-08-16 10:00:00
PRJ-000622,2026,1488000.0,1488000.0,True,,2026-07-22 08:00:00,
PRJ-000623,2026,1817156.4,1817156.4,True,,2026-07-18 10:00:00,
PRJ-000624,2026,6779928.0,6779928.0,True,,2026-06-09 10:00:00,
PRJ-000625,2026,4497600.0,4497600.0,True,,2026-06-18 09:00:00,
PRJ-000626,2026,5664000.0,5664000.0,True,,2026-06-29 09:00:00,
PRJ-000627,2026,1166400.0,1166400.0,True,,2026-07-16 09:00:00,
PRJ-000628,2026,3483320.4,3304071.86,True,,2026-06-08 10:00:00,2026-08-24 10:00:00
PRJ-000629,2026,2613000.0,2613000.0,True,,2026-06-15 10:00:00,
PRJ-000630,2026,16361148.23,16361148.23,True,,2026-06-10 08:00:00,
PRJ-000631,2026,3738240.0,3738240.0,True,,2026-06-14 08:00:00,
PRJ-000632,2026,331430000.4,331430000.4,True,,2026-06-22 08:00:00,
PRJ-000633,2026,3000000.0,3000000.0,True,,2026-06-19 10:00:00,
PRJ-000634,2026,,,,,,
PRJ-000635,2026,48000000.0,48000000.0,True,,2026-06-14 08:30:00,
PRJ-000636,2026,6626112.0,6626112.0,True,,2026-07-22 08:00:00,
PRJ-000637,2026,1299999.6,1334300.16,True,,2026-07-21 09:30:00,2026-08-24 09:30:00
PRJ-000638,2026,7200000.0,7200000.0,True,,2026-06-28 10:30:00,
PRJ-000639,2026,6667714.36,6667714.36,True,,2026-06-24 10:00:00,
PRJ-000640,2026,18540720.0,18540720.0,True,,2026-05-31 09:30:00,
PRJ-000641,2026,24728262.0,24728262.0,True,,2026-05-27 09:00:00,
PRJ-000642,2026,600000000.0,600000000.0,True,,2026-06-16 09:00:00,
PRJ-000643,2026,19447725.1,19447725.1,True,,2026-06-22 12:00:00,
PRJ-000644,2026,,,,,,
PRJ-000645,2026,,,,,,
PRJ-000646,2026,,,,,,
PRJ-000647,2026,,,,,,
PRJ-000648,2026,,,,,,
PRJ-000649,2026,,,,,,
PRJ-000650,2026,21312001.2,21312001.2,True,,2026-06-23 14:00:00,
PRJ-000651,2026,2159850.0,2159850.0,True,,2026-05-27 10:00:00,
PRJ-000652,2026,4437960.0,4884665.91,True,,2026-07-14 10:00:00,2026-08-23 10:00:00
PRJ-000653,2026,8364040.0,8364040.0,True,,2026-06-30 09:30:00,
PRJ-000654,2026,1665858.0,1665858.0,True,,2026-05-31 11:00:00,
PRJ-000655,2026,2209218.0,2209218.0,True,,2026-06-04 11:00:00,
PRJ-000656,2026,543360.0,543360.0,True,,2026-07-08 11:00:00,
PRJ-000657,2026,11478000.0,11478000.0,True,,2026-06-10 10:00:00,
PRJ-000658,2026,4999830.0,4999830.0,True,,2026-07-05 10:00:00,
PRJ-000659,2026,1693064.82,1693064.82,True,,2026-07-06 08:00:00,
PRJ-000660,2026,2332644.77,2332644.77,True,,2026-07-12 08:00:00,
PRJ-000661,2026,4342802.44,4342802.44,True,,2026-06-28 08:00:00,
PRJ-000662,2026,4885011.36,4885011.36,True,,2026-05-28 08:00:00,
PRJ-000663,2026,5655730.78,5655730.78,True,,2026-07-21 08:00:00,
PRJ-000664,2026,6279657.25,6279657.25,True,,2026-06-30 08:00:00,
PRJ-000665,2026,31591400.68,31591400.68,True,,2026-06-30 08:00:00,
PRJ-000666,2026,6402489.26,7620296.19,True,,2026-05-26 08:00:00,2026-08-22 08:00:00
PRJ-000667,2026,87443653.96,87443653.96,True,,2026-06-09 09:00:00,
PRJ-000668,2026,89806534.36,99896221.66,True,,2026-07-06 09:00:00,2026-08-23 09:00:00
PRJ-000669,2026,2362880.4,2558269.15,True,,2026-06-06 09:00:00,2026-06-24 09:00:00
PRJ-000670,2026,,,,,,
PRJ-000671,2026,191820000.0,191820000.0,True,,2026-06-18 10:00:00,
PRJ-000672,2026,12299936.4,12299936.4,True,,2026-07-21 10:00:00,
PRJ-000673,2026,28329251.93,34322635.93,True,,2026-07-25 08:00:00,2026-08-23 08:00:00
PRJ-000674,2026,110379340.8,122961978.31,True,,2026-07-18 10:00:00,2026-08-24 10:00:00
PRJ-000675,2026,13200000.0,13200000.0,True,,2026-05-28 10:00:00,
PRJ-000676,2026,123049658.24,123049658.24,True,,2026-06-26 08:00:00,
PRJ-000677,2026,102000131.57,102000131.57,True,,2026-07-23 11:00:00,
PRJ-000678,2026,89993523.6,89993523.6,True,,2026-07-24 11:00:00,
PRJ-000679,2026,,,,,,
PRJ-000680,2026,,,,,,
PRJ-000681,2026,2894400.0,2894400.0,True,,2026-06-03 11:00:00,
PRJ-000682,2026,2695738.8,2695738.8,True,,2026-06-24 00:00:00,
PRJ-000683,2026,3565800.0,3679754.98,True,,2026-07-20 08:30:00,2026-08-20 08:30:00
PRJ-000684,2026,1878388.54,1878388.54,True,,2026-06-18 11:00:00,
PRJ-000685,2026,8491599.6,8491599.6,True,,2026-06-20 09:00:00,
PRJ-000686,2026,2927760.0,2927760.0,True,,2026-06-21 08:00:00,
PRJ-000687,2026,5499999.6,5499999.6,True,,2026-07-11 10:00:00,
PRJ-000688,2026,4645680.0,4645680.0,True,,2026-06-04 10:00:00,
PRJ-000689,2026,2528160.0,2528160.0,True,,2026-05-26 08:00:00,
PRJ-000690,2026,4995360.0,4995360.0,True,,2026-06-22 08:30:00,
PRJ-000691,2026,4936135.2,5636633.53,True,,2026-07-11 10:00:00,2026-08-20 10:00:00
PRJ-000692,2026,,,,,,
PRJ-000693,2026,2243983.2,2243983.2,True,,2026-07-03 08:00:00,
PRJ-000694,2026,1996818.0,1872679.49,True,,2026-06-30 08:00:00,2026-08-20 08:00:00
PRJ-000695,2026,9545379.04,9545379.04,True,,2026-07-17 08:00:00,
PRJ-000696,2026,3399655.2,3399655.2,True,,2026-07-10 11:00:00,
PRJ-000697,2026,4944000.0,4944000.0,True,,2026-06-23 12:00:00,
PRJ-000698,2026,4602590.92,4602590.92,True,,2026-06-13 08:00:00,
PRJ-000699,2026,5456892.34,6109962.72,True,,2026-05-31 08:00:00,2026-08-10 08:00:00
PRJ-000700,2026,19072150.57,19072150.57,True,,2026-06-24 08:00:00,
PRJ-000701,2026,9012667.32,9012667.32,True,,2026-07-02 08:00:00,
PRJ-000702,2026,2250000.0,2250000.0,True,,2026-06-01 09:00:00,
PRJ-000703,2026,19835416.0,23882578.65,True,,2026-06-13 09:00:00,2026-08-20 09:00:00
PRJ-000704,2026,33965416.0,38211554.05,True,,2026-07-14 09:00:00,2026-08-05 09:00:00
PRJ-000705,2026,11880000.0,11880000.0,True,,2026-07-14 09:00:00,
PRJ-000706,2026,,,,,,
PRJ-000707,2026,28452504.0,31176957.66,True,,2026-07-05 12:00:00,2026-08-20 12:00:00
PRJ-000708,2026,47640000.0,40756541.28,True,,2026-06-25 10:00:00,2026-08-19 10:00:00
PRJ-000709,2026,2280000.0,2280000.0,True,,2026-06-28 09:00:00,
PRJ-000710,2026,3000000.0,3000000.0,True,,2026-06-20 09:00:00,
PRJ-000711,2026,4800000.0,4800000.0,True,,2026-06-21 09:00:00,
PRJ-000712,2026,12120000.0,12120000.0,True,,2026-07-16 09:00:00,
PRJ-000713,2026,2040000.0,2040000.0,True,,2026-07-21 09:00:00,
PRJ-000714,2026,119785886.88,119785886.88,True,,2026-07-05 10:00:00,
PRJ-000715,2026,15976355.4,15976355.4,True,,2026-05-27 10:00:00,
PRJ-000716,2026,430399996.8,430399996.8,True,,2026-06-25 10:00:00,
PRJ-000717,2026,12110296.8,12110296.8,True,,2026-07-02 12:00:00,
PRJ-000718,2026,35055792.0,35055792.0,True,,2026-06-25 08:00:00,
PRJ-000719,2026,21875964.0,21875964.0,True,,2026-06-23 08:00:00,
PRJ-000720,2026,20857868.4,25616937.92,True,,2026-07-15 10:00:00,2026-08-20 10:00:00
PRJ-000721,2026,,,,,,
PRJ-000722,2026,,,,,,
PRJ-000723,2026,3226221.6,3226221.6,True,,2026-06-07 10:00:00,
PRJ-000724,2026,5633580.0,5633580.0,True,,2026-05-29 11:00:00,
PRJ-000725,2026,2821238.84,2821238.84,True,,2026-07-14 08:00:00,
PRJ-000726,2026,7664417.0,7664417.0,True,,2026-07-01 10:30:00,
PRJ-000727,2026,1400000.4,1358784.74,True,,2026-07-09 10:30:00,2026-07-29 10:30:00
PRJ-000728,2026,1829679.6,1829679.6,True,,2026-07-09 11:00:00,
PRJ-000729,2026,2400000.0,2400000.0,True,,2026-06-10 08:30:00,
PRJ-000730,2026,10968889.2,10968889.2,True,,2026-06-30 08:30:00,
PRJ-000731,2026,8568889.2,8568889.2,True,,2026-06-29 08:30:00,
PRJ-000732,2026,6000000.0,6000000.0,True,,2026-07-08 09:00:00,
PRJ-000733,2026,7646395.2,7646395.2,True,,2026-07-19 09:00:00,
PRJ-000734,2026,1646395.2,1646395.2,True,,2026-07-07 09:00:00,
PRJ-000735,2026,4200000.0,4200000.0,True,,2026-06-02 09:00:00,
PRJ-000736,2026,2349600.0,2349600.0,True,,2026-06-08 08:00:00,
PRJ-000737,2026,11299999.2,11951635.06,True,,2026-07-01 08:00:00,2026-08-19 08:00:00
PRJ-000738,2026,1998000.0,1998000.0,True,,2026-06-30 08:30:00,
PRJ-000739,2026,9519999.6,9519999.6,True,,2026-07-06 08:00:00,
PRJ-000740,2026,3560346.35,3416374.73,True,,2026-06-01 11:00:00,2026-06-21 11:00:00
PRJ-000741,2026,12224415.6,12224415.6,True,,2026-07-10 10:00:00,
PRJ-000742,2026,3840997.2,3840997.2,True,,2026-07-01 14:00:00,
PRJ-000743,2026,3747660.0,4319776.92,True,,2026-07-20 10:00:00,2026-08-19 10:00:00
PRJ-000744,2026,23640000.0,23640000.0,True,,2026-06-03 10:00:00,
PRJ-000745,2026,,,,,,
PRJ-000746,2026,23506770.0,23506770.0,True,,2026-06-07 09:00:00,
PRJ-000747,2026,600000000.0,600000000.0,True,,2026-07-14 09:00:00,
PRJ-000748,2026,198013189.16,198013189.16,True,,2026-07-17 10:00:00,
PRJ-000749,2026,3170719.2,3170719.2,True,24750.0,2026-06-23 08:00:00,
PRJ-000750,2026,7429965.6,7429965.6,True,,2026-07-12 11:00:00,
PRJ-000751,2026,8976999.6,8976999.6,True,,2026-06-02 08:00:00,
PRJ-000752,2026,4999999.2,4801846.92,True,,2026-05-22 12:00:00,2026-08-13 12:00:00
PRJ-000753,2026,6099999.6,6099999.6,True,,2026-06-23 08:00:00,
PRJ-000754,2026,3471999.6,3471999.6,True,,2026-06-25 10:00:00,
PRJ-000755,2026,2678208.0,2678208.0,True,125600.0,2026-05-27 10:00:00,
PRJ-000756,2026,4785523.2,4785523.2,True,,2026-06-20 08:00:00,
PRJ-000757,2026,2999839.2,2972156.62,True,22365.0,2026-06-20 10:00:00,2026-08-18 10:00:00
PRJ-000758,2026,2060397.6,2060397.6,True,,2026-05-23 12:00:00,
PRJ-000759,2026,9349609.96,9349609.96,True,,2026-06-20 11:00:00,
PRJ-000760,2026,3599940.0,3818038.9,True,,2026-06-16 10:00:00,2026-07-29 10:00:00
PRJ-000761,2026,4674936.46,4674936.46,True,,2026-06-16 09:00:00,
PRJ-000762,2026,3860487.6,3860487.6,True,,2026-07-13 08:00:00,
PRJ-000763,2026,4300000.8,4300000.8,True,19947.23,2026-07-17 10:00:00,
PRJ-000764,2026,4036810.8,4036810.8,True,,2026-07-16 08:00:00,
PRJ-000765,2026,5981601.6,7326388.69,True,,2026-06-10 08:00:00,2026-08-07 08:00:00
PRJ-000766,2026,43888071.6,43888071.6,True,,2026-07-13 08:30:00,
PRJ-000767,2026,45892509.6,45892509.6,True,,2026-06-22 08:30:00,
PRJ-000768,2026,120648165.6,120648165.6,True,470000.0,2026-06-04 08:30:00,
PRJ-000769,2026,100642076.4,100642076.4,True,132751.73,2026-06-03 08:30:00,
PRJ-000770,2026,46104766.8,56333241.87,True,,2026-06-11 08:30:00,2026-08-18 08:30:00
PRJ-000771,2026,341978197.2,341978197.2,True,,2026-06-29 08:30:00,
PRJ-000772,2026,149687157.6,149687157.6,True,,2026-07-09 08:30:00,
PRJ-000773,2026,502348267.2,434782692.82,True,,2026-06-07 08:30:00,2026-07-11 08:30:00
PRJ-000774,2026,393993814.8,393993814.8,True,,2026-06-23 08:30:00,
PRJ-000775,2026,98019584.4,98019584.4,True,,2026-06-26 08:30:00,
PRJ-000776,2026,71630961.6,71630961.6,True,,2026-05-24 08:30:00,
PRJ-000777,2026,29317035.6,29317035.6,True,,2026-05-31 08:30:00,
PRJ-000778,2026,18600770.4,18600770.4,True,,2026-06-10 08:30:00,
PRJ-000779,2026,34067481.6,34067481.6,True,,2026-07-02 08:30:00,
PRJ-000780,2026,47089872.0,47089872.0,True,,2026-06-08 08:30:00,
PRJ-000781,2026,150220128.0,150220128.0,True,,2026-07-03 08:30:00,
PRJ-000782,2026,2344375.2,2344375.2,True,,2026-07-13 08:30:00,
PRJ-000783,2026,3570342.0,3647602.59,True,,2026-05-21 08:30:00,2026-08-18 08:30:00
PRJ-000784,2026,32815090.8,35269780.02,True,,2026-06-23 08:30:00,2026-07-12 08:30:00
PRJ-000785,2026,1229505.6,1229505.6,True,,2026-07-16 08:30:00,
PRJ-000786,2026,6552846.0,6552846.0,True,159000.0,2026-05-25 08:30:00,
PRJ-000787,2026,1598359.2,1598359.2,True,,2026-06-18 08:30:00,
PRJ-000788,2026,2353869147.6,2353869147.6,True,,2026-06-07 08:30:00,
PRJ-000789,2026,111629768.4,111629768.4,True,,2026-06-21 08:30:00,
PRJ-000790,2026,23050978.13,23050978.13,True,,2026-06-08 12:00:00,
PRJ-000791,2026,500000000.0,602605751.65,True,,2026-06-07 08:00:00,2026-08-18 08:00:00
PRJ-000792,2026,299999886.3,299999886.3,True,,2026-07-03 08:00:00,
PRJ-000793,2026,499999999.99,499999999.99,True,,2026-06-13 08:00:00,
PRJ-000794,2026,23072068.8,23072068.8,True,103224.86,2026-07-18 08:30:00,
PRJ-000795,2026,23515335.6,23515335.6,True,,2026-07-20 12:00:00,
PRJ-000796,2026,699999999.98,699999999.98,True,602904.82,2026-06-04 08:00:00,
PRJ-000797,2026,12000000.0,12000000.0,True,,2026-06-24 09:00:00,
PRJ-000798,2026,15578566.8,15578566.8,True,,2026-06-24 13:00:00,
PRJ-000799,2026,103074884.56,103474133.69,True,,2026-05-21 10:00:00,2026-06-05 10:00:00
PRJ-000800,2026,122735997.94,122735997.94,True,,2026-07-04 10:00:00,
PRJ-000801,2026,113654169.29,113654169.29,True,,2026-06-13 10:00:00,
PRJ-000802,2026,274701825.07,277808547.0,True,,2026-06-05 10:00:00,2026-07-03 10:00:00
PRJ-000803,2026,38311657.85,35600996.82,True,,2026-05-21 10:00:00,2026-06-26 10:00:00
PRJ-000804,2026,170709658.69,170709658.69,True,,2026-07-11 08:00:00,
PRJ-000805,2026,25154155.5,25691374.27,True,,2026-07-15 10:00:00,2026-08-18 10:00:00
PRJ-000806,2026,49675330.69,49675330.69,True,83000.0,2026-06-28 10:00:00,
PRJ-000807,2026,35137827.88,40097615.1,True,,2026-07-10 10:00:00,2026-08-18 10:00:00
PRJ-000808,2026,147278653.61,176000807.06,True,,2026-06-07 10:00:00,2026-08-18 10:00:00
PRJ-000809,2026,37311339.54,44454672.7,True,,2026-07-19 10:00:00,2026-08-18 10:00:00
PRJ-000810,2026,59877734.4,59877734.4,True,136686.64,2026-07-03 08:00:00,
PRJ-000811,2026,,,,,,
PRJ-000812,2026,,,,,,
PRJ-000813,2026,,,,,,
PRJ-000814,2026,6951168.0,6951168.0,True,160000.0,2026-05-23 12:00:00,
PRJ-000815,2026,1923917.77,1923917.77,True,292000.0,2026-07-13 11:00:00,
PRJ-000816,2026,1797999.6,1797999.6,True,449286.57,2026-05-30 10:00:00,
PRJ-000817,2026,4191999.6,4191999.6,True,13379.41,2026-07-03 10:00:00,
PRJ-000818,2026,2094470.4,2094470.4,True,,2026-06-03 10:00:00,
PRJ-000819,2026,2399520.0,2876644.69,True,99867.0,2026-07-07 10:00:00,2026-08-17 10:00:00
PRJ-000820,2026,4759644.0,4759644.0,True,,2026-06-07 10:00:00,
PRJ-000821,2026,9995940.0,8685473.62,True,55596.21,2026-07-10 08:00:00,2026-08-17 08:00:00
PRJ-000822,2026,3000000.0,3447685.15,True,,2026-07-13 10:00:00,2026-08-08 10:00:00
PRJ-000823,2026,6958756.8,6958756.8,True,,2026-06-03 11:00:00,
PRJ-000824,2026,2113200.0,2113200.0,True,8748.26,2026-06-13 08:00:00,
PRJ-000825,2026,4599999.6,4931669.91,True,68274.0,2026-07-08 08:00:00,2026-08-17 08:00:00
PRJ-000826,2026,6993199.2,6993199.2,True,,2026-06-21 11:00:00,
PRJ-000827,2026,3979263.89,4267167.46,True,,2026-06-04 12:30:00,2026-08-07 12:30:00
PRJ-000828,2026,8678452.8,8678452.8,True,,2026-05-24 08:00:00,
PRJ-000829,2026,51912000.0,51912000.0,True,6934.88,2026-06-24 11:00:00,
PRJ-000830,2026,199522137.6,211703870.78,True,,2026-07-13 09:30:00,2026-08-17 09:30:00
PRJ-000831,2026,59426760.0,55218887.72,True,123908.08,2026-06-04 10:00:00,2026-08-17 10:00:00
PRJ-000832,2026,1693064.82,1693064.82,True,846642.98,2026-05-26 08:00:00,
PRJ-000833,2026,2332644.77,2332644.77,True,,2026-06-07 08:00:00,
PRJ-000834,2026,4342802.44,4342802.44,True,174000.0,2026-05-30 08:00:00,
PRJ-000835,2026,4885011.36,4885011.36,True,41360.79,2026-06-30 08:00:00,
PRJ-000836,2026,5655730.78,5655730.78,True,907085.81,2026-06-14 08:00:00,
PRJ-000837,2026,6279657.25,6279657.25,True,11401.68,2026-06-03 08:00:00,
PRJ-000838,2026,31591400.68,31591400.68,True,34411.36,2026-07-07 08:00:00,
PRJ-000839,2026,6402489.26,6477466.14,True,,2026-06-15 08:00:00,2026-08-17 08:00:00
PRJ-000840,2026,,,,,,
PRJ-000841,2026,14607118.8,14607118.8,True,141801.23,2026-07-08 08:00:00,
PRJ-000842,2026,38412416.4,38412416.4,True,29119.41,2026-05-23 08:00:00,
PRJ-000843,2026,23805297.6,22835532.06,True,,2026-05-29 08:00:00,2026-08-17 08:00:00
PRJ-000844,2026,17499999.6,19020924.22,True,18881.79,2026-06-08 10:00:00,2026-07-23 10:00:00
PRJ-000845,2026,,,,,,
PRJ-000846,2026,1118772564.0,1118772564.0,True,,2026-05-22 12:00:00,
PRJ-000847,2026,,,,,,
PRJ-000848,2026,45408542.4,45408542.4,True,,2026-07-17 12:00:00,
PRJ-000849,2026,14000000.4,14000000.4,True,,2026-06-29 13:00:00,
PRJ-000850,2026,149654230.97,149557467.13,True,492500.0,2026-05-24 10:30:00,2026-08-17 10:30:00
PRJ-000851,2026,24300000.0,23943329.7,True,,2026-07-05 08:00:00,2026-07-26 08:00:00
PRJ-000852,2026,,,,,,
PRJ-000853,2026,,,,,,
PRJ-000854,2026,,,,,,
PRJ-000855,2026,3236000.4,3236000.4,True,,2026-05-25 10:00:00,
PRJ-000856,2026,152360.4,185776.25,True,,2026-05-23 08:00:00,2026-08-16 08:00:00
PRJ-000857,2026,2890212.0,2890212.0,True,13755.26,2026-06-09 08:00:00,
PRJ-000858,2026,2737851.6,2737851.6,True,,2026-07-06 08:00:00,
PRJ-000859,2026,,,,,,
PRJ-000860,2026,4160220.0,4160220.0,True,,2026-06-05 08:00:00,
PRJ-000861,2026,7959999.6,7959999.6,True,55014.25,2026-06-08 08:00:00,
PRJ-000862,2026,,,,,,
PRJ-000863,2026,4939200.0,4939200.0,True,,2026-06-07 11:00:00,
PRJ-000864,2026,4216173.6,3976243.21,True,,2026-06-29 08:00:00,2026-08-16 08:00:00
PRJ-000865,2026,,,,,,
PRJ-000866,2026,10559471.82,9664901.6,True,42727.35,2026-06-15 10:00:00,2026-08-16 10:00:00
PRJ-000867,2026,5509716576.0,5509716576.0,True,,2026-07-01 08:00:00,
PRJ-000868,2026,11946219.6,11946219.6,True,248225.0,2026-07-15 08:00:00,
PRJ-000869,2026,26474016.0,26474016.0,True,35625.0,2026-06-16 08:00:00,
PRJ-000870,2026,,,,,,
PRJ-000871,2026,69383333.28,85566095.98,True,41899.43,2026-05-24 10:00:00,2026-08-16 10:00:00
PRJ-000872,2026,,,,,,
PRJ-000873,2026,,,,,,
PRJ-000874,2026,1355053173.6,1355053173.6,True,,2026-06-17 09:00:00,
PRJ-000875,2026,116322323.0,123420072.67,True,50119000.0,2026-06-28 08:00:00,2026-08-16 08:00:00
PRJ-000876,2026,627425472.3,613538179.35,True,232998.34,2026-05-22 11:00:00,2026-07-24 11:00:00
PRJ-000877,2026,200000000.4,200000000.4,True,467316.78,2026-06-18 09:00:00,
PRJ-000878,2026,9262169.81,9262169.81,True,50179.33,2026-07-01 10:00:00,
PRJ-000879,2026,14996969.81,14996969.81,True,8794.46,2026-07-02 10:00:00,
PRJ-000880,2026,5734800.0,5734800.0,True,,2026-06-11 10:00:00,
PRJ-000881,2026,20269750.8,20269750.8,True,158276.92,2026-06-17 10:00:00,
PRJ-000882,2026,15509994.16,17247088.22,True,,2026-07-16 10:00:00,2026-08-13 10:00:00
PRJ-000883,2026,1319663.52,1319663.52,True,198106.97,2026-06-06 09:00:00,
PRJ-000884,2026,1234527.6,1234527.6,True,,2026-07-06 15:30:00,
PRJ-000885,2026,2196598.8,2196598.8,True,28709.02,2026-05-20 14:00:00,
PRJ-000886,2026,2810131.92,3328544.78,True,7388.96,2026-06-24 14:00:00,2026-07-21 14:00:00
PRJ-000887,2026,340015.2,340015.2,True,,2026-07-15 10:00:00,
PRJ-000888,2026,2962897.2,3053076.13,True,,2026-07-10 12:00:00,2026-08-13 12:00:00
PRJ-000889,2026,1403700.0,1403700.0,True,55156.26,2026-05-22 08:30:00,
PRJ-000890,2026,4686660.0,4686660.0,True,35379.86,2026-06-27 08:30:00,
PRJ-000891,2026,9597600.0,9597600.0,True,256307.43,2026-06-21 08:30:00,
PRJ-000892,2026,3507240.0,3507240.0,True,237228.56,2026-06-20 08:30:00,
PRJ-000893,2026,1984920.0,1801638.16,True,3489.55,2026-05-31 09:00:00,2026-08-13 09:00:00
PRJ-000894,2026,3600000.0,3600000.0,True,,2026-07-12 11:30:00,
PRJ-000895,2026,10069567.25,10069567.25,True,79250.0,2026-06-13 08:00:00,
PRJ-000896,2026,12995296.8,12995296.8,True,155786.66,2026-07-07 08:30:00,
PRJ-000897,2026,9998728.8,9998728.8,True,10394.39,2026-06-11 09:00:00,
PRJ-000898,2026,71630961.6,71630961.6,True,75862.76,2026-05-21 08:00:00,
PRJ-000899,2026,17360719.2,17360719.2,True,580335.5,2026-05-22 08:00:00,
PRJ-000900,2026,47089872.0,47089872.0,True,29961.93,2026-06-24 08:00:00,
PRJ-000901,2026,34067481.6,30080604.97,True,52068.59,2026-06-10 08:00:00,2026-08-13 08:00:00
PRJ-000902,2026,150220128.0,150220128.0,True,94000.0,2026-06-07 08:00:00,
PRJ-000903,2026,2344375.2,2764427.1,True,13288.56,2026-06-17 08:00:00,2026-08-13 08:00:00
PRJ-000904,2026,3570342.0,3570342.0,True,292467.3,2026-05-16 08:00:00,
PRJ-000905,2026,32815090.8,32815090.8,True,28547.27,2026-05-26 08:00:00,
PRJ-000906,2026,1229505.6,1229505.6,True,84593.74,2026-07-15 08:00:00,
PRJ-000907,2026,6552846.0,6552846.0,True,,2026-07-05 08:00:00,
PRJ-000908,2026,98019584.4,98019584.4,True,98433.0,2026-07-11 08:00:00,
PRJ-000909,2026,1598359.2,1598359.2,True,101752.14,2026-06-21 08:00:00,
PRJ-000910,2026,111629768.4,132423990.66,True,,2026-06-03 08:00:00,2026-08-13 08:00:00
PRJ-000911,2026,29317035.6,29317035.6,True,24299.25,2026-06-30 08:00:00,
PRJ-000912,2026,393993814.8,425485067.67,True,64272.73,2026-05-22 08:00:00,2026-08-09 08:00:00
PRJ-000913,2026,502348267.2,502348267.2,True,8750.0,2026-06-28 08:00:00,
PRJ-000914,2026,149687157.6,149687157.6,True,210721.46,2026-07-02 08:00:00,
PRJ-000915,2026,341978197.2,341978197.2,True,421396.62,2026-06-03 08:00:00,
PRJ-000916,2026,46104766.8,46104766.8,True,29011.8,2026-06-10 08:00:00,
PRJ-000917,2026,100642076.4,100642076.4,True,171813.28,2026-06-05 08:00:00,
PRJ-000918,2026,120648165.6,134952382.19,True,425369.83,2026-07-05 08:00:00,2026-08-13 08:00:00
PRJ-000919,2026,45892509.6,45892509.6,True,508021.11,2026-05-19 08:00:00,
PRJ-000920,2026,2352629096.4,2352629096.4,True,82500.0,2026-05-16 08:00:00,
PRJ-000921,2026,43888071.6,44209365.35,True,7509.14,2026-05-27 08:00:00,2026-08-13 08:00:00
PRJ-000922,2026,16036929.28,16036929.28,True,,2026-07-14 09:00:00,
PRJ-000923,2026,2226570444.0,2226570444.0,True,,2026-07-14 08:00:00,
PRJ-000924,2026,232595725.67,213559301.51,True,15039.9,2026-06-11 11:00:00,2026-08-13 11:00:00
PRJ-000925,2026,34886692.8,31600350.26,True,573796.19,2026-06-30 10:00:00,2026-07-19 10:00:00
PRJ-000926,2026,,,,,,
PRJ-000927,2026,16446240.0,16446240.0,True,4535.04,2026-06-21 08:00:00,
PRJ-000928,2026,,,,,,
PRJ-000929,2026,,,,,,
PRJ-000930,2026,249999999.6,249999999.6,True,175983.95,2026-06-05 09:00:00,
PRJ-000931,2026,74463998.4,74463998.4,True,127871.39,2026-05-25 11:00:00,
PRJ-000932,2026,46570215.76,46570215.76,True,9781.06,2026-06-14 09:00:00,
PRJ-000933,2026,,,,,,
PRJ-000934,2026,7125872.58,7125872.58,True,198000.0,2026-07-13 09:00:00,
PRJ-000935,2026,10278406.5,10278406.5,True,92025.02,2026-05-28 09:00:00,
PRJ-000936,2026,85957335.92,85957335.92,True,86316.13,2026-07-10 09:00:00,
PRJ-000937,2026,68553056.84,68553056.84,True,25032.0,2026-06-13 09:00:00,
PRJ-000938,2026,300000000.0,300000000.0,True,170193.5,2026-06-17 10:00:00,
PRJ-000939,2026,59499999.6,62404214.72,True,,2026-05-16 08:00:00,2026-06-05 08:00:00
PRJ-000940,2026,5663402.4,5663402.4,True,195000.0,2026-05-31 11:00:00,
PRJ-000941,2026,7072702.8,7072702.8,True,75000.0,2026-05-22 12:00:00,
PRJ-000942,2026,1027225.0,1027225.0,True,,2026-06-02 08:00:00,
PRJ-000943,2026,5195578.39,5195578.39,True,758000.0,2026-05-30 08:00:00,
PRJ-000944,2026,3598800.0,3598800.0,True,62931.51,2026-07-13 10:00:00,
PRJ-000945,2026,3355023.0,3355023.0,True,24949.41,2026-07-09 08:30:00,
PRJ-000946,2026,4966183.2,4966183.2,True,,2026-06-27 12:00:00,
PRJ-000947,2026,7410942.0,7410942.0,True,120355.3,2026-07-05 08:30:00,
PRJ-000948,2026,3397038.0,3397038.0,True,2500.0,2026-06-04 10:00:00,
PRJ-000949,2026,4039920.0,4039920.0,True,129496.2,2026-06-12 12:00:00,
PRJ-000950,2026,1979508.0,2187585.99,True,8161.16,2026-07-01 10:00:00,2026-08-12 10:00:00
PRJ-000951,2026,7184400.0,7184400.0,True,6330.0,2026-06-02 11:00:00,
PRJ-000952,2026,9184800.0,9184800.0,True,55658.02,2026-05-18 11:00:00,
PRJ-000953,2026,2000400.0,2000400.0,True,,2026-07-10 11:00:00,
PRJ-000954,2026,4982400.0,4982400.0,True,83333.0,2026-05-24 10:00:00,
PRJ-000955,2026,5019525.6,5019525.6,True,,2026-06-23 08:00:00,
PRJ-000956,2026,1983999.6,1983999.6,True,32650.09,2026-05-15 08:00:00,
PRJ-000957,2026,9891333.6,9376054.64,True,37145.83,2026-06-08 08:00:00,2026-08-12 08:00:00
PRJ-000958,2026,5214121.2,4777705.4,True,256600.0,2026-07-13 08:00:00,2026-08-04 08:00:00
PRJ-000959,2026,6957613.2,5992709.99,True,64023.7,2026-06-02 10:00:00,2026-08-12 10:00:00
PRJ-000960,2026,1584397.56,1584397.56,True,59000.0,2026-06-29 10:00:00,
PRJ-000961,2026,11999323.09,11999323.09,True,5246.0,2026-06-03 09:00:00,
PRJ-000962,2026,,,,,,
PRJ-000963,2026,2995443.92,2995443.92,True,47594.65,2026-05-19 08:00:00,
PRJ-000964,2026,722889.97,849400.44,True,,2026-06-13 10:00:00,2026-08-12 10:00:00
PRJ-000965,2026,992753.15,992753.15,True,,2026-06-11 10:00:00,
PRJ-000966,2026,2071929.6,2071929.6,True,48548.74,2026-05-25 10:00:00,
PRJ-000967,2026,5603613.3,5603613.3,True,99936.0,2026-06-05 10:00:00,
PRJ-000968,2026,1816040.58,1816040.58,True,83000.0,2026-07-12 10:00:00,
PRJ-000969,2026,,,,,,
PRJ-000970,2026,12000000.0,13021545.26,True,100000.0,2026-06-30 09:00:00,2026-08-12 09:00:00
PRJ-000971,2026,49515142.66,49515142.66,True,595000.0,2026-06-01 09:00:00,
PRJ-000972,2026,82393207.2,82393207.2,True,460000.0,2026-06-25 09:00:00,
PRJ-000973,2026,659966668.43,659966668.43,True,24271.38,2026-06-28 11:00:00,
PRJ-000974,2026,,,,,,
PRJ-000975,2026,999999999.6,999999999.6,True,80333.0,2026-07-14 08:00:00,
PRJ-000976,2026,999999999.6,999999999.6,True,1426.27,2026-07-01 08:00:00,
PRJ-000977,2026,89124240.0,89124240.0,True,92854.61,2026-05-25 00:00:00,
PRJ-000978,2026,8199615.6,8199615.6,True,5580.13,2026-06-25 09:00:00,
PRJ-000979,2026,6969654.0,6969654.0,True,32642.02,2026-05-20 08:00:00,
PRJ-000980,2026,7260000.0,6515081.17,True,38180.35,2026-05-21 10:00:00,2026-07-10 10:00:00
PRJ-000981,2026,3002832.25,3002832.25,True,890000.0,2026-06-19 08:00:00,
PRJ-000982,2026,4800768.0,5136194.59,True,11712.85,2026-07-05 08:00:00,2026-08-12 08:00:00
PRJ-000983,2026,,,,,,
PRJ-000984,2026,1371200.04,1681840.97,True,98333.0,2026-06-19 12:00:00,2026-07-21 12:00:00
PRJ-000985,2026,1662196.8,1662196.8,True,,2026-07-05 12:00:00,
PRJ-000986,2026,290996.76,290996.76,True,,2026-06-06 12:00:00,
PRJ-000987,2026,3989768.4,3989768.4,True,287000.0,2026-06-19 10:00:00,
PRJ-000988,2026,3976380.0,3976380.0,True,209439.68,2026-07-06 10:00:00,
PRJ-000989,2026,,,,,,
PRJ-000990,2026,,,,,,
PRJ-000991,2026,3583479.6,3583479.6,True,124000.0,2026-06-03 13:00:00,
PRJ-000992,2026,2096400.0,2555817.14,True,417000.0,2026-06-20 09:00:00,2026-08-11 09:00:00
PRJ-000993,2026,1380000.0,1380000.0,True,230000.0,2026-07-04 08:00:00,
PRJ-000994,2026,2772000.0,2626879.23,True,142280.7,2026-06-16 10:00:00,2026-08-11 10:00:00
PRJ-000995,2026,20000000.0,20000000.0,True,64355.98,2026-05-27 08:00:00,
PRJ-000996,2026,29653399.2,33201657.35,True,116323.62,2026-06-07 09:30:00,2026-07-01 09:30:00
PRJ-000997,2026,,,,,,
PRJ-000998,2026,12632250.0,12632250.0,True,210000.0,2026-06-08 13:30:00,
PRJ-000999,2026,92692051.2,99667518.98,True,85089.67,2026-06-07 11:00:00,2026-08-11 11:00:00
PRJ-001000,2026,105999999.6,105999999.6,True,4883.64,2026-05-29 09:00:00,
PRJ-001001,2026,49254699.95,42086895.02,True,13200.8,2026-07-04 08:00:00,2026-08-11 08:00:00
PRJ-001002,2026,52228447.2,50318999.19,True,31004.17,2026-05-25 00:00:00,2026-08-11 00:00:00
PRJ-001003,2026,219888042.49,219888042.49,True,41973.81,2026-07-12 08:00:00,
PRJ-001004,2026,196952288.12,228597689.69,True,,2026-07-02 10:00:00,2026-08-10 10:00:00
PRJ-001005,2026,5940000.0,5940000.0,True,,2026-06-11 09:00:00,
PRJ-001006,2026,2399999.9,2917459.14,True,371051.81,2026-07-12 08:00:00,2026-08-10 08:00:00
PRJ-001007,2026,6258384.0,6802059.19,True,295400.0,2026-07-06 11:00:00,2026-08-10 11:00:00
PRJ-001008,2026,3600000.0,3600000.0,True,46880.55,2026-06-23 09:00:00,
PRJ-001009,2026,230374.8,230374.8,True,,2026-07-01 10:00:00,
PRJ-001010,2026,4982583.6,6089901.56,True,22864.29,2026-05-16 08:00:00,2026-08-10 08:00:00
PRJ-001011,2026,5953995.42,5953995.42,True,158902.32,2026-06-03 11:00:00,
PRJ-001012,2026,4405674.0,4405674.0,True,,2026-05-20 09:00:00,
PRJ-001013,2026,11263788.0,11263788.0,True,500000.0,2026-07-06 10:00:00,
PRJ-001014,2026,1400436.0,1497843.38,True,148856.58,2026-06-28 09:00:00,2026-08-10 09:00:00
PRJ-001015,2026,3981000.0,3981000.0,True,459386.51,2026-05-17 09:00:00,
PRJ-001016,2026,7500000.0,7500000.0,True,,2026-05-21 10:00:00,
PRJ-001017,2026,7899999.6,7899999.6,True,38926.99,2026-07-04 08:00:00,
PRJ-001018,2026,4037893.2,4771531.78,True,,2026-06-03 10:00:00,2026-08-10 10:00:00
PRJ-001019,2026,8882882.21,10302074.84,True,354807.35,2026-05-28 10:00:00,2026-08-10 10:00:00
PRJ-001020,2026,1499714.4,1725173.26,True,261198.88,2026-06-27 08:00:00,2026-08-10 08:00:00
PRJ-001021,2026,4099752.0,4099752.0,True,,2026-05-27 08:00:00,
PRJ-001022,2026,1424365.2,1424365.2,True,317000.0,2026-05-30 12:00:00,
PRJ-001023,2026,33780000.0,34026595.82,True,44526.22,2026-06-23 08:00:00,2026-08-10 08:00:00
PRJ-001024,2026,16500000.0,16500000.0,True,35000.0,2026-07-02 08:00:00,
PRJ-001025,2026,40168865.36,40168865.36,True,519753.88,2026-05-22 11:00:00,
PRJ-001026,2026,29998869.0,29998869.0,True,80840.0,2026-06-14 08:00:00,
PRJ-001027,2026,424024280.33,424024280.33,True,2315.83,2026-06-19 08:00:00,
PRJ-001028,2026,155967044.92,155967044.92,True,33010.5,2026-05-30 08:00:00,
PRJ-001029,2026,,,,,,
PRJ-001030,2026,,,,,,
PRJ-001031,2026,3169200.0,3169200.0,True,12277.13,2026-06-27 10:00:00,
PRJ-001032,2026,1851292.8,1851292.8,True,418851.77,2026-06-18 11:30:00,
PRJ-001033,2026,5022312.0,5022312.0,True,301391.14,2026-06-22 12:00:00,
PRJ-001034,2026,1329625.2,1601697.32,True,25953.71,2026-06-12 11:30:00,2026-07-13 11:30:00
PRJ-001035,2026,2884474.8,2884474.8,True,506044.37,2026-05-25 08:30:00,
PRJ-001036,2026,1499908.8,1404257.04,True,124851.87,2026-06-04 09:00:00,2026-08-09 09:00:00
PRJ-001037,2026,12349324.8,12349324.8,True,322850.79,2026-07-03 13:30:00,
PRJ-001038,2026,100000000.0,100000000.0,True,5026666.66,2026-07-07 09:00:00,
PRJ-001039,2026,58256000.0,66566265.36,True,564388.57,2026-07-07 09:30:00,2026-08-09 09:30:00
PRJ-001040,2026,14997600.0,14997600.0,True,93000.0,2026-05-14 09:00:00,
PRJ-001041,2026,29561993.6,29561993.6,True,102572.62,2026-05-19 08:30:00,
PRJ-001042,2026,13109100.0,13109100.0,True,99500.0,2026-06-04 08:00:00,
PRJ-001043,2026,67821399.6,75534434.28,True,30984.51,2026-06-28 08:00:00,2026-08-09 08:00:00
PRJ-001044,2026,54712299.6,54712299.6,True,759000.0,2026-05-16 08:00:00,
PRJ-001045,2026,54999167.5,54999167.5,True,3210160.14,2026-05-24 10:00:00,
PRJ-001046,2026,8655825.6,8655825.6,True,1790685.11,2026-07-01 12:00:00,
PRJ-001047,2026,3283200.0,3283200.0,True,187879.35,2026-05-17 12:00:00,
PRJ-001048,2026,40804218.0,40804218.0,True,81955.64,2026-06-04 12:00:00,
PRJ-001049,2026,28865192.4,28865192.4,True,157874.62,2026-06-28 12:00:00,
PRJ-001050,2026,615199.2,615199.2,True,,2026-06-24 08:30:00,
PRJ-001051,2026,414172.8,414172.8,True,,2026-05-31 08:30:00,
PRJ-001052,2026,46965799.2,57536963.34,True,137442.48,2026-06-24 08:30:00,2026-08-09 08:30:00
PRJ-001053,2026,45936427.2,45936427.2,True,922800.0,2026-05-29 08:30:00,
PRJ-001054,2026,15000000.0,16789969.84,True,100000.0,2026-06-03 08:00:00,2026-08-09 08:00:00
PRJ-001055,2026,21960000.0,21585600.75,True,44041.16,2026-05-24 08:00:00,2026-08-01 08:00:00
PRJ-001056,2026,94976531.74,101311032.24,True,12198.17,2026-06-30 08:00:00,2026-08-09 08:00:00
PRJ-001057,2026,244055449.2,244055449.2,True,71568.0,2026-07-04 13:00:00,
PRJ-001058,2026,,,,,,
PRJ-001059,2026,,,,,,
PRJ-001060,2026,,,,,,
PRJ-001061,2026,6048038.4,6048038.4,True,37013.45,2026-06-04 10:00:00,
PRJ-001062,2026,2598600.0,2598600.0,True,448439.05,2026-07-06 11:00:00,
PRJ-001063,2026,6699999.6,8364321.72,True,249997.0,2026-07-04 08:00:00,2026-07-29 08:00:00
PRJ-001064,2026,4560000.0,4560000.0,True,198395.99,2026-05-30 08:30:00,
PRJ-001065,2026,4200000.0,3571385.36,True,58731.81,2026-05-17 09:00:00,2026-06-28 09:00:00
PRJ-001066,2026,2999839.2,2773217.85,True,419900.0,2026-06-09 10:00:00,2026-08-06 10:00:00
PRJ-001067,2026,13445527.2,13445527.2,True,84919.81,2026-07-05 09:00:00,
PRJ-001068,2026,3985140.0,3985140.0,True,24480.68,2026-05-10 08:00:00,
PRJ-001069,2026,14403840.0,14403840.0,True,815000.0,2026-05-26 08:00:00,
PRJ-001070,2026,5588600.4,4921631.48,True,,2026-07-03 12:00:00,2026-08-06 12:00:00
PRJ-001071,2026,4524000.0,4524000.0,True,28732.76,2026-06-28 09:00:00,
PRJ-001072,2026,,,,,,
PRJ-001073,2026,2438952.0,2918943.22,True,35392.43,2026-05-24 08:00:00,2026-08-06 08:00:00
PRJ-001074,2026,39977095.2,39977095.2,True,60000.0,2026-06-08 08:00:00,
PRJ-001075,2026,2260750.0,1973808.98,True,19.0,2026-06-09 11:00:00,2026-08-06 11:00:00
PRJ-001076,2026,,,,,,
PRJ-001077,2026,6270448.8,6053036.21,True,3671.42,2026-06-21 12:00:00,2026-08-06 12:00:00
PRJ-001078,2026,10676640.0,10676640.0,True,345850.0,2026-06-05 10:00:00,
PRJ-001079,2026,58517040.0,58517040.0,True,66968.8,2026-06-15 10:00:00,
PRJ-001080,2026,47840400.0,47840400.0,True,68292.55,2026-06-29 10:00:00,
PRJ-001081,2026,,,,,,
PRJ-001082,2026,6985791.12,6985791.12,True,13181.91,2026-05-14 08:00:00,
PRJ-001083,2026,65594000.4,57396616.26,True,,2026-06-13 08:00:00,2026-08-01 08:00:00
PRJ-001084,2026,77380348.52,77380348.52,True,245237.96,2026-06-28 11:00:00,
PRJ-001085,2026,18519170.4,18519170.4,True,24672.26,2026-05-28 09:00:00,
PRJ-001086,2026,79507170.0,79507170.0,True,55713.7,2026-06-01 10:00:00,
PRJ-001087,2026,80252438.4,80252438.4,True,3454.6,2026-05-19 16:00:00,
PRJ-001088,2026,1500000000.0,1500000000.0,True,42818.76,2026-06-21 08:00:00,
PRJ-001089,2026,1500000000.0,1500000000.0,True,12571.57,2026-05-10 08:00:00,
PRJ-001090,2026,100555203.6,100555203.6,True,18114.3,2026-06-17 09:00:00,
PRJ-001091,2026,66567391.2,70383147.92,True,309.13,2026-06-16 14:30:00,2026-07-17 14:30:00
PRJ-001092,2026,,,,,,
PRJ-001093,2026,,,,,,
PRJ-001094,2026,2986813.2,2986813.2,True,2200000.0,2026-06-20 08:00:00,
PRJ-001095,2026,,,,,,
PRJ-001096,2026,4080000.0,4080000.0,True,,2026-06-03 08:00:00,
PRJ-001097,2026,558835.2,558835.2,True,,2026-06-30 10:00:00,
PRJ-001098,2026,1914948.54,1914948.54,True,,2026-05-31 08:00:00,
PRJ-001099,2026,1221963.1,1221963.1,True,,2026-06-06 08:00:00,
PRJ-001100,2026,1881948.41,1881948.41,True,316582.34,2026-05-27 08:00:00,
PRJ-001101,2026,11979999.6,11662522.37,True,100000.0,2026-06-21 11:00:00,2026-08-05 11:00:00
PRJ-001102,2026,1882071.17,1882071.17,True,81250.0,2026-07-03 08:00:00,
PRJ-001103,2026,10734801.98,10734801.98,True,134581.85,2026-06-08 10:30:00,
PRJ-001104,2026,9143832.38,9143832.38,True,2717.27,2026-06-26 10:30:00,
PRJ-001105,2026,45184985.24,45184985.24,True,274500.0,2026-06-29 09:00:00,
PRJ-001106,2026,3942000.0,3942000.0,True,1443232.64,2026-05-29 10:00:00,
PRJ-001107,2026,1999999.2,1999999.2,True,9575.78,2026-05-18 11:00:00,
PRJ-001108,2026,15000000.0,16737841.15,True,35000.0,2026-06-18 11:00:00,2026-08-05 11:00:00
PRJ-001109,2026,262200000.0,242873464.26,True,167360.05,2026-05-17 10:00:00,2026-08-05 10:00:00
PRJ-001110,2026,22500000.0,23025365.25,True,970000.0,2026-06-12 09:30:00,2026-08-05 09:30:00
PRJ-001111,2026,1248873228.5,1248873228.5,True,211309.24,2026-06-04 08:00:00,
PRJ-001112,2026,399771688.16,399771688.16,True,92989.24,2026-06-15 08:00:00,
PRJ-001113,2026,178194211.2,178194211.2,True,295650.0,2026-06-29 09:00:00,
PRJ-001114,2026,18458038.25,18458038.25,True,577558.0,2026-06-10 08:00:00,
PRJ-001115,2026,31155071.69,31155071.69,True,13637.45,2026-06-17 00:00:00,
PRJ-001116,2026,,,,,,
PRJ-001117,2026,8771678.4,8771678.4,True,206009.33,2026-06-17 10:00:00,
PRJ-001118,2026,47914826.4,47914826.4,True,89320.0,2026-06-04 10:00:00,
PRJ-001119,2026,39143148.0,39143148.0,True,241339.25,2026-06-07 10:00:00,
PRJ-001120,2026,2401302.79,2123287.29,True,600000.0,2026-05-19 08:00:00,2026-07-24 08:00:00
PRJ-001121,2026,3998200.0,3998200.0,True,106430.38,2026-06-10 08:00:00,
PRJ-001122,2026,14142182.4,14142182.4,True,263611.31,2026-05-31 10:00:00,
PRJ-001123,2026,19950399.6,19950399.6,True,25000.0,2026-05-16 08:00:00,
PRJ-001124,2026,,,,,,
PRJ-001125,2026,34868666.4,33023054.54,True,9638.83,2026-06-20 08:00:00,2026-08-04 08:00:00
PRJ-001126,2026,5158707.6,5158707.6,True,649990.0,2026-06-02 12:00:00,
PRJ-001127,2026,14865576.0,14865576.0,True,98583.0,2026-06-25 08:30:00,
PRJ-001128,2026,14499999.6,12925359.2,True,42976.16,2026-05-25 08:00:00,2026-08-04 08:00:00
PRJ-001129,2026,91262900.1,91262900.1,True,44939.39,2026-05-19 11:00:00,
PRJ-001130,2026,68534424.0,61436980.08,True,183551.01,2026-06-13 08:00:00,2026-08-04 08:00:00
PRJ-001131,2026,30000000.0,30000000.0,True,,2026-06-18 09:00:00,
PRJ-001132,2026,1500000000.0,1500000000.0,True,38531.07,2026-06-02 08:00:00,
PRJ-001133,2026,1500000000.0,1500000000.0,True,661110.0,2026-06-26 08:00:00,
PRJ-001134,2026,24522636.95,24522636.95,True,42926.75,2026-06-29 09:00:00,
PRJ-001135,2026,,,,,,
PRJ-001136,2026,1208400.0,1208400.0,True,45234.28,2026-06-11 08:30:00,
PRJ-001137,2026,1038949.16,1038949.16,True,,2026-06-03 08:30:00,
PRJ-001138,2026,2096217.8,2207106.57,True,245000.0,2026-05-14 08:30:00,2026-08-03 08:30:00
PRJ-001139,2026,4023868.97,4023868.97,True,595.37,2026-06-03 08:30:00,
PRJ-001140,2026,888702.0,888702.0,True,,2026-06-27 08:30:00,
PRJ-001141,2026,7039999.2,7039999.2,True,,2026-05-10 08:00:00,
PRJ-001142,2026,4787604.0,4787604.0,True,15232.49,2026-05-25 08:00:00,
PRJ-001143,2026,1500000.0,1500000.0,True,271710.0,2026-06-09 12:00:00,
PRJ-001144,2026,10256284.8,10256284.8,True,72000.0,2026-05-24 11:00:00,
PRJ-001145,2026,1712199.6,1712199.6,True,20382.69,2026-05-21 15:00:00,
PRJ-001146,2026,,,,,,
PRJ-001147,2026,2998664.4,2998664.4,True,,2026-05-24 13:00:00,
PRJ-001148,2026,14238781.2,14238781.2,True,44495.65,2026-05-16 08:30:00,
PRJ-001149,2026,2499999.6,2499999.6,True,534656.77,2026-05-13 10:00:00,
PRJ-001150,2026,2243983.2,2243983.2,True,693700.0,2026-06-20 08:00:00,
PRJ-001151,2026,,,,,,
PRJ-001152,2026,2613000.0,2613000.0,True,18730.43,2026-06-27 10:00:00,
PRJ-001153,2026,48000000.0,52704605.62,True,9807.73,2026-06-17 08:00:00,2026-07-12 08:00:00
PRJ-001154,2026,90000723.6,90000723.6,True,1738.68,2026-06-18 08:00:00,
PRJ-001155,2026,539617413.74,539617413.74,True,109607.34,2026-06-29 10:00:00,
PRJ-001156,2026,69972980.54,69972980.54,True,25000.0,2026-05-25 08:00:00,
PRJ-001157,2026,167877866.09,167877866.09,True,6925.52,2026-06-09 08:00:00,
PRJ-001158,2026,4437297.6,4437297.6,True,1300000.0,2026-05-11 10:00:00,
PRJ-001159,2026,9621251.76,10340694.04,True,445039.93,2026-05-05 11:00:00,2026-07-13 11:00:00
PRJ-001160,2026,10841199.6,10841199.6,True,32416.39,2026-07-04 12:30:00,
PRJ-001161,2026,4200000.0,4182127.45,True,72081.93,2026-06-23 09:00:00,2026-07-24 09:00:00
PRJ-001162,2026,2400000.0,2400000.0,True,470087.99,2026-05-23 10:00:00,
PRJ-001163,2026,5024924.4,5024924.4,True,70906.62,2026-07-02 08:00:00,
PRJ-001164,2026,1688040.0,1458527.85,True,,2026-06-25 14:00:00,2026-08-02 14:00:00
PRJ-001165,2026,1499799.6,1499799.6,True,22853.0,2026-05-08 08:00:00,
PRJ-001166,2026,2500000.0,2500000.0,True,1477.19,2026-05-17 00:00:00,
PRJ-001167,2026,3000000.0,3000000.0,True,237000.0,2026-07-04 10:00:00,
PRJ-001168,2026,6489072.0,6489072.0,True,525848.82,2026-05-17 10:00:00,
PRJ-001169,2026,4506910.92,4506910.92,True,367575.63,2026-06-16 09:00:00,
PRJ-001170,2026,12000000.0,12000000.0,True,33325.07,2026-06-07 10:00:00,
PRJ-001171,2026,2089108.07,2089108.07,True,269647.88,2026-06-01 10:00:00,
PRJ-001172,2026,1996818.0,1996818.0,True,795000.0,2026-05-10 09:00:00,
PRJ-001173,2026,11310076.8,11310076.8,True,29590.98,2026-06-08 10:00:00,
PRJ-001174,2026,,,,,,
PRJ-001175,2026,89999535.6,89999535.6,True,72587.44,2026-05-23 08:00:00,
PRJ-001176,2026,204907462.8,215019608.96,True,,2026-05-20 08:00:00,2026-07-22 08:00:00
PRJ-001177,2026,10800000.0,10800000.0,True,108991.22,2026-06-02 10:00:00,
PRJ-001178,2026,21571200.0,21571200.0,True,99000.0,2026-06-20 10:00:00,
PRJ-001179,2026,10771200.0,10771200.0,True,396364.56,2026-06-09 10:00:00,
PRJ-001180,2026,314400.0,314400.0,True,,2026-06-11 10:00:00,
PRJ-001181,2026,1287079.2,1287079.2,True,100000.0,2026-05-26 10:00:00,
PRJ-001182,2026,637440.0,637440.0,True,,2026-06-04 10:00:00,
PRJ-001183,2026,278599.2,278599.2,True,,2026-06-03 10:00:00,
PRJ-001184,2026,582800.4,582800.4,True,,2026-05-22 10:00:00,
PRJ-001185,2026,765680.4,765680.4,True,,2026-05-11 10:00:00,
PRJ-001186,2026,3737380.8,3989058.14,True,314825.63,2026-05-28 10:00:00,2026-08-02 10:00:00
PRJ-001187,2026,2096800.8,2096800.8,True,412393.43,2026-05-14 10:00:00,
PRJ-001188,2026,1359560.4,1359560.4,True,31892.97,2026-05-05 10:00:00,
PRJ-001189,2026,2951520.0,3497689.68,True,195500.0,2026-05-06 10:00:00,2026-08-02 10:00:00
PRJ-001190,2026,1927599.6,1927599.6,True,43036.8,2026-07-03 10:00:00,
PRJ-001191,2026,16358460.0,16358460.0,True,3603947.86,2026-05-22 10:00:00,
PRJ-001192,2026,419599.2,407612.54,True,,2026-05-29 10:00:00,2026-08-02 10:00:00
PRJ-001193,2026,8825160.0,8825160.0,True,60000.0,2026-06-01 08:00:00,
PRJ-001194,2026,106090296.0,106090296.0,True,47252.12,2026-06-14 08:00:00,
PRJ-001195,2026,18687338.4,22252621.21,True,222.59,2026-05-05 08:00:00,2026-08-02 08:00:00
PRJ-001196,2026,28899339.6,28899339.6,True,157768.22,2026-06-25 08:00:00,
PRJ-001197,2026,208726897.2,208726897.2,True,84442.81,2026-05-08 08:00:00,
PRJ-001198,2026,46224763.2,46224763.2,True,695000.0,2026-06-08 08:00:00,
PRJ-001199,2026,214128000.0,214128000.0,True,3716217.68,2026-06-30 10:00:00,
PRJ-001200,2026,12000000.0,12000000.0,True,22010.49,2026-06-15 11:00:00,
PRJ-001201,2026,20007734.4,20007734.4,True,304963.93,2026-05-31 08:00:00,
PRJ-001202,2026,146927912.4,146927912.4,True,41940.44,2026-05-05 00:00:00,
PRJ-001203,2026,19543386.0,19543386.0,True,20527.0,2026-06-17 09:00:00,
PRJ-001204,2026,142185956.35,142185956.35,True,,2026-06-09 08:00:00,
PRJ-001205,2026,69891649.2,80815409.45,True,914000.0,2026-05-27 12:30:00,2026-08-02 12:30:00
PRJ-001206,2026,,,,,,
PRJ-001207,2026,1990992.0,1990992.0,True,479166.5,2026-05-07 09:00:00,
PRJ-001208,2026,5049892.14,5049892.14,True,761669.96,2026-06-02 08:00:00,
PRJ-001209,2026,1715880.0,1715880.0,True,78143.22,2026-05-13 12:00:00,
PRJ-001210,2026,2071200.0,2587074.15,True,47271.91,2026-06-26 08:00:00,2026-07-30 08:00:00
PRJ-001211,2026,2793000.0,2793000.0,True,96000.0,2026-06-17 08:30:00,
PRJ-001212,2026,887040.0,931821.02,True,,2026-05-02 08:30:00,2026-06-22 08:30:00
PRJ-001213,2026,491129.11,445590.98,True,,2026-06-16 08:30:00,2026-07-30 08:30:00
PRJ-001214,2026,8242258.72,9168845.55,True,595766.0,2026-06-07 08:30:00,2026-07-30 08:30:00
PRJ-001215,2026,4071089.6,4071089.6,True,12070.0,2026-05-08 08:30:00,
PRJ-001216,2026,6645999.6,6501340.28,True,133838.82,2026-06-09 11:00:00,2026-07-30 11:00:00
PRJ-001217,2026,7744079.63,7744079.63,True,293229.21,2026-05-18 10:00:00,
PRJ-001218,2026,45238094.88,45238094.88,True,230186.65,2026-06-14 09:00:00,
PRJ-001219,2026,1584397.56,1584397.56,True,74666.0,2026-05-07 10:00:00,
PRJ-001220,2026,7819573.2,9665436.99,True,96866.36,2026-05-31 10:00:00,2026-07-30 10:00:00
PRJ-001221,2026,13819573.2,16291216.44,True,52748.89,2026-05-27 10:00:00,2026-06-23 10:00:00
PRJ-001222,2026,6000000.0,6000000.0,True,23067.5,2026-05-23 10:00:00,
PRJ-001223,2026,2812719.6,2812719.6,True,229300.0,2026-05-22 08:00:00,
PRJ-001224,2026,3733440.0,3733440.0,True,,2026-06-15 08:00:00,
PRJ-001225,2026,14948919.6,17844097.66,True,34500.0,2026-05-16 08:00:00,2026-07-19 08:00:00
PRJ-001226,2026,8402760.0,8210018.23,True,71000.0,2026-06-13 08:00:00,2026-07-30 08:00:00
PRJ-001227,2026,25519999.2,25519999.2,True,47943.01,2026-05-21 10:00:00,
PRJ-001228,2026,56939199.6,69086509.95,True,4355.03,2026-06-02 10:00:00,2026-07-30 10:00:00
PRJ-001229,2026,27663584.33,27663584.33,True,127329.73999999999,2026-06-17 09:00:00,
PRJ-001230,2026,19925400.0,19925400.0,True,25673.87,2026-06-24 08:30:00,
PRJ-001231,2026,33152044.8,33152044.8,True,99000.0,2026-06-10 08:30:00,
PRJ-001232,2026,,,,,,
PRJ-001233,2026,1284430515.26,1284430515.26,True,172635.77,2026-05-14 11:00:00,
PRJ-001234,2026,1078656.0,1078656.0,True,,2026-05-28 09:00:00,
PRJ-001235,2026,84000000.0,84000000.0,True,39909.54,2026-07-01 08:00:00,
PRJ-001236,2026,291400625.9,291400625.9,True,541500.0,2026-06-26 11:00:00,
PRJ-001237,2026,,,,,,
PRJ-001238,2026,,,,,,
PRJ-001239,2026,,,,,,
PRJ-001240,2026,,,,,,
PRJ-001241,2026,,,,,,
PRJ-001242,2026,4800000.0,4800000.0,True,267166.23,2026-05-23 10:00:00,
PRJ-001243,2026,10681306.92,10681306.92,True,15039.63,2026-04-30 10:00:00,
PRJ-001244,2026,2751999.6,2366475.14,True,165000.0,2026-06-28 09:00:00,2026-07-29 09:00:00
PRJ-001245,2026,1407578.18,1407578.18,True,43050.77,2026-06-16 09:30:00,
PRJ-001246,2026,3501811.2,3440567.03,True,46.48,2026-06-27 10:00:00,2026-07-29 10:00:00
PRJ-001247,2026,7159999.2,7159999.2,True,726744.48,2026-05-18 10:00:00,
PRJ-001248,2026,2277850.8,2277850.8,True,497267.11,2026-05-26 10:00:00,
PRJ-001249,2026,2160000.0,2160000.0,True,22686.22,2026-06-07 10:00:00,
PRJ-001250,2026,6900000.0,6900000.0,True,11874.02,2026-05-26 09:00:00,
PRJ-001251,2026,2160000.0,2160000.0,True,,2026-05-20 10:00:00,
PRJ-001252,2026,6900000.0,6900000.0,True,,2026-05-14 09:00:00,
PRJ-001253,2026,1800000.0,2040926.05,True,423100.0,2026-06-24 10:00:00,2026-07-29 10:00:00
PRJ-001254,2026,4932189.6,4932189.6,True,1599846.74,2026-05-06 08:00:00,
PRJ-001255,2026,5999416.44,5999416.44,True,304500.0,2026-06-20 10:00:00,
PRJ-001256,2026,16250000.4,16250000.4,True,19600.44,2026-05-17 16:00:00,
PRJ-001257,2026,6999948.0,8348126.79,True,16528.15,2026-06-18 13:00:00,2026-07-29 13:00:00
PRJ-001258,2026,3000000.0,3000000.0,True,69028.1,2026-06-18 10:00:00,
PRJ-001259,2026,6264240.0,6264240.0,True,12191.55,2026-05-26 08:00:00,
PRJ-001260,2026,20399770.82,20399770.82,True,100000.0,2026-05-15 08:00:00,
PRJ-001261,2026,6264240.0,6264240.0,True,684386.53,2026-06-08 08:00:00,
PRJ-001262,2026,20399770.82,20399770.82,True,3135.47,2026-06-30 08:00:00,
PRJ-001263,2026,209999391.6,209999391.6,True,173.5,2026-06-01 10:00:00,
PRJ-001264,2026,33175314.95,28974183.88,True,996400.0,2026-06-05 11:00:00,2026-07-29 11:00:00
PRJ-001265,2026,19428103.82,19428103.82,True,6624.25,2026-06-10 11:00:00,
PRJ-001266,2026,31761301.2,31761301.2,True,32757.5,2026-05-04 00:00:00,
PRJ-001267,2026,64901085.6,64901085.6,True,0.2,2026-05-12 08:00:00,
PRJ-001268,2026,38000000.04,43821920.51,True,17187.66,2026-05-19 10:00:00,2026-06-20 10:00:00
PRJ-001269,2026,53286514.8,53286514.8,True,69352.25,2026-06-13 10:00:00,
PRJ-001270,2026,,,,,,
PRJ-001271,2026,,,,,,
PRJ-001272,2026,3063694.8,3063694.8,True,312000.0,2026-05-28 12:00:00,
PRJ-001273,2026,4303644.0,4303644.0,True,218765.85,2026-06-29 08:00:00,
PRJ-001274,2026,9999942.88,9114034.66,True,1250052.75,2026-06-23 13:00:00,2026-07-28 13:00:00
PRJ-001275,2026,1560000.0,1560000.0,True,18000.0,2026-05-21 08:00:00,
PRJ-001276,2026,7999200.0,7460469.32,True,170140.0,2026-06-13 09:00:00,2026-07-10 09:00:00
PRJ-001277,2026,12699911.94,11594753.46,True,,2026-06-02 08:00:00,2026-07-28 08:00:00
PRJ-001278,2026,5565072.55,5565072.55,True,193555.55,2026-05-03 09:00:00,
PRJ-001279,2026,12354346.15,12354346.15,True,130000.0,2026-06-21 09:00:00,
PRJ-001280,2026,6789273.6,6789273.6,True,307048.73,2026-06-03 09:00:00,
PRJ-001281,2026,18369600.0,18369600.0,True,0.0,2026-06-12 10:00:00,
PRJ-001282,2026,,,,,,
PRJ-001283,2026,16329697.2,16329697.2,True,188096.8,2026-05-22 15:00:00,
PRJ-001284,2026,18437160.0,18437160.0,True,985500.0,2026-05-16 09:00:00,
PRJ-001285,2026,99130820.4,99130820.4,True,148624.89,2026-06-10 09:00:00,
PRJ-001286,2026,190113951.19,190113951.19,True,6065.42,2026-05-31 11:00:00,
PRJ-001287,2026,34599930.12,34599930.12,True,,2026-06-01 08:00:00,
PRJ-001288,2026,175020156.0,204425460.94,True,259882.72,2026-05-19 11:30:00,2026-07-28 11:30:00
PRJ-001289,2026,25752738.04,25752738.04,True,249609.4,2026-05-28 08:00:00,
PRJ-001290,2026,16268851.2,16268851.2,True,242437.39,2026-05-05 08:00:00,
PRJ-001291,2026,175020156.0,175020156.0,True,5167.03,2026-05-29 11:30:00,
PRJ-001292,2026,25752738.04,25752738.04,True,,2026-05-29 08:00:00,
PRJ-001293,2026,16268851.2,16268851.2,True,137540.97,2026-06-01 08:00:00,
PRJ-001294,2026,17313465.6,17313465.6,True,80215.67,2026-06-20 08:00:00,
PRJ-001295,2026,3756019.2,3898695.94,True,160868.49,2026-05-10 08:00:00,2026-05-29 08:00:00
PRJ-001296,2026,1960605.6,1960605.6,True,29764.62,2026-06-08 08:00:00,
PRJ-001297,2026,69253860.0,69253860.0,True,135000.0,2026-05-25 08:00:00,
PRJ-001298,2026,5005800.6,5005800.6,True,3523.51,2026-05-31 08:00:00,
PRJ-001299,2026,281628022.3,351926884.69,True,100000.0,2026-06-22 08:00:00,2026-07-27 08:00:00
PRJ-001300,2026,142316682.06,142316682.06,True,900000.0,2026-06-20 08:00:00,
PRJ-001301,2026,281628022.3,281628022.3,True,350000.0,2026-05-28 08:00:00,
PRJ-001302,2026,142316682.06,142316682.06,True,1169560.8,2026-06-11 08:00:00,
PRJ-001303,2026,5386905.0,5386905.0,True,11579.75,2026-06-23 10:30:00,
PRJ-001304,2026,6779382.0,6779382.0,True,,2026-05-28 09:00:00,
PRJ-001305,2026,3371927.87,3371927.87,True,46999.38,2026-05-16 08:00:00,
PRJ-001306,2026,3000000.0,3000000.0,True,549218.16,2026-05-14 08:00:00,
PRJ-001307,2026,5594400.0,5185592.67,True,99541.67,2026-06-02 12:00:00,2026-07-10 12:00:00
PRJ-001308,2026,14047036.8,14047036.8,True,526809.06,2026-05-17 10:00:00,
PRJ-001309,2026,8232884.4,8232884.4,True,17891.41,2026-05-19 10:30:00,
PRJ-001310,2026,9989957.39,9989957.39,True,415033.64,2026-05-26 09:00:00,
PRJ-001311,2026,9989957.39,9989957.39,True,100000.0,2026-05-31 09:00:00,
PRJ-001312,2026,11999895.17,11999895.17,True,53802.11,2026-06-04 10:00:00,
PRJ-001313,2026,215760000.0,215760000.0,True,414212.1,2026-05-26 08:00:00,
PRJ-001314,2026,27297737.65,27297737.65,True,45819.68,2026-06-15 08:00:00,
PRJ-001315,2026,183600000.0,197190621.05,True,265638.37,2026-05-03 14:00:00,2026-06-28 14:00:00
PRJ-001316,2026,299996763.42,364188531.62,True,526238.87,2026-05-20 09:00:00,2026-07-27 09:00:00
PRJ-001317,2026,68851637.34,72214094.13,True,209000.0,2026-05-28 08:00:00,2026-06-23 08:00:00
PRJ-001318,2026,29999979.91,29999979.91,True,12498.59,2026-06-04 10:00:00,
PRJ-001319,2026,,,,,,
PRJ-001320,2026,1949961.12,1806354.4,True,39930.45,2026-06-08 08:30:00,2026-07-26 08:30:00
PRJ-001321,2026,1949961.12,1728548.06,True,332696.73,2026-05-05 08:30:00,2026-07-26 08:30:00
PRJ-001322,2026,10521667.2,10521667.2,True,46677.12,2026-06-07 10:00:00,
PRJ-001323,2026,102365960.0,102365960.0,True,95084.33,2026-06-21 08:30:00,
PRJ-001324,2026,146802.0,146802.0,True,,2026-06-19 11:00:00,
PRJ-001325,2026,12184436.48,12184436.48,True,,2026-06-21 11:00:00,
PRJ-001326,2026,6812960.0,6812960.0,True,96800.0,2026-06-20 10:30:00,
PRJ-001327,2026,14883824.22,15615915.23,True,244621.72,2026-06-06 11:00:00,2026-07-26 11:00:00
PRJ-001328,2026,2552585.74,3143611.33,True,36189.73,2026-05-24 11:00:00,2026-07-01 11:00:00
PRJ-001329,2026,1859374413.29,1730935239.08,True,148428.83,2026-06-15 08:00:00,2026-07-26 08:00:00
PRJ-001330,2026,3999488.03,3999488.03,True,1081.3,2026-04-29 09:00:00,
PRJ-001331,2026,3999488.03,3999488.03,True,99933.0,2026-06-24 09:00:00,
PRJ-001332,2026,13324670.63,13324670.63,True,850000.0,2026-06-14 09:00:00,
PRJ-001333,2026,9325182.6,9325182.6,True,826000.0,2026-06-24 09:00:00,
PRJ-001334,2026,549353779.68,549353779.68,True,249300.0,2026-05-25 08:00:00,
PRJ-001335,2026,82546442.69,82546442.69,True,58262.79,2026-06-27 09:00:00,
PRJ-001336,2026,266653536.0,274993598.39,True,1144789.44,2026-05-15 08:00:00,2026-07-25 08:00:00
PRJ-001337,2026,,,,,,
PRJ-001338,2026,8499999.6,8499999.6,True,260151.15,2026-06-03 10:30:00,
PRJ-001339,2026,,,,,,
PRJ-001340,2026,,,,,,
PRJ-001341,2026,4703014.99,4301525.42,True,109372.52,2026-05-25 10:00:00,2026-07-18 10:00:00
PRJ-001342,2026,6996796.8,8549437.09,True,25000.0,2026-05-22 08:00:00,2026-06-13 08:00:00
PRJ-001343,2026,3597690.0,3597690.0,True,113000.0,2026-05-22 00:00:00,
PRJ-001344,2026,2125764.0,2125764.0,True,348257.29,2026-06-19 09:00:00,
PRJ-001345,2026,6962863.2,6962863.2,True,499997.0,2026-06-13 11:00:00,
PRJ-001346,2026,1262304.0,1262304.0,True,136286.21,2026-05-07 09:00:00,
PRJ-001347,2026,4821984.0,4821984.0,True,100000.0,2026-05-15 09:00:00,
PRJ-001348,2026,3559680.0,3559680.0,True,83166.0,2026-05-24 09:00:00,
PRJ-001349,2026,4999999.2,5035450.02,True,6120.84,2026-05-22 08:00:00,2026-07-23 08:00:00
PRJ-001350,2026,11884087.6,11884087.6,True,79240.72,2026-06-22 10:00:00,
PRJ-001351,2026,1826629.2,1826629.2,True,132000.0,2026-05-13 10:00:00,
PRJ-001352,2026,7999928.51,7999928.51,True,143000.0,2026-05-27 10:00:00,
PRJ-001353,2026,2704440.0,2704440.0,True,245000.0,2026-06-04 08:00:00,
PRJ-001354,2026,3999594.0,3999594.0,True,41600.67,2026-06-13 09:00:00,
PRJ-001355,2026,7491999.6,7491999.6,True,17002.7,2026-05-16 10:00:00,
PRJ-001356,2026,75928357.2,75928357.2,True,28000.0,2026-06-06 08:00:00,
PRJ-001357,2026,236449908.05,236449908.05,True,128871.85,2026-05-26 11:00:00,
PRJ-001358,2026,1998000.0,2166740.65,True,,2026-06-12 08:00:00,2026-07-16 08:00:00
PRJ-001359,2026,17666610.73,17666610.73,True,70000.0,2026-06-07 09:00:00,
PRJ-001360,2026,1500000.0,1500000.0,True,,2026-06-13 12:00:00,
PRJ-001361,2026,9699600.0,8357453.21,True,462740.23,2026-05-30 12:00:00,2026-07-23 12:00:00
PRJ-001362,2026,8199600.0,8199600.0,True,765200.0,2026-06-21 12:00:00,
PRJ-001363,2026,3358602.0,3358602.0,True,387500.0,2026-06-04 08:30:00,
PRJ-001364,2026,19202922.0,19202922.0,True,249800.0,2026-05-27 08:30:00,
PRJ-001365,2026,15844320.0,15844320.0,True,30000.0,2026-06-23 08:30:00,
PRJ-001366,2026,842200.0,749878.44,True,,2026-05-10 08:30:00,2026-07-23 08:30:00
PRJ-001367,2026,31616305.2,29646884.46,True,108983.64,2026-06-12 08:30:00,2026-07-23 08:30:00
PRJ-001368,2026,43192209.6,43192209.6,True,232112.99,2026-05-18 08:30:00,
PRJ-001369,2026,10733704.4,10733704.4,True,13336.53,2026-06-07 08:30:00,
PRJ-001370,2026,5004840.0,5004840.0,True,350000.0,2026-06-06 10:00:00,
PRJ-001371,2026,15415866.0,15415866.0,True,898700.0,2026-05-12 10:00:00,
PRJ-001372,2026,10411026.0,10411026.0,True,50777.71,2026-05-24 10:00:00,
PRJ-001373,2026,53484000.61,53484000.61,True,185391.69,2026-05-08 08:00:00,
PRJ-001374,2026,16014521.34,16014521.34,True,946.15,2026-06-08 11:00:00,
PRJ-001375,2026,4855800.0,4855800.0,True,65879.1,2026-06-05 08:00:00,
PRJ-001376,2026,40337421.6,40337421.6,True,799999.0,2026-05-07 08:00:00,
PRJ-001377,2026,35481621.6,37522106.97,True,36617.39,2026-04-25 08:00:00,2026-07-23 08:00:00
PRJ-001378,2026,54514807.2,54514807.2,True,88677.28,2026-05-17 11:00:00,
PRJ-001379,2026,12679960.0,12679960.0,True,188000.0,2026-06-16 10:30:00,
PRJ-001380,2026,14640000.0,15389836.23,True,626275.25,2026-06-20 09:00:00,2026-07-23 09:00:00
PRJ-001381,2026,9262169.81,9262169.81,True,315845.37,2026-05-07 10:00:00,
PRJ-001382,2026,14996969.81,14996969.81,True,310800.0,2026-06-22 10:00:00,
PRJ-001383,2026,5734800.0,6458320.97,True,194100.0,2026-06-09 10:00:00,2026-07-23 10:00:00
PRJ-001384,2026,,,,,,
PRJ-001385,2026,4151199.6,4151199.6,True,20099.89,2026-06-03 09:00:00,
PRJ-001386,2026,4992000.0,4992000.0,True,123840.0,2026-06-20 10:00:00,
PRJ-001387,2026,3483320.4,3589108.49,True,137082.33,2026-06-09 10:00:00,2026-07-22 10:00:00
PRJ-001388,2026,2382000.0,2382000.0,True,720000.0,2026-06-06 09:00:00,
PRJ-001389,2026,11410680.0,9787652.95,True,99500.0,2026-05-16 08:00:00,2026-07-22 08:00:00
PRJ-001390,2026,3495999.6,3495999.6,True,1278041.38,2026-05-01 11:00:00,
PRJ-001391,2026,3500000.4,3500000.4,True,3724.0,2026-06-08 12:00:00,
PRJ-001392,2026,1680096.0,1680096.0,True,155805.52,2026-06-02 08:00:00,
PRJ-001393,2026,,,,,,
PRJ-001394,2026,1557970.8,1557970.8,True,39576.61,2026-06-12 08:00:00,
PRJ-001395,2026,2314620.0,2314620.0,True,126950.0,2026-06-02 10:00:00,
PRJ-001396,2026,11599476.0,11599476.0,True,4811.37,2026-05-15 08:00:00,
PRJ-001397,2026,2329110.0,2439272.13,True,1676.49,2026-06-09 12:00:00,2026-07-07 12:00:00
PRJ-001398,2026,6561355.2,6561355.2,True,1277.15,2026-05-21 14:00:00,
PRJ-001399,2026,8000000.04,9630752.06,True,104700.0,2026-05-23 10:00:00,2026-07-22 10:00:00
PRJ-001400,2026,7200000.0,8441946.69,True,37133.7,2026-05-04 10:00:00,2026-06-05 10:00:00
PRJ-001401,2026,15600000.0,15600000.0,True,98951.71,2026-05-09 13:00:00,
PRJ-001402,2026,64630986.0,64630986.0,True,614774.0,2026-06-20 15:00:00,
PRJ-001403,2026,12600000.0,12600000.0,True,95000.0,2026-05-12 08:00:00,
PRJ-001404,2026,159999999.6,159999999.6,True,10446.25,2026-06-17 09:00:00,
PRJ-001405,2026,54480000.0,67574694.95,True,830700.0,2026-05-13 10:00:00,2026-07-09 10:00:00
PRJ-001406,2026,57186453.6,56259184.23,True,196183.49,2026-05-24 12:30:00,2026-07-03 12:30:00
PRJ-001407,2026,358530568.8,358530568.8,True,,2026-05-02 10:00:00,
PRJ-001408,2026,1677500.4,1677500.4,True,340000.0,2026-05-20 08:00:00,
PRJ-001409,2026,1608000.0,1608000.0,True,330000.0,2026-06-21 13:00:00,
PRJ-001410,2026,1999854.0,2007298.78,True,63620.42,2026-06-18 08:00:00,2026-07-21 08:00:00
PRJ-001411,2026,4788000.0,4788000.0,True,99182.45000000001,2026-05-15 09:00:00,
PRJ-001412,2026,14068800.0,14068800.0,True,99925.0,2026-05-25 14:00:00,
PRJ-001413,2026,121574862.0,121574862.0,True,5030.93,2026-05-26 08:30:00,
PRJ-001414,2026,268320000.0,313955859.49,True,8636.15,2026-06-06 11:00:00,2026-07-21 11:00:00
PRJ-001415,2026,32106446.4,32106446.4,True,65018.89,2026-06-11 11:00:00,
PRJ-001416,2026,32106446.4,33264437.77,True,859000.0,2026-06-18 08:00:00,2026-07-21 08:00:00
PRJ-001417,2026,134641980.0,134641980.0,True,196326.77,2026-05-09 08:30:00,
PRJ-001418,2026,160221685.31,160221685.31,True,85796.97,2026-04-27 08:00:00,
PRJ-001419,2026,273067889.84,273067889.84,True,7761.78,2026-05-23 12:30:00,
PRJ-001420,2026,4253890.63,4253890.63,True,210743.18,2026-05-22 10:00:00,
PRJ-001421,2026,1109794.8,1109794.8,True,,2026-05-10 08:00:00,
PRJ-001422,2026,1716640.8,1737067.73,True,139135.9,2026-06-09 08:00:00,2026-07-20 08:00:00
PRJ-001423,2026,606846.0,606846.0,True,,2026-04-23 08:00:00,
PRJ-001424,2026,11259999.6,11259999.6,True,202555.0,2026-05-31 09:00:00,
PRJ-001425,2026,2550240.0,3095780.76,True,799000.0,2026-04-28 12:00:00,2026-07-20 12:00:00
PRJ-001426,2026,1478316.0,1478316.0,True,,2026-06-09 08:00:00,
PRJ-001427,2026,2659800.0,2888428.69,True,172000.0,2026-05-21 08:00:00,2026-07-20 08:00:00
PRJ-001428,2026,1181484.0,1181484.0,True,,2026-05-25 08:00:00,
PRJ-001429,2026,,,,,,
PRJ-001430,2026,11894400.0,11894400.0,True,600000.0,2026-06-06 10:00:00,
PRJ-001431,2026,4800000.0,4800000.0,True,48020.54,2026-05-08 08:30:00,
PRJ-001432,2026,2614920.0,2614920.0,True,17788.93,2026-06-11 08:00:00,
PRJ-001433,2026,2496133.33,2496133.33,True,515728.85,2026-06-20 10:00:00,
PRJ-001434,2026,1958400.0,1958400.0,True,45833.33,2026-05-05 12:00:00,
PRJ-001435,2026,240000000.0,240000000.0,True,13184.78,2026-05-25 08:30:00,
PRJ-001436,2026,54504000.0,54504000.0,True,53649.630000000005,2026-05-06 10:00:00,
PRJ-001437,2026,23914060.8,23914060.8,True,8407.44,2026-06-19 10:00:00,
PRJ-001438,2026,24009332.4,25699247.66,True,10580102.52,2026-06-02 08:00:00,2026-06-26 08:00:00
PRJ-001439,2026,134024546.93,134024546.93,True,218832.82,2026-05-01 08:00:00,
PRJ-001440,2026,110015214.53,114374290.87,True,26500.0,2026-04-25 08:00:00,2026-05-14 08:00:00
PRJ-001441,2026,26025903.6,22381732.83,True,5033.89,2026-05-04 11:00:00,2026-07-20 11:00:00
PRJ-001442,2026,40132865.36,43239901.31,True,36291.9,2026-06-14 11:00:00,2026-07-12 11:00:00
PRJ-001443,2026,120015822.0,120015822.0,True,,2026-04-22 10:00:00,
PRJ-001444,2026,14400000.0,14400000.0,True,20867.4,2026-05-25 11:00:00,
PRJ-001445,2026,3898488.3,4336605.27,True,159322.3,2026-05-16 10:00:00,2026-06-08 10:00:00
PRJ-001446,2026,9010809.06,9010809.06,True,120136.82,2026-05-09 08:00:00,
PRJ-001447,2026,5862489.08,5862489.08,True,100000.0,2026-05-22 08:00:00,
PRJ-001448,2026,1437303.6,1437303.6,True,81991.4,2026-05-18 08:00:00,
PRJ-001449,2026,11001240.0,11442756.95,True,526830.0,2026-05-06 08:30:00,2026-07-19 08:30:00
PRJ-001450,2026,4996862.4,4996862.4,True,2795825.96,2026-06-18 08:30:00,
PRJ-001451,2026,7243779.6,7243779.6,True,8584.1,2026-06-15 08:30:00,
PRJ-001452,2026,2246917.2,2560222.77,True,252000.0,2026-05-07 08:30:00,2026-06-23 08:30:00
PRJ-001453,2026,,,,,,
PRJ-001454,2026,2998800.0,2998800.0,True,623204.61,2026-05-20 08:00:00,
PRJ-001455,2026,3999999.6,3999999.6,True,279000.0,2026-05-24 09:00:00,
PRJ-001456,2026,2230299.6,2538206.24,True,422588.47000000003,2026-06-02 11:00:00,2026-07-11 11:00:00
PRJ-001457,2026,84231869.04,84231869.04,True,4515.41,2026-06-04 10:00:00,
PRJ-001458,2026,64641618.0,64641618.0,True,3909549.17,2026-05-18 10:00:00,
PRJ-001459,2026,488384152.8,488384152.8,True,1998.97,2026-05-31 08:00:00,
PRJ-001460,2026,589609441.32,589609441.32,True,,2026-05-04 08:00:00,
PRJ-001461,2026,10226986.8,10226986.8,True,475389.83,2026-05-04 10:00:00,
PRJ-001462,2026,94000000.12,94000000.12,True,99450.0,2026-05-23 08:00:00,
PRJ-001463,2026,,,,,,
PRJ-001464,2026,34297944.41,34297944.41,True,43200.0,2026-05-12 08:00:00,
PRJ-001465,2026,,,,,,
PRJ-001466,2026,,,,,,
PRJ-001467,2026,,,,,,
PRJ-001468,2026,,,,,,
PRJ-001469,2026,7200000.0,6126437.39,True,37814.0,2026-05-07 10:00:00,2026-07-16 10:00:00
PRJ-001470,2026,6433221.0,6433221.0,True,1228248.67,2026-06-07 09:00:00,
PRJ-001471,2026,,,,,,
PRJ-001472,2026,2934803.64,2656707.21,True,,2026-05-25 08:00:00,2026-07-02 08:00:00
PRJ-001473,2026,7342272.48,7342272.48,True,313488.4,2026-04-29 08:00:00,
PRJ-001474,2026,4407468.84,4407468.84,True,17655.72,2026-05-03 08:00:00,
PRJ-001475,2026,395001600.0,395001600.0,True,6132630.0,2026-05-25 08:00:00,
PRJ-001476,2026,8000000.4,8000000.4,True,,2026-05-21 09:00:00,
PRJ-001477,2026,2399520.0,2399520.0,True,514000.0,2026-05-07 10:00:00,
PRJ-001478,2026,1294262.4,1294262.4,True,7988.35,2026-05-07 08:00:00,
PRJ-001479,2026,11634952.8,11634952.8,True,392509.0,2026-05-04 08:00:00,
PRJ-001480,2026,10340690.4,10340690.4,True,203300.0,2026-05-12 08:00:00,
PRJ-001481,2026,3769732.8,3769732.8,True,26500.0,2026-06-03 08:00:00,
PRJ-001482,2026,95673445.6,95673445.6,True,36169.2,2026-05-30 11:00:00,
PRJ-001483,2026,4008000.0,4008000.0,True,1743.92,2026-05-09 11:30:00,
PRJ-001484,2026,3503184.0,3503184.0,True,99900.0,2026-05-08 08:00:00,
PRJ-001485,2026,10569384.0,11768068.34,True,192609.11,2026-04-18 08:00:00,2026-07-16 08:00:00
PRJ-001486,2026,8614614.0,8614614.0,True,344227.02,2026-04-23 08:00:00,
PRJ-001487,2026,4238253.6,4238253.6,True,57691.93,2026-06-15 08:00:00,
PRJ-001488,2026,929106.0,1097644.69,True,,2026-05-16 08:00:00,2026-07-16 08:00:00
PRJ-001489,2026,4359999.6,4359999.6,True,55806.340000000004,2026-05-20 08:00:00,
PRJ-001490,2026,530000.4,530000.4,True,,2026-06-03 08:00:00,
PRJ-001491,2026,1635820.8,1635820.8,True,1040.0,2026-06-07 08:00:00,
PRJ-001492,2026,44994362.4,44994362.4,True,889700.0,2026-04-18 08:00:00,
PRJ-001493,2026,10614000.0,10614000.0,True,139992.59,2026-05-03 08:00:00,
PRJ-001494,2026,4524000.0,4524000.0,True,266750.0,2026-04-18 09:00:00,
PRJ-001495,2026,7634772.0,7634772.0,True,322714.0,2026-06-12 09:00:00,
PRJ-001496,2026,261523202.4,261523202.4,True,88261623.44,2026-05-01 10:00:00,
PRJ-001497,2026,,,,,,
PRJ-001498,2026,191526778.8,191526778.8,True,147227.02,2026-04-30 15:00:00,
PRJ-001499,2026,23628391.76,23628391.76,True,19171.12,2026-06-10 08:00:00,
PRJ-001500,2026,,,,,,
PRJ-001501,2026,3470000.4,3470000.4,True,41208.91,2026-04-19 10:00:00,
PRJ-001502,2026,95000000.4,95000000.4,True,37813.72,2026-05-09 09:00:00,
PRJ-001503,2026,50000000.4,50000000.4,True,208333.0,2026-04-19 09:00:00,
PRJ-001504,2026,,,,,,
PRJ-001505,2026,,,,,,
PRJ-001506,2026,,,,,,
PRJ-001507,2026,,,,,,
PRJ-001508,2026,1800000.0,1800000.0,True,77000.0,2026-06-14 09:00:00,
PRJ-001509,2026,3027999.6,3240878.74,True,78960.0,2026-05-06 11:00:00,2026-07-15 11:00:00
PRJ-001510,2026,4800000.0,4800000.0,True,405350.93,2026-05-08 10:00:00,
PRJ-001511,2026,2400399.6,2400399.6,True,,2026-06-11 08:00:00,
PRJ-001512,2026,4037893.8,4037893.8,True,,2026-06-08 08:00:00,
PRJ-001513,2026,7206656.04,7206656.04,True,154692.69,2026-06-15 09:00:00,
PRJ-001514,2026,3271248.0,3271248.0,True,223522.08,2026-05-26 12:00:00,
PRJ-001515,2026,4770000.0,4770000.0,True,32200.0,2026-06-01 10:00:00,
PRJ-001516,2026,32622446.4,32622446.4,True,750000.0,2026-06-12 08:00:00,
PRJ-001517,2026,2499999.6,2499999.6,True,334360.0,2026-05-06 08:00:00,
PRJ-001518,2026,54144577.2,54144577.2,True,890208.29,2026-05-01 08:00:00,
PRJ-001519,2026,27579000.0,27579000.0,True,598000.0,2026-05-05 08:00:00,
PRJ-001520,2026,32622446.4,32622446.4,True,228000.0,2026-05-31 08:00:00,
PRJ-001521,2026,27579000.0,27579000.0,True,50060.98,2026-05-07 08:00:00,
PRJ-001522,2026,6173756.4,6173756.4,True,97476.0,2026-05-14 08:00:00,
PRJ-001523,2026,22524912.6,22427557.31,True,844350.0,2026-04-24 08:00:00,2026-07-15 08:00:00
PRJ-001524,2026,16351156.2,16351156.2,True,10993.3,2026-04-22 08:00:00,
PRJ-001525,2026,25499821.2,28589416.1,True,321750.0,2026-05-07 12:15:00,2026-07-15 12:15:00
PRJ-001526,2026,,,,,,
PRJ-001527,2026,2260778.59,2260778.59,True,222169.0,2026-05-06 08:00:00,
PRJ-001528,2026,1473120.0,1473120.0,True,28781.58,2026-04-21 10:00:00,
PRJ-001529,2026,2461988.94,2461988.94,True,2009000.0,2026-06-01 08:30:00,
PRJ-001530,2026,5240822.09,6504997.98,True,35402.17,2026-06-03 08:30:00,2026-07-14 08:30:00
PRJ-001531,2026,2778833.15,2778833.15,True,549000.0,2026-06-15 08:30:00,
PRJ-001532,2026,9237880.8,9237880.8,True,40000.0,2026-05-07 12:00:00,
PRJ-001533,2026,8269110.0,8269110.0,True,62400.0,2026-05-01 10:00:00,
PRJ-001534,2026,11556136.32,10314455.59,True,48735.55,2026-06-09 08:00:00,2026-07-14 08:00:00
PRJ-001535,2026,1821132.34,1821132.34,True,142484.16999999998,2026-05-28 11:00:00,
PRJ-001536,2026,4699999.2,4699999.2,True,23500.0,2026-05-27 10:00:00,
PRJ-001537,2026,4999999.2,4999999.2,True,124158.49,2026-05-13 08:00:00,
PRJ-001538,2026,1985109.5,1985109.5,True,935840.56,2026-06-02 12:00:00,
PRJ-001539,2026,12900730.84,14179714.28,True,100000.0,2026-04-22 08:00:00,2026-06-21 08:00:00
PRJ-001540,2026,1995600.0,1907810.61,True,149468.56,2026-05-24 10:30:00,2026-07-14 10:30:00
PRJ-001541,2026,11250000.0,11250000.0,True,,2026-05-27 08:00:00,
PRJ-001542,2026,32225608.8,32225608.8,True,97000.0,2026-06-12 08:00:00,
PRJ-001543,2026,20350800.0,18931670.54,True,1666500.0,2026-06-05 08:00:00,2026-07-10 08:00:00
PRJ-001544,2026,13800000.0,13236627.76,True,85000.0,2026-05-12 11:00:00,2026-07-14 11:00:00
PRJ-001545,2026,31200000.0,31200000.0,True,80570.57,2026-06-02 09:00:00,
PRJ-001546,2026,167466156.0,167466156.0,True,6803.26,2026-04-25 09:00:00,
PRJ-001547,2026,14418718.8,14418718.8,True,2436.21,2026-06-08 12:00:00,
PRJ-001548,2026,13815502.8,14916859.7,True,735000.0,2026-04-23 11:00:00,2026-07-14 11:00:00
PRJ-001549,2026,86791693.96,86791693.96,True,687230.0,2026-05-22 10:00:00,
PRJ-001550,2026,54211660.75,54211660.75,True,495151.92,2026-06-09 11:00:00,
PRJ-001551,2026,53510560.09,53510560.09,True,2062904.5299999998,2026-05-23 08:00:00,
PRJ-001552,2026,39999999.6,38903685.65,True,59180.59,2026-04-16 09:00:00,2026-05-06 09:00:00
PRJ-001553,2026,179994898.68,161013714.68,True,553045.3,2026-05-06 10:00:00,2026-07-14 10:00:00
PRJ-001554,2026,,,,,,
PRJ-001555,2026,254942760.0,254942760.0,True,210000.0,2026-04-19 08:00:00,
PRJ-001556,2026,5085062.52,5085062.52,True,567000.0,2026-04-28 08:00:00,
PRJ-001557,2026,9545379.04,9545379.04,True,97500.0,2026-05-28 08:00:00,
PRJ-001558,2026,9054900.0,9054900.0,True,40555.71,2026-06-14 09:00:00,
PRJ-001559,2026,2863472.4,2863472.4,True,890000.0,2026-04-27 12:00:00,
PRJ-001560,2026,14207806.8,14207806.8,True,82250.0,2026-05-20 08:30:00,
PRJ-001561,2026,8156790.0,8156790.0,True,20863.82,2026-04-21 10:00:00,
PRJ-001562,2026,5420492.4,5420492.4,True,839336.13,2026-04-29 12:30:00,
PRJ-001563,2026,3840997.2,3721063.96,True,648996.0,2026-04-26 12:00:00,2026-05-25 12:00:00
PRJ-001564,2026,,,,,,
PRJ-001565,2026,170064317.93,170064317.93,True,16658.379999999997,2026-05-24 08:30:00,
PRJ-001566,2026,420000000.0,420000000.0,True,654329.26,2026-05-08 14:00:00,
PRJ-001567,2026,23964722.4,23964722.4,True,88303.6,2026-06-03 11:00:00,
PRJ-001568,2026,,,,,,
PRJ-001569,2026,148312109.18,148312109.18,True,228830.76,2026-06-05 11:00:00,
PRJ-001570,2026,86701500.0,86701500.0,True,43661.19,2026-05-29 10:00:00,
PRJ-001571,2026,,,,,,
PRJ-001572,2026,229977447.18,229977447.18,True,255000.0,2026-04-26 08:00:00,
PRJ-001573,2026,,,,,,
PRJ-001574,2026,,,,,,
PRJ-001575,2026,2723870.4,2723870.4,True,163627.22,2026-04-19 08:00:00,
PRJ-001576,2026,6000000.0,6000000.0,True,36349.42,2026-04-19 15:30:00,
PRJ-001577,2026,6301561.2,6965342.36,True,9617.63,2026-06-10 10:00:00,2026-07-12 10:00:00
PRJ-001578,2026,17107102.42,17107102.42,True,148301.94,2026-05-22 11:00:00,
PRJ-001579,2026,5981601.6,6144727.02,True,35802.35,2026-05-09 08:00:00,2026-07-12 08:00:00
PRJ-001580,2026,29928140.4,31781298.17,True,238807.66,2026-06-07 08:00:00,2026-06-26 08:00:00
PRJ-001581,2026,17175600.0,17175600.0,True,9570.0,2026-06-01 08:30:00,
PRJ-001582,2026,17548032.0,17548032.0,True,13384.47,2026-05-20 10:00:00,
PRJ-001583,2026,32393440.22,32393440.22,True,3250.77,2026-04-22 08:00:00,
PRJ-001584,2026,13248000.0,13248000.0,True,38000.0,2026-06-04 08:00:00,
PRJ-001585,2026,224949094.9,224949094.9,True,2075943.1800000002,2026-06-08 08:00:00,
PRJ-001586,2026,244456887.0,244456887.0,True,36603.57,2026-06-11 10:00:00,
PRJ-001587,2026,119810789.72,123241267.37,True,3197.02,2026-04-17 08:00:00,2026-05-02 08:00:00
PRJ-001588,2026,119328976.07,114587579.24,True,5635.38,2026-05-18 08:00:00,2026-07-12 08:00:00
PRJ-001589,2026,68044450.8,68044450.8,True,99800.0,2026-04-18 11:00:00,
PRJ-001590,2026,,,,,,
PRJ-001591,2026,,,,,,
PRJ-001592,2026,,,,,,
PRJ-001593,2026,,,,,,
PRJ-001594,2026,,,,,,
PRJ-001595,2026,,,,,,
PRJ-001596,2026,,,,,,
PRJ-001597,2026,,,,,,
PRJ-001598,2026,,,,,,
PRJ-001599,2026,,,,,,
PRJ-001600,2026,4999992.0,4999992.0,True,99916.0,2026-05-27 10:00:00,
PRJ-001601,2026,3823196.44,3823196.44,True,449052.58,2026-04-30 08:30:00,
PRJ-001602,2026,4755297.0,4755297.0,True,140000.0,2026-06-01 08:30:00,
PRJ-001603,2026,11612462.75,11612462.75,True,0.0,2026-05-13 08:30:00,
PRJ-001604,2026,3033969.31,3033969.31,True,778800.0,2026-04-27 08:30:00,
PRJ-001605,2026,2400000.0,2400000.0,True,166666.0,2026-05-31 09:00:00,
PRJ-001606,2026,8820500.0,8820500.0,True,397625.33,2026-05-18 09:00:00,
PRJ-001607,2026,8030800.0,7585487.44,True,54189.51,2026-04-27 09:00:00,2026-07-09 09:00:00
PRJ-001608,2026,1967223.6,1967223.6,True,10774.15,2026-05-08 10:00:00,
PRJ-001609,2026,4500000.0,4500000.0,True,984000.0,2026-05-01 12:00:00,
PRJ-001610,2026,1899000.0,1928614.81,True,265000.0,2026-05-17 08:30:00,2026-07-09 08:30:00
PRJ-001611,2026,1499908.8,1499908.8,True,64802.35,2026-06-04 08:30:00,
PRJ-001612,2026,39593209.2,39593209.2,True,467688.46,2026-05-31 10:00:00,
PRJ-001613,2026,27753112.8,23709525.54,True,621362.9400000001,2026-04-22 10:00:00,2026-05-27 10:00:00
PRJ-001614,2026,10942882.8,10942882.8,True,1982840.0,2026-04-18 10:00:00,
PRJ-001615,2026,19783464.0,19783464.0,True,24634.5,2026-05-15 10:00:00,
PRJ-001616,2026,26730841.2,26730841.2,True,79761.14,2026-06-02 10:00:00,
PRJ-001617,2026,26723736.0,30533165.09,True,15258.42,2026-04-24 10:00:00,2026-05-21 10:00:00
PRJ-001618,2026,37598124.0,46239267.31,True,2077939.36,2026-05-10 10:00:00,2026-07-09 10:00:00
PRJ-001619,2026,32330114.4,32330114.4,True,85281.98,2026-06-09 10:00:00,
PRJ-001620,2026,28880304.0,28880304.0,True,9051000.0,2026-04-17 10:00:00,
PRJ-001621,2026,266185123.2,257494197.33,True,42136.229999999996,2026-05-01 10:00:00,2026-07-09 10:00:00
PRJ-001622,2026,15849334.8,15849334.8,True,106930.96,2026-05-20 10:00:00,
PRJ-001623,2026,124635259.2,124635259.2,True,99792.0,2026-05-27 10:00:00,
PRJ-001624,2026,31539999.6,31539999.6,True,236153.7,2026-04-23 10:00:00,
PRJ-001625,2026,16943760.0,16943760.0,True,,2026-04-17 08:30:00,
PRJ-001626,2026,11107897.2,11107897.2,True,399000.0,2026-04-25 08:30:00,
PRJ-001627,2026,33274657.2,33274657.2,True,64771.34,2026-06-03 08:30:00,
PRJ-001628,2026,5223000.0,5223000.0,True,1284.14,2026-04-20 08:30:00,
PRJ-001629,2026,31160000.4,29982454.08,True,350000.0,2026-05-13 10:00:00,2026-07-09 10:00:00
PRJ-001630,2026,49005556.8,49005556.8,True,67000.0,2026-04-29 08:00:00,
PRJ-001631,2026,38400000.0,38400000.0,True,165826.25,2026-05-11 12:00:00,
PRJ-001632,2026,101784540.0,101784540.0,True,127296.0,2026-05-11 08:00:00,
PRJ-001633,2026,10572180.0,10572180.0,True,145435.42,2026-04-17 10:00:00,
PRJ-001634,2026,,,,,,
PRJ-001635,2026,3000000.0,3000000.0,True,583800.0,2026-06-02 14:00:00,
PRJ-001636,2026,6951168.0,6951168.0,True,,2026-06-02 11:00:00,
PRJ-001637,2026,1590150.0,1590150.0,True,7925.17,2026-04-13 08:00:00,
PRJ-001638,2026,600000.0,600000.0,True,,2026-04-25 08:00:00,
PRJ-001639,2026,1326504.0,1326504.0,True,135950.0,2026-04-10 08:00:00,
PRJ-001640,2026,726504.0,726504.0,True,,2026-05-06 08:00:00,
PRJ-001641,2026,10968889.2,10968889.2,True,415196.0,2026-05-12 08:30:00,
PRJ-001642,2026,2059200.0,2059200.0,True,312000.0,2026-05-11 08:00:00,
PRJ-001643,2026,6997823.63,6997823.63,True,49450.0,2026-04-24 08:00:00,
PRJ-001644,2026,13518909.6,13518909.6,True,1436089.92,2026-05-25 09:00:00,
PRJ-001645,2026,28254508.8,28254508.8,True,549000.0,2026-05-18 09:00:00,
PRJ-001646,2026,14735599.2,14735599.2,True,381150.0,2026-05-29 09:00:00,
PRJ-001647,2026,120000000.0,120000000.0,True,73143.47,2026-05-04 08:00:00,
PRJ-001648,2026,,,,,,
PRJ-001649,2026,134523788.4,134523788.4,True,41475.56,2026-05-04 10:00:00,
PRJ-001650,2026,83164795.2,95367429.66,True,182400.0,2026-04-28 09:00:00,2026-07-08 09:00:00
PRJ-001651,2026,,,,,,
PRJ-001652,2026,,,,,,
PRJ-001653,2026,,,,,,
PRJ-001654,2026,738602.4,734437.51,True,,2026-04-29 12:00:00,2026-07-07 12:00:00
PRJ-001655,2026,4173730.8,4359642.83,True,565000.0,2026-05-05 12:00:00,2026-06-29 12:00:00
PRJ-001656,2026,9119966.4,9119966.4,True,108400.0,2026-06-08 12:00:00,
PRJ-001657,2026,4207633.2,4207633.2,True,415208.44,2026-06-07 12:00:00,
PRJ-001658,2026,8743200.0,8743200.0,True,186654.0,2026-06-04 09:00:00,
PRJ-001659,2026,1785960.0,1785960.0,True,0.0,2026-05-04 10:00:00,
PRJ-001660,2026,1208286.0,1208286.0,True,84000.0,2026-05-27 09:00:00,
PRJ-001661,2026,5150000.4,5017625.34,True,392382.0,2026-04-14 10:00:00,2026-07-07 10:00:00
PRJ-001662,2026,12000000.0,12000000.0,True,3799018.15,2026-05-03 09:00:00,
PRJ-001663,2026,14671449.6,14671449.6,True,83333.0,2026-05-24 16:00:00,
PRJ-001664,2026,98658474.0,98658474.0,True,1396677.77,2026-05-23 08:00:00,
PRJ-001665,2026,,,,,,
PRJ-001666,2026,48963954.29,44917370.37,True,48034.259999999995,2026-04-11 10:00:00,2026-07-07 10:00:00
PRJ-001667,2026,958052079.6,1068391972.52,True,644000.0,2026-05-02 10:30:00,2026-06-29 10:30:00
PRJ-001668,2026,176701874.32,181266958.43,True,265575.64,2026-04-30 11:00:00,2026-07-07 11:00:00
PRJ-001669,2026,44977207.03,44977207.03,True,593065.98,2026-04-27 10:00:00,
PRJ-001670,2026,,,,,,
PRJ-001671,2026,,,,,,
PRJ-001672,2026,,,,,,
PRJ-001673,2026,,,,,,
PRJ-001674,2026,1701848.89,1701848.89,True,100000.0,2026-05-21 09:00:00,
PRJ-001675,2026,11474208.0,11474208.0,True,5213000.0,2026-05-02 08:00:00,
PRJ-001676,2026,8080560.0,8080560.0,True,186250.0,2026-04-17 13:00:00,
PRJ-001677,2026,9157060.8,9157060.8,True,20376.89,2026-04-30 08:30:00,
PRJ-001678,2026,3255480.0,3255480.0,True,98000.0,2026-05-19 10:00:00,
PRJ-001679,2026,2352000.0,2352000.0,True,73600.0,2026-06-07 12:00:00,
PRJ-001680,2026,,,,,,
PRJ-001681,2026,13200000.0,15949458.83,True,85000.0,2026-05-01 09:00:00,2026-07-06 09:00:00
PRJ-001682,2026,3983411.0,3983411.0,True,1050315.0,2026-05-31 10:00:00,
PRJ-001683,2026,7200000.0,7200000.0,True,13401.23,2026-05-06 11:00:00,
PRJ-001684,2026,8213112.94,8213112.94,True,,2026-05-02 08:00:00,
PRJ-001685,2026,,,,,,
PRJ-001686,2026,1712199.6,1712199.6,True,71880.2,2026-04-19 14:00:00,
PRJ-001687,2026,233508240.0,233508240.0,True,5300.0,2026-04-21 11:00:00,
PRJ-001688,2026,,,,,,
PRJ-001689,2026,151793880.0,151793880.0,True,32883325.0,2026-04-26 10:00:00,
PRJ-001690,2026,1296000.0,1189011.97,True,589712.0,2026-04-24 09:00:00,2026-06-04 09:00:00
PRJ-001691,2026,4410000.0,4410000.0,True,51042.6,2026-05-30 09:00:00,
PRJ-001692,2026,3114000.0,3114000.0,True,309895.0,2026-04-30 09:00:00,
PRJ-001693,2026,,,,,,
PRJ-001694,2026,147137112.0,147137112.0,True,100000.0,2026-05-21 08:30:00,
PRJ-001695,2026,108397342.8,108397342.8,True,230000.0,2026-05-08 08:00:00,
PRJ-001696,2026,28724149.61,28436899.3,True,459833.25,2026-05-09 10:00:00,2026-07-06 10:00:00
PRJ-001697,2026,,,,,,
PRJ-001698,2026,29920171.09,29920171.09,True,1755816.0,2026-05-17 10:00:00,
PRJ-001699,2026,446130897.0,446130897.0,True,17047.8,2026-05-07 10:00:00,
PRJ-001700,2026,565608349.0,565608349.0,True,62802.04,2026-04-18 10:00:00,
PRJ-001701,2026,346396016.0,346396016.0,True,504869.23,2026-04-18 10:00:00,
PRJ-001702,2026,,,,,,
PRJ-001703,2026,2003634.0,2003634.0,True,173900.0,2026-06-06 08:00:00,
PRJ-001704,2026,6297976.02,6297976.02,True,1219900.0,2026-04-08 10:00:00,
PRJ-001705,2026,1395228.0,1395228.0,True,49800.0,2026-04-26 09:00:00,
PRJ-001706,2026,6084420.0,6084420.0,True,122152.47,2026-05-24 10:30:00,
PRJ-001707,2026,,,,,,
PRJ-001708,2026,5994000.0,5994000.0,True,58332.5,2026-04-26 09:00:00,
PRJ-001709,2026,4226502.0,4226502.0,True,186478.0,2026-04-22 10:00:00,
PRJ-001710,2026,8813500.0,10757376.07,True,10400.15,2026-05-27 08:00:00,2026-07-05 08:00:00
PRJ-001711,2026,,,,,,
PRJ-001712,2026,,,,,,
PRJ-001713,2026,12000000.0,12000000.0,True,299000.0,2026-04-30 11:00:00,
PRJ-001714,2026,8851426.8,8851426.8,True,2246.02,2026-05-04 09:00:00,
PRJ-001715,2026,10992304.8,13374095.76,True,29278.0,2026-05-11 09:00:00,2026-07-05 09:00:00
PRJ-001716,2026,29919600.0,28058650.56,True,39700.45,2026-05-17 09:00:00,2026-07-05 09:00:00
PRJ-001717,2026,,,,,,
PRJ-001718,2026,140343251.92,132056878.04,True,666333.0,2026-06-03 08:00:00,2026-07-05 08:00:00
PRJ-001719,2026,,,,,,
PRJ-001720,2026,,,,,,
PRJ-001721,2026,5905080.0,5905080.0,True,3728178.0,2026-05-22 08:30:00,
PRJ-001722,2026,4377600.0,4377600.0,True,38000.0,2026-04-20 08:30:00,
PRJ-001723,2026,16994532.0,16994532.0,True,7000.0,2026-06-03 08:30:00,
PRJ-001724,2026,,,,,,
PRJ-001725,2026,16844200.0,14740448.88,True,89216.94,2026-05-16 09:00:00,2026-05-31 09:00:00
PRJ-001726,2026,,,,,,
PRJ-001727,2026,84999999.6,84999999.6,True,2683297.9299999997,2026-05-10 08:00:00,
PRJ-001728,2026,199981400.71,203189696.46,True,41550.0,2026-04-10 08:00:00,2026-07-05 08:00:00
PRJ-001729,2026,20000000.4,20000000.4,True,68674.73,2026-05-19 09:00:00,
PRJ-001730,2026,,,,,,
PRJ-001731,2026,407828605.99,407828605.99,True,27376.84,2026-04-16 11:00:00,
PRJ-001732,2026,69999842.92,64382823.62,True,948000.0,2026-04-13 09:00:00,2026-05-06 09:00:00
PRJ-001733,2026,,,,,,
PRJ-001734,2026,,,,,,
PRJ-001735,2026,,,,,,
PRJ-001736,2026,,,,,,
PRJ-001737,2026,,,,,,
PRJ-001738,2026,4048119.6,4048119.6,True,84201.9,2026-06-03 09:00:00,
PRJ-001739,2026,11858820.0,12596320.6,True,661110.0,2026-04-12 09:00:00,2026-07-02 09:00:00
PRJ-001740,2026,3614976.0,3614976.0,True,576385.86,2026-05-22 08:00:00,
PRJ-001741,2026,9819999.6,9819999.6,True,468500.0,2026-05-27 08:00:00,
PRJ-001742,2026,5986296.04,5986296.04,True,82083.0,2026-05-18 08:00:00,
PRJ-001743,2026,4995360.0,4995360.0,True,755000.0,2026-04-04 08:30:00,
PRJ-001744,2026,6408672.0,6624457.21,True,11820.0,2026-05-12 12:00:00,2026-06-24 12:00:00
PRJ-001745,2026,8909390.4,8909390.4,True,2808437.67,2026-05-31 09:00:00,
PRJ-001746,2026,11858120.4,11858120.4,True,1864502.2799999998,2026-05-30 09:00:00,
PRJ-001747,2026,2948730.0,2948730.0,True,303960.0,2026-04-06 09:00:00,
PRJ-001748,2026,3248055.6,3248055.6,True,21862.280000000002,2026-05-07 13:30:00,
PRJ-001749,2026,1297115.42,1155662.56,True,709725.0,2026-05-17 13:00:00,2026-07-02 13:00:00
PRJ-001750,2026,5520000.0,5752974.28,True,,2026-04-16 13:00:00,2026-07-02 13:00:00
PRJ-001751,2026,5270000.4,4976761.25,True,3509.3799999999997,2026-06-03 12:00:00,2026-07-02 12:00:00
PRJ-001752,2026,14667924.0,14667924.0,True,86669.68,2026-05-15 12:00:00,
PRJ-001753,2026,32799019.2,32799019.2,True,947430.31,2026-04-20 08:00:00,
PRJ-001754,2026,25394587.6,25394587.6,True,191735.05,2026-04-26 08:00:00,
PRJ-001755,2026,31549578.0,31549578.0,True,535529.75,2026-05-28 08:00:00,
PRJ-001756,2026,94443546.19,94443546.19,True,182950.0,2026-04-12 08:00:00,
PRJ-001757,2026,4700361.4,4188847.48,True,930000.0,2026-04-22 08:00:00,2026-07-02 08:00:00
PRJ-001758,2026,5000000.4,5000000.4,True,178080.0,2026-05-31 11:00:00,
PRJ-001759,2026,2799686.4,2799686.4,True,100000.0,2026-04-19 09:00:00,
PRJ-001760,2026,29994960.0,29994960.0,True,75692.42,2026-05-09 10:00:00,
PRJ-001761,2026,1807616.83,1807616.83,True,21543.01,2026-04-25 10:00:00,
PRJ-001762,2026,9184376.78,9184376.78,True,3325000.0,2026-04-10 10:00:00,
PRJ-001763,2026,26101172.62,26101172.62,True,412945.87,2026-05-14 10:00:00,
PRJ-001764,2026,15109179.0,15109179.0,True,9732.53,2026-05-05 10:00:00,
PRJ-001765,2026,,,,,,
PRJ-001766,2026,1413068282.14,1413068282.14,True,466215.0,2026-04-12 08:00:00,
PRJ-001767,2026,87015518.69,87015518.69,True,99510.0,2026-04-29 09:00:00,
PRJ-001768,2026,,,,,,
PRJ-001769,2026,203234586.0,203234586.0,True,839499.16,2026-04-06 08:00:00,
PRJ-001770,2026,31164000.0,27889115.23,True,0.0,2026-05-11 09:00:00,2026-06-24 09:00:00
PRJ-001771,2026,,,,,,
PRJ-001772,2026,,,,,,
PRJ-001773,2026,,,,,,
PRJ-001774,2026,,,,,,
PRJ-001775,2026,253117.2,253117.2,True,,2026-05-09 10:30:00,
PRJ-001776,2026,448520.4,448520.4,True,,2026-04-14 10:00:00,
PRJ-001777,2026,195403.2,186593.73,True,,2026-04-13 10:30:00,2026-05-13 10:30:00
PRJ-001778,2026,13979.22,13979.22,True,,2026-04-18 08:30:00,
PRJ-001779,2026,131419.27,144941.24,True,,2026-05-13 08:30:00,2026-06-03 08:30:00
PRJ-001780,2026,211692.24,203797.56,True,,2026-05-16 08:30:00,2026-07-01 08:30:00
PRJ-001781,2026,303694.78,303694.78,True,,2026-05-18 08:30:00,
PRJ-001782,2026,365439.05,365439.05,True,,2026-05-25 08:30:00,
PRJ-001783,2026,1773307.32,1773307.32,True,367580.0,2026-05-31 08:30:00,
PRJ-001784,2026,747082.76,824535.28,True,,2026-05-13 08:30:00,2026-07-01 08:30:00
PRJ-001785,2026,9459997.2,8594936.57,True,100000.0,2026-05-31 10:00:00,2026-07-01 10:00:00
PRJ-001786,2026,2899999.2,2899999.2,True,187500.0,2026-05-25 15:00:00,
PRJ-001787,2026,1655948.4,1655948.4,True,789592.8600000001,2026-05-16 10:30:00,
PRJ-001788,2026,7659560.0,7659560.0,True,32999.99,2026-05-16 09:00:00,
PRJ-001789,2026,27151126.55,27151126.55,True,129169.0,2026-05-17 08:00:00,
PRJ-001790,2026,10059552.0,10059552.0,True,102000.0,2026-04-21 09:00:00,
PRJ-001791,2026,2399992.0,2399992.0,True,445000.0,2026-04-12 09:00:00,
PRJ-001792,2026,2667000.0,2667000.0,True,157031.04,2026-04-18 12:00:00,
PRJ-001793,2026,7744079.63,9411274.84,True,397621.0,2026-05-08 10:00:00,2026-07-01 10:00:00
PRJ-001794,2026,5259999.6,5259999.6,True,500000.0,2026-04-24 10:00:00,
PRJ-001795,2026,,,,,,
PRJ-001796,2026,9979518.0,9979518.0,True,,2026-05-08 10:00:00,
PRJ-001797,2026,152867951.22,138632032.34,True,52387.59,2026-04-24 08:00:00,2026-07-01 08:00:00
PRJ-001798,2026,46053066.0,46053066.0,True,158136.0,2026-05-19 09:00:00,
PRJ-001799,2026,,,,,,
PRJ-001800,2026,4536000.0,4536000.0,True,231000.0,2026-04-27 09:00:00,
PRJ-001801,2026,16702560.0,18187991.61,True,19728.190000000002,2026-05-29 09:00:00,2026-07-01 09:00:00
PRJ-001802,2026,12166560.0,12166560.0,True,449240.0,2026-05-18 09:00:00,
PRJ-001803,2026,5007378.0,5651739.48,True,220000.0,2026-04-13 10:00:00,2026-07-01 10:00:00
PRJ-001804,2026,7639456.2,8874309.32,True,69556.89,2026-04-23 10:00:00,2026-05-22 10:00:00
PRJ-001805,2026,13725490.2,13725490.2,True,48000.0,2026-05-06 10:00:00,
PRJ-001806,2026,1078656.0,1078656.0,True,,2026-05-10 10:00:00,
PRJ-001807,2026,3257175.0,3257175.0,True,97356.01000000001,2026-04-26 09:00:00,
PRJ-001808,2026,14849175.0,14849175.0,True,23500.0,2026-05-11 09:00:00,
PRJ-001809,2026,11592000.0,11592000.0,True,99000.0,2026-05-18 09:00:00,
PRJ-001810,2026,33623043.6,36013656.04,True,23500.0,2026-05-10 10:00:00,2026-07-01 10:00:00
PRJ-001811,2026,29998869.0,35316023.56,True,429459.72,2026-05-24 08:00:00,2026-07-01 08:00:00
PRJ-001812,2026,140371800.65,140371800.65,True,56594015.69,2026-04-27 11:00:00,
PRJ-001813,2026,165125965.86,165125965.86,True,674100.0,2026-05-13 08:00:00,
PRJ-001814,2026,201968361.54,200223918.51,True,146450.0,2026-04-04 08:30:00,2026-06-21 08:30:00
PRJ-001815,2026,4800000.0,5870346.34,True,90583.0,2026-04-15 09:00:00,2026-05-21 09:00:00
PRJ-001816,2026,9411994.08,9411994.08,True,64511.0,2026-04-23 08:00:00,
PRJ-001817,2026,4800000.0,4800000.0,True,44966.51,2026-06-01 09:00:00,
PRJ-001818,2026,8500286.4,8500286.4,True,395229.54,2026-05-10 11:00:00,
PRJ-001819,2026,3501811.2,3501811.2,True,2337.98,2026-05-03 10:00:00,
PRJ-001820,2026,9099504.0,8204710.45,True,16486.53,2026-05-10 08:00:00,2026-06-30 08:00:00
PRJ-001821,2026,2675259.6,2675259.6,True,19900.0,2026-04-17 08:00:00,
PRJ-001822,2026,820520.4,820520.4,True,,2026-04-12 08:00:00,
PRJ-001823,2026,6392516.4,6392516.4,True,725514.35,2026-05-29 08:00:00,
PRJ-001824,2026,2896736.4,2896736.4,True,63579.25,2026-04-08 08:00:00,
PRJ-001825,2026,5166676.51,5166676.51,True,8876.67,2026-05-22 08:00:00,
PRJ-001826,2026,383797210.46,335981197.63,True,54380.0,2026-04-23 08:00:00,2026-06-30 08:00:00
PRJ-001827,2026,43992480.0,43992480.0,True,57390.0,2026-05-26 14:00:00,
PRJ-001828,2026,299980837.92,299980837.92,True,7879.48,2026-04-13 08:30:00,
PRJ-001829,2026,131291816.4,144818613.72,True,24858.879999999997,2026-05-01 10:00:00,2026-06-30 10:00:00
PRJ-001830,2026,1637913299.16,1839635199.85,True,73705.32999999999,2026-05-29 08:00:00,2026-06-30 08:00:00
PRJ-001831,2026,,,,,,
PRJ-001832,2026,,,,,,
PRJ-001833,2026,,,,,,
PRJ-001834,2026,,,,,,
PRJ-001835,2026,3998250.0,3998250.0,True,248760.0,2026-06-01 09:00:00,
PRJ-001836,2026,10410120.0,10410120.0,True,778900.0,2026-04-09 14:00:00,
PRJ-001837,2026,25152000.0,25152000.0,True,204807.08000000002,2026-05-24 10:00:00,
PRJ-001838,2026,30152000.0,30152000.0,True,269000.0,2026-05-13 10:00:00,
PRJ-001839,2026,5000000.0,5000000.0,True,82660.0,2026-05-13 10:00:00,
PRJ-001840,2026,4171618.32,4171618.32,True,1440000.0,2026-04-03 10:00:00,
PRJ-001841,2026,3187200.0,3355263.56,True,242845.0,2026-05-16 11:00:00,2026-06-29 11:00:00
PRJ-001842,2026,,,,,,
PRJ-001843,2026,170721281.47,170721281.47,True,95885.0,2026-05-30 09:00:00,
PRJ-001844,2026,35476623.22,35476623.22,True,248999.0,2026-05-22 08:00:00,
PRJ-001845,2026,4782799.99,4782799.99,True,130888.98,2026-05-26 08:00:00,
PRJ-001846,2026,2698800.0,3353109.96,True,545150.0,2026-04-24 08:00:00,2026-06-07 08:00:00
PRJ-001847,2026,8987999.99,8987999.99,True,151812.5,2026-05-23 08:00:00,
PRJ-001848,2026,1506400.0,1506400.0,True,199574.9,2026-05-16 08:00:00,
PRJ-001849,2026,399930767.86,399930767.86,True,2193000.0,2026-05-14 08:00:00,
PRJ-001850,2026,9999792.0,9999792.0,True,565302.5700000001,2026-05-19 13:30:00,
PRJ-001851,2026,64000784.4,64000784.4,True,,2026-05-11 09:00:00,
PRJ-001852,2026,,,,,,
PRJ-001853,2026,17614614.0,17614614.0,True,,2026-04-10 12:00:00,
PRJ-001854,2026,12874606.8,12874606.8,True,100000.0,2026-04-24 08:00:00,
PRJ-001855,2026,68159784.0,68159784.0,True,46350.0,2026-04-03 08:00:00,
PRJ-001856,2026,96303529.06,96303529.06,True,727000.0,2026-04-25 08:00:00,
PRJ-001857,2026,,,,,,
PRJ-001858,2026,,,,,,
PRJ-001859,2026,1803025.0,1803025.0,True,8291.0,2026-04-20 15:00:00,
PRJ-001860,2026,6499860.0,6499860.0,True,1347401.3199999998,2026-05-27 08:00:00,
PRJ-001861,2026,4680000.0,4680000.0,True,3082920.0,2026-04-20 08:30:00,
PRJ-001862,2026,1772946.0,1772946.0,True,98200.0,2026-05-10 10:00:00,
PRJ-001863,2026,9965160.92,9965160.92,True,1060677.12,2026-04-04 08:00:00,
PRJ-001864,2026,3525615.6,3525615.6,True,99700.0,2026-05-20 08:00:00,
PRJ-001865,2026,1758103.2,1630888.04,True,,2026-04-21 10:00:00,2026-06-29 10:00:00
PRJ-001866,2026,1226985.6,1288940.12,True,252437.5,2026-05-09 08:00:00,2026-06-28 08:00:00
PRJ-001867,2026,3911420.4,3911420.4,True,273000.0,2026-05-23 08:00:00,
PRJ-001868,2026,4206383.63,4206383.63,True,82015.0,2026-04-09 10:00:00,
PRJ-001869,2026,6664682.4,6664682.4,True,1287875.24,2026-05-07 08:30:00,
PRJ-001870,2026,95879693.0,95879693.0,True,138984.37,2026-04-17 09:00:00,
PRJ-001871,2026,4440000.0,4440000.0,True,949000.0,2026-05-13 08:00:00,
PRJ-001872,2026,59402316.0,59402316.0,True,99850.0,2026-05-04 11:00:00,
PRJ-001873,2026,9123599.81,9123599.81,True,324000.0,2026-05-30 10:00:00,
PRJ-001874,2026,1999999.2,1999999.2,True,850000.0,2026-04-05 09:00:00,
PRJ-001875,2026,53286514.8,53286514.8,True,259000.0,2026-05-02 10:00:00,
PRJ-001876,2026,1497279.6,1497279.6,True,118000.0,2026-04-06 08:00:00,
PRJ-001877,2026,2000000.4,2178360.85,True,392300.0,2026-04-27 08:00:00,2026-06-28 08:00:00
PRJ-001878,2026,71841930.0,81494257.76,True,2420000.0,2026-04-13 08:30:00,2026-06-14 08:30:00
PRJ-001879,2026,,,,,,
PRJ-001880,2026,,,,,,
PRJ-001881,2026,1543757.12,1543757.12,True,,2026-05-01 09:30:00,
PRJ-001882,2026,1210392.1,1210392.1,True,99200.0,2026-05-23 08:30:00,
PRJ-001883,2026,1097860.73,1097860.73,True,,2026-04-18 08:30:00,
PRJ-001884,2026,399180.6,399180.6,True,,2026-05-07 08:30:00,
PRJ-001885,2026,5228651.05,5079442.95,True,325000.0,2026-04-11 08:30:00,2026-06-04 08:30:00
PRJ-001886,2026,2521217.63,2521217.63,True,99200.0,2026-05-18 08:30:00,
PRJ-001887,2026,1171800.0,1171800.0,True,,2026-04-26 09:00:00,
PRJ-001888,2026,2785800.0,2994961.27,True,92162.34999999999,2026-04-14 09:00:00,2026-05-26 09:00:00
PRJ-001889,2026,6783600.0,6783600.0,True,,2026-05-24 09:00:00,
PRJ-001890,2026,114000.0,123366.55,True,,2026-04-07 09:00:00,2026-05-05 09:00:00
PRJ-001891,2026,3519600.0,4235319.36,True,32431.460000000003,2026-05-19 09:00:00,2026-06-25 09:00:00
PRJ-001892,2026,28800.0,28800.0,True,,2026-05-06 09:00:00,
PRJ-001893,2026,322800.0,322800.0,True,,2026-04-09 09:00:00,
PRJ-001894,2026,93600.0,93600.0,True,,2026-05-19 09:00:00,
PRJ-001895,2026,3026400.0,3212060.34,True,90138.31999999999,2026-05-20 09:00:00,2026-06-25 09:00:00
PRJ-001896,2026,1498800.0,1498800.0,True,10000.0,2026-04-15 09:00:00,
PRJ-001897,2026,462000.0,462000.0,True,,2026-04-17 09:00:00,
PRJ-001898,2026,336000.0,336000.0,True,,2026-04-16 09:00:00,
PRJ-001899,2026,84000.0,84000.0,True,,2026-04-24 09:00:00,
PRJ-001900,2026,559140.0,604555.76,True,,2026-05-10 09:00:00,2026-06-25 09:00:00
PRJ-001901,2026,1013400.0,1013400.0,True,,2026-04-26 09:00:00,
PRJ-001902,2026,2178660.0,2178660.0,True,,2026-05-17 09:00:00,
PRJ-001903,2026,1465200.0,1359868.05,True,114055.68000000001,2026-05-27 09:00:00,2026-06-25 09:00:00
PRJ-001904,2026,34051920.0,34051920.0,True,8505053.57,2026-05-22 09:00:00,
PRJ-001905,2026,,,,,,
PRJ-001906,2026,2000000.0,2000000.0,True,500000.0,2026-05-27 08:30:00,
PRJ-001907,2026,48000000.0,48000000.0,True,5494.05,2026-04-17 09:30:00,
PRJ-001908,2026,32288028.0,32288028.0,True,1233800.0,2026-05-25 08:00:00,
PRJ-001909,2026,7711968.0,7711968.0,True,537916.0,2026-04-17 08:00:00,
PRJ-001910,2026,40683996.0,40683996.0,True,9320.24,2026-04-30 08:00:00,
PRJ-001911,2026,684000.0,684000.0,True,,2026-04-24 08:00:00,
PRJ-001912,2026,45379400.0,45379400.0,True,355000.0,2026-04-24 08:00:00,
PRJ-001913,2026,44813520.0,52902281.87,True,100000.0,2026-05-21 09:00:00,2026-06-25 09:00:00
PRJ-001914,2026,999835875.44,1155165199.56,True,116400.0,2026-05-07 08:00:00,2026-06-01 08:00:00
PRJ-001915,2026,28442277.36,28442277.36,True,105943.97,2026-04-03 08:00:00,
PRJ-001916,2026,,,,,,
PRJ-001917,2026,99934724.4,99934724.4,True,350000.0,2026-05-08 08:00:00,
PRJ-001918,2026,28933324.73,28933324.73,True,193500.0,2026-05-11 10:00:00,
PRJ-001919,2026,,,,,,
PRJ-001920,2026,3573600.0,3573600.0,True,104620.0,2026-05-17 09:00:00,
PRJ-001921,2026,11093398.8,11093398.8,True,296884.0,2026-04-16 12:00:00,
PRJ-001922,2026,11277696.0,11277696.0,True,100000.0,2026-04-13 09:00:00,
PRJ-001923,2026,2089108.07,2089108.07,True,185925.0,2026-04-02 10:00:00,
PRJ-001924,2026,1532758.68,1532758.68,True,42596.67999999999,2026-05-15 10:00:00,
PRJ-001925,2026,3612068.4,3622829.72,True,250000.0,2026-03-28 10:00:00,2026-05-30 10:00:00
PRJ-001926,2026,2079309.72,2274339.73,True,166000.0,2026-05-13 10:00:00,2026-06-20 10:00:00
PRJ-001927,2026,14977998.48,13210711.04,True,,2026-05-12 10:00:00,2026-06-24 10:00:00
PRJ-001928,2026,239807045.92,239807045.92,True,409566.5,2026-04-06 08:00:00,
PRJ-001929,2026,2676999.6,2676999.6,True,10000.0,2026-04-05 09:00:00,
PRJ-001930,2026,1825506.0,1825506.0,True,444000.0,2026-04-07 09:00:00,
PRJ-001931,2026,576326803.12,611372555.79,True,0.0,2026-05-07 08:00:00,2026-06-24 08:00:00
PRJ-001932,2026,149974239.6,149974239.6,True,22619.54,2026-04-13 10:00:00,
PRJ-001933,2026,6000000.0,6000000.0,True,677895.0,2026-05-21 15:30:00,
PRJ-001934,2026,15999999.6,15999999.6,True,903200.0,2026-04-28 08:30:00,
PRJ-001935,2026,11467316.4,11467316.4,True,570000.0,2026-04-12 13:30:00,
PRJ-001936,2026,25000000.8,25000000.8,True,0.0,2026-04-07 15:00:00,
PRJ-001937,2026,410999906.27,368121832.08,True,8460359.98,2026-04-14 09:30:00,2026-06-24 09:30:00
PRJ-001938,2026,,,,,,
PRJ-001939,2026,,,,,,
PRJ-001940,2026,,,,,,
PRJ-001941,2026,,,,,,
PRJ-001942,2026,,,,,,
PRJ-001943,2026,1499908.8,1499908.8,True,,2026-04-14 09:00:00,
PRJ-001944,2026,5111898.0,5111898.0,True,70743.78,2026-05-05 08:00:00,
PRJ-001945,2026,4800000.0,4800000.0,True,8659.85,2026-05-03 08:00:00,
PRJ-001946,2026,26085852.0,26085852.0,True,207044.90000000002,2026-04-08 11:00:00,
PRJ-001947,2026,3881739.6,3881739.6,True,492283.5,2026-04-26 14:00:00,
PRJ-001948,2026,18160000.0,18160000.0,True,328468.14,2026-04-30 08:00:00,
PRJ-001949,2026,11406535.2,11406535.2,True,166400.0,2026-04-25 10:00:00,
PRJ-001950,2026,23870064.11,23870064.11,True,680750.0,2026-05-18 10:00:00,
PRJ-001951,2026,114983598.08,129320866.11,True,65428.82,2026-04-11 08:30:00,2026-06-05 08:30:00
PRJ-001952,2026,141109658.4,141109658.4,True,306470.9,2026-04-07 08:00:00,
PRJ-001953,2026,24999999.6,24999999.6,True,99200.0,2026-05-05 09:00:00,
PRJ-001954,2026,,,,,,
PRJ-001955,2026,,,,,,
PRJ-001956,2026,,,,,,
PRJ-001957,2026,7561873.2,7567904.0,True,,2026-04-26 10:00:00,2026-06-22 10:00:00
PRJ-001958,2026,5448146.66,5448146.66,True,25698.85,2026-05-15 10:00:00,
PRJ-001959,2026,1790400.0,1790400.0,True,83333.0,2026-04-01 15:30:00,
PRJ-001960,2026,3999999.6,3999999.6,True,48000.0,2026-04-13 10:00:00,
PRJ-001961,2026,8850998.4,8412921.95,True,96000.0,2026-04-28 12:00:00,2026-05-20 12:00:00
PRJ-001962,2026,4496220.0,4496220.0,True,935000.0,2026-04-19 10:00:00,
PRJ-001963,2026,6489072.0,6489072.0,True,25685.27,2026-05-09 10:00:00,
PRJ-001964,2026,3722040.0,3722040.0,True,850000.0,2026-04-15 10:00:00,
PRJ-001965,2026,3840997.2,3840997.2,True,469900.0,2026-05-04 10:00:00,
PRJ-001966,2026,55017600.0,60785830.33,True,333333.0,2026-05-17 09:30:00,2026-06-22 09:30:00
PRJ-001967,2026,60000000.0,54974812.33,True,58000.0,2026-05-18 09:30:00,2026-06-22 09:30:00
PRJ-001968,2026,4982400.0,4982400.0,True,146172.64,2026-05-14 09:30:00,
PRJ-001969,2026,14792355.6,17219521.61,True,727000.0,2026-05-05 09:00:00,2026-06-22 09:00:00
PRJ-001970,2026,13331952.0,12721718.25,True,949000.0,2026-04-25 10:00:00,2026-06-05 10:00:00
PRJ-001971,2026,9443400.0,9443400.0,True,51000.0,2026-05-19 10:00:00,
PRJ-001972,2026,,,,,,
PRJ-001973,2026,179438724.0,208303434.48,True,95788723.6,2026-04-03 10:00:00,2026-06-06 10:00:00
PRJ-001974,2026,,,,,,
PRJ-001975,2026,27800000.4,32895685.3,True,164250.0,2026-04-22 13:00:00,2026-05-11 13:00:00
PRJ-001976,2026,,,,,,
PRJ-001977,2026,1199999999.89,1199999999.89,True,400000.0,2026-04-26 08:00:00,
PRJ-001978,2026,,,,,,
PRJ-001979,2026,36890000.4,45539560.29,True,11000.0,2026-05-07 12:30:00,2026-06-22 12:30:00
PRJ-001980,2026,,,,,,
PRJ-001981,2026,,,,,,
PRJ-001982,2026,,,,,,
PRJ-001983,2026,67956248.96,67956248.96,True,395684.5,2026-03-31 08:00:00,
PRJ-001984,2026,1381445.15,1381445.15,True,708000.0,2026-04-21 08:00:00,
PRJ-001985,2026,39559957.94,39559957.94,True,61843.85,2026-04-03 10:00:00,
PRJ-001986,2026,110236073.77,129831616.51,True,787000.0,2026-04-09 08:30:00,2026-06-21 08:30:00
PRJ-001987,2026,7755000.0,7755000.0,True,945000.0,2026-05-21 10:00:00,
PRJ-001988,2026,6999999.6,6699091.17,True,416000.0,2026-05-05 08:00:00,2026-06-21 08:00:00
PRJ-001989,2026,1499360.4,1499360.4,True,21061.24,2026-04-15 08:00:00,
PRJ-001990,2026,4202246.4,4202246.4,True,348672.0,2026-04-15 08:00:00,
PRJ-001991,2026,,,,,,
PRJ-001992,2026,,,,,,
PRJ-001993,2026,2867984.4,2867984.4,True,95004.0,2026-05-10 11:00:00,
PRJ-001994,2026,2396640.0,2396640.0,True,697000.0,2026-04-03 09:00:00,
PRJ-001995,2026,,,,,,
PRJ-001996,2026,8988000.4,8988000.4,True,110847.15,2026-03-31 08:00:00,
PRJ-001997,2026,6185946.0,6185946.0,True,6000.0,2026-04-02 08:00:00,
PRJ-001998,2026,,,,,,
PRJ-001999,2026,9600000.0,9600000.0,True,143000.0,2026-03-29 11:00:00,
PRJ-002000,2026,28803972.34,28803972.34,True,339850.0,2026-05-11 08:00:00,
PRJ-002001,2026,,,,,,
PRJ-002002,2026,1597836.1,1597836.1,True,726496.49,2026-05-12 11:00:00,
PRJ-002003,2026,1205568.0,1205568.0,True,250000.0,2026-05-02 12:00:00,
PRJ-002004,2026,39219170.0,39219170.0,True,74585.4,2026-04-21 10:30:00,
PRJ-002005,2026,3821952.0,4403953.51,True,150000.0,2026-04-28 08:00:00,2026-06-18 08:00:00
PRJ-002006,2026,22867218.0,22867218.0,True,153000.0,2026-04-10 10:00:00,
PRJ-002007,2026,255602088.0,255602088.0,True,356000.0,2026-03-31 08:30:00,
PRJ-002008,2026,21333384.0,21359112.98,True,522480.0,2026-04-28 08:30:00,2026-06-18 08:30:00
PRJ-002009,2026,1820830.27,2048672.09,True,68335.23,2026-04-08 10:00:00,2026-06-17 10:00:00
PRJ-002010,2026,9000000.0,9000000.0,True,97500.0,2026-04-15 10:00:00,
PRJ-002011,2026,,,,,,
PRJ-002012,2026,28800000.0,28800000.0,True,99800.0,2026-03-28 08:00:00,
PRJ-002013,2026,3000000.0,3000000.0,True,280850.58,2026-05-12 08:00:00,
PRJ-002014,2026,9797234.4,9797234.4,True,99700.0,2026-05-16 11:00:00,
PRJ-002015,2026,18000000.0,18000000.0,True,80958.98,2026-03-28 10:00:00,
PRJ-002016,2026,16370655.6,16370655.6,True,58642.9,2026-04-03 09:00:00,
PRJ-002017,2026,23438539.2,20472787.07,True,6548840.32,2026-04-11 08:00:00,2026-06-17 08:00:00
PRJ-002018,2026,,,,,,
PRJ-002019,2026,346271844.0,346271844.0,True,24303.75,2026-04-21 10:00:00,
PRJ-002020,2026,,,,,,
PRJ-002021,2026,,,,,,
PRJ-002022,2026,,,,,,
PRJ-002023,2026,,,,,,
PRJ-002024,2026,,,,,,
PRJ-002025,2026,,,,,,
PRJ-002026,2026,,,,,,
PRJ-002027,2026,960000.0,957550.74,True,,2026-05-16 11:00:00,2026-06-16 11:00:00
PRJ-002028,2026,4531200.0,5653289.09,True,28742.37,2026-04-26 11:00:00,2026-06-16 11:00:00
PRJ-002029,2026,3571200.0,3643861.86,True,560000.0,2026-05-01 11:00:00,2026-06-16 11:00:00
PRJ-002030,2026,9254899.56,9254899.56,True,295284.32,2026-03-30 09:00:00,
PRJ-002031,2026,,,,,,
PRJ-002032,2026,2489809.76,2489809.76,True,1042800.0,2026-04-14 09:00:00,
PRJ-002033,2026,10317386.4,10317386.4,True,257356.25999999998,2026-04-05 12:00:00,
PRJ-002034,2026,8705418.0,8705418.0,True,,2026-04-01 08:00:00,
PRJ-002035,2026,1680096.0,1518248.19,True,195000.0,2026-04-08 08:00:00,2026-06-16 08:00:00
PRJ-002036,2026,4788000.0,4788000.0,True,82350.0,2026-03-25 10:00:00,
PRJ-002037,2026,6000000.0,6000000.0,True,205050.0,2026-05-09 16:00:00,
PRJ-002038,2026,36118584.0,36118584.0,True,370936.23,2026-03-26 09:00:00,
PRJ-002039,2026,1749360.0,2129730.66,True,,2026-05-01 10:00:00,2026-05-28 10:00:00
PRJ-002040,2026,1488000.0,1747432.22,True,49582.4,2026-05-11 08:00:00,2026-06-16 08:00:00
PRJ-002041,2026,,,,,,
PRJ-002042,2026,9998408.4,9998408.4,True,75000.0,2026-05-14 10:00:00,
PRJ-002043,2026,30240000.0,30240000.0,True,632000.0,2026-05-16 08:30:00,
PRJ-002044,2026,,,,,,
PRJ-002045,2026,,,,,,
PRJ-002046,2026,,,,,,
PRJ-002047,2026,,,,,,
PRJ-002048,2026,,,,,,
PRJ-002049,2026,,,,,,
PRJ-002050,2026,,,,,,
PRJ-002051,2026,,,,,,
PRJ-002052,2026,11474423.95,11474423.95,True,81448.06,2026-04-10 08:00:00,
PRJ-002053,2026,,,,,,
PRJ-002054,2026,4783054.28,4783054.28,True,102179.65,2026-05-14 08:30:00,
PRJ-002055,2026,5953314.84,5953314.84,True,92000.0,2026-05-09 08:30:00,
PRJ-002056,2026,1170260.56,1170260.56,True,,2026-03-27 08:30:00,
PRJ-002057,2026,,,,,,
PRJ-002058,2026,3499200.0,3499200.0,True,930758.27,2026-05-17 09:00:00,
PRJ-002059,2026,,,,,,
PRJ-002060,2026,1675026.0,1680155.27,True,48144.39,2026-04-18 08:30:00,2026-06-15 08:30:00
PRJ-002061,2026,1289051.44,1289051.44,True,,2026-04-22 08:30:00,
PRJ-002062,2026,673974.56,673974.56,True,,2026-05-09 08:30:00,
PRJ-002063,2026,966343.32,962240.0,True,,2026-05-09 08:30:00,2026-06-15 08:30:00
PRJ-002064,2026,4010894.2,3919189.17,True,465000.0,2026-04-16 08:30:00,2026-06-10 08:30:00
PRJ-002065,2026,1081524.88,1043669.9,True,,2026-04-15 08:30:00,2026-06-15 08:30:00
PRJ-002066,2026,2616727.2,2616727.2,True,236000.0,2026-04-03 14:00:00,
PRJ-002067,2026,9112680.0,9112680.0,True,361332.0,2026-05-02 09:00:00,
PRJ-002068,2026,2941200.0,2941200.0,True,41666.67,2026-05-06 10:00:00,
PRJ-002069,2026,3293306.4,3642622.47,True,416970.0,2026-05-08 09:00:00,2026-06-15 09:00:00
PRJ-002070,2026,,,,,,
PRJ-002071,2026,3000000.0,3000000.0,True,33840.58,2026-04-03 11:00:00,
PRJ-002072,2026,713888699.8,713888699.8,True,883400.0,2026-04-30 08:30:00,
PRJ-002073,2026,,,,,,
PRJ-002074,2026,,,,,,
PRJ-002075,2026,,,,,,
PRJ-002076,2026,,,,,,
PRJ-002077,2026,,,,,,
PRJ-002078,2026,,,,,,
PRJ-002079,2026,,,,,,
PRJ-002080,2026,,,,,,
PRJ-002081,2026,4795902.46,4795902.46,True,101249.72,2026-03-21 10:00:00,
PRJ-002082,2026,2406000.0,2406000.0,True,208333.0,2026-03-26 10:00:00,
PRJ-002083,2026,142242679.2,142242679.2,True,49222.84,2026-03-18 08:30:00,
PRJ-002084,2026,39973180.0,39973180.0,True,34006.29,2026-04-22 08:30:00,
PRJ-002085,2026,113755500.0,113755500.0,True,245000.01,2026-03-30 08:00:00,
PRJ-002086,2026,621618732.83,621618732.83,True,9229100.0,2026-04-10 08:00:00,
PRJ-002087,2026,43441577.6,43441577.6,True,407990.0,2026-05-15 08:00:00,
PRJ-002088,2026,102458249.14,102458249.14,True,67500.0,2026-04-09 08:30:00,
PRJ-002089,2026,397906499.53,397906499.53,True,320758.23,2026-05-15 08:00:00,
PRJ-002090,2026,,,,,,
PRJ-002091,2026,,,,,,
PRJ-002092,2026,,,,,,
PRJ-002093,2026,,,,,,
PRJ-002094,2026,,,,,,
PRJ-002095,2026,,,,,,
PRJ-002096,2026,,,,,,
PRJ-002097,2026,,,,,,
PRJ-002098,2026,,,,,,
PRJ-002099,2026,3974472.0,4109522.55,True,81200.0,2026-03-16 08:00:00,2026-06-11 08:00:00
PRJ-002100,2026,3110430.0,3110430.0,True,323000.0,2026-04-13 10:00:00,
PRJ-002101,2026,,,,,,
PRJ-002102,2026,5586996.0,5586996.0,True,249996.0,2026-04-02 08:00:00,
PRJ-002103,2026,2439480.0,2439480.0,True,82994.0,2026-05-12 09:00:00,
PRJ-002104,2026,2664720.0,2664720.0,True,156722.84,2026-03-29 08:00:00,
PRJ-002105,2026,8521886.38,9061792.2,True,99.78999999999999,2026-04-28 08:00:00,2026-06-11 08:00:00
PRJ-002106,2026,8000000.04,8000000.04,True,769000.0,2026-04-19 10:00:00,
PRJ-002107,2026,23372472.0,23372472.0,True,98510.0,2026-05-11 09:00:00,
PRJ-002108,2026,24988249.2,26093153.7,True,511771.32999999996,2026-05-04 09:00:00,2026-06-11 09:00:00
PRJ-002109,2026,32864832.0,32864832.0,True,618300.0,2026-04-17 16:00:00,
PRJ-002110,2026,1579971498.96,1565488086.43,True,591430.84,2026-03-25 09:00:00,2026-04-24 09:00:00
PRJ-002111,2026,3267907332.8,3267907332.8,True,23275.06,2026-05-08 09:00:00,
PRJ-002112,2026,1687935833.84,1687935833.84,True,54360.0,2026-05-12 09:00:00,
PRJ-002113,2026,,,,,,
PRJ-002114,2026,,,,,,
PRJ-002115,2026,12328880.4,15103185.83,True,520785.68,2026-04-05 14:30:00,2026-06-11 14:30:00
PRJ-002116,2026,1223372832.0,1223372832.0,True,23500.0,2026-04-20 10:00:00,
PRJ-002117,2026,86716553.44,86716553.44,True,1551866.0,2026-04-17 09:00:00,
PRJ-002118,2026,1397103750.0,1397103750.0,True,100000.0,2026-03-18 11:00:00,
PRJ-002119,2026,35000000.4,42138819.77,True,313000.0,2026-04-14 09:00:00,2026-06-11 09:00:00
PRJ-002120,2026,9993348.0,9993348.0,True,1030927.17,2026-03-30 11:00:00,
PRJ-002121,2026,1696000.0,1985050.05,True,336212.95999999996,2026-04-14 12:00:00,2026-05-05 12:00:00
PRJ-002122,2026,,,,,,
PRJ-002123,2026,1800000.0,1800000.0,True,636229.36,2026-04-29 08:00:00,
PRJ-002124,2026,,,,,,
PRJ-002125,2026,3255480.0,3621939.13,True,38050.6,2026-03-29 10:00:00,2026-05-14 10:00:00
PRJ-002126,2026,1712199.6,1712199.6,True,99218.0,2026-03-31 14:00:00,
PRJ-002127,2026,1547640.0,1834652.92,True,1070184.47,2026-05-01 08:00:00,2026-06-10 08:00:00
PRJ-002128,2026,128037240.0,128037240.0,True,199480.0,2026-03-14 08:00:00,
PRJ-002129,2026,126489600.0,126489600.0,True,144000.0,2026-03-30 08:00:00,
PRJ-002130,2026,2585850.07,3021324.18,True,201325.0,2026-03-13 08:00:00,2026-05-19 08:00:00
PRJ-002131,2026,3670128.5,3670128.5,True,304000.0,2026-04-16 08:00:00,
PRJ-002132,2026,4453735.93,4453735.93,True,11769.150000000001,2026-03-22 08:00:00,
PRJ-002133,2026,4602590.92,4602590.92,True,83100.0,2026-03-22 08:00:00,
PRJ-002134,2026,4907327.94,4907327.94,True,32246.32,2026-05-08 08:00:00,
PRJ-002135,2026,5242531.98,6230118.06,True,270000.0,2026-05-10 08:00:00,2026-06-10 08:00:00
PRJ-002136,2026,5456892.34,5456892.34,True,899990.0,2026-03-31 08:00:00,
PRJ-002137,2026,5604089.64,5604089.64,True,0.0,2026-03-30 08:00:00,
PRJ-002138,2026,5884842.44,5884842.44,True,1194640.59,2026-04-28 08:00:00,
PRJ-002139,2026,6149956.1,6149956.1,True,1123585.0,2026-05-06 08:00:00,
PRJ-002140,2026,57570613.19,57570613.19,True,22943950.0,2026-03-22 08:00:00,
PRJ-002141,2026,9012667.32,9012667.32,True,201320.0,2026-04-27 08:00:00,
PRJ-002142,2026,75637342.8,75637342.8,True,172400.0,2026-04-11 16:30:00,
PRJ-002143,2026,1513599.6,1513599.6,True,104975.45,2026-04-19 11:00:00,
PRJ-002144,2026,14467602.0,14467602.0,True,476000.0,2026-05-03 11:00:00,
PRJ-002145,2026,12954002.4,12954002.4,True,431577.92,2026-03-18 11:00:00,
PRJ-002146,2026,,,,,,
PRJ-002147,2026,125000000.4,125000000.4,True,320200.32999999996,2026-04-04 09:00:00,
PRJ-002148,2026,,,,,,
PRJ-002149,2026,69999351.6,69999351.6,True,37800.0,2026-03-31 13:30:00,
PRJ-002150,2026,,,,,,
PRJ-002151,2026,,,,,,
PRJ-002152,2026,,,,,,
PRJ-002153,2026,,,,,,
PRJ-002154,2026,1396780.0,1396780.0,True,62000.0,2026-04-21 09:00:00,
PRJ-002155,2026,2982940.0,2982940.0,True,6371.06,2026-04-13 08:00:00,
PRJ-002156,2026,1513244.4,1812387.28,True,0.0,2026-04-10 09:00:00,2026-06-09 09:00:00
PRJ-002157,2026,3780000.0,4049738.09,True,95814.62,2026-05-04 10:00:00,2026-06-09 10:00:00
PRJ-002158,2026,4838400.0,4838400.0,True,28621.58,2026-05-08 09:00:00,
PRJ-002159,2026,2233200.0,2162709.42,True,100000.0,2026-04-24 11:00:00,2026-06-09 11:00:00
PRJ-002160,2026,3599360.0,3599360.0,True,,2026-04-10 08:00:00,
PRJ-002161,2026,301510944.14,301510944.14,True,650000.0,2026-04-15 09:00:00,
PRJ-002162,2026,66982646.92,66982646.92,True,14000.0,2026-04-10 08:00:00,
PRJ-002163,2026,76596487.14,76596487.14,True,123526.52,2026-04-17 08:00:00,
PRJ-002164,2026,64525727.15,64525727.15,True,48595.9,2026-03-12 08:00:00,
PRJ-002165,2026,271036661.65,271036661.65,True,34000.009999999995,2026-05-07 08:00:00,
PRJ-002166,2026,62931800.45,67509889.26,True,149499.99,2026-04-09 08:00:00,2026-06-09 08:00:00
PRJ-002167,2026,68400000.0,72493990.52,True,99900.0,2026-04-29 08:00:00,2026-06-08 08:00:00
PRJ-002168,2026,26058564.0,26058564.0,True,84888.42000000001,2026-05-05 12:00:00,
PRJ-002169,2026,14000000.4,12000838.75,True,332706.6,2026-04-17 09:00:00,2026-06-09 09:00:00
PRJ-002170,2026,78183116.62,78183116.62,True,45250.0,2026-03-15 08:30:00,
PRJ-002171,2026,19036450.8,22866807.6,True,4176254.19,2026-04-14 11:00:00,2026-06-09 11:00:00
PRJ-002172,2026,76665604.57,76665604.57,True,33943.979999999996,2026-03-30 10:00:00,
PRJ-002173,2026,,,,,,
PRJ-002174,2026,,,,,,
PRJ-002175,2026,3324000.0,3350587.09,True,104167.0,2026-05-03 08:00:00,2026-06-08 08:00:00
PRJ-002176,2026,4862760.0,4862760.0,True,350100.0,2026-04-15 08:00:00,
PRJ-002177,2026,6717472.8,6717472.8,True,199000.0,2026-03-16 12:00:00,
PRJ-002178,2026,2805600.0,2805600.0,True,16000.0,2026-04-10 10:00:00,
PRJ-002179,2026,,,,,,
PRJ-002180,2026,3998250.0,3998250.0,True,39500.0,2026-04-10 09:00:00,
PRJ-002181,2026,1829679.6,1667294.15,True,171000.0,2026-03-22 12:00:00,2026-05-17 12:00:00
PRJ-002182,2026,2999199.6,2999199.6,True,94.95,2026-04-18 08:00:00,
PRJ-002183,2026,31804400.4,31804400.4,True,5824.31,2026-03-15 12:00:00,
PRJ-002184,2026,113544816.61,113544816.61,True,348900.0,2026-03-11 08:00:00,
PRJ-002185,2026,23985478.8,23985478.8,True,182000.0,2026-03-22 10:00:00,
PRJ-002186,2026,32151096.0,36830277.08,True,18212.09,2026-04-20 08:00:00,2026-06-08 08:00:00
PRJ-002187,2026,,,,,,
PRJ-002188,2026,,,,,,
PRJ-002189,2026,,,,,,
PRJ-002190,2026,11499999.6,11499999.6,True,16606.67,2026-03-26 09:00:00,
PRJ-002191,2026,7579980.0,7579980.0,True,11600.0,2026-04-15 10:30:00,
PRJ-002192,2026,4200000.0,3646323.67,True,279200.0,2026-04-05 09:00:00,2026-06-07 09:00:00
PRJ-002193,2026,4995271.2,4940666.95,True,1474000.0,2026-03-28 10:00:00,2026-06-07 10:00:00
PRJ-002194,2026,2771199.6,2771199.6,True,33000.0,2026-03-18 10:00:00,
PRJ-002195,2026,3999999.6,3999999.6,True,527340.0,2026-03-16 10:00:00,
PRJ-002196,2026,1228800.0,1228800.0,True,99940.0,2026-05-08 10:00:00,
PRJ-002197,2026,6200000.4,6200000.4,True,93000.0,2026-03-30 13:30:00,
PRJ-002198,2026,3769732.8,3870727.17,True,735900.01,2026-03-19 08:00:00,2026-05-14 08:00:00
PRJ-002199,2026,7200000.0,7200000.0,True,0.0,2026-03-29 08:00:00,
PRJ-002200,2026,10380000.0,10380000.0,True,387134.15,2026-04-07 10:30:00,
PRJ-002201,2026,5000000.4,6135582.02,True,104616.95,2026-04-24 09:00:00,2026-05-16 09:00:00
PRJ-002202,2026,2160000.0,2160000.0,True,898000.0,2026-04-04 10:00:00,
PRJ-002203,2026,,,,,,
PRJ-002204,2026,1994262.0,2069601.33,True,98930.0,2026-03-25 10:30:00,2026-06-07 10:30:00
PRJ-002205,2026,101705280.0,98815233.29,True,10657948.8,2026-05-06 10:00:00,2026-06-07 10:00:00
PRJ-002206,2026,23515335.6,23209025.68,True,80000.0,2026-05-07 12:00:00,2026-06-07 12:00:00
PRJ-002207,2026,39977095.2,42182576.81,True,9990.69,2026-04-25 08:00:00,2026-05-23 08:00:00
PRJ-002208,2026,,,,,,
PRJ-002209,2026,32906079.6,33875976.01,True,0.0,2026-03-28 08:00:00,2026-06-07 08:00:00
PRJ-002210,2026,20889121.75,20889121.75,True,399000.0,2026-05-07 08:00:00,
PRJ-002211,2026,91289107.31,91289107.31,True,1420.18,2026-04-28 08:30:00,
PRJ-002212,2026,1499908.8,1499908.8,True,212000.0,2026-03-30 09:00:00,
PRJ-002213,2026,,,,,,
PRJ-002214,2026,,,,,,
PRJ-002215,2026,4795200.0,4795200.0,True,13.71,2026-03-10 10:00:00,
PRJ-002216,2026,1980000.0,2348180.43,True,405000.0,2026-03-11 09:00:00,2026-04-07 09:00:00
PRJ-002217,2026,5425110.0,5425110.0,True,,2026-04-13 08:00:00,
PRJ-002218,2026,1999866.0,2061868.56,True,88606.0,2026-03-14 08:00:00,2026-06-04 08:00:00
PRJ-002219,2026,3052132.8,3052132.8,True,100000.0,2026-03-31 08:00:00,
PRJ-002220,2026,11065335.6,11065335.6,True,468201.74,2026-03-21 08:00:00,
PRJ-002221,2026,2999973.6,2999973.6,True,405000.0,2026-04-19 10:00:00,
PRJ-002222,2026,4200000.0,4200000.0,True,66579.64,2026-04-20 08:00:00,
PRJ-002223,2026,7649568.0,7649568.0,True,285000.0,2026-04-24 10:00:00,
PRJ-002224,2026,3045424.8,3045424.8,True,696000.0,2026-05-06 14:30:00,
PRJ-002225,2026,4713639.6,4713639.6,True,99770.0,2026-03-30 08:30:00,
PRJ-002226,2026,10000000.0,10000000.0,True,279000.0,2026-03-22 09:00:00,
PRJ-002227,2026,6336210.0,6336210.0,True,189650.57,2026-03-16 09:00:00,
PRJ-002228,2026,30000000.0,30000000.0,True,920000.0,2026-03-22 10:00:00,
PRJ-002229,2026,16452763.2,16452763.2,True,45680.2,2026-03-07 08:00:00,
PRJ-002230,2026,338113392.0,323558623.3,True,339000.0,2026-04-12 09:00:00,2026-05-12 09:00:00
PRJ-002231,2026,119780838.78,114831290.76,True,188541.67,2026-05-05 08:30:00,2026-06-04 08:30:00
PRJ-002232,2026,87600342.79,104804843.55,True,662000.0,2026-04-30 15:00:00,2026-06-04 15:00:00
PRJ-002233,2026,30000000.0,30000000.0,True,22788.14,2026-05-06 09:00:00,
PRJ-002234,2026,,,,,,
PRJ-002235,2026,1813320.0,1813320.0,True,428000.0,2026-04-29 11:00:00,
PRJ-002236,2026,,,,,,
PRJ-002237,2026,9600000.0,9185171.66,True,293000.0,2026-03-15 11:00:00,2026-06-03 11:00:00
PRJ-002238,2026,,,,,,
PRJ-002239,2026,3419820.0,3419820.0,True,559000.0,2026-03-29 00:00:00,
PRJ-002240,2026,2884474.8,2884474.8,True,,2026-04-04 08:30:00,
PRJ-002241,2026,,,,,,
PRJ-002242,2026,480.0,480.0,True,,2026-03-29 11:00:00,
PRJ-002243,2026,57840.0,57840.0,True,,2026-03-13 11:00:00,
PRJ-002244,2026,5784.0,5784.0,True,,2026-04-06 11:00:00,
PRJ-002245,2026,4560.0,4560.0,True,,2026-03-24 11:00:00,
PRJ-002246,2026,151200.0,178008.0,True,,2026-03-30 11:00:00,2026-05-18 11:00:00
PRJ-002247,2026,51120.0,51120.0,True,,2026-04-30 11:00:00,
PRJ-002248,2026,57600.0,70079.38,True,,2026-05-01 11:00:00,2026-06-03 11:00:00
PRJ-002249,2026,5400.0,5400.0,True,,2026-03-26 11:00:00,
PRJ-002250,2026,18000.0,18000.0,True,,2026-04-18 11:00:00,
PRJ-002251,2026,85022.4,85022.4,True,,2026-04-13 11:00:00,
PRJ-002252,2026,4305.6,4305.6,True,,2026-04-20 11:00:00,
PRJ-002253,2026,108000.0,108000.0,True,,2026-04-15 11:00:00,
PRJ-002254,2026,2832000.0,2832000.0,True,99000.0,2026-03-09 11:00:00,
PRJ-002255,2026,187200.0,187200.0,True,,2026-03-08 11:00:00,
PRJ-002256,2026,4800.0,4800.0,True,,2026-04-24 11:00:00,
PRJ-002257,2026,150000.0,150000.0,True,,2026-03-28 11:00:00,
PRJ-002258,2026,235200.0,235200.0,True,,2026-04-09 11:00:00,
PRJ-002259,2026,142800.0,142800.0,True,,2026-03-06 11:00:00,
PRJ-002260,2026,208800.0,208800.0,True,,2026-05-03 11:00:00,
PRJ-002261,2026,3060.0,3060.0,True,,2026-04-05 11:00:00,
PRJ-002262,2026,19800.0,19624.25,True,,2026-03-16 11:00:00,2026-04-04 11:00:00
PRJ-002263,2026,38400.0,38400.0,True,,2026-03-12 11:00:00,
PRJ-002264,2026,5674572.0,5674572.0,True,812300.0,2026-03-19 11:00:00,
PRJ-002265,2026,1303200.0,1303200.0,True,2147.59,2026-04-13 11:00:00,
PRJ-002266,2026,,,,,,
PRJ-002267,2026,465000000.0,529502891.88,True,424000.0,2026-04-01 10:00:00,2026-06-03 10:00:00
PRJ-002268,2026,13183053.6,13183053.6,True,2483177.08,2026-03-28 08:00:00,
PRJ-002269,2026,166029600.0,166029600.0,True,479500.0,2026-04-08 08:00:00,
PRJ-002270,2026,16179327.6,16179327.6,True,1144500.0,2026-04-03 08:00:00,
PRJ-002271,2026,29959998.0,29959998.0,True,16990000.0,2026-04-26 08:00:00,
PRJ-002272,2026,13780670.4,13780670.4,True,99600.0,2026-03-28 08:00:00,
PRJ-002273,2026,,,,,,
PRJ-002274,2026,47580585.6,47580585.6,True,56150.0,2026-03-15 08:00:00,
PRJ-002275,2026,51506384.4,51506384.4,True,5002.24,2026-04-11 11:00:00,
PRJ-002276,2026,,,,,,
PRJ-002277,2026,,,,,,
PRJ-002278,2026,,,,,,
PRJ-002279,2026,5556200.0,5556200.0,True,37062.5,2026-05-02 09:00:00,
PRJ-002280,2026,,,,,,
PRJ-002281,2026,4278044.4,4278044.4,True,2198.54,2026-03-16 12:00:00,
PRJ-002282,2026,11073890.6,13740511.66,True,81268.15,2026-03-17 09:00:00,2026-04-24 09:00:00
PRJ-002283,2026,561000.0,561000.0,True,,2026-04-10 10:00:00,
PRJ-002284,2026,195000.0,195000.0,True,,2026-03-29 10:00:00,
PRJ-002285,2026,7999992.0,7103551.39,True,16546.16,2026-04-13 10:00:00,2026-05-14 10:00:00
PRJ-002286,2026,7243992.0,7243992.0,True,221000.0,2026-04-02 10:00:00,
PRJ-002287,2026,,,,,,
PRJ-002288,2026,2965224.0,2965224.0,True,98700.0,2026-04-18 08:00:00,
PRJ-002289,2026,9695574.0,11338891.34,True,682994.6699999999,2026-04-08 13:00:00,2026-06-02 13:00:00
PRJ-002290,2026,,,,,,
PRJ-002291,2026,33913148.89,36844368.45,True,82800.0,2026-03-29 08:00:00,2026-06-02 08:00:00
PRJ-002292,2026,9600000.0,9600000.0,True,474022.81,2026-04-15 08:30:00,
PRJ-002293,2026,,,,,,
PRJ-002294,2026,12813000.0,12813000.0,True,42000.0,2026-03-15 08:00:00,
PRJ-002295,2026,15729506.4,15729506.4,True,587726.06,2026-03-30 10:00:00,
PRJ-002296,2026,2695329.0,2695329.0,True,41667.0,2026-04-03 08:00:00,
PRJ-002297,2026,3021122.8,3021122.8,True,138270.25,2026-04-01 08:00:00,
PRJ-002298,2026,7498299.0,7498299.0,True,97000.0,2026-04-11 08:00:00,
PRJ-002299,2026,38435892.0,38435892.0,True,244000.0,2026-05-01 08:00:00,
PRJ-002300,2026,25410908.27,25410908.27,True,98890.01000000001,2026-04-07 08:00:00,
PRJ-002301,2026,21270177.19,21270177.19,True,698000.0,2026-03-14 09:00:00,
PRJ-002302,2026,170853971.84,170853971.84,True,14176135.44,2026-03-22 10:00:00,
PRJ-002303,2026,421191613.43,421191613.43,True,296091000.0,2026-04-01 10:00:00,
PRJ-002304,2026,250337641.58,253567191.35,True,,2026-04-01 10:00:00,2026-06-02 10:00:00
PRJ-002305,2026,28972800.0,28972800.0,True,99920.0,2026-05-03 09:00:00,
PRJ-002306,2026,93953164.8,93953164.8,True,1828878.42,2026-04-29 14:00:00,
PRJ-002307,2026,,,,,,
PRJ-002308,2026,,,,,,
PRJ-002309,2026,,,,,,
PRJ-002310,2026,638813.77,638813.77,True,,2026-04-27 08:00:00,
PRJ-002311,2026,605455.5,668225.71,True,,2026-04-03 08:00:00,2026-06-01 08:00:00
PRJ-002312,2026,,,,,,
PRJ-002313,2026,,,,,,
PRJ-002314,2026,,,,,,
PRJ-002315,2026,,,,,,
PRJ-002316,2026,8078738.4,8723005.41,True,6728520.0,2026-04-04 10:00:00,2026-06-01 10:00:00
PRJ-002317,2026,2692912.8,2692912.8,True,100000.0,2026-03-20 10:00:00,
PRJ-002318,2026,8400000.0,8400000.0,True,99300.0,2026-03-29 10:00:00,
PRJ-002319,2026,3021642.0,3021642.0,True,0.0,2026-04-17 09:00:00,
PRJ-002320,2026,6996796.8,7727743.58,True,97000.0,2026-04-12 09:00:00,2026-06-01 09:00:00
PRJ-002321,2026,3099999.6,3099999.6,True,311100.0,2026-03-22 08:30:00,
PRJ-002322,2026,8360176.8,8360176.8,True,0.0,2026-04-13 12:00:00,
PRJ-002323,2026,1999999.2,1999999.2,True,1628000.0,2026-04-20 10:00:00,
PRJ-002324,2026,2927600.4,2927600.4,True,52333.0,2026-03-06 10:00:00,
PRJ-002325,2026,1530000.0,1530000.0,True,812650.4299999999,2026-03-21 10:00:00,
PRJ-002326,2026,20080.66,19703.77,True,,2026-04-13 08:00:00,2026-06-01 08:00:00
PRJ-002327,2026,115930.6,140542.99,True,,2026-04-27 08:00:00,2026-06-01 08:00:00
PRJ-002328,2026,406433.14,406433.14,True,,2026-04-14 08:00:00,
PRJ-002329,2026,270421.88,270421.88,True,,2026-03-22 08:00:00,
PRJ-002330,2026,100000000.0,100000000.0,True,738000.0,2026-03-25 10:00:00,
PRJ-002331,2026,,,,,,
PRJ-002332,2026,39252000.0,39252000.0,True,364025.39,2026-04-07 10:00:00,
PRJ-002333,2026,,,,,,
PRJ-002334,2026,22730364.0,22730364.0,True,2758275.0,2026-05-02 10:00:00,
PRJ-002335,2026,,,,,,
PRJ-002336,2026,,,,,,
PRJ-002337,2026,,,,,,
PRJ-002338,2026,,,,,,
PRJ-002339,2026,,,,,,
PRJ-002340,2026,,,,,,
PRJ-002341,2026,2272573.2,2272573.2,True,99000.0,2026-03-05 09:00:00,
PRJ-002342,2026,,,,,,
PRJ-002343,2026,1680000.0,1680000.0,True,35908.41,2026-03-25 09:00:00,
PRJ-002344,2026,12000000.0,10941213.25,True,45559.51,2026-04-29 09:00:00,2026-05-30 09:00:00
PRJ-002345,2026,65765700.0,71733483.21,True,100000.0,2026-04-01 14:00:00,2026-05-31 14:00:00
PRJ-002346,2026,,,,,,
PRJ-002347,2026,1363132.0,1363132.0,True,31515.83,2026-03-21 09:00:00,
PRJ-002348,2026,,,,,,
PRJ-002349,2026,11520000.0,11520000.0,True,211824.21000000002,2026-03-18 10:00:00,
PRJ-002350,2026,23358000.0,23358000.0,True,95422.0,2026-04-10 10:00:00,
PRJ-002351,2026,34878000.0,34878000.0,True,50000.0,2026-03-23 10:00:00,
PRJ-002352,2026,5789880.0,5789880.0,True,289000.0,2026-03-09 09:00:00,
PRJ-002353,2026,4131312.0,4131312.0,True,948120.0,2026-04-15 09:00:00,
PRJ-002354,2026,16380757.2,16380757.2,True,11628788.440000001,2026-03-15 09:00:00,
PRJ-002355,2026,26301949.2,25097503.04,True,209800.0,2026-04-12 09:00:00,2026-05-31 09:00:00
PRJ-002356,2026,28862952.0,28862952.0,True,90597.73999999999,2026-03-21 10:00:00,
PRJ-002357,2026,,,,,,
PRJ-002358,2026,19128000.0,19128000.0,True,99000.0,2026-03-22 10:00:00,
PRJ-002359,2026,46906768.42,46906768.42,True,38532.200000000004,2026-03-10 10:00:00,
PRJ-002360,2026,286944506.4,286944506.4,True,99000.0,2026-04-17 10:00:00,
PRJ-002361,2026,115126099.2,115126099.2,True,219200.0,2026-04-15 16:00:00,
PRJ-002362,2026,323777258.4,323777258.4,True,549000.0,2026-03-12 10:00:00,
PRJ-002363,2026,,,,,,
PRJ-002364,2026,,,,,,
PRJ-002365,2026,,,,,,
PRJ-002366,2026,,,,,,
PRJ-002367,2026,,,,,,
PRJ-002368,2026,,,,,,
PRJ-002369,2026,,,,,,
PRJ-002370,2026,,,,,,
PRJ-002371,2026,,,,,,
PRJ-002372,2026,16790400.0,16790400.0,True,59400.0,2026-04-21 09:00:00,
PRJ-002373,2026,2398040.0,2398040.0,True,408750.0,2026-04-09 09:30:00,
PRJ-002374,2026,8364040.0,8364040.0,True,266239.05,2026-03-20 09:30:00,
PRJ-002375,2026,10762080.0,10762080.0,True,130031.33,2026-03-09 09:30:00,
PRJ-002376,2026,5586996.0,5586996.0,True,138588.0,2026-03-16 08:30:00,
PRJ-002377,2026,,,,,,
PRJ-002378,2026,,,,,,
PRJ-002379,2026,4838527.2,4838527.2,True,67000.0,2026-03-10 00:00:00,
PRJ-002380,2026,87259392.0,101606103.67,True,28897.0,2026-04-29 10:00:00,2026-05-28 10:00:00
PRJ-002381,2026,,,,,,
PRJ-002382,2026,,,,,,
PRJ-002383,2026,47288918.4,47288918.4,True,70000.0,2026-03-14 09:00:00,
PRJ-002384,2026,1491135.6,1270555.94,True,90000.0,2026-03-24 10:00:00,2026-05-28 10:00:00
PRJ-002385,2026,11947200.0,11947200.0,True,96000.0,2026-03-14 10:00:00,
PRJ-002386,2026,19187245.2,19187245.2,True,929600.0,2026-04-20 10:00:00,
PRJ-002387,2026,9832000.0,9832000.0,True,125000.0,2026-03-06 08:30:00,
PRJ-002388,2026,2983860.0,2983860.0,True,849205.96,2026-04-24 10:00:00,
PRJ-002389,2026,93257785.88,93257785.88,True,39000.0,2026-04-29 08:00:00,
PRJ-002390,2026,,,,,,
PRJ-002391,2026,,,,,,
PRJ-002392,2026,38400000.0,40754572.64,True,99863.0,2026-03-28 11:00:00,2026-04-24 11:00:00
PRJ-002393,2026,165125965.86,165125965.86,True,122180630.0,2026-04-29 08:00:00,
PRJ-002394,2026,30000000.0,30000000.0,True,555684.0,2026-03-01 10:00:00,
PRJ-002395,2026,50165010.0,50165010.0,True,0.0,2026-04-27 08:00:00,
PRJ-002396,2026,47580000.0,47580000.0,True,4128.5,2026-02-28 08:00:00,
PRJ-002397,2026,,,,,,
PRJ-002398,2026,,,,,,
PRJ-002399,2026,1207083.6,1207083.6,True,28278.0,2026-03-23 08:00:00,
PRJ-002400,2026,1337521.2,1259374.53,True,30000.0,2026-03-05 08:00:00,2026-05-03 08:00:00
PRJ-002401,2026,1354545.6,1490494.59,True,0.0,2026-04-18 08:00:00,2026-05-19 08:00:00
PRJ-002402,2026,1366994.4,1366994.4,True,15000.0,2026-03-05 08:00:00,
PRJ-002403,2026,1367881.2,1289652.05,True,741.7,2026-04-16 08:00:00,2026-05-17 08:00:00
PRJ-002404,2026,1410913.2,1410913.2,True,12168.0,2026-04-09 08:00:00,
PRJ-002405,2026,1631950.8,1631950.8,True,97074.99,2026-02-28 08:00:00,
PRJ-002406,2026,1669442.4,1669442.4,True,440000.0,2026-02-27 08:00:00,
PRJ-002407,2026,1724097.6,1724097.6,True,934000.0,2026-04-09 08:00:00,
PRJ-002408,2026,1740190.8,1740190.8,True,37914.99,2026-04-10 08:00:00,
PRJ-002409,2026,1806718.8,1733252.77,True,99500.0,2026-04-20 08:00:00,2026-05-15 08:00:00
PRJ-002410,2026,1782435.6,1782435.6,True,81100.0,2026-03-10 08:00:00,
PRJ-002411,2026,1790031.6,1790031.6,True,146855.2,2026-04-02 08:00:00,
PRJ-002412,2026,1881306.0,1881306.0,True,499000.0,2026-04-15 08:00:00,
PRJ-002413,2026,2006668.8,2006668.8,True,9357.45,2026-03-11 08:00:00,
PRJ-002414,2026,1722746.4,2123036.11,True,350000.01,2026-02-27 08:00:00,2026-05-27 08:00:00
PRJ-002415,2026,2435054.4,2435054.4,True,83600.0,2026-03-06 08:00:00,
PRJ-002416,2026,2438516.4,2438516.4,True,99510.54000000001,2026-04-18 08:00:00,
PRJ-002417,2026,2613324.0,2564322.07,True,22237.600000000002,2026-04-05 08:00:00,2026-05-27 08:00:00
PRJ-002418,2026,2767034.4,2767034.4,True,99600.0,2026-03-08 08:00:00,
PRJ-002419,2026,3039058.8,3039058.8,True,61800.0,2026-04-12 08:00:00,
PRJ-002420,2026,3224130.0,3178298.31,True,219800.0,2026-04-14 08:00:00,2026-05-27 08:00:00
PRJ-002421,2026,3281496.0,3144355.19,True,35000.0,2026-04-07 08:00:00,2026-04-29 08:00:00
PRJ-002422,2026,3338409.6,3338409.6,True,29083.0,2026-03-25 08:00:00,
PRJ-002423,2026,3596250.0,3596250.0,True,0.0,2026-03-01 08:00:00,
PRJ-002424,2026,3676844.4,3676844.4,True,98500.0,2026-03-27 08:00:00,
PRJ-002425,2026,3698190.0,3698190.0,True,82187.43000000001,2026-04-05 08:00:00,
PRJ-002426,2026,3704610.0,3704610.0,True,,2026-03-20 08:00:00,
PRJ-002427,2026,3946281.6,3946281.6,True,3195525.0,2026-03-01 08:00:00,
PRJ-002428,2026,4024758.0,4024758.0,True,,2026-02-27 08:00:00,
PRJ-002429,2026,4135873.2,4135873.2,True,151200.0,2026-03-08 08:00:00,
PRJ-002430,2026,4234682.4,4314887.91,True,1126.81,2026-03-19 08:00:00,2026-04-07 08:00:00
PRJ-002431,2026,74430295.2,70194660.0,True,9767620.0,2026-04-12 08:00:00,2026-05-27 08:00:00
PRJ-002432,2026,4298845.2,4298845.2,True,777777.0,2026-04-03 08:00:00,
PRJ-002433,2026,4485958.8,4485958.8,True,23500.0,2026-04-23 08:00:00,
PRJ-002434,2026,4771191.6,4771191.6,True,298000.0,2026-04-08 08:00:00,
PRJ-002435,2026,4965919.2,4965919.2,True,218100.47999999998,2026-03-23 08:00:00,
PRJ-002436,2026,5275238.4,5275238.4,True,3128000.0,2026-02-27 08:00:00,
PRJ-002437,2026,5498043.6,5498043.6,True,4535502.0,2026-03-14 08:00:00,
PRJ-002438,2026,5761656.0,6248750.61,True,4846412.0,2026-04-17 08:00:00,2026-05-27 08:00:00
PRJ-002439,2026,6403590.0,6403590.0,True,255000.0,2026-04-27 08:00:00,
PRJ-002440,2026,6772244.4,6772244.4,True,344150.07,2026-03-19 08:00:00,
PRJ-002441,2026,6874030.8,7228044.95,True,31097.37,2026-04-13 08:00:00,2026-05-27 08:00:00
PRJ-002442,2026,6924892.8,6924892.8,True,52784.57,2026-03-20 08:00:00,
PRJ-002443,2026,3255480.0,3255480.0,True,0.0,2026-04-21 09:00:00,
PRJ-002444,2026,7190971.2,7190971.2,True,59520.0,2026-04-09 08:00:00,
PRJ-002445,2026,7192707.6,7192707.6,True,61932.17,2026-03-17 08:00:00,
PRJ-002446,2026,7780951.2,7780951.2,True,266651.0,2026-04-04 08:00:00,
PRJ-002447,2026,7794930.0,7794930.0,True,154722.0,2026-04-19 08:00:00,
PRJ-002448,2026,7933501.2,7933501.2,True,4030.35,2026-04-12 08:00:00,
PRJ-002449,2026,8701364.4,8701364.4,True,395000.0,2026-03-11 08:00:00,
PRJ-002450,2026,8721694.8,8721694.8,True,,2026-03-06 08:00:00,
PRJ-002451,2026,8885307.6,8885307.6,True,17316.45,2026-04-06 08:00:00,
PRJ-002452,2026,9151202.4,9151202.4,True,165600.0,2026-02-28 08:00:00,
PRJ-002453,2026,9366648.0,8612261.75,True,48600.00000000001,2026-03-26 08:00:00,2026-05-27 08:00:00
PRJ-002454,2026,9462747.6,9462747.6,True,56700.0,2026-03-02 08:00:00,
PRJ-002455,2026,9608244.0,9608244.0,True,38636.37,2026-03-07 08:00:00,
PRJ-002456,2026,10501771.2,10501771.2,True,44500.0,2026-03-03 08:00:00,
PRJ-002457,2026,25916828.4,24083377.24,True,17399999.99,2026-04-19 08:00:00,2026-05-27 08:00:00
PRJ-002458,2026,23508062.4,20234702.38,True,18220598.0,2026-03-19 08:00:00,2026-05-12 08:00:00
PRJ-002459,2026,23243190.0,23243190.0,True,89999.99,2026-03-01 08:00:00,
PRJ-002460,2026,22580775.6,22570414.68,True,819000.0,2026-03-13 08:00:00,2026-05-27 08:00:00
PRJ-002461,2026,15141288.0,15141288.0,True,5108300.0,2026-04-06 08:00:00,
PRJ-002462,2026,19252888.8,19252888.8,True,409000.0,2026-03-08 08:00:00,
PRJ-002463,2026,12371334.0,12371334.0,True,741498.91,2026-03-17 08:00:00,
PRJ-002464,2026,345251494.8,345251494.8,True,42493500.0,2026-02-27 08:00:00,
PRJ-002465,2026,13502833.2,13502833.2,True,286906.81,2026-03-12 08:00:00,
PRJ-002466,2026,17464218.0,17464218.0,True,,2026-03-28 08:00:00,
PRJ-002467,2026,10710321.6,11024360.52,True,83885.0,2026-03-27 08:00:00,2026-05-27 08:00:00
PRJ-002468,2026,10972516.8,13206487.35,True,82694.0,2026-03-30 08:00:00,2026-05-27 08:00:00
PRJ-002469,2026,12693450.0,12693450.0,True,28180.0,2026-04-27 08:00:00,
PRJ-002470,2026,15704751.6,15704751.6,True,11384.0,2026-04-09 08:00:00,
PRJ-002471,2026,13110267.6,13110267.6,True,100000.0,2026-04-07 08:00:00,
PRJ-002472,2026,13407892.8,15203811.92,True,489000.0,2026-04-27 08:00:00,2026-05-27 08:00:00
PRJ-002473,2026,12736218.0,12736218.0,True,368000.0,2026-03-27 08:00:00,
PRJ-002474,2026,11792186.4,11792186.4,True,216050.0,2026-04-25 08:00:00,
PRJ-002475,2026,16759822.8,20497129.67,True,73755.21,2026-04-18 08:00:00,2026-05-27 08:00:00
PRJ-002476,2026,14270584.8,14270584.8,True,205500.0,2026-04-21 08:00:00,
PRJ-002477,2026,14912752.8,14912752.8,True,72000.0,2026-04-06 08:00:00,
PRJ-002478,2026,19565908.8,19565908.8,True,177206.97,2026-04-20 08:00:00,
PRJ-002479,2026,25816512.0,31319038.22,True,1974000.0,2026-03-18 08:00:00,2026-05-27 08:00:00
PRJ-002480,2026,26083250.4,26083250.4,True,70153.46,2026-04-22 08:00:00,
PRJ-002481,2026,30105186.0,30105186.0,True,225212.86000000002,2026-03-11 08:00:00,
PRJ-002482,2026,32447985.6,32447985.6,True,120000.0,2026-03-12 08:00:00,
PRJ-002483,2026,110447860.8,110447860.8,True,79116.68,2026-03-25 08:00:00,
PRJ-002484,2026,27673172.4,27673172.4,True,737000.0,2026-04-09 08:00:00,
PRJ-002485,2026,29119615.2,29119615.2,True,273536.49,2026-04-27 08:00:00,
PRJ-002486,2026,31958612.4,31958612.4,True,,2026-04-16 08:00:00,
PRJ-002487,2026,32433102.0,32433102.0,True,970800.0,2026-02-28 08:00:00,
PRJ-002488,2026,33510578.4,33510578.4,True,98100.0,2026-04-18 08:00:00,
PRJ-002489,2026,35832340.8,35832340.8,True,184604.55,2026-03-21 08:00:00,
PRJ-002490,2026,38410848.0,38410848.0,True,122500.0,2026-04-02 08:00:00,
PRJ-002491,2026,38511333.6,38511333.6,True,83000.0,2026-03-03 08:00:00,
PRJ-002492,2026,45854758.8,45854758.8,True,169368.0,2026-04-27 08:00:00,
PRJ-002493,2026,42132570.0,42132570.0,True,,2026-03-29 08:00:00,
PRJ-002494,2026,42909480.0,41863808.88,True,423999.0,2026-03-15 08:00:00,2026-05-27 08:00:00
PRJ-002495,2026,43146972.0,43146972.0,True,134252.94,2026-03-30 08:00:00,
PRJ-002496,2026,12222835.2,15048493.2,True,736800.0,2026-04-26 08:00:00,2026-05-27 08:00:00
PRJ-002497,2026,42475339.2,42475339.2,True,399000.0,2026-03-09 08:00:00,
PRJ-002498,2026,44219342.4,44219342.4,True,98500.0,2026-04-08 08:00:00,
PRJ-002499,2026,45369152.4,45369152.4,True,3376886.62,2026-03-16 08:00:00,
PRJ-002500,2026,45744940.8,40556919.88,True,183333.5,2026-03-01 08:00:00,2026-04-12 08:00:00
PRJ-002501,2026,45904323.6,45904323.6,True,99240.0,2026-03-04 08:00:00,
PRJ-002502,2026,50923574.4,50923574.4,True,108000.0,2026-03-08 08:00:00,
PRJ-002503,2026,49403186.4,43558187.74,True,309000.0,2026-03-26 08:00:00,2026-05-27 08:00:00
PRJ-002504,2026,53890154.4,53890154.4,True,297000.0,2026-03-26 08:00:00,
PRJ-002505,2026,55919709.6,55919709.6,True,219000.0,2026-04-16 08:00:00,
PRJ-002506,2026,56421465.6,56421465.6,True,458334.0,2026-04-03 08:00:00,
PRJ-002507,2026,56643379.2,53227428.81,True,155250.0,2026-03-04 08:00:00,2026-05-01 08:00:00
PRJ-002508,2026,63323288.4,63323288.4,True,750000.0,2026-04-15 08:00:00,
PRJ-002509,2026,63405304.8,63405304.8,True,4279.18,2026-03-05 08:00:00,
PRJ-002510,2026,64844427.6,64844427.6,True,139567.76,2026-02-27 08:00:00,
PRJ-002511,2026,70438800.0,70438800.0,True,957300.0,2026-04-13 08:00:00,
PRJ-002512,2026,74653629.6,92104664.6,True,570000.0,2026-03-26 08:00:00,2026-05-27 08:00:00
PRJ-002513,2026,74920200.0,86607366.97,True,640000.0,2026-04-10 08:00:00,2026-05-27 08:00:00
PRJ-002514,2026,85601359.2,85601359.2,True,405562.86,2026-03-23 08:00:00,
PRJ-002515,2026,86428214.4,86428214.4,True,43700.0,2026-04-16 08:00:00,
PRJ-002516,2026,93590464.8,86956939.38,True,98502.93,2026-04-23 08:00:00,2026-05-27 08:00:00
PRJ-002517,2026,96908250.0,96908250.0,True,800000.0,2026-03-30 08:00:00,
PRJ-002518,2026,98006001.6,106802156.59,True,150000.0,2026-02-27 08:00:00,2026-05-27 08:00:00
PRJ-002519,2026,99510883.2,99510883.2,True,260000.0,2026-03-20 08:00:00,
PRJ-002520,2026,116447155.2,116447155.2,True,748370.53,2026-04-28 08:00:00,
PRJ-002521,2026,118533069.6,144200065.09,True,293705.45999999996,2026-04-07 08:00:00,2026-05-27 08:00:00
PRJ-002522,2026,122907528.0,122907528.0,True,50400.0,2026-03-15 08:00:00,
PRJ-002523,2026,133393842.0,133393842.0,True,286420.0,2026-03-13 08:00:00,
PRJ-002524,2026,,,,,,
PRJ-002525,2026,142208774.4,142208774.4,True,48855.88,2026-03-27 08:00:00,
PRJ-002526,2026,158042756.4,158042756.4,True,90288606.0,2026-04-22 08:00:00,
PRJ-002527,2026,161442808.8,161442808.8,True,57500.01,2026-03-29 08:00:00,
PRJ-002528,2026,45735289.2,50823334.04,True,465000.0,2026-03-26 08:00:00,2026-05-27 08:00:00
PRJ-002529,2026,199592446.8,199592446.8,True,153891439.52,2026-04-26 08:00:00,
PRJ-002530,2026,210926415.6,194490537.73,True,100000.0,2026-04-28 08:00:00,2026-05-27 08:00:00
PRJ-002531,2026,213744566.4,251275629.0,True,802500.0,2026-04-06 08:00:00,2026-05-27 08:00:00
PRJ-002532,2026,218220450.0,218220450.0,True,,2026-04-05 08:00:00,
PRJ-002533,2026,222663000.0,222663000.0,True,856525.27,2026-04-12 08:00:00,
PRJ-002534,2026,353839964.4,353839964.4,True,,2026-03-29 08:00:00,
PRJ-002535,2026,51259773.6,51259773.6,True,116400.0,2026-03-13 08:00:00,
PRJ-002536,2026,511823506.8,467955921.32,True,20833.0,2026-04-12 08:00:00,2026-05-17 08:00:00
PRJ-002537,2026,605702936.4,605702936.4,True,240000.0,2026-04-12 08:00:00,
PRJ-002538,2026,75846724.8,75846724.8,True,750000.0,2026-03-19 08:00:00,
PRJ-002539,2026,78721670.4,78721670.4,True,99733.33,2026-03-26 08:00:00,
PRJ-002540,2026,2243098.8,2243098.8,True,14850.0,2026-03-25 08:00:00,
PRJ-002541,2026,84891080.4,84891080.4,True,494000.01,2026-02-27 08:00:00,
PRJ-002542,2026,36693998.4,36693998.4,True,25323.3,2026-03-18 08:00:00,
PRJ-002543,2026,7075621837.2,7075621837.2,True,125000.0,2026-04-21 08:00:00,
PRJ-002544,2026,23697600.0,26762139.46,True,1586000.0,2026-03-30 08:30:00,2026-05-27 08:30:00
PRJ-002545,2026,5656868.4,5656868.4,True,80000.0,2026-03-06 08:00:00,
PRJ-002546,2026,103646085.6,102684177.86,True,36000.009999999995,2026-04-27 08:30:00,2026-05-17 08:30:00
PRJ-002547,2026,98338100.4,92642804.43,True,230000.0,2026-03-25 08:30:00,2026-05-27 08:30:00
PRJ-002548,2026,88337304.0,79005647.49,True,100000.0,2026-04-05 08:30:00,2026-05-27 08:30:00
PRJ-002549,2026,87749162.4,86297266.06,True,990000.0,2026-03-15 08:30:00,2026-05-27 08:30:00
PRJ-002550,2026,1917194.4,1835198.9,True,99699.99,2026-03-09 08:00:00,2026-05-27 08:00:00
PRJ-002551,2026,87196809.6,87196809.6,True,,2026-04-13 08:30:00,
PRJ-002552,2026,172800.0,172800.0,True,,2026-03-31 08:00:00,
PRJ-002553,2026,2089994.4,1782490.27,True,460416.67,2026-04-25 08:00:00,2026-05-27 08:00:00
PRJ-002554,2026,84447813.6,84447813.6,True,279000.0,2026-03-21 08:30:00,
PRJ-002555,2026,69365719.2,69365719.2,True,,2026-04-27 08:30:00,
PRJ-002556,2026,69007384.8,69007384.8,True,4116700.0,2026-04-13 08:30:00,
PRJ-002557,2026,62277250.8,62277250.8,True,100000.0,2026-04-21 08:30:00,
PRJ-002558,2026,61489538.4,61489538.4,True,476573.82,2026-02-28 08:30:00,
PRJ-002559,2026,110432930.4,110432930.4,True,78469.99,2026-04-20 08:30:00,
PRJ-002560,2026,117198348.0,117198348.0,True,99000.0,2026-04-21 08:30:00,
PRJ-002561,2026,121413986.4,121413986.4,True,2377660.0,2026-04-28 08:30:00,
PRJ-002562,2026,125276037.6,125276037.6,True,53900.0,2026-03-20 08:30:00,
PRJ-002563,2026,127373116.8,127373116.8,True,40000.0,2026-04-20 08:30:00,
PRJ-002564,2026,149723547.6,174616552.45,True,49770.0,2026-04-03 08:30:00,2026-05-27 08:30:00
PRJ-002565,2026,151675556.4,151675556.4,True,39000.0,2026-04-20 08:30:00,
PRJ-002566,2026,164863264.8,164863264.8,True,338000.0,2026-04-02 08:30:00,
PRJ-002567,2026,212107820.4,212107820.4,True,55000.0,2026-03-09 08:30:00,
PRJ-002568,2026,273889640.4,273889640.4,True,73266.57,2026-03-05 08:30:00,
PRJ-002569,2026,314310457.2,314310457.2,True,131609.61000000002,2026-04-04 08:30:00,
PRJ-002570,2026,327061267.2,327061267.2,True,108000.0,2026-02-27 08:30:00,
PRJ-002571,2026,10820944.8,10820944.8,True,143000.0,2026-03-05 08:30:00,
PRJ-002572,2026,524642295.6,524642295.6,True,21420328.0,2026-04-25 08:30:00,
PRJ-002573,2026,572754638.4,572754638.4,True,17764.600000000002,2026-03-13 08:30:00,
PRJ-002574,2026,4391204.4,4391204.4,True,147790.0,2026-04-03 08:30:00,
PRJ-002575,2026,35119795.2,35119795.2,True,99957.23999999999,2026-04-11 08:30:00,
PRJ-002576,2026,55367725.2,55367725.2,True,98800.0,2026-03-08 08:30:00,
PRJ-002577,2026,48971952.0,49801263.41,True,2758.18,2026-04-22 08:30:00,2026-05-27 08:30:00
PRJ-002578,2026,17202327.6,17202327.6,True,116666.5,2026-03-01 08:30:00,
PRJ-002579,2026,51495264.0,51495264.0,True,268000.0,2026-03-25 08:30:00,
PRJ-002580,2026,54946149.6,54946149.6,True,32760.09,2026-04-06 08:30:00,
PRJ-002581,2026,9081370.8,9081370.8,True,944825.0,2026-03-12 08:30:00,
PRJ-002582,2026,16716981.6,16716981.6,True,780000.0,2026-04-23 08:30:00,
PRJ-002583,2026,8420910.0,8420910.0,True,1790340.0,2026-03-22 08:30:00,
PRJ-002584,2026,8078528.4,8078528.4,True,296070.0,2026-03-31 08:30:00,
PRJ-002585,2026,17907026.4,17907026.4,True,54150.0,2026-02-28 08:30:00,
PRJ-002586,2026,11916000.0,12646360.57,True,930000.0,2026-02-28 08:30:00,2026-03-21 08:30:00
PRJ-002587,2026,24738008.4,24738008.4,True,,2026-03-13 08:30:00,
PRJ-002588,2026,16355149.2,16355149.2,True,858000.0,2026-04-20 08:30:00,
PRJ-002589,2026,79545229.2,79545229.2,True,40635218.57,2026-02-27 08:30:00,
PRJ-002590,2026,20156785.2,20156785.2,True,98640.0,2026-04-20 08:30:00,
PRJ-002591,2026,16382076.0,16382076.0,True,15600.0,2026-04-06 08:30:00,
PRJ-002592,2026,15057364.8,18432314.69,True,99000.0,2026-02-27 08:30:00,2026-05-27 08:30:00
PRJ-002593,2026,79863598.8,79863598.8,True,1138790.0,2026-04-12 08:30:00,
PRJ-002594,2026,16170373.2,16170373.2,True,613992.0,2026-03-28 08:30:00,
PRJ-002595,2026,49905754.8,49905754.8,True,4872775.529999999,2026-03-25 08:30:00,
PRJ-002596,2026,49123604.4,58150637.42,True,66666.67,2026-03-14 08:30:00,2026-05-27 08:30:00
PRJ-002597,2026,44208769.2,44208769.2,True,148600.0,2026-04-06 08:30:00,
PRJ-002598,2026,30486308.4,30486308.4,True,84805.94,2026-04-03 08:30:00,
PRJ-002599,2026,26684034.0,26684034.0,True,69006.88,2026-04-13 08:30:00,
PRJ-002600,2026,25495587.6,27562208.39,True,13558.49,2026-03-09 08:30:00,2026-05-27 08:30:00
PRJ-002601,2026,49333045.2,49333045.2,True,659199.22,2026-03-03 08:30:00,
PRJ-002602,2026,40231419.6,40231419.6,True,12000.0,2026-04-17 08:30:00,
PRJ-002603,2026,27333186.0,27333186.0,True,6932.41,2026-04-08 08:30:00,
PRJ-002604,2026,15952642.8,15952642.8,True,139250.0,2026-03-15 08:30:00,
PRJ-002605,2026,8171534.4,8171534.4,True,300600.0,2026-03-13 08:30:00,
PRJ-002606,2026,8889872.4,8889872.4,True,859000.0,2026-03-14 08:30:00,
PRJ-002607,2026,14307518.4,17103118.46,True,952000.0,2026-04-13 08:30:00,2026-05-07 08:30:00
PRJ-002608,2026,11383224.0,11383224.0,True,777000.0,2026-03-07 08:30:00,
PRJ-002609,2026,10695597.6,10695597.6,True,857380.0,2026-04-12 08:30:00,
PRJ-002610,2026,10175454.0,10175454.0,True,551190.54,2026-03-20 08:30:00,
PRJ-002611,2026,11474097.6,11474097.6,True,95000.0,2026-04-14 08:30:00,
PRJ-002612,2026,12929786.4,12929786.4,True,33500.0,2026-03-14 08:30:00,
PRJ-002613,2026,14149788.0,14149788.0,True,93000.0,2026-04-02 08:30:00,
PRJ-002614,2026,13641696.0,13641696.0,True,609000.0,2026-03-10 08:30:00,
PRJ-002615,2026,12653656.8,12653656.8,True,,2026-03-24 08:30:00,
PRJ-002616,2026,13737423.6,13737423.6,True,228470.0,2026-04-11 08:30:00,
PRJ-002617,2026,12258926.4,12258926.4,True,923552.0,2026-04-12 08:30:00,
PRJ-002618,2026,11211051.6,11211051.6,True,273359.99,2026-04-03 08:30:00,
PRJ-002619,2026,11423838.0,11423838.0,True,45204.100000000006,2026-04-27 08:30:00,
PRJ-002620,2026,8059500.0,8059500.0,True,498798.5,2026-04-07 08:30:00,
PRJ-002621,2026,3780000.0,3780000.0,True,,2026-04-11 08:00:00,
PRJ-002622,2026,2139550.8,2139550.8,True,149500.0,2026-03-15 08:30:00,
PRJ-002623,2026,5233334.4,4642235.16,True,52431.13,2026-03-17 08:30:00,2026-05-27 08:30:00
PRJ-002624,2026,5598265.2,5598265.2,True,89600.0,2026-03-06 08:30:00,
PRJ-002625,2026,6618320.4,6618320.4,True,189700.0,2026-03-19 08:30:00,
PRJ-002626,2026,2189197.2,2189197.2,True,333120.0,2026-04-16 08:30:00,
PRJ-002627,2026,6139372.8,6149023.05,True,911053.0,2026-03-07 08:30:00,2026-05-27 08:30:00
PRJ-002628,2026,6496213.2,6496213.2,True,37845.01,2026-03-08 08:30:00,
PRJ-002629,2026,6049897.2,6049897.2,True,28047.63,2026-03-16 08:30:00,
PRJ-002630,2026,2307495.6,2307495.6,True,706250.0,2026-04-03 08:30:00,
PRJ-002631,2026,2394165.6,2394165.6,True,125000.0,2026-04-14 08:30:00,
PRJ-002632,2026,3366523.2,3944449.3,True,824200.0,2026-04-12 08:30:00,2026-05-27 08:30:00
PRJ-002633,2026,4264680.0,4795361.55,True,121500.0,2026-03-28 08:30:00,2026-05-27 08:30:00
PRJ-002634,2026,3548913.6,3205297.99,True,,2026-03-02 08:30:00,2026-05-27 08:30:00
PRJ-002635,2026,2465295.6,2465295.6,True,875000.01,2026-03-10 08:30:00,
PRJ-002636,2026,3107857.2,3107857.2,True,68542.4,2026-04-07 08:30:00,
PRJ-002637,2026,3466542.0,3466542.0,True,187328.99,2026-03-16 08:30:00,
PRJ-002638,2026,2512806.0,2512806.0,True,164133.69,2026-04-02 08:30:00,
PRJ-002639,2026,2213582.4,2581280.81,True,267000.0,2026-04-02 08:30:00,2026-05-11 08:30:00
PRJ-002640,2026,2945316.0,2945316.0,True,838329.7100000001,2026-04-17 08:30:00,
PRJ-002641,2026,6216766.8,6216766.8,True,216000.0,2026-04-23 08:30:00,
PRJ-002642,2026,9056064.0,9056064.0,True,7541373.0,2026-04-08 08:30:00,
PRJ-002643,2026,4983268.8,4983268.8,True,107538.8,2026-03-14 08:30:00,
PRJ-002644,2026,4393029.6,4788170.04,True,25950.170000000002,2026-04-12 08:30:00,2026-05-27 08:30:00
PRJ-002645,2026,5594083.2,5594083.2,True,98981.65000000001,2026-03-03 08:30:00,
PRJ-002646,2026,3815774.4,3815774.4,True,784000.0,2026-04-13 08:30:00,
PRJ-002647,2026,4311112.8,4311112.8,True,,2026-03-04 08:30:00,
PRJ-002648,2026,7733235.6,7733235.6,True,924000.01,2026-04-09 08:30:00,
PRJ-002649,2026,4697774.4,4697774.4,True,405000.0,2026-04-26 08:30:00,
PRJ-002650,2026,6037280.4,5439004.31,True,989485.0,2026-03-05 08:30:00,2026-05-27 08:30:00
PRJ-002651,2026,5868812.4,5421068.96,True,1026920.0,2026-03-31 08:30:00,2026-05-27 08:30:00
PRJ-002652,2026,5619990.0,4874401.11,True,243721.90999999997,2026-02-27 08:30:00,2026-04-26 08:30:00
PRJ-002653,2026,2100937.2,2330543.87,True,350000.0,2026-03-26 08:30:00,2026-04-18 08:30:00
PRJ-002654,2026,2054413.2,2054413.2,True,66068.03,2026-04-21 08:30:00,
PRJ-002655,2026,1992976.8,1992976.8,True,224000.0,2026-03-15 08:30:00,
PRJ-002656,2026,1951606.8,1951606.8,True,100000.0,2026-03-11 08:30:00,
PRJ-002657,2026,1930122.0,1930122.0,True,79500.0,2026-03-31 08:30:00,
PRJ-002658,2026,1803787.2,1803787.2,True,1092760.9,2026-04-03 08:30:00,
PRJ-002659,2026,1774846.8,1774846.8,True,249970.0,2026-03-12 08:30:00,
PRJ-002660,2026,1650799.2,2036046.08,True,29706.519999999997,2026-03-07 08:30:00,2026-05-11 08:30:00
PRJ-002661,2026,1627694.4,1627694.4,True,370000.0,2026-03-21 08:30:00,
PRJ-002662,2026,12000000.0,13170287.66,True,2200000.0,2026-03-01 10:00:00,2026-05-27 10:00:00
PRJ-002663,2026,1539884.4,1539884.4,True,136930.0,2026-03-02 08:30:00,
PRJ-002664,2026,1477480.8,1477480.8,True,126342.48000000001,2026-04-02 08:30:00,
PRJ-002665,2026,1353326.4,1353326.4,True,192000.0,2026-03-16 08:30:00,
PRJ-002666,2026,1315543.2,1315543.2,True,917000.0,2026-04-09 08:30:00,
PRJ-002667,2026,1312627.2,1312627.2,True,0.0,2026-03-07 08:30:00,
PRJ-002668,2026,1261185.6,1261185.6,True,262328.0,2026-04-24 08:30:00,
PRJ-002669,2026,5421815910.0,5421815910.0,True,96910335.41,2026-04-15 08:30:00,
PRJ-002670,2026,100000000.0,100000000.0,True,945520.0,2026-04-24 08:00:00,
PRJ-002671,2026,16632000.0,18280957.49,True,6744219.15,2026-04-25 09:00:00,2026-05-27 09:00:00
PRJ-002672,2026,49988806.45,54944715.71,True,16460634.97,2026-04-15 09:00:00,2026-05-27 09:00:00
PRJ-002673,2026,,,,,,
PRJ-002674,2026,,,,,,
PRJ-002675,2026,600000.0,600000.0,True,,2026-04-20 08:30:00,
PRJ-002676,2026,4400000.0,4400000.0,True,247600.0,2026-03-03 08:30:00,
PRJ-002677,2026,5000000.0,5000000.0,True,171500.0,2026-03-04 08:30:00,
PRJ-002678,2026,,,,,,
PRJ-002679,2026,,,,,,
PRJ-002680,2026,,,,,,
PRJ-002681,2026,,,,,,
PRJ-002682,2026,,,,,,
PRJ-002683,2026,,,,,,
PRJ-002684,2026,9999960.0,9999960.0,True,158900.0,2026-04-20 10:00:00,
PRJ-002685,2026,2379898.8,2379898.8,True,120835.0,2026-04-11 08:30:00,
PRJ-002686,2026,50477474.4,50477474.4,True,445060.0,2026-04-17 08:30:00,
PRJ-002687,2026,52857373.2,45834319.72,True,889820.0,2026-03-06 08:30:00,2026-05-23 08:30:00
PRJ-002688,2026,,,,,,
PRJ-002689,2026,440931.16,512349.53,True,,2026-03-16 08:30:00,2026-05-25 08:30:00
PRJ-002690,2026,34886.27,34886.27,True,,2026-04-01 08:30:00,
PRJ-002691,2026,1036800.0,1036800.0,True,,2026-03-30 08:30:00,
PRJ-002692,2026,1944000.0,1944000.0,True,236487.05,2026-04-02 08:30:00,
PRJ-002693,2026,9252.72,11362.17,True,,2026-03-17 08:30:00,2026-05-25 08:30:00
PRJ-002694,2026,49595.08,49595.08,True,,2026-04-15 08:30:00,
PRJ-002695,2026,7805729.46,9332416.79,True,1944000.0,2026-02-28 08:30:00,2026-05-25 08:30:00
PRJ-002696,2026,284923.37,296791.58,True,,2026-04-14 08:30:00,2026-05-25 08:30:00
PRJ-002697,2026,489126.05,489126.05,True,,2026-04-24 08:30:00,
PRJ-002698,2026,745302.94,864746.68,True,,2026-04-10 08:30:00,2026-04-28 08:30:00
PRJ-002699,2026,2733296.96,2733296.96,True,271939.63,2026-03-24 08:30:00,
PRJ-002700,2026,43246.4,43246.4,True,,2026-03-22 08:30:00,
PRJ-002701,2026,5684952.47,5684952.47,True,429990.0,2026-04-20 08:30:00,
PRJ-002702,2026,1012.02,1169.46,True,,2026-04-16 08:30:00,2026-05-25 08:30:00
PRJ-002703,2026,33362.77,33362.77,True,,2026-03-18 08:30:00,
PRJ-002704,2026,4004640.0,4004640.0,True,186550.0,2026-04-10 08:30:00,
PRJ-002705,2026,8148.91,8148.91,True,,2026-04-12 08:30:00,
PRJ-002706,2026,320576.51,320576.51,True,,2026-04-06 08:30:00,
PRJ-002707,2026,1611907.14,1611907.14,True,480000.0,2026-03-21 08:30:00,
PRJ-002708,2026,1672854.72,1672854.72,True,720000.0,2026-03-23 08:30:00,
PRJ-002709,2026,13777.16,13777.16,True,,2026-03-05 08:30:00,
PRJ-002710,2026,47772.18,56602.59,True,,2026-03-23 08:30:00,2026-05-05 08:30:00
PRJ-002711,2026,77315.51,77315.51,True,,2026-03-04 08:30:00,
PRJ-002712,2026,702292.72,797869.94,True,,2026-03-01 08:30:00,2026-04-23 08:30:00
PRJ-002713,2026,12621.72,12621.72,True,,2026-03-24 08:30:00,
PRJ-002714,2026,182028.11,182028.11,True,,2026-02-27 08:30:00,
PRJ-002715,2026,80419.86,80419.86,True,,2026-03-15 08:30:00,
PRJ-002716,2026,1188839.75,1188839.75,True,,2026-04-02 08:30:00,
PRJ-002717,2026,237603.77,237603.77,True,,2026-03-14 08:30:00,
PRJ-002718,2026,7049166.28,7525997.59,True,143760.0,2026-03-19 08:30:00,2026-05-25 08:30:00
PRJ-002719,2026,1055533.25,1071553.51,True,,2026-04-17 08:30:00,2026-05-25 08:30:00
PRJ-002720,2026,79215.23,79215.23,True,,2026-02-26 08:30:00,
PRJ-002721,2026,144217.88,148494.0,True,,2026-03-09 08:30:00,2026-05-25 08:30:00
PRJ-002722,2026,1161814.4,1100251.03,True,,2026-03-26 08:30:00,2026-05-25 08:30:00
PRJ-002723,2026,201245.66,220586.5,True,,2026-04-08 08:30:00,2026-05-05 08:30:00
PRJ-002724,2026,153034.42,180192.61,True,,2026-03-03 08:30:00,2026-05-25 08:30:00
PRJ-002725,2026,7515.82,7515.82,True,,2026-04-12 08:30:00,
PRJ-002726,2026,93312.0,89189.35,True,,2026-04-06 08:30:00,2026-05-25 08:30:00
PRJ-002727,2026,404352.0,404352.0,True,,2026-04-24 08:30:00,
PRJ-002728,2026,41846622.65,41846622.65,True,15452724.6,2026-04-05 08:30:00,
PRJ-002729,2026,17267654.4,15918581.02,True,734999.99,2026-03-30 08:30:00,2026-05-25 08:30:00
PRJ-002730,2026,690261230.4,658498083.13,True,632000.0,2026-03-15 08:30:00,2026-05-25 08:30:00
PRJ-002731,2026,4992537.6,4992537.6,True,218000.0,2026-03-24 08:00:00,
PRJ-002732,2026,9827670.0,9827670.0,True,4688.37,2026-04-16 08:00:00,
PRJ-002733,2026,299952335.63,299952335.63,True,29569.0,2026-04-13 08:00:00,
PRJ-002734,2026,299999940.53,299999940.53,True,469900.0,2026-04-06 08:00:00,
PRJ-002735,2026,299999940.53,299999940.53,True,522336.11,2026-03-01 08:00:00,
PRJ-002736,2026,131156742.0,131156742.0,True,140122.54,2026-04-24 08:00:00,
PRJ-002737,2026,17711680.8,17711680.8,True,248000.0,2026-04-14 08:00:00,
PRJ-002738,2026,58227568.68,58227568.68,True,142000.0,2026-03-01 08:00:00,
PRJ-002739,2026,299952335.63,299952335.63,True,1229780.0,2026-03-08 08:00:00,
PRJ-002740,2026,242932935.89,242932935.89,True,92924.04999999999,2026-04-21 08:00:00,
PRJ-002741,2026,,,,,,
PRJ-002742,2026,,,,,,
PRJ-002743,2026,738602.4,738602.4,True,,2026-04-05 12:00:00,
PRJ-002744,2026,4173730.8,4173730.8,True,204200.0,2026-04-05 12:00:00,
PRJ-002745,2026,4207633.2,4967293.08,True,98135.49,2026-04-10 12:00:00,2026-05-24 12:00:00
PRJ-002746,2026,9119966.4,9119966.4,True,100000.0,2026-03-15 12:00:00,
PRJ-002747,2026,7958160.0,7958160.0,True,13467.0,2026-04-06 11:00:00,
PRJ-002748,2026,5979000.0,5658964.0,True,99230.0,2026-04-09 08:00:00,2026-05-24 08:00:00
PRJ-002749,2026,8835999.6,8296456.43,True,99700.0,2026-03-23 12:00:00,2026-05-24 12:00:00
PRJ-002750,2026,,,,,,
PRJ-002751,2026,29565000.0,29565000.0,True,182482.0,2026-03-02 08:30:00,
PRJ-002752,2026,379018800.0,379018800.0,True,198500.0,2026-03-14 08:00:00,
PRJ-002753,2026,,,,,,
PRJ-002754,2026,,,,,,
PRJ-002755,2026,48918374.4,48918374.4,True,134999.99,2026-03-15 08:00:00,
PRJ-002756,2026,309378028.8,309378028.8,True,216500.0,2026-04-08 10:00:00,
PRJ-002757,2026,419938418.63,419938418.63,True,54240.0,2026-03-02 10:00:00,
PRJ-002758,2026,,,,,,
PRJ-002759,2026,,,,,,
PRJ-002760,2026,,,,,,
PRJ-002761,2026,,,,,,
PRJ-002762,2026,,,,,,
PRJ-002763,2026,,,,,,
PRJ-002764,2026,,,,,,
PRJ-002765,2026,,,,,,
PRJ-002766,2026,,,,,,
PRJ-002767,2026,,,,,,
PRJ-002768,2026,,,,,,
PRJ-002769,2026,,,,,,
PRJ-002770,2026,,,,,,
PRJ-002771,2026,3121920.0,3213014.43,True,200000.0,2026-02-24 09:00:00,2026-04-13 09:00:00
PRJ-002772,2026,5397768.0,5397768.0,True,3500.0,2026-02-22 09:00:00,
PRJ-002773,2026,6999999.6,6999999.6,True,43750.0,2026-04-04 11:00:00,
PRJ-002774,2026,1800000.0,1800000.0,True,67000.0,2026-04-02 08:00:00,
PRJ-002775,2026,739604.4,739604.4,True,,2026-03-27 00:00:00,
PRJ-002776,2026,23760000.02,23760000.02,True,108050.03,2026-04-08 10:00:00,
PRJ-002777,2026,351551968.0,351551968.0,True,41645704.8,2026-04-13 00:00:00,
PRJ-002778,2026,12673140.0,12673140.0,True,145550.0,2026-02-24 08:00:00,
PRJ-002779,2026,111043500.0,111043500.0,True,31169.31,2026-04-16 08:00:00,
PRJ-002780,2026,123716640.0,139705615.66,True,139550.0,2026-04-13 08:00:00,2026-05-21 08:00:00
PRJ-002781,2026,26619594.7,24850125.65,True,,2026-03-14 11:00:00,2026-05-21 11:00:00
PRJ-002782,2026,534470572.0,534470572.0,True,48800.0,2026-04-22 08:30:00,
PRJ-002783,2026,,,,,,
PRJ-002784,2026,,,,,,
PRJ-002785,2026,,,,,,
PRJ-002786,2026,,,,,,
PRJ-002787,2026,,,,,,
PRJ-002788,2026,,,,,,
PRJ-002789,2026,,,,,,
PRJ-002790,2026,,,,,,
PRJ-002791,2026,,,,,,
PRJ-002792,2026,6499860.0,5714967.69,True,0.0,2026-03-22 08:00:00,2026-05-20 08:00:00
PRJ-002793,2026,3819501.0,4362676.51,True,7600.97,2026-03-28 00:00:00,2026-05-20 00:00:00
PRJ-002794,2026,7995600.0,9248824.56,True,50000.0,2026-03-16 09:00:00,2026-05-11 09:00:00
PRJ-002795,2026,1433160.0,1433160.0,True,133164.94,2026-03-18 13:00:00,
PRJ-002796,2026,4737861.2,4737861.2,True,91500.0,2026-03-02 10:00:00,
PRJ-002797,2026,12578118.0,12578118.0,True,99.17,2026-02-22 11:00:00,
PRJ-002798,2026,5994000.0,5994000.0,True,534499.0,2026-03-08 09:00:00,
PRJ-002799,2026,2855364.0,2855364.0,True,59000.0,2026-04-12 08:00:00,
PRJ-002800,2026,158878772.4,158878772.4,True,99000.0,2026-04-05 10:00:00,
PRJ-002801,2026,,,,,,
PRJ-002802,2026,1077346249.72,1077346249.72,True,249900.0,2026-02-24 08:30:00,
PRJ-002803,2026,,,,,,
PRJ-002804,2026,47542108.8,47542108.8,True,23827991.0,2026-03-29 09:00:00,
PRJ-002805,2026,,,,,,
PRJ-002806,2026,,,,,,
PRJ-002807,2026,,,,,,
PRJ-002808,2026,,,,,,
PRJ-002809,2026,,,,,,
PRJ-002810,2026,,,,,,
PRJ-002811,2026,,,,,,
PRJ-002812,2026,,,,,,
PRJ-002813,2026,,,,,,
PRJ-002814,2026,2994000.0,2994000.0,True,91000.0,2026-03-10 14:00:00,
PRJ-002815,2026,2185599.6,2158931.98,True,368900.0,2026-04-04 09:00:00,2026-05-19 09:00:00
PRJ-002816,2026,8966028.0,9285243.21,True,630000.0,2026-03-05 08:30:00,2026-05-19 08:30:00
PRJ-002817,2026,65550000.0,65550000.0,True,523113.20999999996,2026-03-09 10:00:00,
PRJ-002818,2026,7500000.0,7500000.0,True,243600.0,2026-02-20 10:00:00,
PRJ-002819,2026,4611758.4,4611758.4,True,99800.0,2026-04-19 10:00:00,
PRJ-002820,2026,11384020.96,11384020.96,True,,2026-03-18 11:00:00,
PRJ-002821,2026,,,,,,
PRJ-002822,2026,,,,,,
PRJ-002823,2026,,,,,,
PRJ-002824,2026,11919308.0,14606426.19,True,24500.0,2026-03-17 11:00:00,2026-05-18 11:00:00
PRJ-002825,2026,,,,,,
PRJ-002826,2026,4200000.0,4200000.0,True,467500.0,2026-03-11 09:00:00,
PRJ-002827,2026,1918732.0,2121997.4,True,399990.0,2026-02-20 10:00:00,2026-03-20 10:00:00
PRJ-002828,2026,,,,,,
PRJ-002829,2026,,,,,,
PRJ-002830,2026,26205955.2,26470829.82,True,368400.0,2026-02-28 08:00:00,2026-05-18 08:00:00
PRJ-002831,2026,,,,,,
PRJ-002832,2026,48000000.0,48000000.0,True,6086.93,2026-02-22 09:00:00,
PRJ-002833,2026,,,,,,
PRJ-002834,2026,,,,,,
PRJ-002835,2026,,,,,,
PRJ-002836,2026,,,,,,
PRJ-002837,2026,,,,,,
PRJ-002838,2026,,,,,,
PRJ-002839,2026,,,,,,
PRJ-002840,2026,,,,,,
PRJ-002841,2026,2496000.0,2646217.92,True,299730.0,2026-03-10 10:00:00,2026-05-17 10:00:00
PRJ-002842,2026,1381445.15,1381445.15,True,306150.0,2026-04-11 08:00:00,
PRJ-002843,2026,511812.0,511812.0,True,,2026-04-08 10:00:00,
PRJ-002844,2026,2121202.8,2121202.8,True,38002.15,2026-03-26 10:00:00,
PRJ-002845,2026,2633014.8,3035285.59,True,30000.0,2026-03-16 10:00:00,2026-05-17 10:00:00
PRJ-002846,2026,1437390.0,1437390.0,True,99000.0,2026-03-24 14:00:00,
PRJ-002847,2026,,,,,,
PRJ-002848,2026,8232884.4,8232884.4,True,,2026-03-11 10:30:00,
PRJ-002849,2026,54286800.0,54286800.0,True,1918.2,2026-02-26 12:00:00,
PRJ-002850,2026,163495336.8,163495336.8,True,21249.99,2026-03-19 08:30:00,
PRJ-002851,2026,23848920.0,23952450.66,True,620000.01,2026-03-30 08:30:00,2026-05-06 08:30:00
PRJ-002852,2026,49958109.6,49958109.6,True,173197.27,2026-03-14 08:00:00,
PRJ-002853,2026,84574701.98,84574701.98,True,28600.0,2026-03-27 10:00:00,
PRJ-002854,2026,84995719.75,90608176.44,True,95.0,2026-03-09 10:00:00,2026-05-17 10:00:00
PRJ-002855,2026,,,,,,
PRJ-002856,2026,,,,,,
PRJ-002857,2026,3583185.6,3888847.06,True,79980.0,2026-03-16 11:00:00,2026-05-14 11:00:00
PRJ-002858,2026,477400.01,477400.01,True,,2026-03-28 11:00:00,
PRJ-002859,2026,1371367.43,1371367.43,True,49940.1,2026-03-03 11:00:00,
PRJ-002860,2026,5431953.04,5431953.04,True,178200.0,2026-03-05 11:00:00,
PRJ-002861,2026,1999866.0,2362013.66,True,244000.0,2026-03-29 08:00:00,2026-05-14 08:00:00
PRJ-002862,2026,4018624.8,4018624.8,True,40551.63,2026-04-12 10:00:00,
PRJ-002863,2026,2997600.0,2997600.0,True,275000.0,2026-03-14 10:00:00,
PRJ-002864,2026,4180334.0,4180334.0,True,285500.0,2026-03-28 11:00:00,
PRJ-002865,2026,2122388.4,2622499.49,True,80938.9,2026-03-11 08:00:00,2026-05-14 08:00:00
PRJ-002866,2026,1795200.0,1795200.0,True,156000.0,2026-04-14 08:00:00,
PRJ-002867,2026,1499360.4,1499360.4,True,275865.12,2026-02-28 08:00:00,
PRJ-002868,2026,5416948.8,5416948.8,True,62500.0,2026-02-26 08:00:00,
PRJ-002869,2026,2396466.0,2396466.0,True,97458.33,2026-02-28 11:30:00,
PRJ-002870,2026,,,,,,
PRJ-002871,2026,124635259.2,127572972.42,True,15333336.0,2026-02-22 10:00:00,2026-05-14 10:00:00
PRJ-002872,2026,29815929.6,29815929.6,True,470000.0,2026-02-14 16:00:00,
PRJ-002873,2026,76764800.4,95160631.96,True,117700.0,2026-03-16 10:00:00,2026-05-02 10:00:00
PRJ-002874,2026,2469600.0,2469600.0,True,319000.0,2026-02-16 08:30:00,
PRJ-002875,2026,29990400.0,29990400.0,True,98000.0,2026-03-13 10:00:00,
PRJ-002876,2026,24879999.6,24879999.6,True,100000.0,2026-03-06 10:00:00,
PRJ-002877,2026,37779840.0,37779840.0,True,180000.0,2026-03-16 08:00:00,
PRJ-002878,2026,14400000.0,14400000.0,True,2480000.0,2026-03-15 10:00:00,
PRJ-002879,2026,48000000.0,48000000.0,True,14976.0,2026-02-26 08:30:00,
PRJ-002880,2026,12000000.0,14009193.66,True,18468.9,2026-03-29 08:00:00,2026-05-14 08:00:00
PRJ-002881,2026,1230456578.0,1230456578.0,True,96900.0,2026-04-10 11:00:00,
PRJ-002882,2026,24998793.6,24998793.6,True,617000.0,2026-02-26 10:00:00,
PRJ-002883,2026,,,,,,
PRJ-002884,2026,,,,,,
PRJ-002885,2026,,,,,,
PRJ-002886,2026,,,,,,
PRJ-002887,2026,,,,,,
PRJ-002888,2026,6231451.2,7619076.4,True,36250.01,2026-02-19 08:00:00,2026-05-11 08:00:00
PRJ-002889,2026,3695808.0,3695808.0,True,142400.0,2026-03-09 08:00:00,
PRJ-002890,2026,3248055.6,3248055.6,True,16000.0,2026-02-18 15:00:00,
PRJ-002891,2026,2406000.0,2406000.0,True,126800.0,2026-04-13 10:00:00,
PRJ-002892,2026,1499980.8,1499980.8,True,97583.0,2026-03-09 08:00:00,
PRJ-002893,2026,120000000.0,147423140.51,True,313254.80000000005,2026-03-11 09:00:00,2026-05-13 09:00:00
PRJ-002894,2026,4519140.0,4519140.0,True,99900.0,2026-02-26 08:30:00,
PRJ-002895,2026,419648760.0,419648760.0,True,14000.0,2026-04-14 08:00:00,
PRJ-002896,2026,6993199.2,7484081.51,True,,2026-04-13 10:00:00,2026-05-13 10:00:00
PRJ-002897,2026,41060000.0,41060000.0,True,494000.0,2026-03-23 10:00:00,
PRJ-002898,2026,356372140.32,356372140.32,True,26048.95,2026-04-06 11:00:00,
PRJ-002899,2026,25750000.01,25750000.01,True,67795.51,2026-03-03 08:00:00,
PRJ-002900,2026,34546659.26,32085419.06,True,,2026-03-06 08:00:00,2026-05-13 08:00:00
PRJ-002901,2026,60296659.27,53938571.66,True,6348434.1899999995,2026-03-30 08:00:00,2026-05-13 08:00:00
PRJ-002902,2026,,,,,,
PRJ-002903,2026,,,,,,
PRJ-002904,2026,,,,,,
PRJ-002905,2026,,,,,,
PRJ-002906,2026,,,,,,
PRJ-002907,2026,,,,,,
PRJ-002908,2026,7199160.0,7199160.0,True,292406.42,2026-03-14 09:00:00,
PRJ-002909,2026,14824800.0,14824800.0,True,236402.0,2026-02-27 11:00:00,
PRJ-002910,2026,74434858.08,74434858.08,True,0.0,2026-03-05 00:00:00,
PRJ-002911,2026,3828520.0,4292036.98,True,66666.0,2026-02-24 08:00:00,2026-05-12 08:00:00
PRJ-002912,2026,3045424.8,3045424.8,True,309500.0,2026-02-18 11:00:00,
PRJ-002913,2026,11400000.0,11400000.0,True,175000.0,2026-04-03 08:00:00,
PRJ-002914,2026,16397946.0,16397946.0,True,323599.99,2026-03-03 10:00:00,
PRJ-002915,2026,1579680138.0,1579680138.0,True,30410242.0,2026-04-01 08:00:00,
PRJ-002916,2026,18999600.0,18999600.0,True,142867.94,2026-02-15 10:00:00,
PRJ-002917,2026,,,,,,
PRJ-002918,2026,68338.8,68338.8,True,,2026-03-02 10:00:00,
PRJ-002919,2026,74523.6,74523.6,True,,2026-03-28 10:00:00,
PRJ-002920,2026,32058.0,32058.0,True,,2026-04-06 10:00:00,
PRJ-002921,2026,220465.2,262214.37,True,,2026-03-11 10:00:00,2026-05-11 10:00:00
PRJ-002922,2026,209126.4,209126.4,True,,2026-04-04 10:00:00,
PRJ-002923,2026,143388.0,143388.0,True,,2026-04-11 10:00:00,
PRJ-002924,2026,1174861.2,1174861.2,True,,2026-04-10 10:00:00,
PRJ-002925,2026,1591786.8,1845089.89,True,36500.0,2026-02-12 10:00:00,2026-05-11 10:00:00
PRJ-002926,2026,187386.0,187386.0,True,,2026-03-17 10:00:00,
PRJ-002927,2026,248984.4,241411.07,True,,2026-03-22 10:00:00,2026-05-11 10:00:00
PRJ-002928,2026,1450716.0,1450716.0,True,559000.0,2026-02-13 10:00:00,
PRJ-002929,2026,430884.0,430884.0,True,,2026-02-19 10:00:00,
PRJ-002930,2026,193802.4,193802.4,True,,2026-04-03 10:00:00,
PRJ-002931,2026,312336.0,279858.41,True,,2026-02-13 10:00:00,2026-05-11 10:00:00
PRJ-002932,2026,58938.0,58938.0,True,,2026-02-21 10:00:00,
PRJ-002933,2026,33696.0,33696.0,True,,2026-02-27 10:00:00,
PRJ-002934,2026,178326.0,200049.24,True,,2026-03-02 10:00:00,2026-05-11 10:00:00
PRJ-002935,2026,993206.4,993206.4,True,,2026-03-06 10:00:00,
PRJ-002936,2026,111510.0,111510.0,True,,2026-03-18 10:00:00,
PRJ-002937,2026,226442.4,226442.4,True,,2026-03-20 10:00:00,
PRJ-002938,2026,42241.2,43994.18,True,,2026-03-05 10:00:00,2026-05-11 10:00:00
PRJ-002939,2026,201246.0,201246.0,True,,2026-03-20 10:00:00,
PRJ-002940,2026,216318.0,216318.0,True,,2026-03-12 10:00:00,
PRJ-002941,2026,8400580.8,8400580.8,True,66432.04,2026-04-09 10:00:00,
PRJ-002942,2026,1829679.6,1829679.6,True,,2026-03-20 10:00:00,
PRJ-002943,2026,4510548.0,4510548.0,True,150000.0,2026-03-15 10:00:00,
PRJ-002944,2026,7194712.94,7194712.94,True,5950.0,2026-02-14 11:00:00,
PRJ-002945,2026,5111898.0,4727053.04,True,99900.0,2026-03-23 08:00:00,2026-05-11 08:00:00
PRJ-002946,2026,24768000.0,24768000.0,True,12740.21,2026-03-24 11:00:00,
PRJ-002947,2026,22272534.0,22272534.0,True,83333.0,2026-03-23 08:30:00,
PRJ-002948,2026,21668000.4,21668000.4,True,420674.27,2026-03-18 08:30:00,
PRJ-002949,2026,43940534.4,43940534.4,True,499987.0,2026-03-29 08:30:00,
PRJ-002950,2026,,,,,,
PRJ-002951,2026,,,,,,
PRJ-002952,2026,6000000.0,5405600.25,True,73357.92,2026-03-14 08:00:00,2026-05-10 08:00:00
PRJ-002953,2026,,,,,,
PRJ-002954,2026,6999999.6,6999999.6,True,119000.0,2026-02-23 08:00:00,
PRJ-002955,2026,2340000.0,2340000.0,True,20204.0,2026-03-05 11:30:00,
PRJ-002956,2026,1800000000.0,2092385119.38,True,35037.79,2026-03-27 10:00:00,2026-05-10 10:00:00
PRJ-002957,2026,18570349.2,18570349.2,True,7175675.0,2026-02-23 08:00:00,
PRJ-002958,2026,,,,,,
PRJ-002959,2026,,,,,,
PRJ-002960,2026,,,,,,
PRJ-002961,2026,1346814.8,1346814.8,True,21373.72,2026-03-26 10:00:00,
PRJ-002962,2026,3881739.6,3474749.38,True,3053501.0,2026-03-14 14:00:00,2026-05-07 14:00:00
PRJ-002963,2026,1264088.4,1264088.4,True,585044.0,2026-03-27 08:00:00,
PRJ-002964,2026,6344239.99,5491233.16,True,175200.0,2026-03-14 10:00:00,2026-05-07 10:00:00
PRJ-002965,2026,1219411.93,1219411.93,True,69864.0,2026-03-11 11:30:00,
PRJ-002966,2026,33698400.0,33698400.0,True,,2026-03-16 11:00:00,
PRJ-002967,2026,1420559551.18,1239364856.99,True,100000.0,2026-04-03 08:00:00,2026-05-07 08:00:00
PRJ-002968,2026,1640649141.98,1640649141.98,True,168990.0,2026-02-19 08:00:00,
PRJ-002969,2026,1317068194.3,1317068194.3,True,166781000.0,2026-02-22 08:00:00,
PRJ-002970,2026,977219277.6,977219277.6,True,362000.0,2026-02-07 08:00:00,
PRJ-002971,2026,5355496165.06,5689691265.73,True,141572.18,2026-03-17 08:00:00,2026-05-07 08:00:00
PRJ-002972,2026,147311509.2,147311509.2,True,290000.0,2026-04-04 11:00:00,
PRJ-002973,2026,18737060.4,18737060.4,True,67598.96,2026-04-06 09:30:00,
PRJ-002974,2026,,,,,,
PRJ-002975,2026,37100000.0,37100000.0,True,980000.0,2026-02-27 08:00:00,
PRJ-002976,2026,4497600.0,4497600.0,True,221900.0,2026-02-23 09:00:00,
PRJ-002977,2026,10709100.0,10709100.0,True,708600.0,2026-04-08 09:00:00,
PRJ-002978,2026,18851520.0,18851520.0,True,990000.0,2026-03-12 09:00:00,
PRJ-002979,2026,28032000.0,28032000.0,True,980000.0,2026-03-20 09:00:00,
PRJ-002980,2026,62090220.0,62090220.0,True,1645300.0,2026-03-10 09:00:00,
PRJ-002981,2026,30000000.0,32646471.73,True,615450.0,2026-04-08 09:00:00,2026-05-07 09:00:00
PRJ-002982,2026,,,,,,
PRJ-002983,2026,,,,,,
PRJ-002984,2026,,,,,,
PRJ-002985,2026,,,,,,
PRJ-002986,2026,7255969.24,7255969.24,True,295500.0,2026-02-06 11:00:00,
PRJ-002987,2026,7200000.0,7200000.0,True,0.0,2026-04-01 08:30:00,
PRJ-002988,2026,4004780.0,4004780.0,True,92640.0,2026-02-21 08:00:00,
PRJ-002989,2026,,,,,,
PRJ-002990,2026,10184400.0,10184400.0,True,650000.0,2026-02-18 08:30:00,
PRJ-002991,2026,4884714.0,6024370.28,True,10758.08,2026-03-02 14:00:00,2026-04-08 14:00:00
PRJ-002992,2026,430886257.2,472432989.69,True,120000.0,2026-04-02 08:30:00,2026-05-06 08:30:00
PRJ-002993,2026,106888452.0,106888452.0,True,98000.0,2026-02-17 08:30:00,
PRJ-002994,2026,537774709.2,537774709.2,True,1076.14,2026-03-18 08:30:00,
PRJ-002995,2026,3255480.0,3255480.0,True,373566.0,2026-03-02 10:00:00,
PRJ-002996,2026,72105999.6,72105999.6,True,99636.0,2026-03-30 11:00:00,
PRJ-002997,2026,8129700.0,7601255.21,True,84980.01000000001,2026-03-21 10:00:00,2026-05-06 10:00:00
PRJ-002998,2026,3960710147.54,4615850395.24,True,595000.0,2026-03-22 08:00:00,2026-05-06 08:00:00
PRJ-002999,2026,5765800.0,5765800.0,True,223700.0,2026-02-16 00:00:00,
PRJ-003000,2026,2995444010.06,2995444010.06,True,248692.59,2026-02-08 08:00:00,
PRJ-003001,2026,11867600.4,11867600.4,True,0.0,2026-02-14 08:30:00,
PRJ-003002,2026,,,,,,
PRJ-003003,2026,,,,,,
PRJ-003004,2026,,,,,,
PRJ-003005,2026,,,,,,
PRJ-003006,2026,,,,,,
PRJ-003007,2026,31199799.0,31199799.0,True,18898.0,2026-02-12 11:00:00,
PRJ-003008,2026,23784000.0,29257553.17,True,99166.0,2026-02-07 09:00:00,2026-02-24 09:00:00
PRJ-003009,2026,11816400.0,12728630.69,True,,2026-02-14 10:00:00,2026-05-04 10:00:00
PRJ-003010,2026,2988394.8,2988394.8,True,,2026-02-26 10:00:00,
PRJ-003011,2026,2991540.0,2707219.79,True,11500.0,2026-02-24 11:00:00,2026-05-06 11:00:00
PRJ-003012,2026,2499470.4,2499470.4,True,76850.0,2026-04-06 10:00:00,
PRJ-003013,2026,1530000.0,1530000.0,True,217500.0,2026-02-19 09:00:00,
PRJ-003014,2026,6999996.0,6999996.0,True,192759.0,2026-03-26 10:00:00,
PRJ-003015,2026,4430119.2,4430119.2,True,23717.0,2026-03-14 11:00:00,
PRJ-003016,2026,23877600.0,23877600.0,True,59721.67,2026-04-06 09:00:00,
PRJ-003017,2026,1676640.0,1568611.97,True,534000.01,2026-02-17 09:00:00,2026-05-05 09:00:00
PRJ-003018,2026,2654400.0,2758430.27,True,640000.0,2026-03-01 09:00:00,2026-05-05 09:00:00
PRJ-003019,2026,3060960.0,3060960.0,True,898800.0,2026-03-07 09:00:00,
PRJ-003020,2026,59991902.88,59991902.88,True,30000.0,2026-03-20 09:00:00,
PRJ-003021,2026,27815102.88,27028378.6,True,300000.0,2026-02-06 09:00:00,2026-05-05 09:00:00
PRJ-003022,2026,47914826.4,47914826.4,True,20800.0,2026-03-27 10:00:00,
PRJ-003023,2026,30000000.0,30000000.0,True,443000.0,2026-02-08 08:00:00,
PRJ-003024,2026,,,,,,
PRJ-003025,2026,,,,,,
PRJ-003026,2026,35423274.0,35423274.0,True,806500.0,2026-04-04 10:00:00,
PRJ-003027,2026,15323600.57,15323600.57,True,820000.0,2026-04-04 08:00:00,
PRJ-003028,2026,68382172.8,68890811.86,True,750000.0,2026-02-20 08:00:00,2026-05-05 08:00:00
PRJ-003029,2026,134210053.37,134210053.37,True,328631.83,2026-02-07 08:00:00,
PRJ-003030,2026,50504280.0,61139883.39,True,225000.0,2026-03-27 08:00:00,2026-05-05 08:00:00
PRJ-003031,2026,41199999.6,41724400.67,True,172000.0,2026-02-08 12:00:00,2026-03-08 12:00:00
PRJ-003032,2026,,,,,,
PRJ-003033,2026,,,,,,
PRJ-003034,2026,,,,,,
PRJ-003035,2026,,,,,,
PRJ-003036,2026,,,,,,
PRJ-003037,2026,1800000.0,1800000.0,True,99789.0,2026-02-05 10:00:00,
PRJ-003038,2026,,,,,,
PRJ-003039,2026,1346582.02,1346582.02,True,449000.0,2026-02-10 08:00:00,
PRJ-003040,2026,2645729.62,2645729.62,True,779265.62,2026-03-20 08:00:00,
PRJ-003041,2026,1299147.6,1299147.6,True,99382.0,2026-02-27 08:00:00,
PRJ-003042,2026,3329282.14,3329282.14,True,183600.0,2026-02-14 10:30:00,
PRJ-003043,2026,2113623.6,2113623.6,True,360000.0,2026-02-14 08:30:00,
PRJ-003044,2026,12000000.0,12000000.0,True,874347.29,2026-02-26 09:00:00,
PRJ-003045,2026,,,,,,
PRJ-003046,2026,110077779.6,112819226.0,True,594000.0,2026-03-18 08:30:00,2026-05-04 08:30:00
PRJ-003047,2026,23985478.8,27727386.18,True,639983.78,2026-03-29 10:00:00,2026-05-04 10:00:00
PRJ-003048,2026,,,,,,
PRJ-003049,2026,,,,,,
PRJ-003050,2026,,,,,,
PRJ-003051,2026,,,,,,
PRJ-003052,2026,,,,,,
PRJ-003053,2026,,,,,,
PRJ-003054,2026,,,,,,
PRJ-003055,2026,,,,,,
PRJ-003056,2026,3556000.0,3556000.0,True,748000.0,2026-02-19 09:00:00,
PRJ-003057,2026,3982536.0,3982536.0,True,100000.0,2026-03-01 10:00:00,
PRJ-003058,2026,6470400.0,6471004.7,True,610602.43,2026-03-20 10:00:00,2026-05-04 10:00:00
PRJ-003059,2026,175995.6,185181.32,True,,2026-03-13 09:00:00,2026-05-03 09:00:00
PRJ-003060,2026,3512019.0,3512019.0,True,159900.0,2026-02-08 09:00:00,
PRJ-003061,2026,3336023.4,3336023.4,True,87725.08,2026-03-12 09:00:00,
PRJ-003062,2026,,,,,,
PRJ-003063,2026,,,,,,
PRJ-003064,2026,,,,,,
PRJ-003065,2026,32304792.0,32304792.0,True,24.9,2026-02-07 09:00:00,
PRJ-003066,2026,,,,,,
PRJ-003067,2026,16382572.14,16382572.14,True,135600.0,2026-03-01 08:30:00,
PRJ-003068,2026,109998474.0,109998474.0,True,,2026-02-27 10:00:00,
PRJ-003069,2026,,,,,,
PRJ-003070,2026,,,,,,
PRJ-003071,2026,,,,,,
PRJ-003072,2026,,,,,,
PRJ-003073,2026,,,,,,
PRJ-003074,2026,,,,,,
PRJ-003075,2026,6504406.8,6504406.8,True,7999.99,2026-03-09 08:00:00,
PRJ-003076,2026,,,,,,
PRJ-003077,2026,,,,,,
PRJ-003078,2026,5556000.0,5556000.0,True,0.0,2026-01-31 10:00:00,
PRJ-003079,2026,3999996.0,3999996.0,True,54380.0,2026-03-16 08:00:00,
PRJ-003080,2026,,,,,,
PRJ-003081,2026,,,,,,
PRJ-003082,2026,8434284.0,8434284.0,True,41666.0,2026-03-24 08:00:00,
PRJ-003083,2026,11835000.0,11835000.0,True,1584000.0,2026-03-30 09:00:00,
PRJ-003084,2026,20000000.0,20000000.0,True,99500.0,2026-02-05 09:00:00,
PRJ-003085,2026,8391101.92,8391101.92,True,54380.0,2026-02-08 08:00:00,
PRJ-003086,2026,,,,,,
PRJ-003087,2026,4004780.0,4004780.0,True,95833.0,2026-02-14 08:00:00,
PRJ-003088,2026,45589376.0,45589376.0,True,589699.99,2026-02-08 08:00:00,
PRJ-003089,2026,229683988.0,229683988.0,True,349500.0,2026-03-04 08:00:00,
PRJ-003090,2026,352186748.0,346758481.8,True,289000.0,2026-03-30 09:00:00,2026-04-29 09:00:00
PRJ-003091,2026,72908604.0,72908604.0,True,2922.88,2026-03-16 09:00:00,
PRJ-003092,2026,35986435.2,35986435.2,True,630000.0,2026-03-11 08:00:00,
PRJ-003093,2026,,,,,,
PRJ-003094,2026,,,,,,
PRJ-003095,2026,2769999.6,2758738.21,True,260000.0,2026-02-15 10:00:00,2026-04-28 10:00:00
PRJ-003096,2026,,,,,,
PRJ-003097,2026,,,,,,
PRJ-003098,2026,10119999.6,10119999.6,True,53999.99,2026-03-06 16:30:00,
PRJ-003099,2026,1480022.4,1480022.4,True,100000.0,2026-03-25 10:00:00,
PRJ-003100,2026,4800000.0,4800000.0,True,0.0,2026-02-11 10:00:00,
PRJ-003101,2026,7799199.6,7799199.6,True,66590.29,2026-02-20 08:00:00,
PRJ-003102,2026,17820000.0,17820000.0,True,33750.0,2026-02-08 10:00:00,
PRJ-003103,2026,14331459.12,14331459.12,True,900000.0,2026-03-01 15:00:00,
PRJ-003104,2026,17497200.0,17497200.0,True,4272.96,2026-02-22 08:30:00,
PRJ-003105,2026,48506256.0,48506256.0,True,,2026-02-17 14:00:00,
PRJ-003106,2026,2400000.0,2400000.0,True,100000.0,2026-03-11 09:00:00,
PRJ-003107,2026,1818764.4,2141425.86,True,238999.99,2026-02-13 08:00:00,2026-04-28 08:00:00
PRJ-003108,2026,164400.0,164400.0,True,,2026-02-10 08:00:00,
PRJ-003109,2026,358530568.8,334486976.01,True,0.0,2026-03-09 10:00:00,2026-04-28 10:00:00
PRJ-003110,2026,10380000.0,10380000.0,True,68850.0,2026-02-22 14:30:00,
PRJ-003111,2026,1497600.0,1497600.0,True,87831.93,2026-02-02 09:30:00,
PRJ-003112,2026,,,,,,
PRJ-003113,2026,,,,,,
PRJ-003114,2026,,,,,,
PRJ-003115,2026,18000000.0,18000000.0,True,517102.71,2026-02-08 10:00:00,
PRJ-003116,2026,,,,,,
PRJ-003117,2026,,,,,,
PRJ-003118,2026,,,,,,
PRJ-003119,2026,,,,,,
PRJ-003120,2026,2799686.4,2799686.4,True,49572.0,2026-03-14 09:00:00,
PRJ-003121,2026,,,,,,
PRJ-003122,2026,,,,,,
PRJ-003123,2026,23470912.0,23470912.0,True,186000.0,2026-03-10 10:00:00,
PRJ-003124,2026,12804000.0,12804000.0,True,,2026-03-29 11:00:00,
PRJ-003125,2026,13176000.0,13176000.0,True,236960.0,2026-03-26 09:00:00,
PRJ-003126,2026,9504000.0,10236434.15,True,175396.25999999998,2026-01-28 08:30:00,2026-04-27 08:30:00
PRJ-003127,2026,29439306.66,29439306.66,True,83333.33,2026-02-20 08:30:00,
PRJ-003128,2026,19935306.66,19935306.66,True,158000.0,2026-03-08 08:30:00,
PRJ-003129,2026,,,,,,
PRJ-003130,2026,9996000.0,9996000.0,True,5325000.0,2026-02-20 10:00:00,
PRJ-003131,2026,10997203.2,10997203.2,True,218800.0,2026-03-24 11:00:00,
PRJ-003132,2026,87600342.79,98828655.32,True,83099.99,2026-02-22 13:30:00,2026-03-27 13:30:00
PRJ-003133,2026,14015601.6,14015601.6,True,169110.13,2026-01-31 08:30:00,
PRJ-003134,2026,19133462.4,19133462.4,True,,2026-02-15 08:30:00,
PRJ-003135,2026,5117860.8,5820235.58,True,695000.0,2026-03-01 08:30:00,2026-04-24 08:30:00
PRJ-003136,2026,57811680.0,57131397.3,True,675500.0,2026-03-07 10:00:00,2026-04-27 10:00:00
PRJ-003137,2026,,,,,,
PRJ-003138,2026,,,,,,
PRJ-003139,2026,,,,,,
PRJ-003140,2026,,,,,,
PRJ-003141,2026,,,,,,
PRJ-003142,2026,17973200.4,18206979.08,True,100498.31,2026-03-26 10:00:00,2026-04-26 10:00:00
PRJ-003143,2026,1513244.4,1513244.4,True,347580.0,2026-02-15 09:00:00,
PRJ-003144,2026,470439.6,470439.6,True,,2026-03-04 09:00:00,
PRJ-003145,2026,7973283.6,7744024.12,True,84588.53,2026-03-12 09:00:00,2026-04-24 09:00:00
PRJ-003146,2026,5989599.6,7253664.13,True,300000.0,2026-03-27 09:00:00,2026-04-26 09:00:00
PRJ-003147,2026,54848424.86,54848424.86,True,1164000.0,2026-02-19 10:00:00,
PRJ-003148,2026,5988232.0,5988232.0,True,266462.27,2026-02-18 11:00:00,
PRJ-003149,2026,3769732.8,3769732.8,True,131500.0,2026-03-15 09:00:00,
PRJ-003150,2026,7857636.97,7857636.97,True,29599.989999999998,2026-02-09 08:30:00,
PRJ-003151,2026,18000000.0,18000000.0,True,99500.0,2026-02-19 12:00:00,
PRJ-003152,2026,,,,,,
PRJ-003153,2026,28615680.0,28615680.0,True,0.0,2026-02-13 11:00:00,
PRJ-003154,2026,29000000.4,29000000.4,True,469669.99,2026-03-11 11:00:00,
PRJ-003155,2026,64830973.87,64830973.87,True,50000.0,2026-02-28 10:00:00,
PRJ-003156,2026,,,,,,
PRJ-003157,2026,,,,,,
PRJ-003158,2026,,,,,,
PRJ-003159,2026,,,,,,
PRJ-003160,2026,1999866.0,1999866.0,True,148759.22,2026-01-28 08:00:00,
PRJ-003161,2026,,,,,,
PRJ-003162,2026,4064760.0,4064760.0,True,9986.53,2026-02-06 08:30:00,
PRJ-003163,2026,8261222.4,7043062.11,True,,2026-02-05 08:00:00,2026-04-23 08:00:00
PRJ-003164,2026,1056995.69,1056995.69,True,,2026-01-24 10:00:00,
PRJ-003165,2026,2877825.96,2877825.96,True,79166.0,2026-01-31 10:00:00,
PRJ-003166,2026,1820830.27,1820830.27,True,6873.93,2026-03-02 10:00:00,
PRJ-003167,2026,4036810.8,4036810.8,True,99750.0,2026-03-25 08:00:00,
PRJ-003168,2026,36639376.0,36639376.0,True,4375000.0,2026-01-28 10:00:00,
PRJ-003169,2026,40543999.2,40543999.2,True,96450.0,2026-02-07 10:00:00,
PRJ-003170,2026,17153600.4,17153600.4,True,34200.0,2026-03-05 10:00:00,
PRJ-003171,2026,380091.6,380091.6,True,,2026-02-13 08:30:00,
PRJ-003172,2026,4837652.4,4837652.4,True,641323.16,2026-03-07 08:30:00,
PRJ-003173,2026,4457560.8,4457560.8,True,156150.0,2026-03-10 08:30:00,
PRJ-003174,2026,2201432.99,2201432.99,True,99500.0,2026-02-25 09:00:00,
PRJ-003175,2026,24396480.0,24082993.81,True,99991.0,2026-02-03 13:00:00,2026-04-23 13:00:00
PRJ-003176,2026,99999999.6,99999999.6,True,96458.0,2026-03-14 09:00:00,
PRJ-003177,2026,14989672.8,14989672.8,True,677800.0,2026-03-09 08:00:00,
PRJ-003178,2026,20015312.04,20015312.04,True,51333.0,2026-02-27 11:00:00,
PRJ-003179,2026,299525425.2,299525425.2,True,73634.71,2026-03-02 10:00:00,
PRJ-003180,2026,49998626.4,49998626.4,True,298000.0,2026-02-09 12:00:00,
PRJ-003181,2026,,,,,,
PRJ-003182,2026,,,,,,
PRJ-003183,2026,9524128.8,9524128.8,True,816000.0,2026-01-27 08:00:00,
PRJ-003184,2026,3000000.0,3000000.0,True,72500.0,2026-03-23 10:00:00,
PRJ-003185,2026,3568020.0,3480260.42,True,70000.0,2026-01-24 09:00:00,2026-04-22 09:00:00
PRJ-003186,2026,1999248.0,1999248.0,True,77400.0,2026-01-23 11:00:00,
PRJ-003187,2026,7200000.0,8632903.99,True,610003.0,2026-02-23 11:00:00,2026-03-21 11:00:00
PRJ-003188,2026,2520000.0,2550482.6,True,16000.0,2026-03-18 16:00:00,2026-04-22 16:00:00
PRJ-003189,2026,8599403.75,8658940.83,True,3920.0,2026-03-19 00:00:00,2026-04-22 00:00:00
PRJ-003190,2026,16297838.4,16297838.4,True,92300.0,2026-02-21 09:00:00,
PRJ-003191,2026,8166996.0,8166996.0,True,162763.0,2026-03-18 08:00:00,
PRJ-003192,2026,,,,,,
PRJ-003193,2026,25922098.5,25922098.5,True,23095.0,2026-02-19 08:30:00,
PRJ-003194,2026,,,,,,
PRJ-003195,2026,2160000.0,2160000.0,True,221950.78,2026-02-06 14:00:00,
PRJ-003196,2026,,,,,,
PRJ-003197,2026,1736247.6,1736247.6,True,10000.0,2026-02-05 08:30:00,
PRJ-003198,2026,,,,,,
PRJ-003199,2026,44765553.6,44765553.6,True,80307.69,2026-01-26 08:00:00,
PRJ-003200,2026,,,,,,
PRJ-003201,2026,,,,,,
PRJ-003202,2026,,,,,,
PRJ-003203,2026,4795200.0,4795200.0,True,99900.0,2026-01-23 10:00:00,
PRJ-003204,2026,7193680.0,7193680.0,True,40000.0,2026-01-24 08:00:00,
PRJ-003205,2026,,,,,,
PRJ-003206,2026,29946948.0,29946948.0,True,5930000.01,2026-02-25 10:00:00,
PRJ-003207,2026,49237959.6,49237959.6,True,11715015.51,2026-03-01 08:30:00,
PRJ-003208,2026,153794069.82,153794069.82,True,440000.0,2026-02-02 08:30:00,
PRJ-003209,2026,4992384.0,4992384.0,True,75000.0,2026-03-11 08:30:00,
PRJ-003210,2026,3992880.0,3992880.0,True,33000.0,2026-03-01 10:00:00,
PRJ-003211,2026,5999460.0,5999460.0,True,166666.67,2026-03-22 13:00:00,
PRJ-003212,2026,1999365.6,1999365.6,True,21750.0,2026-02-06 15:00:00,
PRJ-003213,2026,28980712.8,28980712.8,True,127800.0,2026-02-08 10:00:00,
PRJ-003214,2026,,,,,,
PRJ-003215,2026,1500000.0,1500000.0,True,0.0,2026-02-03 10:00:00,
PRJ-003216,2026,,,,,,
PRJ-003217,2026,,,,,,
PRJ-003218,2026,,,,,,
PRJ-003219,2026,,,,,,
PRJ-003220,2026,,,,,,
PRJ-003221,2026,5000000.4,5000000.4,True,29997.0,2026-03-20 09:00:00,
PRJ-003222,2026,3839804.4,3839804.4,True,866800.0,2026-02-25 08:30:00,
PRJ-003223,2026,5185642.93,5185642.93,True,200000.0,2026-03-09 08:30:00,
PRJ-003224,2026,1345838.53,1345838.53,True,4659.25,2026-03-13 08:30:00,
PRJ-003225,2026,5492160.0,6862462.28,True,,2026-03-20 10:00:00,2026-04-19 10:00:00
PRJ-003226,2026,7599997.2,7599997.2,True,15300.010000000002,2026-03-11 08:00:00,
PRJ-003227,2026,4464400.0,4464400.0,True,350000.0,2026-02-20 11:00:00,
PRJ-003228,2026,50000000.0,50000000.0,True,24318.49,2026-02-18 08:30:00,
PRJ-003229,2026,26547476.4,29250005.17,True,104166.5,2026-03-07 11:30:00,2026-04-19 11:30:00
PRJ-003230,2026,19995810.0,22926036.71,True,8429.86,2026-03-09 11:00:00,2026-04-19 11:00:00
PRJ-003231,2026,,,,,,
PRJ-003232,2026,18000000.0,18000000.0,True,120000.0,2026-02-02 10:00:00,
PRJ-003233,2026,,,,,,
PRJ-003234,2026,,,,,,
PRJ-003235,2026,34997608.8,34997608.8,True,13480000.0,2026-02-21 11:00:00,
PRJ-003236,2026,,,,,,
PRJ-003237,2026,,,,,,
PRJ-003238,2026,7200000.0,7200000.0,True,3500.0,2026-02-04 10:00:00,
PRJ-003239,2026,169904.4,209792.19,True,,2026-02-25 08:00:00,2026-04-16 08:00:00
PRJ-003240,2026,8480812.8,8480812.8,True,100000.0,2026-02-12 09:00:00,
PRJ-003241,2026,5520720.0,5520720.0,True,98433.0,2026-02-14 11:00:00,
PRJ-003242,2026,,,,,,
PRJ-003243,2026,59422680.0,64873027.17,True,100000.0,2026-02-12 09:00:00,2026-04-16 09:00:00
PRJ-003244,2026,5819000.0,5819000.0,True,199955.0,2026-03-03 11:00:00,
PRJ-003245,2026,2400000.0,2400000.0,True,1277999.99,2026-02-03 11:00:00,
PRJ-003246,2026,7183101.6,7183101.6,True,693000.0,2026-01-20 00:00:00,
PRJ-003247,2026,31932240.0,31932240.0,True,100000.0,2026-02-14 09:00:00,
PRJ-003248,2026,2499996.0,2688068.02,True,99900.0,2026-03-08 10:00:00,2026-04-16 10:00:00
PRJ-003249,2026,119222362.74,119222362.74,True,295518.96,2026-02-28 09:30:00,
PRJ-003250,2026,249105819.4,249105819.4,True,,2026-02-13 09:30:00,
PRJ-003251,2026,129883456.66,129883456.66,True,4986.55,2026-02-25 09:30:00,
PRJ-003252,2026,,,,,,
PRJ-003253,2026,30649129.2,30649129.2,True,975100.0,2026-02-06 12:30:00,
PRJ-003254,2026,29999169.6,32540630.36,True,6450685.0,2026-03-06 11:00:00,2026-04-16 11:00:00
PRJ-003255,2026,,,,,,
PRJ-003256,2026,,,,,,
PRJ-003257,2026,,,,,,
PRJ-003258,2026,,,,,,
PRJ-003259,2026,,,,,,
PRJ-003260,2026,,,,,,
PRJ-003261,2026,6789273.6,6789273.6,True,62000.0,2026-01-20 09:00:00,
PRJ-003262,2026,1359956.4,1359956.4,True,727000.0,2026-01-16 09:00:00,
PRJ-003263,2026,8662223.28,8627117.8,True,788800.0,2026-02-28 08:30:00,2026-04-15 08:30:00
PRJ-003264,2026,4967728.8,4967728.8,True,99999.99,2026-01-30 08:00:00,
PRJ-003265,2026,3492992.1,3492992.1,True,552390.66,2026-01-18 10:00:00,
PRJ-003266,2026,,,,,,
PRJ-003267,2026,25922806.36,25922806.36,True,66800.0,2026-01-31 10:00:00,
PRJ-003268,2026,114000000.0,114000000.0,True,130500.0,2026-02-14 10:00:00,
PRJ-003269,2026,4492800.0,4492800.0,True,938520.0,2026-02-21 14:00:00,
PRJ-003270,2026,2499420.0,2285259.94,True,99800.0,2026-02-09 09:00:00,2026-04-15 09:00:00
PRJ-003271,2026,,,,,,
PRJ-003272,2026,193475100.0,217919098.76,True,139957173.19,2026-02-01 10:00:00,2026-04-15 10:00:00
PRJ-003273,2026,15999184.8,15999184.8,True,100000.0,2026-03-05 08:00:00,
PRJ-003274,2026,,,,,,
PRJ-003275,2026,,,,,,
PRJ-003276,2026,,,,,,
PRJ-003277,2026,1964940.0,1964940.0,True,99.9,2026-03-12 11:00:00,
PRJ-003278,2026,11400000.0,11400000.0,True,100000.0,2026-03-01 08:00:00,
PRJ-003279,2026,2400000.0,2400000.0,True,378000.0,2026-01-19 10:00:00,
PRJ-003280,2026,,,,,,
PRJ-003281,2026,,,,,,
PRJ-003282,2026,4800000.0,4800000.0,True,347000.0,2026-01-20 10:00:00,
PRJ-003283,2026,,,,,,
PRJ-003284,2026,,,,,,
PRJ-003285,2026,,,,,,
PRJ-003286,2026,,,,,,
PRJ-003287,2026,4792824.0,4792824.0,True,29000.0,2026-03-10 11:00:00,
PRJ-003288,2026,4081287.24,4081287.24,True,97200.0,2026-02-09 10:00:00,
PRJ-003289,2026,10291200.0,10291200.0,True,89483.95,2026-02-13 10:00:00,
PRJ-003290,2026,10440000.0,11828435.49,True,21245.47,2026-01-22 08:00:00,2026-03-12 08:00:00
PRJ-003291,2026,1800000.0,1800000.0,True,56333.0,2026-02-27 08:00:00,
PRJ-003292,2026,6000000.0,6000000.0,True,52000.0,2026-03-13 09:00:00,
PRJ-003293,2026,,,,,,
PRJ-003294,2026,4967728.8,4967728.8,True,,2026-02-12 08:00:00,
PRJ-003295,2026,4600134.0,5067824.41,True,99000.0,2026-03-14 10:00:00,2026-04-13 10:00:00
PRJ-003296,2026,7290786.0,7290786.0,True,96000.0,2026-03-14 12:00:00,
PRJ-003297,2026,,,,,,
PRJ-003298,2026,83367999.6,83367999.6,True,13786.09,2026-02-02 11:00:00,
PRJ-003299,2026,,,,,,
PRJ-003300,2026,239940400.0,239940400.0,True,2929480.0,2026-02-05 09:00:00,
PRJ-003301,2026,,,,,,
PRJ-003302,2026,14999846.4,16543701.33,True,14000.0,2026-01-25 10:00:00,2026-04-13 10:00:00
PRJ-003303,2026,,,,,,
PRJ-003304,2026,,,,,,
PRJ-003305,2026,,,,,,
PRJ-003306,2026,,,,,,
PRJ-003307,2026,,,,,,
PRJ-003308,2026,,,,,,
PRJ-003309,2026,,,,,,
PRJ-003310,2026,,,,,,
PRJ-003311,2026,,,,,,
PRJ-003312,2026,,,,,,
PRJ-003313,2026,,,,,,
PRJ-003314,2026,,,,,,
PRJ-003315,2026,,,,,,
PRJ-003316,2026,18108000.0,18108000.0,True,101774.92,2026-03-11 09:00:00,
PRJ-003317,2026,1400013.6,1400013.6,True,40950.0,2026-01-10 09:00:00,
PRJ-003318,2026,,,,,,
PRJ-003319,2026,30500000.4,30500000.4,True,20339.97,2026-02-21 09:00:00,
PRJ-003320,2026,,,,,,
PRJ-003321,2026,10210932.0,10092147.71,True,55000.0,2026-01-29 08:30:00,2026-04-09 08:30:00
PRJ-003322,2026,83224382.08,93722715.5,True,57111.77,2026-02-07 08:30:00,2026-04-09 08:30:00
PRJ-003323,2026,73013450.08,73013450.08,True,89870.3,2026-02-13 08:30:00,
PRJ-003324,2026,,,,,,
PRJ-003325,2026,,,,,,
PRJ-003326,2026,,,,,,
PRJ-003327,2026,,,,,,
PRJ-003328,2026,,,,,,
PRJ-003329,2026,35021412.0,30493222.89,True,100000.0,2026-03-02 00:00:00,2026-04-09 00:00:00
PRJ-003330,2026,34665600.0,34665600.0,True,227916.3,2026-03-07 09:00:00,
PRJ-003331,2026,,,,,,
PRJ-003332,2026,,,,,,
PRJ-003333,2026,,,,,,
PRJ-003334,2026,,,,,,
PRJ-003335,2026,,,,,,
PRJ-003336,2026,2952000.0,2935338.84,True,90000.0,2026-01-27 10:00:00,2026-03-27 10:00:00
PRJ-003337,2026,2899999.2,2899999.2,True,8262.01,2026-01-24 10:00:00,
PRJ-003338,2026,11799999.6,11799999.6,True,98000.0,2026-02-18 10:00:00,
PRJ-003339,2026,,,,,,
PRJ-003340,2026,4897131.0,4897131.0,True,97000.0,2026-01-31 08:30:00,
PRJ-003341,2026,7519800.0,7519800.0,True,9190.0,2026-02-27 08:00:00,
PRJ-003342,2026,3508324.8,4193839.02,True,0.0,2026-01-23 10:00:00,2026-04-08 10:00:00
PRJ-003343,2026,1708688.4,1765201.96,True,28804.71,2026-02-08 12:00:00,2026-03-02 12:00:00
PRJ-003344,2026,25084297.2,28078569.4,True,550000.0,2026-03-09 12:00:00,2026-04-08 12:00:00
PRJ-003345,2026,21554400.0,26349559.28,True,297000.0,2026-02-13 12:00:00,2026-04-08 12:00:00
PRJ-003346,2026,,,,,,
PRJ-003347,2026,,,,,,
PRJ-003348,2026,9922948.8,9922948.8,True,217512.55,2026-02-05 15:00:00,
PRJ-003349,2026,1346814.8,1346814.8,True,49134.41,2026-01-10 10:00:00,
PRJ-003350,2026,2525760.0,2525760.0,True,204418.0,2026-02-04 08:30:00,
PRJ-003351,2026,9951240.0,9951240.0,True,118605.0,2026-02-04 08:30:00,
PRJ-003352,2026,7425480.0,8065954.61,True,219441.0,2026-02-22 08:30:00,2026-04-07 08:30:00
PRJ-003353,2026,1458000.0,1458000.0,True,70000.0,2026-02-13 08:00:00,
PRJ-003354,2026,3594391.2,3594391.2,True,10933.48,2026-01-10 13:00:00,
PRJ-003355,2026,17399687.32,17399687.32,True,34800.0,2026-03-09 11:00:00,
PRJ-003356,2026,15999184.8,16465735.31,True,842100.0,2026-03-04 08:00:00,2026-03-27 08:00:00
PRJ-003357,2026,69542240.59,74402111.96,True,1420000.0,2026-02-16 08:00:00,2026-04-07 08:00:00
PRJ-003358,2026,215417487.79,202085858.29,True,91747.24,2026-02-12 08:00:00,2026-04-07 08:00:00
PRJ-003359,2026,145875247.2,145875247.2,True,286655.0,2026-03-09 08:00:00,
PRJ-003360,2026,,,,,,
PRJ-003361,2026,,,,,,
PRJ-003362,2026,3556000.0,3556000.0,True,99745.0,2026-01-25 09:00:00,
PRJ-003363,2026,11995006.8,11995006.8,True,558333.0,2026-02-06 08:00:00,
PRJ-003364,2026,15516.0,15516.0,True,,2026-01-26 08:30:00,
PRJ-003365,2026,27840.0,27840.0,True,,2026-02-07 08:30:00,
PRJ-003366,2026,99000.0,99000.0,True,,2026-03-03 08:30:00,
PRJ-003367,2026,22410.0,22410.0,True,,2026-01-23 08:30:00,
PRJ-003368,2026,203868.0,203868.0,True,,2026-02-18 08:30:00,
PRJ-003369,2026,3624.0,3443.82,True,,2026-01-18 08:30:00,2026-04-01 08:30:00
PRJ-003370,2026,316800.0,316800.0,True,,2026-01-10 08:30:00,
PRJ-003371,2026,6476478.0,6476478.0,True,227488.72999999998,2026-02-13 08:30:00,
PRJ-003372,2026,3881739.6,3881739.6,True,14000.0,2026-01-28 14:00:00,
PRJ-003373,2026,3996000.0,3996000.0,True,268799.99,2026-02-20 08:00:00,
PRJ-003374,2026,18955999.2,18955999.2,True,75417.24,2026-03-01 10:00:00,
PRJ-003375,2026,13257700.0,13257700.0,True,449700.0,2026-03-06 08:00:00,
PRJ-003376,2026,1420849136.71,1420849136.71,True,0.0,2026-02-11 08:00:00,
PRJ-003377,2026,1646841561.31,1646841561.31,True,732000.0,2026-01-12 08:00:00,
PRJ-003378,2026,1318358281.66,1439107215.94,True,1579040.0,2026-01-29 08:00:00,2026-04-06 08:00:00
PRJ-003379,2026,5363510148.72,5083937011.13,True,107897.6,2026-02-04 08:00:00,2026-04-06 08:00:00
PRJ-003380,2026,977461169.04,977461169.04,True,95000.0,2026-01-11 08:00:00,
PRJ-003381,2026,,,,,,
PRJ-003382,2026,2208975.37,2208975.37,True,1237771.0,2026-01-05 11:00:00,
PRJ-003383,2026,3769745.71,3768127.85,True,63600.009999999995,2026-01-29 11:00:00,2026-04-02 11:00:00
PRJ-003384,2026,1560770.34,1560770.34,True,244600.0,2026-01-30 11:00:00,
PRJ-003385,2026,1497600.0,1497600.0,True,142017.76,2026-02-25 10:00:00,
PRJ-003386,2026,4993579.06,5276758.26,True,19586.62,2026-01-14 08:00:00,2026-03-31 08:00:00
PRJ-003387,2026,30000000.0,30000000.0,True,100000.0,2026-03-01 09:00:00,
PRJ-003388,2026,4999200.0,4999200.0,True,175000.0,2026-02-09 09:00:00,
PRJ-003389,2026,113047559.39,101554449.3,True,886997.6,2026-02-15 11:00:00,2026-03-07 11:00:00
PRJ-003390,2026,6185946.0,6185946.0,True,73970.88,2026-02-21 08:00:00,
PRJ-003391,2026,6517768.8,6592485.3,True,688000.0,2026-02-15 10:00:00,2026-04-02 10:00:00
PRJ-003392,2026,2019840.0,2019840.0,True,92000.0,2026-02-28 09:00:00,
PRJ-003393,2026,6424440.0,6424440.0,True,138000.0,2026-02-01 11:00:00,
PRJ-003394,2026,,,,,,
PRJ-003395,2026,4479999.6,4479999.6,True,100000.0,2026-01-14 08:30:00,
PRJ-003396,2026,4519140.0,4519140.0,True,564000.0,2026-01-23 08:30:00,
PRJ-003397,2026,8923847.21,7680476.87,True,4650000.0,2026-01-15 10:00:00,2026-01-30 10:00:00
PRJ-003398,2026,3420000.0,3420000.0,True,210000.01,2026-01-09 08:00:00,
PRJ-003399,2026,3369000.0,3369000.0,True,99000.0,2026-01-30 11:00:00,
PRJ-003400,2026,,,,,,
PRJ-003401,2026,28452504.0,28452504.0,True,487600.0,2026-01-07 11:00:00,
PRJ-003402,2026,5980869.35,5980869.35,True,96715.01000000001,2026-01-31 10:00:00,
PRJ-003403,2026,32215650.28,32215650.28,True,24605010.0,2026-01-19 10:00:00,
PRJ-003404,2026,14909900.4,15482720.0,True,99500.0,2026-03-03 15:00:00,2026-03-30 15:00:00
PRJ-003405,2026,7799199.6,7799199.6,True,341667.0,2026-01-12 08:00:00,
PRJ-003406,2026,2292000.0,2292000.0,True,225000.0,2026-01-30 08:00:00,
PRJ-003407,2026,1999992.0,1999992.0,True,500000.0,2026-02-01 10:00:00,
PRJ-003408,2026,1708800.0,1626151.89,True,297300.0,2026-02-05 13:00:00,2026-03-31 13:00:00
PRJ-003409,2026,6996000.0,6212597.37,True,99000.0,2026-02-21 10:00:00,2026-03-31 10:00:00
PRJ-003410,2026,1299999.6,1299999.6,True,97500.0,2026-02-20 08:00:00,
PRJ-003411,2026,4800000.0,4800000.0,True,29800.0,2026-02-12 08:00:00,
PRJ-003412,2026,2059200.0,2099173.35,True,98698.0,2026-01-25 08:00:00,2026-02-09 08:00:00
PRJ-003413,2026,2580000.0,2580000.0,True,55840.0,2026-02-19 10:00:00,
PRJ-003414,2026,1807616.83,1807616.83,True,183825.0,2026-01-10 08:30:00,
PRJ-003415,2026,9184376.78,9184376.78,True,765000.0,2026-02-17 08:30:00,
PRJ-003416,2026,26101172.62,25876160.05,True,555555.0,2026-01-08 08:30:00,2026-03-30 08:30:00
PRJ-003417,2026,15109179.0,15109179.0,True,,2026-02-03 08:30:00,
PRJ-003418,2026,1376400.0,1376400.0,True,95000.0,2026-02-15 11:00:00,
PRJ-003419,2026,8564400.0,10414757.29,True,427600.0,2026-02-20 11:00:00,2026-03-30 11:00:00
PRJ-003420,2026,7188000.0,7188000.0,True,144900.0,2026-03-01 11:00:00,
PRJ-003421,2026,1872000.0,1872000.0,True,995666.67,2026-01-10 09:00:00,
PRJ-003422,2026,1096000.0,1096000.0,True,,2026-01-18 09:00:00,
PRJ-003423,2026,6360000.0,7218705.73,True,49200.0,2026-01-06 09:00:00,2026-03-30 09:00:00
PRJ-003424,2026,22014394.0,22014394.0,True,98000.0,2026-01-17 09:00:00,
PRJ-003425,2026,11452000.0,11452000.0,True,235000.0,2026-02-10 09:00:00,
PRJ-003426,2026,,,,,,
PRJ-003427,2026,15471558.0,15471558.0,True,71919.98000000001,2026-01-06 11:30:00,
PRJ-003428,2026,356674800.0,356674800.0,True,100000.0,2026-02-11 08:30:00,
PRJ-003429,2026,474748920.0,474748920.0,True,197055.29,2026-02-23 11:00:00,
PRJ-003430,2026,,,,,,
PRJ-003431,2026,8139999.6,7230638.98,True,185464.0,2026-01-23 09:00:00,2026-03-04 09:00:00
PRJ-003432,2026,1648267.2,1924648.13,True,873463.0,2026-01-31 10:00:00,2026-03-29 10:00:00
PRJ-003433,2026,14992801.2,14992801.2,True,98315.0,2026-01-18 09:00:00,
PRJ-003434,2026,2494320.0,2494320.0,True,99900.0,2026-01-03 09:00:00,
PRJ-003435,2026,315826209.6,315826209.6,True,2709.99,2026-02-09 10:00:00,
PRJ-003436,2026,58924486.04,68620264.99,True,99900.0,2026-01-01 11:00:00,2026-03-07 11:00:00
PRJ-003437,2026,,,,,,
PRJ-003438,2026,,,,,,
PRJ-003439,2026,,,,,,
PRJ-003440,2026,6474000.0,6474000.0,True,98667.0,2026-02-12 10:00:00,
PRJ-003441,2026,,,,,,
PRJ-003442,2026,4838400.0,4838400.0,True,71966.68000000001,2026-01-05 09:00:00,
PRJ-003443,2026,1800000.0,1800000.0,True,224200.0,2026-02-13 08:00:00,
PRJ-003444,2026,6000000.0,6000000.0,True,916386.0,2026-02-17 12:00:00,
PRJ-003445,2026,1428399.6,1428399.6,True,100000.0,2026-01-22 11:00:00,
PRJ-003446,2026,,,,,,
PRJ-003447,2026,,,,,,
PRJ-003448,2026,3992762.4,3992762.4,True,550156.5,2026-01-15 14:30:00,
PRJ-003449,2026,13128.1,13128.1,True,,2026-01-03 11:00:00,
PRJ-003450,2026,103385.09,103385.09,True,,2026-02-19 11:00:00,
PRJ-003451,2026,56951.92,56951.92,True,,2025-12-30 11:00:00,
PRJ-003452,2026,52849.49,52849.49,True,,2026-01-12 11:00:00,
PRJ-003453,2026,767220.24,738387.31,True,,2026-01-14 11:00:00,2026-01-30 11:00:00
PRJ-003454,2026,101376.0,101376.0,True,,2025-12-26 11:00:00,
PRJ-003455,2026,353260.8,353260.8,True,,2025-12-28 11:00:00,
PRJ-003456,2026,44996.64,44996.64,True,,2026-01-21 11:00:00,
PRJ-003457,2026,1141388.46,1141388.46,True,,2026-02-07 11:00:00,
PRJ-003458,2026,10770.96,10688.88,True,,2025-12-28 11:00:00,2026-03-25 11:00:00
PRJ-003459,2026,6951.65,6947.23,True,,2026-02-03 11:00:00,2026-03-25 11:00:00
PRJ-003460,2026,209030.8,209030.8,True,,2026-01-21 11:00:00,
PRJ-003461,2026,20013.6,20013.6,True,,2026-02-22 11:00:00,
PRJ-003462,2026,3410.23,3410.23,True,,2026-02-11 11:00:00,
PRJ-003463,2026,203281.68,203281.68,True,,2026-02-13 11:00:00,
PRJ-003464,2026,55987.2,55987.2,True,,2026-02-23 11:00:00,
PRJ-003465,2026,3455616.54,3455616.54,True,1666155.99,2026-02-15 11:00:00,
PRJ-003466,2026,311613.7,311613.7,True,,2026-01-17 11:00:00,
PRJ-003467,2026,,,,,,
PRJ-003468,2026,,,,,,
PRJ-003469,2026,1499880.0,1499880.0,True,521700.0,2026-01-04 09:00:00,
PRJ-003470,2026,1500000.0,1352524.48,True,,2026-02-13 14:30:00,2026-03-24 14:30:00
PRJ-003471,2026,2984004.0,2984004.0,True,184334.0,2026-01-01 08:00:00,
PRJ-003472,2026,226176000.0,226176000.0,True,46320840.0,2026-01-09 09:30:00,
PRJ-003473,2026,7783488.0,7783488.0,True,100000.0,2025-12-25 11:00:00,
PRJ-003474,2026,5185800.0,5185800.0,True,46420.0,2026-01-17 11:00:00,
PRJ-003475,2026,,,,,,
PRJ-003476,2026,,,,,,
PRJ-003477,2026,,,,,,
PRJ-003478,2026,9393000.0,9393000.0,True,980000.0,2026-01-13 12:00:00,
PRJ-003479,2026,23978172.0,23978172.0,True,103488.39,2026-01-15 09:00:00,
PRJ-003480,2026,19994832.0,17181794.93,True,226737.0,2026-01-10 09:00:00,2026-03-18 09:00:00
PRJ-003481,2026,103951999.2,103951999.2,True,4360199.99,2026-01-26 09:00:00,
PRJ-003482,2026,59978995.2,59978995.2,True,95950.0,2026-01-07 09:00:00,
PRJ-003483,2026,16116444.0,16116444.0,True,846000.0,2026-02-17 09:30:00,
PRJ-003484,2026,3998520.0,4314038.97,True,794000.0,2026-01-09 10:00:00,2026-03-18 10:00:00
PRJ-003485,2026,2370360.0,2114962.06,True,49700.01,2025-12-21 00:00:00,2026-03-18 00:00:00
PRJ-003486,2026,,,,,,
PRJ-003487,2026,4576891.2,4576891.2,True,1995000.0,2026-01-16 15:00:00,
PRJ-003488,2026,2295772.8,2295772.8,True,51500.0,2026-01-14 12:00:00,
PRJ-003489,2026,3982536.0,3982536.0,True,23606.0,2026-01-25 10:00:00,
PRJ-003490,2026,3500000.4,4315157.56,True,5990.0,2026-02-10 16:00:00,2026-03-18 16:00:00
PRJ-003491,2026,1983333.6,1983333.6,True,785000.0,2026-01-06 00:00:00,
PRJ-003492,2026,21499994.4,21499994.4,True,3622264.0,2026-01-18 10:00:00,
PRJ-003493,2026,5366400.0,5366400.0,True,406250.0,2026-02-08 11:00:00,
PRJ-003494,2026,8599992.0,10648279.33,True,648000.0,2026-01-08 10:00:00,2026-03-18 10:00:00
PRJ-003495,2026,158406270.32,158406270.32,True,1258200.0,2026-01-02 11:00:00,
PRJ-003496,2026,21799081.2,21799081.2,True,249200.0,2025-12-30 08:00:00,
PRJ-003497,2026,7800000.0,7800000.0,True,79451.54000000001,2026-02-07 14:10:00,
PRJ-003498,2026,,,,,,
PRJ-003499,2026,,,,,,
PRJ-003500,2026,8688000.0,8688000.0,True,99708.0,2025-12-29 08:00:00,
PRJ-003501,2026,6993199.2,7163980.46,True,0.0,2026-01-08 10:00:00,2026-03-17 10:00:00
PRJ-003502,2026,2737851.6,2737851.6,True,219800.0,2026-01-20 09:30:00,
PRJ-003503,2026,804000.0,724146.54,True,,2026-02-03 09:30:00,2026-03-17 09:30:00
PRJ-003504,2026,152360.4,187412.06,True,,2026-01-29 09:30:00,2026-03-17 09:30:00
PRJ-003505,2026,8899212.0,8899212.0,True,28600.0,2026-01-24 09:30:00,
PRJ-003506,2026,5205000.0,5205000.0,True,241300.0,2026-01-18 09:30:00,
PRJ-003507,2026,2079999.6,2079999.6,True,160000.0,2026-02-04 08:00:00,
PRJ-003508,2026,6987000.0,5960930.24,True,84774.03,2026-01-25 08:30:00,2026-03-17 08:30:00
PRJ-003509,2026,3379320.0,3573362.21,True,166666.5,2026-02-04 09:00:00,2026-03-17 09:00:00
PRJ-003510,2026,4003277.56,4003277.56,True,98000.0,2026-02-13 08:00:00,
PRJ-003511,2026,10573599.6,10573599.6,True,24500.0,2026-01-18 10:00:00,
PRJ-003512,2026,29000000.4,29000000.4,True,8108577.09,2026-01-27 09:00:00,
PRJ-003513,2026,,,,,,
PRJ-003514,2026,4999999.2,4999999.2,True,30000.0,2025-12-29 08:00:00,
PRJ-003515,2026,4197880.0,4197880.0,True,328400.0,2026-02-07 08:00:00,
PRJ-003516,2026,2059200.0,2535668.28,True,211612.39,2026-01-14 08:00:00,2026-03-16 08:00:00
PRJ-003517,2026,1998648.0,1998648.0,True,895000.0,2026-02-06 08:00:00,
PRJ-003518,2026,14879400.0,14879400.0,True,199980.0,2025-12-27 10:00:00,
PRJ-003519,2026,74469600.0,83754900.35,True,544500.0,2026-01-22 08:30:00,2026-02-20 08:30:00
PRJ-003520,2026,301549200.0,301549200.0,True,797500.01,2026-01-30 08:30:00,
PRJ-003521,2026,227079600.0,197483455.15,True,505000.0,2026-01-09 08:30:00,2026-03-16 08:30:00
PRJ-003522,2026,676500.0,676500.0,True,,2025-12-17 08:00:00,
PRJ-003523,2026,4023738.72,4946915.61,True,802888.76,2026-02-01 08:00:00,2026-03-16 08:00:00
PRJ-003524,2026,3347238.72,3347238.72,True,308740.0,2025-12-29 08:00:00,
PRJ-003525,2026,12349324.8,13868146.53,True,1180000.0,2025-12-17 10:00:00,2026-03-16 10:00:00
PRJ-003526,2026,37337463.6,37337463.6,True,77000.0,2026-01-07 10:00:00,
PRJ-003527,2026,50160000.0,50160000.0,True,333329.0,2026-01-17 14:00:00,
PRJ-003528,2026,,,,,,
PRJ-003529,2026,32333644.13,32333644.13,True,21410.26,2026-02-03 00:00:00,
PRJ-003530,2026,2088000.0,2088000.0,True,55319.95,2026-02-11 08:00:00,
PRJ-003531,2026,7179104.4,7179104.4,True,99870.0,2026-01-08 09:00:00,
PRJ-003532,2026,8157111.73,7127494.9,True,467890.0,2025-12-31 12:00:00,2026-01-22 12:00:00
PRJ-003533,2026,80650401.2,80650401.2,True,243700.0,2026-01-05 09:30:00,
PRJ-003534,2026,3799464.0,3799464.0,True,72900.0,2026-01-15 12:00:00,
PRJ-003535,2026,8175096.0,7155732.0,True,1000000.0,2026-02-05 12:00:00,2026-03-12 12:00:00
PRJ-003536,2026,15388650.0,15388650.0,True,81666.0,2025-12-27 09:30:00,
PRJ-003537,2026,22000000.8,25923405.06,True,29820.0,2025-12-26 08:00:00,2026-01-21 08:00:00
PRJ-003538,2026,1296000.0,1296000.0,True,43333.0,2025-12-13 09:00:00,
PRJ-003539,2026,3115002.0,3068468.3,True,819000.0,2026-01-30 09:00:00,2026-03-12 09:00:00
PRJ-003540,2026,12218661.0,12218661.0,True,240500.0,2026-02-09 10:00:00,
PRJ-003541,2026,13299993.0,13299993.0,True,88027.0,2025-12-17 10:00:00,
PRJ-003542,2026,1081332.0,1081332.0,True,,2025-12-18 10:00:00,
PRJ-003543,2026,55067786.76,55067786.76,True,16023700.0,2026-02-05 11:00:00,
PRJ-003544,2026,,,,,,
PRJ-003545,2026,6140996.4,6140996.4,True,50000.0,2026-01-07 09:00:00,
PRJ-003546,2026,3953400.0,3745196.37,True,98333.3,2025-12-21 09:00:00,2026-02-23 09:00:00
PRJ-003547,2026,21695826.0,21695826.0,True,500000.0,2026-01-13 16:00:00,
PRJ-003548,2026,13545960.0,13545960.0,True,99024.94,2026-01-28 09:00:00,
PRJ-003549,2026,418500.0,418500.0,True,,2026-01-05 11:00:00,
PRJ-003550,2026,10785000.0,12377619.82,True,77234.43,2026-02-03 11:00:00,2026-03-11 11:00:00
PRJ-003551,2026,355500.0,355500.0,True,,2025-12-12 11:00:00,
PRJ-003552,2026,14733000.0,14733000.0,True,23500.0,2025-12-29 11:00:00,
PRJ-003553,2026,14400000.0,17368328.07,True,38900.0,2026-01-30 10:00:00,2026-03-11 10:00:00
PRJ-003554,2026,3613320.0,3613320.0,True,11600.0,2026-02-03 10:00:00,
PRJ-003555,2026,765000.0,765000.0,True,,2025-12-20 08:30:00,
PRJ-003556,2026,622200.0,622200.0,True,,2026-01-12 08:30:00,
PRJ-003557,2026,1754400.0,1754400.0,True,99.71,2026-01-15 08:30:00,
PRJ-003558,2026,367200.0,367200.0,True,,2026-01-26 08:30:00,
PRJ-003559,2026,3347199.6,3347199.6,True,398989.0,2026-01-19 09:00:00,
PRJ-003560,2026,,,,,,
PRJ-003561,2026,5255520.0,5945484.0,True,389000.0,2026-01-29 09:00:00,2026-03-06 09:00:00
PRJ-003562,2026,11919308.0,11919308.0,True,89000.0,2026-01-11 09:00:00,
PRJ-003563,2026,3131760.0,3131760.0,True,238900.0,2025-12-28 08:30:00,
PRJ-003564,2026,1875784.55,1875784.55,True,80000.0,2026-01-09 10:00:00,
PRJ-003565,2026,1455955.55,1455955.55,True,220000.0,2025-12-22 10:00:00,
PRJ-003566,2026,5496600.0,4678765.26,True,500000.0,2026-01-05 10:00:00,2026-03-10 10:00:00
PRJ-003567,2026,12347263.2,12347263.2,True,326900.0,2026-01-29 10:00:00,
PRJ-003568,2026,4944211.2,4944211.2,True,98000.0,2025-12-29 12:00:00,
PRJ-003569,2026,19160000.0,23423314.94,True,200000.0,2026-01-08 08:00:00,2026-03-10 08:00:00
PRJ-003570,2026,51786000.0,51786000.0,True,41510.58,2026-01-22 09:00:00,
PRJ-003571,2026,,,,,,
PRJ-003572,2026,,,,,,
PRJ-003573,2026,,,,,,
PRJ-003574,2026,3462000.0,3462000.0,True,81083.34,2026-01-16 10:00:00,
PRJ-003575,2026,3360000.0,3360000.0,True,100000.0,2026-01-05 10:00:00,
PRJ-003576,2026,68998050.0,68998050.0,True,14333.0,2026-01-23 11:00:00,
PRJ-003577,2026,3231650.4,3231650.4,True,29175.28,2025-12-25 10:00:00,
PRJ-003578,2026,213357050.4,213357050.4,True,950000.0,2026-01-10 10:00:00,
PRJ-003579,2026,210125400.0,210125400.0,True,344200.0,2025-12-27 10:00:00,
PRJ-003580,2026,,,,,,
PRJ-003581,2026,11781200.4,11045841.54,True,,2025-12-29 10:00:00,2026-03-09 10:00:00
PRJ-003582,2026,1346814.8,1346814.8,True,135000.0,2026-02-05 10:00:00,
PRJ-003583,2026,,,,,,
PRJ-003584,2026,159270832.45,150957013.47,True,267000.0,2026-01-22 10:00:00,2026-03-09 10:00:00
PRJ-003585,2026,,,,,,
PRJ-003586,2026,,,,,,
PRJ-003587,2026,,,,,,
PRJ-003588,2026,204298.8,204298.8,True,,2026-02-07 08:30:00,
PRJ-003589,2026,1715109.3,2018348.61,True,549000.0,2026-01-13 08:30:00,2026-03-08 08:30:00
PRJ-003590,2026,1181992.2,1181992.2,True,,2025-12-31 08:30:00,
PRJ-003591,2026,4690489.2,5268744.22,True,1286.24,2025-12-17 08:30:00,2026-03-08 08:30:00
PRJ-003592,2026,1589088.9,1589088.9,True,318750.0,2026-01-04 08:30:00,
PRJ-003593,2026,17199999.6,17199999.6,True,8179900.0,2026-02-04 09:00:00,
PRJ-003594,2026,4064760.0,4064760.0,True,24558.33,2025-12-20 09:00:00,
PRJ-003595,2026,24759997.2,24759997.2,True,211750.0,2026-01-08 09:00:00,
PRJ-003596,2026,2327452.8,2327452.8,True,155000.0,2026-01-23 09:30:00,
PRJ-003597,2026,7962484.8,7962484.8,True,58333.33,2025-12-27 09:30:00,
PRJ-003598,2026,5635032.0,5957921.28,True,812200.0,2026-02-03 09:30:00,2026-03-05 09:30:00
PRJ-003599,2026,1848000.0,1848000.0,True,496831.0,2025-12-26 08:30:00,
PRJ-003600,2026,5425110.0,5425110.0,True,,2025-12-07 08:00:00,
PRJ-003601,2026,4800000.0,4800000.0,True,388500.0,2025-12-31 08:00:00,
PRJ-003602,2026,7788000.0,7788000.0,True,980000.0,2026-01-07 08:30:00,
PRJ-003603,2026,,,,,,
PRJ-003604,2026,3455616.54,3455616.54,True,825000.0,2026-01-17 08:00:00,
PRJ-003605,2026,3501420.0,3501420.0,True,738000.0,2026-01-24 13:45:00,
PRJ-003606,2026,3979662.0,3979662.0,True,1506000.0,2026-01-22 10:00:00,
PRJ-003607,2026,1498800.0,1498800.0,True,,2025-12-09 10:00:00,
PRJ-003608,2026,1088320000.0,1088320000.0,True,490500.0,2026-02-04 08:30:00,
PRJ-003609,2026,23985478.8,23985478.8,True,300000.0,2025-12-24 09:00:00,
PRJ-003610,2026,,,,,,
PRJ-003611,2026,1704810.72,1636521.52,True,100000.0,2026-01-02 10:00:00,2026-03-04 10:00:00
PRJ-003612,2026,,,,,,
PRJ-003613,2026,2416220.4,2416220.4,True,,2026-01-22 09:00:00,
PRJ-003614,2026,179926579.2,181441935.44,True,43333.33,2026-01-02 09:00:00,2026-03-04 09:00:00
PRJ-003615,2026,,,,,,
PRJ-003616,2026,,,,,,
PRJ-003617,2026,1599960.0,1599960.0,True,905000.0,2025-12-19 09:00:00,
PRJ-003618,2026,65504162.4,65504162.4,True,38923000.0,2025-12-07 10:00:00,
PRJ-003619,2026,27840000.0,27840000.0,True,30000.0,2025-12-16 14:00:00,
PRJ-003620,2026,106319742.95,106319742.95,True,680000.0,2025-12-24 10:00:00,
PRJ-003621,2026,,,,,,
PRJ-003622,2026,,,,,,
PRJ-003623,2026,,,,,,
PRJ-003624,2026,5565072.55,6725156.22,True,185000.0,2026-01-22 09:00:00,2026-03-02 09:00:00
PRJ-003625,2026,7193680.0,7193680.0,True,91800.0,2025-12-15 08:00:00,
PRJ-003626,2026,2499999.6,2194406.16,True,37500.0,2025-12-25 09:00:00,2026-02-24 09:00:00
PRJ-003627,2026,,,,,,
PRJ-003628,2026,11997402.0,11997402.0,True,969999.99,2026-01-15 10:00:00,
PRJ-003629,2026,3240130.32,3240130.32,True,91042.0,2025-12-16 10:00:00,
PRJ-003630,2026,12999996.0,12999996.0,True,840000.0,2025-12-15 08:00:00,
PRJ-003631,2026,,,,,,
PRJ-003632,2026,201968361.54,185490913.42,True,574600.01,2025-12-14 00:00:00,2026-03-01 00:00:00
PRJ-003633,2026,59976891.6,59976891.6,True,1198273.92,2025-12-14 08:00:00,
PRJ-003634,2026,10573599.6,10573599.6,True,0.0,2026-01-30 10:00:00,
PRJ-003635,2026,,,,,,
PRJ-003636,2026,,,,,,
PRJ-003637,2026,,,,,,
PRJ-003638,2026,6936938.89,6067121.41,True,39666.0,2025-12-03 09:00:00,2026-02-12 09:00:00
PRJ-003639,2026,1910928.0,1910928.0,True,100000.0,2026-01-11 09:00:00,
PRJ-003640,2026,4318800.0,4500858.1,True,576000.0,2026-01-10 08:30:00,2026-02-26 08:30:00
PRJ-003641,2026,,,,,,
PRJ-003642,2026,5996400.0,6318459.63,True,0.0,2025-12-20 11:00:00,2026-01-25 11:00:00
PRJ-003643,2026,3596824.0,3596824.0,True,24901.0,2026-01-04 08:00:00,
PRJ-003644,2026,1812375.6,1812375.6,True,154000.0,2026-01-18 08:00:00,
PRJ-003645,2026,1490400.0,1490400.0,True,1109240.0,2026-01-04 12:00:00,
PRJ-003646,2026,,,,,,
PRJ-003647,2026,7933256.77,9196014.08,True,130852.84,2025-12-18 10:00:00,2026-02-11 10:00:00
PRJ-003648,2026,16053200.4,16053200.4,True,81000.0,2025-12-24 11:30:00,
PRJ-003649,2026,47288918.4,47288918.4,True,70800.0,2025-12-27 09:00:00,
PRJ-003650,2026,59288918.4,68637672.88,True,,2025-12-03 09:00:00,2026-02-26 09:00:00
PRJ-003651,2026,12000000.0,14062404.15,True,98206.0,2026-01-20 09:00:00,2026-02-26 09:00:00
PRJ-003652,2026,,,,,,
PRJ-003653,2026,,,,,,
PRJ-003654,2026,,,,,,
PRJ-003655,2026,4459200.0,4459200.0,True,1861400.0,2025-12-20 08:00:00,
PRJ-003656,2026,14520000.0,14520000.0,True,570000.0,2025-12-08 08:00:00,
PRJ-003657,2026,10060800.0,10060800.0,True,,2025-12-24 08:00:00,
PRJ-003658,2026,55590142.8,55590142.8,True,2120500.0,2026-01-03 13:00:00,
PRJ-003659,2026,188528856.17,188528856.17,True,178300.0,2025-12-11 08:30:00,
PRJ-003660,2026,2999698.8,2999698.8,True,100000.0,2026-01-22 12:00:00,
PRJ-003661,2026,3989088.0,3989088.0,True,1666.6699999999998,2025-12-26 09:00:00,
PRJ-003662,2026,3142220.4,3142220.4,True,149000.0,2025-12-16 09:00:00,
PRJ-003663,2026,8166996.0,8166996.0,True,99500.0,2026-01-18 08:00:00,
PRJ-003664,2026,4036810.8,4036810.8,True,,2025-12-08 08:00:00,
PRJ-003665,2026,4188000.0,4188000.0,True,11880.0,2025-12-09 13:00:00,
PRJ-003666,2026,19609347.2,23710533.21,True,0.0,2025-12-29 08:00:00,2026-02-18 08:00:00
PRJ-003667,2026,14101776.0,14101776.0,True,4386000.0,2026-01-04 08:00:00,
PRJ-003668,2026,22362998.4,22348371.03,True,6979.0,2025-11-29 08:00:00,2026-02-24 08:00:00
PRJ-003669,2026,8261222.4,7664596.45,True,28335.0,2025-12-11 08:00:00,2026-01-25 08:00:00
PRJ-003670,2026,,,,,,
PRJ-003671,2026,,,,,,
PRJ-003672,2026,,,,,,
PRJ-003673,2026,,,,,,
PRJ-003674,2026,,,,,,
PRJ-003675,2026,,,,,,
PRJ-003676,2026,,,,,,
PRJ-003677,2026,,,,,,
PRJ-003678,2026,3199588.8,3199588.8,True,0.0,2025-12-24 11:00:00,
PRJ-003679,2026,2981788.8,2981788.8,True,266599.99,2025-12-14 11:00:00,
PRJ-003680,2026,5999124.0,5999124.0,True,998580.0,2025-12-19 13:00:00,
PRJ-003681,2026,1974600.0,1974600.0,True,91500.0,2025-12-09 09:00:00,
PRJ-003682,2026,1209381.6,1209381.6,True,486000.0,2025-12-30 14:00:00,
PRJ-003683,2026,,,,,,
PRJ-003684,2026,1599504.0,1599504.0,True,37220.0,2025-12-02 11:00:00,
PRJ-003685,2026,9985080.0,9985080.0,True,3239865.5,2025-12-03 11:00:00,
PRJ-003686,2026,50005689.6,50005689.6,True,400000.0,2026-01-14 08:00:00,
PRJ-003687,2026,25401.6,25401.6,True,,2026-01-06 08:30:00,
PRJ-003688,2026,279828.0,279828.0,True,,2026-01-11 08:30:00,
PRJ-003689,2026,404022.0,404022.0,True,,2025-12-24 08:30:00,
PRJ-003690,2026,9711332.76,9711332.76,True,30000.0,2026-01-05 08:30:00,
PRJ-003691,2026,,,,,,
PRJ-003692,2026,,,,,,
PRJ-003693,2026,5568000.0,6295911.53,True,,2025-12-26 08:00:00,2026-02-22 08:00:00
PRJ-003694,2026,5729503.2,6298151.21,True,857000.0,2025-12-23 11:00:00,2026-02-22 11:00:00
PRJ-003695,2026,14400000.0,13368571.51,True,509793.7,2026-01-14 10:00:00,2026-02-22 10:00:00
PRJ-003696,2026,13257700.01,13257700.01,True,210000.0,2025-12-28 08:00:00,
PRJ-003697,2026,15720500.0,15720500.0,True,97500.0,2026-01-24 08:00:00,
PRJ-003698,2026,2462800.0,2462800.0,True,14000.01,2025-12-14 08:00:00,
PRJ-003699,2026,3342000.0,3342000.0,True,981200.0,2025-12-01 10:00:00,
PRJ-003700,2026,,,,,,
PRJ-003701,2026,,,,,,
PRJ-003702,2026,11999923.2,11999923.2,True,49000.0,2025-12-13 08:00:00,
PRJ-003703,2026,,,,,,
PRJ-003704,2026,,,,,,
PRJ-003705,2026,11995006.8,11272869.25,True,66596.01,2026-01-16 08:00:00,2026-02-19 08:00:00
PRJ-003706,2026,9600000.0,9600000.0,True,84972.5,2025-12-24 11:30:00,
PRJ-003707,2026,7857636.97,7857636.97,True,62500.0,2025-12-01 08:30:00,
PRJ-003708,2026,,,,,,
PRJ-003709,2026,54972000.0,59068831.91,True,66666.67,2025-12-12 09:30:00,2026-02-19 09:30:00
PRJ-003710,2026,,,,,,
PRJ-003711,2026,2354415.6,2354415.6,True,27500.0,2026-01-09 09:00:00,
PRJ-003712,2026,4292511.6,4292511.6,True,43200.0,2025-12-02 09:00:00,
PRJ-003713,2026,1938096.0,1938096.0,True,110834.12,2026-01-13 09:00:00,
PRJ-003714,2026,1648267.2,1772820.51,True,208000.0,2026-01-20 12:00:00,2026-02-18 12:00:00
PRJ-003715,2026,9493600.0,11816225.92,True,483291.31000000006,2026-01-18 09:30:00,2026-02-18 09:30:00
PRJ-003716,2026,3600000.0,3600000.0,True,2149890.0,2026-01-01 09:00:00,
PRJ-003717,2026,6000000.0,6000000.0,True,26000.0,2025-12-17 09:00:00,
PRJ-003718,2026,2400000.0,2400000.0,True,380000.0,2025-12-19 09:00:00,
PRJ-003719,2026,,,,,,
PRJ-003720,2026,8919676.8,8919676.8,True,99999.99,2026-01-19 09:00:00,
PRJ-003721,2026,958344.0,958344.0,True,,2025-11-25 09:00:00,
PRJ-003722,2026,240480.0,240480.0,True,,2026-01-19 09:00:00,
PRJ-003723,2026,2280000.0,2280000.0,True,99970.0,2026-01-14 09:00:00,
PRJ-003724,2026,1918440.0,1918440.0,True,62000.0,2025-12-28 09:00:00,
PRJ-003725,2026,7079832.0,7079832.0,True,50000.0,2025-11-21 09:00:00,
PRJ-003726,2026,7401600.0,7401600.0,True,,2025-12-20 09:00:00,
PRJ-003727,2026,6192000.0,6192000.0,True,245000.0,2025-12-11 09:00:00,
PRJ-003728,2026,4211136.0,4735281.53,True,428088.0,2025-12-28 09:00:00,2026-02-16 09:00:00
PRJ-003729,2026,1166400.0,1166400.0,True,,2025-12-13 09:00:00,
PRJ-003730,2026,2292000.0,2292000.0,True,0.0,2025-12-16 09:00:00,
PRJ-003731,2026,1578240.0,1532336.71,True,120000.0,2026-01-09 09:00:00,2026-02-18 09:00:00
PRJ-003732,2026,54339422.4,54339422.4,True,1000.0,2026-01-11 09:00:00,
PRJ-003733,2026,3312000.0,3312000.0,True,98750.0,2025-12-22 09:00:00,
PRJ-003734,2026,164865600.0,164865600.0,True,22083104.0,2025-12-23 08:00:00,
PRJ-003735,2026,1520000.4,1520000.4,True,24000.0,2026-01-05 10:00:00,
PRJ-003736,2026,45890000.4,39561305.14,True,43512.34,2025-12-06 10:00:00,2026-02-18 10:00:00
PRJ-003737,2026,44370000.0,44370000.0,True,2460000.0,2025-11-23 10:00:00,
PRJ-003738,2026,31469764.0,33787832.35,True,26800.0,2025-12-04 08:00:00,2026-01-18 08:00:00
PRJ-003739,2026,,,,,,
PRJ-003740,2026,5255199.6,4991480.66,True,695000.0,2025-11-28 11:00:00,2025-12-26 11:00:00
PRJ-003741,2026,4499640.0,4499640.0,True,281501.95,2025-12-18 11:00:00,
PRJ-003742,2026,219000.0,219000.0,True,,2025-12-16 09:00:00,
PRJ-003743,2026,1284000.0,1284000.0,True,290000.0,2025-11-23 09:00:00,
PRJ-003744,2026,1065000.0,1065000.0,True,,2026-01-01 09:00:00,
PRJ-003745,2026,3606663.6,4139416.52,True,144600.0,2026-01-19 08:00:00,2026-02-17 08:00:00
PRJ-003746,2026,2941380.0,2941380.0,True,90000.0,2025-12-29 09:00:00,
PRJ-003747,2026,1498800.0,1498800.0,True,149900.0,2026-01-08 15:00:00,
PRJ-003748,2026,4991968.8,4991968.8,True,155000.0,2025-12-11 08:00:00,
PRJ-003749,2026,52416000.0,52416000.0,True,130000.0,2025-12-13 15:00:00,
PRJ-003750,2026,,,,,,
PRJ-003751,2026,203996367.43,203996367.43,True,525000.0,2025-12-30 08:30:00,
PRJ-003752,2026,932407.2,932407.2,True,,2026-01-14 08:30:00,
PRJ-003753,2026,290511117.43,331139836.75,True,32661.66,2026-01-03 08:30:00,2026-02-16 08:30:00
PRJ-003754,2026,85582342.8,85582342.8,True,22500000.0,2026-01-04 08:30:00,
PRJ-003755,2026,88969180.06,88969180.06,True,4887100.0,2025-11-24 08:30:00,
PRJ-003756,2026,72105999.6,72105999.6,True,98383.0,2025-12-01 11:00:00,
PRJ-003757,2026,45896812.92,45896812.92,True,648000.0,2025-12-23 11:00:00,
PRJ-003758,2026,1307931.6,1307931.6,True,0.0,2025-11-24 08:30:00,
PRJ-003759,2026,1059421.8,1059421.8,True,,2025-12-07 08:30:00,
PRJ-003760,2026,835270.0,835270.0,True,,2025-12-20 08:30:00,
PRJ-003761,2026,865562.53,924707.87,True,,2025-12-30 08:30:00,2026-02-15 08:30:00
PRJ-003762,2026,5416499.92,6109834.72,True,0.0,2026-01-15 08:30:00,2026-02-15 08:30:00
PRJ-003763,2026,1348313.99,1587280.11,True,6490.0,2025-12-18 08:30:00,2026-02-14 08:30:00
PRJ-003764,2026,2250000.0,2358904.29,True,56271.79,2025-12-14 08:00:00,2026-01-30 08:00:00
PRJ-003765,2026,170064317.93,202852903.26,True,8260660.0,2025-11-25 08:30:00,2026-02-15 08:30:00
PRJ-003766,2026,,,,,,
PRJ-003767,2026,,,,,,
PRJ-003768,2026,3999999.6,3999999.6,True,99500.0,2025-12-14 13:30:00,
PRJ-003769,2026,11731599.6,11731599.6,True,599999.0,2026-01-11 10:00:00,
PRJ-003770,2026,17472000.0,17472000.0,True,100000.0,2025-11-22 08:00:00,
PRJ-003771,2026,71629052.6,71629052.6,True,18323.01,2025-11-17 09:00:00,
PRJ-003772,2026,53686131.74,49109176.2,True,100000.0,2026-01-13 08:00:00,2026-02-12 08:00:00
PRJ-003773,2026,37448400.0,37448400.0,True,100000.0,2025-11-16 09:00:00,
PRJ-003774,2026,20736000.0,20736000.0,True,537000.0,2025-12-08 08:00:00,
PRJ-003775,2026,49351680.0,49351680.0,True,15000.0,2025-12-29 08:00:00,
PRJ-003776,2026,28615680.0,28615680.0,True,66999.99,2025-11-17 08:00:00,
PRJ-003777,2026,718975.2,718975.2,True,,2025-11-26 11:00:00,
PRJ-003778,2026,17995488.0,17995488.0,True,923940.0,2025-12-08 11:00:00,
PRJ-003779,2026,50440978.96,50440978.96,True,3201400.0,2025-12-13 11:00:00,
PRJ-003780,2026,35977488.0,35977488.0,True,22420.0,2025-12-23 09:00:00,
PRJ-003781,2026,261425711.78,261425711.78,True,8298778.42,2025-12-11 08:00:00,
PRJ-003782,2026,4336939.92,4336939.92,True,470000.0,2025-12-24 11:00:00,
PRJ-003783,2026,12000000.0,12000000.0,True,246240.0,2025-12-01 11:00:00,
PRJ-003784,2026,7663060.08,7663060.08,True,81.42,2026-01-07 11:00:00,
PRJ-003785,2026,78000000.0,78000000.0,True,420000.0,2025-12-23 09:00:00,
PRJ-003786,2026,,,,,,
PRJ-003787,2026,3000000.0,3000000.0,True,1659200.0,2025-12-16 13:00:00,
PRJ-003788,2026,3917304.0,3917304.0,True,169540.0,2025-11-16 11:00:00,
PRJ-003789,2026,7409232.0,7434248.18,True,464698.27,2025-12-16 11:00:00,2026-02-11 11:00:00
PRJ-003790,2026,3491928.0,3491928.0,True,,2026-01-13 11:00:00,
PRJ-003791,2026,8265600.0,8265600.0,True,98000.0,2025-12-07 09:00:00,
PRJ-003792,2026,27103680.0,27103680.0,True,26829.67,2025-12-24 09:00:00,
PRJ-003793,2026,18838080.0,18838080.0,True,429743.79,2025-12-26 09:00:00,
PRJ-003794,2026,,,,,,
PRJ-003795,2026,124217640.78,124217640.78,True,83000.0,2025-12-10 08:30:00,
PRJ-003796,2026,129171650.23,129171650.23,True,378800.0,2026-01-12 08:30:00,
PRJ-003797,2026,,,,,,
PRJ-003798,2026,,,,,,
PRJ-003799,2026,4632480.0,4632480.0,True,216000.0,2025-12-17 08:00:00,
PRJ-003800,2026,28687257.6,30482761.63,True,,2025-11-18 09:00:00,2026-02-10 09:00:00
PRJ-003801,2026,87208185.6,78994697.74,True,997500.0,2025-12-27 09:00:00,2026-02-10 09:00:00
PRJ-003802,2026,9424180.8,11775972.64,True,123975.0,2025-12-25 10:00:00,2026-02-10 10:00:00
PRJ-003803,2026,1974240.0,1974240.0,True,89000.0,2025-12-06 11:00:00,
PRJ-003804,2026,,,,,,
PRJ-003805,2026,12632853.6,12632853.6,True,260000.0,2025-11-21 09:00:00,
PRJ-003806,2026,17652000.0,17652000.0,True,720686.0,2025-11-26 08:00:00,
PRJ-003807,2026,12499999.2,15021378.9,True,14700.0,2025-11-24 09:00:00,2026-01-14 09:00:00
PRJ-003808,2026,,,,,,
PRJ-003809,2026,,,,,,
PRJ-003810,2026,0.0,0.0,True,,2025-11-24 09:00:00,
PRJ-003811,2026,,,,,,
PRJ-003812,2026,,,,,,
PRJ-003813,2026,2387385.9,2387385.9,True,746200.0,2025-11-19 08:00:00,
PRJ-003814,2026,,,,,,
PRJ-003815,2026,7285666.0,7285666.0,True,78075.0,2025-12-07 12:00:00,
PRJ-003816,2026,2499600.0,2499600.0,True,723944.53,2025-12-31 10:00:00,
PRJ-003817,2026,17997145.38,17997145.38,True,79200.0,2025-11-14 08:00:00,
PRJ-003818,2026,117843454.0,117843454.0,True,719000.0,2025-12-27 13:00:00,
PRJ-003819,2026,3317760.0,3317760.0,True,93302.73999999999,2025-11-18 08:00:00,
PRJ-003820,2026,8347276.8,8347276.8,True,75000.0,2025-12-15 08:00:00,
PRJ-003821,2026,5029516.8,5029516.8,True,52333.33,2025-12-06 08:00:00,
PRJ-003822,2026,9968400.0,9968400.0,True,3480000.0,2025-12-07 13:30:00,
PRJ-003823,2026,3999999.6,3999999.6,True,,2025-11-17 10:00:00,
PRJ-003824,2026,11762452.8,11762452.8,True,0.0,2025-11-23 10:00:00,
PRJ-003825,2026,4679978.4,4679978.4,True,121999.99,2025-11-19 10:00:00,
PRJ-003826,2026,13675998.0,13675998.0,True,67500.0,2025-12-16 08:00:00,
PRJ-003827,2026,2483095.8,2483095.8,True,296000.0,2025-12-16 09:00:00,
PRJ-003828,2026,22882181.64,22882181.64,True,980000.0,2025-12-19 09:00:00,
PRJ-003829,2026,20399085.84,20399085.84,True,100000.0,2025-12-23 09:00:00,
PRJ-003830,2026,82686880.0,82686880.0,True,147900.0,2025-12-13 11:00:00,
PRJ-003831,2026,17933608.0,17719735.89,True,0.0,2025-12-21 10:00:00,2026-02-05 10:00:00
PRJ-003832,2026,,,,,,
PRJ-003833,2026,3714720.0,3714720.0,True,24686.0,2025-11-21 00:00:00,
PRJ-003834,2026,12622624.8,12622624.8,True,0.0,2025-12-12 12:00:00,
PRJ-003835,2026,21695826.0,21695826.0,True,665982.0,2025-11-15 19:30:00,
PRJ-003836,2026,7302000.0,8406032.65,True,826880.0,2025-12-26 11:00:00,2026-02-04 11:00:00
PRJ-003837,2026,9754800.0,9754800.0,True,40410.0,2025-12-26 11:00:00,
PRJ-003838,2026,2452800.0,2452800.0,True,0.0,2025-11-07 11:00:00,
PRJ-003839,2026,,,,,,
PRJ-003840,2026,5565072.55,5565072.55,True,23222.16,2025-12-02 09:00:00,
PRJ-003841,2026,726337.2,726337.2,True,,2025-11-25 08:00:00,
PRJ-003842,2026,17723978.24,17723978.24,True,0.0,2025-12-18 09:00:00,
PRJ-003843,2026,,,,,,
PRJ-003844,2026,18983808.0,18983808.0,True,693800.0,2025-11-22 08:00:00,
PRJ-003845,2026,510972.42,510972.42,True,,2025-11-12 08:00:00,
PRJ-003846,2026,30362013.16,35520974.68,True,0.0,2025-11-14 08:00:00,2026-01-07 08:00:00
PRJ-003847,2026,79599088.8,79599088.8,True,410000.0,2025-12-31 08:00:00,
PRJ-003848,2026,111309086.56,113538201.06,True,0.0,2025-12-19 08:00:00,2026-02-03 08:00:00
PRJ-003849,2026,837012.18,837012.18,True,,2025-12-26 08:00:00,
PRJ-003850,2026,3770181.94,3770181.94,True,1265855.45,2025-11-27 10:00:00,
PRJ-003851,2026,12673140.0,12673140.0,True,264600.0,2025-11-13 08:00:00,
PRJ-003852,2026,57330000.0,57330000.0,True,430000.0,2025-12-26 08:00:00,
PRJ-003853,2026,101256653.5,118067153.11,True,2944.5,2025-11-08 08:00:00,2026-01-01 08:00:00
PRJ-003854,2026,400023493.5,400023493.5,True,30562.61,2025-12-24 08:00:00,
PRJ-003855,2026,111043500.0,111043500.0,True,1270500.0,2025-11-09 08:00:00,
PRJ-003856,2026,,,,,,
PRJ-003857,2026,13283334.0,13283334.0,True,64800.0,2025-12-24 14:00:00,
PRJ-003858,2026,,,,,,
PRJ-003859,2026,34847826.0,39139476.84,True,92235.0,2025-12-31 12:00:00,2026-01-30 12:00:00
PRJ-003860,2026,,,,,,
PRJ-003861,2026,,,,,,
PRJ-003862,2026,,,,,,
PRJ-003863,2026,,,,,,
PRJ-003864,2026,,,,,,
PRJ-003865,2026,5882000.0,5882000.0,True,4134733.26,2025-11-10 08:00:00,
PRJ-003866,2026,2625000.0,2625000.0,True,,2025-12-17 08:00:00,
PRJ-003867,2026,25907000.0,25907000.0,True,93000.0,2025-11-13 08:00:00,
PRJ-003868,2026,17400000.0,17400000.0,True,389400.0,2025-11-10 08:00:00,
PRJ-003869,2026,,,,,,
PRJ-003870,2026,,,,,,
PRJ-003871,2026,2992362.0,2992362.0,True,15000.0,2025-12-19 09:00:00,
PRJ-003872,2026,5418000.0,6140891.6,True,195158.53,2025-10-29 08:00:00,2026-01-22 08:00:00
PRJ-003873,2026,10578000.0,10578000.0,True,0.0,2025-11-19 08:00:00,
PRJ-003874,2026,5160000.0,5160000.0,True,1323.0,2025-11-12 08:00:00,
PRJ-003875,2026,22998446.4,25244135.39,True,62789.0,2025-12-11 08:00:00,2026-01-22 08:00:00
PRJ-003876,2026,,,,,,
PRJ-003877,2026,,,,,,
PRJ-003878,2026,,,,,,
PRJ-003879,2026,2999815.2,2974204.47,True,304500.0,2025-12-23 08:00:00,2026-01-21 08:00:00
PRJ-003880,2026,5099680.8,5099680.8,True,0.0,2025-11-13 12:00:00,
PRJ-003881,2026,9493600.0,8732072.2,True,780000.01,2025-11-16 09:00:00,2026-01-21 09:00:00
PRJ-003882,2026,44268061.2,44268061.2,True,417328.0,2025-12-09 08:30:00,
PRJ-003883,2026,6099984.0,5473662.48,True,118150.0,2025-11-27 08:00:00,2026-01-07 08:00:00
PRJ-003884,2026,2993880.0,2993880.0,True,220000.0,2025-11-13 10:00:00,
PRJ-003885,2026,5029516.8,5029516.8,True,735000.0,2025-11-15 08:00:00,
PRJ-003886,2026,193870012.8,171889701.35,True,1260.0,2025-12-18 09:00:00,2026-01-20 09:00:00
PRJ-003887,2026,36000000.0,36000000.0,True,232000.0,2025-11-02 08:00:00,
PRJ-003888,2026,31999968.0,31999968.0,True,825000.0,2025-11-02 09:00:00,
PRJ-003889,2026,14207484.0,13487358.58,True,99620.0,2025-12-16 10:30:00,2026-01-20 10:30:00
PRJ-003890,2026,,,,,,
PRJ-003891,2026,,,,,,
PRJ-003892,2026,,,,,,
PRJ-003893,2026,7369963.2,8698761.05,True,220000.0,2025-10-21 12:00:00,2026-01-18 12:00:00
PRJ-003894,2026,15247272.42,15247272.42,True,2232682.0,2025-12-18 00:00:00,
PRJ-003895,2026,31092882.98,36287042.02,True,4005000.0,2025-10-29 00:00:00,2025-11-25 00:00:00
PRJ-003896,2026,15845610.56,15845610.56,True,100000.0,2025-11-11 00:00:00,
PRJ-003897,2026,1684479.96,1684479.96,True,254000.0,2025-12-02 00:00:00,
PRJ-003898,2026,,,,,,
PRJ-003899,2026,2160000.0,2160000.0,True,719250.0,2025-11-17 03:00:00,
PRJ-003900,2026,2299999.99,2299999.99,True,1631430.0,2025-12-02 09:00:00,
PRJ-003901,2026,3199588.8,3199588.8,True,0.0,2025-12-01 10:00:00,
PRJ-003902,2026,,,,,,
PRJ-003903,2026,65999954.4,65999954.4,True,94115.52,2025-11-09 11:00:00,
PRJ-003904,2026,,,,,,
PRJ-003905,2026,,,,,,
PRJ-003906,2026,2905480.0,2905480.0,True,176075.0,2025-12-02 11:00:00,
PRJ-003907,2026,14842560.0,14510569.16,True,80600.0,2025-12-07 08:30:00,2026-01-08 08:30:00
PRJ-003908,2026,5679998.4,4970044.83,True,0.0,2025-10-17 08:30:00,2025-12-29 08:30:00
PRJ-003909,2026,456035743.2,456035743.2,True,0.0,2025-12-03 08:30:00,
PRJ-003910,2026,435513184.8,435513184.8,True,69200.0,2025-12-05 08:30:00,
PRJ-003911,2026,28530.0,28530.0,True,,2025-12-06 08:00:00,
PRJ-003912,2026,29118836.4,29118836.4,True,24.5,2025-10-23 08:00:00,
PRJ-003913,2026,,,,,,
PRJ-003914,2026,1312588.8,1312588.8,True,29400.010000000002,2025-11-23 10:00:00,
PRJ-003915,2026,4740045.6,4740045.6,True,4750.0,2025-10-10 10:00:00,
PRJ-003916,2026,3427456.8,3427456.8,True,63600.0,2025-10-28 10:00:00,
PRJ-003917,2026,,,,,,
PRJ-003918,2026,19779700.8,19779700.8,True,268770.0,2025-11-11 08:00:00,
PRJ-003919,2026,2963223.97,2963223.97,True,90000.0,2025-11-26 09:00:00,
PRJ-003920,2026,11754506.4,11754506.4,True,58333.0,2025-10-07 09:00:00,
PRJ-003921,2026,3857559.6,3901894.45,True,73500.0,2025-12-04 11:00:00,2026-01-04 11:00:00
PRJ-003922,2026,3676305.37,3451799.18,True,98400.0,2025-11-26 08:00:00,2026-01-02 08:00:00
PRJ-003923,2026,7752243.59,7752243.59,True,41600.0,2025-10-18 08:00:00,
PRJ-003924,2026,4075938.22,4075938.22,True,871390.14,2025-10-13 08:00:00,
PRJ-003925,2026,2366000.4,2333564.53,True,135015.63,2025-12-01 09:00:00,2026-01-04 09:00:00
PRJ-003926,2026,4076400.0,4076400.0,True,99000.0,2025-10-17 09:00:00,
PRJ-003927,2025,2880000.0,2880000.0,True,3240.0,2025-10-04 14:00:00,
PRJ-003928,2025,3642291.61,3452170.28,True,331000.01,2025-11-25 08:30:00,2025-12-30 08:30:00
PRJ-003929,2025,2704898.44,2962194.52,True,1283450.0,2025-11-15 08:30:00,2025-12-29 08:30:00
PRJ-003930,2025,8188379.45,8188379.45,True,0.0,2025-11-20 08:30:00,
PRJ-003931,2025,1841189.4,1878279.85,True,271625.0,2025-10-18 08:30:00,2025-12-23 08:30:00
PRJ-003932,2025,9403231.2,9403231.2,True,316000.0,2025-10-14 08:30:00,
PRJ-003933,2025,96000000.0,96000000.0,True,178230.03,2025-10-18 10:00:00,
PRJ-003934,2025,17249702.4,17249702.4,True,590100.0,2025-11-11 11:00:00,
PRJ-003935,2025,1680000.0,1680000.0,True,23324.25,2025-10-03 11:00:00,
PRJ-003936,2025,93282550.8,93282550.8,True,93334.0,2025-11-03 10:00:00,
PRJ-003937,2025,19176000.0,22441508.34,True,11545.73,2025-11-03 10:00:00,2025-12-30 10:00:00
PRJ-003938,2025,14084000.4,14084000.4,True,0.0,2025-11-21 09:00:00,
PRJ-003939,2025,7070400.0,6195037.53,True,7292.77,2025-10-03 10:00:00,2025-11-06 10:00:00
PRJ-003940,2025,5985319.2,5985319.2,True,781971.92,2025-11-27 08:00:00,
PRJ-003941,2025,3600000.0,3720772.02,True,76725.44,2025-11-09 11:00:00,2025-12-29 11:00:00
PRJ-003942,2025,118380000.0,134060346.61,True,100000.0,2025-11-15 11:00:00,2025-12-29 11:00:00
PRJ-003943,2025,7995600.0,7995600.0,True,1366200.01,2025-11-05 09:00:00,
PRJ-003944,2025,108000000.0,108000000.0,True,53734.7,2025-10-08 10:00:00,
PRJ-003945,2025,41231179.2,41231179.2,True,15400.0,2025-11-13 09:00:00,
PRJ-003946,2025,180000783.6,180000783.6,True,3806639.99,2025-10-02 10:00:00,
PRJ-003947,2025,16800000.0,15440413.96,True,70641.97,2025-09-28 08:00:00,2025-12-23 08:00:00
PRJ-003948,2025,30116880.0,30116880.0,True,902800.0,2025-10-14 10:00:00,
PRJ-003949,2025,5391046.8,4745511.56,True,610130.0,2025-11-13 10:00:00,2025-12-07 10:00:00
PRJ-003950,2025,4500000.0,4500000.0,True,29569.0,2025-11-10 08:30:00,
PRJ-003951,2025,6744180.0,6744180.0,True,0.0,2025-10-08 08:00:00,
PRJ-003952,2025,8324913.6,8324913.6,True,95880.0,2025-09-29 12:00:00,
PRJ-003953,2025,5000000.4,4404445.2,True,75600.0,2025-11-03 09:00:00,2025-12-23 09:00:00
PRJ-003954,2025,78000000.0,93959514.3,True,9332855.0,2025-11-15 09:00:00,2025-12-23 09:00:00
PRJ-003955,2025,14340257.81,14340257.81,True,54500.0,2025-11-14 09:00:00,
PRJ-003956,2025,327405209.69,327405209.69,True,87480.0,2025-10-25 10:00:00,
PRJ-003957,2025,7163182.8,7163182.8,True,2008400.0,2025-09-30 10:00:00,
PRJ-003958,2025,1911326.38,1911326.38,True,1447732.74,2025-10-18 10:00:00,
PRJ-003959,2025,10754360.4,10754360.4,True,,2025-10-20 08:00:00,
PRJ-003960,2025,3999999.6,3999999.6,True,,2025-10-24 10:00:00,
PRJ-003961,2025,63003000.0,63003000.0,True,,2025-10-12 09:00:00,
PRJ-003962,2025,8261222.4,9499235.19,True,,2025-10-29 08:00:00,2025-11-16 08:00:00
PRJ-003963,2025,25803878.4,25803878.4,True,,2025-11-16 08:00:00,
PRJ-003964,2025,17542656.0,17542656.0,True,,2025-10-20 08:00:00,
PRJ-003965,2025,80571360.0,80571360.0,True,,2025-11-02 08:00:00,
PRJ-003966,2025,31194950.4,31194950.4,True,,2025-10-24 10:00:00,
PRJ-003967,2025,44788800.0,44788800.0,True,,2025-10-04 08:00:00,
PRJ-003968,2025,67894000.0,59174195.85,True,,2025-11-17 08:00:00,2025-12-18 08:00:00
PRJ-003969,2025,23105200.0,23105200.0,True,,2025-10-08 08:00:00,
PRJ-003970,2025,1397422.8,1397422.8,True,,2025-10-22 12:00:00,
PRJ-003971,2025,13938012.0,13938012.0,True,103838.0,2025-10-06 08:00:00,
PRJ-003972,2025,60141.07,60141.07,True,,2025-09-19 08:00:00,
PRJ-003973,2025,1405.51,1405.51,True,,2025-11-04 08:00:00,
PRJ-003974,2025,3175.2,2734.7,True,,2025-09-20 08:00:00,2025-11-02 08:00:00
PRJ-003975,2025,34800.77,34800.77,True,,2025-09-20 08:00:00,
PRJ-003976,2025,1907918.58,1907918.58,True,100000.0,2025-09-19 08:00:00,
PRJ-003977,2025,32725.1,32725.1,True,,2025-10-18 08:00:00,
PRJ-003978,2025,16875.3,16875.3,True,,2025-10-01 08:00:00,
PRJ-003979,2025,522.23,522.23,True,,2025-10-31 08:00:00,
PRJ-003980,2025,100416.77,100416.77,True,,2025-10-13 08:00:00,
PRJ-003981,2025,749611.3,749611.3,True,,2025-11-02 08:00:00,
PRJ-003982,2025,1224.08,1170.48,True,,2025-10-08 08:00:00,2025-12-17 08:00:00
PRJ-003983,2025,37893.19,37893.19,True,,2025-10-24 08:00:00,
PRJ-003984,2025,23787.41,23787.41,True,,2025-10-15 08:00:00,
PRJ-003985,2025,3517.54,3517.54,True,,2025-10-11 08:00:00,
PRJ-003986,2025,62208.0,62208.0,True,,2025-09-25 08:00:00,
PRJ-003987,2025,534.26,534.26,True,,2025-09-24 08:00:00,
PRJ-003988,2025,17854.57,17854.57,True,,2025-10-13 08:00:00,
PRJ-003989,2025,29440.9,33589.58,True,,2025-11-15 08:00:00,2025-12-17 08:00:00
PRJ-003990,2025,1142.9,1142.9,True,,2025-10-28 08:00:00,
PRJ-003991,2025,980.6,980.6,True,,2025-10-01 08:00:00,
PRJ-003992,2025,14255.94,14557.44,True,,2025-10-06 08:00:00,2025-12-17 08:00:00
PRJ-003993,2025,112968.86,112968.86,True,,2025-10-01 08:00:00,
PRJ-003994,2025,350892.0,350892.0,True,,2025-10-28 08:00:00,
PRJ-003995,2025,1614.55,1927.85,True,,2025-10-23 08:00:00,2025-12-17 08:00:00
PRJ-003996,2025,4142191.68,4142191.68,True,221080.55,2025-10-10 08:00:00,
PRJ-003997,2025,414219.17,414219.17,True,,2025-11-02 08:00:00,
PRJ-003998,2025,7776.0,7776.0,True,,2025-10-13 08:00:00,
PRJ-003999,2025,21979.37,21979.37,True,,2025-10-23 08:00:00,
PRJ-004000,2025,25199.28,25199.28,True,,2025-11-09 08:00:00,
PRJ-004001,2025,1575.9,1575.9,True,,2025-11-09 08:00:00,
PRJ-004002,2025,153694.57,153694.57,True,,2025-10-13 08:00:00,
PRJ-004003,2025,365.98,365.98,True,,2025-11-07 08:00:00,
PRJ-004004,2025,376147.96,370003.05,True,,2025-09-30 08:00:00,2025-12-17 08:00:00
PRJ-004005,2025,3110.4,3110.4,True,,2025-10-09 08:00:00,
PRJ-004006,2025,13715.92,13715.92,True,,2025-09-19 08:00:00,
PRJ-004007,2025,647119.75,647119.75,True,,2025-10-26 08:00:00,
PRJ-004008,2025,9642.24,9642.24,True,,2025-10-14 08:00:00,
PRJ-004009,2025,39324.56,40075.84,True,,2025-11-12 08:00:00,2025-12-17 08:00:00
PRJ-004010,2025,64800.0,64800.0,True,,2025-09-25 08:00:00,
PRJ-004011,2025,33282.22,33282.22,True,,2025-09-22 08:00:00,
PRJ-004012,2025,84087.2,84087.2,True,,2025-10-20 08:00:00,
PRJ-004013,2025,1638952.28,1638952.28,True,,2025-09-20 08:00:00,
PRJ-004014,2025,362.7,362.7,True,,2025-10-11 08:00:00,
PRJ-004015,2025,15033.6,15033.6,True,,2025-11-12 08:00:00,
PRJ-004016,2025,14888.87,12677.83,True,,2025-10-09 08:00:00,2025-11-06 08:00:00
PRJ-004017,2025,2197.14,2550.93,True,,2025-11-14 08:00:00,2025-12-17 08:00:00
PRJ-004018,2025,1944.0,1944.0,True,,2025-10-30 08:00:00,
PRJ-004019,2025,3710.65,4321.96,True,,2025-11-01 08:00:00,2025-12-17 08:00:00
PRJ-004020,2025,2621.74,2621.74,True,,2025-10-19 08:00:00,
PRJ-004021,2025,111140.16,111140.16,True,,2025-10-23 08:00:00,
PRJ-004022,2025,767.34,767.34,True,,2025-09-20 08:00:00,
PRJ-004023,2025,1944.0,1944.0,True,,2025-11-17 08:00:00,
PRJ-004024,2025,186078.9,194416.44,True,,2025-11-05 08:00:00,2025-12-17 08:00:00
PRJ-004025,2025,8280.83,8280.83,True,,2025-10-02 08:00:00,
PRJ-004026,2025,807.72,807.72,True,,2025-10-26 08:00:00,
PRJ-004027,2025,34464.34,34464.34,True,,2025-11-14 08:00:00,
PRJ-004028,2025,1425.6,1425.6,True,,2025-11-06 08:00:00,
PRJ-004029,2025,13286.33,13286.33,True,,2025-10-14 08:00:00,
PRJ-004030,2025,468458.44,468458.44,True,,2025-10-14 08:00:00,
PRJ-004031,2025,69684.18,69684.18,True,,2025-10-17 08:00:00,
PRJ-004032,2025,2589.76,2822.27,True,,2025-09-26 08:00:00,2025-12-05 08:00:00
PRJ-004033,2025,159605.82,199131.6,True,,2025-09-25 08:00:00,2025-12-17 08:00:00
PRJ-004034,2025,532.46,532.46,True,,2025-09-27 08:00:00,
PRJ-004035,2025,15163.2,15163.2,True,,2025-10-06 08:00:00,
PRJ-004036,2025,1209.25,1209.25,True,,2025-10-30 08:00:00,
PRJ-004037,2025,329.17,329.17,True,,2025-10-09 08:00:00,
PRJ-004038,2025,3941.81,3941.81,True,,2025-10-25 08:00:00,
PRJ-004039,2025,3924.24,3800.92,True,,2025-11-18 08:00:00,2025-12-17 08:00:00
PRJ-004040,2025,3969.78,3969.78,True,,2025-10-19 08:00:00,
PRJ-004041,2025,118389.6,118389.6,True,,2025-11-18 08:00:00,
PRJ-004042,2025,19426966.99,19426966.99,True,,2025-09-21 08:00:00,
PRJ-004043,2025,11021.92,11021.92,True,,2025-11-06 08:00:00,
PRJ-004044,2025,4470174.16,4470174.16,True,,2025-10-08 09:00:00,
PRJ-004045,2025,24249600.0,23163321.19,True,,2025-11-07 08:00:00,2025-12-17 08:00:00
PRJ-004046,2025,24999999.6,24999999.6,True,,2025-10-05 09:00:00,
PRJ-004047,2025,79719999.6,79719999.6,True,,2025-09-30 08:30:00,
PRJ-004048,2025,13731202.09,13731202.09,True,,2025-11-06 08:00:00,
PRJ-004049,2025,33456060.0,33456060.0,True,416666.5,2025-10-22 09:00:00,
PRJ-004050,2025,44484544.8,44484544.8,True,11040.0,2025-10-20 09:00:00,
PRJ-004051,2025,11028484.8,10924182.89,True,1440000.0,2025-11-14 09:00:00,2025-12-16 09:00:00
PRJ-004052,2025,125487218.4,125487218.4,True,63671.67,2025-10-20 08:00:00,
PRJ-004053,2025,1500000.0,1500000.0,True,147905.02,2025-11-14 11:00:00,
PRJ-004054,2025,3000000.0,3000000.0,True,654.47,2025-11-03 09:00:00,
PRJ-004055,2025,6000000.0,6188683.33,True,,2025-09-17 11:00:00,2025-12-15 11:00:00
PRJ-004056,2025,4056320.4,4056320.4,True,,2025-11-05 15:00:00,
PRJ-004057,2025,3000000.0,3553745.64,True,,2025-09-19 09:00:00,2025-12-15 09:00:00
PRJ-004058,2025,1974480.0,1974480.0,True,,2025-09-24 08:00:00,
PRJ-004059,2025,8222332.8,8222332.8,True,,2025-10-27 10:00:00,
PRJ-004060,2025,14560800.0,14560800.0,True,,2025-09-27 13:00:00,
PRJ-004061,2025,5058381.6,5058381.6,True,14300.0,2025-11-06 10:00:00,
PRJ-004062,2025,22752000.0,22752000.0,True,80696.36,2025-11-15 08:00:00,
PRJ-004063,2025,302265840.0,302265840.0,True,17500.0,2025-09-17 08:00:00,
PRJ-004064,2025,7686000.0,7686000.0,True,4548663.72,2025-10-24 08:30:00,
PRJ-004065,2025,,,,,,
PRJ-004066,2025,3999999.6,3999999.6,True,,2025-09-29 12:00:00,
PRJ-004067,2025,24000000.0,21823124.9,True,,2025-11-02 09:00:00,2025-12-11 09:00:00
PRJ-004068,2025,,,,,,
PRJ-004069,2025,5099680.8,4789106.46,True,,2025-09-26 12:00:00,2025-12-10 12:00:00
PRJ-004070,2025,2000000.4,2000000.4,True,,2025-09-19 08:00:00,
PRJ-004071,2025,148500.0,126318.32,True,,2025-09-30 09:00:00,2025-12-10 09:00:00
PRJ-004072,2025,1751020.0,1751020.0,True,,2025-09-26 09:00:00,
PRJ-004073,2025,1602520.0,1602520.0,True,,2025-11-11 09:00:00,
PRJ-004074,2025,,,,,,
PRJ-004075,2025,3000000.0,3000000.0,True,,2025-10-03 10:00:00,
PRJ-004076,2025,3254752.8,3698968.82,True,,2025-09-11 15:30:00,2025-12-09 15:30:00
PRJ-004077,2025,51120000.0,51120000.0,True,47400.0,2025-10-31 09:00:00,
PRJ-004078,2025,1504659.6,1504659.6,True,,2025-10-12 11:00:00,
PRJ-004079,2025,10084750.8,10084750.8,True,,2025-10-23 13:00:00,
PRJ-004080,2025,4500000.0,4500000.0,True,,2025-09-28 08:30:00,
PRJ-004081,2025,8324913.6,8324913.6,True,,2025-09-29 12:00:00,
PRJ-004082,2025,2000000.4,2000000.4,True,,2025-10-28 09:00:00,
PRJ-004083,2025,11327865.6,11327865.6,True,,2025-10-12 08:30:00,
PRJ-004084,2025,1193036.4,1193036.4,True,,2025-10-07 10:00:00,
PRJ-004085,2025,,,,,,
PRJ-004086,2025,,,,,,
PRJ-004087,2025,4470174.16,4470174.16,True,,2025-11-02 09:00:00,
PRJ-004088,2025,4760772.0,4760772.0,True,,2025-10-12 10:00:00,
PRJ-004089,2025,1572900.0,1572900.0,True,,2025-09-13 08:00:00,
PRJ-004090,2025,125429406.0,111122930.11,True,,2025-11-03 09:00:00,2025-12-04 09:00:00
PRJ-004091,2025,68764090.8,68764090.8,True,,2025-10-01 09:00:00,
PRJ-004092,2025,23619388.8,23619388.8,True,,2025-09-14 09:00:00,
PRJ-004093,2025,143191930.8,174034080.35,True,,2025-09-28 09:00:00,2025-11-26 09:00:00
PRJ-004094,2025,477172838.4,477172838.4,True,,2025-10-12 09:00:00,
PRJ-004095,2025,116168022.0,116168022.0,True,,2025-10-15 09:00:00,
PRJ-004096,2025,17880000.0,16100484.25,True,,2025-10-17 08:30:00,2025-12-04 08:30:00
PRJ-004097,2025,2160000.0,2112133.15,True,,2025-09-11 15:00:00,2025-12-03 15:00:00
PRJ-004098,2025,3455199.6,3455199.6,True,,2025-09-17 14:00:00,
PRJ-004099,2025,649072580.27,649072580.27,True,17400.0,2025-11-03 08:00:00,
PRJ-004100,2025,,,,,,
PRJ-004101,2025,6315198.0,6315198.0,True,,2025-09-14 11:00:00,
PRJ-004102,2025,538992.0,504856.93,True,,2025-09-07 11:00:00,2025-09-28 11:00:00
PRJ-004103,2025,183996.0,183996.0,True,,2025-10-10 11:00:00,
PRJ-004104,2025,7166226.0,7166226.0,True,,2025-10-03 11:00:00,
PRJ-004105,2025,9180000.0,10080407.81,True,,2025-11-01 11:00:00,2025-12-02 11:00:00
PRJ-004106,2025,,,,,,
PRJ-004107,2025,,,,,,
PRJ-004108,2025,,,,,,
PRJ-004109,2025,,,,,,
PRJ-004110,2025,4461511.2,4461511.2,True,1141750.0,2025-09-14 08:00:00,
PRJ-004111,2025,2999815.2,3133622.86,True,,2025-10-26 08:00:00,2025-12-01 08:00:00
PRJ-004112,2025,12230625.6,11197248.92,True,,2025-09-15 08:00:00,2025-11-28 08:00:00
PRJ-004113,2025,154877625.6,154877625.6,True,,2025-09-14 08:00:00,
PRJ-004114,2025,142647000.0,142647000.0,True,,2025-10-13 08:00:00,
PRJ-004115,2025,,,,,,
PRJ-004116,2025,,,,,,
PRJ-004117,2025,10578000.0,10578000.0,True,,2025-09-04 08:00:00,
PRJ-004118,2025,16760000.4,16760000.4,True,,2025-10-09 14:00:00,
PRJ-004119,2025,2582730.0,2582730.0,True,,2025-10-16 09:00:00,
PRJ-004120,2025,37569999.6,37569999.6,True,,2025-09-25 09:00:00,
PRJ-004121,2025,64097606.4,64097606.4,True,,2025-09-23 14:00:00,
PRJ-004122,2025,19729347.2,19729347.2,True,,2025-08-31 08:00:00,
PRJ-004123,2025,42165722.21,41728066.8,True,,2025-09-10 08:00:00,2025-11-26 08:00:00
PRJ-004124,2025,22436375.0,22436375.0,True,,2025-09-15 08:00:00,
PRJ-004125,2025,8000000.4,8833457.27,True,,2025-09-22 09:00:00,2025-11-26 09:00:00
PRJ-004126,2025,22414464.0,22414464.0,True,,2025-09-06 09:00:00,
PRJ-004127,2025,28094197.32,28094197.32,True,,2025-10-16 09:00:00,
PRJ-004128,2025,287995848.84,273125424.64,True,,2025-10-10 09:00:00,2025-11-24 09:00:00
PRJ-004129,2025,237487187.52,237487187.52,True,,2025-10-20 09:00:00,
PRJ-004130,2025,1500000.0,1500000.0,True,,2025-10-01 11:00:00,
PRJ-004131,2025,12912343.2,12912343.2,True,,2025-10-22 09:00:00,
PRJ-004132,2025,4320000.0,4320000.0,True,,2025-09-17 13:00:00,
PRJ-004133,2025,5141880.0,5376300.63,True,,2025-09-11 14:00:00,2025-11-25 14:00:00
PRJ-004134,2025,74752424.04,71110737.66,True,,2025-10-03 10:00:00,2025-11-05 10:00:00
PRJ-004135,2025,165630634.8,165630634.8,True,,2025-10-09 15:30:00,
PRJ-004136,2025,,,,,,
PRJ-004137,2025,1800000.0,1800000.0,True,,2025-10-13 08:00:00,
PRJ-004138,2025,,,,,,
PRJ-004139,2025,1193036.4,1237769.89,True,,2025-10-08 10:00:00,2025-11-20 10:00:00
PRJ-004140,2025,,,,,,
PRJ-004141,2025,3600000.0,3709829.28,True,,2025-09-21 08:00:00,2025-10-13 08:00:00
PRJ-004142,2025,5391046.8,5391046.8,True,,2025-10-05 10:00:00,
PRJ-004143,2025,1247738.4,1247738.4,True,,2025-08-28 02:00:00,
PRJ-004144,2025,3779360.0,3779360.0,True,,2025-09-22 09:30:00,
PRJ-004145,2025,4720524.02,5531901.09,True,,2025-09-19 08:00:00,2025-10-13 08:00:00
PRJ-004146,2025,4792933.51,4792933.51,True,,2025-09-03 08:00:00,
PRJ-004147,2025,6233615.92,7769509.03,True,,2025-10-01 08:00:00,2025-11-20 08:00:00
PRJ-004148,2025,23187980.04,28131113.92,True,,2025-10-17 08:00:00,2025-11-20 08:00:00
PRJ-004149,2025,7440906.59,8984657.73,True,,2025-08-25 08:00:00,2025-11-20 08:00:00
PRJ-004150,2025,25511780.74,31879204.78,True,,2025-10-20 10:00:00,2025-11-20 10:00:00
PRJ-004151,2025,23121017.02,23121017.02,True,,2025-10-09 09:00:00,
PRJ-004152,2025,,,,,,
PRJ-004153,2025,3000000.0,3000000.0,True,,2025-10-20 09:00:00,
PRJ-004154,2025,7293333.24,7293333.24,True,,2025-08-27 10:00:00,
PRJ-004155,2025,11973600.0,13173547.98,True,,2025-09-20 10:00:00,2025-11-19 10:00:00
PRJ-004156,2025,,,,,,
PRJ-004157,2025,,,,,,
PRJ-004158,2025,25976666.4,25976666.4,True,,2025-10-04 10:00:00,
PRJ-004159,2025,74474186.64,74474186.64,True,,2025-10-01 10:00:00,
PRJ-004160,2025,,,,,,
PRJ-004161,2025,2400000.0,2156399.77,True,,2025-10-15 15:00:00,2025-11-18 15:00:00
PRJ-004162,2025,1599999.6,1599999.6,True,,2025-09-27 11:00:00,
PRJ-004163,2025,3070102.8,2719418.5,True,,2025-09-20 10:00:00,2025-11-06 10:00:00
PRJ-004164,2025,259884000.02,259884000.02,True,,2025-10-08 09:00:00,
PRJ-004165,2025,104670707.64,104670707.64,True,,2025-09-21 10:00:00,
PRJ-004166,2025,,,,,,
PRJ-004167,2025,2373120.0,2373120.0,True,,2025-09-27 09:00:00,
PRJ-004168,2025,5985000.0,5985000.0,True,,2025-09-15 10:00:00,
PRJ-004169,2025,10966800.0,12168819.64,True,,2025-08-24 10:00:00,2025-11-17 10:00:00
PRJ-004170,2025,2199999.6,2359814.84,True,,2025-09-27 10:00:00,2025-11-17 10:00:00
PRJ-004171,2025,179977320.0,179977320.0,True,,2025-10-08 11:00:00,
PRJ-004172,2025,52757760.0,52757760.0,True,,2025-10-03 09:00:00,
PRJ-004173,2025,76851259.38,76851259.38,True,,2025-08-27 10:30:00,
PRJ-004174,2025,1699999.2,1699999.2,True,,2025-09-06 08:30:00,
PRJ-004175,2025,1458600.0,1458600.0,True,,2025-10-11 08:30:00,
PRJ-004176,2025,,,,,,
PRJ-004177,2025,,,,,,
PRJ-004178,2025,,,,,,
PRJ-004179,2025,,,,,,
PRJ-004180,2025,11998800.0,11998800.0,True,,2025-09-05 11:00:00,
PRJ-004181,2025,,,,,,
PRJ-004182,2025,29999558.4,30586042.6,True,,2025-08-22 12:00:00,2025-11-13 12:00:00
PRJ-004183,2025,2724813.6,2724813.6,True,,2025-09-08 10:00:00,
PRJ-004184,2025,7148400.0,7148400.0,True,,2025-10-09 10:00:00,
PRJ-004185,2025,115930.6,115930.6,True,,2025-09-18 08:00:00,
PRJ-004186,2025,20080.66,22140.89,True,,2025-08-17 08:00:00,2025-10-21 08:00:00
PRJ-004187,2025,579556.8,579556.8,True,,2025-09-02 08:00:00,
PRJ-004188,2025,270421.88,270421.88,True,,2025-09-25 08:00:00,
PRJ-004189,2025,746949.08,917974.42,True,,2025-09-18 08:00:00,2025-11-13 08:00:00
PRJ-004190,2025,273838.69,273838.69,True,,2025-10-06 08:00:00,
PRJ-004191,2025,2137182.29,2137182.29,True,,2025-10-10 08:00:00,
PRJ-004192,2025,9578078.4,9578078.4,True,,2025-10-05 08:00:00,
PRJ-004193,2025,5434118.4,5434118.4,True,,2025-08-23 08:00:00,
PRJ-004194,2025,35000000.4,35000000.4,True,,2025-08-31 08:00:00,
PRJ-004195,2025,12398716.8,12398716.8,True,,2025-09-22 12:00:00,
PRJ-004196,2025,,,,,,
PRJ-004197,2025,,,,,,
PRJ-004198,2025,,,,,,
PRJ-004199,2025,9702108.0,9702108.0,True,,2025-09-20 08:30:00,
PRJ-004200,2025,3600000.0,4352615.99,True,,2025-09-11 11:00:00,2025-10-23 11:00:00
PRJ-004201,2025,1661160.0,1661160.0,True,,2025-09-06 10:00:00,
PRJ-004202,2025,,,,,,
PRJ-004203,2025,3999999.6,4969102.36,True,,2025-10-13 12:00:00,2025-10-31 12:00:00
PRJ-004204,2025,4998705.6,4998705.6,True,,2025-10-04 11:00:00,
PRJ-004205,2025,1616000.4,1616000.4,True,,2025-10-10 09:00:00,
PRJ-004206,2025,5964000.0,5964000.0,True,,2025-09-28 09:00:00,
PRJ-004207,2025,59964000.0,59964000.0,True,,2025-08-24 09:00:00,
PRJ-004208,2025,54000000.0,54000000.0,True,,2025-08-18 09:00:00,
PRJ-004209,2025,27499999.2,27499999.2,True,,2025-08-21 11:00:00,
PRJ-004210,2025,8439999.6,8439999.6,True,,2025-09-26 11:00:00,
PRJ-004211,2025,435999.6,435999.6,True,,2025-09-06 11:00:00,
PRJ-004212,2025,3399999.6,3126554.77,True,,2025-10-06 11:00:00,2025-11-12 11:00:00
PRJ-004213,2025,276399.6,244407.34,True,,2025-09-05 11:00:00,2025-11-12 11:00:00
PRJ-004214,2025,8568000.0,7783609.46,True,,2025-09-29 11:00:00,2025-11-12 11:00:00
PRJ-004215,2025,2081998.8,2081998.8,True,,2025-09-10 11:00:00,
PRJ-004216,2025,1476000.0,1476000.0,True,,2025-09-14 11:00:00,
PRJ-004217,2025,3088800.0,3088800.0,True,,2025-10-12 11:00:00,
PRJ-004218,2025,35974369.2,35974369.2,True,,2025-09-21 11:00:00,
PRJ-004219,2025,8207172.0,9190999.34,True,,2025-08-19 11:00:00,2025-11-12 11:00:00
PRJ-004220,2025,2161410.0,2161410.0,True,,2025-10-09 09:00:00,
PRJ-004221,2025,6999999.6,6999999.6,True,,2025-08-14 13:00:00,
PRJ-004222,2025,32483899.18,32483899.18,True,,2025-09-12 10:00:00,
PRJ-004223,2025,9600000.0,8209795.41,True,,2025-10-09 09:00:00,2025-11-11 09:00:00
PRJ-004224,2025,3096000.0,3096000.0,True,,2025-10-05 11:00:00,
PRJ-004225,2025,3505080.0,3083915.63,True,,2025-09-24 11:00:00,2025-11-11 11:00:00
PRJ-004226,2025,409080.0,506402.43,True,,2025-09-02 11:00:00,2025-10-05 11:00:00
PRJ-004227,2025,2123998.8,2241319.29,True,,2025-09-02 13:00:00,2025-11-11 13:00:00
PRJ-004228,2025,,,,,,
PRJ-004229,2025,9999999.6,9999999.6,True,,2025-09-10 09:00:00,
PRJ-004230,2025,1418358.0,1418358.0,True,,2025-09-11 12:00:00,
PRJ-004231,2025,343200.0,343200.0,True,,2025-08-16 08:00:00,
PRJ-004232,2025,8923200.0,8923200.0,True,,2025-10-09 08:00:00,
PRJ-004233,2025,11314452.96,11314452.96,True,,2025-10-12 09:00:00,
PRJ-004234,2025,17249702.4,17249702.4,True,,2025-09-17 11:00:00,
PRJ-004235,2025,4711881.6,4711881.6,True,,2025-09-30 08:00:00,
PRJ-004236,2025,676500.0,587616.78,True,,2025-09-12 08:00:00,2025-10-05 08:00:00
PRJ-004237,2025,3347238.72,3217860.19,True,,2025-08-20 08:00:00,2025-09-29 08:00:00
PRJ-004238,2025,51471505.99,51471505.99,True,,2025-09-22 08:00:00,
PRJ-004239,2025,553027.2,553027.2,True,,2025-08-20 08:00:00,
PRJ-004240,2025,21333384.0,21333384.0,True,,2025-10-10 08:30:00,
PRJ-004241,2025,,,,,,
PRJ-004242,2025,13938012.0,14899577.58,True,,2025-09-04 08:00:00,2025-10-13 08:00:00
PRJ-004243,2025,,,,,,
PRJ-004244,2025,,,,,,
PRJ-004245,2025,,,,,,
PRJ-004246,2025,,,,,,
PRJ-004247,2025,15415404.12,15415404.12,True,,2025-09-29 08:00:00,
PRJ-004248,2025,2700000.0,2700000.0,True,,2025-08-13 09:00:00,
PRJ-004249,2025,1444514.4,1317070.13,True,,2025-08-31 13:00:00,2025-11-06 13:00:00
PRJ-004250,2025,3508809.6,3508809.6,True,,2025-09-11 08:30:00,
PRJ-004251,2025,4461511.2,4461511.2,True,,2025-09-19 08:00:00,
PRJ-004252,2025,1527084.0,1527084.0,True,,2025-09-17 09:00:00,
PRJ-004253,2025,43864082.4,43864082.4,True,,2025-09-27 12:00:00,
PRJ-004254,2025,,,,,,
PRJ-004255,2025,,,,,,
PRJ-004256,2025,18038453.6,18038453.6,True,,2025-09-05 10:00:00,
PRJ-004257,2025,3000000.0,3000000.0,True,,2025-09-09 08:00:00,
PRJ-004258,2025,5194234.8,5194234.8,True,,2025-09-15 08:00:00,
PRJ-004259,2025,826003.2,776010.11,True,,2025-09-02 15:00:00,2025-11-05 15:00:00
PRJ-004260,2025,3796192.8,3796192.8,True,,2025-09-21 15:00:00,
PRJ-004261,2025,2970189.6,3106167.06,True,,2025-09-19 15:00:00,2025-10-27 15:00:00
PRJ-004262,2025,5000000.4,5000000.4,True,,2025-10-01 15:30:00,
PRJ-004263,2025,,,,,,
PRJ-004264,2025,155025914.4,186341242.55,True,,2025-09-02 10:00:00,2025-11-05 10:00:00
PRJ-004265,2025,168141626.4,204917950.37,True,,2025-09-28 10:00:00,2025-11-05 10:00:00
PRJ-004266,2025,,,,,,
PRJ-004267,2025,,,,,,
PRJ-004268,2025,3168840.0,3168840.0,True,,2025-09-13 12:00:00,
PRJ-004269,2025,8069688.0,8069688.0,True,,2025-10-06 09:00:00,
PRJ-004270,2025,2079999.6,2079999.6,True,,2025-09-24 08:00:00,
PRJ-004271,2025,,,,,,
PRJ-004272,2025,204000.0,204000.0,True,,2025-08-31 08:00:00,
PRJ-004273,2025,7196640.0,7196640.0,True,,2025-08-13 08:00:00,
PRJ-004274,2025,504000.0,609724.02,True,,2025-09-03 09:00:00,2025-11-04 09:00:00
PRJ-004275,2025,881866.8,813768.29,True,,2025-09-27 09:00:00,2025-11-04 09:00:00
PRJ-004276,2025,377866.8,377866.8,True,,2025-10-02 09:00:00,
PRJ-004277,2025,,,,,,
PRJ-004278,2025,4320000.0,4320000.0,True,,2025-10-04 14:00:00,
PRJ-004279,2025,2499999.6,2499999.6,True,,2025-09-16 14:00:00,
PRJ-004280,2025,11245855.6,12193354.4,True,,2025-08-22 12:00:00,2025-11-03 12:00:00
PRJ-004281,2025,17776999.2,17776999.2,True,,2025-09-14 10:00:00,
PRJ-004282,2025,,,,,,
PRJ-004283,2025,22998446.4,22998446.4,True,,2025-10-01 08:00:00,
PRJ-004284,2025,39998414.4,43470405.26,True,,2025-09-13 08:00:00,2025-11-03 08:00:00
PRJ-004285,2025,16999968.0,16999968.0,True,,2025-09-18 08:00:00,
PRJ-004286,2025,323777258.4,323777258.4,True,,2025-09-03 11:00:00,
PRJ-004287,2025,,,,,,
PRJ-004288,2025,7299999.6,7299999.6,True,,2025-08-16 10:00:00,
PRJ-004289,2025,50795244.0,50795244.0,True,,2025-08-08 09:00:00,
PRJ-004290,2025,143079252.0,143079252.0,True,,2025-09-01 09:00:00,
PRJ-004291,2025,92284008.0,92284008.0,True,,2025-08-31 09:00:00,
PRJ-004292,2025,19126800.0,19126800.0,True,,2025-08-06 08:00:00,
PRJ-004293,2025,13271040.0,11434970.15,True,,2025-08-11 08:00:00,2025-11-02 08:00:00
PRJ-004294,2025,18542131.2,18542131.2,True,,2025-08-05 08:00:00,
PRJ-004295,2025,2732400.0,3387344.24,True,,2025-08-13 08:00:00,2025-11-02 08:00:00
PRJ-004296,2025,15966720.0,13687923.76,True,,2025-08-16 08:00:00,2025-11-02 08:00:00
PRJ-004297,2025,40335667.2,40335667.2,True,,2025-08-14 08:00:00,
PRJ-004298,2025,146159078.4,146159078.4,True,,2025-09-21 08:00:00,
PRJ-004299,2025,36184320.0,36184320.0,True,,2025-08-25 08:00:00,
PRJ-004300,2025,5994300.0,5994300.0,True,,2025-09-07 10:00:00,
PRJ-004301,2025,9585840.0,9585840.0,True,,2025-08-23 09:00:00,
PRJ-004302,2025,91051095.6,92023230.86,True,,2025-08-12 10:00:00,2025-10-17 10:00:00
PRJ-004303,2025,6984000.0,6984000.0,True,,2025-08-16 10:00:00,
PRJ-004304,2025,4805489.6,5705132.46,True,,2025-08-25 09:30:00,2025-10-30 09:30:00
PRJ-004305,2025,23712000.0,22175345.13,True,,2025-09-24 10:00:00,2025-10-30 10:00:00
PRJ-004306,2025,,,,,,
PRJ-004307,2025,,,,,,
PRJ-004308,2025,6038691.36,6038691.36,True,,2025-09-08 08:30:00,
PRJ-004309,2025,6319701.6,6319701.6,True,,2025-08-15 15:30:00,
PRJ-004310,2025,5280000.0,5280000.0,True,,2025-08-03 13:00:00,
PRJ-004311,2025,2979048.0,2979048.0,True,,2025-08-18 09:00:00,
PRJ-004312,2025,2458800.0,2520260.26,True,,2025-08-09 13:00:00,2025-10-29 13:00:00
PRJ-004313,2025,3600000.0,3600000.0,True,,2025-09-30 10:00:00,
PRJ-004314,2025,32983536.0,32983536.0,True,,2025-08-11 08:00:00,
PRJ-004315,2025,210540051.78,210540051.78,True,,2025-09-03 08:30:00,
PRJ-004316,2025,,,,,,
PRJ-004317,2025,8076268.8,7648916.54,True,,2025-08-16 08:00:00,2025-10-28 08:00:00
PRJ-004318,2025,6370069.2,7209020.18,True,,2025-08-02 08:00:00,2025-10-28 08:00:00
PRJ-004319,2025,5720388.6,5333093.32,True,,2025-08-19 09:00:00,2025-10-28 09:00:00
PRJ-004320,2025,6916320.0,6916320.0,True,,2025-08-31 14:00:00,
PRJ-004321,2025,2509920.0,2509920.0,True,,2025-08-30 10:00:00,
PRJ-004322,2025,1652313.6,1652313.6,True,,2025-08-07 08:00:00,
PRJ-004323,2025,28530.0,31851.86,True,,2025-09-29 08:00:00,2025-10-28 08:00:00
PRJ-004324,2025,30771150.0,34228841.97,True,,2025-08-17 08:00:00,2025-09-27 08:00:00
PRJ-004325,2025,29090306.4,29090306.4,True,,2025-08-26 08:00:00,
PRJ-004326,2025,10773537.6,10773537.6,True,,2025-09-10 09:00:00,
PRJ-004327,2025,3090937.5,3090937.5,True,,2025-08-26 08:00:00,
PRJ-004328,2025,7401553.2,7401553.2,True,,2025-09-09 10:00:00,
PRJ-004329,2025,,,,,,
PRJ-004330,2025,98988474.56,98988474.56,True,,2025-09-02 08:30:00,
PRJ-004331,2025,,,,,,
PRJ-004332,2025,12566271.6,12566271.6,True,,2025-09-24 12:00:00,
PRJ-004333,2025,88177172.4,88177172.4,True,,2025-09-05 10:00:00,
PRJ-004334,2025,7500000.0,7500000.0,True,,2025-08-01 08:00:00,
PRJ-004335,2025,,,,,,
PRJ-004336,2025,3104400.0,3104400.0,True,,2025-08-22 12:00:00,
PRJ-004337,2025,,,,,,
PRJ-004338,2025,1263780.0,1263780.0,True,,2025-08-13 12:00:00,
PRJ-004339,2025,,,,,,
PRJ-004340,2025,8740766.4,8740766.4,True,,2025-09-02 10:00:00,
PRJ-004341,2025,,,,,,
PRJ-004342,2025,5985319.2,5985319.2,True,,2025-08-17 08:00:00,
PRJ-004343,2025,300645379.09,300645379.09,True,,2025-09-12 08:30:00,
PRJ-004344,2025,,,,,,
PRJ-004345,2025,,,,,,
PRJ-004346,2025,3168840.0,3168840.0,True,,2025-09-08 12:00:00,
PRJ-004347,2025,5000000.4,5000000.4,True,,2025-09-14 12:00:00,
PRJ-004348,2025,1500000.0,1500000.0,True,,2025-08-17 10:00:00,
PRJ-004349,2025,3969600.0,3969600.0,True,,2025-08-27 09:00:00,
PRJ-004350,2025,235698550.18,235698550.18,True,,2025-08-16 08:30:00,
PRJ-004351,2025,214806326.22,214806326.22,True,,2025-09-02 08:30:00,
PRJ-004352,2025,2931499.99,2931499.99,True,,2025-07-27 08:00:00,
PRJ-004353,2025,0.0,0.0,True,,2025-08-31 09:00:00,
PRJ-004354,2025,765000.0,765000.0,True,,2025-08-06 08:30:00,
PRJ-004355,2025,622200.0,622200.0,True,,2025-09-11 08:30:00,
PRJ-004356,2025,367200.0,367200.0,True,,2025-09-14 08:30:00,
PRJ-004357,2025,,,,,,
PRJ-004358,2025,1329000.0,1196894.41,True,,2025-08-13 08:00:00,2025-10-22 08:00:00
PRJ-004359,2025,2613000.0,2613000.0,True,,2025-09-17 08:00:00,
PRJ-004360,2025,1999536.0,1999536.0,True,,2025-08-23 10:00:00,
PRJ-004361,2025,5058381.6,5058381.6,True,,2025-08-30 10:00:00,
PRJ-004362,2025,,,,,,
PRJ-004363,2025,4798522.8,4798522.8,True,,2025-08-26 09:30:00,
PRJ-004364,2025,,,,,,
PRJ-004365,2025,15503178.0,15503178.0,True,,2025-08-10 10:00:00,
PRJ-004366,2025,20132889.6,20132889.6,True,,2025-08-01 10:00:00,
PRJ-004367,2025,23714036.4,23714036.4,True,,2025-08-11 10:00:00,
PRJ-004368,2025,20022856.8,20022856.8,True,,2025-09-22 10:00:00,
PRJ-004369,2025,100635337.2,100635337.2,True,,2025-08-20 10:00:00,
PRJ-004370,2025,21262376.4,21262376.4,True,,2025-08-10 10:00:00,
PRJ-004371,2025,249242284.8,249242284.8,True,,2025-09-19 08:00:00,
PRJ-004372,2025,13777800.0,15903965.92,True,,2025-09-01 08:00:00,2025-10-03 08:00:00
PRJ-004373,2025,3799200.0,3799200.0,True,,2025-09-06 15:00:00,
PRJ-004374,2025,12398716.8,12398716.8,True,,2025-08-09 14:00:00,
PRJ-004375,2025,2780618.24,2780618.24,True,,2025-07-26 08:00:00,
PRJ-004376,2025,3168316.58,3256730.28,True,,2025-08-11 08:00:00,2025-10-01 08:00:00
PRJ-004377,2025,4194944.62,4194944.62,True,,2025-09-02 08:00:00,
PRJ-004378,2025,4199416.52,4199416.52,True,,2025-09-01 08:00:00,
PRJ-004379,2025,4280595.4,4280595.4,True,,2025-09-19 08:00:00,
PRJ-004380,2025,4684581.58,4684581.58,True,,2025-08-03 08:00:00,
PRJ-004381,2025,5058815.99,5058815.99,True,,2025-07-31 08:00:00,
PRJ-004382,2025,5646324.43,5068868.08,True,,2025-09-15 08:00:00,2025-10-21 08:00:00
PRJ-004383,2025,8489332.4,9391805.37,True,,2025-09-04 08:00:00,2025-10-21 08:00:00
PRJ-004384,2025,8711120.23,8711120.23,True,,2025-09-10 08:00:00,
PRJ-004385,2025,60186063.2,60186063.2,True,,2025-09-09 08:00:00,
PRJ-004386,2025,8971997.21,8971997.21,True,,2025-07-28 08:00:00,
PRJ-004387,2025,2759727.6,2759727.6,True,,2025-09-06 08:00:00,
PRJ-004388,2025,4474000.0,4474000.0,True,,2025-09-08 09:00:00,
PRJ-004389,2025,2316000.0,2288358.28,True,,2025-09-07 08:00:00,2025-10-20 08:00:00
PRJ-004390,2025,3799905.6,3799905.6,True,,2025-09-07 08:30:00,
PRJ-004391,2025,30771150.0,30771150.0,True,,2025-09-12 08:00:00,
PRJ-004392,2025,9978735.6,9978735.6,True,,2025-08-08 11:00:00,
PRJ-004393,2025,39446744.4,33926559.12,True,,2025-09-04 12:00:00,2025-10-20 12:00:00
PRJ-004394,2025,199471592.62,239043890.99,True,,2025-09-13 08:30:00,2025-10-20 08:30:00
PRJ-004395,2025,360000000.0,360000000.0,True,,2025-08-13 14:30:00,
PRJ-004396,2025,14398500.0,14398500.0,True,,2025-09-07 08:00:00,
PRJ-004397,2025,,,,,,
PRJ-004398,2025,3000000.0,3000000.0,True,,2025-09-01 10:00:00,
PRJ-004399,2025,12566271.6,12566271.6,True,,2025-08-08 12:00:00,
PRJ-004400,2025,8045499.96,8045499.96,True,,2025-09-08 10:00:00,
PRJ-004401,2025,88839099.96,88839099.96,True,,2025-09-16 10:00:00,
PRJ-004402,2025,80793600.0,80793600.0,True,,2025-08-27 10:00:00,
PRJ-004403,2025,,,,,,
PRJ-004404,2025,1500000.0,1832156.78,True,,2025-08-16 08:00:00,2025-09-14 08:00:00
PRJ-004405,2025,19800000.0,19800000.0,True,,2025-08-20 11:00:00,
PRJ-004406,2025,29999783.28,29999783.28,True,,2025-08-18 00:00:00,
PRJ-004407,2025,4158621.6,4158621.6,True,,2025-07-26 12:00:00,
PRJ-004408,2025,4278044.4,4194120.6,True,,2025-08-31 12:00:00,2025-10-16 12:00:00
PRJ-004409,2025,7770667.2,7770667.2,True,,2025-08-15 08:00:00,
PRJ-004410,2025,826003.2,826003.2,True,,2025-09-16 12:00:00,
PRJ-004411,2025,2970189.6,2970189.6,True,,2025-08-28 12:00:00,
PRJ-004412,2025,3796192.8,3796192.8,True,,2025-08-17 12:00:00,
PRJ-004413,2025,8000000.4,8000000.4,True,,2025-08-17 09:00:00,
PRJ-004414,2025,1317114.0,1317114.0,True,,2025-08-19 08:00:00,
PRJ-004415,2025,4050000.0,4050000.0,True,,2025-09-15 08:00:00,
PRJ-004416,2025,3960000.0,4150744.67,True,,2025-07-20 12:00:00,2025-08-04 12:00:00
PRJ-004417,2025,17091814.8,17091814.8,True,,2025-08-10 09:00:00,
PRJ-004418,2025,60755959.38,60755959.38,True,,2025-08-14 08:00:00,
PRJ-004419,2025,4118400.0,3742380.6,True,,2025-08-08 13:00:00,2025-10-15 13:00:00
PRJ-004420,2025,7299999.6,7299999.6,True,,2025-09-03 10:00:00,
PRJ-004421,2025,3985600.0,3985600.0,True,,2025-08-13 11:30:00,
PRJ-004422,2025,6999999.6,6693581.83,True,,2025-07-25 09:00:00,2025-09-12 09:00:00
PRJ-004423,2025,1572900.0,1572900.0,True,,2025-07-20 08:00:00,
PRJ-004424,2025,4926116.4,4733867.8,True,,2025-08-15 10:00:00,2025-10-15 10:00:00
PRJ-004425,2025,1994220.0,1994220.0,True,,2025-07-18 09:00:00,
PRJ-004426,2025,8499999.6,9751338.76,True,,2025-08-16 12:00:00,2025-09-22 12:00:00
PRJ-004427,2025,5942199.6,5423478.17,True,,2025-08-16 10:00:00,2025-10-15 10:00:00
PRJ-004428,2025,3473000.4,3473000.4,True,,2025-08-08 08:00:00,
PRJ-004429,2025,19119999.6,19119999.6,True,,2025-07-21 08:00:00,
PRJ-004430,2025,9931375.2,9931375.2,True,,2025-08-03 10:00:00,
PRJ-004431,2025,22820046.0,22820046.0,True,,2025-08-16 14:00:00,
PRJ-004432,2025,2715240.0,2978863.55,True,,2025-08-04 09:00:00,2025-10-14 09:00:00
PRJ-004433,2025,7070400.0,8646938.65,True,,2025-09-07 10:00:00,2025-10-14 10:00:00
PRJ-004434,2025,8069688.0,9394538.91,True,,2025-09-04 09:00:00,2025-10-14 09:00:00
PRJ-004435,2025,3564634.8,3258690.72,True,,2025-07-24 10:00:00,2025-08-28 10:00:00
PRJ-004436,2025,1449199.2,1449199.2,True,,2025-08-02 08:00:00,
PRJ-004437,2025,11906311.2,14413828.24,True,,2025-09-04 08:30:00,2025-10-08 08:30:00
PRJ-004438,2025,238709433.6,238709433.6,True,,2025-07-30 11:00:00,
PRJ-004439,2025,,,,,,
PRJ-004440,2025,279441000.0,279441000.0,True,,2025-09-05 08:00:00,
PRJ-004441,2025,18570631.2,18570631.2,True,,2025-09-09 08:00:00,
PRJ-004442,2025,,,,,,
PRJ-004443,2025,9999998.4,9999998.4,True,,2025-07-20 08:30:00,
PRJ-004444,2025,4780468.8,4780468.8,True,,2025-08-31 09:00:00,
PRJ-004445,2025,6999999.6,6999999.6,True,,2025-08-02 11:00:00,
PRJ-004446,2025,18090600.0,18090600.0,True,,2025-09-07 10:00:00,
PRJ-004447,2025,120480000.0,120480000.0,True,,2025-08-29 09:00:00,
PRJ-004448,2025,9006378.0,10267275.29,True,,2025-08-23 10:00:00,2025-10-12 10:00:00
PRJ-004449,2025,4200000.0,5063963.69,True,,2025-08-28 10:00:00,2025-10-12 10:00:00
PRJ-004450,2025,1245370.8,1311400.61,True,,2025-08-25 09:00:00,2025-10-12 09:00:00
PRJ-004451,2025,72776324.12,72776324.12,True,,2025-08-03 10:00:00,
PRJ-004452,2025,15999999.6,15999999.6,True,,2025-08-08 10:00:00,
PRJ-004453,2025,,,,,,
PRJ-004454,2025,,,,,,
PRJ-004455,2025,,,,,,
PRJ-004456,2025,3168840.0,2952813.7,True,,2025-07-29 12:00:00,2025-10-09 12:00:00
PRJ-004457,2025,9616839.6,8470476.96,True,,2025-08-03 15:30:00,2025-10-09 15:30:00
PRJ-004458,2025,,,,,,
PRJ-004459,2025,293322113.46,293322113.46,True,,2025-07-30 08:30:00,
PRJ-004460,2025,15139800.0,15139800.0,True,,2025-08-19 09:30:00,
PRJ-004461,2025,549921275.71,549921275.71,True,,2025-07-21 08:00:00,
PRJ-004462,2025,1500000.0,1500000.0,True,,2025-08-27 09:00:00,
PRJ-004463,2025,6916320.0,6916320.0,True,,2025-08-05 12:00:00,
PRJ-004464,2025,3999999.6,3999999.6,True,,2025-08-26 11:00:00,
PRJ-004465,2025,6609212.0,6609212.0,True,,2025-08-15 08:00:00,
PRJ-004466,2025,4106281.67,4106281.67,True,,2025-08-26 08:00:00,
PRJ-004467,2025,8499650.4,8499650.4,True,,2025-08-17 11:00:00,
PRJ-004468,2025,2499192.0,2499192.0,True,,2025-09-01 14:00:00,
PRJ-004469,2025,9928800.0,9928800.0,True,,2025-08-29 11:30:00,
PRJ-004470,2025,,,,,,
PRJ-004471,2025,562456572.5,562456572.5,True,,2025-08-22 08:00:00,
PRJ-004472,2025,100684800.0,100684800.0,True,,2025-07-27 09:00:00,
PRJ-004473,2025,7943467.2,7943467.2,True,,2025-08-02 00:00:00,
PRJ-004474,2025,15300000.0,17104586.58,True,,2025-07-20 09:00:00,2025-10-06 09:00:00
PRJ-004475,2025,387224.4,341245.26,True,,2025-07-20 09:00:00,2025-09-15 09:00:00
PRJ-004476,2025,62730.0,62730.0,True,,2025-08-01 09:00:00,
PRJ-004477,2025,84583.2,84583.2,True,,2025-07-22 09:00:00,
PRJ-004478,2025,92397.6,96061.64,True,,2025-07-31 09:00:00,2025-10-06 09:00:00
PRJ-004479,2025,19024552.8,22278892.32,True,,2025-08-15 09:00:00,2025-10-06 09:00:00
PRJ-004480,2025,,,,,,
PRJ-004481,2025,,,,,,
PRJ-004482,2025,12912343.2,12912343.2,True,,2025-08-23 09:30:00,
PRJ-004483,2025,,,,,,
PRJ-004484,2025,,,,,,
PRJ-004485,2025,,,,,,
PRJ-004486,2025,4869999.6,4869999.6,True,,2025-08-04 08:30:00,
PRJ-004487,2025,2999400.0,2999400.0,True,,2025-07-28 09:00:00,
PRJ-004488,2025,2509920.0,2509920.0,True,,2025-07-11 02:00:00,
PRJ-004489,2025,,,,,,
PRJ-004490,2025,159924983.24,180039977.52,True,,2025-08-03 10:00:00,2025-10-02 10:00:00
PRJ-004491,2025,,,,,,
PRJ-004492,2025,,,,,,
PRJ-004493,2025,3999999.6,3999999.6,True,880000.0,2025-08-06 09:00:00,
PRJ-004494,2025,3099984.0,3090493.19,True,,2025-08-27 00:00:00,2025-10-01 00:00:00
PRJ-004495,2025,9833107.6,9833107.6,True,,2025-08-09 10:00:00,
PRJ-004496,2025,12000000.0,10816245.5,True,,2025-07-25 00:00:00,2025-08-09 00:00:00
PRJ-004497,2025,,,,,,
PRJ-004498,2025,,,,,,
PRJ-004499,2025,11280000.0,11280000.0,True,,2025-08-27 11:00:00,
PRJ-004500,2025,17318974.14,19714114.21,True,,2025-08-04 08:00:00,2025-09-30 08:00:00
PRJ-004501,2025,107229917.4,107229917.4,True,,2025-08-30 08:00:00,
PRJ-004502,2025,32552278.8,29616792.68,True,,2025-08-14 08:00:00,2025-09-30 08:00:00
PRJ-004503,2025,124059700.8,124059700.8,True,,2025-08-09 08:00:00,
PRJ-004504,2025,4005050.4,4005050.4,True,,2025-08-31 09:30:00,
PRJ-004505,2025,13605050.4,13605050.4,True,,2025-07-30 09:30:00,
PRJ-004506,2025,,,,,,
PRJ-004507,2025,,,,,,
PRJ-004508,2025,,,,,,
PRJ-004509,2025,1661160.0,1661160.0,True,,2025-08-31 10:00:00,
PRJ-004510,2025,6999999.6,6999999.6,True,,2025-08-28 09:00:00,
PRJ-004511,2025,11077759.2,11077759.2,True,,2025-08-23 09:00:00,
PRJ-004512,2025,3960000.0,3960000.0,True,,2025-08-30 15:00:00,
PRJ-004513,2025,4999999.2,4999999.2,True,,2025-07-15 13:30:00,
PRJ-004514,2025,42002000.4,42002000.4,True,,2025-08-05 11:00:00,
PRJ-004515,2025,,,,,,
PRJ-004516,2025,10183479.6,10183479.6,True,,2025-08-01 11:00:00,
PRJ-004517,2025,15570888.0,15570888.0,True,,2025-08-23 11:00:00,
PRJ-004518,2025,36854367.6,36854367.6,True,,2025-08-09 11:00:00,
PRJ-004519,2025,,,,,,
PRJ-004520,2025,6038691.36,6038691.36,True,,2025-08-04 08:30:00,
PRJ-004521,2025,,,,,,
PRJ-004522,2025,,,,,,
PRJ-004523,2025,7500000.0,6877908.86,True,,2025-08-04 09:00:00,2025-09-25 09:00:00
PRJ-004524,2025,1826035.2,1826035.2,True,,2025-07-28 11:00:00,
PRJ-004525,2025,479271.6,479271.6,True,,2025-08-07 08:00:00,
PRJ-004526,2025,3370014.0,3370014.0,True,,2025-08-20 08:00:00,
PRJ-004527,2025,20246730.0,18058074.9,True,,2025-08-24 09:00:00,2025-09-25 09:00:00
PRJ-004528,2025,77942857.2,77942857.2,True,,2025-08-05 11:00:00,
PRJ-004529,2025,32983536.0,35168115.02,True,,2025-08-17 08:00:00,2025-09-25 08:00:00
PRJ-004530,2025,,,,,,
PRJ-004531,2025,9999999.6,9999999.6,True,,2025-08-14 10:00:00,
PRJ-004532,2025,5996000.0,6665190.34,True,,2025-07-23 08:00:00,2025-09-24 08:00:00
PRJ-004533,2025,27322758.0,27322758.0,True,,2025-08-15 08:00:00,
PRJ-004534,2025,,,,,,
PRJ-004535,2025,294042676.31,285042438.8,True,,2025-07-17 11:00:00,2025-09-23 11:00:00
PRJ-004536,2025,1785399.6,2053317.51,True,,2025-08-25 08:00:00,2025-09-23 08:00:00
PRJ-004537,2025,8000000.4,8000000.4,True,,2025-08-16 10:00:00,
PRJ-004538,2025,,,,,,
PRJ-004539,2025,1339200.0,1339200.0,True,,2025-08-03 08:00:00,
PRJ-004540,2025,,,,,,
PRJ-004541,2025,519996.0,519996.0,True,,2025-07-31 08:00:00,
PRJ-004542,2025,86271009.62,86271009.62,True,,2025-07-30 11:00:00,
PRJ-004543,2025,4987880.4,4650291.36,True,,2025-08-22 09:00:00,2025-09-22 09:00:00
PRJ-004544,2025,3740072.66,3740072.66,True,,2025-08-19 11:00:00,
PRJ-004545,2025,65820560.0,65820560.0,True,,2025-08-20 11:00:00,
PRJ-004546,2025,2979048.0,2979048.0,True,,2025-08-21 09:30:00,
PRJ-004547,2025,4500000.0,4500000.0,True,,2025-07-19 08:30:00,
PRJ-004548,2025,8891234.4,8891234.4,True,,2025-06-24 08:00:00,
PRJ-004549,2025,2250636.0,2250636.0,True,,2025-07-12 08:00:00,
PRJ-004550,2025,6000000.0,5540318.56,True,,2025-08-14 15:00:00,2025-09-18 15:00:00
PRJ-004551,2025,,,,,,
PRJ-004552,2025,,,,,,
PRJ-004553,2025,1894200.0,1894200.0,True,,2025-08-15 08:00:00,
PRJ-004554,2025,4210200.0,4175586.51,True,,2025-06-21 08:00:00,2025-09-17 08:00:00
PRJ-004555,2025,2316000.0,2316000.0,True,,2025-07-22 08:00:00,
PRJ-004556,2025,7778422.51,7778422.51,True,,2025-06-21 11:00:00,
PRJ-004557,2025,2949999.6,2949999.6,True,,2025-07-06 08:00:00,
PRJ-004558,2025,,,,,,
PRJ-004559,2025,,,,,,
PRJ-004560,2025,,,,,,
PRJ-004561,2025,,,,,,
PRJ-004562,2025,115547820.0,115547820.0,True,131290.0,2025-08-15 11:00:00,
PRJ-004563,2025,3598744.8,3598744.8,True,,2025-07-08 08:00:00,
PRJ-004564,2025,12000000.0,14694778.95,True,,2025-07-11 10:00:00,2025-09-15 10:00:00
PRJ-004565,2025,,,,,,
PRJ-004566,2025,,,,,,
PRJ-004567,2025,0.0,0.0,True,,2025-07-07 08:30:00,
PRJ-004568,2025,148798.8,148798.8,True,,2025-08-13 08:00:00,
PRJ-004569,2025,3999960.0,3999960.0,True,,2025-07-09 10:00:00,
PRJ-004570,2025,228032.4,228032.4,True,,2025-07-03 11:00:00,
PRJ-004571,2025,145796.4,145796.4,True,,2025-07-20 11:00:00,
PRJ-004572,2025,27690.0,24759.19,True,,2025-07-02 11:00:00,2025-09-14 11:00:00
PRJ-004573,2025,155560587.37,140392651.85,True,200000.0,2025-08-02 09:00:00,2025-09-14 09:00:00
PRJ-004574,2025,6000000.0,5816487.75,True,,2025-07-05 11:00:00,2025-09-11 11:00:00
PRJ-004575,2025,3000000.0,3000000.0,True,,2025-07-31 10:00:00,
PRJ-004576,2025,7070400.0,7159825.37,True,,2025-06-28 10:00:00,2025-07-13 10:00:00
PRJ-004577,2025,1084623.6,1123627.4,True,,2025-07-17 12:00:00,2025-09-11 12:00:00
PRJ-004578,2025,118807616.4,118807616.4,True,,2025-08-03 11:00:00,
PRJ-004579,2025,38095137.6,37545134.16,True,,2025-07-04 08:00:00,2025-08-20 08:00:00
PRJ-004580,2025,38538201.06,38538201.06,True,,2025-07-06 11:30:00,
PRJ-004581,2025,27418599.6,27418599.6,True,,2025-06-27 10:00:00,
PRJ-004582,2025,23356807.2,25644846.85,True,,2025-06-20 09:00:00,2025-09-11 09:00:00
PRJ-004583,2025,17950976.44,17950976.44,True,,2025-08-11 08:00:00,
PRJ-004584,2025,3960000.0,3960000.0,True,,2025-08-10 01:00:00,
PRJ-004585,2025,1399920.0,1734837.97,True,,2025-07-02 08:00:00,2025-09-09 08:00:00
PRJ-004586,2025,4494224.8,4494224.8,True,,2025-06-14 08:00:00,
PRJ-004587,2025,4810720.8,4810720.8,True,,2025-06-26 08:00:00,
PRJ-004588,2025,7995600.0,7617533.96,True,,2025-07-31 09:00:00,2025-09-09 09:00:00
PRJ-004589,2025,7111534.8,7111534.8,True,,2025-07-15 10:30:00,
PRJ-004590,2025,244944950.4,244944950.4,True,,2025-06-18 10:00:00,
PRJ-004591,2025,140400000.0,140400000.0,True,,2025-07-02 10:00:00,
PRJ-004592,2025,7259220.0,6610034.87,True,,2025-07-08 08:00:00,2025-09-09 08:00:00
PRJ-004593,2025,,,,,,
PRJ-004594,2025,85796000.0,85796000.0,True,,2025-08-10 08:00:00,
PRJ-004595,2025,2952000.0,2952000.0,True,,2025-07-23 12:30:00,
PRJ-004596,2025,256000.8,237724.17,True,,2025-06-25 09:00:00,2025-09-08 09:00:00
PRJ-004597,2025,,,,,,
PRJ-004598,2025,5418000.0,5418000.0,True,51999.99,2025-06-10 10:00:00,
PRJ-004599,2025,10062000.0,10062000.0,True,,2025-06-15 10:00:00,
PRJ-004600,2025,4644000.0,4644000.0,True,,2025-07-09 10:00:00,
PRJ-004601,2025,238800000.0,238800000.0,True,,2025-07-13 11:00:00,
PRJ-004602,2025,,,,,,
PRJ-004603,2025,5280000.0,5280000.0,True,,2025-07-30 09:00:00,
PRJ-004604,2025,1062000.0,943699.35,True,,2025-08-03 09:00:00,2025-09-03 09:00:00
PRJ-004605,2025,7302000.0,8683156.97,True,,2025-08-02 09:00:00,2025-09-03 09:00:00
PRJ-004606,2025,960000.0,960000.0,True,,2025-06-10 09:00:00,
PRJ-004607,2025,5000000.4,5000000.4,True,,2025-06-21 10:30:00,
PRJ-004608,2025,12000000.0,12000000.0,True,,2025-06-22 11:00:00,
PRJ-004609,2025,1317114.0,1340318.16,True,,2025-07-24 08:00:00,2025-09-03 08:00:00
PRJ-004610,2025,509478811.2,494236487.23,True,,2025-07-12 10:30:00,2025-09-03 10:30:00
PRJ-004611,2025,,,,,,
PRJ-004612,2025,42924684.0,42924684.0,True,,2025-07-12 09:00:00,
PRJ-004613,2025,,,,,,
PRJ-004614,2025,,,,,,
PRJ-004615,2025,,,,,,
PRJ-004616,2025,,,,,,
PRJ-004617,2025,1499815.2,1499815.2,True,,2025-06-24 02:00:00,
PRJ-004618,2025,2499999.6,2499999.6,True,,2025-07-23 02:30:00,
PRJ-004619,2025,1974480.0,1974480.0,True,,2025-06-13 10:00:00,
PRJ-004620,2025,30116880.0,33538309.69,True,,2025-07-22 09:00:00,2025-09-02 09:00:00
PRJ-004621,2025,,,,,,
PRJ-004622,2025,7500000.0,7500000.0,True,,2025-07-14 10:00:00,
PRJ-004623,2025,,,,,,
PRJ-004624,2025,11120000.4,11120000.4,True,,2025-06-13 10:00:00,
PRJ-004625,2025,5840096.4,5840096.4,True,,2025-08-01 10:00:00,
PRJ-004626,2025,238260000.0,238260000.0,True,,2025-06-08 11:00:00,
PRJ-004627,2025,125010993.6,125010993.6,True,,2025-07-27 08:30:00,
PRJ-004628,2025,41998364.4,43909435.62,True,,2025-06-27 11:00:00,2025-08-09 11:00:00
PRJ-004629,2025,950833.2,1113953.95,True,,2025-07-23 08:00:00,2025-08-28 08:00:00
PRJ-004630,2025,1920472.8,1920472.8,True,,2025-06-16 08:00:00,
PRJ-004631,2025,969639.6,969639.6,True,,2025-07-12 08:00:00,
PRJ-004632,2025,1945948.08,2071764.89,True,,2025-06-24 11:30:00,2025-08-28 11:30:00
PRJ-004633,2025,51658.56,51658.56,True,,2025-05-31 08:00:00,
PRJ-004634,2025,34220.88,34220.88,True,,2025-07-29 08:00:00,
PRJ-004635,2025,39774.24,49228.03,True,,2025-07-01 08:00:00,2025-08-28 08:00:00
PRJ-004636,2025,24533.28,24533.28,True,,2025-07-04 08:00:00,
PRJ-004637,2025,125220.82,125220.82,True,,2025-07-21 08:00:00,
PRJ-004638,2025,39902.54,39902.54,True,,2025-07-10 08:00:00,
PRJ-004639,2025,2325.02,2700.39,True,,2025-07-18 08:00:00,2025-08-19 08:00:00
PRJ-004640,2025,157541.76,157541.76,True,,2025-07-23 08:00:00,
PRJ-004641,2025,26021.74,26021.74,True,,2025-07-13 08:00:00,
PRJ-004642,2025,117482.4,117482.4,True,,2025-07-05 08:00:00,
PRJ-004643,2025,33893.64,33893.64,True,,2025-07-05 08:00:00,
PRJ-004644,2025,23250.24,23250.24,True,,2025-07-11 08:00:00,
PRJ-004645,2025,11751.48,13730.88,True,,2025-06-26 08:00:00,2025-08-28 08:00:00
PRJ-004646,2025,9942.91,10439.16,True,,2025-07-01 08:00:00,2025-08-28 08:00:00
PRJ-004647,2025,5598.72,5598.72,True,,2025-07-14 08:00:00,
PRJ-004648,2025,39004.61,44661.04,True,,2025-06-28 08:00:00,2025-08-06 08:00:00
PRJ-004649,2025,4652.64,4652.64,True,,2025-06-10 08:00:00,
PRJ-004650,2025,12669.12,13029.52,True,,2025-07-27 08:00:00,2025-08-28 08:00:00
PRJ-004651,2025,3183938.99,3183938.99,True,,2025-07-03 08:00:00,
PRJ-004652,2025,50544.0,50544.0,True,,2025-06-03 08:00:00,
PRJ-004653,2025,71020.8,71020.8,True,,2025-06-04 08:00:00,
PRJ-004654,2025,51645.6,51645.6,True,,2025-07-06 08:00:00,
PRJ-004655,2025,56537.74,59876.47,True,,2025-07-29 08:00:00,2025-08-28 08:00:00
PRJ-004656,2025,96876.0,96876.0,True,,2025-06-29 08:00:00,
PRJ-004657,2025,387244.8,387244.8,True,,2025-07-06 08:00:00,
PRJ-004658,2025,1719883.92,1719883.92,True,,2025-06-29 08:00:00,
PRJ-004659,2025,785064.96,785064.96,True,,2025-06-04 08:00:00,
PRJ-004660,2025,50126.84,50126.84,True,,2025-07-12 08:00:00,
PRJ-004661,2025,327005.76,364757.73,True,,2025-07-22 08:00:00,2025-08-28 08:00:00
PRJ-004662,2025,1030397.76,1030397.76,True,,2025-07-13 08:00:00,
PRJ-004663,2025,392571.36,392571.36,True,,2025-07-08 08:00:00,
PRJ-004664,2025,1018850.4,1018850.4,True,,2025-06-20 08:00:00,
PRJ-004665,2025,15496.01,15496.01,True,,2025-06-09 08:00:00,
PRJ-004666,2025,64566.72,64566.72,True,,2025-06-01 08:00:00,
PRJ-004667,2025,212811.91,212811.91,True,,2025-06-23 08:00:00,
PRJ-004668,2025,51653.38,49311.75,True,,2025-06-10 08:00:00,2025-07-11 08:00:00
PRJ-004669,2025,16270.81,17773.01,True,,2025-06-08 08:00:00,2025-08-28 08:00:00
PRJ-004670,2025,5069.69,4720.72,True,,2025-05-31 08:00:00,2025-08-28 08:00:00
PRJ-004671,2025,1678.74,1678.74,True,,2025-07-21 08:00:00,
PRJ-004672,2025,41322.7,41322.7,True,,2025-06-05 08:00:00,
PRJ-004673,2025,253101.54,314117.54,True,,2025-07-01 08:00:00,2025-08-12 08:00:00
PRJ-004674,2025,483647.77,566579.14,True,,2025-07-22 08:00:00,2025-08-28 08:00:00
PRJ-004675,2025,421233.31,421233.31,True,,2025-07-15 08:00:00,
PRJ-004676,2025,71020.8,71020.8,True,,2025-07-21 08:00:00,
PRJ-004677,2025,78506.5,78506.5,True,,2025-06-09 08:00:00,
PRJ-004678,2025,237608.64,237608.64,True,,2025-07-23 08:00:00,
PRJ-004679,2025,483647.77,483647.77,True,,2025-07-15 08:00:00,
PRJ-004680,2025,445510.37,520180.96,True,,2025-07-29 08:00:00,2025-08-28 08:00:00
PRJ-004681,2025,64540.8,64540.8,True,,2025-06-20 08:00:00,
PRJ-004682,2025,83644.87,84036.14,True,,2025-05-31 08:00:00,2025-08-28 08:00:00
PRJ-004683,2025,51710.4,63792.67,True,,2025-07-19 08:00:00,2025-08-28 08:00:00
PRJ-004684,2025,38737.44,38737.44,True,,2025-06-10 08:00:00,
PRJ-004685,2025,9297.5,9297.5,True,,2025-05-31 08:00:00,
PRJ-004686,2025,16472.4,16472.4,True,,2025-07-10 08:00:00,
PRJ-004687,2025,39795.79,39795.79,True,,2025-06-20 08:00:00,
PRJ-004688,2025,101403.84,101403.84,True,,2025-07-04 08:00:00,
PRJ-004689,2025,276600.74,276600.74,True,,2025-06-13 08:00:00,
PRJ-004690,2025,167870.88,186839.96,True,,2025-06-28 08:00:00,2025-08-28 08:00:00
PRJ-004691,2025,254756.16,254756.16,True,,2025-06-10 08:00:00,
PRJ-004692,2025,344738.46,344738.46,True,,2025-07-11 08:00:00,
PRJ-004693,2025,22819.68,22819.68,True,,2025-06-01 08:00:00,
PRJ-004694,2025,39921.72,39921.72,True,,2025-07-27 08:00:00,
PRJ-004695,2025,16945.58,18843.23,True,,2025-06-24 08:00:00,2025-07-10 08:00:00
PRJ-004696,2025,147020.3,147020.3,True,,2025-06-24 08:00:00,
PRJ-004697,2025,11802163.69,11802163.69,True,,2025-06-04 08:00:00,
PRJ-004698,2025,445525.92,445525.92,True,,2025-06-18 08:00:00,
PRJ-004699,2025,60755959.38,75792106.29,True,,2025-07-03 08:00:00,2025-07-19 08:00:00
PRJ-004700,2025,,,,,,
PRJ-004701,2025,12000000.0,12000000.0,True,,2025-06-27 11:00:00,
PRJ-004702,2025,11280000.0,11280000.0,True,,2025-07-28 11:00:00,
PRJ-004703,2025,228032.4,228032.4,True,,2025-07-11 14:00:00,
PRJ-004704,2025,145796.4,173754.77,True,,2025-07-12 14:00:00,2025-08-27 14:00:00
PRJ-004705,2025,27690.0,27690.0,True,,2025-06-30 14:00:00,
PRJ-004706,2025,4529952.0,4529952.0,True,,2025-07-29 14:00:00,
PRJ-004707,2025,6434470.8,7371452.53,True,,2025-07-21 14:00:00,2025-08-13 14:00:00
PRJ-004708,2025,1503000.0,1755264.68,True,,2025-06-04 14:00:00,2025-08-27 14:00:00
PRJ-004709,2025,4900309.2,4900309.2,True,,2025-07-24 08:00:00,
PRJ-004710,2025,9833427.6,9860111.17,True,,2025-07-13 09:00:00,2025-08-27 09:00:00
PRJ-004711,2025,64946400.0,64946400.0,True,,2025-07-10 11:00:00,
PRJ-004712,2025,199999999.99,218802807.04,True,,2025-07-26 10:00:00,2025-08-27 10:00:00
PRJ-004713,2025,21600000.0,21600000.0,True,,2025-07-04 08:30:00,
PRJ-004714,2025,42041600.0,42041600.0,True,,2025-06-24 09:30:00,
PRJ-004715,2025,,,,,,
PRJ-004716,2025,2499600.0,2499600.0,True,,2025-06-05 08:00:00,
PRJ-004717,2025,1398787.2,1398787.2,True,,2025-07-17 08:00:00,
PRJ-004718,2025,2830800.0,2830800.0,True,,2025-06-29 10:00:00,
PRJ-004719,2025,301279.2,274033.97,True,,2025-07-25 09:00:00,2025-08-26 09:00:00
PRJ-004720,2025,416299.2,416299.2,True,,2025-06-14 09:00:00,
PRJ-004721,2025,547440.0,547440.0,True,,2025-06-14 09:00:00,
PRJ-004722,2025,751867.2,751867.2,True,,2025-07-05 09:00:00,
PRJ-004723,2025,3595626.0,3595626.0,True,,2025-07-20 09:00:00,
PRJ-004724,2025,276660.0,271831.43,True,,2025-07-08 09:00:00,2025-08-18 09:00:00
PRJ-004725,2025,1796102.4,1570666.48,True,,2025-07-25 09:00:00,2025-08-26 09:00:00
PRJ-004726,2025,179864356.8,179864356.8,True,,2025-07-23 08:00:00,
PRJ-004727,2025,937128.0,970728.14,True,,2025-06-10 08:30:00,2025-08-25 08:30:00
PRJ-004728,2025,3956527.68,4313350.95,True,,2025-07-18 08:30:00,2025-08-25 08:30:00
PRJ-004729,2025,2031846.96,2031846.96,True,,2025-07-11 08:30:00,
PRJ-004730,2025,8555042.64,8555042.64,True,,2025-07-14 08:30:00,
PRJ-004731,2025,1629540.0,1629540.0,True,,2025-07-26 08:30:00,
PRJ-004732,2025,7496080.8,7496080.8,True,,2025-07-21 08:00:00,
PRJ-004733,2025,11340000.0,11340000.0,True,,2025-06-10 10:00:00,
PRJ-004734,2025,599040.0,599040.0,True,,2025-06-10 10:00:00,
PRJ-004735,2025,37347840.0,37347840.0,True,,2025-07-02 10:00:00,
PRJ-004736,2025,36748800.0,36748800.0,True,,2025-06-07 10:00:00,
PRJ-004737,2025,179807512.56,179807512.56,True,,2025-07-05 08:00:00,
PRJ-004738,2025,145882585.03,145882585.03,True,,2025-06-24 08:00:00,
PRJ-004739,2025,,,,,,
PRJ-004740,2025,,,,,,
PRJ-004741,2025,,,,,,
PRJ-004742,2025,13998537.6,13998537.6,True,,2025-06-04 12:00:00,
PRJ-004743,2025,2112343.2,2112343.2,True,,2025-06-21 00:00:00,
PRJ-004744,2025,8848594.8,8538605.53,True,,2025-05-30 09:00:00,2025-07-11 09:00:00
PRJ-004745,2025,5142660.0,5142660.0,True,,2025-06-06 09:00:00,
PRJ-004746,2025,5942200.0,5942200.0,True,,2025-07-11 10:00:00,
PRJ-004747,2025,9999999.6,9999999.6,True,,2025-07-06 08:00:00,
PRJ-004748,2025,5996000.0,5996000.0,True,,2025-07-16 08:00:00,
PRJ-004749,2025,4106281.67,4106281.67,True,,2025-05-28 08:00:00,
PRJ-004750,2025,3480000.0,3480000.0,True,,2025-06-03 10:00:00,
PRJ-004751,2025,805860.0,805860.0,True,,2025-07-07 10:00:00,
PRJ-004752,2025,38714005.2,42109913.31,True,,2025-06-01 08:00:00,2025-07-24 08:00:00
PRJ-004753,2025,3740072.66,3740072.66,True,,2025-06-21 11:00:00,
PRJ-004754,2025,1420734.0,1420734.0,True,,2025-06-06 00:00:00,
PRJ-004755,2025,911493.6,1003882.43,True,,2025-05-27 00:00:00,2025-08-20 00:00:00
PRJ-004756,2025,13053470.4,13053470.4,True,,2025-07-04 10:00:00,
PRJ-004757,2025,2880000.0,2880000.0,True,,2025-07-06 08:00:00,
PRJ-004758,2025,211992000.0,231574463.89,True,,2025-07-14 11:00:00,2025-08-19 11:00:00
PRJ-004759,2025,4810720.8,4810720.8,True,,2025-07-14 08:00:00,
PRJ-004760,2025,5416104.0,5271472.73,True,,2025-07-19 08:00:00,2025-08-14 08:00:00
PRJ-004761,2025,88702845.6,100346434.32,True,,2025-05-25 02:30:00,2025-08-18 02:30:00
PRJ-004762,2025,1998960.07,1998960.07,True,,2025-06-18 08:30:00,
PRJ-004763,2025,2499999.6,2499999.6,True,,2025-05-29 10:00:00,
PRJ-004764,2025,12000000.0,12000000.0,True,,2025-05-20 10:00:00,
PRJ-004765,2025,60070480.0,67343995.36,True,,2025-05-29 10:00:00,2025-07-04 10:00:00
PRJ-004766,2025,,,,,,
PRJ-004767,2025,33492522.0,31567057.73,True,,2025-05-24 08:00:00,2025-06-14 08:00:00
PRJ-004768,2025,68034766.8,68034766.8,True,,2025-05-29 10:00:00,
PRJ-004769,2025,,,,,,
PRJ-004770,2025,3480000.0,3480000.0,True,,2025-06-24 12:30:00,
PRJ-004771,2025,8168010.0,8168010.0,True,,2025-07-10 10:00:00,
PRJ-004772,2025,,,,,,
PRJ-004773,2025,9831600.0,11351207.28,True,,2025-05-31 10:00:00,2025-08-13 10:00:00
PRJ-004774,2025,5150000.4,5391004.73,True,,2025-06-10 10:00:00,2025-08-13 10:00:00
PRJ-004775,2025,6234892.8,6721465.57,True,,2025-06-23 08:30:00,2025-07-30 08:30:00
PRJ-004776,2025,4743987.6,4743987.6,True,,2025-07-03 08:30:00,
PRJ-004777,2025,2099924.4,2099924.4,True,,2025-07-07 09:00:00,
PRJ-004778,2025,1600000.0,1439986.45,True,,2025-06-24 08:00:00,2025-08-13 08:00:00
PRJ-004779,2025,,,,,,
PRJ-004780,2025,3598744.8,3598744.8,True,,2025-05-20 08:00:00,
PRJ-004781,2025,202364941.2,202364941.2,True,,2025-05-21 11:00:00,
PRJ-004782,2025,300000000.0,287589605.69,True,,2025-06-28 08:00:00,2025-08-08 08:00:00
PRJ-004783,2025,3600000.0,3600000.0,True,,2025-05-24 08:30:00,
PRJ-004784,2025,4800000.0,4800000.0,True,,2025-06-13 08:30:00,
PRJ-004785,2025,1200000.0,1200000.0,True,,2025-06-13 08:30:00,
PRJ-004786,2025,11674125.6,14214548.68,True,,2025-06-10 10:00:00,2025-08-11 10:00:00
PRJ-004787,2025,12647728.82,14567164.41,True,,2025-06-14 08:00:00,2025-08-11 08:00:00
PRJ-004788,2025,1499815.2,1499815.2,True,,2025-06-15 12:00:00,
PRJ-004789,2025,,,,,,
PRJ-004790,2025,6609212.0,6609212.0,True,,2025-06-07 08:00:00,
PRJ-004791,2025,2830800.0,2830800.0,True,,2025-05-19 10:00:00,
PRJ-004792,2025,16804056.0,16804056.0,True,,2025-05-27 10:00:00,
PRJ-004793,2025,0.0,0.0,True,,2025-06-20 12:00:00,2025-07-21 12:00:00
PRJ-004794,2025,,,,,,
PRJ-004795,2025,,,,,,
PRJ-004796,2025,5598439.2,5598439.2,True,,2025-06-06 10:00:00,
PRJ-004797,2025,,,,,,
PRJ-004798,2025,1804105.2,1804105.2,True,,2025-06-12 08:00:00,
PRJ-004799,2025,6984000.0,6984000.0,True,,2025-07-09 10:00:00,
PRJ-004800,2025,,,,,,
PRJ-004801,2025,4541745.6,4541745.6,True,,2025-06-19 11:00:00,
PRJ-004802,2025,4200000.0,4200000.0,True,,2025-07-05 10:00:00,
PRJ-004803,2025,299999928.0,299999928.0,True,,2025-06-12 17:00:00,
PRJ-004804,2025,140400000.0,140400000.0,True,,2025-06-02 10:00:00,
PRJ-004805,2025,7109400.0,7109400.0,True,,2025-06-10 10:00:00,
PRJ-004806,2025,,,,,,
PRJ-004807,2025,805860.0,940078.16,True,,2025-05-20 10:00:00,2025-08-05 10:00:00
PRJ-004808,2025,8640000.0,8640000.0,True,,2025-05-17 08:00:00,
PRJ-004809,2025,28418850.0,28418850.0,True,,2025-05-10 15:30:00,
PRJ-004810,2025,6000000.0,6000000.0,True,,2025-06-15 08:30:00,
PRJ-004811,2025,12000000.0,12000000.0,True,,2025-06-15 08:30:00,
PRJ-004812,2025,6000000.0,6000000.0,True,,2025-05-31 08:30:00,
PRJ-004813,2025,143871999.6,143871999.6,True,,2025-05-30 10:00:00,
PRJ-004814,2025,,,,,,
PRJ-004815,2025,2498888.4,2498888.4,True,,2025-07-01 09:00:00,
PRJ-004816,2025,268888.08,268888.08,True,,2025-06-29 08:00:00,
PRJ-004817,2025,84633.6,84633.6,True,,2025-07-04 08:00:00,
PRJ-004818,2025,,,,,,
PRJ-004819,2025,3600000.0,3600000.0,True,,2025-06-05 11:00:00,
PRJ-004820,2025,9960007.2,9960007.2,True,,2025-05-05 15:00:00,
PRJ-004821,2025,2400000.0,2400000.0,True,,2025-06-13 12:00:00,
PRJ-004822,2025,19558543.76,19558543.76,True,,2025-06-03 11:00:00,
PRJ-004823,2025,8499650.4,8499650.4,True,,2025-05-23 11:00:00,
PRJ-004824,2025,95383485.6,102358271.66,True,,2025-05-11 00:00:00,2025-07-24 00:00:00
PRJ-004825,2025,11065423.2,11065423.2,True,,2025-06-16 10:00:00,
PRJ-004826,2025,45016537.0,45016537.0,True,,2025-06-15 08:00:00,
PRJ-004827,2025,139261743.6,139261743.6,True,,2025-05-18 10:00:00,
PRJ-004828,2025,5270000.4,5270000.4,True,,2025-06-27 10:00:00,
PRJ-004829,2025,89412.0,89412.0,True,,2025-05-01 09:00:00,
PRJ-004830,2025,109804.8,109804.8,True,,2025-06-10 09:00:00,
PRJ-004831,2025,176472.0,176472.0,True,,2025-05-12 09:00:00,
PRJ-004832,2025,4926.0,4926.0,True,,2025-05-05 09:00:00,
PRJ-004833,2025,4329.6,4329.6,True,,2025-06-12 09:00:00,
PRJ-004834,2025,373.2,373.2,True,,2025-06-24 09:00:00,
PRJ-004835,2025,14400.0,14400.0,True,,2025-05-17 09:00:00,
PRJ-004836,2025,169413.6,169413.6,True,,2025-06-13 09:00:00,
PRJ-004837,2025,37412.4,37412.4,True,,2025-05-16 09:00:00,
PRJ-004838,2025,423532.8,423532.8,True,,2025-06-08 09:00:00,
PRJ-004839,2025,192943.2,192943.2,True,,2025-06-15 09:00:00,
PRJ-004840,2025,24753.6,24753.6,True,,2025-05-20 09:00:00,
PRJ-004841,2025,16412.4,16412.4,True,,2025-06-11 09:00:00,
PRJ-004842,2025,834360.0,834360.0,True,,2025-05-29 09:00:00,
PRJ-004843,2025,148.8,148.8,True,,2025-05-16 09:00:00,
PRJ-004844,2025,5223.6,5223.6,True,,2025-06-29 09:00:00,
PRJ-004845,2025,123530.4,123530.4,True,,2025-05-03 09:00:00,
PRJ-004846,2025,156471.6,156471.6,True,,2025-06-06 09:00:00,
PRJ-004847,2025,18794511.54,18794511.54,True,,2025-05-03 00:00:00,
PRJ-004848,2025,9987552.7,9987552.7,True,,2025-06-26 08:30:00,
PRJ-004849,2025,30404742.58,27705250.01,True,,2025-06-22 08:30:00,2025-07-28 08:30:00
PRJ-004850,2025,20417189.88,20417189.88,True,,2025-05-26 08:30:00,
PRJ-004851,2025,2632200.0,2632200.0,True,,2025-05-31 11:00:00,
PRJ-004852,2025,8168010.0,8168010.0,True,,2025-05-31 09:00:00,
PRJ-004853,2025,4007016.0,4007016.0,True,,2025-06-26 10:00:00,
PRJ-004854,2025,10892769.0,10892769.0,True,,2025-04-29 10:00:00,
PRJ-004855,2025,175578294.0,175578294.0,True,,2025-06-05 11:00:00,
PRJ-004856,2025,2830800.0,2791138.97,True,,2025-05-19 10:00:00,2025-07-24 10:00:00
PRJ-004857,2025,,,,,,
PRJ-004858,2025,4692550.26,4921543.74,True,,2025-06-25 08:00:00,2025-07-24 08:00:00
PRJ-004859,2025,119916000.0,119916000.0,True,,2025-06-02 10:00:00,
PRJ-004860,2025,4192416.0,4202025.89,True,,2025-06-08 08:00:00,2025-07-24 08:00:00
PRJ-004861,2025,1499815.2,1499815.2,True,,2025-04-30 11:00:00,
PRJ-004862,2025,2669082.0,2669082.0,True,,2025-06-11 08:00:00,
PRJ-004863,2025,13025697.6,13025697.6,True,,2025-05-04 08:00:00,
PRJ-004864,2025,,,,,,
PRJ-004865,2025,4408941.28,4408941.28,True,,2025-06-01 10:00:00,
PRJ-004866,2025,2542809.6,2542809.6,True,,2025-05-29 12:00:00,
PRJ-004867,2025,6385579.2,7620769.61,True,,2025-05-30 08:00:00,2025-07-22 08:00:00
PRJ-004868,2025,9234988.24,9234988.24,True,,2025-04-30 11:00:00,
PRJ-004869,2025,1383120.0,1383120.0,True,,2025-06-02 08:30:00,
PRJ-004870,2025,742356.0,742356.0,True,,2025-05-04 08:30:00,
PRJ-004871,2025,768060.0,768060.0,True,,2025-05-19 08:30:00,
PRJ-004872,2025,979200.0,979200.0,True,,2025-06-17 08:30:00,
PRJ-004873,2025,3488400.0,3488400.0,True,,2025-05-03 08:30:00,
PRJ-004874,2025,754800.0,754800.0,True,,2025-05-25 08:30:00,
PRJ-004875,2025,765000.0,765000.0,True,,2025-05-03 08:30:00,
PRJ-004876,2025,622200.0,689033.09,True,,2025-05-24 08:30:00,2025-06-14 08:30:00
PRJ-004877,2025,367200.0,367200.0,True,,2025-05-20 08:30:00,
PRJ-004878,2025,1275000.0,1275000.0,True,,2025-05-07 08:30:00,
PRJ-004879,2025,1122000.0,1122000.0,True,,2025-05-27 08:30:00,
PRJ-004880,2025,1152600.0,1165961.73,True,,2025-04-29 08:30:00,2025-07-22 08:30:00
PRJ-004881,2025,5999700.0,5999700.0,True,,2025-05-08 08:00:00,
PRJ-004882,2025,235762200.0,235762200.0,True,,2025-04-26 10:30:00,
PRJ-004883,2025,26000000.4,26000000.4,True,,2025-05-02 10:00:00,
PRJ-004884,2025,15139800.0,15139800.0,True,,2025-05-31 10:30:00,
PRJ-004885,2025,1800000.0,1800000.0,True,,2025-05-20 15:00:00,
PRJ-004886,2025,,,,,,
PRJ-004887,2025,4106281.67,4106281.67,True,,2025-05-13 08:00:00,
PRJ-004888,2025,9202718.4,9202718.4,True,,2025-05-21 08:00:00,
PRJ-004889,2025,4742120.4,4955128.78,True,,2025-05-24 08:00:00,2025-07-20 08:00:00
PRJ-004890,2025,4161277.2,4161277.2,True,,2025-06-12 08:00:00,
PRJ-004891,2025,27988640.16,27988640.16,True,,2025-06-09 12:00:00,
PRJ-004892,2025,5662800.0,5662800.0,True,,2025-05-31 12:00:00,
PRJ-004893,2025,3000000.0,3000000.0,True,,2025-05-22 08:00:00,
PRJ-004894,2025,1800000.0,1800000.0,True,,2025-05-17 10:00:00,
PRJ-004895,2025,950833.2,950833.2,True,,2025-06-05 08:00:00,
PRJ-004896,2025,1920472.8,1920472.8,True,,2025-05-16 08:00:00,
PRJ-004897,2025,969639.6,969639.6,True,,2025-05-04 08:00:00,
PRJ-004898,2025,9999999.6,9999999.6,True,,2025-06-09 10:00:00,
PRJ-004899,2025,2487360.0,2904210.08,True,,2025-05-11 10:00:00,2025-07-16 10:00:00
PRJ-004900,2025,18000000.0,18000000.0,True,,2025-06-01 14:00:00,
PRJ-004901,2025,1497339.6,1497339.6,True,,2025-04-24 13:30:00,
PRJ-004902,2025,30000000.0,30000000.0,True,,2025-06-16 14:00:00,
PRJ-004903,2025,23616000.0,23616000.0,True,,2025-04-26 11:00:00,
PRJ-004904,2025,25920000.0,25409058.78,True,,2025-04-18 08:00:00,2025-07-15 08:00:00
PRJ-004905,2025,4541745.6,4541745.6,True,,2025-05-10 11:00:00,
PRJ-004906,2025,8027679.6,7456445.71,True,,2025-05-18 09:00:00,2025-07-14 09:00:00
PRJ-004907,2025,3340.8,3340.8,True,,2025-05-11 09:00:00,
PRJ-004908,2025,43449.6,38095.46,True,,2025-05-10 09:00:00,2025-07-14 09:00:00
PRJ-004909,2025,3811.2,3811.2,True,,2025-05-27 09:00:00,
PRJ-004910,2025,31710.0,31710.0,True,,2025-05-11 09:00:00,
PRJ-004911,2025,21152.4,21152.4,True,,2025-06-09 09:00:00,
PRJ-004912,2025,86126.4,86126.4,True,,2025-06-01 09:00:00,
PRJ-004913,2025,692745.6,692745.6,True,,2025-04-28 09:00:00,
PRJ-004914,2025,426192.0,426192.0,True,,2025-06-15 09:00:00,
PRJ-004915,2025,32983536.0,32983536.0,True,,2025-04-17 08:00:00,
PRJ-004916,2025,1218822.0,1073569.95,True,,2025-05-22 11:00:00,2025-07-14 11:00:00
PRJ-004917,2025,41990400.0,41990400.0,True,,2025-04-25 08:00:00,
PRJ-004918,2025,38584626.48,38584626.48,True,,2025-05-13 09:00:00,
PRJ-004919,2025,5799360.0,5799360.0,True,,2025-04-22 08:00:00,
PRJ-004920,2025,3170724.0,3170724.0,True,,2025-05-02 08:00:00,
PRJ-004921,2025,15092048.4,15092048.4,True,,2025-05-07 08:00:00,
PRJ-004922,2025,22980062.4,22980062.4,True,,2025-06-04 08:00:00,
PRJ-004923,2025,95971894.8,102953458.02,True,,2025-05-13 08:00:00,2025-07-13 08:00:00
PRJ-004924,2025,48929700.0,48929700.0,True,,2025-05-20 08:00:00,
PRJ-004925,2025,2830800.0,2830800.0,True,,2025-05-26 10:00:00,
PRJ-004926,2025,3999999.6,3999999.6,True,,2025-05-14 10:00:00,
PRJ-004927,2025,3963000.0,4257735.65,True,,2025-05-12 10:00:00,2025-07-10 10:00:00
PRJ-004928,2025,12912343.2,12912343.2,True,,2025-05-04 00:00:00,
PRJ-004929,2025,8660000.0,8660000.0,True,,2025-05-13 14:30:00,
PRJ-004930,2025,1399999.2,1399999.2,True,,2025-05-16 11:00:00,
PRJ-004931,2025,21600000.0,21600000.0,True,,2025-05-31 08:00:00,
PRJ-004932,2025,10702799.76,11734307.53,True,,2025-04-13 08:00:00,2025-06-22 08:00:00
PRJ-004933,2025,120363599.76,120363599.76,True,,2025-05-30 08:00:00,
PRJ-004934,2025,88060800.0,88060800.0,True,,2025-05-18 08:00:00,
PRJ-004935,2025,3260000.0,3260000.0,True,,2025-06-03 11:00:00,
PRJ-004936,2025,,,,,,
PRJ-004937,2025,,,,,,
PRJ-004938,2025,5998200.0,6582871.19,True,,2025-04-18 11:00:00,2025-05-15 11:00:00
PRJ-004939,2025,3061872.29,3128249.84,True,,2025-06-06 08:00:00,2025-07-08 08:00:00
PRJ-004940,2025,,,,,,
PRJ-004941,2025,5663199.6,5663199.6,True,,2025-04-25 09:00:00,
PRJ-004942,2025,6095347.2,6095347.2,True,,2025-05-13 10:00:00,
PRJ-004943,2025,29938732.8,36061331.41,True,,2025-04-15 10:00:00,2025-07-07 10:00:00
PRJ-004944,2025,3600000.0,3600000.0,True,,2025-06-08 11:00:00,
PRJ-004945,2025,9296824.08,9296824.08,True,,2025-06-03 08:00:00,
PRJ-004946,2025,15106620.0,15106620.0,True,,2025-05-31 08:00:00,
PRJ-004947,2025,468116.88,426022.09,True,,2025-05-12 08:00:00,2025-06-29 08:00:00
PRJ-004948,2025,479172.0,479172.0,True,,2025-05-05 08:00:00,
PRJ-004949,2025,19681416.12,19681416.12,True,,2025-05-28 08:00:00,
PRJ-004950,2025,7714056.0,7714056.0,True,,2025-04-17 08:00:00,
PRJ-004951,2025,2239932.0,2239932.0,True,,2025-05-01 08:00:00,
PRJ-004952,2025,3174010.8,3174010.8,True,,2025-04-19 08:00:00,
PRJ-004953,2025,26916624.24,26916624.24,True,,2025-06-04 08:00:00,
PRJ-004954,2025,4996266.0,4996266.0,True,,2025-04-23 08:00:00,
PRJ-004955,2025,175200.0,193865.0,True,,2025-04-23 08:00:00,2025-07-07 08:00:00
PRJ-004956,2025,1282323.84,1282323.84,True,,2025-04-17 08:00:00,
PRJ-004957,2025,8388313.2,8388313.2,True,,2025-04-27 08:00:00,
PRJ-004958,2025,3740520.0,3740520.0,True,,2025-04-10 08:00:00,
PRJ-004959,2025,989880.0,918237.98,True,,2025-05-15 08:00:00,2025-07-07 08:00:00
PRJ-004960,2025,5343600.0,5343600.0,True,,2025-04-19 08:00:00,
PRJ-004961,2025,19137480.0,19137480.0,True,,2025-05-25 08:00:00,
PRJ-004962,2025,2158928.28,2158928.28,True,,2025-04-29 08:00:00,
PRJ-004963,2025,1664400.0,1664400.0,True,,2025-05-31 08:00:00,
PRJ-004964,2025,276816.0,276816.0,True,,2025-04-09 08:00:00,
PRJ-004965,2025,706056.0,706056.0,True,,2025-05-03 08:00:00,
PRJ-004966,2025,1439400.28,1439400.28,True,,2025-05-09 08:00:00,
PRJ-004967,2025,1812882.0,1812882.0,True,,2025-04-27 08:00:00,
PRJ-004968,2025,1176091.56,1207743.42,True,,2025-04-26 08:00:00,2025-05-28 08:00:00
PRJ-004969,2025,9500658.0,9500658.0,True,,2025-05-23 08:00:00,
PRJ-004970,2025,9417876.0,9417876.0,True,,2025-05-10 08:00:00,
PRJ-004971,2025,4555200.0,5281720.97,True,,2025-04-20 08:00:00,2025-05-29 08:00:00
PRJ-004972,2025,4828704.72,4828704.72,True,,2025-05-17 08:00:00,
PRJ-004973,2025,5407556.76,4963586.72,True,,2025-04-30 08:00:00,2025-06-20 08:00:00
PRJ-004974,2025,5702760.0,5702760.0,True,,2025-05-03 08:00:00,
PRJ-004975,2025,2918674.32,2918674.32,True,,2025-04-21 08:00:00,
PRJ-004976,2025,738468.0,796526.06,True,,2025-05-15 08:00:00,2025-07-07 08:00:00
PRJ-004977,2025,14040002.4,14040002.4,True,,2025-06-01 08:00:00,
PRJ-004978,2025,27839280.0,27839280.0,True,,2025-04-17 08:00:00,
PRJ-004979,2025,1401118.2,1401118.2,True,,2025-05-15 08:00:00,
PRJ-004980,2025,6863722.8,6863722.8,True,,2025-05-10 08:00:00,
PRJ-004981,2025,2886912.0,2886912.0,True,,2025-04-17 08:00:00,
PRJ-004982,2025,1281649.32,1162007.73,True,,2025-05-13 08:00:00,2025-06-02 08:00:00
PRJ-004983,2025,3306243.0,3306243.0,True,,2025-04-21 08:00:00,
PRJ-004984,2025,4525976.64,4525976.64,True,,2025-06-06 08:00:00,
PRJ-004985,2025,17642.64,17642.64,True,,2025-04-28 08:00:00,
PRJ-004986,2025,18483600.0,18483600.0,True,,2025-05-19 08:00:00,
PRJ-004987,2025,2868610.92,2868610.92,True,,2025-04-19 08:00:00,
PRJ-004988,2025,9505195.68,9505195.68,True,,2025-06-06 08:00:00,
PRJ-004989,2025,988811.28,988811.28,True,,2025-04-16 08:00:00,
PRJ-004990,2025,5831532.0,5831532.0,True,,2025-04-30 08:00:00,
PRJ-004991,2025,4568997.0,4568997.0,True,,2025-05-11 08:00:00,
PRJ-004992,2025,537513.6,537513.6,True,,2025-04-13 08:00:00,
PRJ-004993,2025,14913234.24,14913234.24,True,,2025-04-19 08:00:00,
PRJ-004994,2025,4636799.4,5105613.83,True,,2025-04-18 08:00:00,2025-07-07 08:00:00
PRJ-004995,2025,3289380.0,3289380.0,True,,2025-04-10 08:00:00,
PRJ-004996,2025,436493.28,436493.28,True,,2025-05-06 08:00:00,
PRJ-004997,2025,355401.96,314725.68,True,,2025-05-19 08:00:00,2025-07-07 08:00:00
PRJ-004998,2025,14541600.0,14541600.0,True,,2025-05-04 08:00:00,
PRJ-004999,2025,1944720.0,1944720.0,True,,2025-05-07 08:00:00,
PRJ-005000,2025,492487.2,492487.2,True,,2025-05-22 08:00:00,
PRJ-005001,2025,359852.04,319722.69,True,,2025-05-30 08:00:00,2025-07-07 08:00:00
PRJ-005002,2025,713633.4,713633.4,True,,2025-05-22 08:00:00,
PRJ-005003,2025,11764680.0,11764680.0,True,,2025-05-03 08:00:00,
PRJ-005004,2025,6719971.2,6719971.2,True,,2025-04-21 08:00:00,
PRJ-005005,2025,258420.0,258420.0,True,,2025-04-26 08:00:00,
PRJ-005006,2025,406043.52,406043.52,True,,2025-06-05 08:00:00,
PRJ-005007,2025,671997.12,594570.15,True,,2025-05-13 08:00:00,2025-05-31 08:00:00
PRJ-005008,2025,569400.0,580368.85,True,,2025-04-21 08:00:00,2025-07-07 08:00:00
PRJ-005009,2025,322560.72,322560.72,True,,2025-04-24 08:00:00,
PRJ-005010,2025,444395230.36,431534588.12,True,,2025-04-18 08:00:00,2025-07-07 08:00:00
PRJ-005011,2025,44630448.0,44630448.0,True,,2025-06-07 08:00:00,
PRJ-005012,2025,,,,,,
PRJ-005013,2025,9316953.6,9316953.6,True,,2025-05-25 11:00:00,
PRJ-005014,2025,,,,,,
PRJ-005015,2025,17646559.2,17646559.2,True,,2025-05-03 11:00:00,
PRJ-005016,2025,,,,,,
PRJ-005017,2025,,,,,,
PRJ-005018,2025,1527200.0,1694273.62,True,,2025-04-13 09:00:00,2025-05-10 09:00:00
PRJ-005019,2025,2890051.68,2890051.68,True,,2025-05-19 09:00:00,
PRJ-005020,2025,18649200.0,18649200.0,True,,2025-05-07 14:30:00,
PRJ-005021,2025,7077036.0,7077036.0,True,,2025-05-17 09:00:00,
PRJ-005022,2025,16015452.0,16015452.0,True,,2025-04-26 09:00:00,
PRJ-005023,2025,8938416.0,8938416.0,True,,2025-04-06 09:00:00,
PRJ-005024,2025,4864198.8,4864198.8,True,,2025-05-27 12:00:00,
PRJ-005025,2025,4396958.4,4396958.4,True,,2025-05-19 08:00:00,
PRJ-005026,2025,69993966.36,69993966.36,True,,2025-04-21 08:00:00,
PRJ-005027,2025,75193192.8,75193192.8,True,,2025-04-09 11:00:00,
PRJ-005028,2025,,,,,,
PRJ-005029,2025,7111534.8,7111534.8,True,,2025-05-02 10:00:00,
PRJ-005030,2025,2360859.6,2360859.6,True,,2025-06-03 11:00:00,
PRJ-005031,2025,2937309.6,2937309.6,True,,2025-05-17 08:30:00,
PRJ-005032,2025,5662800.0,5662800.0,True,,2025-05-13 12:00:00,
PRJ-005033,2025,1600000.0,1600000.0,True,,2025-05-26 08:00:00,
PRJ-005034,2025,58793259.6,58793259.6,True,,2025-04-05 09:00:00,
PRJ-005035,2025,,,,,,
PRJ-005036,2025,4999518.0,4999518.0,True,,2025-04-17 10:00:00,
PRJ-005037,2025,4729067.42,4106224.01,True,,2025-05-05 08:00:00,2025-07-01 08:00:00
PRJ-005038,2025,13221024.0,14649851.26,True,,2025-04-06 08:00:00,2025-07-01 08:00:00
PRJ-005039,2025,62641599.6,62641599.6,True,,2025-05-14 08:00:00,
PRJ-005040,2025,176552616.0,176552616.0,True,,2025-04-20 08:00:00,
PRJ-005041,2025,,,,,,
PRJ-005042,2025,5509020.36,5509020.36,True,,2025-04-07 08:30:00,
PRJ-005043,2025,4200000.0,4200000.0,True,,2025-04-09 10:00:00,
PRJ-005044,2025,,,,,,
PRJ-005045,2025,,,,,,
PRJ-005046,2025,3420000.0,3059480.03,True,,2025-04-25 09:00:00,2025-06-30 09:00:00
PRJ-005047,2025,,,,,,
PRJ-005048,2025,3234720.0,3234720.0,True,,2025-04-28 08:00:00,
PRJ-005049,2025,,,,,,
PRJ-005050,2025,1499815.2,1499815.2,True,,2025-05-20 12:00:00,
PRJ-005051,2025,99493273.57,117473155.95,True,,2025-04-04 08:30:00,2025-05-07 08:30:00
PRJ-005052,2025,,,,,,
PRJ-005053,2025,19599999.6,19599999.6,True,,2025-05-20 10:00:00,
PRJ-005054,2025,68487630.0,74014089.95,True,,2025-03-31 11:00:00,2025-06-26 11:00:00
PRJ-005055,2025,,,,,,
PRJ-005056,2025,2999815.2,2999815.2,True,,2025-05-10 08:00:00,
PRJ-005057,2025,5414715.6,5414715.6,True,,2025-04-28 11:00:00,
PRJ-005058,2025,3199992.0,3467130.25,True,,2025-05-22 10:00:00,2025-06-26 10:00:00
PRJ-005059,2025,30116880.0,34346002.75,True,,2025-04-03 10:00:00,2025-06-06 10:00:00
PRJ-005060,2025,4742120.4,4742120.4,True,,2025-05-13 08:00:00,
PRJ-005061,2025,2846400.0,2846400.0,True,,2025-05-19 10:00:00,
PRJ-005062,2025,1497339.6,1497339.6,True,,2025-04-26 15:30:00,
PRJ-005063,2025,8640000.0,7435810.1,True,,2025-04-09 08:00:00,2025-06-17 08:00:00
PRJ-005064,2025,4541745.6,4541745.6,True,,2025-04-25 11:00:00,
PRJ-005065,2025,4416000.0,4416000.0,True,,2025-04-20 08:00:00,
PRJ-005066,2025,2400000.0,2549901.73,True,,2025-04-16 13:30:00,2025-06-24 13:30:00
PRJ-005067,2025,4375281.6,4375281.6,True,,2025-04-22 08:00:00,
PRJ-005068,2025,4200000.0,4200000.0,True,,2025-04-02 10:00:00,
PRJ-005069,2025,12001047.6,12001047.6,True,,2025-04-01 08:00:00,
PRJ-005070,2025,4966466.4,4966466.4,True,,2025-05-23 10:00:00,
PRJ-005071,2025,62822855.63,56846723.67,True,,2025-04-08 08:30:00,2025-06-23 08:30:00
PRJ-005072,2025,,,,,,
PRJ-005073,2025,1500000.0,1500000.0,True,,2025-04-16 08:00:00,
PRJ-005074,2025,2453168.4,2453168.4,True,,2025-04-06 08:30:00,
PRJ-005075,2025,300000000.0,300000000.0,True,,2025-04-07 14:00:00,
PRJ-005076,2025,8723244.0,8723244.0,True,,2025-04-05 09:00:00,
PRJ-005077,2025,1607738.4,1607738.4,True,,2025-03-24 17:00:00,
PRJ-005078,2025,8175216.0,8175216.0,True,,2025-05-05 08:30:00,
PRJ-005079,2025,426192.0,426192.0,True,,2025-03-26 09:00:00,
PRJ-005080,2025,3340.8,3340.8,True,,2025-04-17 09:00:00,
PRJ-005081,2025,43449.6,43449.6,True,,2025-04-26 09:00:00,
PRJ-005082,2025,3811.2,3811.2,True,,2025-04-29 09:00:00,
PRJ-005083,2025,31710.0,31710.0,True,,2025-05-09 09:00:00,
PRJ-005084,2025,21152.4,21152.4,True,,2025-04-07 09:00:00,
PRJ-005085,2025,271832.4,271832.4,True,,2025-05-02 09:00:00,
PRJ-005086,2025,86126.4,86126.4,True,,2025-05-21 09:00:00,
PRJ-005087,2025,692745.6,801190.95,True,,2025-04-01 09:00:00,2025-06-14 09:00:00
PRJ-005088,2025,1457862.0,1563798.03,True,,2025-03-27 09:00:00,2025-06-19 09:00:00
PRJ-005089,2025,446400.0,446400.0,True,,2025-04-20 10:00:00,
PRJ-005090,2025,,,,,,
PRJ-005091,2025,2498888.4,2498888.4,True,,2025-03-29 09:00:00,
PRJ-005092,2025,2393160.0,2393160.0,True,,2025-04-16 09:00:00,
PRJ-005093,2025,,,,,,
PRJ-005094,2025,,,,,,
PRJ-005095,2025,,,,,,
PRJ-005096,2025,24999999.6,24999999.6,True,,2025-04-11 09:00:00,
PRJ-005097,2025,260848605.17,260848605.17,True,,2025-03-31 08:30:00,
PRJ-005098,2025,483111954.77,483111954.77,True,,2025-04-09 08:30:00,
PRJ-005099,2025,222263349.6,222263349.6,True,,2025-04-13 08:30:00,
PRJ-005100,2025,,,,,,
PRJ-005101,2025,,,,,,
PRJ-005102,2025,,,,,,
PRJ-005103,2025,9831600.0,9831600.0,True,,2025-03-24 10:00:00,
PRJ-005104,2025,1999999.2,2061125.82,True,,2025-05-19 12:00:00,2025-06-17 12:00:00
PRJ-005105,2025,2830800.0,2830800.0,True,,2025-05-07 10:00:00,
PRJ-005106,2025,4838832.0,4838832.0,True,,2025-04-14 10:00:00,
PRJ-005107,2025,8499650.4,8499650.4,True,,2025-04-26 09:00:00,
PRJ-005108,2025,1394964.0,1431705.29,True,,2025-05-15 12:00:00,2025-06-16 12:00:00
PRJ-005109,2025,19054920.0,19054920.0,True,,2025-04-14 08:00:00,
PRJ-005110,2025,,,,,,
PRJ-005111,2025,4980570.0,4980570.0,True,,2025-04-23 11:00:00,
PRJ-005112,2025,23121017.02,20256415.27,True,,2025-04-15 08:30:00,2025-06-15 08:30:00
PRJ-005113,2025,7259220.0,7259220.0,True,100000.0,2025-04-09 08:00:00,
PRJ-005114,2025,8350839.6,8569604.1,True,,2025-03-22 08:00:00,2025-05-16 08:00:00
PRJ-005115,2025,18576013.2,18576013.2,True,,2025-04-11 08:00:00,
PRJ-005116,2025,2965953.6,2965953.6,True,,2025-05-01 08:00:00,
PRJ-005117,2025,4002360.0,3789775.27,True,,2025-04-10 10:00:00,2025-06-15 10:00:00
PRJ-005118,2025,,,,,,
PRJ-005119,2025,,,,,,
PRJ-005120,2025,,,,,,
PRJ-005121,2025,445463520.0,401314125.66,True,,2025-04-09 11:00:00,2025-06-12 11:00:00
PRJ-005122,2025,20551675.16,20551675.16,True,,2025-04-11 10:00:00,
PRJ-005123,2025,1492800.0,1492800.0,True,,2025-03-17 10:00:00,
PRJ-005124,2025,2949999.6,2949999.6,True,,2025-04-18 08:00:00,
PRJ-005125,2025,8148000.0,9422634.66,True,,2025-04-14 09:00:00,2025-06-11 09:00:00
PRJ-005126,2025,133646024.4,119298673.26,True,,2025-03-28 10:00:00,2025-06-11 10:00:00
PRJ-005127,2025,107147844.82,107147844.82,True,,2025-04-09 15:30:00,
PRJ-005128,2025,4192416.0,4192416.0,True,,2025-04-16 08:00:00,
PRJ-005129,2025,1989564.0,1989564.0,True,,2025-05-02 12:00:00,
PRJ-005130,2025,9999999.6,8944208.09,True,,2025-03-20 11:00:00,2025-06-10 11:00:00
PRJ-005131,2025,1543881.6,1543881.6,True,,2025-03-14 08:00:00,
PRJ-005132,2025,7383332.4,7383332.4,True,,2025-03-19 08:00:00,
PRJ-005133,2025,9607461.6,9607461.6,True,,2025-04-24 10:00:00,
PRJ-005134,2025,9971978.4,9971978.4,True,,2025-04-01 10:00:00,
PRJ-005135,2025,6840000.0,6840000.0,True,,2025-04-20 08:30:00,
PRJ-005136,2025,23356800.0,27103986.68,True,,2025-05-03 08:30:00,2025-06-10 08:30:00
PRJ-005137,2025,,,,,,
PRJ-005138,2025,7991280.0,7991280.0,True,,2025-04-13 09:00:00,
PRJ-005139,2025,189956844.0,212516869.21,True,,2025-04-27 08:00:00,2025-06-09 08:00:00
PRJ-005140,2025,,,,,,
PRJ-005141,2025,,,,,,
PRJ-005142,2025,,,,,,
PRJ-005143,2025,7500000.0,8866310.83,True,,2025-04-15 09:00:00,2025-05-15 09:00:00
PRJ-005144,2025,,,,,,
PRJ-005145,2025,1496439.6,1738627.65,True,,2025-04-05 10:00:00,2025-04-28 10:00:00
PRJ-005146,2025,10080000.0,10080000.0,True,,2025-05-01 08:00:00,
PRJ-005147,2025,60070480.0,60070480.0,True,,2025-05-01 10:00:00,
PRJ-005148,2025,,,,,,
PRJ-005149,2025,59999481.6,59999481.6,True,,2025-04-30 09:00:00,
PRJ-005150,2025,68999524.0,68999524.0,True,,2025-04-29 11:30:00,
PRJ-005151,2025,63000000.0,63000000.0,True,,2025-05-01 09:00:00,
PRJ-005152,2025,3999999.6,3999999.6,True,,2025-04-06 08:00:00,
PRJ-005153,2025,69045750.0,62373723.04,True,,2025-03-13 08:30:00,2025-04-06 08:30:00
PRJ-005154,2025,149601870.0,149601870.0,True,,2025-04-03 08:30:00,
PRJ-005155,2025,80556120.0,80556120.0,True,,2025-04-14 08:30:00,
PRJ-005156,2025,1899999.6,1899999.6,True,,2025-03-20 00:00:00,
PRJ-005157,2025,,,,,,
PRJ-005158,2025,54000000.0,54000000.0,True,,2025-04-29 08:00:00,
PRJ-005159,2025,805860.0,805860.0,True,,2025-03-30 10:00:00,
PRJ-005160,2025,216019900.8,246055726.5,True,,2025-04-14 09:00:00,2025-06-01 09:00:00
PRJ-005161,2025,,,,,,
PRJ-005162,2025,7398000.0,7398000.0,True,,2025-03-14 12:00:00,
PRJ-005163,2025,,,,,,
PRJ-005164,2025,3384000.0,3384000.0,True,,2025-03-10 12:00:00,
PRJ-005165,2025,999999.6,999999.6,True,,2025-04-19 10:00:00,
PRJ-005166,2025,2999815.2,2999815.2,True,,2025-04-21 10:00:00,
PRJ-005167,2025,25817047.2,25817047.2,True,,2025-03-16 10:00:00,
PRJ-005168,2025,5700000.0,5533716.1,True,,2025-03-24 10:00:00,2025-05-28 10:00:00
PRJ-005169,2025,96000.0,96000.0,True,,2025-04-19 10:00:00,
PRJ-005170,2025,900000.0,900000.0,True,,2025-04-09 10:00:00,
PRJ-005171,2025,17996460.0,17996460.0,True,,2025-04-20 08:00:00,
PRJ-005172,2025,5149068.0,5149068.0,True,,2025-03-13 08:00:00,
PRJ-005173,2025,9237900.0,9237900.0,True,,2025-04-06 08:00:00,
PRJ-005174,2025,4088832.0,4088832.0,True,,2025-04-08 08:00:00,
PRJ-005175,2025,,,,,,
PRJ-005176,2025,2837848.8,2837848.8,True,,2025-03-19 10:00:00,
PRJ-005177,2025,11292267.6,11292267.6,True,,2025-04-13 08:00:00,
PRJ-005178,2025,76536.0,76536.0,True,,2025-03-24 09:00:00,
PRJ-005179,2025,243000.0,227407.37,True,,2025-03-07 09:00:00,2025-05-27 09:00:00
PRJ-005180,2025,106718.4,106718.4,True,,2025-03-16 09:00:00,
PRJ-005181,2025,56707.2,56707.2,True,,2025-04-05 09:00:00,
PRJ-005182,2025,187966.8,187966.8,True,,2025-04-21 09:00:00,
PRJ-005183,2025,193248.0,193248.0,True,,2025-03-28 09:00:00,
PRJ-005184,2025,1797811.2,1771635.56,True,,2025-04-13 09:00:00,2025-05-27 09:00:00
PRJ-005185,2025,92220.0,92220.0,True,,2025-03-08 09:00:00,
PRJ-005186,2025,553251.6,553251.6,True,,2025-04-24 09:00:00,
PRJ-005187,2025,234000.0,234000.0,True,,2025-03-06 09:00:00,
PRJ-005188,2025,75312.0,75312.0,True,,2025-03-04 09:00:00,
PRJ-005189,2025,208137.6,208137.6,True,,2025-04-11 09:00:00,
PRJ-005190,2025,,,,,,
PRJ-005191,2025,3967540.8,3967540.8,True,,2025-04-15 12:00:00,
PRJ-005192,2025,3977998.8,3977998.8,True,,2025-03-30 08:00:00,
PRJ-005193,2025,10116687.6,12193263.68,True,,2025-03-02 08:00:00,2025-04-14 08:00:00
PRJ-005194,2025,246128160.0,246128160.0,True,,2025-03-24 08:00:00,
PRJ-005195,2025,,,,,,
PRJ-005196,2025,2784000.0,2774832.79,True,,2025-03-19 12:00:00,2025-05-25 12:00:00
PRJ-005197,2025,2003335.92,2003335.92,True,,2025-03-19 09:00:00,
PRJ-005198,2025,,,,,,
PRJ-005199,2025,13221024.0,13221024.0,True,,2025-04-19 08:00:00,
PRJ-005200,2025,15983899.2,15983899.2,True,,2025-04-18 08:00:00,
PRJ-005201,2025,2762875.2,2762875.2,True,,2025-03-24 08:00:00,
PRJ-005202,2025,11760000.0,11760000.0,True,,2025-03-02 08:30:00,
PRJ-005203,2025,446400.0,492422.49,True,,2025-04-12 10:00:00,2025-05-25 10:00:00
PRJ-005204,2025,31095804.0,31751454.01,True,,2025-04-20 09:00:00,2025-05-25 09:00:00
PRJ-005205,2025,64994232.37,64994232.37,True,,2025-04-12 09:00:00,
PRJ-005206,2025,10614240.0,10614240.0,True,,2025-04-11 13:30:00,
PRJ-005207,2025,8499650.4,9027757.37,True,,2025-02-27 11:00:00,2025-03-21 11:00:00
PRJ-005208,2025,2000000.4,2000000.4,True,,2025-04-05 10:00:00,
PRJ-005209,2025,1290000.0,1290000.0,True,,2025-04-10 00:00:00,
PRJ-005210,2025,3999999.6,3999999.6,True,,2025-03-18 00:00:00,
PRJ-005211,2025,,,,,,
PRJ-005212,2025,2400000.0,2443969.61,True,,2025-03-30 10:00:00,2025-05-21 10:00:00
PRJ-005213,2025,3000000.0,3000000.0,True,,2025-03-05 15:30:00,
PRJ-005214,2025,1499823.6,1424694.91,True,,2025-03-19 09:00:00,2025-04-04 09:00:00
PRJ-005215,2025,3735072.0,3735072.0,True,,2025-03-16 09:00:00,
PRJ-005216,2025,,,,,,
PRJ-005217,2025,219000.0,219000.0,True,,2025-04-10 09:00:00,
PRJ-005218,2025,1065000.0,1065000.0,True,,2025-02-23 09:00:00,
PRJ-005219,2025,2613000.0,2613000.0,True,,2025-03-18 09:00:00,
PRJ-005220,2025,1329000.0,1329000.0,True,,2025-02-24 09:00:00,
PRJ-005221,2025,,,,,,
PRJ-005222,2025,12564000.0,12564000.0,True,,2025-02-23 08:00:00,
PRJ-005223,2025,99605816.4,89374729.66,True,,2025-02-26 08:30:00,2025-04-23 08:30:00
PRJ-005224,2025,,,,,,
PRJ-005225,2025,,,,,,
PRJ-005226,2025,,,,,,
PRJ-005227,2025,,,,,,
PRJ-005228,2025,1552320.0,1734153.01,True,,2025-03-12 08:00:00,2025-05-13 08:00:00
PRJ-005229,2025,4375281.6,4375281.6,True,,2025-03-22 08:30:00,
PRJ-005230,2025,,,,,,
PRJ-005231,2025,,,,,,
PRJ-005232,2025,1999999.2,2149922.68,True,,2025-04-07 12:00:00,2025-05-18 12:00:00
PRJ-005233,2025,4901641.2,4901641.2,True,,2025-03-02 12:00:00,
PRJ-005234,2025,19558543.76,19558543.76,True,,2025-02-20 11:00:00,
PRJ-005235,2025,,,,,,
PRJ-005236,2025,,,,,,
PRJ-005237,2025,,,,,,
PRJ-005238,2025,1793079.6,1793079.6,True,,2025-04-10 12:00:00,
PRJ-005239,2025,,,,,,
PRJ-005240,2025,,,,,,
PRJ-005241,2025,,,,,,
PRJ-005242,2025,11045000.4,10052637.3,True,,2025-02-15 08:00:00,2025-05-12 08:00:00
PRJ-005243,2025,7056740.4,7056740.4,True,,2025-02-20 11:00:00,
PRJ-005244,2025,37919440.0,42363379.41,True,,2025-03-26 08:30:00,2025-05-11 08:30:00
PRJ-005245,2025,4200000.0,4200000.0,True,,2025-03-24 08:00:00,
PRJ-005246,2025,2999997.6,2999997.6,True,,2025-03-29 10:00:00,
PRJ-005247,2025,4794000.0,4794000.0,True,,2025-03-24 09:00:00,
PRJ-005248,2025,4396820.32,4618466.87,True,,2025-02-21 09:00:00,2025-05-08 09:00:00
PRJ-005249,2025,778200.0,778200.0,True,,2025-02-07 09:00:00,
PRJ-005250,2025,2040638.4,2040638.4,True,,2025-03-06 09:00:00,
PRJ-005251,2025,1262438.4,1462662.8,True,,2025-02-22 09:00:00,2025-05-07 09:00:00
PRJ-005252,2025,9279800.4,9279800.4,True,,2025-03-11 08:00:00,
PRJ-005253,2025,3673680.0,3673680.0,True,,2025-03-01 11:00:00,
PRJ-005254,2025,27156000.0,27156000.0,True,,2025-04-02 08:00:00,
PRJ-005255,2025,1196152.8,1196152.8,True,,2025-04-07 10:30:00,
PRJ-005256,2025,,,,,,
PRJ-005257,2025,1233740.33,1233740.33,True,,2025-02-11 12:30:00,
PRJ-005258,2025,326820.0,326820.0,True,,2025-03-19 09:00:00,
PRJ-005259,2025,770160.0,770160.0,True,,2025-02-15 09:00:00,
PRJ-005260,2025,1191000.0,1088770.23,True,,2025-02-12 09:00:00,2025-03-31 09:00:00
PRJ-005261,2025,540000.0,501696.25,True,,2025-02-21 09:00:00,2025-05-04 09:00:00
PRJ-005262,2025,2999580.0,2999580.0,True,,2025-03-18 09:00:00,
PRJ-005263,2025,171600.0,147157.39,True,,2025-03-21 09:00:00,2025-05-04 09:00:00
PRJ-005264,2025,478800.0,426702.67,True,,2025-03-30 09:00:00,2025-05-04 09:00:00
PRJ-005265,2025,,,,,,
PRJ-005266,2025,5064000.0,5064000.0,True,,2025-03-29 09:00:00,
PRJ-005267,2025,22209600.0,25934307.21,True,,2025-02-08 08:00:00,2025-05-01 08:00:00
PRJ-005268,2025,38827132.0,38827132.0,True,,2025-02-13 08:00:00,
PRJ-005269,2025,51509520.0,51509520.0,True,,2025-03-12 08:00:00,
PRJ-005270,2025,220498672.0,220498672.0,True,,2025-03-24 08:00:00,
PRJ-005271,2025,107952420.0,107952420.0,True,,2025-02-03 08:00:00,
PRJ-005272,2025,275336739.6,275336739.6,True,,2025-03-31 09:00:00,
PRJ-005273,2025,6300102.0,5630668.48,True,,2025-02-10 09:00:00,2025-03-29 09:00:00
PRJ-005274,2025,2481684.0,2308810.83,True,,2025-01-31 08:00:00,2025-04-29 08:00:00
PRJ-005275,2025,8000000.4,8951391.74,True,,2025-02-28 09:00:00,2025-04-29 09:00:00
PRJ-005276,2025,20998800.0,20998800.0,True,,2025-02-21 10:00:00,
PRJ-005277,2025,,,,,,
PRJ-005278,2025,2692912.8,2692912.8,True,,2025-03-09 08:00:00,
PRJ-005279,2025,2692912.8,2692912.8,True,,2025-02-26 08:00:00,
PRJ-005280,2025,2692912.8,3069926.56,True,,2025-03-04 08:00:00,2025-04-29 08:00:00
PRJ-005281,2025,11027167.2,13456683.54,True,,2025-02-05 08:30:00,2025-04-12 08:30:00
PRJ-005282,2025,10771651.2,10771651.2,True,,2025-03-24 08:00:00,
PRJ-005283,2025,924984480.0,924984480.0,True,,2025-02-07 08:00:00,
PRJ-005284,2025,,,,,,
PRJ-005285,2025,29999998.8,32932404.64,True,9999974.0,2025-03-15 10:00:00,2025-04-27 10:00:00
PRJ-005286,2025,6000000.0,6000000.0,True,,2025-03-26 09:00:00,
PRJ-005287,2025,9607461.6,9607461.6,True,,2025-02-16 10:00:00,
PRJ-005288,2025,39513862.8,39513862.8,True,,2025-03-24 13:00:00,
PRJ-005289,2025,3846960.0,3846960.0,True,,2025-02-15 10:00:00,
PRJ-005290,2025,4293360.0,4293360.0,True,,2025-01-29 10:00:00,
PRJ-005291,2025,446400.0,451015.59,True,,2025-01-28 10:00:00,2025-02-12 10:00:00
PRJ-005292,2025,11420890.8,11420890.8,True,,2025-02-10 10:00:00,
PRJ-005293,2025,,,,,,
PRJ-005294,2025,,,,,,
PRJ-005295,2025,10954999.2,10954999.2,True,,2025-03-25 11:00:00,
PRJ-005296,2025,8324913.6,8324913.6,True,,2025-02-12 15:00:00,
PRJ-005297,2025,,,,,,
PRJ-005298,2025,8073060.0,8073060.0,True,,2025-02-23 08:00:00,
PRJ-005299,2025,1500000.0,1500000.0,True,,2025-02-01 13:00:00,
PRJ-005300,2025,,,,,,
PRJ-005301,2025,161670720.0,160268638.87,True,99000.0,2025-02-20 08:00:00,2025-04-22 08:00:00
PRJ-005302,2025,9846910.0,9846910.0,True,,2025-03-08 08:00:00,
PRJ-005303,2025,44482200.0,44482200.0,True,,2025-03-18 08:00:00,
PRJ-005304,2025,57873600.0,57873600.0,True,,2025-03-11 08:00:00,
PRJ-005305,2025,67365600.0,67365600.0,True,,2025-02-24 08:00:00,
PRJ-005306,2025,3780000.0,4613816.07,True,,2025-02-19 08:00:00,2025-03-20 08:00:00
PRJ-005307,2025,476273230.0,476273230.0,True,,2025-01-23 08:00:00,
PRJ-005308,2025,4930400.4,4930400.4,True,,2025-03-21 08:00:00,
PRJ-005309,2025,3060000.0,3060000.0,True,,2025-02-06 09:00:00,
PRJ-005310,2025,,,,,,
PRJ-005311,2025,1784400.0,1784400.0,True,,2025-03-03 09:00:00,
PRJ-005312,2025,1668923910.0,1668923910.0,True,,2025-03-19 08:00:00,
PRJ-005313,2025,3499200.0,3171194.28,True,,2025-02-01 12:00:00,2025-04-21 12:00:00
PRJ-005314,2025,114000.0,126998.77,True,,2025-02-27 10:00:00,2025-04-17 10:00:00
PRJ-005315,2025,178320.0,187867.24,True,,2025-02-14 10:00:00,2025-04-17 10:00:00
PRJ-005316,2025,1331400.0,1331400.0,True,,2025-01-25 10:00:00,
PRJ-005317,2025,1039080.0,1039080.0,True,,2025-01-30 10:00:00,
PRJ-005318,2025,37944240.0,37944240.0,True,,2025-02-02 10:00:00,
PRJ-005319,2025,25895218.8,25895218.8,True,,2025-02-18 10:00:00,
PRJ-005320,2025,15720802.8,15720802.8,True,,2025-01-19 10:00:00,
PRJ-005321,2025,7013034.0,7013034.0,True,,2025-03-11 10:00:00,
PRJ-005322,2025,20083617.6,20083617.6,True,,2025-01-21 10:00:00,
PRJ-005323,2025,26208834.0,26208834.0,True,,2025-02-22 10:00:00,
PRJ-005324,2025,27554623.2,27554623.2,True,,2025-02-13 10:00:00,
PRJ-005325,2025,38772645.6,36211844.48,True,,2025-02-01 10:00:00,2025-04-16 10:00:00
PRJ-005326,2025,30289104.0,30289104.0,True,,2025-02-25 10:00:00,
PRJ-005327,2025,258760022.4,258760022.4,True,,2025-02-05 10:00:00,
PRJ-005328,2025,29277902.4,29277902.4,True,,2025-03-15 10:00:00,
PRJ-005329,2025,5000000.4,4505665.22,True,,2025-01-24 10:00:00,2025-03-13 10:00:00
PRJ-005330,2025,1417200.0,1417200.0,True,,2025-02-07 09:00:00,
PRJ-005331,2025,,,,,,
PRJ-005332,2025,5371772.4,5371772.4,True,,2025-03-10 08:00:00,
PRJ-005333,2025,,,,,,
PRJ-005334,2025,7383332.4,7383332.4,True,,2025-02-25 08:00:00,
PRJ-005335,2025,164689.2,164689.2,True,,2025-01-17 10:00:00,
PRJ-005336,2025,83168895.6,83168895.6,True,,2025-03-11 08:30:00,
PRJ-005337,2025,,,,,,
PRJ-005338,2025,1958539.2,1958539.2,True,,2025-02-23 12:00:00,
PRJ-005339,2025,211089448.0,211089448.0,True,,2025-03-13 08:00:00,
PRJ-005340,2025,,,,,,
PRJ-005341,2025,3269062628.94,3269062628.94,True,,2025-02-02 08:00:00,
PRJ-005342,2025,789399.96,858375.7,True,,2025-02-22 08:00:00,2025-04-13 08:00:00
PRJ-005343,2025,,,,,,
PRJ-005344,2025,208137.6,243196.25,True,,2025-01-11 09:30:00,2025-04-05 09:30:00
PRJ-005345,2025,243000.0,238289.82,True,,2025-01-30 09:30:00,2025-04-10 09:30:00
PRJ-005346,2025,106718.4,106718.4,True,,2025-02-04 09:30:00,
PRJ-005347,2025,56707.2,54294.65,True,,2025-02-25 09:30:00,2025-04-10 09:30:00
PRJ-005348,2025,193248.0,222289.68,True,,2025-02-03 09:30:00,2025-03-04 09:30:00
PRJ-005349,2025,187966.8,187966.8,True,,2025-03-07 09:30:00,
PRJ-005350,2025,76536.0,76536.0,True,,2025-02-02 09:30:00,
PRJ-005351,2025,92220.0,92220.0,True,,2025-02-19 09:30:00,
PRJ-005352,2025,1797811.2,1797811.2,True,,2025-02-23 09:30:00,
PRJ-005353,2025,1973880.0,1973880.0,True,,2025-03-07 09:30:00,
PRJ-005354,2025,553251.6,553251.6,True,,2025-03-06 09:30:00,
PRJ-005355,2025,75312.0,75312.0,True,,2025-01-19 09:30:00,
PRJ-005356,2025,234000.0,234000.0,True,,2025-02-18 09:30:00,
PRJ-005357,2025,,,,,,
PRJ-005358,2025,,,,,,
PRJ-005359,2025,1310400.0,1403955.62,True,,2025-01-12 10:00:00,2025-03-26 10:00:00
PRJ-005360,2025,1793079.6,1793079.6,True,,2025-01-29 12:00:00,
PRJ-005361,2025,129354558.66,129354558.66,True,,2025-02-04 09:00:00,
PRJ-005362,2025,8148000.0,8148000.0,True,,2025-02-05 09:00:00,
PRJ-005363,2025,32400000.0,32400000.0,True,,2025-03-09 16:00:00,
PRJ-005364,2025,,,,,,
PRJ-005365,2025,743755989.6,743755989.6,True,,2025-02-03 08:30:00,
PRJ-005366,2025,,,,,,
PRJ-005367,2025,,,,,,
PRJ-005368,2025,,,,,,
PRJ-005369,2025,25109.04,23862.68,True,,2025-02-17 10:00:00,2025-04-09 10:00:00
PRJ-005370,2025,253696.07,253696.07,True,,2025-02-23 10:00:00,
PRJ-005371,2025,1151225.87,1151225.87,True,,2025-02-05 10:00:00,
PRJ-005372,2025,786671.0,786671.0,True,,2025-03-09 10:00:00,
PRJ-005373,2025,2702775.12,2528820.41,True,,2025-02-12 10:00:00,2025-04-09 10:00:00
PRJ-005374,2025,486073.14,486073.14,True,,2025-01-22 10:00:00,
PRJ-005375,2025,215500.8,215500.8,True,,2025-02-08 08:00:00,
PRJ-005376,2025,17702840.4,17702840.4,True,,2025-01-22 08:00:00,
PRJ-005377,2025,17487339.6,17487339.6,True,,2025-02-06 08:00:00,
PRJ-005378,2025,,,,,,
PRJ-005379,2025,11966463.6,11966463.6,True,,2025-03-08 11:00:00,
PRJ-005380,2025,11779500.0,11779500.0,True,,2025-01-29 13:00:00,
PRJ-005381,2025,35857059.0,38464345.26,True,,2025-01-28 10:00:00,2025-04-08 10:00:00
PRJ-005382,2025,,,,,,
PRJ-005383,2025,,,,,,
PRJ-005384,2025,1499308.63,1499308.63,True,,2025-02-05 08:00:00,
PRJ-005385,2025,,,,,,
PRJ-005386,2025,3846960.0,4209677.92,True,,2025-02-22 10:00:00,2025-04-07 10:00:00
PRJ-005387,2025,4293360.0,4172855.39,True,,2025-02-25 10:00:00,2025-04-07 10:00:00
PRJ-005388,2025,446400.0,446400.0,True,,2025-02-01 10:00:00,
PRJ-005389,2025,1711743.6,1711743.6,True,,2025-03-07 11:30:00,
PRJ-005390,2025,4625424.0,4625424.0,True,,2025-01-30 11:00:00,
PRJ-005391,2025,,,,,,
PRJ-005392,2025,21504490.8,25863246.43,True,,2025-02-05 09:00:00,2025-04-06 09:00:00
PRJ-005393,2025,,,,,,
PRJ-005394,2025,,,,,,
PRJ-005395,2025,3499620.0,3499620.0,True,,2025-02-28 09:00:00,
PRJ-005396,2025,708800.4,708800.4,True,,2025-02-11 10:30:00,
PRJ-005397,2025,8341272.0,8341272.0,True,,2025-03-08 08:00:00,
PRJ-005398,2025,16500000.0,16500000.0,True,,2025-02-06 10:00:00,
PRJ-005399,2025,252159766.8,252159766.8,True,,2025-02-26 10:00:00,
PRJ-005400,2025,235659766.8,235659766.8,True,,2025-01-15 10:00:00,
PRJ-005401,2025,,,,,,
PRJ-005402,2025,,,,,,
PRJ-005403,2025,,,,,,
PRJ-005404,2025,3024000.0,3024000.0,True,,2025-01-23 09:00:00,
PRJ-005405,2025,3977998.8,3977998.8,True,,2025-01-29 08:00:00,
PRJ-005406,2025,14892000.0,14892000.0,True,,2025-02-21 08:00:00,
PRJ-005407,2025,14993700.0,14742558.62,True,,2025-01-04 10:00:00,2025-02-23 10:00:00
PRJ-005408,2025,,,,,,
PRJ-005409,2025,5000000.4,5000000.4,True,,2025-02-18 09:00:00,
PRJ-005410,2025,2099926.8,2099926.8,True,,2025-02-03 12:00:00,
PRJ-005411,2025,,,,,,
PRJ-005412,2025,,,,,,
PRJ-005413,2025,,,,,,
PRJ-005414,2025,8499650.4,9950631.39,True,,2025-02-18 11:00:00,2025-03-25 11:00:00
PRJ-005415,2025,478800.0,478800.0,True,,2025-01-05 09:00:00,
PRJ-005416,2025,15843.55,15843.55,True,,2025-01-20 09:00:00,
PRJ-005417,2025,76204.93,76204.93,True,,2025-02-21 09:00:00,
PRJ-005418,2025,23284.84,23284.84,True,,2025-01-24 09:00:00,
PRJ-005419,2025,16393.02,17996.3,True,,2025-01-02 09:00:00,2025-02-04 09:00:00
PRJ-005420,2025,19568.96,19568.96,True,,2025-01-06 09:00:00,
PRJ-005421,2025,1731.97,1731.97,True,,2025-01-15 09:00:00,
PRJ-005422,2025,29160.0,29160.0,True,,2025-02-24 09:00:00,
PRJ-005423,2025,5891.06,5891.06,True,,2025-02-16 09:00:00,
PRJ-005424,2025,1404.0,1404.0,True,,2025-01-02 09:00:00,
PRJ-005425,2025,11664.0,11664.0,True,,2025-01-03 09:00:00,
PRJ-005426,2025,33192.91,39199.0,True,,2025-02-12 09:00:00,2025-03-05 09:00:00
PRJ-005427,2025,49258.61,49258.61,True,,2025-01-20 09:00:00,
PRJ-005428,2025,15473.68,15473.68,True,,2025-01-04 09:00:00,
PRJ-005429,2025,37778.4,36983.88,True,,2025-01-04 09:00:00,2025-03-31 09:00:00
PRJ-005430,2025,8041.69,8041.69,True,,2025-01-05 09:00:00,
PRJ-005431,2025,21483.04,21483.04,True,,2025-03-02 09:00:00,
PRJ-005432,2025,8904.0,8904.0,True,,2025-01-19 09:00:00,
PRJ-005433,2025,3248.34,3248.34,True,,2025-01-06 09:00:00,
PRJ-005434,2025,52897.62,52897.62,True,,2025-02-23 09:00:00,
PRJ-005435,2025,10448.34,10448.34,True,,2025-01-21 09:00:00,
PRJ-005436,2025,26394.44,24334.11,True,,2025-01-24 09:00:00,2025-03-31 09:00:00
PRJ-005437,2025,2888.1,2888.1,True,,2025-01-19 09:00:00,
PRJ-005438,2025,7237.39,8426.87,True,,2025-02-23 09:00:00,2025-03-31 09:00:00
PRJ-005439,2025,16588.36,16588.36,True,,2025-01-14 09:00:00,
PRJ-005440,2025,30689.28,34772.17,True,,2025-02-14 09:00:00,2025-03-31 09:00:00
PRJ-005441,2025,6327.97,6327.97,True,,2025-02-12 09:00:00,
PRJ-005442,2025,58637.08,58637.08,True,,2025-01-28 09:00:00,
PRJ-005443,2025,8006.4,9543.26,True,,2025-02-13 09:00:00,2025-03-31 09:00:00
PRJ-005444,2025,45096.68,45096.68,True,,2025-01-18 09:00:00,
PRJ-005445,2025,6250.55,6250.55,True,,2025-01-13 09:00:00,
PRJ-005446,2025,8617.09,8617.09,True,,2025-02-03 09:00:00,
PRJ-005447,2025,38367.47,38367.47,True,,2025-02-24 09:00:00,
PRJ-005448,2025,8750.36,9491.77,True,,2025-02-06 09:00:00,2025-02-23 09:00:00
PRJ-005449,2025,5500.37,5500.37,True,,2025-02-17 09:00:00,
PRJ-005450,2025,135187.78,135187.78,True,,2025-02-10 09:00:00,
PRJ-005451,2025,29155.66,29155.66,True,,2025-02-01 09:00:00,
PRJ-005452,2025,1198.98,1198.98,True,,2025-01-17 09:00:00,
PRJ-005453,2025,156888.3,156888.3,True,,2025-02-19 09:00:00,
PRJ-005454,2025,15352.93,17452.87,True,,2025-02-25 09:00:00,2025-03-12 09:00:00
PRJ-005455,2025,77570.4,77570.4,True,,2025-01-22 09:00:00,
PRJ-005456,2025,3489.94,3489.94,True,,2025-02-04 09:00:00,
PRJ-005457,2025,4786.5,4786.5,True,,2025-01-21 09:00:00,
PRJ-005458,2025,78688.64,73128.97,True,,2025-03-01 09:00:00,2025-03-31 09:00:00
PRJ-005459,2025,10716.2,10716.2,True,,2025-01-23 09:00:00,
PRJ-005460,2025,19440.0,22563.78,True,,2025-02-03 09:00:00,2025-03-31 09:00:00
PRJ-005461,2025,4814.09,5493.45,True,,2025-02-22 09:00:00,2025-03-31 09:00:00
PRJ-005462,2025,27171.11,27171.11,True,,2025-02-18 09:00:00,
PRJ-005463,2025,35046.07,35046.07,True,,2025-02-08 09:00:00,
PRJ-005464,2025,118821.52,118821.52,True,,2025-02-07 09:00:00,
PRJ-005465,2025,410572.8,410572.8,True,,2025-02-24 09:00:00,
PRJ-005466,2025,7858.99,7858.99,True,,2025-01-01 09:00:00,
PRJ-005467,2025,633.42,633.42,True,,2025-03-01 09:00:00,
PRJ-005468,2025,1729.92,1729.92,True,,2025-01-15 09:00:00,
PRJ-005469,2025,950.82,950.82,True,,2025-01-19 09:00:00,
PRJ-005470,2025,49841.51,49841.51,True,,2025-02-15 09:00:00,
PRJ-005471,2025,12623.26,12623.26,True,,2025-01-05 09:00:00,
PRJ-005472,2025,1361.83,1698.15,True,,2025-02-01 09:00:00,2025-03-31 09:00:00
PRJ-005473,2025,3181.68,3181.68,True,,2025-02-19 09:00:00,
PRJ-005474,2025,33928.55,33928.55,True,,2025-02-05 09:00:00,
PRJ-005475,2025,2325.44,2325.44,True,,2025-02-21 09:00:00,
PRJ-005476,2025,3949.86,3949.86,True,,2025-01-19 09:00:00,
PRJ-005477,2025,1991.22,1991.22,True,,2025-02-23 09:00:00,
PRJ-005478,2025,6748.7,6748.7,True,,2025-01-02 09:00:00,
PRJ-005479,2025,111905.11,111905.11,True,,2025-01-30 09:00:00,
PRJ-005480,2025,28867.7,28867.7,True,,2025-02-06 09:00:00,
PRJ-005481,2025,108.0,108.0,True,,2025-01-11 09:00:00,
PRJ-005482,2025,101425.0,101425.0,True,,2025-01-21 09:00:00,
PRJ-005483,2025,1684.8,1684.8,True,,2025-01-04 09:00:00,
PRJ-005484,2025,2048.54,2048.54,True,,2025-01-22 09:00:00,
PRJ-005485,2025,134784.0,134784.0,True,,2025-01-08 09:00:00,
PRJ-005486,2025,8754.84,8754.84,True,,2025-01-11 09:00:00,
PRJ-005487,2025,43962.72,43962.72,True,,2025-01-31 09:00:00,
PRJ-005488,2025,5184.0,5125.98,True,,2025-01-03 09:00:00,2025-03-31 09:00:00
PRJ-005489,2025,94166.32,94166.32,True,,2025-02-10 09:00:00,
PRJ-005490,2025,107956.8,107956.8,True,,2025-02-23 09:00:00,
PRJ-005491,2025,1984.06,2076.0,True,,2025-02-19 09:00:00,2025-03-13 09:00:00
PRJ-005492,2025,2611097.58,2611097.58,True,,2025-02-11 09:00:00,
PRJ-005493,2025,1015.07,1093.44,True,,2025-01-11 09:00:00,2025-02-01 09:00:00
PRJ-005494,2025,,,,,,
PRJ-005495,2025,1748400.0,1748400.0,True,,2025-02-04 09:00:00,
PRJ-005496,2025,,,,,,
PRJ-005497,2025,,,,,,
PRJ-005498,2025,1665810.0,1959650.67,True,,2025-01-03 10:00:00,2025-03-20 10:00:00
PRJ-005499,2025,,,,,,
PRJ-005500,2025,,,,,,
PRJ-005501,2025,1997820.0,1997820.0,True,,2025-01-11 10:00:00,
PRJ-005502,2025,9499999.32,9499999.32,True,,2025-02-06 10:00:00,
PRJ-005503,2025,27999999.6,27999999.6,True,,2025-01-31 09:00:00,
PRJ-005504,2025,49999332.0,49999332.0,True,,2025-01-24 10:00:00,
PRJ-005505,2025,3999999.6,3999999.6,True,,2025-02-12 15:00:00,
PRJ-005506,2025,145182372.0,145182372.0,True,,2025-02-16 08:00:00,
PRJ-005507,2025,14921760.0,15098467.5,True,,2024-12-28 10:00:00,2025-03-26 10:00:00
PRJ-005508,2025,9392000.4,8768851.79,True,,2025-01-14 10:00:00,2025-03-26 10:00:00
PRJ-005509,2025,1592784.0,1840848.36,True,,2025-02-13 10:00:00,2025-03-26 10:00:00
PRJ-005510,2025,465000000.0,474393424.09,True,,2025-01-22 08:00:00,2025-02-27 08:00:00
PRJ-005511,2025,,,,,,
PRJ-005512,2025,1841400.0,1841400.0,True,,2025-01-30 14:00:00,
PRJ-005513,2025,11400000.0,11400000.0,True,,2025-01-16 08:00:00,
PRJ-005514,2025,7518064.8,7518064.8,True,,2025-02-07 08:00:00,
PRJ-005515,2025,1310400.0,1141561.95,True,,2025-02-20 10:00:00,2025-03-25 10:00:00
PRJ-005516,2025,0.0,0.0,True,,2025-01-13 09:00:00,
PRJ-005517,2025,6984000.0,6984000.0,True,,2025-02-18 09:00:00,
PRJ-005518,2025,,,,,,
PRJ-005519,2025,1499520.0,1862294.77,True,,2025-01-19 08:00:00,2025-02-08 08:00:00
PRJ-005520,2025,12960000.0,12375103.55,True,,2025-01-07 10:00:00,2025-03-20 10:00:00
PRJ-005521,2025,19198743.6,19198743.6,True,,2024-12-24 08:00:00,
PRJ-005522,2025,3132960.0,3875720.4,True,,2025-01-30 08:30:00,2025-03-03 08:30:00
PRJ-005523,2025,,,,,,
PRJ-005524,2025,2061619.2,2061619.2,True,,2025-01-14 08:00:00,
PRJ-005525,2025,4283965.2,4283965.2,True,,2025-01-04 10:00:00,
PRJ-005526,2025,1228566.0,1085372.39,True,,2025-01-27 08:00:00,2025-03-19 08:00:00
PRJ-005527,2025,32575.2,32575.2,True,,2025-01-20 09:00:00,
PRJ-005528,2025,38006.4,38006.4,True,,2025-01-17 09:00:00,
PRJ-005529,2025,39092.4,39092.4,True,,2025-01-13 09:00:00,
PRJ-005530,2025,153840.0,153840.0,True,,2025-02-05 09:00:00,
PRJ-005531,2025,151866.0,171017.14,True,,2025-01-08 09:00:00,2025-03-19 09:00:00
PRJ-005532,2025,228000.0,261249.73,True,,2025-01-31 09:30:00,2025-03-19 09:30:00
PRJ-005533,2025,10397359.97,10397359.97,True,,2025-01-15 09:30:00,
PRJ-005534,2025,,,,,,
PRJ-005535,2025,8175216.0,8175216.0,True,,2025-02-13 08:30:00,
PRJ-005536,2025,27851712.0,27851712.0,True,,2024-12-24 15:00:00,
PRJ-005537,2025,17847999.6,17847999.6,True,,2025-01-15 08:00:00,
PRJ-005538,2025,478800.0,478800.0,True,,2025-01-03 09:00:00,
PRJ-005539,2025,4088832.0,4088832.0,True,,2025-02-12 08:00:00,
PRJ-005540,2025,5149068.0,5149068.0,True,,2025-02-05 08:00:00,
PRJ-005541,2025,,,,,,
PRJ-005542,2025,3600000.0,3600000.0,True,,2025-01-18 08:00:00,
PRJ-005543,2025,9576000.0,9576000.0,True,,2024-12-30 08:00:00,
PRJ-005544,2025,,,,,,
PRJ-005545,2025,31275000.0,31275000.0,True,,2025-01-03 10:00:00,
PRJ-005546,2025,2600000.4,2600000.4,True,,2024-12-19 16:00:00,
PRJ-005547,2025,,,,,,
PRJ-005548,2025,547377.11,595633.05,True,,2025-01-12 10:00:00,2025-03-12 10:00:00
PRJ-005549,2025,25109.04,25109.04,True,,2025-01-21 10:00:00,
PRJ-005550,2025,786671.0,786671.0,True,,2025-01-22 10:00:00,
PRJ-005551,2025,1174250.39,1199697.57,True,,2025-02-10 10:00:00,2025-03-12 10:00:00
PRJ-005552,2025,1151225.87,1151225.87,True,,2025-01-23 10:00:00,
PRJ-005553,2025,253696.07,250963.38,True,,2025-01-24 10:00:00,2025-02-24 10:00:00
PRJ-005554,2025,4424402.62,5000593.39,True,,2025-01-21 10:00:00,2025-03-12 10:00:00
PRJ-005555,2025,486073.14,486073.14,True,,2024-12-27 10:00:00,
PRJ-005556,2025,,,,,,
PRJ-005557,2025,1475028.0,1475028.0,True,,2025-02-10 10:00:00,
PRJ-005558,2025,1281900.0,1281900.0,True,,2025-02-09 10:00:00,
PRJ-005559,2025,1433184.0,1433184.0,True,,2025-01-07 10:00:00,
PRJ-005560,2025,1857888.0,1879487.97,True,,2025-01-23 10:00:00,2025-03-12 10:00:00
PRJ-005561,2025,6600000.0,6600000.0,True,,2025-01-14 10:00:00,
PRJ-005562,2025,552000.0,552000.0,True,,2025-01-05 10:00:00,
PRJ-005563,2025,4368740.4,4368740.4,True,,2025-01-07 14:00:00,
PRJ-005564,2025,11354580.0,11354580.0,True,,2025-02-01 14:00:00,
PRJ-005565,2025,9798000.0,9798000.0,True,,2025-01-23 14:00:00,
PRJ-005566,2025,24581379.6,30694953.42,True,,2024-12-22 14:00:00,2025-03-12 14:00:00
PRJ-005567,2025,4714002.0,4714002.0,True,,2025-01-24 14:00:00,
PRJ-005568,2025,6559080.0,6559080.0,True,,2025-01-31 14:00:00,
PRJ-005569,2025,26148099.6,26148099.6,True,,2024-12-20 14:00:00,
PRJ-005570,2025,12998079.6,15540344.11,True,,2025-01-15 14:00:00,2025-03-12 14:00:00
PRJ-005571,2025,50201180.4,50201180.4,True,,2024-12-17 14:00:00,
PRJ-005572,2025,3729039.6,3427155.9,True,,2025-01-24 14:00:00,2025-03-12 14:00:00
PRJ-005573,2025,11079339.6,13828114.1,True,,2025-01-20 14:00:00,2025-03-12 14:00:00
PRJ-005574,2025,5061840.0,4706058.14,True,,2025-01-05 14:00:00,2025-03-01 14:00:00
PRJ-005575,2025,2608200.0,2611049.93,True,,2025-01-28 14:00:00,2025-03-12 14:00:00
PRJ-005576,2025,3890990.4,3890990.4,True,,2025-01-03 14:00:00,
PRJ-005577,2025,15891999.6,15891999.6,True,,2024-12-27 14:00:00,
PRJ-005578,2025,14618340.0,16073345.93,True,,2024-12-19 14:00:00,2025-01-26 14:00:00
PRJ-005579,2025,217681690.8,217681690.8,True,,2025-02-07 14:00:00,
PRJ-005580,2025,10078800.0,10078800.0,True,,2025-01-27 14:00:00,
PRJ-005581,2025,,,,,,
PRJ-005582,2025,,,,,,
PRJ-005583,2025,1798238.4,1798238.4,True,,2025-02-06 08:00:00,
PRJ-005584,2025,7171177.2,7171177.2,True,,2024-12-31 12:00:00,
PRJ-005585,2025,15641107.2,15641107.2,True,,2024-12-16 12:00:00,
PRJ-005586,2025,8469930.0,7295358.56,True,,2025-01-13 12:00:00,2025-03-11 12:00:00
PRJ-005587,2025,144338580.0,144338580.0,True,,2024-12-27 08:00:00,
PRJ-005588,2025,21094200.0,21094200.0,True,,2025-01-05 11:00:00,
PRJ-005589,2025,28662361.2,28662361.2,True,,2025-01-05 11:00:00,
PRJ-005590,2025,7568161.2,7568161.2,True,,2025-02-02 11:00:00,
PRJ-005591,2025,24900531.6,24900531.6,True,,2025-01-13 09:00:00,
PRJ-005592,2025,3000000.0,3000000.0,True,,2025-01-05 09:00:00,
PRJ-005593,2025,,,,,,
PRJ-005594,2025,4999999.2,4999999.2,True,,2025-01-15 08:00:00,
PRJ-005595,2025,,,,,,
PRJ-005596,2025,2499999.6,2499999.6,True,,2024-12-12 08:00:00,
PRJ-005597,2025,,,,,,
PRJ-005598,2025,11863624.56,11863624.56,True,,2024-12-23 08:30:00,
PRJ-005599,2025,11353960.0,11353960.0,True,,2024-12-31 08:00:00,
PRJ-005600,2025,3574120.8,3779658.54,True,,2024-12-28 08:00:00,2025-03-06 08:00:00
PRJ-005601,2025,3000000.0,3000000.0,True,,2025-01-10 11:00:00,
PRJ-005602,2025,19029600.0,23104165.39,True,,2024-12-13 12:00:00,2025-03-06 12:00:00
PRJ-005603,2025,15000000.0,15303620.09,True,,2025-01-29 09:00:00,2025-03-06 09:00:00
PRJ-005604,2025,4975950.0,4975950.0,True,,2024-12-16 10:00:00,
PRJ-005605,2025,468240.0,468240.0,True,,2024-12-09 10:00:00,
PRJ-005606,2025,1089379844.16,1089379844.16,True,,2025-01-29 10:00:00,
PRJ-005607,2025,,,,,,
PRJ-005608,2025,,,,,,
PRJ-005609,2025,193661258.4,194743197.24,True,,2025-02-02 08:30:00,2025-03-05 08:30:00
PRJ-005610,2025,1884912.0,1884912.0,True,,2024-12-24 09:00:00,
PRJ-005611,2025,1427369.46,1567090.57,True,800000.0,2025-01-25 08:00:00,2025-03-05 08:00:00
PRJ-005612,2025,421233.31,421233.31,True,,2025-01-18 08:00:00,
PRJ-005613,2025,483647.77,483647.77,True,,2024-12-12 08:00:00,
PRJ-005614,2025,483647.77,483647.77,True,,2024-12-06 08:00:00,
PRJ-005615,2025,483647.77,569244.88,True,,2024-12-26 08:00:00,2025-01-21 08:00:00
PRJ-005616,2025,253101.54,253101.54,True,,2024-12-07 08:00:00,
PRJ-005617,2025,237561.56,237561.56,True,,2025-01-25 08:00:00,
PRJ-005618,2025,258266.88,316267.14,True,,2025-01-28 08:00:00,2025-03-05 08:00:00
PRJ-005619,2025,41322.7,41322.7,True,,2025-02-01 08:00:00,
PRJ-005620,2025,1678.74,1678.74,True,,2024-12-17 08:00:00,
PRJ-005621,2025,5069.69,5069.69,True,,2024-12-22 08:00:00,
PRJ-005622,2025,16270.81,16270.81,True,,2025-01-16 08:00:00,
PRJ-005623,2025,6973.22,6973.22,True,,2025-01-05 08:00:00,
PRJ-005624,2025,445510.37,445510.37,True,,2024-12-06 08:00:00,
PRJ-005625,2025,130166.51,130166.51,True,,2025-01-09 08:00:00,
PRJ-005626,2025,542618.71,542618.71,True,,2025-01-21 08:00:00,
PRJ-005627,2025,51653.38,58433.25,True,,2025-01-11 08:00:00,2025-03-05 08:00:00
PRJ-005628,2025,212811.91,212811.91,True,,2025-01-10 08:00:00,
PRJ-005629,2025,64566.72,64566.72,True,,2024-12-31 08:00:00,
PRJ-005630,2025,15496.01,15496.01,True,,2024-12-08 08:00:00,
PRJ-005631,2025,13530.24,13530.24,True,,2024-12-31 08:00:00,
PRJ-005632,2025,1122169.6,1401517.49,True,,2024-12-08 08:00:00,2025-03-05 08:00:00
PRJ-005633,2025,1018850.4,1018850.4,True,,2024-12-30 08:00:00,
PRJ-005634,2025,392571.36,392571.36,True,,2025-01-22 08:00:00,
PRJ-005635,2025,2141354.76,2141354.76,True,,2025-01-23 08:00:00,
PRJ-005636,2025,1030397.76,1030397.76,True,,2025-01-05 08:00:00,
PRJ-005637,2025,327005.76,290459.4,True,,2025-01-31 08:00:00,2025-03-05 08:00:00
PRJ-005638,2025,50126.84,50126.84,True,,2024-12-20 08:00:00,
PRJ-005639,2025,785064.96,785064.96,True,,2024-12-21 08:00:00,
PRJ-005640,2025,1719883.92,1719883.92,True,,2025-01-27 08:00:00,
PRJ-005641,2025,12927654.0,12927654.0,True,,2024-12-28 08:00:00,
PRJ-005642,2025,78506.5,86250.6,True,,2025-01-13 08:00:00,2025-02-03 08:00:00
PRJ-005643,2025,387244.8,387244.8,True,,2024-12-30 08:00:00,
PRJ-005644,2025,260278.27,272553.32,True,,2025-01-13 08:00:00,2025-03-05 08:00:00
PRJ-005645,2025,49896.0,49896.0,True,,2024-12-12 08:00:00,
PRJ-005646,2025,96876.0,96876.0,True,,2025-01-22 08:00:00,
PRJ-005647,2025,56537.74,56537.74,True,,2025-01-04 08:00:00,
PRJ-005648,2025,51645.6,51645.6,True,,2025-01-14 08:00:00,
PRJ-005649,2025,46469.38,46469.38,True,,2025-01-07 08:00:00,
PRJ-005650,2025,71020.8,71020.8,True,,2024-12-26 08:00:00,
PRJ-005651,2025,279002.88,279002.88,True,,2025-01-11 08:00:00,
PRJ-005652,2025,50544.0,50544.0,True,,2024-12-16 08:00:00,
PRJ-005653,2025,153563.04,153563.04,True,,2024-12-27 08:00:00,
PRJ-005654,2025,12669.12,12294.61,True,,2025-01-14 08:00:00,2025-02-06 08:00:00
PRJ-005655,2025,232424.64,232424.64,True,,2025-01-19 08:00:00,
PRJ-005656,2025,194734.37,201332.93,True,,2024-12-14 08:00:00,2025-03-05 08:00:00
PRJ-005657,2025,4652.64,4652.64,True,,2025-01-23 08:00:00,
PRJ-005658,2025,39004.61,39004.61,True,,2024-12-09 08:00:00,
PRJ-005659,2025,5598.72,5598.72,True,,2024-12-11 08:00:00,
PRJ-005660,2025,9942.91,9550.52,True,,2025-01-18 08:00:00,2025-03-05 08:00:00
PRJ-005661,2025,18597.08,18597.08,True,,2025-01-15 08:00:00,
PRJ-005662,2025,11751.48,11751.48,True,,2024-12-12 08:00:00,
PRJ-005663,2025,23250.24,23250.24,True,,2025-01-26 08:00:00,
PRJ-005664,2025,33893.64,33893.64,True,,2025-01-17 08:00:00,
PRJ-005665,2025,117482.4,117482.4,True,,2025-01-27 08:00:00,
PRJ-005666,2025,26021.74,26021.74,True,,2025-01-26 08:00:00,
PRJ-005667,2025,157541.76,157541.76,True,,2025-01-05 08:00:00,
PRJ-005668,2025,2325.02,2325.02,True,,2024-12-27 08:00:00,
PRJ-005669,2025,39902.54,39902.54,True,,2024-12-23 08:00:00,
PRJ-005670,2025,237608.64,237608.64,True,,2024-12-06 08:00:00,
PRJ-005671,2025,125220.82,125220.82,True,,2024-12-16 08:00:00,
PRJ-005672,2025,24533.28,24533.28,True,,2025-01-28 08:00:00,
PRJ-005673,2025,39774.24,34147.74,True,,2025-01-18 08:00:00,2025-03-05 08:00:00
PRJ-005674,2025,18600.19,18600.19,True,,2024-12-23 08:00:00,
PRJ-005675,2025,34220.88,34220.88,True,,2025-01-25 08:00:00,
PRJ-005676,2025,51658.56,51658.56,True,,2024-12-06 08:00:00,
PRJ-005677,2025,71020.8,71020.8,True,,2025-01-12 08:00:00,
PRJ-005678,2025,64540.8,76228.23,True,,2024-12-27 08:00:00,2025-02-12 08:00:00
PRJ-005679,2025,43908.48,43908.48,True,,2025-01-31 08:00:00,
PRJ-005680,2025,83644.87,83644.87,True,,2025-01-28 08:00:00,
PRJ-005681,2025,51710.4,51710.4,True,,2025-01-02 08:00:00,
PRJ-005682,2025,38737.44,44020.39,True,,2025-01-06 08:00:00,2025-03-03 08:00:00
PRJ-005683,2025,12397.02,12397.02,True,,2024-12-12 08:00:00,
PRJ-005684,2025,10124.35,10124.35,True,,2025-01-06 08:00:00,
PRJ-005685,2025,22830.66,22275.81,True,,2025-01-27 08:00:00,2025-03-05 08:00:00
PRJ-005686,2025,54882.36,54882.36,True,,2024-12-24 08:00:00,
PRJ-005687,2025,9297.5,9297.5,True,,2024-12-17 08:00:00,
PRJ-005688,2025,250475.59,307859.35,True,,2024-12-19 08:00:00,2025-03-05 08:00:00
PRJ-005689,2025,16472.4,16472.4,True,,2024-12-19 08:00:00,
PRJ-005690,2025,39795.79,39795.79,True,,2025-01-15 08:00:00,
PRJ-005691,2025,101403.84,101403.84,True,,2024-12-17 08:00:00,
PRJ-005692,2025,276600.74,342456.41,True,,2025-01-13 08:00:00,2025-03-05 08:00:00
PRJ-005693,2025,167870.88,167870.88,True,,2025-01-02 08:00:00,
PRJ-005694,2025,254756.16,254756.16,True,,2025-01-13 08:00:00,
PRJ-005695,2025,344738.46,344738.46,True,,2024-12-21 08:00:00,
PRJ-005696,2025,22819.68,22819.68,True,,2025-01-29 08:00:00,
PRJ-005697,2025,161596.15,161596.15,True,,2025-01-27 08:00:00,
PRJ-005698,2025,39921.72,39921.72,True,,2025-01-20 08:00:00,
PRJ-005699,2025,16945.58,19346.45,True,,2025-01-03 08:00:00,2025-03-05 08:00:00
PRJ-005700,2025,147020.3,147020.3,True,,2024-12-15 08:00:00,
PRJ-005701,2025,110899.32,106629.66,True,,2025-01-02 08:00:00,2025-03-05 08:00:00
PRJ-005702,2025,445525.92,445525.92,True,,2025-01-16 08:00:00,
PRJ-005703,2025,44202510.16,44202510.16,True,,2025-01-03 08:00:00,
PRJ-005704,2025,2619999.6,2619999.6,True,,2025-01-30 10:10:00,
PRJ-005705,2025,1960464.0,2304824.46,True,,2024-12-08 09:00:00,2025-01-02 09:00:00
PRJ-005706,2025,4978927.2,4410678.47,True,,2025-01-03 10:00:00,2025-03-04 10:00:00
PRJ-005707,2025,8820000.0,8820000.0,True,,2024-12-23 11:00:00,
PRJ-005708,2025,3199996.8,3199996.8,True,,2025-01-26 10:00:00,
PRJ-005709,2025,6387000.0,6387000.0,True,,2024-12-26 11:00:00,
PRJ-005710,2025,3000000.0,3731601.71,True,,2025-01-04 09:00:00,2025-03-04 09:00:00
PRJ-005711,2025,74242500.0,74242500.0,True,14735000.0,2024-12-11 15:00:00,
PRJ-005712,2025,,,,,,
PRJ-005713,2025,4416000.0,4598359.78,True,,2025-01-04 08:00:00,2025-03-03 08:00:00
PRJ-005714,2025,3355758.0,3355758.0,True,,2025-01-04 08:30:00,
PRJ-005715,2025,,,,,,
PRJ-005716,2025,2837848.8,3015715.92,True,,2024-12-16 10:00:00,2025-02-11 10:00:00
PRJ-005717,2025,2964103.2,2964103.2,True,388899.99,2024-12-17 09:00:00,
PRJ-005718,2025,3599999.8,3599999.8,True,21880.0,2025-01-01 08:30:00,
PRJ-005719,2025,2586000.0,2586000.0,True,0.0,2025-01-20 14:00:00,
PRJ-005720,2025,,,,,,
PRJ-005721,2025,600000.0,600000.0,True,,2024-12-22 09:00:00,
PRJ-005722,2025,99149182.8,120259175.38,True,16500.0,2025-01-03 08:00:00,2025-02-27 08:00:00
PRJ-005723,2025,,,,,,
PRJ-005724,2025,,,,,,
PRJ-005725,2025,3750000.0,3750000.0,True,68000.0,2025-01-26 09:00:00,
PRJ-005726,2025,8148000.0,8148000.0,True,440000.0,2025-01-28 09:00:00,
PRJ-005727,2025,1784400.0,1784400.0,True,300000.0,2025-01-27 09:00:00,
PRJ-005728,2025,,,,,,
PRJ-005729,2025,,,,,,
PRJ-005730,2025,214964444.4,214964444.4,True,26250.0,2024-12-05 08:00:00,
PRJ-005731,2025,3000000.0,3000000.0,True,,2025-01-13 09:00:00,
PRJ-005732,2025,1417200.0,1683795.73,True,143581.34,2025-01-06 09:00:00,2025-02-24 09:00:00
PRJ-005733,2025,1798238.4,1620671.65,True,72800.0,2024-12-15 08:00:00,2025-01-17 08:00:00
PRJ-005734,2025,1425600.0,1425600.0,True,13199.99,2025-01-19 09:00:00,
PRJ-005735,2025,,,,,,
PRJ-005736,2025,9607461.6,9607461.6,True,2009000.0,2024-12-05 10:00:00,
PRJ-005737,2025,10435110.0,10435110.0,True,1964552.0,2025-01-19 08:00:00,
PRJ-005738,2025,11859609.6,11859609.6,True,3600.0,2024-12-07 08:00:00,
PRJ-005739,2025,4799774.4,4799774.4,True,302966.0,2024-12-19 09:00:00,
PRJ-005740,2025,7500000.0,7500000.0,True,,2024-12-28 09:00:00,
PRJ-005741,2025,3000000.0,3000000.0,True,818520.0,2025-01-22 14:00:00,
PRJ-005742,2025,,,,,,
PRJ-005743,2025,590667.6,505639.75,True,,2025-01-16 13:00:00,2025-02-07 13:00:00
PRJ-005744,2025,,,,,,
PRJ-005745,2025,,,,,,
PRJ-005746,2025,,,,,,
PRJ-005747,2025,86400.0,86400.0,True,,2024-12-28 12:00:00,
PRJ-005748,2025,817.8,831.47,True,,2024-12-05 12:00:00,2025-02-19 12:00:00
PRJ-005749,2025,195360.0,195360.0,True,,2025-01-15 12:00:00,
PRJ-005750,2025,8512.7,8512.7,True,,2024-12-13 12:00:00,
PRJ-005751,2025,98376.0,98376.0,True,,2024-12-03 12:00:00,
PRJ-005752,2025,19062.96,19062.96,True,,2024-11-24 12:00:00,
PRJ-005753,2025,150854.4,150854.4,True,,2024-12-10 12:00:00,
PRJ-005754,2025,128160.0,128160.0,True,,2025-01-16 12:00:00,
PRJ-005755,2025,33685.92,37076.75,True,,2025-01-05 12:00:00,2025-02-19 12:00:00
PRJ-005756,2025,8093280.0,8093280.0,True,999676.0,2025-01-05 09:00:00,
PRJ-005757,2025,63132536.4,63132536.4,True,412970.0,2025-01-09 12:00:00,
PRJ-005758,2025,13643688.0,13643688.0,True,4769.27,2025-01-07 12:00:00,
PRJ-005759,2025,25355712.0,25355712.0,True,99000.0,2025-01-17 12:00:00,
PRJ-005760,2025,96993086.4,96993086.4,True,493000.0,2024-11-24 12:00:00,
PRJ-005761,2025,129478728.0,129478728.0,True,99650.0,2024-12-02 12:00:00,
PRJ-005762,2025,77909901.6,77909901.6,True,99000.0,2025-01-10 12:00:00,
PRJ-005763,2025,22493678.4,22493678.4,True,239998.0,2024-12-13 12:00:00,
PRJ-005764,2025,431679852.0,431679852.0,True,0.0,2024-11-30 12:00:00,
PRJ-005765,2025,155690304.0,155690304.0,True,,2024-12-05 08:00:00,
PRJ-005766,2025,13221024.0,13221024.0,True,97020.0,2024-12-07 08:00:00,
PRJ-005767,2025,210388208.4,210388208.4,True,22.0,2024-12-02 08:00:00,
PRJ-005768,2025,170334204.0,198303516.34,True,0.0,2025-01-18 10:00:00,2025-02-19 10:00:00
PRJ-005769,2025,47572129.2,52890284.3,True,98000.0,2025-01-17 08:00:00,2025-02-19 08:00:00
PRJ-005770,2025,35766153.6,35766153.6,True,270000.0,2024-11-24 08:00:00,
PRJ-005771,2025,16508852.4,16508852.4,True,641850.0,2024-12-29 08:00:00,
PRJ-005772,2025,99847135.2,99847135.2,True,,2024-12-16 08:00:00,
PRJ-005773,2025,300950360.4,319638676.94,True,50000.0,2024-11-26 08:00:00,2025-01-25 08:00:00
PRJ-005774,2025,37403600.4,41613671.69,True,249000.0,2024-12-30 09:00:00,2025-02-19 09:00:00
PRJ-005775,2025,,,,,,
PRJ-005776,2025,,,,,,
PRJ-005777,2025,,,,,,
PRJ-005778,2025,954987.6,1146500.9,True,,2024-12-13 09:30:00,2025-02-18 09:30:00
PRJ-005779,2025,2307988.8,2307988.8,True,719000.0,2025-01-03 10:00:00,
PRJ-005780,2025,23112000.0,23112000.0,True,380000.0,2024-12-15 08:00:00,
PRJ-005781,2025,3024000.0,3024000.0,True,499998.0,2024-11-20 10:00:00,
PRJ-005782,2025,40558647.0,40558647.0,True,,2024-12-12 09:00:00,
PRJ-005783,2025,,,,,,
PRJ-005784,2025,1976467.2,2140564.19,True,406818.0,2024-11-22 08:00:00,2024-12-23 08:00:00
PRJ-005785,2025,12000000.0,12000000.0,True,31000.0,2024-12-10 08:00:00,
PRJ-005786,2025,,,,,,
PRJ-005787,2025,2998896.0,2998896.0,True,10000.0,2024-12-25 09:00:00,
PRJ-005788,2025,80404200.0,80404200.0,True,17600.0,2024-12-15 16:00:00,
PRJ-005789,2025,68999524.0,68999524.0,True,3750.0,2024-12-17 09:00:00,
PRJ-005790,2025,34868793.6,34868793.6,True,53000.0,2024-11-29 10:00:00,
PRJ-005791,2025,,,,,,
PRJ-005792,2025,5184.0,5828.09,True,,2024-11-14 10:00:00,2025-02-11 10:00:00
PRJ-005793,2025,378720.0,378720.0,True,,2025-01-04 10:00:00,
PRJ-005794,2025,26880.0,26880.0,True,,2024-12-12 10:00:00,
PRJ-005795,2025,48840.0,48840.0,True,,2024-12-14 10:00:00,
PRJ-005796,2025,6600.0,6600.0,True,,2024-12-07 10:00:00,
PRJ-005797,2025,29376.0,29376.0,True,,2025-01-11 10:00:00,
PRJ-005798,2025,4992.0,4562.62,True,,2024-12-04 10:00:00,2025-02-11 10:00:00
PRJ-005799,2025,5184.0,5184.0,True,,2025-01-13 10:00:00,
PRJ-005800,2025,427680.0,473797.13,True,,2024-11-29 10:00:00,2025-02-11 10:00:00
PRJ-005801,2025,256608.0,256608.0,True,,2024-12-18 10:00:00,
PRJ-005802,2025,4800.0,4800.0,True,,2024-12-10 10:00:00,
PRJ-005803,2025,73440.0,73440.0,True,,2024-12-18 10:00:00,
PRJ-005804,2025,10944.0,10944.0,True,,2024-11-29 10:00:00,
PRJ-005805,2025,307200.0,307200.0,True,,2025-01-01 10:00:00,
PRJ-005806,2025,2520.0,2520.0,True,,2024-12-26 10:00:00,
PRJ-005807,2025,1440.0,1440.0,True,,2025-01-11 10:00:00,
PRJ-005808,2025,18000.0,18000.0,True,,2025-01-10 10:00:00,
PRJ-005809,2025,9888.0,9888.0,True,,2024-11-23 10:00:00,
PRJ-005810,2025,12960.0,12960.0,True,,2025-01-12 10:00:00,
PRJ-005811,2025,151200.0,151200.0,True,,2025-01-04 10:00:00,
PRJ-005812,2025,1200.0,1200.0,True,,2024-11-29 10:00:00,
PRJ-005813,2025,17280.0,17280.0,True,,2024-12-03 10:00:00,
PRJ-005814,2025,17280.0,17280.0,True,,2024-12-09 10:00:00,
PRJ-005815,2025,16920.0,16920.0,True,,2025-01-13 10:00:00,
PRJ-005816,2025,16080.0,16080.0,True,,2024-12-26 10:00:00,
PRJ-005817,2025,19920.0,19920.0,True,,2025-01-06 10:00:00,
PRJ-005818,2025,2160.0,2160.0,True,,2024-11-17 10:00:00,
PRJ-005819,2025,6096.0,6096.0,True,,2024-12-20 10:00:00,
PRJ-005820,2025,9960.0,9960.0,True,,2025-01-07 10:00:00,
PRJ-005821,2025,27300.0,27300.0,True,,2024-12-26 10:00:00,
PRJ-005822,2025,2760.0,2627.24,True,,2024-12-21 10:00:00,2025-01-22 10:00:00
PRJ-005823,2025,309600.0,309600.0,True,,2025-01-11 10:00:00,
PRJ-005824,2025,8064.0,8870.68,True,,2024-12-11 10:00:00,2025-02-11 10:00:00
PRJ-005825,2025,14400.0,16640.28,True,,2024-12-20 10:00:00,2025-02-11 10:00:00
PRJ-005826,2025,227520.0,227520.0,True,,2024-11-25 10:00:00,
PRJ-005827,2025,346368.0,309342.44,True,,2024-12-29 10:00:00,2025-02-11 10:00:00
PRJ-005828,2025,32520.0,32520.0,True,,2024-12-30 10:00:00,
PRJ-005829,2025,7200.0,7200.0,True,,2025-01-10 10:00:00,
PRJ-005830,2025,14400.0,14400.0,True,,2025-01-01 10:00:00,
PRJ-005831,2025,4800.0,4800.0,True,,2024-11-16 10:00:00,
PRJ-005832,2025,31680.0,31680.0,True,,2024-12-30 10:00:00,
PRJ-005833,2025,5760.0,5760.0,True,,2024-12-26 10:00:00,
PRJ-005834,2025,415200.0,455549.75,True,,2024-12-26 10:00:00,2025-02-11 10:00:00
PRJ-005835,2025,6720.0,6720.0,True,,2024-12-08 10:00:00,
PRJ-005836,2025,2400.0,2794.87,True,,2024-11-20 10:00:00,2025-02-11 10:00:00
PRJ-005837,2025,297600.0,297600.0,True,,2024-12-24 10:00:00,
PRJ-005838,2025,8460.0,9791.56,True,,2024-12-21 10:00:00,2025-02-11 10:00:00
PRJ-005839,2025,2880.0,2880.0,True,,2024-11-20 10:00:00,
PRJ-005840,2025,2592.0,2754.28,True,,2025-01-05 10:00:00,2025-02-11 10:00:00
PRJ-005841,2025,8856.0,9082.55,True,,2024-12-28 10:00:00,2025-02-11 10:00:00
PRJ-005842,2025,93360.0,93360.0,True,,2024-12-17 10:00:00,
PRJ-005843,2025,4800.0,4800.0,True,,2024-12-16 10:00:00,
PRJ-005844,2025,3744.0,3744.0,True,,2024-11-28 10:00:00,
PRJ-005845,2025,339480.0,339480.0,True,,2024-11-22 10:00:00,
PRJ-005846,2025,22560.0,20661.85,True,,2025-01-13 10:00:00,2025-02-11 10:00:00
PRJ-005847,2025,128160.0,128160.0,True,,2024-11-25 10:00:00,
PRJ-005848,2025,87840.0,87840.0,True,,2024-12-09 10:00:00,
PRJ-005849,2025,4200.0,3827.54,True,,2024-12-28 10:00:00,2025-02-11 10:00:00
PRJ-005850,2025,40800.0,40800.0,True,,2025-01-07 10:00:00,
PRJ-005851,2025,100224.0,100224.0,True,,2024-12-09 10:00:00,
PRJ-005852,2025,55200.0,55200.0,True,,2024-11-27 10:00:00,
PRJ-005853,2025,15000.0,17903.79,True,,2025-01-09 10:00:00,2025-02-11 10:00:00
PRJ-005854,2025,10368.0,10368.0,True,,2024-12-08 10:00:00,
PRJ-005855,2025,6120.0,6120.0,True,,2024-11-23 10:00:00,
PRJ-005856,2025,8280.0,7643.78,True,,2024-12-26 10:00:00,2025-02-11 10:00:00
PRJ-005857,2025,97740.0,97740.0,True,,2024-12-13 10:00:00,
PRJ-005858,2025,26664.0,24422.6,True,,2024-12-06 10:00:00,2025-02-11 10:00:00
PRJ-005859,2025,26520.0,32253.81,True,,2024-11-28 10:00:00,2025-02-11 10:00:00
PRJ-005860,2025,960.0,960.0,True,,2024-12-25 10:00:00,
PRJ-005861,2025,158400.0,158400.0,True,,2024-12-22 10:00:00,
PRJ-005862,2025,159600.0,169999.67,True,,2024-12-20 10:00:00,2025-02-11 10:00:00
PRJ-005863,2025,7192092.0,7192092.0,True,1279100.01,2024-11-15 10:00:00,
PRJ-005864,2025,1001880.0,868074.64,True,,2024-11-15 11:00:00,2025-01-24 11:00:00
PRJ-005865,2025,4756933.2,4756933.2,True,13000.0,2024-11-18 08:00:00,
PRJ-005866,2025,62236839.6,54369318.33,True,678550.0,2024-12-31 11:00:00,2025-02-10 11:00:00
PRJ-005867,2025,2964103.2,3070605.94,True,668000.0,2024-12-07 10:00:00,2025-02-10 10:00:00
PRJ-005868,2025,6336788.41,6336788.41,True,561510.0,2024-12-18 09:00:00,
PRJ-005869,2025,1917684.0,1917684.0,True,96000.0,2024-12-01 10:00:00,
PRJ-005870,2025,3499989.6,3499989.6,True,299977.5,2024-11-15 09:00:00,
PRJ-005871,2025,144219181.2,144219181.2,True,60359.100000000006,2024-12-08 09:30:00,
PRJ-005872,2025,64156200.0,64156200.0,True,1264200.0,2024-12-28 11:00:00,
PRJ-005873,2025,1417200.0,1417200.0,True,70000.0,2024-12-28 09:00:00,
PRJ-005874,2025,,,,,,
PRJ-005875,2025,,,,,,
PRJ-005876,2025,11000000.4,13631362.87,True,19731.6,2025-01-04 12:00:00,2025-01-26 12:00:00
PRJ-005877,2025,3000000.0,3468555.0,True,28950.0,2024-11-12 15:30:00,2025-02-05 15:30:00
PRJ-005878,2025,4799818.8,4799818.8,True,814.33,2024-12-17 09:00:00,
PRJ-005879,2025,5308560.0,5308560.0,True,36000.0,2025-01-05 10:00:00,
PRJ-005880,2025,7351890.0,7351890.0,True,91500.0,2025-01-07 11:00:00,
PRJ-005881,2025,4567220.4,4567220.4,True,17520.0,2024-12-03 11:00:00,
PRJ-005882,2025,6325100.4,6325100.4,True,39899.990000000005,2025-01-05 11:00:00,
PRJ-005883,2025,9601376.4,9601376.4,True,99090.01000000001,2024-12-17 11:00:00,
PRJ-005884,2025,13676000.4,15643900.38,True,98000.0,2024-12-30 11:00:00,2025-02-05 11:00:00
PRJ-005885,2025,9358850.4,8104231.16,True,4049.99,2024-12-23 11:00:00,2025-02-05 11:00:00
PRJ-005886,2025,2302230.0,2302230.0,True,98445.0,2025-01-02 11:00:00,
PRJ-005887,2025,9078579.6,9078579.6,True,33341.58,2025-01-06 11:00:00,
PRJ-005888,2025,8944250.4,8944250.4,True,1750.0,2024-11-26 11:00:00,
PRJ-005889,2025,6636459.6,6636459.6,True,699999.99,2024-12-26 11:00:00,
PRJ-005890,2025,24497270.4,24497270.4,True,147999.99,2024-12-14 11:00:00,
PRJ-005891,2025,5140449.6,5140449.6,True,100000.0,2024-12-30 11:00:00,
PRJ-005892,2025,123820057.2,123820057.2,True,78000.01,2024-11-15 11:00:00,
PRJ-005893,2025,16340379.6,14999768.44,True,80000.0,2024-12-19 11:00:00,2025-02-05 11:00:00
PRJ-005894,2025,8099840.4,7787317.18,True,0.0,2024-12-07 10:00:00,2025-02-04 10:00:00
PRJ-005895,2025,3052512.0,3052512.0,True,100000.0,2025-01-02 09:00:00,
PRJ-005896,2025,1784400.0,1784400.0,True,745200.0,2024-12-23 09:00:00,
PRJ-005897,2025,1658648.05,1658648.05,True,467500.0,2024-12-11 08:30:00,
PRJ-005898,2025,14338185.6,14338185.6,True,2494805.7,2024-12-14 09:00:00,
PRJ-005899,2025,49939743.6,49939743.6,True,25000.0,2024-12-05 11:00:00,
PRJ-005900,2025,58793205.96,58793205.96,True,14151.01,2024-11-09 11:00:00,
PRJ-005901,2025,10799679.6,10799679.6,True,6860.0,2024-11-12 10:30:00,
PRJ-005902,2025,193296000.0,193296000.0,True,548900.0,2024-12-04 11:00:00,
PRJ-005903,2025,5149068.0,5149068.0,True,549000.0,2024-12-15 08:00:00,
PRJ-005904,2025,9250284.0,9726199.88,True,5025.0,2024-11-02 08:00:00,2025-01-30 08:00:00
PRJ-005905,2025,18488184.0,18488184.0,True,900000.0,2024-12-05 08:00:00,
PRJ-005906,2025,4088832.0,4088832.0,True,99800.0,2024-11-24 08:00:00,
PRJ-005907,2025,1798238.4,1798238.4,True,100000.0,2024-12-01 08:00:00,
PRJ-005908,2025,87123000.0,107646208.45,True,701800.0,2024-11-26 08:00:00,2025-01-30 08:00:00
PRJ-005909,2025,275336739.6,275336739.6,True,2390.89,2024-12-16 09:00:00,
PRJ-005910,2025,81404064.0,81404064.0,True,39710.0,2024-12-14 08:00:00,
PRJ-005911,2025,,,,,,
PRJ-005912,2025,57456000.0,70353478.48,True,350000.0,2024-12-07 12:00:00,2025-01-25 12:00:00
PRJ-005913,2025,161460.0,154481.53,True,,2024-12-30 10:00:00,2025-01-28 10:00:00
PRJ-005914,2025,,,,,,
PRJ-005915,2025,12000000.0,12000000.0,True,91666.67,2024-10-31 08:00:00,
PRJ-005916,2025,,,,,,
PRJ-005917,2025,235659766.8,235659766.8,True,49317.84,2024-12-21 12:00:00,
PRJ-005918,2025,252159766.8,252159766.8,True,1349360.2,2024-12-20 12:00:00,
PRJ-005919,2025,16500000.0,14823781.45,True,70881.91,2024-11-09 12:00:00,2025-01-26 12:00:00
PRJ-005920,2025,3399997.2,3399997.2,True,,2024-11-17 08:00:00,
PRJ-005921,2025,1500000.0,1500000.0,True,85000.0,2024-11-24 11:00:00,
PRJ-005922,2025,1394964.0,1394964.0,True,100000.0,2024-10-27 12:00:00,
PRJ-005923,2025,99909000.0,99909000.0,True,81475.26999999999,2024-11-16 10:00:00,
PRJ-005924,2025,700051.03,700051.03,True,,2024-11-11 10:00:00,
PRJ-005925,2025,1018319.04,1163787.21,True,,2024-11-19 10:00:00,2024-12-28 10:00:00
PRJ-005926,2025,10051904.87,10051904.87,True,237050.0,2024-11-24 10:00:00,
PRJ-005927,2025,8333534.8,8333534.8,True,895000.0,2024-11-11 10:00:00,
PRJ-005928,2025,13336788.0,13336788.0,True,30614.0,2024-10-29 11:00:00,
PRJ-005929,2025,4562104.8,4562104.8,True,99982.99,2024-11-28 16:00:00,
PRJ-005930,2025,2160000.0,2312214.78,True,825000.0,2024-12-12 12:00:00,2025-01-20 12:00:00
PRJ-005931,2025,,,,,,
PRJ-005932,2025,3708840.0,4108296.31,True,0.0,2024-12-12 09:00:00,2025-01-16 09:00:00
PRJ-005933,2025,3720000.0,3720000.0,True,84457.87,2024-11-11 00:00:00,
PRJ-005934,2025,2266380.0,2266380.0,True,5000.0,2024-11-16 00:00:00,
PRJ-005935,2025,,,,,,
PRJ-005936,2025,10828080.0,10828080.0,True,99000.0,2024-11-28 09:00:00,
PRJ-005937,2025,10981704.0,10260791.88,True,100000.0,2024-11-05 09:00:00,2025-01-12 09:00:00
PRJ-005938,2025,153624.0,153624.0,True,,2024-12-09 09:00:00,
PRJ-005939,2025,7953060.0,7953060.0,True,670000.0,2024-10-29 08:00:00,
PRJ-005940,2025,7685035.2,7685035.2,True,234044.95,2024-11-09 10:00:00,
PRJ-005941,2025,,,,,,
PRJ-005942,2025,1798238.4,1798238.4,True,700000.0,2024-10-12 08:00:00,
PRJ-005943,2025,18122768.34,18122768.34,True,155500.0,2024-11-17 10:00:00,
PRJ-005944,2025,142062771.0,142062771.0,True,1270500.0,2024-12-04 09:00:00,
PRJ-005945,2025,46691858.52,46691858.52,True,210000.0,2024-12-06 10:00:00,
PRJ-005946,2025,133646024.4,133646024.4,True,43137.7,2024-11-14 10:00:00,
PRJ-005947,2025,24928702.27,24928702.27,True,318411.5,2024-10-28 09:00:00,
PRJ-005948,2025,5512647.0,6254660.84,True,344060.0,2024-12-01 08:30:00,2025-01-05 08:30:00
PRJ-005949,2025,4692000.0,5124959.33,True,13125.0,2024-12-07 08:00:00,2025-01-05 08:00:00
PRJ-005950,2025,94500.0,94500.0,True,,2024-10-22 11:00:00,
PRJ-005951,2025,3256390.56,3234128.48,True,12500.0,2024-12-02 11:00:00,2024-12-24 11:00:00
PRJ-005952,2025,36295808.0,36295808.0,True,2559500.0,2024-12-07 11:00:00,
PRJ-005953,2025,30000000.0,30000000.0,True,441675.0,2024-10-19 10:00:00,
PRJ-005954,2025,45878400.0,45878400.0,True,970000.0,2024-10-13 10:00:00,
PRJ-005955,2025,46023552.0,46023552.0,True,487455.88,2024-11-07 10:00:00,
PRJ-005956,2025,145152.0,145152.0,True,,2024-11-13 10:00:00,
PRJ-005957,2024,17874864.0,17212174.96,True,3626290.0,2024-10-28 10:00:00,2024-11-24 10:00:00
PRJ-005958,2024,8204577.6,8517323.73,True,6000.0,2024-11-02 10:00:00,2024-12-30 10:00:00
PRJ-005959,2024,7546920.0,7546920.0,True,995000.0,2024-11-24 12:00:00,
PRJ-005960,2024,124542480.0,124542480.0,True,266.0,2024-11-09 11:00:00,
PRJ-005961,2024,124542480.0,124542480.0,True,10397500.0,2024-11-28 10:00:00,
PRJ-005962,2024,291994879.2,291994879.2,True,125400.0,2024-11-30 10:00:00,
PRJ-005963,2024,10764792.0,10764792.0,True,527900.0,2024-10-27 11:00:00,
PRJ-005964,2024,3366000.0,3366000.0,True,,2024-10-29 14:00:00,
PRJ-005965,2024,18234463.2,15574700.26,True,37500.0,2024-10-01 08:30:00,2024-11-19 08:30:00
PRJ-005966,2024,47834400.0,47834400.0,True,72500.0,2024-11-15 09:00:00,
PRJ-005967,2024,22812000.0,22812000.0,True,156150.0,2024-10-11 10:00:00,
PRJ-005968,2024,108000000.0,108000000.0,True,11835.7,2024-11-25 08:00:00,
PRJ-005969,2024,11819217.6,11819217.6,True,97712.0,2024-11-02 08:30:00,
PRJ-005970,2024,95998623.7,95998623.7,True,395000.0,2024-11-27 12:00:00,
PRJ-005971,2024,83997407.35,101927546.44,True,2500000.0,2024-11-27 12:00:00,2024-12-26 12:00:00
PRJ-005972,2024,131984325.94,132499583.25,True,100000.0,2024-10-15 10:00:00,2024-12-26 10:00:00
PRJ-005973,2024,83986365.11,83986365.11,True,130410.51,2024-10-02 10:00:00,
PRJ-005974,2024,83424000.0,83424000.0,True,13000.0,2024-10-09 10:00:00,
PRJ-005975,2024,19440000.0,19440000.0,True,319168.37,2024-10-09 10:00:00,
PRJ-005976,2024,900377352.0,900377352.0,True,34900.0,2024-11-01 08:00:00,
PRJ-005977,2024,31908086.8,31908086.8,True,99.88,2024-10-24 11:00:00,
PRJ-005978,2024,1268352.0,1268352.0,True,50000.0,2024-11-08 09:00:00,
PRJ-005979,2024,588960.0,634502.57,True,,2024-11-11 09:00:00,2024-12-25 09:00:00
PRJ-005980,2024,87638.4,87638.4,True,,2024-11-20 09:00:00,
PRJ-005981,2024,206704.74,206704.74,True,,2024-11-10 09:00:00,
PRJ-005982,2024,3463729.78,2945996.55,True,95.15,2024-10-28 09:00:00,2024-12-25 09:00:00
PRJ-005983,2024,46224.0,50637.41,True,,2024-10-25 09:00:00,2024-12-25 09:00:00
PRJ-005984,2024,6151376.92,6151376.92,True,827999.99,2024-10-22 09:00:00,
PRJ-005985,2024,489768.0,489768.0,True,,2024-10-04 09:00:00,
PRJ-005986,2024,3850581.89,3451298.21,True,96500.0,2024-10-25 14:00:00,2024-12-25 14:00:00
PRJ-005987,2024,354428410.92,386688033.05,True,95800.0,2024-10-02 11:00:00,2024-12-25 11:00:00
PRJ-005988,2024,7200000.0,7200000.0,True,105000.0,2024-09-27 08:00:00,
PRJ-005989,2024,6591486.0,6591486.0,True,19437.84,2024-10-18 11:00:00,
PRJ-005990,2024,490375953.6,490375953.6,True,33480.0,2024-10-12 08:00:00,
PRJ-005991,2024,1792528.0,1792528.0,True,47000.0,2024-11-10 11:00:00,
PRJ-005992,2024,47184000000.0,47184000000.0,True,494030.01,2024-10-05 08:30:00,
PRJ-005993,2024,63584186.47,63584186.47,True,5370.61,2024-11-01 11:00:00,
PRJ-005994,2024,4976000.0,4976000.0,True,48500.0,2024-11-04 08:00:00,
PRJ-005995,2024,33845100.0,33845100.0,True,13065.529999999999,2024-10-04 10:30:00,
PRJ-005996,2024,,,,,,
PRJ-005997,2024,99913684.01,118709598.6,True,15974.380000000001,2024-09-28 08:00:00,2024-12-19 08:00:00
PRJ-005998,2024,9982420.8,9982420.8,True,4800.0,2024-09-30 08:00:00,
PRJ-005999,2024,1798238.4,1798238.4,True,56000.0,2024-11-06 08:00:00,
PRJ-006000,2024,94500.0,94500.0,True,,2024-11-05 13:00:00,
PRJ-006001,2024,2957005.2,2957005.2,True,741000.0,2024-09-22 09:00:00,
PRJ-006002,2024,102354741.6,97011244.49,True,14999.99,2024-10-18 11:00:00,2024-12-18 11:00:00
PRJ-006003,2024,0.0,0.0,True,,2024-11-13 12:00:00,
PRJ-006004,2024,150153775.2,150153775.2,True,95999.98999999999,2024-11-11 10:00:00,
PRJ-006005,2024,590667.6,590667.6,True,,2024-10-04 14:00:00,
PRJ-006006,2024,11972199.6,11972199.6,True,56550.0,2024-09-25 10:00:00,
PRJ-006007,2024,23616000.0,23616000.0,True,100000.0,2024-11-17 11:00:00,
PRJ-006008,2024,3492000.0,3218584.0,True,33000.0,2024-11-07 10:00:00,2024-12-17 10:00:00
PRJ-006009,2024,5466574.07,5466574.07,True,14000.0,2024-10-21 09:00:00,
PRJ-006010,2024,5000000.4,6001782.07,True,279000.0,2024-09-20 08:00:00,2024-10-14 08:00:00
PRJ-006011,2024,1992000.0,1992000.0,True,34200.0,2024-10-11 11:00:00,
PRJ-006012,2024,,,,,,
PRJ-006013,2024,47400000.0,47400000.0,True,90000.0,2024-10-26 08:30:00,
PRJ-006014,2024,,,,,,
PRJ-006015,2024,5117400.0,6290954.89,True,91000.0,2024-10-24 09:00:00,2024-12-12 09:00:00
PRJ-006016,2024,12826.8,12826.8,True,,2024-09-24 10:00:00,
PRJ-006017,2024,3736.8,3736.8,True,,2024-10-09 10:00:00,
PRJ-006018,2024,692745.6,692745.6,True,,2024-10-22 10:00:00,
PRJ-006019,2024,15202.8,16725.3,True,,2024-09-16 10:00:00,2024-12-12 10:00:00
PRJ-006020,2024,21608.4,21608.4,True,,2024-11-05 10:00:00,
PRJ-006021,2024,14278.8,17636.36,True,,2024-10-14 10:00:00,2024-12-12 10:00:00
PRJ-006022,2024,83731.2,83731.2,True,,2024-09-28 10:00:00,
PRJ-006023,2024,30766.8,30766.8,True,,2024-10-05 10:00:00,
PRJ-006024,2024,488642.4,488642.4,True,,2024-10-12 10:00:00,
PRJ-006025,2024,25827.6,23603.31,True,,2024-10-20 10:00:00,2024-12-08 10:00:00
PRJ-006026,2024,37800000.0,40355812.18,True,693000.01,2024-09-18 10:00:00,2024-11-30 10:00:00
PRJ-006027,2024,,,,,,
PRJ-006028,2024,4120818.12,4120818.12,True,1974250.0,2024-09-15 08:30:00,
PRJ-006029,2024,1260321.22,1328165.74,True,34000.0,2024-10-15 08:30:00,2024-12-11 08:30:00
PRJ-006030,2024,7368164.27,6979850.6,True,992992.0,2024-09-26 08:30:00,2024-12-11 08:30:00
PRJ-006031,2024,1987024.93,2140401.29,True,52170.0,2024-10-06 08:30:00,2024-12-11 08:30:00
PRJ-006032,2024,20000000.4,23286475.67,True,,2024-10-03 10:00:00,2024-12-10 10:00:00
PRJ-006033,2024,3256390.56,3535892.16,True,30000.0,2024-10-04 12:30:00,2024-12-10 12:30:00
PRJ-006034,2024,,,,,,
PRJ-006035,2024,5899999.2,5898711.72,True,43217.0,2024-10-07 08:00:00,2024-12-09 08:00:00
PRJ-006036,2024,155025914.4,155025914.4,True,87000.0,2024-09-23 10:00:00,
PRJ-006037,2024,442383040.08,442383040.08,True,390000.0,2024-10-04 08:30:00,
PRJ-006038,2024,41946116.4,41946116.4,True,535000.0,2024-10-21 10:00:00,
PRJ-006039,2024,11045000.4,11045000.4,True,5127.16,2024-11-06 08:00:00,
PRJ-006040,2024,1699200.0,1543724.91,True,666000.0,2024-10-28 08:00:00,2024-12-05 08:00:00
PRJ-006041,2024,,,,,,
PRJ-006042,2024,51359479.2,51359479.2,True,580000.0,2024-10-05 10:00:00,
PRJ-006043,2024,,,,,,
PRJ-006044,2024,,,,,,
PRJ-006045,2024,,,,,,
PRJ-006046,2024,,,,,,
PRJ-006047,2024,265920.0,309045.51,True,,2024-10-28 10:00:00,2024-12-04 10:00:00
PRJ-006048,2024,2670606.0,2670606.0,True,9000.0,2024-10-27 08:00:00,
PRJ-006049,2024,7953060.0,7953060.0,True,4329.32,2024-10-14 08:00:00,
PRJ-006050,2024,3000000.0,3000000.0,True,12100.0,2024-11-01 11:30:00,
PRJ-006051,2024,27000000.0,27000000.0,True,306508.8,2024-11-04 10:00:00,
PRJ-006052,2024,11795600.0,11795600.0,True,20366.0,2024-09-15 15:00:00,
PRJ-006053,2024,,,,,,
PRJ-006054,2024,1218578.4,1279151.9,True,25000.02,2024-10-12 08:30:00,2024-12-02 08:30:00
PRJ-006055,2024,256555077.6,256555077.6,True,,2024-10-27 08:00:00,
PRJ-006056,2024,133646024.4,133646024.4,True,70100.0,2024-09-18 10:00:00,
PRJ-006057,2024,441706235.6,441706235.6,True,70000.0,2024-09-14 08:30:00,
PRJ-006058,2024,729950.4,729950.4,True,,2024-10-28 10:00:00,
PRJ-006059,2024,173148.0,173148.0,True,,2024-09-04 10:00:00,
PRJ-006060,2024,69564.0,86892.84,True,,2024-09-12 10:00:00,2024-12-01 10:00:00
PRJ-006061,2024,139881.6,139881.6,True,,2024-10-27 10:00:00,
PRJ-006062,2024,20332.8,20332.8,True,,2024-09-20 10:00:00,
PRJ-006063,2024,126696.0,126696.0,True,,2024-09-18 10:00:00,
PRJ-006064,2024,150192.0,184448.22,True,,2024-10-13 10:00:00,2024-11-13 10:00:00
PRJ-006065,2024,30888.0,30888.0,True,,2024-10-05 10:00:00,
PRJ-006066,2024,4926.0,4410.03,True,,2024-09-09 10:00:00,2024-10-05 10:00:00
PRJ-006067,2024,1249.2,1249.2,True,,2024-10-03 10:00:00,
PRJ-006068,2024,252.0,252.0,True,,2024-09-21 10:00:00,
PRJ-006069,2024,256.8,256.8,True,,2024-10-11 10:00:00,
PRJ-006070,2024,1930539.6,1930539.6,True,689000.0,2024-09-27 10:00:00,
PRJ-006071,2024,1980000.0,2427353.65,True,787683.0,2024-09-03 10:00:00,2024-09-27 10:00:00
PRJ-006072,2024,11427600.0,13438476.83,True,23.29,2024-09-26 10:00:00,2024-12-01 10:00:00
PRJ-006073,2024,118694409.6,118694409.6,True,5.42,2024-09-20 09:00:00,
PRJ-006074,2024,101698.9,101698.9,True,,2024-09-05 08:30:00,
PRJ-006075,2024,6475284.0,6475284.0,True,97799.98999999999,2024-10-02 08:00:00,
PRJ-006076,2024,1463548.8,1463548.8,True,11619.36,2024-10-22 08:00:00,
PRJ-006077,2024,3181628.4,3925384.19,True,174000.0,2024-10-30 08:00:00,2024-12-01 08:00:00
PRJ-006078,2024,1977715.2,1977715.2,True,71331.5,2024-09-06 08:00:00,
PRJ-006079,2024,11604723.6,12242254.83,True,480000.0,2024-10-24 08:00:00,2024-12-01 08:00:00
PRJ-006080,2024,4293724.8,4293724.8,True,25953.34,2024-10-30 08:00:00,
PRJ-006081,2024,127384516.8,151460243.99,True,243806.41,2024-10-25 08:00:00,2024-12-01 08:00:00
PRJ-006082,2024,158334991.2,158334991.2,True,162350.0,2024-09-27 08:00:00,
PRJ-006083,2024,46636106.4,46636106.4,True,413215.53,2024-10-30 08:00:00,
PRJ-006084,2024,676243934.4,676243934.4,True,100000.0,2024-10-25 08:00:00,
PRJ-006085,2024,24057871.2,24057871.2,True,10000.0,2024-10-20 08:00:00,
PRJ-006086,2024,10652773.2,10652773.2,True,227500.0,2024-10-02 08:00:00,
PRJ-006087,2024,4083090.0,4083090.0,True,99700.0,2024-10-04 08:00:00,
PRJ-006088,2024,4517486.4,4517486.4,True,90499.98999999999,2024-09-20 08:00:00,
PRJ-006089,2024,1103634289.2,1103634289.2,True,17600.0,2024-09-28 08:00:00,
PRJ-006090,2024,22726894.8,22726894.8,True,95590.0,2024-09-07 08:00:00,
PRJ-006091,2024,15468940.8,15468940.8,True,25.42,2024-09-04 15:00:00,
PRJ-006092,2024,2397440.4,2806380.74,True,2120.99,2024-10-13 09:00:00,2024-11-26 09:00:00
PRJ-006093,2024,19699778.4,24454537.49,True,29947.38,2024-09-06 12:30:00,2024-11-26 12:30:00
PRJ-006094,2024,11037600.0,11037600.0,True,45500.0,2024-09-03 13:00:00,
PRJ-006095,2024,23037880.8,23037880.8,True,4336.0,2024-09-14 13:00:00,
PRJ-006096,2024,1992000.0,1707151.5,True,950000.01,2024-08-30 10:00:00,2024-09-23 10:00:00
PRJ-006097,2024,2259513.6,2259513.6,True,666000.0,2024-10-19 08:30:00,
PRJ-006098,2024,117274.16,117274.16,True,,2024-10-16 10:00:00,
PRJ-006099,2024,42837.64,42837.64,True,,2024-09-29 10:00:00,
PRJ-006100,2024,778542.89,778542.89,True,,2024-10-05 10:00:00,
PRJ-006101,2024,352543.74,352543.74,True,,2024-09-28 10:00:00,
PRJ-006102,2024,206704.74,206704.74,True,,2024-09-16 10:00:00,
PRJ-006103,2024,79974.46,79974.46,True,,2024-10-25 10:00:00,
PRJ-006104,2024,1947074.02,1947074.02,True,24200.0,2024-09-24 10:00:00,
PRJ-006105,2024,369196.39,369196.39,True,,2024-09-19 10:00:00,
PRJ-006106,2024,,,,,,
PRJ-006107,2024,,,,,,
PRJ-006108,2024,219000.0,219000.0,True,,2024-10-22 09:00:00,
PRJ-006109,2024,1329000.0,1329000.0,True,186373.1,2024-09-28 09:00:00,
PRJ-006110,2024,2613000.0,2613000.0,True,641850.0,2024-08-28 09:00:00,
PRJ-006111,2024,1065000.0,1213469.9,True,,2024-09-17 09:00:00,2024-10-29 09:00:00
PRJ-006112,2024,48687067.2,48687067.2,True,6653050.0,2024-10-23 11:00:00,
PRJ-006113,2024,,,,,,
PRJ-006114,2024,16615560.0,16615560.0,True,15962.34,2024-10-07 09:00:00,
PRJ-006115,2024,271752541.2,271752541.2,True,229034.96,2024-09-28 08:00:00,
PRJ-006116,2024,,,,,,
PRJ-006117,2024,9840000.0,9840000.0,True,199964.5,2024-09-22 08:00:00,
PRJ-006118,2024,1999560.0,1724696.36,True,0.0,2024-09-25 10:00:00,2024-11-20 10:00:00
PRJ-006119,2024,2670606.0,2670606.0,True,2077697.0,2024-08-27 08:00:00,
PRJ-006120,2024,12000000.0,12000000.0,True,97000.0,2024-10-02 09:00:00,
PRJ-006121,2024,10172520.0,10172520.0,True,49500.0,2024-10-06 09:00:00,
PRJ-006122,2024,5280000.0,5280000.0,True,52200.0,2024-09-27 10:00:00,
PRJ-006123,2024,1999200.0,1999200.0,True,381150.0,2024-09-04 10:00:00,
PRJ-006124,2024,395431601.14,386678760.7,True,5909000.0,2024-10-04 10:00:00,2024-11-20 10:00:00
PRJ-006125,2024,21000000.0,21000000.0,True,156750.0,2024-10-13 08:00:00,
PRJ-006126,2024,,,,,,
PRJ-006127,2024,,,,,,
PRJ-006128,2024,10680000.0,12639494.86,True,744799.99,2024-10-10 10:00:00,2024-11-13 10:00:00
PRJ-006129,2024,,,,,,
PRJ-006130,2024,,,,,,
PRJ-006131,2024,5143440.0,5143440.0,True,295000.0,2024-10-13 13:00:00,
PRJ-006132,2024,2039355.6,2039355.6,True,480580.51,2024-08-25 10:00:00,
PRJ-006133,2024,32586691.8,32586691.8,True,76703.52,2024-09-05 08:00:00,
PRJ-006134,2024,20691120.0,20691120.0,True,9650.0,2024-09-26 08:00:00,
PRJ-006135,2024,71520511.8,84531541.26,True,8300.0,2024-08-22 08:00:00,2024-09-25 08:00:00
PRJ-006136,2024,,,,,,
PRJ-006137,2024,,,,,,
PRJ-006138,2024,,,,,,
PRJ-006139,2024,972000.0,972000.0,True,,2024-09-14 10:00:00,
PRJ-006140,2024,,,,,,
PRJ-006141,2024,83370000.0,85742944.11,True,50000.0,2024-09-12 11:00:00,2024-11-17 11:00:00
PRJ-006142,2024,64260000.0,65050447.52,True,750000.0,2024-09-21 11:00:00,2024-11-17 11:00:00
PRJ-006143,2024,237930000.0,244106980.35,True,167000.0,2024-08-26 11:00:00,2024-09-11 11:00:00
PRJ-006144,2024,90300000.0,90300000.0,True,119120.0,2024-10-16 11:00:00,
PRJ-006145,2024,1200000.0,1322014.79,True,54000.0,2024-08-21 09:00:00,2024-11-17 09:00:00
PRJ-006146,2024,1440000.0,1440000.0,True,97599.76000000001,2024-09-22 09:00:00,
PRJ-006147,2024,3840000.0,3840000.0,True,0.0,2024-10-15 09:00:00,
PRJ-006148,2024,1200000.0,1200000.0,True,76824.05,2024-09-17 09:00:00,
PRJ-006149,2024,68220000.0,60474694.31,True,6944700.0,2024-08-24 09:00:00,2024-11-17 09:00:00
PRJ-006150,2024,24000000.0,24000000.0,True,108800.0,2024-09-10 10:00:00,
PRJ-006151,2024,16744310.4,16744310.4,True,26436.52,2024-10-11 08:00:00,
PRJ-006152,2024,13571030.4,13571030.4,True,275700.0,2024-09-24 08:00:00,
PRJ-006153,2024,,,,,,
PRJ-006154,2024,,,,,,
PRJ-006155,2024,474387339.6,505642616.29,True,65500.0,2024-08-30 09:00:00,2024-11-14 09:00:00
PRJ-006156,2024,59992527.6,67430341.88,True,950000.0,2024-09-29 09:00:00,2024-11-14 09:00:00
PRJ-006157,2024,5429800.8,5429800.8,True,2196000.0,2024-09-07 13:00:00,
PRJ-006158,2024,41799999.6,37109413.48,True,100000.0,2024-10-10 09:00:00,2024-11-05 09:00:00
PRJ-006159,2024,,,,,,
PRJ-006160,2024,5000000.4,5000000.4,True,935000.0,2024-09-16 08:00:00,
PRJ-006161,2024,3366000.0,3372933.07,True,179900.0,2024-09-13 14:00:00,2024-11-08 14:00:00
PRJ-006162,2024,2251428.0,2251428.0,True,461000.0,2024-09-06 09:00:00,
PRJ-006163,2024,1560000.0,1576259.23,True,320400.0,2024-08-27 10:00:00,2024-11-13 10:00:00
PRJ-006164,2024,3199999.2,3199999.2,True,99500.0,2024-10-05 09:00:00,
PRJ-006165,2024,12000000.0,12000000.0,True,,2024-10-06 11:00:00,
PRJ-006166,2024,187970093.51,187970093.51,True,160200.01,2024-09-15 08:30:00,
PRJ-006167,2024,,,,,,
PRJ-006168,2024,,,,,,
PRJ-006169,2024,4999093.2,4999093.2,True,12000.0,2024-10-14 11:00:00,
PRJ-006170,2024,14688871.72,14688871.72,True,292.0,2024-08-30 11:30:00,
PRJ-006171,2024,,,,,,
PRJ-006172,2024,22287325.2,22287325.2,True,20800.0,2024-09-29 15:00:00,
PRJ-006173,2024,28496485.99,28496485.99,True,1670299.99,2024-09-18 08:00:00,
PRJ-006174,2024,73597500.0,73597500.0,True,13634400.0,2024-09-07 15:00:00,
PRJ-006175,2024,26989719.96,26989719.96,True,66600.0,2024-08-18 09:00:00,
PRJ-006176,2024,1869792.0,1869792.0,True,979020.01,2024-08-15 08:30:00,
PRJ-006177,2024,1983000.0,1983000.0,True,434750.01,2024-08-18 14:30:00,
PRJ-006178,2024,1523551.2,1523551.2,True,99189.0,2024-09-17 15:00:00,
PRJ-006179,2024,1699200.0,1780263.44,True,638000.01,2024-08-15 08:00:00,2024-10-29 08:00:00
PRJ-006180,2024,213549784.8,213549784.8,True,999936.0,2024-09-05 08:00:00,
PRJ-006181,2024,,,,,,
PRJ-006182,2024,5584276.8,5221184.18,True,2420803.0,2024-09-26 09:00:00,2024-11-07 09:00:00
PRJ-006183,2024,4300320.0,4300320.0,True,50000.0,2024-09-19 09:00:00,
PRJ-006184,2024,9996000.0,9996000.0,True,20205.0,2024-08-17 10:00:00,
PRJ-006185,2024,72093200.4,72093200.4,True,16200.0,2024-10-04 10:00:00,
PRJ-006186,2024,2682411.6,2682411.6,True,4320.0,2024-09-26 11:30:00,
PRJ-006187,2024,1800000.0,1800000.0,True,79999.0,2024-08-23 08:00:00,
PRJ-006188,2024,2160000.0,2160000.0,True,142900.0,2024-08-13 10:00:00,
PRJ-006189,2024,11819217.6,11819217.6,True,38844.58,2024-09-12 08:30:00,
PRJ-006190,2024,1794000.0,1794000.0,True,40327.0,2024-09-05 09:30:00,
PRJ-006191,2024,1329000.0,1329000.0,True,4240.0,2024-08-20 09:00:00,
PRJ-006192,2024,2023920.0,2023920.0,True,96000.0,2024-08-15 14:00:00,
PRJ-006193,2024,2670606.0,2670606.0,True,405000.0,2024-09-01 08:00:00,
PRJ-006194,2024,11915884.8,11915884.8,True,367025.12,2024-10-01 09:00:00,
PRJ-006195,2024,45371944.8,45371944.8,True,81789.82,2024-08-12 09:00:00,
PRJ-006196,2024,33456060.0,32141052.87,True,98000.0,2024-09-18 09:00:00,2024-11-05 09:00:00
PRJ-006197,2024,847750248.0,791111638.12,True,13975.19,2024-08-28 10:00:00,2024-11-04 10:00:00
PRJ-006198,2024,12273109.79,13563646.91,True,316800.0,2024-09-28 09:00:00,2024-11-04 09:00:00
PRJ-006199,2024,108585600.0,108585600.0,True,46700.0,2024-09-06 08:00:00,
PRJ-006200,2024,19375039.99,19375039.99,True,10657231.0,2024-08-20 08:00:00,
PRJ-006201,2024,,,,,,
PRJ-006202,2024,1893812.4,1893812.4,True,52586.03,2024-09-21 08:00:00,
PRJ-006203,2024,96650160.01,111657935.79,True,95832.99,2024-09-21 08:00:00,2024-11-03 08:00:00
PRJ-006204,2024,202973053.26,221126991.56,True,48000.0,2024-10-02 08:30:00,2024-11-03 08:30:00
PRJ-006205,2024,145152.0,145152.0,True,,2024-08-15 10:00:00,
PRJ-006206,2024,46023552.0,46023552.0,True,6420000.0,2024-08-12 10:00:00,
PRJ-006207,2024,45878400.0,45878400.0,True,23436.0,2024-08-25 10:00:00,
PRJ-006208,2024,11045000.4,11854519.78,True,638750.0,2024-08-28 08:00:00,2024-10-03 08:00:00
PRJ-006209,2024,9999999.6,9999999.6,True,41700.0,2024-09-03 09:00:00,
PRJ-006210,2024,147410782.07,147410782.07,True,44368.18,2024-08-13 08:00:00,
PRJ-006211,2024,2067373.76,2067373.76,True,100000.0,2024-09-10 08:00:00,
PRJ-006212,2024,129682416.38,158306622.68,True,100000.0,2024-08-23 08:00:00,2024-10-31 08:00:00
PRJ-006213,2024,219000.0,194689.5,True,,2024-08-08 09:00:00,2024-10-30 09:00:00
PRJ-006214,2024,1284000.0,1284000.0,True,98000.0,2024-08-24 09:00:00,
PRJ-006215,2024,1065000.0,1065000.0,True,,2024-09-15 09:00:00,
PRJ-006216,2024,5644293.86,5216854.43,True,99520.0,2024-09-16 11:00:00,2024-10-14 11:00:00
PRJ-006217,2024,209396017.8,209396017.8,True,999500.0,2024-08-10 13:00:00,
PRJ-006218,2024,,,,,,
PRJ-006219,2024,235389652.8,235389652.8,True,540000.0,2024-08-10 09:00:00,
PRJ-006220,2024,,,,,,
PRJ-006221,2024,133160851.2,133160851.2,True,99500.0,2024-09-20 09:00:00,
PRJ-006222,2024,,,,,,
PRJ-006223,2024,10754400.0,10754400.0,True,470736.0,2024-08-17 12:00:00,
PRJ-006224,2024,,,,,,
PRJ-006225,2024,23463999.6,23463999.6,True,51000.0,2024-09-02 08:00:00,
PRJ-006226,2024,,,,,,
PRJ-006227,2024,61812187.2,61812187.2,True,72266.4,2024-09-15 09:00:00,
PRJ-006228,2024,1215710.4,1215710.4,True,99850.0,2024-08-23 10:00:00,
PRJ-006229,2024,12000000.0,11282195.55,True,68000.0,2024-08-01 10:00:00,2024-10-07 10:00:00
PRJ-006230,2024,590667.6,590667.6,True,,2024-08-05 11:00:00,
PRJ-006231,2024,846166.8,846166.8,True,,2024-08-21 11:00:00,
PRJ-006232,2024,1696432.8,1696432.8,True,14000.0,2024-08-28 11:00:00,
PRJ-006233,2024,9951051.6,9951051.6,True,10800.0,2024-09-19 11:00:00,
PRJ-006234,2024,6817784.4,6817784.4,True,52400.0,2024-08-03 11:00:00,
PRJ-006235,2024,,,,,,
PRJ-006236,2024,5915259.6,6569833.32,True,3161099.9899999998,2024-09-06 09:00:00,2024-10-09 09:00:00
PRJ-006237,2024,12469200.0,12469200.0,True,2392132.71,2024-08-20 08:00:00,
PRJ-006238,2024,2269492.54,2269492.54,True,75599.98999999999,2024-07-30 08:00:00,
PRJ-006239,2024,2352988.98,2261304.87,True,17.080000000000002,2024-09-11 08:00:00,2024-10-12 08:00:00
PRJ-006240,2024,2540809.88,2540809.88,True,45833.0,2024-08-13 08:00:00,
PRJ-006241,2024,4105890.59,4105890.59,True,,2024-09-25 08:00:00,
PRJ-006242,2024,,,,,,
PRJ-006243,2024,4888534.72,4888534.72,True,10000.0,2024-09-12 08:00:00,
PRJ-006244,2024,6657694.44,6657694.44,True,26100.0,2024-08-28 08:00:00,
PRJ-006245,2024,7221968.42,7168878.18,True,205500.0,2024-08-15 08:00:00,2024-10-24 08:00:00
PRJ-006246,2024,7482257.52,7482257.52,True,629200.0,2024-09-07 08:00:00,
PRJ-006247,2024,8401585.14,8401585.14,True,17000.0,2024-09-06 08:00:00,
PRJ-006248,2024,9564494.46,11154296.77,True,99600.0,2024-07-29 08:00:00,2024-09-24 08:00:00
PRJ-006249,2024,65504361.71,65504361.71,True,2008900.0,2024-09-12 08:00:00,
PRJ-006250,2024,10018645.02,10018645.02,True,48600.0,2024-07-29 08:00:00,
PRJ-006251,2024,1699200.0,1699200.0,True,505000.0,2024-07-28 08:00:00,
PRJ-006252,2024,188963863.2,188963863.2,True,96500.0,2024-09-12 09:00:00,
PRJ-006253,2024,40895206.8,40895206.8,True,,2024-08-11 08:00:00,
PRJ-006254,2024,,,,,,
PRJ-006255,2024,,,,,,
PRJ-006256,2024,1998994.8,1998994.8,True,60083.0,2024-08-08 08:00:00,
PRJ-006257,2024,2988924.0,2988924.0,True,43375.0,2024-08-25 08:00:00,
PRJ-006258,2024,3515677.2,3515677.2,True,217675.0,2024-09-03 10:00:00,
PRJ-006259,2024,35372371.56,35372371.56,True,99860.0,2024-09-15 17:30:00,
PRJ-006260,2024,27999999.6,28802349.27,True,99600.0,2024-08-10 09:00:00,2024-10-23 09:00:00
PRJ-006261,2024,144029877.6,144029877.6,True,99660.0,2024-08-31 15:00:00,
PRJ-006262,2024,23155200.0,23155200.0,True,99500.0,2024-08-05 15:00:00,
PRJ-006263,2024,65504361.71,65504361.71,True,1467023.33,2024-09-02 08:00:00,
PRJ-006264,2024,6376935.73,6376935.73,True,847000.0,2024-08-05 08:00:00,
PRJ-006265,2024,6654345.62,6654345.62,True,15660.0,2024-09-11 08:00:00,
PRJ-006266,2024,7433479.9,6514741.24,True,14322.07,2024-08-31 08:00:00,2024-10-23 08:00:00
PRJ-006267,2024,8392342.82,8392342.82,True,97258.34,2024-08-20 08:00:00,
PRJ-006268,2024,37474351.14,32052013.12,True,1815714.26,2024-07-31 08:00:00,2024-10-12 08:00:00
PRJ-006269,2024,8617247.06,7431196.97,True,1106633.47,2024-07-30 08:00:00,2024-08-21 08:00:00
PRJ-006270,2024,109200.0,102901.8,True,,2024-08-26 09:30:00,2024-10-22 09:30:00
PRJ-006271,2024,1899999.6,1899999.6,True,193440.0,2024-09-08 00:00:00,
PRJ-006272,2024,1794720.0,2007821.88,True,65250.899999999994,2024-08-03 10:00:00,2024-10-22 10:00:00
PRJ-006273,2024,3374655.6,3374655.6,True,51825.9,2024-07-31 08:30:00,
PRJ-006274,2024,192468000.0,192468000.0,True,,2024-09-20 08:00:00,
PRJ-006275,2024,10999200.0,10837669.23,True,100000.0,2024-08-10 09:00:00,2024-08-30 09:00:00
PRJ-006276,2024,4208400.0,4208400.0,True,,2024-08-19 09:00:00,
PRJ-006277,2024,4200000.0,4200000.0,True,72000.0,2024-07-31 09:30:00,
PRJ-006278,2024,5280000.0,5280000.0,True,128700.0,2024-07-31 10:00:00,
PRJ-006279,2024,3999999.6,3999999.6,True,72457.34,2024-08-14 08:00:00,
PRJ-006280,2024,22645051.2,22645051.2,True,473699.25,2024-09-14 11:00:00,
PRJ-006281,2024,44582352.0,44582352.0,True,5666.67,2024-08-10 13:00:00,
PRJ-006282,2024,10321852.8,10321852.8,True,390150.0,2024-08-07 08:00:00,
PRJ-006283,2024,9996000.0,9996000.0,True,172400.0,2024-08-16 10:00:00,
PRJ-006284,2024,,,,,,
PRJ-006285,2024,8265600.0,8265600.0,True,36000.0,2024-08-15 10:00:00,
PRJ-006286,2024,27103680.0,27103680.0,True,274500.0,2024-08-22 10:00:00,
PRJ-006287,2024,18838080.0,18838080.0,True,83200.0,2024-08-02 10:00:00,
PRJ-006288,2024,354300.0,397472.23,True,,2024-09-04 09:00:00,2024-10-01 09:00:00
PRJ-006289,2024,219000.0,219698.91,True,,2024-07-23 09:00:00,2024-09-15 09:00:00
PRJ-006290,2024,1329000.0,1329000.0,True,37814.0,2024-09-02 09:00:00,
PRJ-006291,2024,1065000.0,1065000.0,True,,2024-07-27 09:00:00,
PRJ-006292,2024,351000.0,351000.0,True,,2024-08-28 09:00:00,
PRJ-006293,2024,3697743.6,3697743.6,True,15870.0,2024-09-09 09:00:00,
PRJ-006294,2024,18218512.8,18218512.8,True,67865.0,2024-07-18 09:00:00,
PRJ-006295,2024,6335280.0,6335280.0,True,7900.0,2024-09-11 11:30:00,
PRJ-006296,2024,1450966.8,1450966.8,True,30000.0,2024-08-19 09:00:00,
PRJ-006297,2024,,,,,,
PRJ-006298,2024,5815344.0,5815344.0,True,21450.0,2024-09-16 10:00:00,
PRJ-006299,2024,2895907.2,2895907.2,True,2001.99,2024-08-08 08:00:00,
PRJ-006300,2024,18793562.24,18793562.24,True,97500.0,2024-08-26 08:00:00,
PRJ-006301,2024,32439091.56,32439091.56,True,6901999.999999999,2024-09-02 08:00:00,
PRJ-006302,2024,13645529.32,13110719.68,True,179460.01,2024-09-05 08:00:00,2024-10-15 08:00:00
PRJ-006303,2024,11940000.0,13456163.42,True,3630205.9,2024-09-04 00:00:00,2024-10-15 00:00:00
PRJ-006304,2024,2255199.6,2255199.6,True,720250.0,2024-07-25 09:00:00,
PRJ-006305,2024,5435029.2,5435029.2,True,83167.0,2024-08-26 09:00:00,
PRJ-006306,2024,15909538.5,15909538.5,True,4798333.0,2024-08-12 09:00:00,
PRJ-006307,2024,1643760.0,1643760.0,True,21924.0,2024-08-12 08:00:00,
PRJ-006308,2024,36576517.69,42521986.55,True,26745147.61,2024-09-14 16:00:00,2024-10-15 16:00:00
PRJ-006309,2024,34719379.2,34719379.2,True,28682885.720000003,2024-09-01 09:00:00,
PRJ-006310,2024,32244900.0,32244900.0,True,99900.0,2024-08-05 08:00:00,
PRJ-006311,2024,15000000.0,15000000.0,True,7380.23,2024-08-25 10:00:00,
PRJ-006312,2024,6476238.0,6476238.0,True,100000.0,2024-08-10 10:00:00,
PRJ-006313,2024,4940120.4,4940120.4,True,54683.13,2024-08-07 08:00:00,
PRJ-006314,2024,4354464.0,4354464.0,True,100000.0,2024-08-27 08:00:00,
PRJ-006315,2024,4087999.2,4087999.2,True,12593.57,2024-08-12 10:00:00,
PRJ-006316,2024,11760000.0,11127059.05,True,357640.0,2024-09-15 08:00:00,2024-10-14 08:00:00
PRJ-006317,2024,12998880.0,12998880.0,True,89260.03,2024-08-21 12:00:00,
PRJ-006318,2024,3600000.0,3600000.0,True,38880.0,2024-08-15 11:00:00,
PRJ-006319,2024,9600000.0,9600000.0,True,180600.0,2024-08-24 08:00:00,
PRJ-006320,2024,3792000.0,3792000.0,True,2793600.0,2024-09-06 08:00:00,
PRJ-006321,2024,12500780.4,12500780.4,True,52000.0,2024-08-08 08:30:00,
PRJ-006322,2024,114378276.0,114378276.0,True,9515925.0,2024-08-17 00:00:00,
PRJ-006323,2024,34991400.0,34991400.0,True,3189885.0,2024-08-18 08:00:00,
PRJ-006324,2024,232861784.4,227022448.91,True,100000.0,2024-09-11 08:00:00,2024-10-14 08:00:00
PRJ-006325,2024,,,,,,
PRJ-006326,2024,15411399.6,15411399.6,True,189000.0,2024-07-18 08:00:00,
PRJ-006327,2024,17614068.0,16610438.92,True,58000.0,2024-07-26 10:00:00,2024-08-13 10:00:00
PRJ-006328,2024,14997540.0,14997540.0,True,17400.0,2024-07-18 10:00:00,
PRJ-006329,2024,10285909.2,10285909.2,True,43340.0,2024-08-23 09:00:00,
PRJ-006330,2024,41946116.4,41946116.4,True,108853.12,2024-08-24 10:00:00,
PRJ-006331,2024,,,,,,
PRJ-006332,2024,81000000.0,92251484.37,True,98000.0,2024-07-16 08:00:00,2024-09-30 08:00:00
PRJ-006333,2024,,,,,,
PRJ-006334,2024,,,,,,
PRJ-006335,2024,45523596.0,45523596.0,True,45000.0,2024-07-24 09:00:00,
PRJ-006336,2024,8325499.99,8741793.65,True,6214670.0,2024-09-11 10:00:00,2024-10-10 10:00:00
PRJ-006337,2024,1999560.0,1999560.0,True,25860.0,2024-09-02 10:00:00,
PRJ-006338,2024,4999093.2,5625787.38,True,34800.0,2024-08-20 11:00:00,2024-10-10 11:00:00
PRJ-006339,2024,2600080.8,2600080.8,True,11000.0,2024-09-06 10:30:00,
PRJ-006340,2024,223969396.8,223969396.8,True,57414638.86,2024-08-11 11:00:00,
PRJ-006341,2024,4932325.82,4932325.82,True,135398.0,2024-08-07 14:00:00,
PRJ-006342,2024,39600000.0,39600000.0,True,217500.0,2024-07-20 10:00:00,
PRJ-006343,2024,8640000.0,7914798.82,True,115000.0,2024-07-17 10:00:00,2024-08-09 10:00:00
PRJ-006344,2024,3428342.4,3684792.3,True,40500.0,2024-08-09 09:00:00,2024-10-09 09:00:00
PRJ-006345,2024,12273109.79,12536692.58,True,10962.0,2024-08-12 11:00:00,2024-09-28 11:00:00
PRJ-006346,2024,27385714.8,27385714.8,True,99960.0,2024-08-17 00:00:00,
PRJ-006347,2024,14621088.0,14621088.0,True,21600.0,2024-07-23 11:00:00,
PRJ-006348,2024,5914884.0,5914884.0,True,3113218.13,2024-08-07 08:00:00,
PRJ-006349,2024,34050427.21,34050427.21,True,12780.0,2024-08-05 08:00:00,
PRJ-006350,2024,1570246.68,1570246.68,True,70120.0,2024-08-13 08:00:00,
PRJ-006351,2024,,,,,,
PRJ-006352,2024,9625753.2,11476808.98,True,64750.0,2024-08-11 10:00:00,2024-10-08 10:00:00
PRJ-006353,2024,35815960.8,35815960.8,True,27690000.0,2024-07-25 08:00:00,
PRJ-006354,2024,34105133.0,41745609.71,True,24999.989999999998,2024-08-01 12:00:00,2024-08-20 12:00:00
PRJ-006355,2024,,,,,,
PRJ-006356,2024,5499600.0,5499600.0,True,99995.0,2024-08-22 08:00:00,
PRJ-006357,2024,,,,,,
PRJ-006358,2024,986400.0,986400.0,True,,2024-09-07 10:00:00,
PRJ-006359,2024,2002400.4,2152899.4,True,880000.0,2024-07-16 08:00:00,2024-08-08 08:00:00
PRJ-006360,2024,,,,,,
PRJ-006361,2024,2299254.0,2796454.98,True,80000.0,2024-07-30 09:00:00,2024-10-03 09:00:00
PRJ-006362,2024,,,,,,
PRJ-006363,2024,189631812.0,189631812.0,True,2813760.0,2024-07-27 08:00:00,
PRJ-006364,2024,4993308.0,4993308.0,True,2166000.0,2024-08-13 08:00:00,
PRJ-006365,2024,154964340.0,154964340.0,True,5100000.0,2024-08-28 08:00:00,
PRJ-006366,2024,990968196.0,990968196.0,True,552000.0,2024-07-20 08:00:00,
PRJ-006367,2024,75331680.0,75331680.0,True,3540000.0,2024-07-08 08:00:00,
PRJ-006368,2024,4319467.2,4359097.29,True,99730.0,2024-07-05 11:00:00,2024-10-02 11:00:00
PRJ-006369,2024,10168586.4,10168586.4,True,5467741.92,2024-08-03 11:00:00,
PRJ-006370,2024,,,,,,
PRJ-006371,2024,1999999.2,2438975.23,True,83500.0,2024-07-21 13:00:00,2024-08-26 13:00:00
PRJ-006372,2024,1794000.0,1735151.24,True,484000.0,2024-08-10 09:00:00,2024-09-05 09:00:00
PRJ-006373,2024,11045000.4,11045000.4,True,2232000.0,2024-08-27 08:00:00,
PRJ-006374,2024,5429800.8,5429800.8,True,2387306.76,2024-08-30 10:00:00,
PRJ-006375,2024,3199999.2,3199999.2,True,94752.0,2024-07-15 08:00:00,
PRJ-006376,2024,3546122.4,4034319.17,True,201600.0,2024-08-19 08:30:00,2024-10-01 08:30:00
PRJ-006377,2024,281491549.07,281491549.07,True,99917.0,2024-08-01 10:00:00,
PRJ-006378,2024,3337899.6,3337899.6,True,99600.0,2024-08-26 08:30:00,
PRJ-006379,2024,,,,,,
PRJ-006380,2024,15758850.0,15758850.0,True,66840.0,2024-07-23 10:00:00,
PRJ-006381,2024,,,,,,
PRJ-006382,2024,20000000.4,20000000.4,True,60000.0,2024-07-12 12:00:00,
PRJ-006383,2024,1500000.0,1500000.0,True,447500.0,2024-08-19 12:00:00,
PRJ-006384,2024,8235199.2,8235199.2,True,1426692.3,2024-08-07 08:00:00,
PRJ-006385,2024,1999200.0,1999200.0,True,123750.0,2024-09-01 08:00:00,
PRJ-006386,2024,,,,,,
PRJ-006387,2024,251608888.8,251608888.8,True,16712100.0,2024-08-15 19:30:00,
PRJ-006388,2024,4382822.4,4382822.4,True,1780000.0,2024-07-16 08:00:00,
PRJ-006389,2024,4984645.92,4984645.92,True,369520.0,2024-07-21 08:00:00,
PRJ-006390,2024,1794720.0,2178977.51,True,14685.0,2024-07-23 10:00:00,2024-09-29 10:00:00
PRJ-006391,2024,,,,,,
PRJ-006392,2024,9998640.0,12481380.79,True,132250.0,2024-08-15 12:00:00,2024-09-26 12:00:00
PRJ-006393,2024,,,,,,
PRJ-006394,2024,,,,,,
PRJ-006395,2024,,,,,,
PRJ-006396,2024,51955880.4,51955880.4,True,133500.0,2024-08-28 11:00:00,
PRJ-006397,2024,,,,,,
PRJ-006398,2024,3606932.4,3168563.91,True,100000.0,2024-08-13 10:00:00,2024-08-31 10:00:00
PRJ-006399,2024,12368580.0,12319688.6,True,75000.0,2024-08-03 08:00:00,2024-09-25 08:00:00
PRJ-006400,2024,1990582.8,1990582.8,True,618000.0,2024-08-17 12:00:00,
PRJ-006401,2024,46681320.0,46681320.0,True,100000.0,2024-08-25 10:00:00,
PRJ-006402,2024,10899999.6,10899999.6,True,1144480.0,2024-06-29 11:00:00,
PRJ-006403,2024,11364037.08,11364037.08,True,83333.0,2024-07-16 08:00:00,
PRJ-006404,2024,,,,,,
PRJ-006405,2024,1935780.0,2099508.09,True,7340.0,2024-08-07 08:00:00,2024-09-24 08:00:00
PRJ-006406,2024,4002793.6,4707927.75,True,23.59,2024-08-14 13:30:00,2024-08-31 13:30:00
PRJ-006407,2024,1500000.0,1500000.0,True,16000.0,2024-08-02 10:00:00,
PRJ-006408,2024,83701329.6,98101536.82,True,97920.0,2024-08-12 08:30:00,2024-09-23 08:30:00
PRJ-006409,2024,1899405.6,1899405.6,True,100000.0,2024-08-17 10:00:00,
PRJ-006410,2024,5914884.0,5914884.0,True,99000.0,2024-07-14 08:00:00,
PRJ-006411,2024,126979114.8,126979114.8,True,74410.0,2024-07-09 08:00:00,
PRJ-006412,2024,3600.0,4074.0,True,,2024-07-13 08:00:00,2024-09-14 08:00:00
PRJ-006413,2024,418639.2,418639.2,True,,2024-08-13 10:00:00,
PRJ-006414,2024,2799999.6,2591663.56,True,83333.0,2024-07-01 08:00:00,2024-07-17 08:00:00
PRJ-006415,2024,8527640.0,8527640.0,True,100000.0,2024-08-14 08:00:00,
PRJ-006416,2024,24000000.0,24000000.0,True,75000.0,2024-07-13 08:30:00,
PRJ-006417,2024,2299254.0,2299254.0,True,40093.23,2024-08-07 08:00:00,
PRJ-006418,2024,441706235.6,470621782.46,True,61731.4,2024-08-17 08:30:00,2024-09-19 08:30:00
PRJ-006419,2024,15999999.6,15999999.6,True,75000.0,2024-07-22 08:00:00,
PRJ-006420,2024,,,,,,
PRJ-006421,2024,,,,,,
PRJ-006422,2024,17799850.8,17799850.8,True,99999.98999999999,2024-06-25 08:00:00,
PRJ-006423,2024,13399944.0,13399944.0,True,100000.0,2024-07-13 08:00:00,
PRJ-006424,2024,7800000.0,9177353.67,True,100000.0,2024-07-13 10:00:00,2024-09-18 10:00:00
PRJ-006425,2024,11010816.0,11010816.0,True,68340.0,2024-06-21 10:00:00,
PRJ-006426,2024,11807078.4,11807078.4,True,1201.12,2024-07-10 10:00:00,
PRJ-006427,2024,796262.4,796262.4,True,,2024-06-23 10:00:00,
PRJ-006428,2024,,,,,,
PRJ-006429,2024,,,,,,
PRJ-006430,2024,24130593.6,24130593.6,True,2249752.27,2024-08-01 08:00:00,
PRJ-006431,2024,1999200.0,1999200.0,True,959091.2,2024-07-21 10:00:00,
PRJ-006432,2024,1621939.2,1621939.2,True,0.0,2024-07-09 10:00:00,
PRJ-006433,2024,172851999.96,172851999.96,True,36040376.0,2024-07-17 09:00:00,
PRJ-006434,2024,12012.0,12270.46,True,,2024-08-02 08:00:00,2024-09-06 08:00:00
PRJ-006435,2024,2851.2,2851.2,True,,2024-08-05 08:00:00,
PRJ-006436,2024,17376.0,17376.0,True,,2024-07-19 08:00:00,
PRJ-006437,2024,5598.72,5598.72,True,,2024-08-16 08:00:00,
PRJ-006438,2024,2073.6,2073.6,True,,2024-07-21 08:00:00,
PRJ-006439,2024,5443.2,4974.8,True,,2024-08-09 08:00:00,2024-09-16 08:00:00
PRJ-006440,2024,5832.0,5832.0,True,,2024-07-01 08:00:00,
PRJ-006441,2024,58320.0,65952.38,True,,2024-07-10 08:00:00,2024-09-16 08:00:00
PRJ-006442,2024,16200.0,16200.0,True,,2024-08-09 08:00:00,
PRJ-006443,2024,217080.0,261988.92,True,,2024-06-25 08:00:00,2024-09-16 08:00:00
PRJ-006444,2024,126036.0,118272.12,True,,2024-06-23 08:00:00,2024-08-17 08:00:00
PRJ-006445,2024,59722.8,68990.39,True,,2024-07-30 08:00:00,2024-09-16 08:00:00
PRJ-006446,2024,262272.0,262272.0,True,,2024-07-22 08:00:00,
PRJ-006447,2024,317520.0,317520.0,True,,2024-08-07 08:00:00,
PRJ-006448,2024,208320.0,206911.0,True,,2024-07-28 08:00:00,2024-09-16 08:00:00
PRJ-006449,2024,13500.0,13500.0,True,,2024-06-28 08:00:00,
PRJ-006450,2024,16281.6,18028.48,True,,2024-07-30 08:00:00,2024-09-16 08:00:00
PRJ-006451,2024,11934.0,11934.0,True,,2024-08-05 08:00:00,
PRJ-006452,2024,8712.0,9980.06,True,,2024-07-17 08:00:00,2024-08-01 08:00:00
PRJ-006453,2024,11044.32,11044.32,True,,2024-07-23 08:00:00,
PRJ-006454,2024,54900.0,54900.0,True,,2024-06-30 08:00:00,
PRJ-006455,2024,43416.0,43416.0,True,,2024-06-26 08:00:00,
PRJ-006456,2024,60312.0,64409.36,True,,2024-07-14 08:00:00,2024-09-16 08:00:00
PRJ-006457,2024,128640.0,123396.86,True,,2024-07-31 08:00:00,2024-08-17 08:00:00
PRJ-006458,2024,96978.0,96978.0,True,,2024-07-11 08:00:00,
PRJ-006459,2024,197400.0,191186.74,True,,2024-08-08 08:00:00,2024-09-16 08:00:00
PRJ-006460,2024,288921.6,358940.84,True,,2024-07-07 08:00:00,2024-09-16 08:00:00
PRJ-006461,2024,126360.0,126360.0,True,,2024-07-20 08:00:00,
PRJ-006462,2024,18033.6,18033.6,True,,2024-07-30 08:00:00,
PRJ-006463,2024,40719.6,40368.08,True,,2024-06-19 08:00:00,2024-08-09 08:00:00
PRJ-006464,2024,123120.0,107581.62,True,,2024-07-27 08:00:00,2024-09-16 08:00:00
PRJ-006465,2024,13996.8,13996.8,True,,2024-07-28 08:00:00,
PRJ-006466,2024,7840.8,7840.8,True,,2024-08-03 08:00:00,
PRJ-006467,2024,77760.0,77760.0,True,,2024-06-28 08:00:00,
PRJ-006468,2024,101088.0,101088.0,True,,2024-08-01 08:00:00,
PRJ-006469,2024,813600.0,813600.0,True,,2024-08-13 08:00:00,
PRJ-006470,2024,471600.0,471600.0,True,,2024-08-08 08:00:00,
PRJ-006471,2024,173208.0,173208.0,True,,2024-07-12 08:00:00,
PRJ-006472,2024,7212.0,7212.0,True,,2024-08-16 08:00:00,
PRJ-006473,2024,3645.6,3900.33,True,,2024-07-18 08:00:00,2024-09-16 08:00:00
PRJ-006474,2024,254160.0,254160.0,True,,2024-07-25 08:00:00,
PRJ-006475,2024,11423185.86,11423185.86,True,238390.0,2024-07-10 08:00:00,
PRJ-006476,2024,3609855.6,3609855.6,True,1819000.01,2024-08-14 08:00:00,
PRJ-006477,2024,1313880.0,1388810.54,True,0.0,2024-07-29 08:00:00,2024-08-21 08:00:00
PRJ-006478,2024,,,,,,
PRJ-006479,2024,5000000.4,5000000.4,True,2234758.0,2024-07-23 10:00:00,
PRJ-006480,2024,15000000.0,15000000.0,True,1923663.06,2024-07-30 10:00:00,
PRJ-006481,2024,,,,,,
PRJ-006482,2024,4908165.6,4753481.45,True,1492000.0,2024-06-17 09:00:00,2024-09-12 09:00:00
PRJ-006483,2024,,,,,,
PRJ-006484,2024,30870999.6,30870999.6,True,15979677.5,2024-08-05 11:00:00,
PRJ-006485,2024,11539195.2,11539195.2,True,93125.0,2024-06-26 08:00:00,
PRJ-006486,2024,,,,,,
PRJ-006487,2024,1299999.6,1586775.19,True,141000.0,2024-06-15 08:00:00,2024-09-12 08:00:00
PRJ-006488,2024,,,,,,
PRJ-006489,2024,15949581.6,15949581.6,True,8479152.0,2024-08-06 10:00:00,
PRJ-006490,2024,45670531.2,45670531.2,True,30235385.0,2024-08-08 10:00:00,
PRJ-006491,2024,503001.6,503001.6,True,,2024-07-01 08:00:00,
PRJ-006492,2024,1449600.0,1449600.0,True,111250.0,2024-08-07 08:00:00,
PRJ-006493,2024,946598.4,946598.4,True,,2024-06-30 08:00:00,
PRJ-006494,2024,,,,,,
PRJ-006495,2024,5700000.0,5700000.0,True,3695821.0,2024-07-07 09:00:00,
PRJ-006496,2024,3792000.0,3792000.0,True,99820.0,2024-07-23 08:00:00,
PRJ-006497,2024,3777777.6,3777777.6,True,2198340.0,2024-08-04 11:00:00,
PRJ-006498,2024,16999999.2,16999999.2,True,6853910.5,2024-08-09 11:00:00,
PRJ-006499,2024,13222221.6,13222221.6,True,49950.0,2024-08-07 11:00:00,
PRJ-006500,2024,2409999.6,2409999.6,True,41000.0,2024-06-29 08:00:00,
PRJ-006501,2026,7925140.39,7925140.39,True,,2026-07-24 00:00:00,
PRJ-006502,2024,24761801.66,24761801.66,True,,2024-05-20 00:00:00,
PRJ-006503,2023,16048490.36,16048490.36,True,,2023-03-03 00:00:00,
PRJ-006504,2023,23929405.53,23929405.53,True,,2023-12-03 00:00:00,
PRJ-006505,2026,20577345.15,20577345.15,True,,2026-04-20 00:00:00,
PRJ-006506,2023,2929024.3,2929024.3,True,,2023-12-12 00:00:00,
PRJ-006507,2026,6265360.78,6265360.78,True,,2026-02-19 00:00:00,
PRJ-006508,2026,11309024.38,11309024.38,True,,2026-07-06 00:00:00,
PRJ-006509,2026,22693471.04,22693471.04,True,,2026-06-01 00:00:00,
PRJ-006510,2026,26068434.49,26068434.49,True,,2026-02-04 00:00:00,
PRJ-006511,2024,4039920.28,4039920.28,True,,2024-05-09 00:00:00,
PRJ-006512,2024,24946109.82,24946109.82,True,,2024-05-26 00:00:00,
PRJ-006513,2025,23732194.01,23732194.01,True,,2025-07-01 00:00:00,
PRJ-006514,2026,1561099.06,1561099.06,True,,2026-09-18 00:00:00,
PRJ-006515,2025,823747.04,823747.04,True,,2025-06-16 00:00:00,
PRJ-006516,2025,5134708.91,5134708.91,True,,2025-02-02 00:00:00,
PRJ-006517,2026,29126486.11,29126486.11,True,,2026-05-26 00:00:00,
PRJ-006518,2026,5436159.53,5436159.53,True,,2026-05-24 00:00:00,
PRJ-006519,2024,3719548.46,3719548.46,True,,2024-02-06 00:00:00,
PRJ-006520,2025,26080363.38,26080363.38,True,,2025-02-22 00:00:00,
PRJ-006521,2023,17582852.26,17582852.26,True,,2023-06-13 00:00:00,
PRJ-006522,2023,14525514.18,14525514.18,True,,2023-10-01 00:00:00,
PRJ-006523,2023,4497057.57,4497057.57,True,,2023-07-24 00:00:00,
PRJ-006524,2025,24402723.26,24402723.26,True,,2025-08-27 00:00:00,
PRJ-006525,2024,13985894.44,13985894.44,True,,2024-06-03 00:00:00,
PRJ-006526,2025,29481702.41,29481702.41,True,,2025-01-18 00:00:00,
PRJ-006527,2026,23229312.62,23229312.62,True,,2026-06-15 00:00:00,
PRJ-006528,2026,20579999.45,20579999.45,True,,2026-01-25 00:00:00,
PRJ-006529,2023,19399754.02,19399754.02,True,,2023-08-18 00:00:00,
PRJ-006530,2023,9358640.89,9358640.89,True,,2023-08-01 00:00:00,
PRJ-006531,2023,14204033.85,14204033.85,True,,2023-11-11 00:00:00,
PRJ-006532,2025,15500598.58,15500598.58,True,,2025-11-24 00:00:00,
PRJ-006533,2023,25029966.35,25029966.35,True,,2023-01-11 00:00:00,
PRJ-006534,2025,24822150.82,24822150.82,True,,2025-09-02 00:00:00,
PRJ-006535,2026,3491006.25,3491006.25,True,,2026-03-10 00:00:00,
PRJ-006536,2025,9454865.66,9454865.66,True,,2025-07-15 00:00:00,
PRJ-006537,2025,25311992.4,25311992.4,True,,2025-04-12 00:00:00,
PRJ-006538,2025,17364120.9,17364120.9,True,,2025-04-25 00:00:00,
PRJ-006539,2024,20828746.95,20828746.95,True,,2024-08-13 00:00:00,
PRJ-006540,2023,10295889.6,10295889.6,True,,2023-07-19 00:00:00,
PRJ-006541,2024,24452226.43,24452226.43,True,,2024-06-04 00:00:00,
PRJ-006542,2024,21128236.56,21128236.56,True,,2024-05-07 00:00:00,
PRJ-006543,2025,15594657.15,15594657.15,True,,2025-11-27 00:00:00,
PRJ-006544,2024,29911403.52,29911403.52,True,,2024-12-21 00:00:00,
PRJ-006545,2023,22133534.82,22133534.82,True,,2023-06-23 00:00:00,
PRJ-006546,2023,6770149.04,6770149.04,True,,2023-07-06 00:00:00,
PRJ-006547,2025,10774063.46,10774063.46,True,,2025-11-11 00:00:00,
PRJ-006548,2025,13452612.9,13452612.9,True,,2025-04-27 00:00:00,
PRJ-006549,2026,21534452.58,21534452.58,True,,2026-01-03 00:00:00,
PRJ-006550,2023,14851364.39,14851364.39,True,,2023-06-24 00:00:00,
PRJ-006551,2023,12741222.73,12741222.73,True,,2023-01-14 00:00:00,
PRJ-006552,2025,4007228.6,4007228.6,True,,2025-01-12 00:00:00,
PRJ-006553,2025,6551693.93,6551693.93,True,,2025-11-13 00:00:00,
PRJ-006554,2023,14836033.62,14836033.62,True,,2023-08-14 00:00:00,
PRJ-006555,2023,9260562.24,9260562.24,True,,2023-09-08 00:00:00,
PRJ-006556,2025,6689534.58,6689534.58,True,,2025-04-08 00:00:00,
PRJ-006557,2026,25170560.34,25170560.34,True,,2026-02-10 00:00:00,
PRJ-006558,2023,21061074.68,21061074.68,True,,2023-04-21 00:00:00,
PRJ-006559,2024,16167489.27,16167489.27,True,,2024-09-27 00:00:00,
PRJ-006560,2023,25170334.08,25170334.08,True,,2023-11-18 00:00:00,
PRJ-006561,2023,28320728.43,28320728.43,True,,2023-09-09 00:00:00,
PRJ-006562,2024,26422445.65,26422445.65,True,,2024-09-07 00:00:00,
PRJ-006563,2025,5149920.41,5149920.41,True,,2025-05-20 00:00:00,
PRJ-006564,2024,19319382.79,19319382.79,True,,2024-02-27 00:00:00,
PRJ-006565,2026,23882594.64,23882594.64,True,,2026-07-27 00:00:00,
PRJ-006566,2023,23589524.91,23589524.91,True,,2023-07-25 00:00:00,
PRJ-006567,2024,15031526.82,15031526.82,True,,2024-09-03 00:00:00,
PRJ-006568,2026,15481132.55,15481132.55,True,,2026-08-09 00:00:00,
PRJ-006569,2026,9627250.59,9627250.59,True,,2026-03-26 00:00:00,
PRJ-006570,2026,4781043.89,4781043.89,True,,2026-07-23 00:00:00,
PRJ-006571,2026,17145182.89,17145182.89,True,,2026-06-02 00:00:00,
PRJ-006572,2023,20575615.77,20575615.77,True,,2023-11-10 00:00:00,
PRJ-006573,2026,17114460.89,17114460.89,True,,2026-06-01 00:00:00,
PRJ-006574,2026,25117560.59,25117560.59,True,,2026-04-14 00:00:00,
PRJ-006575,2026,18446998.14,18446998.14,True,,2026-02-05 00:00:00,
PRJ-006576,2025,16166014.61,16166014.61,True,,2025-09-16 00:00:00,
PRJ-006577,2024,23711352.37,23711352.37,True,,2024-05-05 00:00:00,
PRJ-006578,2023,28808983.62,28808983.62,True,,2023-04-20 00:00:00,
PRJ-006579,2026,15237627.46,15237627.46,True,,2026-09-15 00:00:00,
PRJ-006580,2025,21058033.87,21058033.87,True,,2025-12-19 00:00:00,
PRJ-006581,2026,1363073.28,1363073.28,True,,2026-03-25 00:00:00,
PRJ-006582,2024,17598797.59,17598797.59,True,,2024-04-04 00:00:00,
PRJ-006583,2023,3577642.38,3577642.38,True,,2023-09-27 00:00:00,
PRJ-006584,2025,26639582.82,26639582.82,True,,2025-07-27 00:00:00,
PRJ-006585,2026,7496647.82,7496647.82,True,,2026-07-26 00:00:00,
PRJ-006586,2024,25285632.43,25285632.43,True,,2024-09-02 00:00:00,
PRJ-006587,2025,3953242.97,3953242.97,True,,2025-08-16 00:00:00,
PRJ-006588,2023,3711534.86,3711534.86,True,,2023-09-12 00:00:00,
PRJ-006589,2024,12019831.2,12019831.2,True,,2024-07-16 00:00:00,
PRJ-006590,2023,15726783.33,15726783.33,True,,2023-04-18 00:00:00,
PRJ-006591,2026,17211647.77,17211647.77,True,,2026-05-24 00:00:00,
PRJ-006592,2025,27680009.09,27680009.09,True,,2025-02-01 00:00:00,
PRJ-006593,2026,1356278.6,1356278.6,True,,2026-06-13 00:00:00,
PRJ-006594,2023,7203417.49,7203417.49,True,,2023-09-14 00:00:00,
PRJ-006595,2023,12458820.69,12458820.69,True,,2023-01-07 00:00:00,
PRJ-006596,2025,14057057.53,14057057.53,True,,2025-06-26 00:00:00,
PRJ-006597,2026,25702563.55,25702563.55,True,,2026-03-13 00:00:00,
PRJ-006598,2025,4529163.68,4529163.68,True,,2025-04-06 00:00:00,
PRJ-006599,2023,1851970.04,1851970.04,True,,2023-08-14 00:00:00,
PRJ-006600,2023,16677534.18,16677534.18,True,,2023-04-05 00:00:00,
PRJ-006601,2024,27366610.79,27366610.79,True,,2024-09-12 00:00:00,
PRJ-006602,2026,9695044.92,9695044.92,True,,2026-09-05 00:00:00,
PRJ-006603,2023,20588517.6,20588517.6,True,,2023-08-27 00:00:00,
PRJ-006604,2023,19039981.03,19039981.03,True,,2023-10-02 00:00:00,
PRJ-006605,2024,5195494.22,5195494.22,True,,2024-07-20 00:00:00,
PRJ-006606,2025,13511015.71,13511015.71,True,,2025-03-13 00:00:00,
PRJ-006607,2025,673980.26,673980.26,True,,2025-12-01 00:00:00,
PRJ-006608,2026,29892361.13,29892361.13,True,,2026-02-02 00:00:00,
PRJ-006609,2025,12544737.52,12544737.52,True,,2025-09-07 00:00:00,
PRJ-006610,2026,28216037.06,28216037.06,True,,2026-08-04 00:00:00,
PRJ-006611,2026,15872218.88,15872218.88,True,,2026-06-07 00:00:00,
PRJ-006612,2024,13329559.26,13329559.26,True,,2024-08-13 00:00:00,
PRJ-006613,2026,24415714.1,24415714.1,True,,2026-08-11 00:00:00,
PRJ-006614,2023,6396213.04,6396213.04,True,,2023-09-07 00:00:00,
PRJ-006615,2026,1740840.72,1740840.72,True,,2026-03-22 00:00:00,
PRJ-006616,2026,28897094.43,28897094.43,True,,2026-08-04 00:00:00,
PRJ-006617,2025,26054700.83,26054700.83,True,,2025-02-04 00:00:00,
PRJ-006618,2023,19020371.76,19020371.76,True,,2023-11-08 00:00:00,
PRJ-006619,2025,20656812.25,20656812.25,True,,2025-10-13 00:00:00,
PRJ-006620,2024,28416470.1,28416470.1,True,,2024-05-17 00:00:00,
PRJ-006621,2025,25646575.91,25646575.91,True,,2025-01-03 00:00:00,
PRJ-006622,2024,26869258.91,26869258.91,True,,2024-01-20 00:00:00,
PRJ-006623,2025,9675212.2,9675212.2,True,,2025-04-08 00:00:00,
PRJ-006624,2024,13877847.45,13877847.45,True,,2024-06-19 00:00:00,
PRJ-006625,2024,3125609.65,3125609.65,True,,2024-06-03 00:00:00,
PRJ-006626,2026,27931942.46,27931942.46,True,,2026-06-08 00:00:00,
PRJ-006627,2026,25561165.59,25561165.59,True,,2026-05-21 00:00:00,
PRJ-006628,2026,26038611.92,26038611.92,True,,2026-06-18 00:00:00,
PRJ-006629,2026,15787876.59,15787876.59,True,,2026-04-11 00:00:00,
PRJ-006630,2024,9276506.91,9276506.91,True,,2024-06-22 00:00:00,
PRJ-006631,2024,24465081.89,24465081.89,True,,2024-11-22 00:00:00,
PRJ-006632,2026,3352756.86,3352756.86,True,,2026-05-24 00:00:00,
PRJ-006633,2026,29278228.0,29278228.0,True,,2026-04-07 00:00:00,
PRJ-006634,2024,1580938.53,1580938.53,True,,2024-08-22 00:00:00,
PRJ-006635,2026,18630320.63,18630320.63,True,,2026-06-05 00:00:00,
PRJ-006636,2023,5047055.16,5047055.16,True,,2023-01-24 00:00:00,
PRJ-006637,2024,16948379.32,16948379.32,True,,2024-02-27 00:00:00,
PRJ-006638,2024,29774164.04,29774164.04,True,,2024-12-04 00:00:00,
PRJ-006639,2026,5763559.09,5763559.09,True,,2026-07-17 00:00:00,
PRJ-006640,2025,27900829.71,27900829.71,True,,2025-05-24 00:00:00,
PRJ-006641,2025,24552862.9,24552862.9,True,,2025-02-03 00:00:00,
PRJ-006642,2024,29025360.77,29025360.77,True,,2024-02-12 00:00:00,
PRJ-006643,2023,9364487.5,9364487.5,True,,2023-09-12 00:00:00,
PRJ-006644,2024,2705147.94,2705147.94,True,,2024-06-18 00:00:00,
PRJ-006645,2023,15279975.28,15279975.28,True,,2023-09-01 00:00:00,
PRJ-006646,2023,2905524.32,2905524.32,True,,2023-10-16 00:00:00,
PRJ-006647,2026,26182013.06,26182013.06,True,,2026-03-04 00:00:00,
PRJ-006648,2025,27223891.9,27223891.9,True,,2025-02-22 00:00:00,
PRJ-006649,2024,9586108.14,9586108.14,True,,2024-04-23 00:00:00,
PRJ-006650,2026,25153346.09,25153346.09,True,,2026-01-18 00:00:00,
PRJ-006651,2023,2646597.39,2646597.39,True,,2023-11-18 00:00:00,
PRJ-006652,2025,15994676.94,15994676.94,True,,2025-12-23 00:00:00,
PRJ-006653,2025,19763428.45,19763428.45,True,,2025-03-03 00:00:00,
PRJ-006654,2024,25639218.06,25639218.06,True,,2024-06-22 00:00:00,
PRJ-006655,2023,5072702.63,5072702.63,True,,2023-01-19 00:00:00,
PRJ-006656,2026,28987613.42,28987613.42,True,,2026-02-10 00:00:00,
PRJ-006657,2023,23298343.54,23298343.54,True,,2023-10-04 00:00:00,
PRJ-006658,2023,20420648.38,20420648.38,True,,2023-08-12 00:00:00,
PRJ-006659,2024,21889802.4,21889802.4,True,,2024-07-05 00:00:00,
PRJ-006660,2026,9044638.11,9044638.11,True,,2026-08-04 00:00:00,
PRJ-006661,2023,21568598.34,21568598.34,True,,2023-01-06 00:00:00,
PRJ-006662,2025,26333782.32,26333782.32,True,,2025-03-13 00:00:00,
PRJ-006663,2025,2945169.06,2945169.06,True,,2025-07-23 00:00:00,
PRJ-006664,2025,5493084.07,5493084.07,True,,2025-07-05 00:00:00,
PRJ-006665,2023,26809245.52,26809245.52,True,,2023-01-10 00:00:00,
PRJ-006666,2026,23594867.0,23594867.0,True,,2026-01-17 00:00:00,
PRJ-006667,2023,17953150.7,17953150.7,True,,2023-02-03 00:00:00,
PRJ-006668,2026,26031617.05,26031617.05,True,,2026-09-18 00:00:00,
PRJ-006669,2026,18040630.37,18040630.37,True,,2026-08-27 00:00:00,
PRJ-006670,2026,19047345.82,19047345.82,True,,2026-07-04 00:00:00,
PRJ-006671,2023,12452675.8,12452675.8,True,,2023-03-25 00:00:00,
PRJ-006672,2023,18194421.41,18194421.41,True,,2023-04-16 00:00:00,
PRJ-006673,2023,13747504.18,13747504.18,True,,2023-04-10 00:00:00,
PRJ-006674,2023,8976673.39,8976673.39,True,,2023-04-25 00:00:00,
PRJ-006675,2025,7840756.42,7840756.42,True,,2025-06-23 00:00:00,
PRJ-006676,2025,29524547.05,29524547.05,True,,2025-06-10 00:00:00,
PRJ-006677,2026,17224068.62,17224068.62,True,,2026-01-18 00:00:00,
PRJ-006678,2026,6108524.72,6108524.72,True,,2026-02-25 00:00:00,
PRJ-006679,2023,10472373.83,10472373.83,True,,2023-06-19 00:00:00,
PRJ-006680,2024,12585556.84,12585556.84,True,,2024-11-07 00:00:00,
PRJ-006681,2023,21603283.86,21603283.86,True,,2023-08-18 00:00:00,
PRJ-006682,2026,1991704.11,1991704.11,True,,2026-01-03 00:00:00,
PRJ-006683,2025,23545227.91,23545227.91,True,,2025-04-26 00:00:00,
PRJ-006684,2025,5399152.53,5399152.53,True,,2025-06-11 00:00:00,
PRJ-006685,2026,25963859.36,25963859.36,True,,2026-07-06 00:00:00,
PRJ-006686,2024,13669984.31,13669984.31,True,,2024-04-02 00:00:00,
PRJ-006687,2023,20307015.62,20307015.62,True,,2023-01-06 00:00:00,
PRJ-006688,2026,604634.97,604634.97,True,,2026-04-01 00:00:00,
PRJ-006689,2024,27301256.89,27301256.89,True,,2024-07-05 00:00:00,
PRJ-006690,2025,4996741.41,4996741.41,True,,2025-09-09 00:00:00,
PRJ-006691,2024,26674927.61,26674927.61,True,,2024-06-26 00:00:00,
PRJ-006692,2024,9651409.76,9651409.76,True,,2024-03-14 00:00:00,
PRJ-006693,2026,1743179.11,1743179.11,True,,2026-07-07 00:00:00,
PRJ-006694,2023,6969103.82,6969103.82,True,,2023-11-24 00:00:00,
PRJ-006695,2025,17811432.81,17811432.81,True,,2025-08-06 00:00:00,
PRJ-006696,2025,26651329.6,26651329.6,True,,2025-02-13 00:00:00,
PRJ-006697,2025,2479199.04,2479199.04,True,,2025-05-03 00:00:00,
PRJ-006698,2024,13608983.89,13608983.89,True,,2024-02-08 00:00:00,
PRJ-006699,2025,15321840.95,15321840.95,True,,2025-09-13 00:00:00,
PRJ-006700,2026,649333.92,649333.92,True,,2026-07-16 00:00:00,
PRJ-006701,2023,20817522.79,20817522.79,True,,2023-03-18 00:00:00,
PRJ-006702,2025,18583564.85,18583564.85,True,,2025-05-26 00:00:00,
PRJ-006703,2025,25183123.25,25183123.25,True,,2025-04-05 00:00:00,
PRJ-006704,2024,7629223.62,7629223.62,True,,2024-08-08 00:00:00,
PRJ-006705,2023,27463038.59,27463038.59,True,,2023-10-06 00:00:00,
PRJ-006706,2026,24174520.03,24174520.03,True,,2026-05-13 00:00:00,
PRJ-006707,2024,17384835.92,17384835.92,True,,2024-03-22 00:00:00,
PRJ-006708,2025,22209280.49,22209280.49,True,,2025-01-15 00:00:00,
PRJ-006709,2025,28734850.88,28734850.88,True,,2025-04-18 00:00:00,
PRJ-006710,2025,28656113.78,28656113.78,True,,2025-08-25 00:00:00,
PRJ-006711,2024,24127998.28,24127998.28,True,,2024-05-18 00:00:00,
PRJ-006712,2023,19273133.04,19273133.04,True,,2023-03-13 00:00:00,
PRJ-006713,2025,22762231.97,22762231.97,True,,2025-04-13 00:00:00,
PRJ-006714,2023,27131923.18,27131923.18,True,,2023-03-26 00:00:00,
PRJ-006715,2024,7989590.05,7989590.05,True,,2024-02-02 00:00:00,
PRJ-006716,2025,17120369.02,17120369.02,True,,2025-10-23 00:00:00,
PRJ-006717,2025,26903819.23,26903819.23,True,,2025-06-12 00:00:00,
PRJ-006718,2024,840618.79,840618.79,True,,2024-10-10 00:00:00,
PRJ-006719,2023,19028094.54,19028094.54,True,,2023-07-04 00:00:00,
PRJ-006720,2023,9179676.89,9179676.89,True,,2023-04-12 00:00:00,
PRJ-006721,2023,21167143.68,21167143.68,True,,2023-11-02 00:00:00,
PRJ-006722,2024,10792725.15,10792725.15,True,,2024-01-24 00:00:00,
PRJ-006723,2024,14635036.34,14635036.34,True,,2024-09-03 00:00:00,
PRJ-006724,2023,2802323.13,2802323.13,True,,2023-12-03 00:00:00,
PRJ-006725,2026,5923753.1,5923753.1,True,,2026-07-11 00:00:00,
PRJ-006726,2025,18204657.14,18204657.14,True,,2025-07-07 00:00:00,
PRJ-006727,2025,21249928.41,21249928.41,True,,2025-01-17 00:00:00,
PRJ-006728,2023,14642733.96,14642733.96,True,,2023-02-20 00:00:00,
PRJ-006729,2024,3102074.44,3102074.44,True,,2024-08-03 00:00:00,
PRJ-006730,2025,11664069.69,11664069.69,True,,2025-04-13 00:00:00,
PRJ-006731,2026,5535167.14,5535167.14,True,,2026-09-18 00:00:00,
PRJ-006732,2023,17693370.06,17693370.06,True,,2023-04-05 00:00:00,
PRJ-006733,2026,26094168.91,26094168.91,True,,2026-04-20 00:00:00,
PRJ-006734,2025,9455314.06,9455314.06,True,,2025-08-13 00:00:00,
PRJ-006735,2026,14546924.5,14546924.5,True,,2026-09-11 00:00:00,
PRJ-006736,2025,29897570.66,29897570.66,True,,2025-04-03 00:00:00,
PRJ-006737,2026,11006585.7,11006585.7,True,,2026-09-18 00:00:00,
PRJ-006738,2026,21686986.51,21686986.51,True,,2026-07-18 00:00:00,
PRJ-006739,2025,25551074.05,25551074.05,True,,2025-05-17 00:00:00,
PRJ-006740,2023,22628831.76,22628831.76,True,,2023-09-19 00:00:00,
PRJ-006741,2026,15470415.9,15470415.9,True,,2026-01-18 00:00:00,
PRJ-006742,2026,14953715.27,14953715.27,True,,2026-08-24 00:00:00,
PRJ-006743,2026,17221955.85,17221955.85,True,,2026-09-08 00:00:00,
PRJ-006744,2024,7583584.63,7583584.63,True,,2024-10-01 00:00:00,
PRJ-006745,2023,19290853.71,19290853.71,True,,2023-12-08 00:00:00,
PRJ-006746,2023,9453980.21,9453980.21,True,,2023-02-08 00:00:00,
PRJ-006747,2023,3376895.75,3376895.75,True,,2023-04-24 00:00:00,
PRJ-006748,2024,4720627.46,4720627.46,True,,2024-04-07 00:00:00,
PRJ-006749,2025,14426864.84,14426864.84,True,,2025-10-26 00:00:00,
PRJ-006750,2025,16054506.45,16054506.45,True,,2025-09-17 00:00:00,
PRJ-006751,2023,12152831.9,12152831.9,True,,2023-04-19 00:00:00,
PRJ-006752,2026,29740934.15,29740934.15,True,,2026-05-14 00:00:00,
PRJ-006753,2025,10420633.74,10420633.74,True,,2025-12-05 00:00:00,
PRJ-006754,2023,24656481.31,24656481.31,True,,2023-03-18 00:00:00,
PRJ-006755,2023,27910140.88,27910140.88,True,,2023-01-18 00:00:00,
PRJ-006756,2023,26241216.28,26241216.28,True,,2023-01-23 00:00:00,
PRJ-006757,2026,18823712.8,18823712.8,True,,2026-01-11 00:00:00,
PRJ-006758,2025,29059168.4,29059168.4,True,,2025-08-17 00:00:00,
PRJ-006759,2026,4452086.79,4452086.79,True,,2026-01-12 00:00:00,
PRJ-006760,2025,3392143.0,3392143.0,True,,2025-06-02 00:00:00,
PRJ-006761,2024,20754208.92,20754208.92,True,,2024-12-27 00:00:00,
PRJ-006762,2023,19765284.99,19765284.99,True,,2023-01-16 00:00:00,
PRJ-006763,2025,27133731.82,27133731.82,True,,2025-05-27 00:00:00,
PRJ-006764,2026,29789131.41,29789131.41,True,,2026-05-13 00:00:00,
PRJ-006765,2025,6758459.11,6758459.11,True,,2025-01-02 00:00:00,
PRJ-006766,2023,5740723.76,5740723.76,True,,2023-09-01 00:00:00,
PRJ-006767,2026,19586787.71,19586787.71,True,,2026-03-21 00:00:00,
PRJ-006768,2025,7029535.75,7029535.75,True,,2025-09-03 00:00:00,
PRJ-006769,2026,22847841.89,22847841.89,True,,2026-09-14 00:00:00,
PRJ-006770,2023,10038088.78,10038088.78,True,,2023-09-27 00:00:00,
PRJ-006771,2025,15785832.64,15785832.64,True,,2025-03-19 00:00:00,
PRJ-006772,2025,13422505.03,13422505.03,True,,2025-08-12 00:00:00,
PRJ-006773,2026,13343465.61,13343465.61,True,,2026-06-05 00:00:00,
PRJ-006774,2025,6530146.01,6530146.01,True,,2025-09-16 00:00:00,
PRJ-006775,2026,25490366.52,25490366.52,True,,2026-05-07 00:00:00,
PRJ-006776,2025,29876290.74,29876290.74,True,,2025-09-27 00:00:00,
PRJ-006777,2023,12748236.37,12748236.37,True,,2023-08-13 00:00:00,
PRJ-006778,2025,2591636.14,2591636.14,True,,2025-10-12 00:00:00,
PRJ-006779,2024,15361769.76,15361769.76,True,,2024-05-07 00:00:00,
PRJ-006780,2023,12269559.72,12269559.72,True,,2023-06-07 00:00:00,
PRJ-006781,2025,25715735.7,25715735.7,True,,2025-11-07 00:00:00,
PRJ-006782,2023,10209065.49,10209065.49,True,,2023-11-09 00:00:00,
PRJ-006783,2024,8763213.09,8763213.09,True,,2024-09-24 00:00:00,
PRJ-006784,2023,8453158.63,8453158.63,True,,2023-10-19 00:00:00,
PRJ-006785,2025,11105865.61,11105865.61,True,,2025-05-27 00:00:00,
PRJ-006786,2023,3513924.27,3513924.27,True,,2023-11-17 00:00:00,
PRJ-006787,2026,18386032.13,18386032.13,True,,2026-04-20 00:00:00,
PRJ-006788,2026,19037154.68,19037154.68,True,,2026-02-06 00:00:00,
PRJ-006789,2024,2767680.07,2767680.07,True,,2024-10-08 00:00:00,
PRJ-006790,2026,29280735.18,29280735.18,True,,2026-09-04 00:00:00,
PRJ-006791,2025,1808782.25,1808782.25,True,,2025-10-20 00:00:00,
PRJ-006792,2023,18889787.03,18889787.03,True,,2023-06-12 00:00:00,
PRJ-006793,2024,1755632.19,1755632.19,True,,2024-06-22 00:00:00,
PRJ-006794,2023,10080589.26,10080589.26,True,,2023-05-17 00:00:00,
PRJ-006795,2023,19581383.73,19581383.73,True,,2023-03-18 00:00:00,
PRJ-006796,2023,19237460.8,19237460.8,True,,2023-09-05 00:00:00,
PRJ-006797,2025,16972067.28,16972067.28,True,,2025-12-22 00:00:00,
PRJ-006798,2026,10402722.81,10402722.81,True,,2026-04-07 00:00:00,
PRJ-006799,2026,976366.12,976366.12,True,,2026-05-01 00:00:00,
PRJ-006800,2023,9048261.24,9048261.24,True,,2023-11-26 00:00:00,
PRJ-006801,2023,29376285.48,29376285.48,True,,2023-01-08 00:00:00,
PRJ-006802,2024,17200156.13,17200156.13,True,,2024-09-27 00:00:00,
PRJ-006803,2024,810371.29,810371.29,True,,2024-09-24 00:00:00,
PRJ-006804,2026,12494421.04,12494421.04,True,,2026-04-09 00:00:00,
PRJ-006805,2025,2372213.95,2372213.95,True,,2025-05-24 00:00:00,
PRJ-006806,2024,10368076.95,10368076.95,True,,2024-11-13 00:00:00,
PRJ-006807,2026,28458659.85,28458659.85,True,,2026-07-02 00:00:00,
PRJ-006808,2023,3472381.29,3472381.29,True,,2023-01-11 00:00:00,
PRJ-006809,2024,8063923.97,8063923.97,True,,2024-10-21 00:00:00,
PRJ-006810,2025,2105184.24,2105184.24,True,,2025-01-23 00:00:00,
PRJ-006811,2025,693161.83,693161.83,True,,2025-04-23 00:00:00,
PRJ-006812,2025,22225996.49,22225996.49,True,,2025-01-10 00:00:00,
PRJ-006813,2025,27745356.78,27745356.78,True,,2025-01-06 00:00:00,
PRJ-006814,2024,25444557.76,25444557.76,True,,2024-11-22 00:00:00,
PRJ-006815,2025,22947008.87,22947008.87,True,,2025-02-11 00:00:00,
PRJ-006816,2024,2101966.59,2101966.59,True,,2024-05-02 00:00:00,
PRJ-006817,2024,23027200.4,23027200.4,True,,2024-07-12 00:00:00,
PRJ-006818,2023,11866755.74,11866755.74,True,,2023-07-17 00:00:00,
PRJ-006819,2025,12812205.4,12812205.4,True,,2025-08-21 00:00:00,
PRJ-006820,2025,24193795.18,24193795.18,True,,2025-09-07 00:00:00,
PRJ-006821,2024,22618380.68,22618380.68,True,,2024-02-17 00:00:00,
PRJ-006822,2026,24981520.55,24981520.55,True,,2026-02-25 00:00:00,
PRJ-006823,2023,14785348.79,14785348.79,True,,2023-09-03 00:00:00,
PRJ-006824,2024,17695333.33,17695333.33,True,,2024-08-14 00:00:00,
PRJ-006825,2025,2528663.31,2528663.31,True,,2025-05-10 00:00:00,
PRJ-006826,2025,4652158.58,4652158.58,True,,2025-04-02 00:00:00,
PRJ-006827,2026,23704911.03,23704911.03,True,,2026-06-04 00:00:00,
PRJ-006828,2026,19344953.72,19344953.72,True,,2026-03-27 00:00:00,
PRJ-006829,2026,27555411.81,27555411.81,True,,2026-01-04 00:00:00,
PRJ-006830,2026,21789540.32,21789540.32,True,,2026-09-07 00:00:00,
PRJ-006831,2026,23345385.4,23345385.4,True,,2026-01-22 00:00:00,
PRJ-006832,2024,24944244.88,24944244.88,True,,2024-11-11 00:00:00,
PRJ-006833,2026,12492582.08,12492582.08,True,,2026-03-22 00:00:00,
PRJ-006834,2023,18575143.1,18575143.1,True,,2023-08-07 00:00:00,
PRJ-006835,2023,29860429.8,29860429.8,True,,2023-06-17 00:00:00,
PRJ-006836,2026,5352897.53,5352897.53,True,,2026-08-15 00:00:00,
PRJ-006837,2023,2065164.96,2065164.96,True,,2023-09-03 00:00:00,
PRJ-006838,2023,13009558.67,13009558.67,True,,2023-01-23 00:00:00,
PRJ-006839,2024,5475719.97,5475719.97,True,,2024-04-18 00:00:00,
PRJ-006840,2023,13625195.53,13625195.53,True,,2023-10-13 00:00:00,
PRJ-006841,2023,3873758.39,3873758.39,True,,2023-10-08 00:00:00,
PRJ-006842,2024,28393583.82,28393583.82,True,,2024-09-23 00:00:00,
PRJ-006843,2023,10431527.1,10431527.1,True,,2023-01-12 00:00:00,
PRJ-006844,2026,6457316.52,6457316.52,True,,2026-01-09 00:00:00,
PRJ-006845,2026,5924740.45,5924740.45,True,,2026-03-16 00:00:00,
PRJ-006846,2023,16313473.48,16313473.48,True,,2023-01-19 00:00:00,
PRJ-006847,2025,10354932.7,10354932.7,True,,2025-08-23 00:00:00,
PRJ-006848,2026,12260572.78,12260572.78,True,,2026-08-10 00:00:00,
PRJ-006849,2026,2879763.69,2879763.69,True,,2026-04-20 00:00:00,
PRJ-006850,2023,27862084.6,27862084.6,True,,2023-04-11 00:00:00,
PRJ-006851,2026,21342930.34,21342930.34,True,,2026-09-18 00:00:00,
PRJ-006852,2024,18012808.4,18012808.4,True,,2024-09-03 00:00:00,
PRJ-006853,2023,6843644.05,6843644.05,True,,2023-11-24 00:00:00,
PRJ-006854,2023,11767960.44,11767960.44,True,,2023-06-15 00:00:00,
PRJ-006855,2026,18042556.55,18042556.55,True,,2026-09-01 00:00:00,
PRJ-006856,2025,26081419.92,26081419.92,True,,2025-04-17 00:00:00,
PRJ-006857,2026,24665771.74,24665771.74,True,,2026-09-05 00:00:00,
PRJ-006858,2023,24346151.77,24346151.77,True,,2023-10-25 00:00:00,
PRJ-006859,2023,7923117.29,7923117.29,True,,2023-05-10 00:00:00,
PRJ-006860,2023,5072197.75,5072197.75,True,,2023-07-27 00:00:00,
PRJ-006861,2025,23879279.92,23879279.92,True,,2025-05-24 00:00:00,
PRJ-006862,2026,26806854.51,26806854.51,True,,2026-08-22 00:00:00,
PRJ-006863,2025,2534739.85,2534739.85,True,,2025-03-11 00:00:00,
PRJ-006864,2026,2129368.53,2129368.53,True,,2026-04-02 00:00:00,
PRJ-006865,2023,29126827.26,29126827.26,True,,2023-03-04 00:00:00,
PRJ-006866,2024,9993544.3,9993544.3,True,,2024-01-16 00:00:00,
PRJ-006867,2026,24882189.01,24882189.01,True,,2026-03-09 00:00:00,
PRJ-006868,2023,12441356.88,12441356.88,True,,2023-12-19 00:00:00,
PRJ-006869,2025,14069432.37,14069432.37,True,,2025-03-18 00:00:00,
PRJ-006870,2025,23543748.11,23543748.11,True,,2025-11-03 00:00:00,
PRJ-006871,2025,22084063.41,22084063.41,True,,2025-08-24 00:00:00,
PRJ-006872,2023,28092647.7,28092647.7,True,,2023-06-07 00:00:00,
PRJ-006873,2026,16023590.69,16023590.69,True,,2026-04-16 00:00:00,
PRJ-006874,2025,18863239.35,18863239.35,True,,2025-02-03 00:00:00,
PRJ-006875,2026,29190734.85,29190734.85,True,,2026-01-16 00:00:00,
PRJ-006876,2023,18388535.6,18388535.6,True,,2023-03-12 00:00:00,
PRJ-006877,2023,27510411.87,27510411.87,True,,2023-04-19 00:00:00,
PRJ-006878,2025,12072505.93,12072505.93,True,,2025-09-26 00:00:00,
PRJ-006879,2023,28268195.98,28268195.98,True,,2023-06-15 00:00:00,
PRJ-006880,2023,27250165.88,27250165.88,True,,2023-10-11 00:00:00,
PRJ-006881,2024,15498000.13,15498000.13,True,,2024-08-08 00:00:00,
PRJ-006882,2026,19673899.49,19673899.49,True,,2026-08-25 00:00:00,
PRJ-006883,2026,1583685.69,1583685.69,True,,2026-06-20 00:00:00,
PRJ-006884,2024,26756662.7,26756662.7,True,,2024-08-19 00:00:00,
PRJ-006885,2024,22979925.05,22979925.05,True,,2024-11-03 00:00:00,
PRJ-006886,2024,23697526.97,23697526.97,True,,2024-11-16 00:00:00,
PRJ-006887,2024,12656982.15,12656982.15,True,,2024-03-24 00:00:00,
PRJ-006888,2023,11192935.14,11192935.14,True,,2023-11-07 00:00:00,
PRJ-006889,2026,11165052.06,11165052.06,True,,2026-01-11 00:00:00,
PRJ-006890,2023,23010729.14,23010729.14,True,,2023-11-04 00:00:00,
PRJ-006891,2026,17272910.95,17272910.95,True,,2026-07-15 00:00:00,
PRJ-006892,2025,21314603.96,21314603.96,True,,2025-01-16 00:00:00,
PRJ-006893,2025,2049087.26,2049087.26,True,,2025-12-15 00:00:00,
PRJ-006894,2025,27417729.83,27417729.83,True,,2025-04-24 00:00:00,
PRJ-006895,2026,19794683.71,19794683.71,True,,2026-09-10 00:00:00,
PRJ-006896,2024,10084171.62,10084171.62,True,,2024-05-21 00:00:00,
PRJ-006897,2023,28390355.75,28390355.75,True,,2023-10-17 00:00:00,
PRJ-006898,2026,17484570.67,17484570.67,True,,2026-06-11 00:00:00,
PRJ-006899,2023,28300989.86,28300989.86,True,,2023-05-23 00:00:00,
PRJ-006900,2024,22208231.54,22208231.54,True,,2024-11-20 00:00:00,
PRJ-006901,2023,2736957.45,2736957.45,True,,2023-12-08 00:00:00,
PRJ-006902,2023,22518323.61,22518323.61,True,,2023-10-19 00:00:00,
PRJ-006903,2023,10201685.69,10201685.69,True,,2023-11-15 00:00:00,
PRJ-006904,2023,9167404.15,9167404.15,True,,2023-08-25 00:00:00,
PRJ-006905,2026,28833201.6,28833201.6,True,,2026-02-16 00:00:00,
PRJ-006906,2026,5274090.65,5274090.65,True,,2026-09-16 00:00:00,
PRJ-006907,2024,23839750.96,23839750.96,True,,2024-06-10 00:00:00,
PRJ-006908,2026,29825026.27,29825026.27,True,,2026-04-02 00:00:00,
PRJ-006909,2025,10015630.53,10015630.53,True,,2025-05-20 00:00:00,
PRJ-006910,2024,14202927.21,14202927.21,True,,2024-07-25 00:00:00,
PRJ-006911,2025,11448747.21,11448747.21,True,,2025-01-08 00:00:00,
PRJ-006912,2026,15097513.28,15097513.28,True,,2026-01-12 00:00:00,
PRJ-006913,2025,29919263.16,29919263.16,True,,2025-09-27 00:00:00,
PRJ-006914,2023,17090174.53,17090174.53,True,,2023-07-26 00:00:00,
PRJ-006915,2023,22363142.86,22363142.86,True,,2023-01-18 00:00:00,
PRJ-006916,2025,24948962.29,24948962.29,True,,2025-12-15 00:00:00,
PRJ-006917,2025,4570329.76,4570329.76,True,,2025-10-26 00:00:00,
PRJ-006918,2025,28252319.45,28252319.45,True,,2025-08-07 00:00:00,
PRJ-006919,2024,23739934.41,23739934.41,True,,2024-06-22 00:00:00,
PRJ-006920,2024,20623423.37,20623423.37,True,,2024-04-21 00:00:00,
PRJ-006921,2023,14539893.46,14539893.46,True,,2023-02-03 00:00:00,
PRJ-006922,2023,5161046.86,5161046.86,True,,2023-09-08 00:00:00,
PRJ-006923,2023,1473282.55,1473282.55,True,,2023-01-03 00:00:00,
PRJ-006924,2024,29807796.21,29807796.21,True,,2024-07-22 00:00:00,
PRJ-006925,2024,14753783.54,14753783.54,True,,2024-12-16 00:00:00,
PRJ-006926,2026,28008821.99,28008821.99,True,,2026-06-25 00:00:00,
PRJ-006927,2023,18399548.89,18399548.89,True,,2023-06-24 00:00:00,
PRJ-006928,2024,28381208.43,28381208.43,True,,2024-01-19 00:00:00,
PRJ-006929,2025,8700969.0,8700969.0,True,,2025-04-15 00:00:00,
PRJ-006930,2024,28119125.64,28119125.64,True,,2024-06-25 00:00:00,
PRJ-006931,2026,18544790.18,18544790.18,True,,2026-04-01 00:00:00,
PRJ-006932,2025,1289280.18,1289280.18,True,,2025-07-27 00:00:00,
PRJ-006933,2023,28473283.51,28473283.51,True,,2023-09-15 00:00:00,
PRJ-006934,2024,27313583.88,27313583.88,True,,2024-04-18 00:00:00,
PRJ-006935,2024,3604917.81,3604917.81,True,,2024-03-23 00:00:00,
PRJ-006936,2023,29978751.89,29978751.89,True,,2023-11-01 00:00:00,
PRJ-006937,2025,2380453.98,2380453.98,True,,2025-10-08 00:00:00,
PRJ-006938,2026,1178115.78,1178115.78,True,,2026-05-19 00:00:00,
PRJ-006939,2023,19335420.31,19335420.31,True,,2023-12-23 00:00:00,
PRJ-006940,2025,10047092.05,10047092.05,True,,2025-10-25 00:00:00,
PRJ-006941,2023,10104988.69,10104988.69,True,,2023-04-01 00:00:00,
PRJ-006942,2024,25485627.45,25485627.45,True,,2024-12-27 00:00:00,
PRJ-006943,2026,11727639.78,11727639.78,True,,2026-03-14 00:00:00,
PRJ-006944,2025,819870.92,819870.92,True,,2025-12-17 00:00:00,
PRJ-006945,2025,19502021.46,19502021.46,True,,2025-11-13 00:00:00,
PRJ-006946,2025,22616194.63,22616194.63,True,,2025-08-06 00:00:00,
PRJ-006947,2025,10393634.8,10393634.8,True,,2025-01-02 00:00:00,
PRJ-006948,2026,15836600.35,15836600.35,True,,2026-06-24 00:00:00,
PRJ-006949,2026,25940130.51,25940130.51,True,,2026-03-09 00:00:00,
PRJ-006950,2025,12633805.27,12633805.27,True,,2025-05-21 00:00:00,
PRJ-006951,2026,29179490.21,29179490.21,True,,2026-09-18 00:00:00,
PRJ-006952,2025,25255485.58,25255485.58,True,,2025-08-10 00:00:00,
PRJ-006953,2025,19997563.57,19997563.57,True,,2025-12-16 00:00:00,
PRJ-006954,2026,20821262.41,20821262.41,True,,2026-05-22 00:00:00,
PRJ-006955,2026,23210763.22,23210763.22,True,,2026-04-25 00:00:00,
PRJ-006956,2026,14213033.17,14213033.17,True,,2026-03-01 00:00:00,
PRJ-006957,2023,19657258.97,19657258.97,True,,2023-07-03 00:00:00,
PRJ-006958,2024,14587091.43,14587091.43,True,,2024-12-17 00:00:00,
PRJ-006959,2026,24799140.83,24799140.83,True,,2026-08-19 00:00:00,
PRJ-006960,2024,13557158.1,13557158.1,True,,2024-09-10 00:00:00,
PRJ-006961,2026,29709475.32,29709475.32,True,,2026-05-10 00:00:00,
PRJ-006962,2023,29944223.52,29944223.52,True,,2023-02-05 00:00:00,
PRJ-006963,2023,22905150.43,22905150.43,True,,2023-09-27 00:00:00,
PRJ-006964,2025,18814215.64,18814215.64,True,,2025-01-24 00:00:00,
PRJ-006965,2025,16810010.33,16810010.33,True,,2025-11-12 00:00:00,
PRJ-006966,2023,26971212.76,26971212.76,True,,2023-02-04 00:00:00,
PRJ-006967,2024,29526090.08,29526090.08,True,,2024-02-14 00:00:00,
PRJ-006968,2026,24201396.88,24201396.88,True,,2026-01-11 00:00:00,
PRJ-006969,2023,27273610.36,27273610.36,True,,2023-10-26 00:00:00,
PRJ-006970,2026,23498529.28,23498529.28,True,,2026-06-16 00:00:00,
PRJ-006971,2024,17457486.88,17457486.88,True,,2024-09-03 00:00:00,
PRJ-006972,2026,15542217.76,15542217.76,True,,2026-06-20 00:00:00,
PRJ-006973,2024,12067258.51,12067258.51,True,,2024-12-10 00:00:00,
PRJ-006974,2025,22851857.3,22851857.3,True,,2025-11-04 00:00:00,
PRJ-006975,2023,5260025.84,5260025.84,True,,2023-09-09 00:00:00,
PRJ-006976,2025,29915809.59,29915809.59,True,,2025-01-26 00:00:00,
PRJ-006977,2026,29661522.71,29661522.71,True,,2026-02-25 00:00:00,
PRJ-006978,2025,5617386.16,5617386.16,True,,2025-01-09 00:00:00,
PRJ-006979,2025,9854398.07,9854398.07,True,,2025-03-03 00:00:00,
PRJ-006980,2025,27745101.98,27745101.98,True,,2025-10-14 00:00:00,
PRJ-006981,2025,4162679.73,4162679.73,True,,2025-07-07 00:00:00,
PRJ-006982,2025,8612232.01,8612232.01,True,,2025-06-22 00:00:00,
PRJ-006983,2026,27869113.51,27869113.51,True,,2026-04-08 00:00:00,
PRJ-006984,2024,15088206.38,15088206.38,True,,2024-02-17 00:00:00,
PRJ-006985,2023,16709315.81,16709315.81,True,,2023-10-14 00:00:00,
PRJ-006986,2026,3129251.46,3129251.46,True,,2026-05-18 00:00:00,
PRJ-006987,2023,20707777.13,20707777.13,True,,2023-05-17 00:00:00,
PRJ-006988,2025,8934501.23,8934501.23,True,,2025-02-12 00:00:00,
PRJ-006989,2024,19525560.85,19525560.85,True,,2024-09-26 00:00:00,
PRJ-006990,2025,6433060.28,6433060.28,True,,2025-01-20 00:00:00,
PRJ-006991,2023,23738040.66,23738040.66,True,,2023-04-11 00:00:00,
PRJ-006992,2023,8459739.89,8459739.89,True,,2023-02-26 00:00:00,
PRJ-006993,2023,29890686.71,29890686.71,True,,2023-04-17 00:00:00,
PRJ-006994,2024,7266369.7,7266369.7,True,,2024-06-01 00:00:00,
PRJ-006995,2025,27873618.24,27873618.24,True,,2025-11-08 00:00:00,
PRJ-006996,2025,9509983.43,9509983.43,True,,2025-06-26 00:00:00,
PRJ-006997,2026,10035191.37,10035191.37,True,,2026-06-23 00:00:00,
PRJ-006998,2024,20393697.84,20393697.84,True,,2024-05-01 00:00:00,
PRJ-006999,2025,25752643.39,25752643.39,True,,2025-01-05 00:00:00,
PRJ-007000,2024,18758736.1,18758736.1,True,,2024-06-24 00:00:00,
PRJ-007001,2025,15312185.08,15312185.08,True,,2025-07-23 00:00:00,
PRJ-007002,2023,2108497.76,2108497.76,True,,2023-03-05 00:00:00,
PRJ-007003,2026,20782592.75,20782592.75,True,,2026-03-06 00:00:00,
PRJ-007004,2023,23878251.64,23878251.64,True,,2023-06-23 00:00:00,
PRJ-007005,2024,1640077.59,1640077.59,True,,2024-11-16 00:00:00,
PRJ-007006,2023,650819.14,650819.14,True,,2023-08-27 00:00:00,
PRJ-007007,2025,27255728.27,27255728.27,True,,2025-08-18 00:00:00,
PRJ-007008,2024,3996399.09,3996399.09,True,,2024-06-11 00:00:00,
PRJ-007009,2026,28454098.94,28454098.94,True,,2026-08-15 00:00:00,
PRJ-007010,2024,29315839.57,29315839.57,True,,2024-03-21 00:00:00,
PRJ-007011,2025,17801487.96,17801487.96,True,,2025-10-11 00:00:00,
PRJ-007012,2026,16626175.26,16626175.26,True,,2026-08-22 00:00:00,
PRJ-007013,2025,2093931.95,2093931.95,True,,2025-02-24 00:00:00,
PRJ-007014,2026,2339739.87,2339739.87,True,,2026-09-18 00:00:00,
PRJ-007015,2024,13817318.11,13817318.11,True,,2024-02-01 00:00:00,
PRJ-007016,2024,9066038.38,9066038.38,True,,2024-07-08 00:00:00,
PRJ-007017,2025,18740957.86,18740957.86,True,,2025-09-03 00:00:00,
PRJ-007018,2025,2428729.26,2428729.26,True,,2025-04-13 00:00:00,
PRJ-007019,2026,11585119.27,11585119.27,True,,2026-05-17 00:00:00,
PRJ-007020,2026,18441164.41,18441164.41,True,,2026-01-10 00:00:00,
PRJ-007021,2024,22457048.85,22457048.85,True,,2024-12-20 00:00:00,
PRJ-007022,2026,19476750.6,19476750.6,True,,2026-04-01 00:00:00,
PRJ-007023,2025,3856834.11,3856834.11,True,,2025-07-12 00:00:00,
PRJ-007024,2023,24434773.43,24434773.43,True,,2023-02-25 00:00:00,
PRJ-007025,2024,23536511.06,23536511.06,True,,2024-11-26 00:00:00,
PRJ-007026,2026,22117364.61,22117364.61,True,,2026-04-24 00:00:00,
PRJ-007027,2026,7332867.03,7332867.03,True,,2026-07-05 00:00:00,
PRJ-007028,2024,22756286.84,22756286.84,True,,2024-07-17 00:00:00,
PRJ-007029,2025,8210556.34,8210556.34,True,,2025-11-14 00:00:00,
PRJ-007030,2026,25611390.55,25611390.55,True,,2026-04-24 00:00:00,
PRJ-007031,2024,29990452.69,29990452.69,True,,2024-09-19 00:00:00,
PRJ-007032,2023,12613215.96,12613215.96,True,,2023-07-17 00:00:00,
PRJ-007033,2025,22443691.37,22443691.37,True,,2025-10-19 00:00:00,
PRJ-007034,2026,23497589.22,23497589.22,True,,2026-01-25 00:00:00,
PRJ-007035,2025,22648706.22,22648706.22,True,,2025-08-10 00:00:00,
PRJ-007036,2023,12688005.2,12688005.2,True,,2023-07-22 00:00:00,
PRJ-007037,2026,23453690.18,23453690.18,True,,2026-07-18 00:00:00,
PRJ-007038,2024,6257148.38,6257148.38,True,,2024-02-12 00:00:00,
PRJ-007039,2025,18678433.46,18678433.46,True,,2025-10-11 00:00:00,
PRJ-007040,2023,8684599.42,8684599.42,True,,2023-11-15 00:00:00,
PRJ-007041,2025,13755697.6,13755697.6,True,,2025-12-20 00:00:00,
PRJ-007042,2024,21895916.39,21895916.39,True,,2024-05-21 00:00:00,
PRJ-007043,2023,19242535.43,19242535.43,True,,2023-03-11 00:00:00,
PRJ-007044,2026,24675651.07,24675651.07,True,,2026-08-01 00:00:00,
PRJ-007045,2023,3882753.62,3882753.62,True,,2023-05-08 00:00:00,
PRJ-007046,2026,21885954.95,21885954.95,True,,2026-04-13 00:00:00,
PRJ-007047,2024,10721906.71,10721906.71,True,,2024-08-26 00:00:00,
PRJ-007048,2025,13350327.64,13350327.64,True,,2025-12-19 00:00:00,
PRJ-007049,2026,22034869.32,22034869.32,True,,2026-05-05 00:00:00,
PRJ-007050,2025,13970775.3,13970775.3,True,,2025-12-07 00:00:00,
PRJ-007051,2026,12803062.64,12803062.64,True,,2026-01-11 00:00:00,
PRJ-007052,2023,1385589.63,1385589.63,True,,2023-09-20 00:00:00,
PRJ-007053,2026,9333152.43,9333152.43,True,,2026-05-21 00:00:00,
PRJ-007054,2023,18910142.17,18910142.17,True,,2023-05-18 00:00:00,
PRJ-007055,2025,9587858.78,9587858.78,True,,2025-06-26 00:00:00,
PRJ-007056,2023,8432044.33,8432044.33,True,,2023-01-21 00:00:00,
PRJ-007057,2025,25387895.7,25387895.7,True,,2025-12-10 00:00:00,
PRJ-007058,2026,1578802.27,1578802.27,True,,2026-04-10 00:00:00,
PRJ-007059,2026,18395714.21,18395714.21,True,,2026-03-23 00:00:00,
PRJ-007060,2026,27688570.89,27688570.89,True,,2026-02-17 00:00:00,
PRJ-007061,2023,28425384.23,28425384.23,True,,2023-06-10 00:00:00,
PRJ-007062,2026,3148289.69,3148289.69,True,,2026-08-22 00:00:00,
PRJ-007063,2023,774971.56,774971.56,True,,2023-08-17 00:00:00,
PRJ-007064,2025,7357883.28,7357883.28,True,,2025-11-15 00:00:00,
PRJ-007065,2025,27728524.74,27728524.74,True,,2025-04-13 00:00:00,
PRJ-007066,2026,11823850.07,11823850.07,True,,2026-02-20 00:00:00,
PRJ-007067,2024,13032404.39,13032404.39,True,,2024-02-18 00:00:00,
PRJ-007068,2023,16321983.71,16321983.71,True,,2023-10-19 00:00:00,
PRJ-007069,2024,26677941.84,26677941.84,True,,2024-02-15 00:00:00,
PRJ-007070,2023,24456921.8,24456921.8,True,,2023-02-16 00:00:00,
PRJ-007071,2023,1061510.4,1061510.4,True,,2023-08-11 00:00:00,
PRJ-007072,2026,10294116.24,10294116.24,True,,2026-05-12 00:00:00,
PRJ-007073,2026,22859236.3,22859236.3,True,,2026-05-14 00:00:00,
PRJ-007074,2026,14167706.35,14167706.35,True,,2026-03-01 00:00:00,
PRJ-007075,2023,24313866.88,24313866.88,True,,2023-03-10 00:00:00,
PRJ-007076,2025,543079.07,543079.07,True,,2025-02-09 00:00:00,
PRJ-007077,2026,16348557.55,16348557.55,True,,2026-09-03 00:00:00,
PRJ-007078,2023,2433211.82,2433211.82,True,,2023-09-23 00:00:00,
PRJ-007079,2025,1426733.54,1426733.54,True,,2025-04-07 00:00:00,
PRJ-007080,2025,23879898.5,23879898.5,True,,2025-03-14 00:00:00,
PRJ-007081,2026,8765467.16,8765467.16,True,,2026-01-13 00:00:00,
PRJ-007082,2023,2812105.91,2812105.91,True,,2023-10-11 00:00:00,
PRJ-007083,2025,10007887.49,10007887.49,True,,2025-01-11 00:00:00,
PRJ-007084,2023,12562268.28,12562268.28,True,,2023-04-15 00:00:00,
PRJ-007085,2024,15201312.93,15201312.93,True,,2024-05-16 00:00:00,
PRJ-007086,2024,17785564.54,17785564.54,True,,2024-01-02 00:00:00,
PRJ-007087,2023,22914378.7,22914378.7,True,,2023-07-12 00:00:00,
PRJ-007088,2026,23851468.93,23851468.93,True,,2026-03-22 00:00:00,
PRJ-007089,2023,12412056.01,12412056.01,True,,2023-11-08 00:00:00,
PRJ-007090,2025,29595332.89,29595332.89,True,,2025-01-27 00:00:00,
PRJ-007091,2023,11546912.44,11546912.44,True,,2023-07-12 00:00:00,
PRJ-007092,2023,13444646.49,13444646.49,True,,2023-06-24 00:00:00,
PRJ-007093,2026,8842905.54,8842905.54,True,,2026-09-10 00:00:00,
PRJ-007094,2024,9850554.99,9850554.99,True,,2024-11-25 00:00:00,
PRJ-007095,2024,9192951.18,9192951.18,True,,2024-02-09 00:00:00,
PRJ-007096,2025,14948475.99,14948475.99,True,,2025-07-08 00:00:00,
PRJ-007097,2026,4247528.3,4247528.3,True,,2026-08-04 00:00:00,
PRJ-007098,2025,16528444.07,16528444.07,True,,2025-04-13 00:00:00,
PRJ-007099,2026,2169865.44,2169865.44,True,,2026-01-11 00:00:00,
PRJ-007100,2025,7662021.42,7662021.42,True,,2025-05-14 00:00:00,
PRJ-007101,2025,12583510.92,12583510.92,True,,2025-01-06 00:00:00,
PRJ-007102,2025,6645444.31,6645444.31,True,,2025-08-13 00:00:00,
PRJ-007103,2026,10096711.87,10096711.87,True,,2026-09-18 00:00:00,
PRJ-007104,2026,1661865.77,1661865.77,True,,2026-08-10 00:00:00,
PRJ-007105,2026,14957903.58,14957903.58,True,,2026-04-22 00:00:00,
PRJ-007106,2025,13140771.9,13140771.9,True,,2025-10-09 00:00:00,
PRJ-007107,2025,23843389.33,23843389.33,True,,2025-06-23 00:00:00,
PRJ-007108,2025,11714231.31,11714231.31,True,,2025-07-23 00:00:00,
PRJ-007109,2025,28477026.33,28477026.33,True,,2025-12-02 00:00:00,
PRJ-007110,2026,15189398.75,15189398.75,True,,2026-05-15 00:00:00,
PRJ-007111,2026,6425966.25,6425966.25,True,,2026-08-26 00:00:00,
PRJ-007112,2026,15047712.12,15047712.12,True,,2026-08-27 00:00:00,
PRJ-007113,2025,6998448.45,6998448.45,True,,2025-06-08 00:00:00,
PRJ-007114,2023,18810800.73,18810800.73,True,,2023-08-05 00:00:00,
PRJ-007115,2023,21017308.51,21017308.51,True,,2023-11-11 00:00:00,
PRJ-007116,2023,24304109.91,24304109.91,True,,2023-02-10 00:00:00,
PRJ-007117,2025,25836779.06,25836779.06,True,,2025-08-23 00:00:00,
PRJ-007118,2024,29695442.36,29695442.36,True,,2024-06-02 00:00:00,
PRJ-007119,2025,5752902.73,5752902.73,True,,2025-10-25 00:00:00,
PRJ-007120,2024,5056853.1,5056853.1,True,,2024-12-27 00:00:00,
PRJ-007121,2024,18606517.0,18606517.0,True,,2024-09-19 00:00:00,
PRJ-007122,2024,8025683.24,8025683.24,True,,2024-05-06 00:00:00,
PRJ-007123,2026,5546928.17,5546928.17,True,,2026-08-26 00:00:00,
PRJ-007124,2024,4795349.19,4795349.19,True,,2024-02-10 00:00:00,
PRJ-007125,2024,9726848.47,9726848.47,True,,2024-01-14 00:00:00,
PRJ-007126,2026,17108614.58,17108614.58,True,,2026-06-27 00:00:00,
PRJ-007127,2025,1899810.09,1899810.09,True,,2025-01-23 00:00:00,
PRJ-007128,2025,14433639.49,14433639.49,True,,2025-05-27 00:00:00,
PRJ-007129,2026,15389695.69,15389695.69,True,,2026-07-05 00:00:00,
PRJ-007130,2026,23732887.85,23732887.85,True,,2026-06-03 00:00:00,
PRJ-007131,2024,17820566.05,17820566.05,True,,2024-12-05 00:00:00,
PRJ-007132,2023,17524553.3,17524553.3,True,,2023-04-23 00:00:00,
PRJ-007133,2023,3279534.98,3279534.98,True,,2023-12-11 00:00:00,
PRJ-007134,2025,7780495.85,7780495.85,True,,2025-02-18 00:00:00,
PRJ-007135,2024,4540417.42,4540417.42,True,,2024-06-06 00:00:00,
PRJ-007136,2024,19114413.53,19114413.53,True,,2024-01-27 00:00:00,
PRJ-007137,2023,26030479.76,26030479.76,True,,2023-09-17 00:00:00,
PRJ-007138,2023,15714589.03,15714589.03,True,,2023-10-19 00:00:00,
PRJ-007139,2023,15179424.44,15179424.44,True,,2023-08-26 00:00:00,
PRJ-007140,2026,29480704.44,29480704.44,True,,2026-07-05 00:00:00,
PRJ-007141,2025,24568141.21,24568141.21,True,,2025-01-04 00:00:00,
PRJ-007142,2024,6364216.85,6364216.85,True,,2024-02-24 00:00:00,
PRJ-007143,2026,3424608.32,3424608.32,True,,2026-08-20 00:00:00,
PRJ-007144,2024,7550943.42,7550943.42,True,,2024-12-26 00:00:00,
PRJ-007145,2025,4261971.47,4261971.47,True,,2025-09-12 00:00:00,
PRJ-007146,2026,23422645.61,23422645.61,True,,2026-07-18 00:00:00,
PRJ-007147,2024,19099000.25,19099000.25,True,,2024-08-15 00:00:00,
PRJ-007148,2025,27762232.5,27762232.5,True,,2025-03-23 00:00:00,
PRJ-007149,2023,27432602.95,27432602.95,True,,2023-12-03 00:00:00,
PRJ-007150,2023,10446347.83,10446347.83,True,,2023-08-21 00:00:00,
PRJ-007151,2025,12625618.57,12625618.57,True,,2025-04-05 00:00:00,
PRJ-007152,2025,3597068.81,3597068.81,True,,2025-05-14 00:00:00,
PRJ-007153,2024,26449947.54,26449947.54,True,,2024-10-26 00:00:00,
PRJ-007154,2026,8231301.52,8231301.52,True,,2026-08-17 00:00:00,
PRJ-007155,2025,23307124.06,23307124.06,True,,2025-10-04 00:00:00,
PRJ-007156,2024,28473125.01,28473125.01,True,,2024-11-21 00:00:00,
PRJ-007157,2024,19769027.78,19769027.78,True,,2024-10-25 00:00:00,
PRJ-007158,2024,17773968.82,17773968.82,True,,2024-10-01 00:00:00,
PRJ-007159,2026,9973251.38,9973251.38,True,,2026-06-26 00:00:00,
PRJ-007160,2024,11616370.2,11616370.2,True,,2024-05-08 00:00:00,
PRJ-007161,2023,9671802.31,9671802.31,True,,2023-09-19 00:00:00,
PRJ-007162,2023,1922261.56,1922261.56,True,,2023-03-03 00:00:00,
PRJ-007163,2026,16215010.9,16215010.9,True,,2026-04-15 00:00:00,
PRJ-007164,2023,4354385.5,4354385.5,True,,2023-12-25 00:00:00,
PRJ-007165,2023,4218557.25,4218557.25,True,,2023-02-26 00:00:00,
PRJ-007166,2025,24783778.99,24783778.99,True,,2025-03-15 00:00:00,
PRJ-007167,2023,18610085.7,18610085.7,True,,2023-09-02 00:00:00,
PRJ-007168,2025,26290986.82,26290986.82,True,,2025-08-23 00:00:00,
PRJ-007169,2025,8147570.99,8147570.99,True,,2025-10-24 00:00:00,
PRJ-007170,2026,22306202.89,22306202.89,True,,2026-05-12 00:00:00,
PRJ-007171,2025,24449739.02,24449739.02,True,,2025-06-04 00:00:00,
PRJ-007172,2026,11302478.46,11302478.46,True,,2026-01-13 00:00:00,
PRJ-007173,2024,16394337.59,16394337.59,True,,2024-11-10 00:00:00,
PRJ-007174,2024,15806830.83,15806830.83,True,,2024-01-13 00:00:00,
PRJ-007175,2024,12625451.23,12625451.23,True,,2024-08-14 00:00:00,
PRJ-007176,2025,12238753.27,12238753.27,True,,2025-05-02 00:00:00,
PRJ-007177,2026,24123960.56,24123960.56,True,,2026-04-10 00:00:00,
PRJ-007178,2025,14631279.05,14631279.05,True,,2025-06-09 00:00:00,
PRJ-007179,2023,6019763.79,6019763.79,True,,2023-07-13 00:00:00,
PRJ-007180,2024,14515728.11,14515728.11,True,,2024-01-05 00:00:00,
PRJ-007181,2025,4808590.96,4808590.96,True,,2025-10-01 00:00:00,
PRJ-007182,2023,12493055.33,12493055.33,True,,2023-12-20 00:00:00,
PRJ-007183,2024,3954856.75,3954856.75,True,,2024-07-18 00:00:00,
PRJ-007184,2023,18255939.84,18255939.84,True,,2023-10-08 00:00:00,
PRJ-007185,2024,22370931.51,22370931.51,True,,2024-02-06 00:00:00,
PRJ-007186,2026,8852287.95,8852287.95,True,,2026-07-10 00:00:00,
PRJ-007187,2025,14877319.85,14877319.85,True,,2025-02-18 00:00:00,
PRJ-007188,2026,26261260.74,26261260.74,True,,2026-05-16 00:00:00,
PRJ-007189,2026,25531522.79,25531522.79,True,,2026-02-03 00:00:00,
PRJ-007190,2023,14040768.88,14040768.88,True,,2023-02-10 00:00:00,
PRJ-007191,2025,29136248.01,29136248.01,True,,2025-06-06 00:00:00,
PRJ-007192,2025,6108423.02,6108423.02,True,,2025-03-19 00:00:00,
PRJ-007193,2025,14778521.49,14778521.49,True,,2025-03-05 00:00:00,
PRJ-007194,2024,4651324.49,4651324.49,True,,2024-03-04 00:00:00,
PRJ-007195,2024,3498796.94,3498796.94,True,,2024-10-15 00:00:00,
PRJ-007196,2023,24791060.95,24791060.95,True,,2023-04-07 00:00:00,
PRJ-007197,2024,29117273.76,29117273.76,True,,2024-02-26 00:00:00,
PRJ-007198,2026,14373930.84,14373930.84,True,,2026-09-18 00:00:00,
PRJ-007199,2023,25856517.29,25856517.29,True,,2023-10-08 00:00:00,
PRJ-007200,2024,7301137.74,7301137.74,True,,2024-03-13 00:00:00,
PRJ-007201,2025,22960193.54,22960193.54,True,,2025-02-18 00:00:00,
PRJ-007202,2025,7613648.77,7613648.77,True,,2025-03-03 00:00:00,
PRJ-007203,2025,24464198.78,24464198.78,True,,2025-03-26 00:00:00,
PRJ-007204,2026,10879339.55,10879339.55,True,,2026-06-24 00:00:00,
PRJ-007205,2026,12370409.42,12370409.42,True,,2026-02-04 00:00:00,
PRJ-007206,2024,12629367.87,12629367.87,True,,2024-11-20 00:00:00,
PRJ-007207,2024,827930.58,827930.58,True,,2024-03-08 00:00:00,
PRJ-007208,2026,12525664.8,12525664.8,True,,2026-07-26 00:00:00,
PRJ-007209,2025,3524513.66,3524513.66,True,,2025-11-16 00:00:00,
PRJ-007210,2026,3700328.23,3700328.23,True,,2026-01-21 00:00:00,
PRJ-007211,2023,21610661.11,21610661.11,True,,2023-06-25 00:00:00,
PRJ-007212,2023,27746278.76,27746278.76,True,,2023-06-14 00:00:00,
PRJ-007213,2025,15855884.94,15855884.94,True,,2025-08-22 00:00:00,
PRJ-007214,2026,1564290.09,1564290.09,True,,2026-09-04 00:00:00,
PRJ-007215,2025,14809082.1,14809082.1,True,,2025-11-11 00:00:00,
PRJ-007216,2024,28146262.04,28146262.04,True,,2024-05-11 00:00:00,
PRJ-007217,2024,12439365.54,12439365.54,True,,2024-10-18 00:00:00,
PRJ-007218,2024,17364461.27,17364461.27,True,,2024-12-11 00:00:00,
PRJ-007219,2026,6746999.59,6746999.59,True,,2026-04-02 00:00:00,
PRJ-007220,2024,13865667.55,13865667.55,True,,2024-01-05 00:00:00,
PRJ-007221,2025,13645668.92,13645668.92,True,,2025-07-18 00:00:00,
PRJ-007222,2025,25222712.29,25222712.29,True,,2025-10-23 00:00:00,
PRJ-007223,2023,28285431.09,28285431.09,True,,2023-10-19 00:00:00,
PRJ-007224,2025,29754982.25,29754982.25,True,,2025-10-07 00:00:00,
PRJ-007225,2024,21457543.65,21457543.65,True,,2024-11-05 00:00:00,
PRJ-007226,2023,22078234.03,22078234.03,True,,2023-07-03 00:00:00,
PRJ-007227,2026,22451614.18,22451614.18,True,,2026-02-20 00:00:00,
PRJ-007228,2023,10510959.14,10510959.14,True,,2023-07-08 00:00:00,
PRJ-007229,2026,19557966.08,19557966.08,True,,2026-07-13 00:00:00,
PRJ-007230,2025,24122834.04,24122834.04,True,,2025-03-16 00:00:00,
PRJ-007231,2023,16819319.15,16819319.15,True,,2023-01-07 00:00:00,
PRJ-007232,2023,6217850.83,6217850.83,True,,2023-02-19 00:00:00,
PRJ-007233,2023,13877085.72,13877085.72,True,,2023-09-08 00:00:00,
PRJ-007234,2023,8296057.39,8296057.39,True,,2023-08-22 00:00:00,
PRJ-007235,2024,25794783.19,25794783.19,True,,2024-07-07 00:00:00,
PRJ-007236,2025,29661257.35,29661257.35,True,,2025-09-01 00:00:00,
PRJ-007237,2025,22765037.52,22765037.52,True,,2025-09-21 00:00:00,
PRJ-007238,2023,8509087.48,8509087.48,True,,2023-03-24 00:00:00,
PRJ-007239,2026,13077473.48,13077473.48,True,,2026-02-08 00:00:00,
PRJ-007240,2023,5346559.04,5346559.04,True,,2023-12-02 00:00:00,
PRJ-007241,2024,26108857.62,26108857.62,True,,2024-08-18 00:00:00,
PRJ-007242,2024,4554076.88,4554076.88,True,,2024-09-08 00:00:00,
PRJ-007243,2026,15211989.83,15211989.83,True,,2026-03-01 00:00:00,
PRJ-007244,2026,23804758.64,23804758.64,True,,2026-04-13 00:00:00,
PRJ-007245,2023,5005809.94,5005809.94,True,,2023-09-26 00:00:00,
PRJ-007246,2025,10673883.81,10673883.81,True,,2025-09-01 00:00:00,
PRJ-007247,2025,6634751.16,6634751.16,True,,2025-05-16 00:00:00,
PRJ-007248,2026,26452445.23,26452445.23,True,,2026-05-07 00:00:00,
PRJ-007249,2023,1754465.71,1754465.71,True,,2023-06-18 00:00:00,
PRJ-007250,2026,27749019.61,27749019.61,True,,2026-02-24 00:00:00,
PRJ-007251,2026,5998249.33,5998249.33,True,,2026-02-15 00:00:00,
PRJ-007252,2026,14094421.14,14094421.14,True,,2026-02-13 00:00:00,
PRJ-007253,2023,1047369.21,1047369.21,True,,2023-08-01 00:00:00,
PRJ-007254,2025,26914366.75,26914366.75,True,,2025-06-04 00:00:00,
PRJ-007255,2023,16224518.34,16224518.34,True,,2023-06-04 00:00:00,
PRJ-007256,2024,8469773.95,8469773.95,True,,2024-04-26 00:00:00,
PRJ-007257,2026,1062092.61,1062092.61,True,,2026-05-12 00:00:00,
PRJ-007258,2024,20635867.78,20635867.78,True,,2024-07-16 00:00:00,
PRJ-007259,2024,7761336.75,7761336.75,True,,2024-10-03 00:00:00,
PRJ-007260,2023,4942599.22,4942599.22,True,,2023-01-18 00:00:00,
PRJ-007261,2023,16165405.48,16165405.48,True,,2023-08-18 00:00:00,
PRJ-007262,2024,24874160.38,24874160.38,True,,2024-03-20 00:00:00,
PRJ-007263,2026,23857590.14,23857590.14,True,,2026-04-22 00:00:00,
PRJ-007264,2023,5995678.09,5995678.09,True,,2023-12-05 00:00:00,
PRJ-007265,2023,18115928.07,18115928.07,True,,2023-08-18 00:00:00,
PRJ-007266,2023,28469025.25,28469025.25,True,,2023-03-17 00:00:00,
PRJ-007267,2023,6484012.26,6484012.26,True,,2023-07-27 00:00:00,
PRJ-007268,2025,5795674.82,5795674.82,True,,2025-06-22 00:00:00,
PRJ-007269,2024,6368482.7,6368482.7,True,,2024-05-22 00:00:00,
PRJ-007270,2026,2945684.3,2945684.3,True,,2026-02-24 00:00:00,
PRJ-007271,2023,12296554.31,12296554.31,True,,2023-06-14 00:00:00,
PRJ-007272,2026,5188505.28,5188505.28,True,,2026-01-25 00:00:00,
PRJ-007273,2023,2763772.04,2763772.04,True,,2023-07-21 00:00:00,
PRJ-007274,2023,1071064.68,1071064.68,True,,2023-09-19 00:00:00,
PRJ-007275,2026,14506978.6,14506978.6,True,,2026-04-20 00:00:00,
PRJ-007276,2025,10522150.07,10522150.07,True,,2025-06-03 00:00:00,
PRJ-007277,2024,18709523.4,18709523.4,True,,2024-09-20 00:00:00,
PRJ-007278,2025,26512227.81,26512227.81,True,,2025-06-15 00:00:00,
PRJ-007279,2024,6869091.28,6869091.28,True,,2024-08-27 00:00:00,
PRJ-007280,2023,7481412.46,7481412.46,True,,2023-01-24 00:00:00,
PRJ-007281,2026,2291871.84,2291871.84,True,,2026-01-04 00:00:00,
PRJ-007282,2026,5955880.7,5955880.7,True,,2026-06-04 00:00:00,
PRJ-007283,2024,16344145.71,16344145.71,True,,2024-10-12 00:00:00,
PRJ-007284,2026,13160290.05,13160290.05,True,,2026-08-25 00:00:00,
PRJ-007285,2024,26876299.67,26876299.67,True,,2024-08-13 00:00:00,
PRJ-007286,2024,10074894.49,10074894.49,True,,2024-05-08 00:00:00,
PRJ-007287,2024,2837395.26,2837395.26,True,,2024-11-11 00:00:00,
PRJ-007288,2024,28011321.68,28011321.68,True,,2024-09-09 00:00:00,
PRJ-007289,2026,7787588.44,7787588.44,True,,2026-05-24 00:00:00,
PRJ-007290,2026,24502876.41,24502876.41,True,,2026-09-18 00:00:00,
PRJ-007291,2025,9228651.97,9228651.97,True,,2025-05-17 00:00:00,
PRJ-007292,2024,14513793.19,14513793.19,True,,2024-09-13 00:00:00,
PRJ-007293,2026,6955138.93,6955138.93,True,,2026-02-18 00:00:00,
PRJ-007294,2024,22259071.83,22259071.83,True,,2024-09-27 00:00:00,
PRJ-007295,2025,18372449.53,18372449.53,True,,2025-11-18 00:00:00,
PRJ-007296,2026,4137432.67,4137432.67,True,,2026-07-08 00:00:00,
PRJ-007297,2026,14151428.4,14151428.4,True,,2026-04-22 00:00:00,
PRJ-007298,2024,24202260.41,24202260.41,True,,2024-03-03 00:00:00,
PRJ-007299,2025,12365496.67,12365496.67,True,,2025-10-27 00:00:00,
PRJ-007300,2026,29265134.74,29265134.74,True,,2026-03-03 00:00:00,
PRJ-007301,2026,2791758.23,2791758.23,True,,2026-08-04 00:00:00,
PRJ-007302,2026,24609241.86,24609241.86,True,,2026-02-26 00:00:00,
PRJ-007303,2025,23755976.58,23755976.58,True,,2025-10-12 00:00:00,
PRJ-007304,2024,9884144.61,9884144.61,True,,2024-01-01 00:00:00,
PRJ-007305,2025,27992429.38,27992429.38,True,,2025-06-24 00:00:00,
PRJ-007306,2026,26666677.51,26666677.51,True,,2026-06-02 00:00:00,
PRJ-007307,2026,6130182.78,6130182.78,True,,2026-05-02 00:00:00,
PRJ-007308,2023,23933924.47,23933924.47,True,,2023-08-14 00:00:00,
PRJ-007309,2026,5020950.16,5020950.16,True,,2026-04-26 00:00:00,
PRJ-007310,2023,4264124.37,4264124.37,True,,2023-12-01 00:00:00,
PRJ-007311,2026,26244951.26,26244951.26,True,,2026-05-18 00:00:00,
PRJ-007312,2026,7935546.81,7935546.81,True,,2026-09-06 00:00:00,
PRJ-007313,2026,21911474.26,21911474.26,True,,2026-05-21 00:00:00,
PRJ-007314,2026,25667913.48,25667913.48,True,,2026-03-18 00:00:00,
PRJ-007315,2024,7453600.03,7453600.03,True,,2024-01-21 00:00:00,
PRJ-007316,2023,17768813.77,17768813.77,True,,2023-02-01 00:00:00,
PRJ-007317,2023,9606543.43,9606543.43,True,,2023-04-07 00:00:00,
PRJ-007318,2025,11039276.54,11039276.54,True,,2025-12-09 00:00:00,
PRJ-007319,2026,1321638.37,1321638.37,True,,2026-09-18 00:00:00,
PRJ-007320,2023,4569716.1,4569716.1,True,,2023-10-26 00:00:00,
PRJ-007321,2023,17229818.37,17229818.37,True,,2023-12-25 00:00:00,
PRJ-007322,2025,2148361.13,2148361.13,True,,2025-11-11 00:00:00,
PRJ-007323,2024,20080944.02,20080944.02,True,,2024-03-11 00:00:00,
PRJ-007324,2025,2692358.82,2692358.82,True,,2025-01-06 00:00:00,
PRJ-007325,2023,4583840.62,4583840.62,True,,2023-08-09 00:00:00,
PRJ-007326,2023,27857699.39,27857699.39,True,,2023-10-03 00:00:00,
PRJ-007327,2023,23971367.16,23971367.16,True,,2023-02-15 00:00:00,
PRJ-007328,2024,23448964.41,23448964.41,True,,2024-01-24 00:00:00,
PRJ-007329,2023,23807868.51,23807868.51,True,,2023-03-21 00:00:00,
PRJ-007330,2023,11893869.11,11893869.11,True,,2023-10-02 00:00:00,
PRJ-007331,2023,19175465.6,19175465.6,True,,2023-04-06 00:00:00,
PRJ-007332,2023,8670714.17,8670714.17,True,,2023-04-02 00:00:00,
PRJ-007333,2023,27764925.7,27764925.7,True,,2023-01-22 00:00:00,
PRJ-007334,2026,18735528.76,18735528.76,True,,2026-08-08 00:00:00,
PRJ-007335,2025,4620993.98,4620993.98,True,,2025-08-02 00:00:00,
PRJ-007336,2025,18680000.69,18680000.69,True,,2025-06-18 00:00:00,
PRJ-007337,2023,8043529.58,8043529.58,True,,2023-10-10 00:00:00,
PRJ-007338,2023,20966585.57,20966585.57,True,,2023-12-13 00:00:00,
PRJ-007339,2025,24428790.74,24428790.74,True,,2025-08-21 00:00:00,
PRJ-007340,2025,8313808.65,8313808.65,True,,2025-08-23 00:00:00,
PRJ-007341,2023,29167167.23,29167167.23,True,,2023-07-25 00:00:00,
PRJ-007342,2026,27152899.91,27152899.91,True,,2026-06-27 00:00:00,
PRJ-007343,2025,12428118.39,12428118.39,True,,2025-06-23 00:00:00,
PRJ-007344,2023,5622488.12,5622488.12,True,,2023-04-24 00:00:00,
PRJ-007345,2023,24911742.34,24911742.34,True,,2023-05-03 00:00:00,
PRJ-007346,2023,27248123.98,27248123.98,True,,2023-10-15 00:00:00,
PRJ-007347,2025,13244921.02,13244921.02,True,,2025-05-07 00:00:00,
PRJ-007348,2026,26310170.91,26310170.91,True,,2026-01-09 00:00:00,
PRJ-007349,2023,11303162.15,11303162.15,True,,2023-03-07 00:00:00,
PRJ-007350,2024,26328255.68,26328255.68,True,,2024-10-27 00:00:00,
PRJ-007351,2023,3144232.56,3144232.56,True,,2023-11-14 00:00:00,
PRJ-007352,2023,10411297.34,10411297.34,True,,2023-10-16 00:00:00,
PRJ-007353,2023,19731091.78,19731091.78,True,,2023-12-07 00:00:00,
PRJ-007354,2025,23758166.66,23758166.66,True,,2025-08-02 00:00:00,
PRJ-007355,2024,20689266.92,20689266.92,True,,2024-10-24 00:00:00,
PRJ-007356,2024,8475184.18,8475184.18,True,,2024-10-09 00:00:00,
PRJ-007357,2026,29968541.94,29968541.94,True,,2026-06-06 00:00:00,
PRJ-007358,2026,14105020.26,14105020.26,True,,2026-07-03 00:00:00,
PRJ-007359,2025,16420557.36,16420557.36,True,,2025-07-02 00:00:00,
PRJ-007360,2025,10245458.17,10245458.17,True,,2025-05-20 00:00:00,
PRJ-007361,2023,27096419.5,27096419.5,True,,2023-02-23 00:00:00,
PRJ-007362,2023,25669965.79,25669965.79,True,,2023-03-24 00:00:00,
PRJ-007363,2025,21182081.95,21182081.95,True,,2025-11-19 00:00:00,
PRJ-007364,2023,26630381.25,26630381.25,True,,2023-05-17 00:00:00,
PRJ-007365,2026,10479402.4,10479402.4,True,,2026-07-05 00:00:00,
PRJ-007366,2025,26412977.41,26412977.41,True,,2025-07-08 00:00:00,
PRJ-007367,2023,8797402.16,8797402.16,True,,2023-09-07 00:00:00,
PRJ-007368,2024,26692782.91,26692782.91,True,,2024-08-10 00:00:00,
PRJ-007369,2023,8796288.07,8796288.07,True,,2023-06-23 00:00:00,
PRJ-007370,2024,25417102.99,25417102.99,True,,2024-05-18 00:00:00,
PRJ-007371,2024,8052693.17,8052693.17,True,,2024-05-22 00:00:00,
PRJ-007372,2024,1743921.36,1743921.36,True,,2024-12-12 00:00:00,
PRJ-007373,2025,24960545.21,24960545.21,True,,2025-02-14 00:00:00,
PRJ-007374,2024,4986328.37,4986328.37,True,,2024-07-01 00:00:00,
PRJ-007375,2025,24341847.47,24341847.47,True,,2025-09-06 00:00:00,
PRJ-007376,2025,16076603.42,16076603.42,True,,2025-06-17 00:00:00,
PRJ-007377,2025,22865907.84,22865907.84,True,,2025-05-27 00:00:00,
PRJ-007378,2026,14347190.46,14347190.46,True,,2026-03-09 00:00:00,
PRJ-007379,2024,26049386.69,26049386.69,True,,2024-10-17 00:00:00,
PRJ-007380,2023,5411476.86,5411476.86,True,,2023-11-08 00:00:00,
PRJ-007381,2023,12938612.18,12938612.18,True,,2023-08-03 00:00:00,
PRJ-007382,2023,25746621.58,25746621.58,True,,2023-10-23 00:00:00,
PRJ-007383,2026,25193673.58,25193673.58,True,,2026-06-01 00:00:00,
PRJ-007384,2024,20749037.79,20749037.79,True,,2024-11-15 00:00:00,
PRJ-007385,2024,4404475.51,4404475.51,True,,2024-04-06 00:00:00,
PRJ-007386,2023,26477346.79,26477346.79,True,,2023-01-08 00:00:00,
PRJ-007387,2025,7106611.84,7106611.84,True,,2025-06-27 00:00:00,
PRJ-007388,2024,21098842.11,21098842.11,True,,2024-02-24 00:00:00,
PRJ-007389,2023,14633118.7,14633118.7,True,,2023-01-27 00:00:00,
PRJ-007390,2023,7885871.85,7885871.85,True,,2023-02-09 00:00:00,
PRJ-007391,2023,19485516.22,19485516.22,True,,2023-08-19 00:00:00,
PRJ-007392,2025,23889129.77,23889129.77,True,,2025-02-02 00:00:00,
PRJ-007393,2026,16640892.58,16640892.58,True,,2026-02-19 00:00:00,
PRJ-007394,2023,5137917.98,5137917.98,True,,2023-05-27 00:00:00,
PRJ-007395,2025,14491836.11,14491836.11,True,,2025-08-14 00:00:00,
PRJ-007396,2024,12183145.43,12183145.43,True,,2024-11-21 00:00:00,
PRJ-007397,2025,7168899.23,7168899.23,True,,2025-08-22 00:00:00,
PRJ-007398,2023,23177745.93,23177745.93,True,,2023-09-01 00:00:00,
PRJ-007399,2025,18336369.34,18336369.34,True,,2025-10-02 00:00:00,
PRJ-007400,2026,20446423.8,20446423.8,True,,2026-04-25 00:00:00,
PRJ-007401,2025,6529238.89,6529238.89,True,,2025-07-08 00:00:00,
PRJ-007402,2023,22793543.01,22793543.01,True,,2023-05-09 00:00:00,
PRJ-007403,2024,23041863.61,23041863.61,True,,2024-09-23 00:00:00,
PRJ-007404,2024,23897740.87,23897740.87,True,,2024-05-19 00:00:00,
PRJ-007405,2024,14338727.9,14338727.9,True,,2024-08-13 00:00:00,
PRJ-007406,2024,29617839.73,29617839.73,True,,2024-02-02 00:00:00,
PRJ-007407,2025,18255415.68,18255415.68,True,,2025-10-20 00:00:00,
PRJ-007408,2025,6495572.09,6495572.09,True,,2025-01-11 00:00:00,
PRJ-007409,2026,948834.16,948834.16,True,,2026-07-07 00:00:00,
PRJ-007410,2026,8526350.51,8526350.51,True,,2026-07-13 00:00:00,
PRJ-007411,2026,23633830.39,23633830.39,True,,2026-03-13 00:00:00,
PRJ-007412,2025,22083311.32,22083311.32,True,,2025-04-23 00:00:00,
PRJ-007413,2024,17874002.98,17874002.98,True,,2024-11-06 00:00:00,
PRJ-007414,2026,23214480.25,23214480.25,True,,2026-05-04 00:00:00,
PRJ-007415,2023,28347253.5,28347253.5,True,,2023-08-23 00:00:00,
PRJ-007416,2024,14804445.25,14804445.25,True,,2024-10-05 00:00:00,
PRJ-007417,2024,2044433.19,2044433.19,True,,2024-08-07 00:00:00,
PRJ-007418,2024,11216286.69,11216286.69,True,,2024-12-07 00:00:00,
PRJ-007419,2024,10901170.36,10901170.36,True,,2024-02-25 00:00:00,
PRJ-007420,2026,24706834.76,24706834.76,True,,2026-04-08 00:00:00,
PRJ-007421,2023,26173021.31,26173021.31,True,,2023-01-24 00:00:00,
PRJ-007422,2026,16023134.95,16023134.95,True,,2026-01-13 00:00:00,
PRJ-007423,2026,14385515.09,14385515.09,True,,2026-04-07 00:00:00,
PRJ-007424,2023,19501405.71,19501405.71,True,,2023-01-18 00:00:00,
PRJ-007425,2024,27702510.92,27702510.92,True,,2024-01-13 00:00:00,
PRJ-007426,2025,18984417.45,18984417.45,True,,2025-10-22 00:00:00,
PRJ-007427,2024,17059873.2,17059873.2,True,,2024-04-16 00:00:00,
PRJ-007428,2023,7398288.28,7398288.28,True,,2023-07-02 00:00:00,
PRJ-007429,2025,26045956.26,26045956.26,True,,2025-06-04 00:00:00,
PRJ-007430,2026,13682933.98,13682933.98,True,,2026-05-15 00:00:00,
PRJ-007431,2023,655731.12,655731.12,True,,2023-07-19 00:00:00,
PRJ-007432,2023,613667.1,613667.1,True,,2023-04-13 00:00:00,
PRJ-007433,2024,6381981.57,6381981.57,True,,2024-06-22 00:00:00,
PRJ-007434,2025,9720975.31,9720975.31,True,,2025-04-03 00:00:00,
PRJ-007435,2025,13846898.11,13846898.11,True,,2025-05-04 00:00:00,
PRJ-007436,2024,12384915.01,12384915.01,True,,2024-11-08 00:00:00,
PRJ-007437,2024,29794445.52,29794445.52,True,,2024-07-27 00:00:00,
PRJ-007438,2026,5192402.4,5192402.4,True,,2026-03-24 00:00:00,
PRJ-007439,2026,16434016.41,16434016.41,True,,2026-07-16 00:00:00,
PRJ-007440,2026,10483614.48,10483614.48,True,,2026-01-10 00:00:00,
PRJ-007441,2025,16707416.54,16707416.54,True,,2025-09-12 00:00:00,
PRJ-007442,2026,26180803.99,26180803.99,True,,2026-01-19 00:00:00,
PRJ-007443,2025,17862291.43,17862291.43,True,,2025-05-11 00:00:00,
PRJ-007444,2024,22377305.22,22377305.22,True,,2024-02-23 00:00:00,
PRJ-007445,2024,13247720.43,13247720.43,True,,2024-05-08 00:00:00,
PRJ-007446,2025,12998587.02,12998587.02,True,,2025-09-14 00:00:00,
PRJ-007447,2024,26373172.71,26373172.71,True,,2024-07-13 00:00:00,
PRJ-007448,2024,22238829.04,22238829.04,True,,2024-02-01 00:00:00,
PRJ-007449,2025,1158094.07,1158094.07,True,,2025-08-06 00:00:00,
PRJ-007450,2025,2000742.89,2000742.89,True,,2025-07-08 00:00:00,
PRJ-007451,2023,12119466.51,12119466.51,True,,2023-04-07 00:00:00,
PRJ-007452,2023,27677224.32,27677224.32,True,,2023-09-14 00:00:00,
PRJ-007453,2025,8350228.42,8350228.42,True,,2025-01-05 00:00:00,
PRJ-007454,2025,11956809.92,11956809.92,True,,2025-01-18 00:00:00,
PRJ-007455,2025,14164649.91,14164649.91,True,,2025-08-19 00:00:00,
PRJ-007456,2024,21424277.18,21424277.18,True,,2024-05-07 00:00:00,
PRJ-007457,2023,16187921.75,16187921.75,True,,2023-12-14 00:00:00,
PRJ-007458,2023,22659814.07,22659814.07,True,,2023-03-25 00:00:00,
PRJ-007459,2023,12128294.31,12128294.31,True,,2023-03-13 00:00:00,
PRJ-007460,2026,518501.48,518501.48,True,,2026-03-11 00:00:00,
PRJ-007461,2023,14804292.43,14804292.43,True,,2023-07-05 00:00:00,
PRJ-007462,2026,15597456.56,15597456.56,True,,2026-09-11 00:00:00,
PRJ-007463,2024,6718938.99,6718938.99,True,,2024-05-13 00:00:00,
PRJ-007464,2026,13665296.55,13665296.55,True,,2026-03-08 00:00:00,
PRJ-007465,2023,26329471.87,26329471.87,True,,2023-05-19 00:00:00,
PRJ-007466,2025,27200488.07,27200488.07,True,,2025-09-12 00:00:00,
PRJ-007467,2026,20032815.62,20032815.62,True,,2026-04-26 00:00:00,
PRJ-007468,2026,20213084.24,20213084.24,True,,2026-05-24 00:00:00,
PRJ-007469,2024,927458.96,927458.96,True,,2024-04-25 00:00:00,
PRJ-007470,2025,18651764.01,18651764.01,True,,2025-09-01 00:00:00,
PRJ-007471,2023,675617.76,675617.76,True,,2023-03-07 00:00:00,
PRJ-007472,2026,19306581.61,19306581.61,True,,2026-04-10 00:00:00,
PRJ-007473,2024,18263541.07,18263541.07,True,,2024-09-21 00:00:00,
PRJ-007474,2025,14358142.49,14358142.49,True,,2025-02-19 00:00:00,
PRJ-007475,2023,22153791.4,22153791.4,True,,2023-12-02 00:00:00,
PRJ-007476,2023,20703230.94,20703230.94,True,,2023-03-22 00:00:00,
PRJ-007477,2024,10819872.44,10819872.44,True,,2024-03-14 00:00:00,
PRJ-007478,2026,14750525.99,14750525.99,True,,2026-03-07 00:00:00,
PRJ-007479,2026,19986477.82,19986477.82,True,,2026-06-20 00:00:00,
PRJ-007480,2026,14445350.74,14445350.74,True,,2026-02-20 00:00:00,
PRJ-007481,2025,20156732.4,20156732.4,True,,2025-04-04 00:00:00,
PRJ-007482,2024,21665864.25,21665864.25,True,,2024-05-18 00:00:00,
PRJ-007483,2025,1360330.39,1360330.39,True,,2025-06-06 00:00:00,
PRJ-007484,2026,15240994.05,15240994.05,True,,2026-01-14 00:00:00,
PRJ-007485,2026,4957233.46,4957233.46,True,,2026-09-02 00:00:00,
PRJ-007486,2023,26437113.96,26437113.96,True,,2023-03-07 00:00:00,
PRJ-007487,2025,20529251.28,20529251.28,True,,2025-09-23 00:00:00,
PRJ-007488,2025,16964603.04,16964603.04,True,,2025-11-16 00:00:00,
PRJ-007489,2024,10308935.99,10308935.99,True,,2024-06-19 00:00:00,
PRJ-007490,2024,25001292.88,25001292.88,True,,2024-02-06 00:00:00,
PRJ-007491,2026,28506194.95,28506194.95,True,,2026-09-18 00:00:00,
PRJ-007492,2026,13991428.72,13991428.72,True,,2026-04-09 00:00:00,
PRJ-007493,2025,23132795.71,23132795.71,True,,2025-09-06 00:00:00,
PRJ-007494,2026,24537157.11,24537157.11,True,,2026-09-01 00:00:00,
PRJ-007495,2024,5183408.91,5183408.91,True,,2024-02-13 00:00:00,
PRJ-007496,2026,28555410.6,28555410.6,True,,2026-05-27 00:00:00,
PRJ-007497,2024,15917284.17,15917284.17,True,,2024-01-20 00:00:00,
PRJ-007498,2023,10193609.03,10193609.03,True,,2023-10-12 00:00:00,
PRJ-007499,2025,19139283.32,19139283.32,True,,2025-07-18 00:00:00,
PRJ-007500,2024,3726820.71,3726820.71,True,,2024-04-06 00:00:00,
PRJ-007501,2023,7091799.84,7091799.84,True,,2023-02-24 00:00:00,
PRJ-007502,2023,16801391.18,16801391.18,True,,2023-06-24 00:00:00,
PRJ-007503,2025,11782142.54,11782142.54,True,,2025-04-02 00:00:00,
PRJ-007504,2025,27453764.79,27453764.79,True,,2025-02-09 00:00:00,
PRJ-007505,2025,5528723.11,5528723.11,True,,2025-11-26 00:00:00,
PRJ-007506,2023,7028181.18,7028181.18,True,,2023-12-03 00:00:00,
PRJ-007507,2026,11285012.3,11285012.3,True,,2026-05-14 00:00:00,
PRJ-007508,2023,16282091.13,16282091.13,True,,2023-05-20 00:00:00,
PRJ-007509,2023,16114360.91,16114360.91,True,,2023-09-17 00:00:00,
PRJ-007510,2024,2519744.6,2519744.6,True,,2024-05-25 00:00:00,
PRJ-007511,2025,1413944.98,1413944.98,True,,2025-01-19 00:00:00,
PRJ-007512,2023,12911782.29,12911782.29,True,,2023-09-09 00:00:00,
PRJ-007513,2024,25427428.72,25427428.72,True,,2024-08-22 00:00:00,
PRJ-007514,2026,26454999.37,26454999.37,True,,2026-08-04 00:00:00,
PRJ-007515,2025,6370722.89,6370722.89,True,,2025-09-18 00:00:00,
PRJ-007516,2024,2027734.73,2027734.73,True,,2024-07-11 00:00:00,
PRJ-007517,2024,16576790.83,16576790.83,True,,2024-05-16 00:00:00,
PRJ-007518,2025,13630593.91,13630593.91,True,,2025-01-08 00:00:00,
PRJ-007519,2023,4214181.52,4214181.52,True,,2023-08-08 00:00:00,
PRJ-007520,2026,12125586.2,12125586.2,True,,2026-02-18 00:00:00,
PRJ-007521,2023,20417929.5,20417929.5,True,,2023-11-09 00:00:00,
PRJ-007522,2026,26929605.22,26929605.22,True,,2026-09-01 00:00:00,
PRJ-007523,2023,10562141.86,10562141.86,True,,2023-05-27 00:00:00,
PRJ-007524,2025,721068.52,721068.52,True,,2025-10-17 00:00:00,
PRJ-007525,2026,25488395.93,25488395.93,True,,2026-01-15 00:00:00,
PRJ-007526,2024,1512225.92,1512225.92,True,,2024-11-08 00:00:00,
PRJ-007527,2024,28396412.21,28396412.21,True,,2024-02-17 00:00:00,
PRJ-007528,2026,27623635.58,27623635.58,True,,2026-07-19 00:00:00,
PRJ-007529,2023,21819600.71,21819600.71,True,,2023-10-24 00:00:00,
PRJ-007530,2023,18277108.92,18277108.92,True,,2023-02-01 00:00:00,
PRJ-007531,2025,14471092.29,14471092.29,True,,2025-10-08 00:00:00,
PRJ-007532,2025,9135159.23,9135159.23,True,,2025-06-27 00:00:00,
PRJ-007533,2023,8787786.89,8787786.89,True,,2023-08-05 00:00:00,
PRJ-007534,2026,5295620.69,5295620.69,True,,2026-02-05 00:00:00,
PRJ-007535,2025,19321690.45,19321690.45,True,,2025-12-17 00:00:00,
PRJ-007536,2023,14968296.71,14968296.71,True,,2023-03-20 00:00:00,
PRJ-007537,2023,27244055.48,27244055.48,True,,2023-09-09 00:00:00,
PRJ-007538,2023,11528474.72,11528474.72,True,,2023-10-22 00:00:00,
PRJ-007539,2024,25894116.6,25894116.6,True,,2024-10-13 00:00:00,
PRJ-007540,2024,13783660.61,13783660.61,True,,2024-06-14 00:00:00,
PRJ-007541,2023,17663819.62,17663819.62,True,,2023-05-12 00:00:00,
PRJ-007542,2026,18746085.29,18746085.29,True,,2026-02-01 00:00:00,
PRJ-007543,2024,19078843.59,19078843.59,True,,2024-01-27 00:00:00,
PRJ-007544,2026,12276905.97,12276905.97,True,,2026-04-20 00:00:00,
PRJ-007545,2023,28749310.0,28749310.0,True,,2023-11-12 00:00:00,
PRJ-007546,2024,11476711.52,11476711.52,True,,2024-07-21 00:00:00,
PRJ-007547,2024,11674557.31,11674557.31,True,,2024-01-01 00:00:00,
PRJ-007548,2026,7411574.96,7411574.96,True,,2026-07-15 00:00:00,
PRJ-007549,2025,12147000.24,12147000.24,True,,2025-01-14 00:00:00,
PRJ-007550,2023,8980333.38,8980333.38,True,,2023-11-04 00:00:00,
PRJ-007551,2025,19657515.69,19657515.69,True,,2025-02-14 00:00:00,
PRJ-007552,2026,15621066.3,15621066.3,True,,2026-02-16 00:00:00,
PRJ-007553,2023,2187128.41,2187128.41,True,,2023-01-17 00:00:00,
PRJ-007554,2024,10231451.78,10231451.78,True,,2024-09-12 00:00:00,
PRJ-007555,2023,4164659.78,4164659.78,True,,2023-11-02 00:00:00,
PRJ-007556,2024,11001338.97,11001338.97,True,,2024-12-22 00:00:00,
PRJ-007557,2023,7610516.44,7610516.44,True,,2023-09-17 00:00:00,
PRJ-007558,2024,9022187.39,9022187.39,True,,2024-04-14 00:00:00,
PRJ-007559,2026,20759819.93,20759819.93,True,,2026-07-16 00:00:00,
PRJ-007560,2025,3932848.26,3932848.26,True,,2025-09-08 00:00:00,
PRJ-007561,2023,17950456.09,17950456.09,True,,2023-09-10 00:00:00,
PRJ-007562,2024,4089553.48,4089553.48,True,,2024-10-13 00:00:00,
PRJ-007563,2024,13336828.28,13336828.28,True,,2024-08-14 00:00:00,
PRJ-007564,2023,26396132.62,26396132.62,True,,2023-05-16 00:00:00,
PRJ-007565,2026,14583047.13,14583047.13,True,,2026-01-18 00:00:00,
PRJ-007566,2024,11984753.32,11984753.32,True,,2024-04-19 00:00:00,
PRJ-007567,2024,8546925.81,8546925.81,True,,2024-04-02 00:00:00,
PRJ-007568,2024,22534374.74,22534374.74,True,,2024-01-05 00:00:00,
PRJ-007569,2024,15569637.45,15569637.45,True,,2024-10-01 00:00:00,
PRJ-007570,2025,10811100.67,10811100.67,True,,2025-01-10 00:00:00,
PRJ-007571,2026,7264437.07,7264437.07,True,,2026-06-04 00:00:00,
PRJ-007572,2024,8926681.77,8926681.77,True,,2024-09-09 00:00:00,
PRJ-007573,2023,28921426.6,28921426.6,True,,2023-07-24 00:00:00,
PRJ-007574,2024,14715464.05,14715464.05,True,,2024-04-24 00:00:00,
PRJ-007575,2024,6957135.03,6957135.03,True,,2024-04-18 00:00:00,
PRJ-007576,2026,20345778.15,20345778.15,True,,2026-05-02 00:00:00,
PRJ-007577,2023,17730382.18,17730382.18,True,,2023-11-11 00:00:00,
PRJ-007578,2024,24719069.28,24719069.28,True,,2024-12-04 00:00:00,
PRJ-007579,2024,9447604.37,9447604.37,True,,2024-07-05 00:00:00,
PRJ-007580,2024,26741933.18,26741933.18,True,,2024-04-08 00:00:00,
PRJ-007581,2026,28736643.29,28736643.29,True,,2026-02-08 00:00:00,
PRJ-007582,2023,7449170.4,7449170.4,True,,2023-01-21 00:00:00,
PRJ-007583,2024,5671636.42,5671636.42,True,,2024-12-02 00:00:00,
PRJ-007584,2023,11983888.57,11983888.57,True,,2023-12-21 00:00:00,
PRJ-007585,2026,21840208.58,21840208.58,True,,2026-08-22 00:00:00,
PRJ-007586,2026,12000793.58,12000793.58,True,,2026-09-10 00:00:00,
PRJ-007587,2025,27657096.4,27657096.4,True,,2025-04-01 00:00:00,
PRJ-007588,2026,25317016.11,25317016.11,True,,2026-04-12 00:00:00,
PRJ-007589,2024,18766032.65,18766032.65,True,,2024-01-15 00:00:00,
PRJ-007590,2023,26183897.51,26183897.51,True,,2023-05-13 00:00:00,
PRJ-007591,2026,20593537.88,20593537.88,True,,2026-08-04 00:00:00,
PRJ-007592,2024,2364649.36,2364649.36,True,,2024-03-12 00:00:00,
PRJ-007593,2025,28542616.8,28542616.8,True,,2025-06-25 00:00:00,
PRJ-007594,2023,22883195.63,22883195.63,True,,2023-10-23 00:00:00,
PRJ-007595,2025,22465542.31,22465542.31,True,,2025-11-05 00:00:00,
PRJ-007596,2026,12770797.55,12770797.55,True,,2026-05-15 00:00:00,
PRJ-007597,2025,5634127.85,5634127.85,True,,2025-03-02 00:00:00,
PRJ-007598,2023,2639298.08,2639298.08,True,,2023-03-22 00:00:00,
PRJ-007599,2024,10701579.75,10701579.75,True,,2024-10-10 00:00:00,
PRJ-007600,2023,7917114.05,7917114.05,True,,2023-05-02 00:00:00,
PRJ-007601,2024,28803865.69,28803865.69,True,,2024-05-05 00:00:00,
PRJ-007602,2024,23326561.33,23326561.33,True,,2024-02-02 00:00:00,
PRJ-007603,2025,15392702.43,15392702.43,True,,2025-12-27 00:00:00,
PRJ-007604,2023,17655371.44,17655371.44,True,,2023-03-02 00:00:00,
PRJ-007605,2026,17478624.32,17478624.32,True,,2026-03-07 00:00:00,
PRJ-007606,2023,7997459.33,7997459.33,True,,2023-07-02 00:00:00,
PRJ-007607,2023,12023002.65,12023002.65,True,,2023-05-17 00:00:00,
PRJ-007608,2026,26349723.62,26349723.62,True,,2026-02-16 00:00:00,
PRJ-007609,2023,16080805.7,16080805.7,True,,2023-09-10 00:00:00,
PRJ-007610,2024,2196384.17,2196384.17,True,,2024-10-13 00:00:00,
PRJ-007611,2026,2107887.61,2107887.61,True,,2026-07-05 00:00:00,
PRJ-007612,2025,26822359.28,26822359.28,True,,2025-01-13 00:00:00,
PRJ-007613,2023,7522458.15,7522458.15,True,,2023-01-02 00:00:00,
PRJ-007614,2025,829563.49,829563.49,True,,2025-03-11 00:00:00,
PRJ-007615,2026,17678066.18,17678066.18,True,,2026-06-13 00:00:00,
PRJ-007616,2025,28729951.98,28729951.98,True,,2025-04-13 00:00:00,
PRJ-007617,2026,24955763.18,24955763.18,True,,2026-07-15 00:00:00,
PRJ-007618,2026,1770687.8,1770687.8,True,,2026-09-01 00:00:00,
PRJ-007619,2023,13427285.86,13427285.86,True,,2023-06-02 00:00:00,
PRJ-007620,2025,10704427.97,10704427.97,True,,2025-11-10 00:00:00,
PRJ-007621,2024,24980486.03,24980486.03,True,,2024-08-17 00:00:00,
PRJ-007622,2024,1804649.12,1804649.12,True,,2024-12-16 00:00:00,
PRJ-007623,2025,25221966.93,25221966.93,True,,2025-06-25 00:00:00,
PRJ-007624,2024,1096239.75,1096239.75,True,,2024-10-13 00:00:00,
PRJ-007625,2024,18796736.0,18796736.0,True,,2024-06-17 00:00:00,
PRJ-007626,2024,26674478.83,26674478.83,True,,2024-05-14 00:00:00,
PRJ-007627,2023,11264041.29,11264041.29,True,,2023-05-21 00:00:00,
PRJ-007628,2025,27157105.03,27157105.03,True,,2025-08-02 00:00:00,
PRJ-007629,2026,12076824.98,12076824.98,True,,2026-07-23 00:00:00,
PRJ-007630,2026,16451613.94,16451613.94,True,,2026-01-22 00:00:00,
PRJ-007631,2023,750606.58,750606.58,True,,2023-02-26 00:00:00,
PRJ-007632,2025,7800825.43,7800825.43,True,,2025-12-19 00:00:00,
PRJ-007633,2023,3474098.12,3474098.12,True,,2023-06-27 00:00:00,
PRJ-007634,2026,16455190.74,16455190.74,True,,2026-09-16 00:00:00,
PRJ-007635,2025,10933671.41,10933671.41,True,,2025-02-24 00:00:00,
PRJ-007636,2025,8543537.71,8543537.71,True,,2025-04-07 00:00:00,
PRJ-007637,2026,11104060.1,11104060.1,True,,2026-02-13 00:00:00,
PRJ-007638,2024,18292864.03,18292864.03,True,,2024-08-27 00:00:00,
PRJ-007639,2025,23828889.09,23828889.09,True,,2025-01-10 00:00:00,
PRJ-007640,2023,21631037.87,21631037.87,True,,2023-06-08 00:00:00,
PRJ-007641,2023,29488549.44,29488549.44,True,,2023-04-25 00:00:00,
PRJ-007642,2024,25179338.21,25179338.21,True,,2024-05-25 00:00:00,
PRJ-007643,2024,17787843.58,17787843.58,True,,2024-10-06 00:00:00,
PRJ-007644,2023,27798945.91,27798945.91,True,,2023-12-05 00:00:00,
PRJ-007645,2023,6439465.06,6439465.06,True,,2023-02-15 00:00:00,
PRJ-007646,2024,26522556.7,26522556.7,True,,2024-02-13 00:00:00,
PRJ-007647,2026,16115187.02,16115187.02,True,,2026-05-21 00:00:00,
PRJ-007648,2023,3809231.97,3809231.97,True,,2023-07-15 00:00:00,
PRJ-007649,2026,29464704.85,29464704.85,True,,2026-02-17 00:00:00,
PRJ-007650,2023,9918315.06,9918315.06,True,,2023-03-01 00:00:00,
PRJ-007651,2024,17000341.52,17000341.52,True,,2024-05-01 00:00:00,
PRJ-007652,2023,23357977.82,23357977.82,True,,2023-12-06 00:00:00,
PRJ-007653,2025,25413443.32,25413443.32,True,,2025-06-01 00:00:00,
PRJ-007654,2026,2658368.83,2658368.83,True,,2026-05-25 00:00:00,
PRJ-007655,2023,1189826.92,1189826.92,True,,2023-05-06 00:00:00,
PRJ-007656,2024,16881276.79,16881276.79,True,,2024-08-15 00:00:00,
PRJ-007657,2023,13616224.72,13616224.72,True,,2023-12-13 00:00:00,
PRJ-007658,2026,14714247.74,14714247.74,True,,2026-06-08 00:00:00,
PRJ-007659,2025,22843284.02,22843284.02,True,,2025-06-17 00:00:00,
PRJ-007660,2026,505594.78,505594.78,True,,2026-01-25 00:00:00,
PRJ-007661,2026,9128230.62,9128230.62,True,,2026-09-18 00:00:00,
PRJ-007662,2026,20914823.45,20914823.45,True,,2026-08-06 00:00:00,
PRJ-007663,2023,10343326.73,10343326.73,True,,2023-08-14 00:00:00,
PRJ-007664,2023,12954837.95,12954837.95,True,,2023-02-01 00:00:00,
PRJ-007665,2025,9493906.87,9493906.87,True,,2025-09-02 00:00:00,
PRJ-007666,2023,24662844.71,24662844.71,True,,2023-04-23 00:00:00,
PRJ-007667,2024,1032600.87,1032600.87,True,,2024-11-11 00:00:00,
PRJ-007668,2023,5724505.93,5724505.93,True,,2023-01-13 00:00:00,
PRJ-007669,2026,20288395.07,20288395.07,True,,2026-07-22 00:00:00,
PRJ-007670,2023,3400439.23,3400439.23,True,,2023-06-04 00:00:00,
PRJ-007671,2024,7946374.46,7946374.46,True,,2024-01-11 00:00:00,
PRJ-007672,2024,17180557.3,17180557.3,True,,2024-01-21 00:00:00,
PRJ-007673,2023,12380194.03,12380194.03,True,,2023-03-16 00:00:00,
PRJ-007674,2025,16284699.17,16284699.17,True,,2025-01-09 00:00:00,
PRJ-007675,2026,13704631.95,13704631.95,True,,2026-05-06 00:00:00,
PRJ-007676,2026,19746638.72,19746638.72,True,,2026-09-10 00:00:00,
PRJ-007677,2025,4371769.46,4371769.46,True,,2025-08-05 00:00:00,
PRJ-007678,2024,23037881.46,23037881.46,True,,2024-09-12 00:00:00,
PRJ-007679,2026,25455568.81,25455568.81,True,,2026-08-13 00:00:00,
PRJ-007680,2026,26397229.16,26397229.16,True,,2026-03-24 00:00:00,
PRJ-007681,2025,5143610.8,5143610.8,True,,2025-03-14 00:00:00,
PRJ-007682,2024,26684437.06,26684437.06,True,,2024-05-08 00:00:00,
PRJ-007683,2023,5448100.86,5448100.86,True,,2023-04-05 00:00:00,
PRJ-007684,2024,6461205.04,6461205.04,True,,2024-12-03 00:00:00,
PRJ-007685,2024,21260624.2,21260624.2,True,,2024-04-26 00:00:00,
PRJ-007686,2025,29402535.32,29402535.32,True,,2025-01-26 00:00:00,
PRJ-007687,2026,12342070.1,12342070.1,True,,2026-05-08 00:00:00,
PRJ-007688,2024,8274857.52,8274857.52,True,,2024-03-20 00:00:00,
PRJ-007689,2023,18846431.6,18846431.6,True,,2023-11-13 00:00:00,
PRJ-007690,2025,12565630.35,12565630.35,True,,2025-09-21 00:00:00,
PRJ-007691,2024,22571406.04,22571406.04,True,,2024-12-19 00:00:00,
PRJ-007692,2025,16391197.83,16391197.83,True,,2025-01-01 00:00:00,
PRJ-007693,2025,9360827.24,9360827.24,True,,2025-08-17 00:00:00,
PRJ-007694,2023,29138185.27,29138185.27,True,,2023-09-01 00:00:00,
PRJ-007695,2025,5262542.12,5262542.12,True,,2025-09-09 00:00:00,
PRJ-007696,2023,959611.79,959611.79,True,,2023-12-19 00:00:00,
PRJ-007697,2025,7004518.86,7004518.86,True,,2025-08-16 00:00:00,
PRJ-007698,2026,17881410.53,17881410.53,True,,2026-09-15 00:00:00,
PRJ-007699,2024,4588184.52,4588184.52,True,,2024-07-26 00:00:00,
PRJ-007700,2025,22275300.52,22275300.52,True,,2025-07-07 00:00:00,
PRJ-007701,2025,7899156.26,7899156.26,True,,2025-04-06 00:00:00,
PRJ-007702,2025,23589576.02,23589576.02,True,,2025-02-20 00:00:00,
PRJ-007703,2023,21212776.26,21212776.26,True,,2023-11-09 00:00:00,
PRJ-007704,2026,27999730.38,27999730.38,True,,2026-06-24 00:00:00,
PRJ-007705,2024,26975255.33,26975255.33,True,,2024-03-23 00:00:00,
PRJ-007706,2024,28820401.94,28820401.94,True,,2024-07-05 00:00:00,
PRJ-007707,2024,6439672.19,6439672.19,True,,2024-12-01 00:00:00,
PRJ-007708,2025,2541840.72,2541840.72,True,,2025-04-25 00:00:00,
PRJ-007709,2024,14170165.75,14170165.75,True,,2024-10-26 00:00:00,
PRJ-007710,2024,9395530.09,9395530.09,True,,2024-12-09 00:00:00,
PRJ-007711,2023,25452722.24,25452722.24,True,,2023-11-10 00:00:00,
PRJ-007712,2024,20218445.76,20218445.76,True,,2024-07-18 00:00:00,
PRJ-007713,2024,20871932.01,20871932.01,True,,2024-04-26 00:00:00,
PRJ-007714,2026,13970375.9,13970375.9,True,,2026-09-18 00:00:00,
PRJ-007715,2025,2313110.83,2313110.83,True,,2025-07-20 00:00:00,
PRJ-007716,2024,10207690.69,10207690.69,True,,2024-07-23 00:00:00,
PRJ-007717,2025,24937594.21,24937594.21,True,,2025-03-04 00:00:00,
PRJ-007718,2024,27658683.2,27658683.2,True,,2024-05-22 00:00:00,
PRJ-007719,2023,2282944.16,2282944.16,True,,2023-05-16 00:00:00,
PRJ-007720,2023,19391427.69,19391427.69,True,,2023-02-16 00:00:00,
PRJ-007721,2023,1438783.27,1438783.27,True,,2023-09-10 00:00:00,
PRJ-007722,2023,19969399.68,19969399.68,True,,2023-08-15 00:00:00,
PRJ-007723,2025,2487497.34,2487497.34,True,,2025-02-10 00:00:00,
PRJ-007724,2026,541665.42,541665.42,True,,2026-06-06 00:00:00,
PRJ-007725,2024,17015937.91,17015937.91,True,,2024-07-11 00:00:00,
PRJ-007726,2023,1187266.31,1187266.31,True,,2023-09-10 00:00:00,
PRJ-007727,2025,10375871.63,10375871.63,True,,2025-05-19 00:00:00,
PRJ-007728,2026,28880163.45,28880163.45,True,,2026-01-02 00:00:00,
PRJ-007729,2023,11249753.44,11249753.44,True,,2023-01-11 00:00:00,
PRJ-007730,2025,8187153.99,8187153.99,True,,2025-09-26 00:00:00,
PRJ-007731,2025,13940591.6,13940591.6,True,,2025-08-18 00:00:00,
PRJ-007732,2024,17961978.13,17961978.13,True,,2024-11-05 00:00:00,
PRJ-007733,2025,1876314.85,1876314.85,True,,2025-05-03 00:00:00,
PRJ-007734,2023,1811039.48,1811039.48,True,,2023-03-20 00:00:00,
PRJ-007735,2025,23634767.81,23634767.81,True,,2025-06-02 00:00:00,
PRJ-007736,2025,14736333.33,14736333.33,True,,2025-10-19 00:00:00,
PRJ-007737,2025,18182413.46,18182413.46,True,,2025-02-21 00:00:00,
PRJ-007738,2024,8866584.41,8866584.41,True,,2024-06-26 00:00:00,
PRJ-007739,2023,13306636.76,13306636.76,True,,2023-04-09 00:00:00,
PRJ-007740,2023,14247623.84,14247623.84,True,,2023-06-12 00:00:00,
PRJ-007741,2025,12182783.24,12182783.24,True,,2025-01-03 00:00:00,
PRJ-007742,2026,21545770.34,21545770.34,True,,2026-09-18 00:00:00,
PRJ-007743,2025,17722386.42,17722386.42,True,,2025-04-14 00:00:00,
PRJ-007744,2025,6600725.8,6600725.8,True,,2025-12-17 00:00:00,
PRJ-007745,2024,24607206.25,24607206.25,True,,2024-11-21 00:00:00,
PRJ-007746,2025,3930697.9,3930697.9,True,,2025-05-09 00:00:00,
PRJ-007747,2023,13858964.35,13858964.35,True,,2023-10-02 00:00:00,
PRJ-007748,2025,5017678.96,5017678.96,True,,2025-09-01 00:00:00,
PRJ-007749,2025,13199573.72,13199573.72,True,,2025-06-23 00:00:00,
PRJ-007750,2025,27059192.06,27059192.06,True,,2025-12-18 00:00:00,
PRJ-007751,2024,6340817.06,6340817.06,True,,2024-01-04 00:00:00,
PRJ-007752,2023,7298873.63,7298873.63,True,,2023-12-21 00:00:00,
PRJ-007753,2026,26212026.17,26212026.17,True,,2026-04-08 00:00:00,
PRJ-007754,2026,11464051.74,11464051.74,True,,2026-07-12 00:00:00,
PRJ-007755,2023,13432289.55,13432289.55,True,,2023-04-25 00:00:00,
PRJ-007756,2024,24367168.04,24367168.04,True,,2024-02-10 00:00:00,
PRJ-007757,2025,17603637.27,17603637.27,True,,2025-05-13 00:00:00,
PRJ-007758,2026,13642638.36,13642638.36,True,,2026-08-10 00:00:00,
PRJ-007759,2026,20399531.9,20399531.9,True,,2026-06-02 00:00:00,
PRJ-007760,2024,9583883.23,9583883.23,True,,2024-09-24 00:00:00,
PRJ-007761,2025,25209870.18,25209870.18,True,,2025-08-21 00:00:00,
PRJ-007762,2023,3630021.98,3630021.98,True,,2023-07-06 00:00:00,
PRJ-007763,2023,18496084.41,18496084.41,True,,2023-01-22 00:00:00,
PRJ-007764,2023,28960676.39,28960676.39,True,,2023-05-21 00:00:00,
PRJ-007765,2025,17278780.07,17278780.07,True,,2025-05-16 00:00:00,
PRJ-007766,2025,15111625.04,15111625.04,True,,2025-03-15 00:00:00,
PRJ-007767,2025,20926805.49,20926805.49,True,,2025-08-12 00:00:00,
PRJ-007768,2024,7471771.7,7471771.7,True,,2024-08-13 00:00:00,
PRJ-007769,2026,17048149.16,17048149.16,True,,2026-06-01 00:00:00,
PRJ-007770,2026,4541944.0,4541944.0,True,,2026-08-08 00:00:00,
PRJ-007771,2023,18547700.9,18547700.9,True,,2023-04-17 00:00:00,
PRJ-007772,2024,10382316.44,10382316.44,True,,2024-10-22 00:00:00,
PRJ-007773,2026,22671721.27,22671721.27,True,,2026-06-11 00:00:00,
PRJ-007774,2025,16908149.06,16908149.06,True,,2025-10-17 00:00:00,
PRJ-007775,2026,23598264.35,23598264.35,True,,2026-04-14 00:00:00,
PRJ-007776,2024,16387810.66,16387810.66,True,,2024-10-25 00:00:00,
PRJ-007777,2023,9438870.83,9438870.83,True,,2023-04-17 00:00:00,
PRJ-007778,2023,24166271.83,24166271.83,True,,2023-04-11 00:00:00,
PRJ-007779,2026,6140423.57,6140423.57,True,,2026-09-06 00:00:00,
PRJ-007780,2025,7276173.21,7276173.21,True,,2025-10-24 00:00:00,
PRJ-007781,2024,7739641.3,7739641.3,True,,2024-12-17 00:00:00,
PRJ-007782,2025,12542427.31,12542427.31,True,,2025-05-01 00:00:00,
PRJ-007783,2024,13509841.2,13509841.2,True,,2024-06-01 00:00:00,
PRJ-007784,2025,15352729.46,15352729.46,True,,2025-10-14 00:00:00,
PRJ-007785,2025,24373615.92,24373615.92,True,,2025-01-02 00:00:00,
PRJ-007786,2026,11061528.55,11061528.55,True,,2026-04-10 00:00:00,
PRJ-007787,2025,2324913.52,2324913.52,True,,2025-12-16 00:00:00,
PRJ-007788,2026,7895450.89,7895450.89,True,,2026-03-09 00:00:00,
PRJ-007789,2024,4025561.66,4025561.66,True,,2024-06-02 00:00:00,
PRJ-007790,2026,1213328.57,1213328.57,True,,2026-01-15 00:00:00,
PRJ-007791,2024,21892704.72,21892704.72,True,,2024-01-15 00:00:00,
PRJ-007792,2024,22562261.3,22562261.3,True,,2024-09-02 00:00:00,
PRJ-007793,2025,22249694.89,22249694.89,True,,2025-01-17 00:00:00,
PRJ-007794,2025,22977064.64,22977064.64,True,,2025-03-23 00:00:00,
PRJ-007795,2023,7086090.05,7086090.05,True,,2023-09-23 00:00:00,
PRJ-007796,2024,27085045.05,27085045.05,True,,2024-08-16 00:00:00,
PRJ-007797,2025,19035641.98,19035641.98,True,,2025-05-06 00:00:00,
PRJ-007798,2024,4718650.88,4718650.88,True,,2024-03-22 00:00:00,
PRJ-007799,2023,15841435.22,15841435.22,True,,2023-09-06 00:00:00,
PRJ-007800,2024,12282313.41,12282313.41,True,,2024-11-20 00:00:00,
PRJ-007801,2026,10197191.14,10197191.14,True,,2026-03-09 00:00:00,
PRJ-007802,2025,16339442.87,16339442.87,True,,2025-10-07 00:00:00,
PRJ-007803,2023,2076310.19,2076310.19,True,,2023-09-01 00:00:00,
PRJ-007804,2024,3957102.99,3957102.99,True,,2024-10-05 00:00:00,
PRJ-007805,2023,20685745.01,20685745.01,True,,2023-02-23 00:00:00,
PRJ-007806,2024,2990303.67,2990303.67,True,,2024-03-15 00:00:00,
PRJ-007807,2023,8930725.57,8930725.57,True,,2023-10-18 00:00:00,
PRJ-007808,2023,6548796.33,6548796.33,True,,2023-03-24 00:00:00,
PRJ-007809,2026,1722028.9,1722028.9,True,,2026-08-07 00:00:00,
PRJ-007810,2026,24070653.61,24070653.61,True,,2026-01-23 00:00:00,
PRJ-007811,2024,29462228.95,29462228.95,True,,2024-10-19 00:00:00,
PRJ-007812,2026,21050593.89,21050593.89,True,,2026-04-17 00:00:00,
PRJ-007813,2024,20057050.4,20057050.4,True,,2024-03-12 00:00:00,
PRJ-007814,2024,25395155.28,25395155.28,True,,2024-12-17 00:00:00,
PRJ-007815,2024,7009847.06,7009847.06,True,,2024-09-25 00:00:00,
PRJ-007816,2025,8896780.74,8896780.74,True,,2025-04-21 00:00:00,
PRJ-007817,2023,5096006.37,5096006.37,True,,2023-08-24 00:00:00,
PRJ-007818,2026,16153191.84,16153191.84,True,,2026-02-13 00:00:00,
PRJ-007819,2024,3690444.44,3690444.44,True,,2024-07-12 00:00:00,
PRJ-007820,2023,19828914.72,19828914.72,True,,2023-03-10 00:00:00,
PRJ-007821,2026,17521716.99,17521716.99,True,,2026-09-18 00:00:00,
PRJ-007822,2024,3521624.18,3521624.18,True,,2024-01-01 00:00:00,
PRJ-007823,2026,4420152.34,4420152.34,True,,2026-09-09 00:00:00,
PRJ-007824,2026,27020245.6,27020245.6,True,,2026-04-13 00:00:00,
PRJ-007825,2024,26190780.89,26190780.89,True,,2024-11-24 00:00:00,
PRJ-007826,2023,17091268.12,17091268.12,True,,2023-12-21 00:00:00,
PRJ-007827,2024,28625734.74,28625734.74,True,,2024-01-15 00:00:00,
PRJ-007828,2024,7493622.6,7493622.6,True,,2024-03-14 00:00:00,
PRJ-007829,2025,10199599.52,10199599.52,True,,2025-04-13 00:00:00,
PRJ-007830,2025,16910345.24,16910345.24,True,,2025-05-23 00:00:00,
PRJ-007831,2023,21738788.13,21738788.13,True,,2023-01-16 00:00:00,
PRJ-007832,2026,17066332.84,17066332.84,True,,2026-07-04 00:00:00,
PRJ-007833,2024,21359495.94,21359495.94,True,,2024-02-12 00:00:00,
PRJ-007834,2023,19677640.78,19677640.78,True,,2023-07-17 00:00:00,
PRJ-007835,2024,27733656.33,27733656.33,True,,2024-08-06 00:00:00,
PRJ-007836,2025,2124401.92,2124401.92,True,,2025-11-26 00:00:00,
PRJ-007837,2024,19289352.13,19289352.13,True,,2024-06-06 00:00:00,
PRJ-007838,2025,7363674.91,7363674.91,True,,2025-07-16 00:00:00,
PRJ-007839,2025,13538101.68,13538101.68,True,,2025-07-07 00:00:00,
PRJ-007840,2025,25699677.36,25699677.36,True,,2025-04-11 00:00:00,
PRJ-007841,2023,25348256.24,25348256.24,True,,2023-09-10 00:00:00,
PRJ-007842,2025,11437426.99,11437426.99,True,,2025-12-12 00:00:00,
PRJ-007843,2024,16881302.11,16881302.11,True,,2024-06-23 00:00:00,
PRJ-007844,2026,12994761.39,12994761.39,True,,2026-02-06 00:00:00,
PRJ-007845,2025,20815774.94,20815774.94,True,,2025-12-22 00:00:00,
PRJ-007846,2026,9542775.15,9542775.15,True,,2026-02-14 00:00:00,
PRJ-007847,2026,12646204.94,12646204.94,True,,2026-02-11 00:00:00,
PRJ-007848,2024,4590486.87,4590486.87,True,,2024-11-05 00:00:00,
PRJ-007849,2025,9618495.62,9618495.62,True,,2025-03-27 00:00:00,
PRJ-007850,2025,24657739.31,24657739.31,True,,2025-08-11 00:00:00,
PRJ-007851,2023,2851475.53,2851475.53,True,,2023-09-20 00:00:00,
PRJ-007852,2024,8871710.6,8871710.6,True,,2024-02-11 00:00:00,
PRJ-007853,2023,17547091.77,17547091.77,True,,2023-11-19 00:00:00,
PRJ-007854,2025,15911550.07,15911550.07,True,,2025-05-27 00:00:00,
PRJ-007855,2025,2400442.44,2400442.44,True,,2025-10-27 00:00:00,
PRJ-007856,2025,16643528.23,16643528.23,True,,2025-04-06 00:00:00,
PRJ-007857,2025,21625569.63,21625569.63,True,,2025-04-21 00:00:00,
PRJ-007858,2023,17786712.38,17786712.38,True,,2023-06-19 00:00:00,
PRJ-007859,2023,6107322.13,6107322.13,True,,2023-11-17 00:00:00,
PRJ-007860,2025,17534880.0,17534880.0,True,,2025-02-19 00:00:00,
PRJ-007861,2026,1910155.96,1910155.96,True,,2026-09-14 00:00:00,
PRJ-007862,2026,13213030.8,13213030.8,True,,2026-02-10 00:00:00,
PRJ-007863,2025,10353824.76,10353824.76,True,,2025-02-21 00:00:00,
PRJ-007864,2026,17020162.93,17020162.93,True,,2026-06-09 00:00:00,
PRJ-007865,2026,17142446.11,17142446.11,True,,2026-09-18 00:00:00,
PRJ-007866,2026,25283246.07,25283246.07,True,,2026-06-11 00:00:00,
PRJ-007867,2026,3902728.37,3902728.37,True,,2026-05-25 00:00:00,
PRJ-007868,2023,19205874.51,19205874.51,True,,2023-12-01 00:00:00,
PRJ-007869,2023,4198047.76,4198047.76,True,,2023-05-21 00:00:00,
PRJ-007870,2026,21907697.83,21907697.83,True,,2026-02-21 00:00:00,
PRJ-007871,2023,2866764.16,2866764.16,True,,2023-07-27 00:00:00,
PRJ-007872,2025,6964804.93,6964804.93,True,,2025-09-15 00:00:00,
PRJ-007873,2024,3915950.81,3915950.81,True,,2024-01-06 00:00:00,
PRJ-007874,2024,29627781.47,29627781.47,True,,2024-01-09 00:00:00,
PRJ-007875,2024,726773.64,726773.64,True,,2024-04-18 00:00:00,
PRJ-007876,2026,1122511.43,1122511.43,True,,2026-09-03 00:00:00,
PRJ-007877,2023,2381307.38,2381307.38,True,,2023-04-11 00:00:00,
PRJ-007878,2024,26369528.08,26369528.08,True,,2024-11-03 00:00:00,
PRJ-007879,2025,19131912.77,19131912.77,True,,2025-10-18 00:00:00,
PRJ-007880,2026,9055993.99,9055993.99,True,,2026-09-04 00:00:00,
PRJ-007881,2025,28429074.55,28429074.55,True,,2025-11-03 00:00:00,
PRJ-007882,2024,19656689.57,19656689.57,True,,2024-04-18 00:00:00,
PRJ-007883,2023,24421736.36,24421736.36,True,,2023-12-18 00:00:00,
PRJ-007884,2024,4591029.87,4591029.87,True,,2024-05-20 00:00:00,
PRJ-007885,2023,3136967.03,3136967.03,True,,2023-06-04 00:00:00,
PRJ-007886,2025,7293571.01,7293571.01,True,,2025-05-08 00:00:00,
PRJ-007887,2023,14872097.18,14872097.18,True,,2023-09-07 00:00:00,
PRJ-007888,2026,28716503.83,28716503.83,True,,2026-08-10 00:00:00,
PRJ-007889,2026,5642795.91,5642795.91,True,,2026-03-27 00:00:00,
PRJ-007890,2025,19486862.0,19486862.0,True,,2025-10-17 00:00:00,
PRJ-007891,2026,1874006.68,1874006.68,True,,2026-06-05 00:00:00,
PRJ-007892,2024,16459637.27,16459637.27,True,,2024-02-23 00:00:00,
PRJ-007893,2023,21149016.17,21149016.17,True,,2023-06-05 00:00:00,
PRJ-007894,2023,16983889.63,16983889.63,True,,2023-06-14 00:00:00,
PRJ-007895,2025,22463438.2,22463438.2,True,,2025-07-20 00:00:00,
PRJ-007896,2026,10939952.03,10939952.03,True,,2026-09-14 00:00:00,
PRJ-007897,2024,9849452.87,9849452.87,True,,2024-05-20 00:00:00,
PRJ-007898,2026,2976689.47,2976689.47,True,,2026-09-18 00:00:00,
PRJ-007899,2025,11790683.16,11790683.16,True,,2025-06-10 00:00:00,
PRJ-007900,2025,6214587.09,6214587.09,True,,2025-03-01 00:00:00,
PRJ-007901,2024,15772080.67,15772080.67,True,,2024-09-16 00:00:00,
PRJ-007902,2026,27403903.17,27403903.17,True,,2026-04-26 00:00:00,
PRJ-007903,2026,14704465.71,14704465.71,True,,2026-08-12 00:00:00,
PRJ-007904,2025,22954358.75,22954358.75,True,,2025-11-20 00:00:00,
PRJ-007905,2026,20016968.78,20016968.78,True,,2026-09-07 00:00:00,
PRJ-007906,2026,10424120.8,10424120.8,True,,2026-02-03 00:00:00,
PRJ-007907,2026,14728113.48,14728113.48,True,,2026-07-14 00:00:00,
PRJ-007908,2024,26626108.49,26626108.49,True,,2024-05-12 00:00:00,
PRJ-007909,2025,28040242.54,28040242.54,True,,2025-06-08 00:00:00,
PRJ-007910,2025,14236917.99,14236917.99,True,,2025-07-04 00:00:00,
PRJ-007911,2024,15030195.35,15030195.35,True,,2024-04-04 00:00:00,
PRJ-007912,2024,20657269.35,20657269.35,True,,2024-07-19 00:00:00,
PRJ-007913,2023,27278487.9,27278487.9,True,,2023-10-16 00:00:00,
PRJ-007914,2023,4864256.39,4864256.39,True,,2023-12-27 00:00:00,
PRJ-007915,2026,3524489.07,3524489.07,True,,2026-02-07 00:00:00,
PRJ-007916,2026,7468953.24,7468953.24,True,,2026-05-12 00:00:00,
PRJ-007917,2025,1875191.44,1875191.44,True,,2025-08-23 00:00:00,
PRJ-007918,2025,22982478.07,22982478.07,True,,2025-03-18 00:00:00,
PRJ-007919,2025,13644597.92,13644597.92,True,,2025-12-26 00:00:00,
PRJ-007920,2023,9579188.78,9579188.78,True,,2023-05-13 00:00:00,
PRJ-007921,2024,4425063.82,4425063.82,True,,2024-08-14 00:00:00,
PRJ-007922,2025,29875126.95,29875126.95,True,,2025-07-05 00:00:00,
PRJ-007923,2024,9956167.71,9956167.71,True,,2024-01-06 00:00:00,
PRJ-007924,2024,27075681.67,27075681.67,True,,2024-07-19 00:00:00,
PRJ-007925,2026,22043866.69,22043866.69,True,,2026-06-27 00:00:00,
PRJ-007926,2024,3438741.76,3438741.76,True,,2024-04-24 00:00:00,
PRJ-007927,2025,8413957.58,8413957.58,True,,2025-02-15 00:00:00,
PRJ-007928,2026,5258575.85,5258575.85,True,,2026-04-24 00:00:00,
PRJ-007929,2023,8908271.25,8908271.25,True,,2023-01-27 00:00:00,
PRJ-007930,2026,19403293.22,19403293.22,True,,2026-06-03 00:00:00,
PRJ-007931,2023,7305154.43,7305154.43,True,,2023-05-02 00:00:00,
PRJ-007932,2023,4309790.67,4309790.67,True,,2023-02-16 00:00:00,
PRJ-007933,2025,1295305.67,1295305.67,True,,2025-08-03 00:00:00,
PRJ-007934,2025,25304789.43,25304789.43,True,,2025-07-25 00:00:00,
PRJ-007935,2024,13667867.46,13667867.46,True,,2024-05-16 00:00:00,
PRJ-007936,2026,26696514.32,26696514.32,True,,2026-03-12 00:00:00,
PRJ-007937,2024,28567948.75,28567948.75,True,,2024-04-05 00:00:00,
PRJ-007938,2023,29371880.68,29371880.68,True,,2023-07-20 00:00:00,
PRJ-007939,2026,14335704.86,14335704.86,True,,2026-01-14 00:00:00,
PRJ-007940,2026,24081303.19,24081303.19,True,,2026-08-08 00:00:00,
PRJ-007941,2024,21030377.24,21030377.24,True,,2024-04-22 00:00:00,
PRJ-007942,2024,1818557.56,1818557.56,True,,2024-09-25 00:00:00,
PRJ-007943,2024,4603181.2,4603181.2,True,,2024-07-27 00:00:00,
PRJ-007944,2025,28556584.3,28556584.3,True,,2025-09-23 00:00:00,
PRJ-007945,2024,21784832.21,21784832.21,True,,2024-01-11 00:00:00,
PRJ-007946,2023,24222002.16,24222002.16,True,,2023-08-19 00:00:00,
PRJ-007947,2024,16393532.33,16393532.33,True,,2024-06-03 00:00:00,
PRJ-007948,2026,21630815.45,21630815.45,True,,2026-08-07 00:00:00,
PRJ-007949,2025,2649265.31,2649265.31,True,,2025-02-13 00:00:00,
PRJ-007950,2025,28850906.0,28850906.0,True,,2025-12-25 00:00:00,
PRJ-007951,2023,10556543.65,10556543.65,True,,2023-04-27 00:00:00,
PRJ-007952,2023,1691845.92,1691845.92,True,,2023-11-21 00:00:00,
PRJ-007953,2024,3085582.91,3085582.91,True,,2024-07-16 00:00:00,
PRJ-007954,2026,25788405.35,25788405.35,True,,2026-04-09 00:00:00,
PRJ-007955,2025,14454373.7,14454373.7,True,,2025-10-24 00:00:00,
PRJ-007956,2025,5192334.95,5192334.95,True,,2025-09-05 00:00:00,
PRJ-007957,2023,7567560.95,7567560.95,True,,2023-05-22 00:00:00,
PRJ-007958,2023,11633083.44,11633083.44,True,,2023-08-12 00:00:00,
PRJ-007959,2026,17234925.98,17234925.98,True,,2026-01-17 00:00:00,
PRJ-007960,2024,750973.9,750973.9,True,,2024-09-06 00:00:00,
PRJ-007961,2025,3740343.25,3740343.25,True,,2025-07-17 00:00:00,
PRJ-007962,2026,23205699.5,23205699.5,True,,2026-02-27 00:00:00,
PRJ-007963,2023,1669527.95,1669527.95,True,,2023-07-05 00:00:00,
PRJ-007964,2023,21320243.61,21320243.61,True,,2023-09-10 00:00:00,
PRJ-007965,2023,6424999.57,6424999.57,True,,2023-11-26 00:00:00,
PRJ-007966,2024,28455867.1,28455867.1,True,,2024-01-27 00:00:00,
PRJ-007967,2023,4926177.71,4926177.71,True,,2023-05-04 00:00:00,
PRJ-007968,2024,2248765.5,2248765.5,True,,2024-07-12 00:00:00,
PRJ-007969,2026,1840064.29,1840064.29,True,,2026-01-08 00:00:00,
PRJ-007970,2026,28351402.84,28351402.84,True,,2026-02-10 00:00:00,
PRJ-007971,2025,7671229.3,7671229.3,True,,2025-08-18 00:00:00,
PRJ-007972,2024,22884855.78,22884855.78,True,,2024-08-01 00:00:00,
PRJ-007973,2024,22865569.07,22865569.07,True,,2024-05-14 00:00:00,
PRJ-007974,2026,24831093.05,24831093.05,True,,2026-09-05 00:00:00,
PRJ-007975,2026,18441790.68,18441790.68,True,,2026-03-04 00:00:00,
PRJ-007976,2023,11201878.9,11201878.9,True,,2023-04-11 00:00:00,
PRJ-007977,2025,27549768.37,27549768.37,True,,2025-01-01 00:00:00,
PRJ-007978,2025,4162136.98,4162136.98,True,,2025-04-25 00:00:00,
PRJ-007979,2026,8297185.07,8297185.07,True,,2026-09-02 00:00:00,
PRJ-007980,2026,11391828.72,11391828.72,True,,2026-05-09 00:00:00,
PRJ-007981,2024,8045448.61,8045448.61,True,,2024-09-06 00:00:00,
PRJ-007982,2026,13078393.63,13078393.63,True,,2026-09-12 00:00:00,
PRJ-007983,2023,27951460.84,27951460.84,True,,2023-02-24 00:00:00,
PRJ-007984,2024,6791144.09,6791144.09,True,,2024-10-09 00:00:00,
PRJ-007985,2023,25056407.51,25056407.51,True,,2023-01-24 00:00:00,
PRJ-007986,2025,8241241.03,8241241.03,True,,2025-06-05 00:00:00,
PRJ-007987,2025,14249578.89,14249578.89,True,,2025-10-03 00:00:00,
PRJ-007988,2026,5972507.33,5972507.33,True,,2026-09-05 00:00:00,
PRJ-007989,2026,11114171.02,11114171.02,True,,2026-01-07 00:00:00,
PRJ-007990,2026,11705453.49,11705453.49,True,,2026-07-06 00:00:00,
PRJ-007991,2025,8197739.61,8197739.61,True,,2025-08-01 00:00:00,
PRJ-007992,2026,19954716.99,19954716.99,True,,2026-04-23 00:00:00,
PRJ-007993,2024,8514797.0,8514797.0,True,,2024-03-14 00:00:00,
PRJ-007994,2023,13985606.51,13985606.51,True,,2023-09-09 00:00:00,
PRJ-007995,2026,14083294.36,14083294.36,True,,2026-01-09 00:00:00,
PRJ-007996,2026,28434949.96,28434949.96,True,,2026-04-26 00:00:00,
PRJ-007997,2026,5549682.34,5549682.34,True,,2026-08-09 00:00:00,
PRJ-007998,2025,1779115.8,1779115.8,True,,2025-03-11 00:00:00,
PRJ-007999,2023,26805921.36,26805921.36,True,,2023-09-27 00:00:00,
PRJ-008000,2024,28084987.0,28084987.0,True,,2024-01-14 00:00:00,
PRJ-008001,2025,2917654.01,2917654.01,True,,2025-04-22 00:00:00,
PRJ-008002,2023,24808054.62,24808054.62,True,,2023-02-03 00:00:00,
PRJ-008003,2024,1977472.5,1977472.5,True,,2024-04-24 00:00:00,
PRJ-008004,2025,18245987.67,18245987.67,True,,2025-06-05 00:00:00,
PRJ-008005,2024,3141575.55,3141575.55,True,,2024-08-14 00:00:00,
PRJ-008006,2024,2011289.5,2011289.5,True,,2024-01-23 00:00:00,
PRJ-008007,2025,22903600.37,22903600.37,True,,2025-11-06 00:00:00,
PRJ-008008,2023,3721247.0,3721247.0,True,,2023-01-27 00:00:00,
PRJ-008009,2026,25584278.3,25584278.3,True,,2026-01-17 00:00:00,
PRJ-008010,2026,23513573.54,23513573.54,True,,2026-07-01 00:00:00,
PRJ-008011,2025,16056191.36,16056191.36,True,,2025-10-21 00:00:00,
PRJ-008012,2024,2936277.31,2936277.31,True,,2024-05-18 00:00:00,
PRJ-008013,2023,3612675.63,3612675.63,True,,2023-12-08 00:00:00,
PRJ-008014,2024,22884710.07,22884710.07,True,,2024-05-03 00:00:00,
PRJ-008015,2025,10892325.07,10892325.07,True,,2025-02-25 00:00:00,
PRJ-008016,2025,11901590.96,11901590.96,True,,2025-03-24 00:00:00,
PRJ-008017,2025,21942430.34,21942430.34,True,,2025-09-22 00:00:00,
PRJ-008018,2023,8496515.42,8496515.42,True,,2023-10-10 00:00:00,
PRJ-008019,2024,11793160.25,11793160.25,True,,2024-11-22 00:00:00,
PRJ-008020,2024,4567153.68,4567153.68,True,,2024-08-07 00:00:00,
PRJ-008021,2025,16046663.68,16046663.68,True,,2025-05-22 00:00:00,
PRJ-008022,2025,15450388.99,15450388.99,True,,2025-12-22 00:00:00,
PRJ-008023,2025,1795354.44,1795354.44,True,,2025-02-19 00:00:00,
PRJ-008024,2026,1021229.47,1021229.47,True,,2026-04-19 00:00:00,
PRJ-008025,2023,16868232.39,16868232.39,True,,2023-05-27 00:00:00,
PRJ-008026,2023,29718288.63,29718288.63,True,,2023-12-12 00:00:00,
PRJ-008027,2026,15347555.8,15347555.8,True,,2026-05-23 00:00:00,
PRJ-008028,2023,19319100.68,19319100.68,True,,2023-09-08 00:00:00,
PRJ-008029,2023,5792711.48,5792711.48,True,,2023-11-16 00:00:00,
PRJ-008030,2023,4028861.1,4028861.1,True,,2023-09-20 00:00:00,
PRJ-008031,2023,14556417.15,14556417.15,True,,2023-12-19 00:00:00,
PRJ-008032,2026,16938003.55,16938003.55,True,,2026-07-13 00:00:00,
PRJ-008033,2026,4908929.02,4908929.02,True,,2026-03-17 00:00:00,
PRJ-008034,2026,14539470.2,14539470.2,True,,2026-07-03 00:00:00,
PRJ-008035,2023,25872989.24,25872989.24,True,,2023-06-12 00:00:00,
PRJ-008036,2023,8453495.97,8453495.97,True,,2023-02-10 00:00:00,
PRJ-008037,2025,29456417.16,29456417.16,True,,2025-02-20 00:00:00,
PRJ-008038,2023,19752153.52,19752153.52,True,,2023-11-19 00:00:00,
PRJ-008039,2024,739241.93,739241.93,True,,2024-07-06 00:00:00,
PRJ-008040,2023,24455916.5,24455916.5,True,,2023-04-11 00:00:00,
PRJ-008041,2023,29825693.85,29825693.85,True,,2023-11-18 00:00:00,
PRJ-008042,2023,16120337.21,16120337.21,True,,2023-09-10 00:00:00,
PRJ-008043,2024,5581922.3,5581922.3,True,,2024-12-12 00:00:00,
PRJ-008044,2024,16318875.16,16318875.16,True,,2024-02-15 00:00:00,
PRJ-008045,2024,3934494.11,3934494.11,True,,2024-05-10 00:00:00,
PRJ-008046,2026,982760.19,982760.19,True,,2026-03-13 00:00:00,
PRJ-008047,2025,23737719.79,23737719.79,True,,2025-08-06 00:00:00,
PRJ-008048,2023,8369998.19,8369998.19,True,,2023-03-22 00:00:00,
PRJ-008049,2025,6273895.62,6273895.62,True,,2025-06-20 00:00:00,
PRJ-008050,2025,12939712.67,12939712.67,True,,2025-08-23 00:00:00,
PRJ-008051,2024,15145770.19,15145770.19,True,,2024-07-02 00:00:00,
PRJ-008052,2023,21116158.86,21116158.86,True,,2023-05-13 00:00:00,
PRJ-008053,2026,13869528.24,13869528.24,True,,2026-04-24 00:00:00,
PRJ-008054,2026,20472011.03,20472011.03,True,,2026-05-05 00:00:00,
PRJ-008055,2023,17541702.63,17541702.63,True,,2023-05-03 00:00:00,
PRJ-008056,2024,24374641.99,24374641.99,True,,2024-02-26 00:00:00,
PRJ-008057,2026,4550032.08,4550032.08,True,,2026-08-01 00:00:00,
PRJ-008058,2023,22118284.18,22118284.18,True,,2023-07-24 00:00:00,
PRJ-008059,2023,17545364.05,17545364.05,True,,2023-04-18 00:00:00,
PRJ-008060,2026,22596272.91,22596272.91,True,,2026-07-25 00:00:00,
PRJ-008061,2026,11224909.16,11224909.16,True,,2026-04-17 00:00:00,
PRJ-008062,2026,12651558.9,12651558.9,True,,2026-06-11 00:00:00,
PRJ-008063,2023,9080572.94,9080572.94,True,,2023-12-26 00:00:00,
PRJ-008064,2024,9011646.68,9011646.68,True,,2024-06-26 00:00:00,
PRJ-008065,2025,2324605.96,2324605.96,True,,2025-03-07 00:00:00,
PRJ-008066,2023,23034720.64,23034720.64,True,,2023-11-09 00:00:00,
PRJ-008067,2026,14248175.18,14248175.18,True,,2026-09-18 00:00:00,
PRJ-008068,2026,8311571.47,8311571.47,True,,2026-04-20 00:00:00,
PRJ-008069,2023,29501895.28,29501895.28,True,,2023-06-08 00:00:00,
PRJ-008070,2023,1175437.61,1175437.61,True,,2023-07-21 00:00:00,
PRJ-008071,2024,7386954.54,7386954.54,True,,2024-06-07 00:00:00,
PRJ-008072,2023,24331807.35,24331807.35,True,,2023-11-06 00:00:00,
PRJ-008073,2023,5577176.88,5577176.88,True,,2023-12-26 00:00:00,
PRJ-008074,2023,24511601.05,24511601.05,True,,2023-03-08 00:00:00,
PRJ-008075,2026,24300022.36,24300022.36,True,,2026-04-24 00:00:00,
PRJ-008076,2023,25614115.42,25614115.42,True,,2023-02-23 00:00:00,
PRJ-008077,2025,4732621.42,4732621.42,True,,2025-09-18 00:00:00,
PRJ-008078,2024,15636321.2,15636321.2,True,,2024-12-01 00:00:00,
PRJ-008079,2023,9910342.59,9910342.59,True,,2023-05-22 00:00:00,
PRJ-008080,2023,18566715.05,18566715.05,True,,2023-08-17 00:00:00,
PRJ-008081,2023,13344502.22,13344502.22,True,,2023-07-18 00:00:00,
PRJ-008082,2024,29522924.79,29522924.79,True,,2024-11-18 00:00:00,
PRJ-008083,2024,1294635.03,1294635.03,True,,2024-11-11 00:00:00,
PRJ-008084,2026,16426262.93,16426262.93,True,,2026-06-01 00:00:00,
PRJ-008085,2023,3325874.3,3325874.3,True,,2023-09-26 00:00:00,
PRJ-008086,2025,18964178.95,18964178.95,True,,2025-11-11 00:00:00,
PRJ-008087,2023,24746953.14,24746953.14,True,,2023-02-18 00:00:00,
PRJ-008088,2026,28959047.71,28959047.71,True,,2026-01-16 00:00:00,
PRJ-008089,2026,13433917.26,13433917.26,True,,2026-08-07 00:00:00,
PRJ-008090,2024,1738921.91,1738921.91,True,,2024-01-05 00:00:00,
PRJ-008091,2025,3809968.13,3809968.13,True,,2025-01-03 00:00:00,
PRJ-008092,2025,23440898.24,23440898.24,True,,2025-05-12 00:00:00,
PRJ-008093,2026,18669073.43,18669073.43,True,,2026-07-18 00:00:00,
PRJ-008094,2026,12744802.84,12744802.84,True,,2026-08-26 00:00:00,
PRJ-008095,2023,25976174.02,25976174.02,True,,2023-10-19 00:00:00,
PRJ-008096,2026,28191515.08,28191515.08,True,,2026-05-12 00:00:00,
PRJ-008097,2023,17675448.33,17675448.33,True,,2023-06-02 00:00:00,
PRJ-008098,2025,24160367.06,24160367.06,True,,2025-01-21 00:00:00,
PRJ-008099,2025,18700864.55,18700864.55,True,,2025-05-22 00:00:00,
PRJ-008100,2026,1969093.27,1969093.27,True,,2026-02-06 00:00:00,
PRJ-008101,2023,17330371.44,17330371.44,True,,2023-08-01 00:00:00,
PRJ-008102,2025,22953633.21,22953633.21,True,,2025-02-23 00:00:00,
PRJ-008103,2026,28921482.55,28921482.55,True,,2026-07-02 00:00:00,
PRJ-008104,2026,916241.78,916241.78,True,,2026-03-06 00:00:00,
PRJ-008105,2025,6850103.57,6850103.57,True,,2025-02-16 00:00:00,
PRJ-008106,2026,27110455.27,27110455.27,True,,2026-08-21 00:00:00,
PRJ-008107,2025,19772023.76,19772023.76,True,,2025-11-20 00:00:00,
PRJ-008108,2024,21375602.81,21375602.81,True,,2024-02-12 00:00:00,
PRJ-008109,2026,13423801.55,13423801.55,True,,2026-09-17 00:00:00,
PRJ-008110,2026,27423251.05,27423251.05,True,,2026-01-17 00:00:00,
PRJ-008111,2026,7126804.63,7126804.63,True,,2026-08-27 00:00:00,
PRJ-008112,2023,2204141.35,2204141.35,True,,2023-06-17 00:00:00,
PRJ-008113,2023,24781465.63,24781465.63,True,,2023-06-17 00:00:00,
PRJ-008114,2023,10790597.94,10790597.94,True,,2023-10-12 00:00:00,
PRJ-008115,2024,14457800.87,14457800.87,True,,2024-04-24 00:00:00,
PRJ-008116,2025,13826065.1,13826065.1,True,,2025-09-10 00:00:00,
PRJ-008117,2023,19401740.76,19401740.76,True,,2023-06-10 00:00:00,
PRJ-008118,2026,29104622.35,29104622.35,True,,2026-04-22 00:00:00,
PRJ-008119,2026,6931329.28,6931329.28,True,,2026-02-04 00:00:00,
PRJ-008120,2023,29201301.18,29201301.18,True,,2023-05-09 00:00:00,
PRJ-008121,2024,15659512.85,15659512.85,True,,2024-12-15 00:00:00,
PRJ-008122,2023,15096478.73,15096478.73,True,,2023-09-06 00:00:00,
PRJ-008123,2025,25922800.81,25922800.81,True,,2025-09-13 00:00:00,
PRJ-008124,2025,14743414.58,14743414.58,True,,2025-02-04 00:00:00,
PRJ-008125,2024,18802898.83,18802898.83,True,,2024-05-23 00:00:00,
PRJ-008126,2024,27102136.92,27102136.92,True,,2024-05-12 00:00:00,
PRJ-008127,2024,11872944.07,11872944.07,True,,2024-08-06 00:00:00,
PRJ-008128,2026,28483347.35,28483347.35,True,,2026-07-16 00:00:00,
PRJ-008129,2024,22990425.8,22990425.8,True,,2024-11-08 00:00:00,
PRJ-008130,2026,16796364.96,16796364.96,True,,2026-05-02 00:00:00,
PRJ-008131,2024,22319954.59,22319954.59,True,,2024-04-10 00:00:00,
PRJ-008132,2025,8038014.32,8038014.32,True,,2025-02-19 00:00:00,
PRJ-008133,2025,10227271.88,10227271.88,True,,2025-01-21 00:00:00,
PRJ-008134,2024,21295359.13,21295359.13,True,,2024-04-14 00:00:00,
PRJ-008135,2025,9695887.63,9695887.63,True,,2025-02-12 00:00:00,
PRJ-008136,2023,6558012.07,6558012.07,True,,2023-01-12 00:00:00,
PRJ-008137,2025,19387006.5,19387006.5,True,,2025-07-21 00:00:00,
PRJ-008138,2026,16394751.44,16394751.44,True,,2026-03-17 00:00:00,
PRJ-008139,2023,6933323.13,6933323.13,True,,2023-06-15 00:00:00,
PRJ-008140,2023,4862417.83,4862417.83,True,,2023-10-23 00:00:00,
PRJ-008141,2025,22059034.6,22059034.6,True,,2025-04-13 00:00:00,
PRJ-008142,2023,9194540.32,9194540.32,True,,2023-01-11 00:00:00,
PRJ-008143,2026,23845284.66,23845284.66,True,,2026-02-06 00:00:00,
PRJ-008144,2026,8128494.16,8128494.16,True,,2026-02-05 00:00:00,
PRJ-008145,2026,4793361.4,4793361.4,True,,2026-03-21 00:00:00,
PRJ-008146,2023,1861968.89,1861968.89,True,,2023-05-01 00:00:00,
PRJ-008147,2023,5764867.77,5764867.77,True,,2023-01-10 00:00:00,
PRJ-008148,2025,17161248.1,17161248.1,True,,2025-04-10 00:00:00,
PRJ-008149,2025,8631004.24,8631004.24,True,,2025-12-07 00:00:00,
PRJ-008150,2023,29269511.81,29269511.81,True,,2023-02-05 00:00:00,
PRJ-008151,2025,25405902.6,25405902.6,True,,2025-12-09 00:00:00,
PRJ-008152,2024,3862057.31,3862057.31,True,,2024-06-10 00:00:00,
PRJ-008153,2025,12356851.47,12356851.47,True,,2025-10-27 00:00:00,
PRJ-008154,2026,10327487.48,10327487.48,True,,2026-07-04 00:00:00,
PRJ-008155,2023,29698244.05,29698244.05,True,,2023-11-18 00:00:00,
PRJ-008156,2024,22737676.91,22737676.91,True,,2024-01-14 00:00:00,
PRJ-008157,2025,2891181.25,2891181.25,True,,2025-01-19 00:00:00,
PRJ-008158,2026,6620108.25,6620108.25,True,,2026-02-01 00:00:00,
PRJ-008159,2023,21739567.81,21739567.81,True,,2023-01-05 00:00:00,
PRJ-008160,2024,9941890.79,9941890.79,True,,2024-07-19 00:00:00,
PRJ-008161,2024,23842160.36,23842160.36,True,,2024-03-25 00:00:00,
PRJ-008162,2024,20683944.88,20683944.88,True,,2024-01-13 00:00:00,
PRJ-008163,2024,18298841.32,18298841.32,True,,2024-02-10 00:00:00,
PRJ-008164,2023,2153140.97,2153140.97,True,,2023-08-21 00:00:00,
PRJ-008165,2024,21316853.62,21316853.62,True,,2024-09-14 00:00:00,
PRJ-008166,2023,7603778.2,7603778.2,True,,2023-05-11 00:00:00,
PRJ-008167,2024,15798712.28,15798712.28,True,,2024-05-03 00:00:00,
PRJ-008168,2023,7468579.46,7468579.46,True,,2023-04-25 00:00:00,
PRJ-008169,2026,25628867.18,25628867.18,True,,2026-02-13 00:00:00,
PRJ-008170,2024,19886642.69,19886642.69,True,,2024-10-08 00:00:00,
PRJ-008171,2026,5249238.2,5249238.2,True,,2026-07-04 00:00:00,
PRJ-008172,2024,27545114.93,27545114.93,True,,2024-07-16 00:00:00,
PRJ-008173,2023,4961860.84,4961860.84,True,,2023-07-08 00:00:00,
PRJ-008174,2026,15241685.99,15241685.99,True,,2026-05-27 00:00:00,
PRJ-008175,2023,26472150.14,26472150.14,True,,2023-08-18 00:00:00,
PRJ-008176,2025,1445196.93,1445196.93,True,,2025-11-25 00:00:00,
PRJ-008177,2026,12590545.8,12590545.8,True,,2026-04-01 00:00:00,
PRJ-008178,2025,14478364.41,14478364.41,True,,2025-12-22 00:00:00,
PRJ-008179,2026,19666966.0,19666966.0,True,,2026-08-04 00:00:00,
PRJ-008180,2026,29390052.49,29390052.49,True,,2026-03-17 00:00:00,
PRJ-008181,2025,20673235.52,20673235.52,True,,2025-01-09 00:00:00,
PRJ-008182,2023,1412314.69,1412314.69,True,,2023-07-03 00:00:00,
PRJ-008183,2024,18906276.58,18906276.58,True,,2024-01-19 00:00:00,
PRJ-008184,2023,24457608.71,24457608.71,True,,2023-05-04 00:00:00,
PRJ-008185,2025,14840333.65,14840333.65,True,,2025-07-11 00:00:00,
PRJ-008186,2023,18388646.09,18388646.09,True,,2023-07-12 00:00:00,
PRJ-008187,2023,18081291.74,18081291.74,True,,2023-06-05 00:00:00,
PRJ-008188,2025,12155385.67,12155385.67,True,,2025-07-17 00:00:00,
PRJ-008189,2026,8156605.18,8156605.18,True,,2026-03-27 00:00:00,
PRJ-008190,2025,13109361.45,13109361.45,True,,2025-01-21 00:00:00,
PRJ-008191,2024,23458271.84,23458271.84,True,,2024-02-05 00:00:00,
PRJ-008192,2025,14558376.04,14558376.04,True,,2025-12-08 00:00:00,
PRJ-008193,2025,15784692.86,15784692.86,True,,2025-11-07 00:00:00,
PRJ-008194,2023,28890047.95,28890047.95,True,,2023-01-03 00:00:00,
PRJ-008195,2024,20461485.93,20461485.93,True,,2024-12-13 00:00:00,
PRJ-008196,2025,1466941.09,1466941.09,True,,2025-04-10 00:00:00,
PRJ-008197,2025,11834316.67,11834316.67,True,,2025-03-09 00:00:00,
PRJ-008198,2026,29408614.28,29408614.28,True,,2026-04-22 00:00:00,
PRJ-008199,2024,26301192.25,26301192.25,True,,2024-05-04 00:00:00,
PRJ-008200,2024,22160932.79,22160932.79,True,,2024-12-20 00:00:00,
PRJ-008201,2026,3191815.04,3191815.04,True,,2026-07-14 00:00:00,
PRJ-008202,2026,29498588.26,29498588.26,True,,2026-02-14 00:00:00,
PRJ-008203,2023,25403960.87,25403960.87,True,,2023-04-12 00:00:00,
PRJ-008204,2026,22161903.94,22161903.94,True,,2026-04-26 00:00:00,
PRJ-008205,2025,18034052.23,18034052.23,True,,2025-04-24 00:00:00,
PRJ-008206,2023,24936212.44,24936212.44,True,,2023-04-25 00:00:00,
PRJ-008207,2025,2716468.39,2716468.39,True,,2025-10-10 00:00:00,
PRJ-008208,2024,25547144.7,25547144.7,True,,2024-10-21 00:00:00,
PRJ-008209,2024,2931839.67,2931839.67,True,,2024-03-11 00:00:00,
PRJ-008210,2023,14699798.75,14699798.75,True,,2023-07-08 00:00:00,
PRJ-008211,2025,3438280.41,3438280.41,True,,2025-02-02 00:00:00,
PRJ-008212,2023,23678887.73,23678887.73,True,,2023-04-23 00:00:00,
PRJ-008213,2026,15334124.69,15334124.69,True,,2026-02-17 00:00:00,
PRJ-008214,2023,12960573.3,12960573.3,True,,2023-08-23 00:00:00,
PRJ-008215,2025,28189082.57,28189082.57,True,,2025-01-24 00:00:00,
PRJ-008216,2023,1777350.57,1777350.57,True,,2023-08-23 00:00:00,
PRJ-008217,2024,7150927.49,7150927.49,True,,2024-10-23 00:00:00,
PRJ-008218,2026,8477068.66,8477068.66,True,,2026-09-18 00:00:00,
PRJ-008219,2025,2734794.48,2734794.48,True,,2025-03-10 00:00:00,
PRJ-008220,2025,8546536.41,8546536.41,True,,2025-10-12 00:00:00,
PRJ-008221,2026,724107.07,724107.07,True,,2026-08-21 00:00:00,
PRJ-008222,2023,18990353.29,18990353.29,True,,2023-09-19 00:00:00,
PRJ-008223,2026,19812988.31,19812988.31,True,,2026-07-23 00:00:00,
PRJ-008224,2026,2593569.36,2593569.36,True,,2026-05-08 00:00:00,
PRJ-008225,2026,29525883.29,29525883.29,True,,2026-04-08 00:00:00,
PRJ-008226,2024,20209276.77,20209276.77,True,,2024-12-03 00:00:00,
PRJ-008227,2026,8375521.18,8375521.18,True,,2026-05-12 00:00:00,
PRJ-008228,2026,16470354.92,16470354.92,True,,2026-06-25 00:00:00,
PRJ-008229,2023,23935902.08,23935902.08,True,,2023-08-26 00:00:00,
PRJ-008230,2024,23165544.78,23165544.78,True,,2024-05-24 00:00:00,
PRJ-008231,2023,12767071.78,12767071.78,True,,2023-09-12 00:00:00,
PRJ-008232,2025,4484953.12,4484953.12,True,,2025-03-16 00:00:00,
PRJ-008233,2023,20866611.98,20866611.98,True,,2023-11-01 00:00:00,
PRJ-008234,2026,8039886.68,8039886.68,True,,2026-03-01 00:00:00,
PRJ-008235,2025,16043227.92,16043227.92,True,,2025-07-20 00:00:00,
PRJ-008236,2024,22551760.23,22551760.23,True,,2024-08-06 00:00:00,
PRJ-008237,2026,9430895.22,9430895.22,True,,2026-08-06 00:00:00,
PRJ-008238,2024,28000658.0,28000658.0,True,,2024-12-03 00:00:00,
PRJ-008239,2023,24284186.08,24284186.08,True,,2023-10-20 00:00:00,
PRJ-008240,2025,1418834.23,1418834.23,True,,2025-07-18 00:00:00,
PRJ-008241,2024,21518441.54,21518441.54,True,,2024-02-10 00:00:00,
PRJ-008242,2025,27482658.81,27482658.81,True,,2025-05-01 00:00:00,
PRJ-008243,2025,18041885.32,18041885.32,True,,2025-05-23 00:00:00,
PRJ-008244,2026,27542471.32,27542471.32,True,,2026-03-06 00:00:00,
PRJ-008245,2024,3515174.59,3515174.59,True,,2024-12-18 00:00:00,
PRJ-008246,2025,13534339.57,13534339.57,True,,2025-10-06 00:00:00,
PRJ-008247,2023,7502732.19,7502732.19,True,,2023-10-05 00:00:00,
PRJ-008248,2024,24706653.55,24706653.55,True,,2024-02-15 00:00:00,
PRJ-008249,2026,24125650.61,24125650.61,True,,2026-09-06 00:00:00,
PRJ-008250,2025,27511462.52,27511462.52,True,,2025-04-15 00:00:00,
PRJ-008251,2023,4122913.2,4122913.2,True,,2023-07-17 00:00:00,
PRJ-008252,2025,17652470.14,17652470.14,True,,2025-06-22 00:00:00,
PRJ-008253,2023,28582011.62,28582011.62,True,,2023-03-08 00:00:00,
PRJ-008254,2026,19674354.13,19674354.13,True,,2026-06-19 00:00:00,
PRJ-008255,2024,8259753.43,8259753.43,True,,2024-07-18 00:00:00,
PRJ-008256,2026,12892740.61,12892740.61,True,,2026-06-25 00:00:00,
PRJ-008257,2025,1808458.56,1808458.56,True,,2025-05-13 00:00:00,
PRJ-008258,2025,20015965.02,20015965.02,True,,2025-02-13 00:00:00,
PRJ-008259,2023,13843619.54,13843619.54,True,,2023-06-24 00:00:00,
PRJ-008260,2026,21371870.28,21371870.28,True,,2026-04-05 00:00:00,
PRJ-008261,2026,18913483.68,18913483.68,True,,2026-06-14 00:00:00,
PRJ-008262,2024,8408008.0,8408008.0,True,,2024-09-10 00:00:00,
PRJ-008263,2024,7624199.81,7624199.81,True,,2024-02-07 00:00:00,
PRJ-008264,2024,9869107.18,9869107.18,True,,2024-10-17 00:00:00,
PRJ-008265,2024,20723253.96,20723253.96,True,,2024-08-21 00:00:00,
PRJ-008266,2023,25339328.11,25339328.11,True,,2023-04-06 00:00:00,
PRJ-008267,2026,26287060.12,26287060.12,True,,2026-07-05 00:00:00,
PRJ-008268,2026,28710376.51,28710376.51,True,,2026-03-08 00:00:00,
PRJ-008269,2024,16209796.09,16209796.09,True,,2024-03-21 00:00:00,
PRJ-008270,2023,15396591.9,15396591.9,True,,2023-12-03 00:00:00,
PRJ-008271,2026,18437688.85,18437688.85,True,,2026-08-19 00:00:00,
PRJ-008272,2026,27792794.51,27792794.51,True,,2026-02-01 00:00:00,
PRJ-008273,2025,10403867.31,10403867.31,True,,2025-05-27 00:00:00,
PRJ-008274,2026,26418377.69,26418377.69,True,,2026-04-23 00:00:00,
PRJ-008275,2025,2363121.81,2363121.81,True,,2025-09-19 00:00:00,
PRJ-008276,2024,29404548.4,29404548.4,True,,2024-03-25 00:00:00,
PRJ-008277,2023,6253759.6,6253759.6,True,,2023-08-22 00:00:00,
PRJ-008278,2026,23820397.24,23820397.24,True,,2026-05-19 00:00:00,
PRJ-008279,2026,28881850.29,28881850.29,True,,2026-08-19 00:00:00,
PRJ-008280,2024,10945443.52,10945443.52,True,,2024-05-03 00:00:00,
PRJ-008281,2024,5384463.82,5384463.82,True,,2024-09-17 00:00:00,
PRJ-008282,2023,17091943.52,17091943.52,True,,2023-01-07 00:00:00,
PRJ-008283,2025,1221340.44,1221340.44,True,,2025-03-17 00:00:00,
PRJ-008284,2025,19079863.45,19079863.45,True,,2025-09-21 00:00:00,
PRJ-008285,2024,10083481.37,10083481.37,True,,2024-04-20 00:00:00,
PRJ-008286,2024,8466757.83,8466757.83,True,,2024-02-06 00:00:00,
PRJ-008287,2026,16431439.18,16431439.18,True,,2026-05-20 00:00:00,
PRJ-008288,2023,14630796.75,14630796.75,True,,2023-08-17 00:00:00,
PRJ-008289,2024,2882837.38,2882837.38,True,,2024-09-15 00:00:00,
PRJ-008290,2025,6725027.72,6725027.72,True,,2025-10-12 00:00:00,
PRJ-008291,2026,11130382.6,11130382.6,True,,2026-05-14 00:00:00,
PRJ-008292,2025,6270575.67,6270575.67,True,,2025-05-23 00:00:00,
PRJ-008293,2024,24727409.39,24727409.39,True,,2024-03-08 00:00:00,
PRJ-008294,2026,17050488.44,17050488.44,True,,2026-01-05 00:00:00,
PRJ-008295,2026,9980615.75,9980615.75,True,,2026-03-19 00:00:00,
PRJ-008296,2024,19584584.02,19584584.02,True,,2024-03-06 00:00:00,
PRJ-008297,2024,9218500.37,9218500.37,True,,2024-12-20 00:00:00,
PRJ-008298,2023,15915492.62,15915492.62,True,,2023-04-14 00:00:00,
PRJ-008299,2023,9891342.47,9891342.47,True,,2023-11-10 00:00:00,
PRJ-008300,2026,8670505.85,8670505.85,True,,2026-08-17 00:00:00,
PRJ-008301,2025,26303587.61,26303587.61,True,,2025-01-20 00:00:00,
PRJ-008302,2024,26365819.96,26365819.96,True,,2024-03-06 00:00:00,
PRJ-008303,2024,6561168.12,6561168.12,True,,2024-08-23 00:00:00,
PRJ-008304,2024,22766891.11,22766891.11,True,,2024-12-20 00:00:00,
PRJ-008305,2023,8616847.13,8616847.13,True,,2023-10-09 00:00:00,
PRJ-008306,2025,11094898.32,11094898.32,True,,2025-11-06 00:00:00,
PRJ-008307,2026,6258239.44,6258239.44,True,,2026-07-03 00:00:00,
PRJ-008308,2025,13399575.79,13399575.79,True,,2025-01-24 00:00:00,
PRJ-008309,2023,22315991.2,22315991.2,True,,2023-10-10 00:00:00,
PRJ-008310,2024,6528742.82,6528742.82,True,,2024-04-13 00:00:00,
PRJ-008311,2025,634149.76,634149.76,True,,2025-03-08 00:00:00,
PRJ-008312,2023,12396402.39,12396402.39,True,,2023-01-06 00:00:00,
PRJ-008313,2023,29985167.68,29985167.68,True,,2023-09-02 00:00:00,
PRJ-008314,2023,23660725.58,23660725.58,True,,2023-04-22 00:00:00,
PRJ-008315,2025,28152454.92,28152454.92,True,,2025-07-05 00:00:00,
PRJ-008316,2023,14896913.6,14896913.6,True,,2023-05-20 00:00:00,
PRJ-008317,2023,28001179.06,28001179.06,True,,2023-09-18 00:00:00,
PRJ-008318,2026,22234260.45,22234260.45,True,,2026-08-18 00:00:00,
PRJ-008319,2024,23038266.61,23038266.61,True,,2024-12-02 00:00:00,
PRJ-008320,2025,11995110.21,11995110.21,True,,2025-10-10 00:00:00,
PRJ-008321,2025,5384764.88,5384764.88,True,,2025-07-06 00:00:00,
PRJ-008322,2025,4240349.12,4240349.12,True,,2025-04-02 00:00:00,
PRJ-008323,2025,26740904.85,26740904.85,True,,2025-05-11 00:00:00,
PRJ-008324,2024,5775597.35,5775597.35,True,,2024-06-04 00:00:00,
PRJ-008325,2026,8232812.15,8232812.15,True,,2026-09-14 00:00:00,
PRJ-008326,2026,5899568.81,5899568.81,True,,2026-08-14 00:00:00,
PRJ-008327,2025,7451781.95,7451781.95,True,,2025-10-06 00:00:00,
PRJ-008328,2024,23477459.49,23477459.49,True,,2024-06-25 00:00:00,
PRJ-008329,2025,12992728.29,12992728.29,True,,2025-10-05 00:00:00,
PRJ-008330,2025,24606253.01,24606253.01,True,,2025-06-14 00:00:00,
PRJ-008331,2026,2827856.35,2827856.35,True,,2026-07-07 00:00:00,
PRJ-008332,2024,5260448.7,5260448.7,True,,2024-09-22 00:00:00,
PRJ-008333,2026,25384633.63,25384633.63,True,,2026-01-27 00:00:00,
PRJ-008334,2023,29092396.26,29092396.26,True,,2023-07-04 00:00:00,
PRJ-008335,2024,16960556.26,16960556.26,True,,2024-03-02 00:00:00,
PRJ-008336,2024,27903000.51,27903000.51,True,,2024-06-21 00:00:00,
PRJ-008337,2025,9442779.91,9442779.91,True,,2025-06-18 00:00:00,
PRJ-008338,2024,4406590.28,4406590.28,True,,2024-03-15 00:00:00,
PRJ-008339,2024,16283201.55,16283201.55,True,,2024-03-05 00:00:00,
PRJ-008340,2026,958477.65,958477.65,True,,2026-08-25 00:00:00,
PRJ-008341,2026,19691397.65,19691397.65,True,,2026-05-13 00:00:00,
PRJ-008342,2024,29346073.81,29346073.81,True,,2024-05-22 00:00:00,
PRJ-008343,2026,4898136.7,4898136.7,True,,2026-08-08 00:00:00,
PRJ-008344,2025,27593978.37,27593978.37,True,,2025-04-05 00:00:00,
PRJ-008345,2026,11598525.49,11598525.49,True,,2026-06-15 00:00:00,
PRJ-008346,2026,1348989.82,1348989.82,True,,2026-08-04 00:00:00,
PRJ-008347,2026,4836436.51,4836436.51,True,,2026-01-23 00:00:00,
PRJ-008348,2024,6188591.19,6188591.19,True,,2024-11-19 00:00:00,
PRJ-008349,2024,8162371.84,8162371.84,True,,2024-02-20 00:00:00,
PRJ-008350,2026,12455740.2,12455740.2,True,,2026-09-18 00:00:00,
PRJ-008351,2023,1671986.14,1671986.14,True,,2023-06-06 00:00:00,
PRJ-008352,2023,17013476.15,17013476.15,True,,2023-02-25 00:00:00,
PRJ-008353,2025,21302087.43,21302087.43,True,,2025-05-26 00:00:00,
PRJ-008354,2024,723236.22,723236.22,True,,2024-04-10 00:00:00,
PRJ-008355,2024,7346853.24,7346853.24,True,,2024-10-15 00:00:00,
PRJ-008356,2023,9707031.39,9707031.39,True,,2023-12-10 00:00:00,
PRJ-008357,2024,13730465.34,13730465.34,True,,2024-10-24 00:00:00,
PRJ-008358,2023,14454617.76,14454617.76,True,,2023-09-03 00:00:00,
PRJ-008359,2026,28244977.4,28244977.4,True,,2026-05-05 00:00:00,
PRJ-008360,2026,15422643.85,15422643.85,True,,2026-07-20 00:00:00,
PRJ-008361,2025,27597946.0,27597946.0,True,,2025-10-02 00:00:00,
PRJ-008362,2024,26681169.1,26681169.1,True,,2024-08-16 00:00:00,
PRJ-008363,2024,2012656.4,2012656.4,True,,2024-03-02 00:00:00,
PRJ-008364,2023,26197197.13,26197197.13,True,,2023-02-22 00:00:00,
PRJ-008365,2024,9389459.95,9389459.95,True,,2024-10-17 00:00:00,
PRJ-008366,2025,14595452.12,14595452.12,True,,2025-05-19 00:00:00,
PRJ-008367,2024,10814371.6,10814371.6,True,,2024-07-24 00:00:00,
PRJ-008368,2024,5327644.54,5327644.54,True,,2024-01-22 00:00:00,
PRJ-008369,2025,27211217.18,27211217.18,True,,2025-09-06 00:00:00,
PRJ-008370,2026,19696145.48,19696145.48,True,,2026-05-12 00:00:00,
PRJ-008371,2025,7861277.58,7861277.58,True,,2025-06-19 00:00:00,
PRJ-008372,2024,25995416.45,25995416.45,True,,2024-08-27 00:00:00,
PRJ-008373,2025,28522205.15,28522205.15,True,,2025-07-21 00:00:00,
PRJ-008374,2026,16003360.43,16003360.43,True,,2026-09-18 00:00:00,
PRJ-008375,2025,23030698.62,23030698.62,True,,2025-10-17 00:00:00,
PRJ-008376,2026,26356435.45,26356435.45,True,,2026-08-15 00:00:00,
PRJ-008377,2025,23464284.43,23464284.43,True,,2025-11-23 00:00:00,
PRJ-008378,2024,20805486.69,20805486.69,True,,2024-09-25 00:00:00,
PRJ-008379,2024,28141828.63,28141828.63,True,,2024-11-21 00:00:00,
PRJ-008380,2024,5432470.21,5432470.21,True,,2024-06-23 00:00:00,
PRJ-008381,2025,28259664.58,28259664.58,True,,2025-02-07 00:00:00,
PRJ-008382,2025,17556240.17,17556240.17,True,,2025-06-12 00:00:00,
PRJ-008383,2025,16718015.45,16718015.45,True,,2025-05-26 00:00:00,
PRJ-008384,2025,26303273.04,26303273.04,True,,2025-05-06 00:00:00,
PRJ-008385,2026,18328951.05,18328951.05,True,,2026-01-03 00:00:00,
PRJ-008386,2026,20446437.68,20446437.68,True,,2026-02-22 00:00:00,
PRJ-008387,2026,7542786.75,7542786.75,True,,2026-04-07 00:00:00,
PRJ-008388,2026,25939392.54,25939392.54,True,,2026-05-12 00:00:00,
PRJ-008389,2025,1306482.74,1306482.74,True,,2025-03-19 00:00:00,
PRJ-008390,2024,16221246.14,16221246.14,True,,2024-11-06 00:00:00,
PRJ-008391,2024,15332443.51,15332443.51,True,,2024-07-25 00:00:00,
PRJ-008392,2023,25717293.26,25717293.26,True,,2023-08-05 00:00:00,
PRJ-008393,2026,20166770.95,20166770.95,True,,2026-01-17 00:00:00,
PRJ-008394,2023,11336322.34,11336322.34,True,,2023-03-01 00:00:00,
PRJ-008395,2025,23611704.77,23611704.77,True,,2025-08-10 00:00:00,
PRJ-008396,2026,16258093.0,16258093.0,True,,2026-05-26 00:00:00,
PRJ-008397,2026,769143.46,769143.46,True,,2026-03-21 00:00:00,
PRJ-008398,2025,4332506.41,4332506.41,True,,2025-04-20 00:00:00,
PRJ-008399,2023,23905215.11,23905215.11,True,,2023-03-11 00:00:00,
PRJ-008400,2026,29728373.11,29728373.11,True,,2026-08-19 00:00:00,
PRJ-008401,2025,17133624.15,17133624.15,True,,2025-10-05 00:00:00,
PRJ-008402,2024,26976781.97,26976781.97,True,,2024-08-19 00:00:00,
PRJ-008403,2025,24482207.12,24482207.12,True,,2025-08-22 00:00:00,
PRJ-008404,2026,12207481.36,12207481.36,True,,2026-04-23 00:00:00,
PRJ-008405,2026,6260869.61,6260869.61,True,,2026-08-15 00:00:00,
PRJ-008406,2026,22016545.88,22016545.88,True,,2026-07-27 00:00:00,
PRJ-008407,2026,8563363.72,8563363.72,True,,2026-01-24 00:00:00,
PRJ-008408,2023,9262487.78,9262487.78,True,,2023-09-27 00:00:00,
PRJ-008409,2026,12266100.36,12266100.36,True,,2026-04-17 00:00:00,
PRJ-008410,2025,20915620.62,20915620.62,True,,2025-11-03 00:00:00,
PRJ-008411,2025,26247250.33,26247250.33,True,,2025-10-06 00:00:00,
PRJ-008412,2025,12779404.87,12779404.87,True,,2025-05-10 00:00:00,
PRJ-008413,2024,24725907.67,24725907.67,True,,2024-05-26 00:00:00,
PRJ-008414,2024,13658583.3,13658583.3,True,,2024-12-21 00:00:00,
PRJ-008415,2023,23586207.37,23586207.37,True,,2023-06-25 00:00:00,
PRJ-008416,2026,8441243.03,8441243.03,True,,2026-09-18 00:00:00,
PRJ-008417,2023,7359959.95,7359959.95,True,,2023-09-27 00:00:00,
PRJ-008418,2023,7060642.94,7060642.94,True,,2023-04-02 00:00:00,
PRJ-008419,2024,9508815.24,9508815.24,True,,2024-01-18 00:00:00,
PRJ-008420,2024,22234192.15,22234192.15,True,,2024-06-15 00:00:00,
PRJ-008421,2025,15209624.36,15209624.36,True,,2025-12-22 00:00:00,
PRJ-008422,2023,24961743.58,24961743.58,True,,2023-03-22 00:00:00,
PRJ-008423,2025,26799336.67,26799336.67,True,,2025-02-26 00:00:00,
PRJ-008424,2025,21761451.64,21761451.64,True,,2025-11-24 00:00:00,
PRJ-008425,2024,10480121.27,10480121.27,True,,2024-09-01 00:00:00,
PRJ-008426,2026,20779846.99,20779846.99,True,,2026-06-06 00:00:00,
PRJ-008427,2026,23658322.17,23658322.17,True,,2026-01-11 00:00:00,
PRJ-008428,2023,9900768.7,9900768.7,True,,2023-07-26 00:00:00,
PRJ-008429,2023,5182269.83,5182269.83,True,,2023-03-24 00:00:00,
PRJ-008430,2024,29763138.0,29763138.0,True,,2024-08-22 00:00:00,
PRJ-008431,2025,29645694.92,29645694.92,True,,2025-05-24 00:00:00,
PRJ-008432,2026,4145630.46,4145630.46,True,,2026-03-22 00:00:00,
PRJ-008433,2023,26708458.71,26708458.71,True,,2023-01-21 00:00:00,
PRJ-008434,2023,28765224.43,28765224.43,True,,2023-11-19 00:00:00,
PRJ-008435,2023,29122784.68,29122784.68,True,,2023-10-23 00:00:00,
PRJ-008436,2025,23518363.57,23518363.57,True,,2025-09-01 00:00:00,
PRJ-008437,2023,21310027.89,21310027.89,True,,2023-11-05 00:00:00,
PRJ-008438,2023,8307138.68,8307138.68,True,,2023-09-07 00:00:00,
PRJ-008439,2024,5919780.56,5919780.56,True,,2024-12-17 00:00:00,
PRJ-008440,2026,29464903.49,29464903.49,True,,2026-08-25 00:00:00,
PRJ-008441,2026,8502522.21,8502522.21,True,,2026-04-21 00:00:00,
PRJ-008442,2024,13329214.99,13329214.99,True,,2024-05-11 00:00:00,
PRJ-008443,2023,10442283.29,10442283.29,True,,2023-02-05 00:00:00,
PRJ-008444,2025,19931300.04,19931300.04,True,,2025-11-02 00:00:00,
PRJ-008445,2026,22428234.97,22428234.97,True,,2026-02-26 00:00:00,
PRJ-008446,2023,8846371.85,8846371.85,True,,2023-12-01 00:00:00,
PRJ-008447,2026,13218728.33,13218728.33,True,,2026-03-22 00:00:00,
PRJ-008448,2025,21325324.25,21325324.25,True,,2025-04-14 00:00:00,
PRJ-008449,2024,22957997.55,22957997.55,True,,2024-08-23 00:00:00,
PRJ-008450,2025,16449578.09,16449578.09,True,,2025-02-20 00:00:00,
PRJ-008451,2024,5686201.83,5686201.83,True,,2024-01-08 00:00:00,
PRJ-008452,2026,29955917.49,29955917.49,True,,2026-07-21 00:00:00,
PRJ-008453,2024,22518607.92,22518607.92,True,,2024-12-12 00:00:00,
PRJ-008454,2023,23727397.68,23727397.68,True,,2023-07-08 00:00:00,
PRJ-008455,2025,559782.75,559782.75,True,,2025-10-09 00:00:00,
PRJ-008456,2026,1548363.35,1548363.35,True,,2026-09-13 00:00:00,
PRJ-008457,2024,11113846.59,11113846.59,True,,2024-05-07 00:00:00,
PRJ-008458,2025,8694326.24,8694326.24,True,,2025-12-20 00:00:00,
PRJ-008459,2024,21852427.28,21852427.28,True,,2024-04-27 00:00:00,
PRJ-008460,2025,24615080.47,24615080.47,True,,2025-09-16 00:00:00,
PRJ-008461,2026,24485887.44,24485887.44,True,,2026-05-19 00:00:00,
PRJ-008462,2023,6156408.87,6156408.87,True,,2023-08-09 00:00:00,
PRJ-008463,2024,4478568.63,4478568.63,True,,2024-01-16 00:00:00,
PRJ-008464,2026,12777506.24,12777506.24,True,,2026-06-24 00:00:00,
PRJ-008465,2023,27439130.3,27439130.3,True,,2023-03-12 00:00:00,
PRJ-008466,2026,27658467.1,27658467.1,True,,2026-06-16 00:00:00,
PRJ-008467,2026,20567133.79,20567133.79,True,,2026-02-12 00:00:00,
PRJ-008468,2025,27058756.27,27058756.27,True,,2025-04-13 00:00:00,
PRJ-008469,2025,8790026.0,8790026.0,True,,2025-04-02 00:00:00,
PRJ-008470,2024,6164692.95,6164692.95,True,,2024-07-22 00:00:00,
PRJ-008471,2024,12476105.3,12476105.3,True,,2024-05-22 00:00:00,
PRJ-008472,2024,20943656.54,20943656.54,True,,2024-06-20 00:00:00,
PRJ-008473,2023,14132009.13,14132009.13,True,,2023-02-13 00:00:00,
PRJ-008474,2025,11695317.06,11695317.06,True,,2025-07-09 00:00:00,
PRJ-008475,2024,1751282.58,1751282.58,True,,2024-03-12 00:00:00,
PRJ-008476,2023,9947607.24,9947607.24,True,,2023-11-24 00:00:00,
PRJ-008477,2023,1153405.33,1153405.33,True,,2023-04-02 00:00:00,
PRJ-008478,2024,19774338.23,19774338.23,True,,2024-05-26 00:00:00,
PRJ-008479,2025,1161271.59,1161271.59,True,,2025-01-05 00:00:00,
PRJ-008480,2026,3554055.03,3554055.03,True,,2026-04-23 00:00:00,
PRJ-008481,2023,19942938.21,19942938.21,True,,2023-03-19 00:00:00,
PRJ-008482,2024,7991969.18,7991969.18,True,,2024-08-24 00:00:00,
PRJ-008483,2026,20255072.66,20255072.66,True,,2026-02-18 00:00:00,
PRJ-008484,2025,1329712.91,1329712.91,True,,2025-01-07 00:00:00,
PRJ-008485,2024,26236410.67,26236410.67,True,,2024-05-09 00:00:00,
PRJ-008486,2024,12937294.7,12937294.7,True,,2024-04-03 00:00:00,
PRJ-008487,2026,12207386.58,12207386.58,True,,2026-04-24 00:00:00,
PRJ-008488,2023,10607957.81,10607957.81,True,,2023-04-21 00:00:00,
PRJ-008489,2024,27952248.78,27952248.78,True,,2024-04-14 00:00:00,
PRJ-008490,2023,7434551.07,7434551.07,True,,2023-03-13 00:00:00,
PRJ-008491,2026,25799512.27,25799512.27,True,,2026-09-10 00:00:00,
PRJ-008492,2025,20841227.28,20841227.28,True,,2025-07-24 00:00:00,
PRJ-008493,2025,20423224.48,20423224.48,True,,2025-06-10 00:00:00,
PRJ-008494,2023,16272908.32,16272908.32,True,,2023-07-15 00:00:00,
PRJ-008495,2025,10222691.26,10222691.26,True,,2025-10-23 00:00:00,
PRJ-008496,2024,8238589.76,8238589.76,True,,2024-02-09 00:00:00,
PRJ-008497,2026,26157780.19,26157780.19,True,,2026-03-09 00:00:00,
PRJ-008498,2024,21521716.47,21521716.47,True,,2024-06-07 00:00:00,
PRJ-008499,2024,21064127.9,21064127.9,True,,2024-04-22 00:00:00,
PRJ-008500,2026,916640.57,916640.57,True,,2026-07-24 00:00:00,
PRJ-008501,2026,15069794.65,15069794.65,True,,2026-04-27 00:00:00,
PRJ-008502,2023,22075365.87,22075365.87,True,,2023-01-20 00:00:00,
PRJ-008503,2026,25266036.51,25266036.51,True,,2026-09-18 00:00:00,
PRJ-008504,2025,7067932.61,7067932.61,True,,2025-11-18 00:00:00,
PRJ-008505,2026,6402647.82,6402647.82,True,,2026-02-19 00:00:00,
PRJ-008506,2025,17407474.59,17407474.59,True,,2025-06-06 00:00:00,
PRJ-008507,2024,17676296.92,17676296.92,True,,2024-02-12 00:00:00,
PRJ-008508,2025,29243100.37,29243100.37,True,,2025-12-08 00:00:00,
PRJ-008509,2024,3942796.92,3942796.92,True,,2024-11-13 00:00:00,
PRJ-008510,2023,20542113.42,20542113.42,True,,2023-07-03 00:00:00,
PRJ-008511,2025,6860735.1,6860735.1,True,,2025-02-14 00:00:00,
PRJ-008512,2023,25026205.93,25026205.93,True,,2023-10-22 00:00:00,
PRJ-008513,2024,14535418.71,14535418.71,True,,2024-04-13 00:00:00,
PRJ-008514,2026,1744729.34,1744729.34,True,,2026-08-21 00:00:00,
PRJ-008515,2024,17969463.76,17969463.76,True,,2024-10-13 00:00:00,
PRJ-008516,2026,10769628.45,10769628.45,True,,2026-06-07 00:00:00,
PRJ-008517,2024,12140309.49,12140309.49,True,,2024-08-09 00:00:00,
PRJ-008518,2024,14113999.93,14113999.93,True,,2024-01-19 00:00:00,
PRJ-008519,2026,20247470.49,20247470.49,True,,2026-09-04 00:00:00,
PRJ-008520,2023,19409411.81,19409411.81,True,,2023-10-06 00:00:00,
PRJ-008521,2024,8320818.96,8320818.96,True,,2024-01-16 00:00:00,
PRJ-008522,2023,6044509.53,6044509.53,True,,2023-11-11 00:00:00,
PRJ-008523,2023,16176147.16,16176147.16,True,,2023-11-20 00:00:00,
PRJ-008524,2024,25021918.73,25021918.73,True,,2024-08-01 00:00:00,
PRJ-008525,2023,22279571.14,22279571.14,True,,2023-08-25 00:00:00,
PRJ-008526,2023,11182159.8,11182159.8,True,,2023-07-07 00:00:00,
PRJ-008527,2024,1522437.03,1522437.03,True,,2024-02-20 00:00:00,
PRJ-008528,2024,22133721.88,22133721.88,True,,2024-09-27 00:00:00,
PRJ-008529,2025,20188465.24,20188465.24,True,,2025-06-06 00:00:00,
PRJ-008530,2025,23963755.23,23963755.23,True,,2025-12-26 00:00:00,
PRJ-008531,2026,28057971.08,28057971.08,True,,2026-04-01 00:00:00,
PRJ-008532,2026,27540018.64,27540018.64,True,,2026-09-12 00:00:00,
PRJ-008533,2025,18671822.08,18671822.08,True,,2025-07-22 00:00:00,
PRJ-008534,2026,29869167.92,29869167.92,True,,2026-05-11 00:00:00,
PRJ-008535,2024,11194978.97,11194978.97,True,,2024-09-27 00:00:00,
PRJ-008536,2023,9727861.23,9727861.23,True,,2023-12-13 00:00:00,
PRJ-008537,2024,12180491.15,12180491.15,True,,2024-09-25 00:00:00,
PRJ-008538,2024,9836870.05,9836870.05,True,,2024-12-03 00:00:00,
PRJ-008539,2025,24640414.76,24640414.76,True,,2025-03-25 00:00:00,
PRJ-008540,2024,1476061.92,1476061.92,True,,2024-01-12 00:00:00,
PRJ-008541,2026,22711960.61,22711960.61,True,,2026-08-26 00:00:00,
PRJ-008542,2024,10776373.09,10776373.09,True,,2024-11-04 00:00:00,
PRJ-008543,2026,4052358.04,4052358.04,True,,2026-05-01 00:00:00,
PRJ-008544,2024,23353970.93,23353970.93,True,,2024-09-15 00:00:00,
PRJ-008545,2026,15785189.23,15785189.23,True,,2026-09-11 00:00:00,
PRJ-008546,2025,11108191.99,11108191.99,True,,2025-04-18 00:00:00,
PRJ-008547,2024,19597731.28,19597731.28,True,,2024-04-20 00:00:00,
PRJ-008548,2026,17975773.89,17975773.89,True,,2026-01-09 00:00:00,
PRJ-008549,2025,7251613.92,7251613.92,True,,2025-12-18 00:00:00,
PRJ-008550,2024,17525097.97,17525097.97,True,,2024-08-10 00:00:00,
PRJ-008551,2026,4312311.25,4312311.25,True,,2026-02-03 00:00:00,
PRJ-008552,2026,13983604.67,13983604.67,True,,2026-03-03 00:00:00,
PRJ-008553,2025,12856908.54,12856908.54,True,,2025-11-02 00:00:00,
PRJ-008554,2026,21638939.38,21638939.38,True,,2026-03-19 00:00:00,
PRJ-008555,2025,24791119.73,24791119.73,True,,2025-04-19 00:00:00,
PRJ-008556,2025,21804723.7,21804723.7,True,,2025-04-24 00:00:00,
PRJ-008557,2025,13226148.17,13226148.17,True,,2025-04-07 00:00:00,
PRJ-008558,2025,8030642.65,8030642.65,True,,2025-11-24 00:00:00,
PRJ-008559,2026,17061150.21,17061150.21,True,,2026-07-15 00:00:00,
PRJ-008560,2025,4899245.7,4899245.7,True,,2025-01-14 00:00:00,
PRJ-008561,2023,2117331.33,2117331.33,True,,2023-10-20 00:00:00,
PRJ-008562,2026,11789535.54,11789535.54,True,,2026-09-12 00:00:00,
PRJ-008563,2026,19140635.58,19140635.58,True,,2026-09-03 00:00:00,
PRJ-008564,2024,9609835.93,9609835.93,True,,2024-06-18 00:00:00,
PRJ-008565,2024,5626180.09,5626180.09,True,,2024-09-05 00:00:00,
PRJ-008566,2026,4841577.11,4841577.11,True,,2026-01-16 00:00:00,
PRJ-008567,2023,3342295.58,3342295.58,True,,2023-04-12 00:00:00,
PRJ-008568,2024,14843709.46,14843709.46,True,,2024-08-06 00:00:00,
PRJ-008569,2025,5743217.64,5743217.64,True,,2025-11-14 00:00:00,
PRJ-008570,2023,5428824.8,5428824.8,True,,2023-01-20 00:00:00,
PRJ-008571,2025,19490838.6,19490838.6,True,,2025-01-16 00:00:00,
PRJ-008572,2025,25786389.26,25786389.26,True,,2025-02-01 00:00:00,
PRJ-008573,2025,14006360.62,14006360.62,True,,2025-04-09 00:00:00,
PRJ-008574,2023,6150132.36,6150132.36,True,,2023-09-18 00:00:00,
PRJ-008575,2024,16757957.18,16757957.18,True,,2024-06-13 00:00:00,
PRJ-008576,2026,23333441.17,23333441.17,True,,2026-06-04 00:00:00,
PRJ-008577,2024,3432475.44,3432475.44,True,,2024-11-27 00:00:00,
PRJ-008578,2023,13922252.2,13922252.2,True,,2023-10-02 00:00:00,
PRJ-008579,2024,21947243.68,21947243.68,True,,2024-06-14 00:00:00,
PRJ-008580,2026,21190957.66,21190957.66,True,,2026-07-12 00:00:00,
PRJ-008581,2026,19848086.4,19848086.4,True,,2026-01-11 00:00:00,
PRJ-008582,2025,3387620.25,3387620.25,True,,2025-04-04 00:00:00,
PRJ-008583,2023,7713839.0,7713839.0,True,,2023-03-09 00:00:00,
PRJ-008584,2023,15585746.09,15585746.09,True,,2023-12-23 00:00:00,
PRJ-008585,2024,1370189.9,1370189.9,True,,2024-06-16 00:00:00,
PRJ-008586,2025,5609931.4,5609931.4,True,,2025-07-04 00:00:00,
PRJ-008587,2024,20771359.95,20771359.95,True,,2024-04-05 00:00:00,
PRJ-008588,2023,20771286.28,20771286.28,True,,2023-01-23 00:00:00,
PRJ-008589,2025,29829305.88,29829305.88,True,,2025-07-21 00:00:00,
PRJ-008590,2023,11590953.27,11590953.27,True,,2023-06-19 00:00:00,
PRJ-008591,2025,10238621.08,10238621.08,True,,2025-10-25 00:00:00,
PRJ-008592,2025,12376319.47,12376319.47,True,,2025-08-06 00:00:00,
PRJ-008593,2023,2825214.56,2825214.56,True,,2023-12-04 00:00:00,
PRJ-008594,2024,6250872.94,6250872.94,True,,2024-06-09 00:00:00,
PRJ-008595,2025,6898113.92,6898113.92,True,,2025-03-27 00:00:00,
PRJ-008596,2024,21057083.51,21057083.51,True,,2024-03-07 00:00:00,
PRJ-008597,2024,16056347.58,16056347.58,True,,2024-03-14 00:00:00,
PRJ-008598,2024,1852025.62,1852025.62,True,,2024-10-14 00:00:00,
PRJ-008599,2024,13535436.49,13535436.49,True,,2024-04-08 00:00:00,
PRJ-008600,2025,2764681.65,2764681.65,True,,2025-09-02 00:00:00,
PRJ-008601,2024,19866338.04,19866338.04,True,,2024-06-15 00:00:00,
PRJ-008602,2025,19180137.27,19180137.27,True,,2025-01-20 00:00:00,
PRJ-008603,2025,2311287.49,2311287.49,True,,2025-03-09 00:00:00,
PRJ-008604,2025,28449892.97,28449892.97,True,,2025-11-20 00:00:00,
PRJ-008605,2026,26789478.86,26789478.86,True,,2026-05-13 00:00:00,
PRJ-008606,2025,17431117.6,17431117.6,True,,2025-11-02 00:00:00,
PRJ-008607,2025,15392242.0,15392242.0,True,,2025-12-22 00:00:00,
PRJ-008608,2023,17378274.32,17378274.32,True,,2023-08-11 00:00:00,
PRJ-008609,2024,28368432.56,28368432.56,True,,2024-07-15 00:00:00,
PRJ-008610,2026,17198560.51,17198560.51,True,,2026-06-23 00:00:00,
PRJ-008611,2025,22072482.97,22072482.97,True,,2025-09-16 00:00:00,
PRJ-008612,2024,24480927.58,24480927.58,True,,2024-12-25 00:00:00,
PRJ-008613,2026,28083290.69,28083290.69,True,,2026-09-18 00:00:00,
PRJ-008614,2025,14433022.31,14433022.31,True,,2025-02-21 00:00:00,
PRJ-008615,2025,23208758.72,23208758.72,True,,2025-10-03 00:00:00,
PRJ-008616,2023,9951223.29,9951223.29,True,,2023-09-27 00:00:00,
PRJ-008617,2026,17624921.82,17624921.82,True,,2026-05-01 00:00:00,
PRJ-008618,2026,29171438.02,29171438.02,True,,2026-06-11 00:00:00,
PRJ-008619,2025,23421703.55,23421703.55,True,,2025-07-23 00:00:00,
PRJ-008620,2026,17806171.37,17806171.37,True,,2026-04-12 00:00:00,
PRJ-008621,2026,25851980.93,25851980.93,True,,2026-03-10 00:00:00,
PRJ-008622,2025,4313243.23,4313243.23,True,,2025-11-23 00:00:00,
PRJ-008623,2026,6016710.59,6016710.59,True,,2026-09-03 00:00:00,
PRJ-008624,2026,29824192.54,29824192.54,True,,2026-01-13 00:00:00,
PRJ-008625,2024,13244598.8,13244598.8,True,,2024-11-27 00:00:00,
PRJ-008626,2025,2479406.13,2479406.13,True,,2025-06-12 00:00:00,
PRJ-008627,2025,16589651.6,16589651.6,True,,2025-03-06 00:00:00,
PRJ-008628,2024,27331211.9,27331211.9,True,,2024-04-25 00:00:00,
PRJ-008629,2024,11778641.22,11778641.22,True,,2024-12-22 00:00:00,
PRJ-008630,2026,11856369.03,11856369.03,True,,2026-05-04 00:00:00,
PRJ-008631,2023,14375439.87,14375439.87,True,,2023-03-03 00:00:00,
PRJ-008632,2024,13023331.17,13023331.17,True,,2024-04-02 00:00:00,
PRJ-008633,2023,21359462.27,21359462.27,True,,2023-10-01 00:00:00,
PRJ-008634,2024,26909006.19,26909006.19,True,,2024-06-11 00:00:00,
PRJ-008635,2024,13305864.98,13305864.98,True,,2024-03-02 00:00:00,
PRJ-008636,2025,17452617.19,17452617.19,True,,2025-08-10 00:00:00,
PRJ-008637,2023,26911452.91,26911452.91,True,,2023-02-24 00:00:00,
PRJ-008638,2024,21132893.33,21132893.33,True,,2024-02-26 00:00:00,
PRJ-008639,2026,5590924.12,5590924.12,True,,2026-04-01 00:00:00,
PRJ-008640,2026,25315917.97,25315917.97,True,,2026-04-11 00:00:00,
PRJ-008641,2025,3678652.15,3678652.15,True,,2025-08-02 00:00:00,
PRJ-008642,2023,15480222.17,15480222.17,True,,2023-12-20 00:00:00,
PRJ-008643,2023,19901103.81,19901103.81,True,,2023-06-09 00:00:00,
PRJ-008644,2023,4810879.7,4810879.7,True,,2023-09-03 00:00:00,
PRJ-008645,2024,13561218.36,13561218.36,True,,2024-02-02 00:00:00,
PRJ-008646,2023,20740929.99,20740929.99,True,,2023-11-23 00:00:00,
PRJ-008647,2023,26918701.35,26918701.35,True,,2023-04-07 00:00:00,
PRJ-008648,2025,27901803.27,27901803.27,True,,2025-02-17 00:00:00,
PRJ-008649,2026,13137322.06,13137322.06,True,,2026-04-17 00:00:00,
PRJ-008650,2025,20176190.83,20176190.83,True,,2025-03-02 00:00:00,
PRJ-008651,2025,1994770.22,1994770.22,True,,2025-06-17 00:00:00,
PRJ-008652,2024,27660621.35,27660621.35,True,,2024-08-17 00:00:00,
PRJ-008653,2025,5616757.16,5616757.16,True,,2025-06-27 00:00:00,
PRJ-008654,2026,18716912.42,18716912.42,True,,2026-09-07 00:00:00,
PRJ-008655,2024,18127827.95,18127827.95,True,,2024-05-01 00:00:00,
PRJ-008656,2026,13715731.77,13715731.77,True,,2026-05-19 00:00:00,
PRJ-008657,2023,22360248.09,22360248.09,True,,2023-12-09 00:00:00,
PRJ-008658,2025,28749914.52,28749914.52,True,,2025-01-15 00:00:00,
PRJ-008659,2025,2952271.56,2952271.56,True,,2025-09-14 00:00:00,
PRJ-008660,2025,19028403.57,19028403.57,True,,2025-03-01 00:00:00,
PRJ-008661,2024,8350620.73,8350620.73,True,,2024-10-09 00:00:00,
PRJ-008662,2025,29920838.23,29920838.23,True,,2025-01-11 00:00:00,
PRJ-008663,2024,18290327.42,18290327.42,True,,2024-06-06 00:00:00,
PRJ-008664,2023,20987070.91,20987070.91,True,,2023-07-02 00:00:00,
PRJ-008665,2024,9144689.62,9144689.62,True,,2024-03-26 00:00:00,
PRJ-008666,2025,9307517.79,9307517.79,True,,2025-04-16 00:00:00,
PRJ-008667,2025,19153330.67,19153330.67,True,,2025-05-27 00:00:00,
PRJ-008668,2025,7706521.92,7706521.92,True,,2025-05-12 00:00:00,
PRJ-008669,2026,16364729.71,16364729.71,True,,2026-03-23 00:00:00,
PRJ-008670,2025,8794345.14,8794345.14,True,,2025-05-12 00:00:00,
PRJ-008671,2025,18739815.18,18739815.18,True,,2025-12-24 00:00:00,
PRJ-008672,2024,20707258.55,20707258.55,True,,2024-12-18 00:00:00,
PRJ-008673,2023,6897880.56,6897880.56,True,,2023-07-17 00:00:00,
PRJ-008674,2025,29697812.94,29697812.94,True,,2025-03-09 00:00:00,
PRJ-008675,2026,26896244.28,26896244.28,True,,2026-04-09 00:00:00,
PRJ-008676,2024,21858657.43,21858657.43,True,,2024-03-01 00:00:00,
PRJ-008677,2025,1214210.03,1214210.03,True,,2025-09-16 00:00:00,
PRJ-008678,2023,1501852.58,1501852.58,True,,2023-02-19 00:00:00,
PRJ-008679,2024,5140666.96,5140666.96,True,,2024-02-27 00:00:00,
PRJ-008680,2026,2091655.4,2091655.4,True,,2026-07-17 00:00:00,
PRJ-008681,2023,16599581.3,16599581.3,True,,2023-05-27 00:00:00,
PRJ-008682,2025,24752445.93,24752445.93,True,,2025-03-03 00:00:00,
PRJ-008683,2023,9036414.51,9036414.51,True,,2023-08-12 00:00:00,
PRJ-008684,2024,29398990.03,29398990.03,True,,2024-08-24 00:00:00,
PRJ-008685,2024,3832264.46,3832264.46,True,,2024-03-10 00:00:00,
PRJ-008686,2025,24097494.28,24097494.28,True,,2025-06-24 00:00:00,
PRJ-008687,2024,20742678.74,20742678.74,True,,2024-10-06 00:00:00,
PRJ-008688,2025,16942705.32,16942705.32,True,,2025-12-11 00:00:00,
PRJ-008689,2024,16966103.66,16966103.66,True,,2024-08-16 00:00:00,
PRJ-008690,2025,6270045.42,6270045.42,True,,2025-06-14 00:00:00,
PRJ-008691,2026,9863021.79,9863021.79,True,,2026-08-03 00:00:00,
PRJ-008692,2026,28838746.05,28838746.05,True,,2026-04-21 00:00:00,
PRJ-008693,2025,7771006.77,7771006.77,True,,2025-08-17 00:00:00,
PRJ-008694,2024,21414898.88,21414898.88,True,,2024-06-20 00:00:00,
PRJ-008695,2023,28259804.96,28259804.96,True,,2023-11-03 00:00:00,
PRJ-008696,2024,4257841.44,4257841.44,True,,2024-01-04 00:00:00,
PRJ-008697,2026,23381971.82,23381971.82,True,,2026-03-15 00:00:00,
PRJ-008698,2026,14161813.83,14161813.83,True,,2026-09-18 00:00:00,
PRJ-008699,2024,29880333.82,29880333.82,True,,2024-02-24 00:00:00,
PRJ-008700,2025,11978782.3,11978782.3,True,,2025-03-24 00:00:00,
PRJ-008701,2026,8773544.92,8773544.92,True,,2026-08-12 00:00:00,
PRJ-008702,2025,15843764.3,15843764.3,True,,2025-04-07 00:00:00,
PRJ-008703,2025,24321032.69,24321032.69,True,,2025-03-19 00:00:00,
PRJ-008704,2026,25983951.77,25983951.77,True,,2026-08-05 00:00:00,
PRJ-008705,2024,22325750.27,22325750.27,True,,2024-12-21 00:00:00,
PRJ-008706,2023,18735029.18,18735029.18,True,,2023-10-16 00:00:00,
PRJ-008707,2023,14897574.15,14897574.15,True,,2023-10-09 00:00:00,
PRJ-008708,2026,1547029.95,1547029.95,True,,2026-08-23 00:00:00,
PRJ-008709,2026,9628835.22,9628835.22,True,,2026-04-22 00:00:00,
PRJ-008710,2026,13372175.48,13372175.48,True,,2026-06-26 00:00:00,
PRJ-008711,2026,15153243.92,15153243.92,True,,2026-04-17 00:00:00,
PRJ-008712,2023,10991446.11,10991446.11,True,,2023-11-08 00:00:00,
PRJ-008713,2024,28459660.96,28459660.96,True,,2024-03-12 00:00:00,
PRJ-008714,2026,4613394.11,4613394.11,True,,2026-01-06 00:00:00,
PRJ-008715,2025,28731769.23,28731769.23,True,,2025-05-25 00:00:00,
PRJ-008716,2025,10246392.67,10246392.67,True,,2025-02-09 00:00:00,
PRJ-008717,2026,17828443.62,17828443.62,True,,2026-07-21 00:00:00,
PRJ-008718,2024,6467678.72,6467678.72,True,,2024-01-24 00:00:00,
PRJ-008719,2025,4991316.85,4991316.85,True,,2025-03-05 00:00:00,
PRJ-008720,2024,5369223.09,5369223.09,True,,2024-12-20 00:00:00,
PRJ-008721,2023,22368835.1,22368835.1,True,,2023-03-15 00:00:00,
PRJ-008722,2023,22612056.42,22612056.42,True,,2023-04-19 00:00:00,
PRJ-008723,2025,15673408.66,15673408.66,True,,2025-05-18 00:00:00,
PRJ-008724,2026,16879219.84,16879219.84,True,,2026-02-09 00:00:00,
PRJ-008725,2023,4295090.08,4295090.08,True,,2023-11-25 00:00:00,
PRJ-008726,2025,18978066.44,18978066.44,True,,2025-04-11 00:00:00,
PRJ-008727,2024,17319054.75,17319054.75,True,,2024-07-19 00:00:00,
PRJ-008728,2025,14835099.3,14835099.3,True,,2025-09-19 00:00:00,
PRJ-008729,2025,14305874.69,14305874.69,True,,2025-07-21 00:00:00,
PRJ-008730,2024,787774.31,787774.31,True,,2024-07-19 00:00:00,
PRJ-008731,2024,29629153.62,29629153.62,True,,2024-08-02 00:00:00,
PRJ-008732,2026,2686325.88,2686325.88,True,,2026-09-18 00:00:00,
PRJ-008733,2024,25476192.01,25476192.01,True,,2024-01-01 00:00:00,
PRJ-008734,2026,21573890.33,21573890.33,True,,2026-09-18 00:00:00,
PRJ-008735,2024,20922221.67,20922221.67,True,,2024-12-21 00:00:00,
PRJ-008736,2024,24159441.84,24159441.84,True,,2024-10-24 00:00:00,
PRJ-008737,2025,28290916.01,28290916.01,True,,2025-05-25 00:00:00,
PRJ-008738,2025,25018965.61,25018965.61,True,,2025-12-23 00:00:00,
PRJ-008739,2024,1822451.12,1822451.12,True,,2024-07-15 00:00:00,
PRJ-008740,2025,12639997.5,12639997.5,True,,2025-07-07 00:00:00,
PRJ-008741,2023,7409748.61,7409748.61,True,,2023-10-18 00:00:00,
PRJ-008742,2025,8776853.45,8776853.45,True,,2025-03-26 00:00:00,
PRJ-008743,2024,11909286.7,11909286.7,True,,2024-12-05 00:00:00,
PRJ-008744,2023,15023301.29,15023301.29,True,,2023-06-15 00:00:00,
PRJ-008745,2024,26832625.91,26832625.91,True,,2024-04-06 00:00:00,
PRJ-008746,2024,11065215.79,11065215.79,True,,2024-12-24 00:00:00,
PRJ-008747,2023,17088602.63,17088602.63,True,,2023-09-21 00:00:00,
PRJ-008748,2025,12188326.57,12188326.57,True,,2025-02-10 00:00:00,
PRJ-008749,2024,22139676.91,22139676.91,True,,2024-07-27 00:00:00,
PRJ-008750,2025,6427383.83,6427383.83,True,,2025-07-10 00:00:00,
PRJ-008751,2025,13842481.73,13842481.73,True,,2025-09-16 00:00:00,
PRJ-008752,2025,3442992.85,3442992.85,True,,2025-05-03 00:00:00,
PRJ-008753,2026,9232692.39,9232692.39,True,,2026-04-02 00:00:00,
PRJ-008754,2024,21744728.43,21744728.43,True,,2024-11-26 00:00:00,
PRJ-008755,2025,2215383.3,2215383.3,True,,2025-11-10 00:00:00,
PRJ-008756,2025,22991279.94,22991279.94,True,,2025-04-11 00:00:00,
PRJ-008757,2026,2982056.77,2982056.77,True,,2026-05-17 00:00:00,
PRJ-008758,2023,16033544.36,16033544.36,True,,2023-05-26 00:00:00,
PRJ-008759,2025,5603199.37,5603199.37,True,,2025-03-27 00:00:00,
PRJ-008760,2026,13225583.79,13225583.79,True,,2026-02-12 00:00:00,
PRJ-008761,2023,10349951.21,10349951.21,True,,2023-10-13 00:00:00,
PRJ-008762,2023,27083315.22,27083315.22,True,,2023-01-05 00:00:00,
PRJ-008763,2025,7995683.94,7995683.94,True,,2025-07-21 00:00:00,
PRJ-008764,2024,22431048.31,22431048.31,True,,2024-10-25 00:00:00,
PRJ-008765,2024,6475802.71,6475802.71,True,,2024-02-16 00:00:00,
PRJ-008766,2023,27066358.98,27066358.98,True,,2023-03-27 00:00:00,
PRJ-008767,2024,2446482.17,2446482.17,True,,2024-02-14 00:00:00,
PRJ-008768,2023,5988308.71,5988308.71,True,,2023-05-04 00:00:00,
PRJ-008769,2023,868209.51,868209.51,True,,2023-12-19 00:00:00,
PRJ-008770,2025,20922794.83,20922794.83,True,,2025-08-02 00:00:00,
PRJ-008771,2025,14469768.07,14469768.07,True,,2025-02-19 00:00:00,
PRJ-008772,2025,29321389.47,29321389.47,True,,2025-06-18 00:00:00,
PRJ-008773,2025,22150589.97,22150589.97,True,,2025-10-05 00:00:00,
PRJ-008774,2025,28016635.07,28016635.07,True,,2025-01-22 00:00:00,
PRJ-008775,2026,9200253.53,9200253.53,True,,2026-01-15 00:00:00,
PRJ-008776,2024,26346082.03,26346082.03,True,,2024-09-16 00:00:00,
PRJ-008777,2025,25946179.52,25946179.52,True,,2025-12-09 00:00:00,
PRJ-008778,2025,12535855.84,12535855.84,True,,2025-09-22 00:00:00,
PRJ-008779,2023,10804459.91,10804459.91,True,,2023-09-11 00:00:00,
PRJ-008780,2026,2276954.94,2276954.94,True,,2026-06-08 00:00:00,
PRJ-008781,2023,15260408.59,15260408.59,True,,2023-10-10 00:00:00,
PRJ-008782,2023,19018794.14,19018794.14,True,,2023-03-22 00:00:00,
PRJ-008783,2024,26150038.29,26150038.29,True,,2024-07-09 00:00:00,
PRJ-008784,2024,27916885.37,27916885.37,True,,2024-07-10 00:00:00,
PRJ-008785,2023,10529903.18,10529903.18,True,,2023-07-26 00:00:00,
PRJ-008786,2026,26186192.41,26186192.41,True,,2026-02-24 00:00:00,
PRJ-008787,2025,19666462.93,19666462.93,True,,2025-04-27 00:00:00,
PRJ-008788,2026,28101955.61,28101955.61,True,,2026-04-07 00:00:00,
PRJ-008789,2024,20877421.02,20877421.02,True,,2024-02-10 00:00:00,
PRJ-008790,2025,17134251.69,17134251.69,True,,2025-03-08 00:00:00,
PRJ-008791,2025,17080038.36,17080038.36,True,,2025-06-03 00:00:00,
PRJ-008792,2023,26459455.82,26459455.82,True,,2023-12-13 00:00:00,
PRJ-008793,2024,29457854.12,29457854.12,True,,2024-08-18 00:00:00,
PRJ-008794,2026,4697283.67,4697283.67,True,,2026-05-12 00:00:00,
PRJ-008795,2025,3139980.85,3139980.85,True,,2025-08-14 00:00:00,
PRJ-008796,2026,19167117.58,19167117.58,True,,2026-02-15 00:00:00,
PRJ-008797,2026,15600064.13,15600064.13,True,,2026-09-18 00:00:00,
PRJ-008798,2024,7984488.24,7984488.24,True,,2024-06-01 00:00:00,
PRJ-008799,2026,12938858.73,12938858.73,True,,2026-04-07 00:00:00,
PRJ-008800,2024,10262345.68,10262345.68,True,,2024-07-02 00:00:00,
PRJ-008801,2026,21485202.42,21485202.42,True,,2026-05-18 00:00:00,
PRJ-008802,2026,2642025.38,2642025.38,True,,2026-02-04 00:00:00,
PRJ-008803,2024,13806526.47,13806526.47,True,,2024-07-26 00:00:00,
PRJ-008804,2023,16352850.31,16352850.31,True,,2023-01-08 00:00:00,
PRJ-008805,2024,21576242.77,21576242.77,True,,2024-01-06 00:00:00,
PRJ-008806,2023,15249579.6,15249579.6,True,,2023-10-25 00:00:00,
PRJ-008807,2023,24605734.19,24605734.19,True,,2023-01-11 00:00:00,
PRJ-008808,2026,21431856.39,21431856.39,True,,2026-03-10 00:00:00,
PRJ-008809,2025,10352267.57,10352267.57,True,,2025-10-07 00:00:00,
PRJ-008810,2026,8029985.3,8029985.3,True,,2026-03-21 00:00:00,
PRJ-008811,2024,9823505.72,9823505.72,True,,2024-02-18 00:00:00,
PRJ-008812,2025,22984047.38,22984047.38,True,,2025-01-05 00:00:00,
PRJ-008813,2025,16187614.7,16187614.7,True,,2025-03-22 00:00:00,
PRJ-008814,2025,1953288.45,1953288.45,True,,2025-12-08 00:00:00,
PRJ-008815,2024,28082425.6,28082425.6,True,,2024-03-07 00:00:00,
PRJ-008816,2024,10148552.68,10148552.68,True,,2024-02-26 00:00:00,
PRJ-008817,2026,3986614.32,3986614.32,True,,2026-06-15 00:00:00,
PRJ-008818,2024,2742953.84,2742953.84,True,,2024-03-16 00:00:00,
PRJ-008819,2024,12129680.38,12129680.38,True,,2024-09-11 00:00:00,
PRJ-008820,2023,19993180.17,19993180.17,True,,2023-09-27 00:00:00,
PRJ-008821,2023,5044623.06,5044623.06,True,,2023-08-27 00:00:00,
PRJ-008822,2024,7484777.85,7484777.85,True,,2024-05-19 00:00:00,
PRJ-008823,2025,23931917.39,23931917.39,True,,2025-10-20 00:00:00,
PRJ-008824,2026,9981398.26,9981398.26,True,,2026-07-14 00:00:00,
PRJ-008825,2026,29784265.34,29784265.34,True,,2026-03-23 00:00:00,
PRJ-008826,2026,3946201.17,3946201.17,True,,2026-05-15 00:00:00,
PRJ-008827,2025,12842521.25,12842521.25,True,,2025-04-27 00:00:00,
PRJ-008828,2026,24065691.69,24065691.69,True,,2026-09-06 00:00:00,
PRJ-008829,2024,9273189.9,9273189.9,True,,2024-06-11 00:00:00,
PRJ-008830,2025,11533973.74,11533973.74,True,,2025-11-03 00:00:00,
PRJ-008831,2024,8031008.7,8031008.7,True,,2024-08-02 00:00:00,
PRJ-008832,2025,14284283.24,14284283.24,True,,2025-02-16 00:00:00,
PRJ-008833,2026,8640518.43,8640518.43,True,,2026-04-22 00:00:00,
PRJ-008834,2025,25068638.76,25068638.76,True,,2025-04-23 00:00:00,
PRJ-008835,2026,29649597.53,29649597.53,True,,2026-07-22 00:00:00,
PRJ-008836,2026,4020585.57,4020585.57,True,,2026-02-24 00:00:00,
PRJ-008837,2024,21121117.56,21121117.56,True,,2024-05-17 00:00:00,
PRJ-008838,2026,2286904.52,2286904.52,True,,2026-09-07 00:00:00,
PRJ-008839,2024,6994059.93,6994059.93,True,,2024-03-19 00:00:00,
PRJ-008840,2026,5627132.01,5627132.01,True,,2026-08-18 00:00:00,
PRJ-008841,2024,29128172.03,29128172.03,True,,2024-03-12 00:00:00,
PRJ-008842,2023,16542288.37,16542288.37,True,,2023-01-27 00:00:00,
PRJ-008843,2023,27805300.1,27805300.1,True,,2023-03-06 00:00:00,
PRJ-008844,2025,21846685.98,21846685.98,True,,2025-04-26 00:00:00,
PRJ-008845,2025,26080495.47,26080495.47,True,,2025-09-04 00:00:00,
PRJ-008846,2026,1466217.91,1466217.91,True,,2026-05-09 00:00:00,
PRJ-008847,2023,11134813.79,11134813.79,True,,2023-04-21 00:00:00,
PRJ-008848,2025,29169266.59,29169266.59,True,,2025-08-19 00:00:00,
PRJ-008849,2023,16614486.07,16614486.07,True,,2023-08-14 00:00:00,
PRJ-008850,2024,17421771.36,17421771.36,True,,2024-02-05 00:00:00,
PRJ-008851,2026,2564980.96,2564980.96,True,,2026-06-23 00:00:00,
PRJ-008852,2024,17918987.27,17918987.27,True,,2024-07-12 00:00:00,
PRJ-008853,2026,25080414.69,25080414.69,True,,2026-01-03 00:00:00,
PRJ-008854,2024,22926632.35,22926632.35,True,,2024-04-25 00:00:00,
PRJ-008855,2026,16441859.54,16441859.54,True,,2026-05-18 00:00:00,
PRJ-008856,2024,9132026.83,9132026.83,True,,2024-09-20 00:00:00,
PRJ-008857,2023,7888417.65,7888417.65,True,,2023-08-05 00:00:00,
PRJ-008858,2026,15610971.7,15610971.7,True,,2026-09-10 00:00:00,
PRJ-008859,2023,26779443.78,26779443.78,True,,2023-12-04 00:00:00,
PRJ-008860,2025,21251631.08,21251631.08,True,,2025-05-17 00:00:00,
PRJ-008861,2023,22735919.53,22735919.53,True,,2023-09-07 00:00:00,
PRJ-008862,2024,7381602.1,7381602.1,True,,2024-02-07 00:00:00,
PRJ-008863,2023,11531220.07,11531220.07,True,,2023-05-22 00:00:00,
PRJ-008864,2024,22701601.6,22701601.6,True,,2024-06-17 00:00:00,
PRJ-008865,2023,1332761.1,1332761.1,True,,2023-01-14 00:00:00,
PRJ-008866,2025,12355918.57,12355918.57,True,,2025-04-08 00:00:00,
PRJ-008867,2023,17377540.38,17377540.38,True,,2023-11-27 00:00:00,
PRJ-008868,2025,5818382.45,5818382.45,True,,2025-08-14 00:00:00,
PRJ-008869,2025,18696013.79,18696013.79,True,,2025-05-22 00:00:00,
PRJ-008870,2024,7799845.77,7799845.77,True,,2024-09-12 00:00:00,
PRJ-008871,2024,25640020.57,25640020.57,True,,2024-08-06 00:00:00,
PRJ-008872,2025,17828744.19,17828744.19,True,,2025-04-10 00:00:00,
PRJ-008873,2023,5801814.39,5801814.39,True,,2023-09-09 00:00:00,
PRJ-008874,2026,14361887.69,14361887.69,True,,2026-07-05 00:00:00,
PRJ-008875,2025,27779076.92,27779076.92,True,,2025-02-05 00:00:00,
PRJ-008876,2025,8196430.75,8196430.75,True,,2025-09-21 00:00:00,
PRJ-008877,2026,8584568.98,8584568.98,True,,2026-08-09 00:00:00,
PRJ-008878,2026,23412944.62,23412944.62,True,,2026-09-06 00:00:00,
PRJ-008879,2025,17015690.07,17015690.07,True,,2025-02-12 00:00:00,
PRJ-008880,2025,4893801.92,4893801.92,True,,2025-09-06 00:00:00,
PRJ-008881,2025,7351210.99,7351210.99,True,,2025-11-02 00:00:00,
PRJ-008882,2023,5258277.98,5258277.98,True,,2023-06-12 00:00:00,
PRJ-008883,2025,6681932.37,6681932.37,True,,2025-09-05 00:00:00,
PRJ-008884,2023,29380365.24,29380365.24,True,,2023-09-18 00:00:00,
PRJ-008885,2023,3771455.21,3771455.21,True,,2023-12-21 00:00:00,
PRJ-008886,2026,13045508.88,13045508.88,True,,2026-07-18 00:00:00,
PRJ-008887,2026,22543649.55,22543649.55,True,,2026-02-10 00:00:00,
PRJ-008888,2023,18294548.78,18294548.78,True,,2023-07-24 00:00:00,
PRJ-008889,2024,7571523.67,7571523.67,True,,2024-03-18 00:00:00,
PRJ-008890,2023,8981907.15,8981907.15,True,,2023-10-18 00:00:00,
PRJ-008891,2026,5443312.07,5443312.07,True,,2026-05-26 00:00:00,
PRJ-008892,2023,10679714.95,10679714.95,True,,2023-05-19 00:00:00,
PRJ-008893,2024,3048999.22,3048999.22,True,,2024-05-12 00:00:00,
PRJ-008894,2024,4722836.17,4722836.17,True,,2024-12-18 00:00:00,
PRJ-008895,2024,3698447.34,3698447.34,True,,2024-12-01 00:00:00,
PRJ-008896,2026,23325732.94,23325732.94,True,,2026-03-16 00:00:00,
PRJ-008897,2025,10186038.91,10186038.91,True,,2025-04-06 00:00:00,
PRJ-008898,2024,24685727.1,24685727.1,True,,2024-08-03 00:00:00,
PRJ-008899,2025,23934576.31,23934576.31,True,,2025-01-11 00:00:00,
PRJ-008900,2023,23043024.27,23043024.27,True,,2023-09-09 00:00:00,
PRJ-008901,2023,22838578.95,22838578.95,True,,2023-02-24 00:00:00,
PRJ-008902,2025,17003045.77,17003045.77,True,,2025-01-22 00:00:00,
PRJ-008903,2023,3168951.02,3168951.02,True,,2023-12-07 00:00:00,
PRJ-008904,2025,15866554.3,15866554.3,True,,2025-07-20 00:00:00,
PRJ-008905,2024,24253951.71,24253951.71,True,,2024-12-18 00:00:00,
PRJ-008906,2026,9502331.23,9502331.23,True,,2026-09-13 00:00:00,
PRJ-008907,2023,22982555.94,22982555.94,True,,2023-03-07 00:00:00,
PRJ-008908,2023,6598628.17,6598628.17,True,,2023-04-27 00:00:00,
PRJ-008909,2026,22510477.93,22510477.93,True,,2026-03-14 00:00:00,
PRJ-008910,2026,29832963.91,29832963.91,True,,2026-02-17 00:00:00,
PRJ-008911,2024,4153691.12,4153691.12,True,,2024-02-21 00:00:00,
PRJ-008912,2026,20917990.53,20917990.53,True,,2026-05-15 00:00:00,
PRJ-008913,2026,29025731.09,29025731.09,True,,2026-07-14 00:00:00,
PRJ-008914,2023,21248188.46,21248188.46,True,,2023-10-12 00:00:00,
PRJ-008915,2023,15083776.24,15083776.24,True,,2023-09-10 00:00:00,
PRJ-008916,2026,20172501.71,20172501.71,True,,2026-05-01 00:00:00,
PRJ-008917,2025,13476497.41,13476497.41,True,,2025-06-25 00:00:00,
PRJ-008918,2026,25432484.93,25432484.93,True,,2026-01-12 00:00:00,
PRJ-008919,2025,26698668.44,26698668.44,True,,2025-05-03 00:00:00,
PRJ-008920,2024,17900872.96,17900872.96,True,,2024-07-03 00:00:00,
PRJ-008921,2024,12707577.29,12707577.29,True,,2024-11-05 00:00:00,
PRJ-008922,2023,14519643.58,14519643.58,True,,2023-09-24 00:00:00,
PRJ-008923,2025,25997604.81,25997604.81,True,,2025-07-12 00:00:00,
PRJ-008924,2025,22320547.16,22320547.16,True,,2025-09-03 00:00:00,
PRJ-008925,2024,12033284.26,12033284.26,True,,2024-05-04 00:00:00,
PRJ-008926,2024,22388854.75,22388854.75,True,,2024-01-04 00:00:00,
PRJ-008927,2025,18525522.07,18525522.07,True,,2025-04-04 00:00:00,
PRJ-008928,2025,25416761.32,25416761.32,True,,2025-06-14 00:00:00,
PRJ-008929,2023,9551862.91,9551862.91,True,,2023-05-26 00:00:00,
PRJ-008930,2026,2194391.95,2194391.95,True,,2026-02-22 00:00:00,
PRJ-008931,2026,8680935.68,8680935.68,True,,2026-09-02 00:00:00,
PRJ-008932,2024,6067711.19,6067711.19,True,,2024-07-05 00:00:00,
PRJ-008933,2024,19230106.88,19230106.88,True,,2024-04-24 00:00:00,
PRJ-008934,2023,20606125.52,20606125.52,True,,2023-04-12 00:00:00,
PRJ-008935,2026,7618406.19,7618406.19,True,,2026-09-18 00:00:00,
PRJ-008936,2023,6013323.76,6013323.76,True,,2023-09-12 00:00:00,
PRJ-008937,2026,8858258.49,8858258.49,True,,2026-02-03 00:00:00,
PRJ-008938,2025,6904614.97,6904614.97,True,,2025-06-22 00:00:00,
PRJ-008939,2026,630951.66,630951.66,True,,2026-02-16 00:00:00,
PRJ-008940,2026,16118080.53,16118080.53,True,,2026-08-07 00:00:00,
PRJ-008941,2026,22442622.46,22442622.46,True,,2026-09-12 00:00:00,
PRJ-008942,2025,17973070.48,17973070.48,True,,2025-09-18 00:00:00,
PRJ-008943,2024,12430603.25,12430603.25,True,,2024-03-23 00:00:00,
PRJ-008944,2023,25804276.59,25804276.59,True,,2023-06-17 00:00:00,
PRJ-008945,2025,1945134.91,1945134.91,True,,2025-12-01 00:00:00,
PRJ-008946,2025,15075300.06,15075300.06,True,,2025-11-06 00:00:00,
PRJ-008947,2023,2848645.15,2848645.15,True,,2023-09-02 00:00:00,
PRJ-008948,2024,21037910.94,21037910.94,True,,2024-01-16 00:00:00,
PRJ-008949,2025,3521014.44,3521014.44,True,,2025-02-12 00:00:00,
PRJ-008950,2026,25089590.58,25089590.58,True,,2026-04-16 00:00:00,
PRJ-008951,2023,23025090.85,23025090.85,True,,2023-03-18 00:00:00,
PRJ-008952,2024,23430299.24,23430299.24,True,,2024-03-15 00:00:00,
PRJ-008953,2026,19086483.14,19086483.14,True,,2026-02-08 00:00:00,
PRJ-008954,2024,15630809.37,15630809.37,True,,2024-08-04 00:00:00,
PRJ-008955,2026,19395425.11,19395425.11,True,,2026-03-12 00:00:00,
PRJ-008956,2025,4144577.09,4144577.09,True,,2025-06-26 00:00:00,
PRJ-008957,2024,17255054.81,17255054.81,True,,2024-02-10 00:00:00,
PRJ-008958,2023,17231257.32,17231257.32,True,,2023-10-19 00:00:00,
PRJ-008959,2023,11519119.1,11519119.1,True,,2023-01-06 00:00:00,
PRJ-008960,2026,15260005.5,15260005.5,True,,2026-05-21 00:00:00,
PRJ-008961,2026,1408304.64,1408304.64,True,,2026-05-26 00:00:00,
PRJ-008962,2023,1712710.11,1712710.11,True,,2023-09-03 00:00:00,
PRJ-008963,2026,7045334.23,7045334.23,True,,2026-08-12 00:00:00,
PRJ-008964,2024,15470892.93,15470892.93,True,,2024-05-15 00:00:00,
PRJ-008965,2026,3051344.15,3051344.15,True,,2026-08-19 00:00:00,
PRJ-008966,2025,17869901.3,17869901.3,True,,2025-08-10 00:00:00,
PRJ-008967,2025,3584632.74,3584632.74,True,,2025-03-15 00:00:00,
PRJ-008968,2023,12786701.73,12786701.73,True,,2023-08-08 00:00:00,
PRJ-008969,2024,16397300.82,16397300.82,True,,2024-11-07 00:00:00,
PRJ-008970,2024,12622115.33,12622115.33,True,,2024-06-04 00:00:00,
PRJ-008971,2023,7074054.42,7074054.42,True,,2023-06-18 00:00:00,
PRJ-008972,2025,7308916.99,7308916.99,True,,2025-04-15 00:00:00,
PRJ-008973,2023,1689711.07,1689711.07,True,,2023-05-15 00:00:00,
PRJ-008974,2026,25247561.94,25247561.94,True,,2026-05-13 00:00:00,
PRJ-008975,2024,9720725.3,9720725.3,True,,2024-07-07 00:00:00,
PRJ-008976,2024,6868750.6,6868750.6,True,,2024-05-10 00:00:00,
PRJ-008977,2023,27269884.89,27269884.89,True,,2023-01-21 00:00:00,
PRJ-008978,2023,7872268.52,7872268.52,True,,2023-04-25 00:00:00,
PRJ-008979,2023,5073815.59,5073815.59,True,,2023-01-11 00:00:00,
PRJ-008980,2025,20556515.18,20556515.18,True,,2025-04-19 00:00:00,
PRJ-008981,2026,11550377.4,11550377.4,True,,2026-04-11 00:00:00,
PRJ-008982,2026,18459179.64,18459179.64,True,,2026-09-03 00:00:00,
PRJ-008983,2025,6797521.13,6797521.13,True,,2025-06-18 00:00:00,
PRJ-008984,2026,3817718.28,3817718.28,True,,2026-01-12 00:00:00,
PRJ-008985,2026,3975745.54,3975745.54,True,,2026-07-13 00:00:00,
PRJ-008986,2023,15314864.61,15314864.61,True,,2023-12-05 00:00:00,
PRJ-008987,2023,28090530.05,28090530.05,True,,2023-03-12 00:00:00,
PRJ-008988,2024,13798788.96,13798788.96,True,,2024-11-19 00:00:00,
PRJ-008989,2023,25755825.31,25755825.31,True,,2023-01-07 00:00:00,
PRJ-008990,2024,11028828.39,11028828.39,True,,2024-05-22 00:00:00,
PRJ-008991,2025,16061283.91,16061283.91,True,,2025-04-11 00:00:00,
PRJ-008992,2024,18711704.35,18711704.35,True,,2024-11-03 00:00:00,
PRJ-008993,2026,1905742.96,1905742.96,True,,2026-01-20 00:00:00,
PRJ-008994,2026,14032688.1,14032688.1,True,,2026-08-09 00:00:00,
PRJ-008995,2023,13819511.83,13819511.83,True,,2023-08-27 00:00:00,
PRJ-008996,2026,21710570.45,21710570.45,True,,2026-04-26 00:00:00,
PRJ-008997,2024,20165026.82,20165026.82,True,,2024-04-07 00:00:00,
PRJ-008998,2024,11800087.27,11800087.27,True,,2024-08-14 00:00:00,
PRJ-008999,2025,6546859.36,6546859.36,True,,2025-01-15 00:00:00,
PRJ-009000,2025,570758.71,570758.71,True,,2025-06-18 00:00:00,
PRJ-009001,2024,17433208.42,17433208.42,True,,2024-11-22 00:00:00,
PRJ-009002,2025,24044869.28,24044869.28,True,,2025-09-02 00:00:00,
PRJ-009003,2023,1437872.84,1437872.84,True,,2023-03-03 00:00:00,
PRJ-009004,2023,4251612.37,4251612.37,True,,2023-04-25 00:00:00,
PRJ-009005,2023,10634773.8,10634773.8,True,,2023-01-12 00:00:00,
PRJ-009006,2026,11560236.77,11560236.77,True,,2026-01-23 00:00:00,
PRJ-009007,2024,10434273.45,10434273.45,True,,2024-05-21 00:00:00,
PRJ-009008,2024,2681644.51,2681644.51,True,,2024-06-17 00:00:00,
PRJ-009009,2023,19886788.09,19886788.09,True,,2023-09-05 00:00:00,
PRJ-009010,2026,21574349.28,21574349.28,True,,2026-01-17 00:00:00,
PRJ-009011,2023,1332661.37,1332661.37,True,,2023-05-05 00:00:00,
PRJ-009012,2023,5541467.76,5541467.76,True,,2023-08-17 00:00:00,
PRJ-009013,2023,23628162.79,23628162.79,True,,2023-10-10 00:00:00,
PRJ-009014,2025,7165343.96,7165343.96,True,,2025-06-12 00:00:00,
PRJ-009015,2023,15137446.03,15137446.03,True,,2023-11-24 00:00:00,
PRJ-009016,2023,13107198.06,13107198.06,True,,2023-04-11 00:00:00,
PRJ-009017,2025,26940809.83,26940809.83,True,,2025-09-11 00:00:00,
PRJ-009018,2023,9600747.47,9600747.47,True,,2023-11-27 00:00:00,
PRJ-009019,2026,5345804.57,5345804.57,True,,2026-06-19 00:00:00,
PRJ-009020,2024,1200822.3,1200822.3,True,,2024-11-11 00:00:00,
PRJ-009021,2024,23170094.65,23170094.65,True,,2024-06-24 00:00:00,
PRJ-009022,2025,15712374.95,15712374.95,True,,2025-08-26 00:00:00,
PRJ-009023,2025,24890302.33,24890302.33,True,,2025-01-03 00:00:00,
PRJ-009024,2024,19677701.38,19677701.38,True,,2024-06-26 00:00:00,
PRJ-009025,2023,25857296.13,25857296.13,True,,2023-02-16 00:00:00,
PRJ-009026,2025,24550040.63,24550040.63,True,,2025-09-01 00:00:00,
PRJ-009027,2024,26596867.2,26596867.2,True,,2024-11-24 00:00:00,
PRJ-009028,2026,15618647.71,15618647.71,True,,2026-06-15 00:00:00,
PRJ-009029,2026,24460661.86,24460661.86,True,,2026-08-22 00:00:00,
PRJ-009030,2025,27493021.7,27493021.7,True,,2025-08-07 00:00:00,
PRJ-009031,2023,25079904.32,25079904.32,True,,2023-09-09 00:00:00,
PRJ-009032,2025,13294639.09,13294639.09,True,,2025-02-27 00:00:00,
PRJ-009033,2026,11047945.81,11047945.81,True,,2026-04-05 00:00:00,
PRJ-009034,2024,13924351.33,13924351.33,True,,2024-10-03 00:00:00,
PRJ-009035,2025,5773101.93,5773101.93,True,,2025-11-01 00:00:00,
PRJ-009036,2023,21143992.88,21143992.88,True,,2023-12-18 00:00:00,
PRJ-009037,2025,28719052.84,28719052.84,True,,2025-04-16 00:00:00,
PRJ-009038,2024,19896926.18,19896926.18,True,,2024-10-10 00:00:00,
PRJ-009039,2023,29096667.54,29096667.54,True,,2023-01-27 00:00:00,
PRJ-009040,2026,5033570.97,5033570.97,True,,2026-09-18 00:00:00,
PRJ-009041,2023,5234477.43,5234477.43,True,,2023-11-05 00:00:00,
PRJ-009042,2023,15144720.04,15144720.04,True,,2023-05-10 00:00:00,
PRJ-009043,2023,9079666.67,9079666.67,True,,2023-12-13 00:00:00,
PRJ-009044,2026,2261113.65,2261113.65,True,,2026-08-12 00:00:00,
PRJ-009045,2026,22732686.66,22732686.66,True,,2026-01-08 00:00:00,
PRJ-009046,2023,15023787.24,15023787.24,True,,2023-08-02 00:00:00,
PRJ-009047,2023,24975998.06,24975998.06,True,,2023-02-04 00:00:00,
PRJ-009048,2025,28871736.1,28871736.1,True,,2025-07-20 00:00:00,
PRJ-009049,2026,5032206.21,5032206.21,True,,2026-02-12 00:00:00,
PRJ-009050,2026,12014797.68,12014797.68,True,,2026-01-09 00:00:00,
PRJ-009051,2026,4746851.81,4746851.81,True,,2026-07-12 00:00:00,
PRJ-009052,2025,21638437.31,21638437.31,True,,2025-11-23 00:00:00,
PRJ-009053,2023,7609407.67,7609407.67,True,,2023-01-16 00:00:00,
PRJ-009054,2026,1200006.38,1200006.38,True,,2026-08-18 00:00:00,
PRJ-009055,2026,3929401.7,3929401.7,True,,2026-06-18 00:00:00,
PRJ-009056,2026,28234828.21,28234828.21,True,,2026-02-15 00:00:00,
PRJ-009057,2026,10432024.46,10432024.46,True,,2026-04-05 00:00:00,
PRJ-009058,2024,5682345.43,5682345.43,True,,2024-11-12 00:00:00,
PRJ-009059,2025,21583939.02,21583939.02,True,,2025-06-06 00:00:00,
PRJ-009060,2025,26706864.25,26706864.25,True,,2025-05-09 00:00:00,
PRJ-009061,2024,25789785.15,25789785.15,True,,2024-12-27 00:00:00,
PRJ-009062,2025,19439596.72,19439596.72,True,,2025-08-20 00:00:00,
PRJ-009063,2024,15489937.44,15489937.44,True,,2024-05-26 00:00:00,
PRJ-009064,2026,9391957.96,9391957.96,True,,2026-01-20 00:00:00,
PRJ-009065,2025,28085450.06,28085450.06,True,,2025-01-25 00:00:00,
PRJ-009066,2026,25084577.45,25084577.45,True,,2026-04-11 00:00:00,
PRJ-009067,2025,5451633.86,5451633.86,True,,2025-01-18 00:00:00,
PRJ-009068,2023,29499414.27,29499414.27,True,,2023-08-02 00:00:00,
PRJ-009069,2025,3797641.37,3797641.37,True,,2025-06-25 00:00:00,
PRJ-009070,2026,15593132.35,15593132.35,True,,2026-02-12 00:00:00,
PRJ-009071,2026,22417188.0,22417188.0,True,,2026-01-18 00:00:00,
PRJ-009072,2023,6651322.11,6651322.11,True,,2023-08-04 00:00:00,
PRJ-009073,2024,18770861.34,18770861.34,True,,2024-04-06 00:00:00,
PRJ-009074,2024,22400658.06,22400658.06,True,,2024-09-05 00:00:00,
PRJ-009075,2026,12517092.95,12517092.95,True,,2026-05-19 00:00:00,
PRJ-009076,2025,29857420.17,29857420.17,True,,2025-06-15 00:00:00,
PRJ-009077,2025,4947605.76,4947605.76,True,,2025-10-05 00:00:00,
PRJ-009078,2026,18946591.57,18946591.57,True,,2026-07-20 00:00:00,
PRJ-009079,2023,11744836.24,11744836.24,True,,2023-04-26 00:00:00,
PRJ-009080,2023,4460885.92,4460885.92,True,,2023-11-23 00:00:00,
PRJ-009081,2026,29924123.36,29924123.36,True,,2026-01-14 00:00:00,
PRJ-009082,2023,28739866.05,28739866.05,True,,2023-07-17 00:00:00,
PRJ-009083,2024,21465236.96,21465236.96,True,,2024-11-23 00:00:00,
PRJ-009084,2025,1911328.56,1911328.56,True,,2025-09-13 00:00:00,
PRJ-009085,2023,25365747.12,25365747.12,True,,2023-03-01 00:00:00,
PRJ-009086,2024,26182495.65,26182495.65,True,,2024-02-06 00:00:00,
PRJ-009087,2023,4352613.1,4352613.1,True,,2023-10-14 00:00:00,
PRJ-009088,2026,1985482.6,1985482.6,True,,2026-07-03 00:00:00,
PRJ-009089,2024,25168491.89,25168491.89,True,,2024-08-09 00:00:00,
PRJ-009090,2023,23957455.14,23957455.14,True,,2023-02-17 00:00:00,
PRJ-009091,2026,23732454.16,23732454.16,True,,2026-01-11 00:00:00,
PRJ-009092,2026,23187475.3,23187475.3,True,,2026-05-23 00:00:00,
PRJ-009093,2024,26670423.95,26670423.95,True,,2024-11-25 00:00:00,
PRJ-009094,2026,27304519.03,27304519.03,True,,2026-01-09 00:00:00,
PRJ-009095,2023,7356798.86,7356798.86,True,,2023-05-18 00:00:00,
PRJ-009096,2024,11105805.64,11105805.64,True,,2024-02-26 00:00:00,
PRJ-009097,2024,21625221.01,21625221.01,True,,2024-07-03 00:00:00,
PRJ-009098,2026,15312527.53,15312527.53,True,,2026-03-21 00:00:00,
PRJ-009099,2024,3197343.02,3197343.02,True,,2024-11-05 00:00:00,
PRJ-009100,2026,8983447.83,8983447.83,True,,2026-07-19 00:00:00,
PRJ-009101,2026,1147544.84,1147544.84,True,,2026-01-16 00:00:00,
PRJ-009102,2025,29048980.73,29048980.73,True,,2025-01-25 00:00:00,
PRJ-009103,2025,5147336.46,5147336.46,True,,2025-06-23 00:00:00,
PRJ-009104,2026,7521835.51,7521835.51,True,,2026-04-01 00:00:00,
PRJ-009105,2026,14601823.01,14601823.01,True,,2026-07-19 00:00:00,
PRJ-009106,2026,28535833.82,28535833.82,True,,2026-08-21 00:00:00,
PRJ-009107,2023,13306757.42,13306757.42,True,,2023-12-20 00:00:00,
PRJ-009108,2026,5774159.5,5774159.5,True,,2026-03-06 00:00:00,
PRJ-009109,2024,22235508.95,22235508.95,True,,2024-06-21 00:00:00,
PRJ-009110,2025,13453286.95,13453286.95,True,,2025-02-02 00:00:00,
PRJ-009111,2023,27094634.02,27094634.02,True,,2023-04-05 00:00:00,
PRJ-009112,2024,21252394.71,21252394.71,True,,2024-09-03 00:00:00,
PRJ-009113,2024,5973609.51,5973609.51,True,,2024-04-25 00:00:00,
PRJ-009114,2024,26893347.98,26893347.98,True,,2024-08-27 00:00:00,
PRJ-009115,2024,17256977.65,17256977.65,True,,2024-11-13 00:00:00,
PRJ-009116,2025,22402536.27,22402536.27,True,,2025-08-13 00:00:00,
PRJ-009117,2024,2614990.82,2614990.82,True,,2024-09-17 00:00:00,
PRJ-009118,2025,3110379.62,3110379.62,True,,2025-07-26 00:00:00,
PRJ-009119,2025,19644041.46,19644041.46,True,,2025-07-09 00:00:00,
PRJ-009120,2024,17206188.15,17206188.15,True,,2024-06-18 00:00:00,
PRJ-009121,2026,27715083.11,27715083.11,True,,2026-06-03 00:00:00,
PRJ-009122,2025,26424131.74,26424131.74,True,,2025-05-09 00:00:00,
PRJ-009123,2024,5986946.81,5986946.81,True,,2024-07-01 00:00:00,
PRJ-009124,2025,18607084.09,18607084.09,True,,2025-12-11 00:00:00,
PRJ-009125,2026,26256337.17,26256337.17,True,,2026-09-11 00:00:00,
PRJ-009126,2026,1797168.58,1797168.58,True,,2026-02-15 00:00:00,
PRJ-009127,2025,25644105.3,25644105.3,True,,2025-12-21 00:00:00,
PRJ-009128,2026,19389336.51,19389336.51,True,,2026-05-05 00:00:00,
PRJ-009129,2023,5516446.42,5516446.42,True,,2023-08-20 00:00:00,
PRJ-009130,2025,25205586.27,25205586.27,True,,2025-10-07 00:00:00,
PRJ-009131,2024,12129276.93,12129276.93,True,,2024-03-16 00:00:00,
PRJ-009132,2024,1007890.68,1007890.68,True,,2024-11-23 00:00:00,
PRJ-009133,2025,8402731.15,8402731.15,True,,2025-12-16 00:00:00,
PRJ-009134,2023,9810600.16,9810600.16,True,,2023-11-01 00:00:00,
PRJ-009135,2025,19033392.66,19033392.66,True,,2025-06-25 00:00:00,
PRJ-009136,2026,8840816.67,8840816.67,True,,2026-03-09 00:00:00,
PRJ-009137,2025,8173933.43,8173933.43,True,,2025-02-15 00:00:00,
PRJ-009138,2025,23587922.86,23587922.86,True,,2025-07-06 00:00:00,
PRJ-009139,2026,741735.0,741735.0,True,,2026-06-21 00:00:00,
PRJ-009140,2024,28556991.77,28556991.77,True,,2024-07-23 00:00:00,
PRJ-009141,2024,29722198.08,29722198.08,True,,2024-10-12 00:00:00,
PRJ-009142,2026,12453112.42,12453112.42,True,,2026-05-18 00:00:00,
PRJ-009143,2025,7582552.25,7582552.25,True,,2025-10-05 00:00:00,
PRJ-009144,2026,24951701.69,24951701.69,True,,2026-02-22 00:00:00,
PRJ-009145,2024,1869190.34,1869190.34,True,,2024-04-15 00:00:00,
PRJ-009146,2023,29783644.55,29783644.55,True,,2023-03-18 00:00:00,
PRJ-009147,2026,21707681.9,21707681.9,True,,2026-08-07 00:00:00,
PRJ-009148,2024,3326662.83,3326662.83,True,,2024-06-07 00:00:00,
PRJ-009149,2025,29927039.35,29927039.35,True,,2025-08-09 00:00:00,
PRJ-009150,2025,11013392.61,11013392.61,True,,2025-02-08 00:00:00,
PRJ-009151,2023,19915081.23,19915081.23,True,,2023-10-05 00:00:00,
PRJ-009152,2025,19314499.76,19314499.76,True,,2025-03-18 00:00:00,
PRJ-009153,2024,11666813.4,11666813.4,True,,2024-08-08 00:00:00,
PRJ-009154,2023,22137917.47,22137917.47,True,,2023-04-20 00:00:00,
PRJ-009155,2023,970342.99,970342.99,True,,2023-06-17 00:00:00,
PRJ-009156,2023,23172087.4,23172087.4,True,,2023-07-14 00:00:00,
PRJ-009157,2026,19684556.88,19684556.88,True,,2026-05-08 00:00:00,
PRJ-009158,2026,18410060.15,18410060.15,True,,2026-09-18 00:00:00,
PRJ-009159,2026,5785499.2,5785499.2,True,,2026-05-20 00:00:00,
PRJ-009160,2026,2354646.84,2354646.84,True,,2026-07-06 00:00:00,
PRJ-009161,2023,7909419.86,7909419.86,True,,2023-10-10 00:00:00,
PRJ-009162,2026,20475644.44,20475644.44,True,,2026-09-01 00:00:00,
PRJ-009163,2025,15640053.15,15640053.15,True,,2025-02-02 00:00:00,
PRJ-009164,2026,18216203.25,18216203.25,True,,2026-02-07 00:00:00,
PRJ-009165,2026,10457035.36,10457035.36,True,,2026-08-10 00:00:00,
PRJ-009166,2024,18184697.05,18184697.05,True,,2024-06-22 00:00:00,
PRJ-009167,2026,28761881.22,28761881.22,True,,2026-01-24 00:00:00,
PRJ-009168,2025,18041481.92,18041481.92,True,,2025-11-11 00:00:00,
PRJ-009169,2024,13880079.52,13880079.52,True,,2024-02-06 00:00:00,
PRJ-009170,2026,28884268.42,28884268.42,True,,2026-09-07 00:00:00,
PRJ-009171,2023,18650884.68,18650884.68,True,,2023-03-04 00:00:00,
PRJ-009172,2026,11288693.03,11288693.03,True,,2026-08-16 00:00:00,
PRJ-009173,2025,9449941.83,9449941.83,True,,2025-07-04 00:00:00,
PRJ-009174,2026,26243682.6,26243682.6,True,,2026-07-27 00:00:00,
PRJ-009175,2024,28546611.65,28546611.65,True,,2024-11-27 00:00:00,
PRJ-009176,2023,8922931.35,8922931.35,True,,2023-06-04 00:00:00,
PRJ-009177,2023,20204338.78,20204338.78,True,,2023-05-03 00:00:00,
PRJ-009178,2024,5259151.81,5259151.81,True,,2024-10-21 00:00:00,
PRJ-009179,2024,14817586.67,14817586.67,True,,2024-05-12 00:00:00,
PRJ-009180,2026,5918443.48,5918443.48,True,,2026-02-06 00:00:00,
PRJ-009181,2026,605318.57,605318.57,True,,2026-02-25 00:00:00,
PRJ-009182,2026,715788.05,715788.05,True,,2026-04-24 00:00:00,
PRJ-009183,2026,25284354.7,25284354.7,True,,2026-05-02 00:00:00,
PRJ-009184,2023,20358301.24,20358301.24,True,,2023-08-12 00:00:00,
PRJ-009185,2024,14837964.8,14837964.8,True,,2024-06-16 00:00:00,
PRJ-009186,2024,14594134.84,14594134.84,True,,2024-04-07 00:00:00,
PRJ-009187,2024,29886239.55,29886239.55,True,,2024-08-14 00:00:00,
PRJ-009188,2025,22933239.92,22933239.92,True,,2025-02-11 00:00:00,
PRJ-009189,2025,7295785.48,7295785.48,True,,2025-12-08 00:00:00,
PRJ-009190,2026,14434651.46,14434651.46,True,,2026-07-19 00:00:00,
PRJ-009191,2024,16447573.98,16447573.98,True,,2024-01-12 00:00:00,
PRJ-009192,2023,22764789.05,22764789.05,True,,2023-09-11 00:00:00,
PRJ-009193,2026,28380960.27,28380960.27,True,,2026-07-08 00:00:00,
PRJ-009194,2025,23029006.81,23029006.81,True,,2025-11-05 00:00:00,
PRJ-009195,2026,19636847.37,19636847.37,True,,2026-05-03 00:00:00,
PRJ-009196,2025,7828143.3,7828143.3,True,,2025-03-03 00:00:00,
PRJ-009197,2024,4840660.13,4840660.13,True,,2024-06-25 00:00:00,
PRJ-009198,2023,23522829.17,23522829.17,True,,2023-07-25 00:00:00,
PRJ-009199,2023,599773.29,599773.29,True,,2023-01-26 00:00:00,
PRJ-009200,2023,24052032.68,24052032.68,True,,2023-02-08 00:00:00,
PRJ-009201,2025,15534311.1,15534311.1,True,,2025-11-23 00:00:00,
PRJ-009202,2024,16984709.11,16984709.11,True,,2024-09-23 00:00:00,
PRJ-009203,2026,25836206.34,25836206.34,True,,2026-04-21 00:00:00,
PRJ-009204,2025,15631384.22,15631384.22,True,,2025-10-11 00:00:00,
PRJ-009205,2025,12509760.97,12509760.97,True,,2025-02-01 00:00:00,
PRJ-009206,2024,28152352.86,28152352.86,True,,2024-09-09 00:00:00,
PRJ-009207,2023,16059432.3,16059432.3,True,,2023-05-01 00:00:00,
PRJ-009208,2023,9756695.96,9756695.96,True,,2023-08-23 00:00:00,
PRJ-009209,2025,27265004.86,27265004.86,True,,2025-05-10 00:00:00,
PRJ-009210,2023,4837763.15,4837763.15,True,,2023-12-17 00:00:00,
PRJ-009211,2024,18547312.07,18547312.07,True,,2024-08-22 00:00:00,
PRJ-009212,2025,14949478.59,14949478.59,True,,2025-05-05 00:00:00,
PRJ-009213,2026,28474272.15,28474272.15,True,,2026-09-18 00:00:00,
PRJ-009214,2026,25226069.54,25226069.54,True,,2026-06-18 00:00:00,
PRJ-009215,2024,4323596.71,4323596.71,True,,2024-04-24 00:00:00,
PRJ-009216,2026,4078966.35,4078966.35,True,,2026-01-09 00:00:00,
PRJ-009217,2025,21724829.44,21724829.44,True,,2025-08-16 00:00:00,
PRJ-009218,2024,9386474.18,9386474.18,True,,2024-02-05 00:00:00,
PRJ-009219,2026,18824302.78,18824302.78,True,,2026-03-26 00:00:00,
PRJ-009220,2023,8455158.26,8455158.26,True,,2023-11-02 00:00:00,
PRJ-009221,2024,10974246.65,10974246.65,True,,2024-09-10 00:00:00,
PRJ-009222,2026,24506950.6,24506950.6,True,,2026-08-14 00:00:00,
PRJ-009223,2026,12793608.45,12793608.45,True,,2026-03-01 00:00:00,
PRJ-009224,2024,21077224.56,21077224.56,True,,2024-06-18 00:00:00,
PRJ-009225,2024,13559623.53,13559623.53,True,,2024-09-12 00:00:00,
PRJ-009226,2024,7047179.85,7047179.85,True,,2024-06-07 00:00:00,
PRJ-009227,2025,8858049.77,8858049.77,True,,2025-05-22 00:00:00,
PRJ-009228,2023,23011412.33,23011412.33,True,,2023-03-16 00:00:00,
PRJ-009229,2025,19547327.97,19547327.97,True,,2025-12-11 00:00:00,
PRJ-009230,2023,15250845.04,15250845.04,True,,2023-10-26 00:00:00,
PRJ-009231,2023,12832040.22,12832040.22,True,,2023-02-24 00:00:00,
PRJ-009232,2026,728396.45,728396.45,True,,2026-06-06 00:00:00,
PRJ-009233,2024,24412561.64,24412561.64,True,,2024-09-22 00:00:00,
PRJ-009234,2023,10302643.78,10302643.78,True,,2023-03-08 00:00:00,
PRJ-009235,2026,16794725.42,16794725.42,True,,2026-06-02 00:00:00,
PRJ-009236,2026,19154435.58,19154435.58,True,,2026-01-22 00:00:00,
PRJ-009237,2026,22178269.73,22178269.73,True,,2026-04-11 00:00:00,
PRJ-009238,2024,7878260.8,7878260.8,True,,2024-01-13 00:00:00,
PRJ-009239,2023,25837829.39,25837829.39,True,,2023-04-22 00:00:00,
PRJ-009240,2023,14181399.38,14181399.38,True,,2023-11-09 00:00:00,
PRJ-009241,2025,21434719.92,21434719.92,True,,2025-01-07 00:00:00,
PRJ-009242,2025,21954106.26,21954106.26,True,,2025-11-22 00:00:00,
PRJ-009243,2024,29546962.8,29546962.8,True,,2024-11-15 00:00:00,
PRJ-009244,2025,7480963.62,7480963.62,True,,2025-07-14 00:00:00,
PRJ-009245,2026,20621488.41,20621488.41,True,,2026-05-02 00:00:00,
PRJ-009246,2025,653898.11,653898.11,True,,2025-08-05 00:00:00,
PRJ-009247,2023,27295311.37,27295311.37,True,,2023-05-24 00:00:00,
PRJ-009248,2023,25961202.76,25961202.76,True,,2023-10-05 00:00:00,
PRJ-009249,2025,22471625.79,22471625.79,True,,2025-09-07 00:00:00,
PRJ-009250,2024,23153551.01,23153551.01,True,,2024-06-18 00:00:00,
PRJ-009251,2025,22126489.76,22126489.76,True,,2025-08-14 00:00:00,
PRJ-009252,2023,988148.7,988148.7,True,,2023-07-04 00:00:00,
PRJ-009253,2026,20095381.28,20095381.28,True,,2026-01-07 00:00:00,
PRJ-009254,2023,5395274.78,5395274.78,True,,2023-03-05 00:00:00,
PRJ-009255,2025,6875671.8,6875671.8,True,,2025-07-20 00:00:00,
PRJ-009256,2025,21937408.58,21937408.58,True,,2025-01-08 00:00:00,
PRJ-009257,2025,17348016.75,17348016.75,True,,2025-10-01 00:00:00,
PRJ-009258,2023,25133429.89,25133429.89,True,,2023-07-15 00:00:00,
PRJ-009259,2025,24078578.63,24078578.63,True,,2025-10-07 00:00:00,
PRJ-009260,2023,17902554.27,17902554.27,True,,2023-07-10 00:00:00,
PRJ-009261,2026,6652582.44,6652582.44,True,,2026-01-02 00:00:00,
PRJ-009262,2026,23795727.7,23795727.7,True,,2026-07-07 00:00:00,
PRJ-009263,2026,29675798.14,29675798.14,True,,2026-01-05 00:00:00,
PRJ-009264,2025,24417751.24,24417751.24,True,,2025-01-08 00:00:00,
PRJ-009265,2026,21219519.41,21219519.41,True,,2026-04-17 00:00:00,
PRJ-009266,2023,6131808.31,6131808.31,True,,2023-04-24 00:00:00,
PRJ-009267,2024,21585061.46,21585061.46,True,,2024-05-10 00:00:00,
PRJ-009268,2024,12237768.16,12237768.16,True,,2024-03-19 00:00:00,
PRJ-009269,2025,24326239.49,24326239.49,True,,2025-03-09 00:00:00,
PRJ-009270,2023,19801081.93,19801081.93,True,,2023-03-07 00:00:00,
PRJ-009271,2023,10726383.38,10726383.38,True,,2023-06-09 00:00:00,
PRJ-009272,2023,4095839.44,4095839.44,True,,2023-08-20 00:00:00,
PRJ-009273,2023,23173421.64,23173421.64,True,,2023-12-26 00:00:00,
PRJ-009274,2024,11719792.26,11719792.26,True,,2024-06-15 00:00:00,
PRJ-009275,2026,18220548.46,18220548.46,True,,2026-05-12 00:00:00,
PRJ-009276,2026,12919982.95,12919982.95,True,,2026-04-05 00:00:00,
PRJ-009277,2026,13343425.07,13343425.07,True,,2026-02-26 00:00:00,
PRJ-009278,2023,25463120.2,25463120.2,True,,2023-05-17 00:00:00,
PRJ-009279,2025,3474155.93,3474155.93,True,,2025-11-13 00:00:00,
PRJ-009280,2025,1963829.13,1963829.13,True,,2025-03-18 00:00:00,
PRJ-009281,2025,6781397.86,6781397.86,True,,2025-08-19 00:00:00,
PRJ-009282,2023,29982553.29,29982553.29,True,,2023-02-24 00:00:00,
PRJ-009283,2025,26100191.54,26100191.54,True,,2025-05-04 00:00:00,
PRJ-009284,2026,15048061.67,15048061.67,True,,2026-07-06 00:00:00,
PRJ-009285,2023,15114223.28,15114223.28,True,,2023-01-07 00:00:00,
PRJ-009286,2024,19027466.37,19027466.37,True,,2024-09-09 00:00:00,
PRJ-009287,2023,29379802.67,29379802.67,True,,2023-02-11 00:00:00,
PRJ-009288,2023,25935795.15,25935795.15,True,,2023-02-27 00:00:00,
PRJ-009289,2025,23180696.43,23180696.43,True,,2025-08-15 00:00:00,
PRJ-009290,2025,19487560.07,19487560.07,True,,2025-12-09 00:00:00,
PRJ-009291,2023,26513888.67,26513888.67,True,,2023-07-10 00:00:00,
PRJ-009292,2026,548876.49,548876.49,True,,2026-07-08 00:00:00,
PRJ-009293,2024,10925160.28,10925160.28,True,,2024-02-19 00:00:00,
PRJ-009294,2023,3504960.13,3504960.13,True,,2023-02-06 00:00:00,
PRJ-009295,2024,26160187.65,26160187.65,True,,2024-02-05 00:00:00,
PRJ-009296,2025,6228412.74,6228412.74,True,,2025-04-15 00:00:00,
PRJ-009297,2026,2102862.72,2102862.72,True,,2026-03-16 00:00:00,
PRJ-009298,2023,16325732.27,16325732.27,True,,2023-02-02 00:00:00,
PRJ-009299,2025,14061323.49,14061323.49,True,,2025-02-07 00:00:00,
PRJ-009300,2024,12500474.93,12500474.93,True,,2024-06-01 00:00:00,
PRJ-009301,2023,21650020.59,21650020.59,True,,2023-08-27 00:00:00,
PRJ-009302,2025,9576656.1,9576656.1,True,,2025-11-05 00:00:00,
PRJ-009303,2023,29143833.31,29143833.31,True,,2023-09-15 00:00:00,
PRJ-009304,2024,17915754.58,17915754.58,True,,2024-02-21 00:00:00,
PRJ-009305,2024,5027428.46,5027428.46,True,,2024-03-07 00:00:00,
PRJ-009306,2023,26806624.9,26806624.9,True,,2023-12-17 00:00:00,
PRJ-009307,2026,6330118.32,6330118.32,True,,2026-09-18 00:00:00,
PRJ-009308,2024,21650686.6,21650686.6,True,,2024-06-09 00:00:00,
PRJ-009309,2025,22571298.25,22571298.25,True,,2025-04-23 00:00:00,
PRJ-009310,2025,12888158.75,12888158.75,True,,2025-08-25 00:00:00,
PRJ-009311,2024,28523248.08,28523248.08,True,,2024-06-10 00:00:00,
PRJ-009312,2024,26782357.17,26782357.17,True,,2024-11-06 00:00:00,
PRJ-009313,2026,16773826.07,16773826.07,True,,2026-05-11 00:00:00,
PRJ-009314,2023,22494028.92,22494028.92,True,,2023-01-16 00:00:00,
PRJ-009315,2023,2463128.58,2463128.58,True,,2023-02-07 00:00:00,
PRJ-009316,2025,27617211.51,27617211.51,True,,2025-05-10 00:00:00,
PRJ-009317,2023,9815524.42,9815524.42,True,,2023-02-14 00:00:00,
PRJ-009318,2023,19808932.29,19808932.29,True,,2023-09-27 00:00:00,
PRJ-009319,2023,10417106.46,10417106.46,True,,2023-09-19 00:00:00,
PRJ-009320,2024,15071818.06,15071818.06,True,,2024-10-17 00:00:00,
PRJ-009321,2023,12393018.65,12393018.65,True,,2023-04-10 00:00:00,
PRJ-009322,2025,10187905.19,10187905.19,True,,2025-04-22 00:00:00,
PRJ-009323,2023,28910305.73,28910305.73,True,,2023-09-08 00:00:00,
PRJ-009324,2025,25241034.3,25241034.3,True,,2025-11-01 00:00:00,
PRJ-009325,2023,23593111.5,23593111.5,True,,2023-09-25 00:00:00,
PRJ-009326,2024,14584560.97,14584560.97,True,,2024-10-17 00:00:00,
PRJ-009327,2026,22198637.94,22198637.94,True,,2026-04-27 00:00:00,
PRJ-009328,2025,22133856.33,22133856.33,True,,2025-09-15 00:00:00,
PRJ-009329,2025,16584653.77,16584653.77,True,,2025-08-17 00:00:00,
PRJ-009330,2026,1051788.8,1051788.8,True,,2026-05-25 00:00:00,
PRJ-009331,2023,23874583.18,23874583.18,True,,2023-08-05 00:00:00,
PRJ-009332,2026,18832515.55,18832515.55,True,,2026-07-08 00:00:00,
PRJ-009333,2024,13882361.94,13882361.94,True,,2024-05-17 00:00:00,
PRJ-009334,2026,15951087.4,15951087.4,True,,2026-01-16 00:00:00,
PRJ-009335,2026,29635390.34,29635390.34,True,,2026-09-15 00:00:00,
PRJ-009336,2025,957397.78,957397.78,True,,2025-01-01 00:00:00,
PRJ-009337,2024,5065960.0,5065960.0,True,,2024-12-19 00:00:00,
PRJ-009338,2024,16428703.96,16428703.96,True,,2024-05-19 00:00:00,
PRJ-009339,2026,20130762.24,20130762.24,True,,2026-02-22 00:00:00,
PRJ-009340,2023,3218206.81,3218206.81,True,,2023-12-19 00:00:00,
PRJ-009341,2025,14623763.22,14623763.22,True,,2025-06-18 00:00:00,
PRJ-009342,2026,3891560.76,3891560.76,True,,2026-05-13 00:00:00,
PRJ-009343,2024,18554111.71,18554111.71,True,,2024-09-23 00:00:00,
PRJ-009344,2023,16281993.9,16281993.9,True,,2023-04-06 00:00:00,
PRJ-009345,2023,10543819.03,10543819.03,True,,2023-07-01 00:00:00,
PRJ-009346,2025,16544794.33,16544794.33,True,,2025-09-07 00:00:00,
PRJ-009347,2026,6062205.9,6062205.9,True,,2026-01-19 00:00:00,
PRJ-009348,2023,973434.43,973434.43,True,,2023-03-06 00:00:00,
PRJ-009349,2024,13432646.8,13432646.8,True,,2024-09-21 00:00:00,
PRJ-009350,2026,7968920.01,7968920.01,True,,2026-05-15 00:00:00,
PRJ-009351,2026,21639891.62,21639891.62,True,,2026-09-18 00:00:00,
PRJ-009352,2025,1120268.77,1120268.77,True,,2025-05-12 00:00:00,
PRJ-009353,2026,4101348.38,4101348.38,True,,2026-02-13 00:00:00,
PRJ-009354,2024,19799191.56,19799191.56,True,,2024-07-01 00:00:00,
PRJ-009355,2023,9907587.62,9907587.62,True,,2023-02-25 00:00:00,
PRJ-009356,2026,25956022.42,25956022.42,True,,2026-05-23 00:00:00,
PRJ-009357,2023,8304845.48,8304845.48,True,,2023-02-20 00:00:00,
PRJ-009358,2025,23586360.48,23586360.48,True,,2025-06-15 00:00:00,
PRJ-009359,2024,23109132.57,23109132.57,True,,2024-05-05 00:00:00,
PRJ-009360,2024,23833138.82,23833138.82,True,,2024-11-22 00:00:00,
PRJ-009361,2026,17901227.32,17901227.32,True,,2026-09-06 00:00:00,
PRJ-009362,2024,11448550.35,11448550.35,True,,2024-10-01 00:00:00,
PRJ-009363,2026,10551867.5,10551867.5,True,,2026-04-09 00:00:00,
PRJ-009364,2023,9727208.75,9727208.75,True,,2023-08-09 00:00:00,
PRJ-009365,2024,1193587.5,1193587.5,True,,2024-04-02 00:00:00,
PRJ-009366,2023,907747.02,907747.02,True,,2023-04-26 00:00:00,
PRJ-009367,2024,12710001.03,12710001.03,True,,2024-10-11 00:00:00,
PRJ-009368,2025,19377027.46,19377027.46,True,,2025-11-22 00:00:00,
PRJ-009369,2025,26724286.07,26724286.07,True,,2025-06-03 00:00:00,
PRJ-009370,2023,27111181.94,27111181.94,True,,2023-09-24 00:00:00,
PRJ-009371,2023,25895246.42,25895246.42,True,,2023-03-26 00:00:00,
PRJ-009372,2026,28854163.62,28854163.62,True,,2026-09-01 00:00:00,
PRJ-009373,2026,3603584.67,3603584.67,True,,2026-05-18 00:00:00,
PRJ-009374,2023,28300225.62,28300225.62,True,,2023-02-19 00:00:00,
PRJ-009375,2023,1942891.89,1942891.89,True,,2023-03-12 00:00:00,
PRJ-009376,2023,24134232.55,24134232.55,True,,2023-04-26 00:00:00,
PRJ-009377,2024,4505458.11,4505458.11,True,,2024-09-08 00:00:00,
PRJ-009378,2023,5661936.82,5661936.82,True,,2023-09-07 00:00:00,
PRJ-009379,2025,7248500.46,7248500.46,True,,2025-01-25 00:00:00,
PRJ-009380,2026,4527994.29,4527994.29,True,,2026-05-16 00:00:00,
PRJ-009381,2023,25486239.56,25486239.56,True,,2023-06-11 00:00:00,
PRJ-009382,2026,7152478.49,7152478.49,True,,2026-01-07 00:00:00,
PRJ-009383,2026,11402674.93,11402674.93,True,,2026-08-16 00:00:00,
PRJ-009384,2025,14369462.6,14369462.6,True,,2025-08-07 00:00:00,
PRJ-009385,2023,8527311.42,8527311.42,True,,2023-12-22 00:00:00,
PRJ-009386,2025,14935411.54,14935411.54,True,,2025-07-17 00:00:00,
PRJ-009387,2023,29430202.05,29430202.05,True,,2023-11-05 00:00:00,
PRJ-009388,2023,18764999.14,18764999.14,True,,2023-05-09 00:00:00,
PRJ-009389,2023,14802569.97,14802569.97,True,,2023-08-25 00:00:00,
PRJ-009390,2026,14084002.8,14084002.8,True,,2026-08-12 00:00:00,
PRJ-009391,2023,24885695.59,24885695.59,True,,2023-10-20 00:00:00,
PRJ-009392,2023,18643483.99,18643483.99,True,,2023-06-26 00:00:00,
PRJ-009393,2025,3801879.9,3801879.9,True,,2025-04-25 00:00:00,
PRJ-009394,2023,6963299.33,6963299.33,True,,2023-07-11 00:00:00,
PRJ-009395,2026,1039924.64,1039924.64,True,,2026-04-02 00:00:00,
PRJ-009396,2026,8335789.24,8335789.24,True,,2026-03-27 00:00:00,
PRJ-009397,2024,9655701.27,9655701.27,True,,2024-04-22 00:00:00,
PRJ-009398,2024,11632572.98,11632572.98,True,,2024-06-10 00:00:00,
PRJ-009399,2024,29728653.58,29728653.58,True,,2024-11-25 00:00:00,
PRJ-009400,2024,23483232.13,23483232.13,True,,2024-04-08 00:00:00,
PRJ-009401,2025,6571712.81,6571712.81,True,,2025-07-14 00:00:00,
PRJ-009402,2025,2509498.13,2509498.13,True,,2025-05-10 00:00:00,
PRJ-009403,2023,20986799.76,20986799.76,True,,2023-09-16 00:00:00,
PRJ-009404,2025,26580458.76,26580458.76,True,,2025-11-21 00:00:00,
PRJ-009405,2025,21821861.28,21821861.28,True,,2025-10-23 00:00:00,
PRJ-009406,2023,24376735.18,24376735.18,True,,2023-02-18 00:00:00,
PRJ-009407,2025,15549356.7,15549356.7,True,,2025-02-22 00:00:00,
PRJ-009408,2025,6458984.08,6458984.08,True,,2025-11-20 00:00:00,
PRJ-009409,2026,18601577.89,18601577.89,True,,2026-09-15 00:00:00,
PRJ-009410,2026,3213879.06,3213879.06,True,,2026-03-23 00:00:00,
PRJ-009411,2025,14106937.45,14106937.45,True,,2025-08-26 00:00:00,
PRJ-009412,2026,19065181.34,19065181.34,True,,2026-05-05 00:00:00,
PRJ-009413,2025,14141346.09,14141346.09,True,,2025-10-10 00:00:00,
PRJ-009414,2024,12977977.37,12977977.37,True,,2024-11-15 00:00:00,
PRJ-009415,2026,14547975.86,14547975.86,True,,2026-01-20 00:00:00,
PRJ-009416,2023,21516370.74,21516370.74,True,,2023-03-14 00:00:00,
PRJ-009417,2025,11980751.17,11980751.17,True,,2025-06-10 00:00:00,
PRJ-009418,2026,9002624.12,9002624.12,True,,2026-07-01 00:00:00,
PRJ-009419,2026,10579487.75,10579487.75,True,,2026-02-14 00:00:00,
PRJ-009420,2024,8373095.24,8373095.24,True,,2024-07-21 00:00:00,
PRJ-009421,2023,15507415.06,15507415.06,True,,2023-08-19 00:00:00,
PRJ-009422,2024,5711728.16,5711728.16,True,,2024-12-22 00:00:00,
PRJ-009423,2025,26327020.76,26327020.76,True,,2025-03-09 00:00:00,
PRJ-009424,2026,3206981.51,3206981.51,True,,2026-04-26 00:00:00,
PRJ-009425,2025,5008028.71,5008028.71,True,,2025-06-03 00:00:00,
PRJ-009426,2025,23443344.18,23443344.18,True,,2025-02-15 00:00:00,
PRJ-009427,2026,18817076.26,18817076.26,True,,2026-09-05 00:00:00,
PRJ-009428,2025,1249620.57,1249620.57,True,,2025-04-19 00:00:00,
PRJ-009429,2024,13188062.61,13188062.61,True,,2024-12-03 00:00:00,
PRJ-009430,2024,7312879.74,7312879.74,True,,2024-12-08 00:00:00,
PRJ-009431,2026,7114499.6,7114499.6,True,,2026-01-20 00:00:00,
PRJ-009432,2024,16579993.83,16579993.83,True,,2024-11-25 00:00:00,
PRJ-009433,2023,20528769.69,20528769.69,True,,2023-05-17 00:00:00,
PRJ-009434,2026,11319144.78,11319144.78,True,,2026-06-04 00:00:00,
PRJ-009435,2024,1386730.72,1386730.72,True,,2024-06-19 00:00:00,
PRJ-009436,2023,1924524.54,1924524.54,True,,2023-12-10 00:00:00,
PRJ-009437,2026,27447174.88,27447174.88,True,,2026-01-16 00:00:00,
PRJ-009438,2026,10309683.83,10309683.83,True,,2026-08-05 00:00:00,
PRJ-009439,2025,9485849.67,9485849.67,True,,2025-07-22 00:00:00,
PRJ-009440,2025,4399043.52,4399043.52,True,,2025-11-16 00:00:00,
PRJ-009441,2024,7643785.34,7643785.34,True,,2024-08-02 00:00:00,
PRJ-009442,2026,22078164.08,22078164.08,True,,2026-04-04 00:00:00,
PRJ-009443,2023,17692752.22,17692752.22,True,,2023-02-04 00:00:00,
PRJ-009444,2026,1609894.01,1609894.01,True,,2026-07-21 00:00:00,
PRJ-009445,2024,28324157.52,28324157.52,True,,2024-10-25 00:00:00,
PRJ-009446,2025,8631605.58,8631605.58,True,,2025-01-16 00:00:00,
PRJ-009447,2026,7840097.76,7840097.76,True,,2026-04-24 00:00:00,
PRJ-009448,2023,28128206.28,28128206.28,True,,2023-05-05 00:00:00,
PRJ-009449,2024,4951775.0,4951775.0,True,,2024-02-19 00:00:00,
PRJ-009450,2024,24340181.64,24340181.64,True,,2024-12-25 00:00:00,
PRJ-009451,2024,18412667.12,18412667.12,True,,2024-07-08 00:00:00,
PRJ-009452,2023,27612423.95,27612423.95,True,,2023-02-17 00:00:00,
PRJ-009453,2024,9628401.12,9628401.12,True,,2024-12-08 00:00:00,
PRJ-009454,2023,15244025.26,15244025.26,True,,2023-09-16 00:00:00,
PRJ-009455,2023,22228087.5,22228087.5,True,,2023-09-22 00:00:00,
PRJ-009456,2023,2512169.58,2512169.58,True,,2023-05-12 00:00:00,
PRJ-009457,2024,14703390.88,14703390.88,True,,2024-08-20 00:00:00,
PRJ-009458,2024,12005670.36,12005670.36,True,,2024-05-03 00:00:00,
PRJ-009459,2024,9060002.2,9060002.2,True,,2024-02-12 00:00:00,
PRJ-009460,2023,20321808.38,20321808.38,True,,2023-06-25 00:00:00,
PRJ-009461,2023,3216587.58,3216587.58,True,,2023-03-13 00:00:00,
PRJ-009462,2026,11319942.11,11319942.11,True,,2026-02-01 00:00:00,
PRJ-009463,2024,12960820.69,12960820.69,True,,2024-12-13 00:00:00,
PRJ-009464,2023,14248139.86,14248139.86,True,,2023-06-23 00:00:00,
PRJ-009465,2023,10876952.5,10876952.5,True,,2023-02-23 00:00:00,
PRJ-009466,2025,23250401.71,23250401.71,True,,2025-03-02 00:00:00,
PRJ-009467,2023,6831671.46,6831671.46,True,,2023-08-12 00:00:00,
PRJ-009468,2026,6244201.06,6244201.06,True,,2026-01-15 00:00:00,
PRJ-009469,2023,22659457.1,22659457.1,True,,2023-01-23 00:00:00,
PRJ-009470,2024,24292624.9,24292624.9,True,,2024-03-08 00:00:00,
PRJ-009471,2025,14257332.76,14257332.76,True,,2025-03-19 00:00:00,
PRJ-009472,2025,27841909.99,27841909.99,True,,2025-05-21 00:00:00,
PRJ-009473,2023,18987265.52,18987265.52,True,,2023-11-18 00:00:00,
PRJ-009474,2026,797881.55,797881.55,True,,2026-07-25 00:00:00,
PRJ-009475,2024,28611307.34,28611307.34,True,,2024-11-25 00:00:00,
PRJ-009476,2025,23323382.68,23323382.68,True,,2025-10-24 00:00:00,
PRJ-009477,2023,23730017.89,23730017.89,True,,2023-06-18 00:00:00,
PRJ-009478,2025,16862583.69,16862583.69,True,,2025-12-01 00:00:00,
PRJ-009479,2026,14542186.65,14542186.65,True,,2026-06-22 00:00:00,
PRJ-009480,2026,10222708.09,10222708.09,True,,2026-07-08 00:00:00,
PRJ-009481,2024,29927725.31,29927725.31,True,,2024-12-24 00:00:00,
PRJ-009482,2025,22670454.57,22670454.57,True,,2025-02-05 00:00:00,
PRJ-009483,2024,28064376.44,28064376.44,True,,2024-01-24 00:00:00,
PRJ-009484,2024,20915057.69,20915057.69,True,,2024-08-25 00:00:00,
PRJ-009485,2026,2917348.75,2917348.75,True,,2026-05-08 00:00:00,
PRJ-009486,2026,1524894.17,1524894.17,True,,2026-08-17 00:00:00,
PRJ-009487,2026,2373473.02,2373473.02,True,,2026-09-18 00:00:00,
PRJ-009488,2023,19716446.39,19716446.39,True,,2023-10-16 00:00:00,
PRJ-009489,2025,13664554.25,13664554.25,True,,2025-11-15 00:00:00,
PRJ-009490,2023,18005624.81,18005624.81,True,,2023-07-18 00:00:00,
PRJ-009491,2024,14989685.09,14989685.09,True,,2024-01-08 00:00:00,
PRJ-009492,2024,7394487.24,7394487.24,True,,2024-04-11 00:00:00,
PRJ-009493,2024,20684106.9,20684106.9,True,,2024-03-03 00:00:00,
PRJ-009494,2024,11617822.36,11617822.36,True,,2024-07-23 00:00:00,
PRJ-009495,2025,15928635.04,15928635.04,True,,2025-10-04 00:00:00,
PRJ-009496,2024,26253933.01,26253933.01,True,,2024-06-10 00:00:00,
PRJ-009497,2023,17461075.05,17461075.05,True,,2023-08-26 00:00:00,
PRJ-009498,2026,21901952.62,21901952.62,True,,2026-08-20 00:00:00,
PRJ-009499,2026,924146.1,924146.1,True,,2026-03-04 00:00:00,
PRJ-009500,2026,8658562.7,8658562.7,True,,2026-03-23 00:00:00,
PRJ-009501,2026,22546663.44,22546663.44,True,,2026-04-14 00:00:00,
PRJ-009502,2026,564286.35,564286.35,True,,2026-05-05 00:00:00,
PRJ-009503,2023,11184593.63,11184593.63,True,,2023-05-26 00:00:00,
PRJ-009504,2025,2040805.9,2040805.9,True,,2025-09-22 00:00:00,
PRJ-009505,2026,12205662.19,12205662.19,True,,2026-04-17 00:00:00,
PRJ-009506,2026,2258666.95,2258666.95,True,,2026-04-23 00:00:00,
PRJ-009507,2026,8600566.1,8600566.1,True,,2026-07-18 00:00:00,
PRJ-009508,2026,22365458.73,22365458.73,True,,2026-05-08 00:00:00,
PRJ-009509,2024,19367799.39,19367799.39,True,,2024-08-18 00:00:00,
PRJ-009510,2026,8979446.89,8979446.89,True,,2026-03-26 00:00:00,
PRJ-009511,2025,12012520.75,12012520.75,True,,2025-08-15 00:00:00,
PRJ-009512,2024,1610171.77,1610171.77,True,,2024-06-05 00:00:00,
PRJ-009513,2025,16027675.9,16027675.9,True,,2025-11-19 00:00:00,
PRJ-009514,2026,26183614.2,26183614.2,True,,2026-08-01 00:00:00,
PRJ-009515,2023,16359742.43,16359742.43,True,,2023-09-17 00:00:00,
PRJ-009516,2025,5465039.96,5465039.96,True,,2025-02-22 00:00:00,
PRJ-009517,2025,20966564.26,20966564.26,True,,2025-10-23 00:00:00,
PRJ-009518,2023,11452534.26,11452534.26,True,,2023-05-12 00:00:00,
PRJ-009519,2026,15375722.49,15375722.49,True,,2026-08-20 00:00:00,
PRJ-009520,2024,2285652.92,2285652.92,True,,2024-03-11 00:00:00,
PRJ-009521,2024,21777575.54,21777575.54,True,,2024-01-25 00:00:00,
PRJ-009522,2025,2943257.71,2943257.71,True,,2025-09-14 00:00:00,
PRJ-009523,2025,22548472.93,22548472.93,True,,2025-06-18 00:00:00,
PRJ-009524,2024,10595989.59,10595989.59,True,,2024-06-26 00:00:00,
PRJ-009525,2023,14373737.94,14373737.94,True,,2023-03-12 00:00:00,
PRJ-009526,2025,20210817.58,20210817.58,True,,2025-11-03 00:00:00,
PRJ-009527,2026,23225696.88,23225696.88,True,,2026-07-18 00:00:00,
PRJ-009528,2026,14449217.27,14449217.27,True,,2026-09-02 00:00:00,
PRJ-009529,2026,5872406.92,5872406.92,True,,2026-01-07 00:00:00,
PRJ-009530,2025,11535281.79,11535281.79,True,,2025-02-14 00:00:00,
PRJ-009531,2025,20062796.21,20062796.21,True,,2025-07-25 00:00:00,
PRJ-009532,2026,29922126.05,29922126.05,True,,2026-03-10 00:00:00,
PRJ-009533,2026,16096892.63,16096892.63,True,,2026-01-11 00:00:00,
PRJ-009534,2026,29100729.58,29100729.58,True,,2026-09-01 00:00:00,
PRJ-009535,2025,4966514.82,4966514.82,True,,2025-01-27 00:00:00,
PRJ-009536,2023,23624392.54,23624392.54,True,,2023-06-06 00:00:00,
PRJ-009537,2023,4983585.73,4983585.73,True,,2023-12-02 00:00:00,
PRJ-009538,2023,22236526.94,22236526.94,True,,2023-11-24 00:00:00,
PRJ-009539,2023,8495964.63,8495964.63,True,,2023-10-22 00:00:00,
PRJ-009540,2025,27094527.28,27094527.28,True,,2025-03-19 00:00:00,
PRJ-009541,2023,7016815.84,7016815.84,True,,2023-09-10 00:00:00,
PRJ-009542,2025,8919447.72,8919447.72,True,,2025-03-08 00:00:00,
PRJ-009543,2026,14502427.78,14502427.78,True,,2026-03-13 00:00:00,
PRJ-009544,2026,12047244.04,12047244.04,True,,2026-01-01 00:00:00,
PRJ-009545,2024,22212611.26,22212611.26,True,,2024-07-10 00:00:00,
PRJ-009546,2025,16255181.84,16255181.84,True,,2025-09-21 00:00:00,
PRJ-009547,2026,12142167.32,12142167.32,True,,2026-04-23 00:00:00,
PRJ-009548,2024,11883815.55,11883815.55,True,,2024-07-27 00:00:00,
PRJ-009549,2025,22939886.53,22939886.53,True,,2025-09-13 00:00:00,
PRJ-009550,2026,25474076.97,25474076.97,True,,2026-02-20 00:00:00,
PRJ-009551,2024,9191940.74,9191940.74,True,,2024-12-02 00:00:00,
PRJ-009552,2024,13094598.74,13094598.74,True,,2024-12-07 00:00:00,
PRJ-009553,2026,2363940.72,2363940.72,True,,2026-02-06 00:00:00,
PRJ-009554,2026,20080845.18,20080845.18,True,,2026-09-18 00:00:00,
PRJ-009555,2026,1313382.33,1313382.33,True,,2026-05-20 00:00:00,
PRJ-009556,2024,29446440.49,29446440.49,True,,2024-02-01 00:00:00,
PRJ-009557,2023,15180329.94,15180329.94,True,,2023-08-19 00:00:00,
PRJ-009558,2023,17266380.96,17266380.96,True,,2023-03-09 00:00:00,
PRJ-009559,2023,24238651.94,24238651.94,True,,2023-06-13 00:00:00,
PRJ-009560,2025,28245696.89,28245696.89,True,,2025-01-25 00:00:00,
PRJ-009561,2023,3367534.65,3367534.65,True,,2023-01-26 00:00:00,
PRJ-009562,2023,12213075.74,12213075.74,True,,2023-07-12 00:00:00,
PRJ-009563,2026,13133402.35,13133402.35,True,,2026-04-12 00:00:00,
PRJ-009564,2023,1055422.64,1055422.64,True,,2023-01-22 00:00:00,
PRJ-009565,2024,13403581.33,13403581.33,True,,2024-05-13 00:00:00,
PRJ-009566,2024,12073359.83,12073359.83,True,,2024-06-13 00:00:00,
PRJ-009567,2026,24823631.56,24823631.56,True,,2026-01-13 00:00:00,
PRJ-009568,2024,16215508.4,16215508.4,True,,2024-11-05 00:00:00,
PRJ-009569,2025,8146487.91,8146487.91,True,,2025-04-25 00:00:00,
PRJ-009570,2026,27991155.71,27991155.71,True,,2026-06-24 00:00:00,
PRJ-009571,2026,21124687.33,21124687.33,True,,2026-06-20 00:00:00,
PRJ-009572,2026,20853088.32,20853088.32,True,,2026-07-02 00:00:00,
PRJ-009573,2023,21046679.1,21046679.1,True,,2023-08-24 00:00:00,
PRJ-009574,2025,29035927.89,29035927.89,True,,2025-06-24 00:00:00,
PRJ-009575,2024,13593012.63,13593012.63,True,,2024-08-24 00:00:00,
PRJ-009576,2024,4103429.55,4103429.55,True,,2024-10-07 00:00:00,
PRJ-009577,2026,800356.59,800356.59,True,,2026-04-25 00:00:00,
PRJ-009578,2023,3531979.9,3531979.9,True,,2023-02-17 00:00:00,
PRJ-009579,2026,17103005.99,17103005.99,True,,2026-08-11 00:00:00,
PRJ-009580,2025,20988476.93,20988476.93,True,,2025-04-24 00:00:00,
PRJ-009581,2026,25773010.11,25773010.11,True,,2026-04-08 00:00:00,
PRJ-009582,2025,13827112.19,13827112.19,True,,2025-04-17 00:00:00,
PRJ-009583,2024,25551994.0,25551994.0,True,,2024-02-11 00:00:00,
PRJ-009584,2026,28088912.01,28088912.01,True,,2026-05-20 00:00:00,
PRJ-009585,2024,7996302.03,7996302.03,True,,2024-06-16 00:00:00,
PRJ-009586,2025,5573451.19,5573451.19,True,,2025-12-22 00:00:00,
PRJ-009587,2023,29761185.25,29761185.25,True,,2023-03-14 00:00:00,
PRJ-009588,2025,13866789.37,13866789.37,True,,2025-08-15 00:00:00,
PRJ-009589,2023,19308981.05,19308981.05,True,,2023-04-17 00:00:00,
PRJ-009590,2026,21400155.93,21400155.93,True,,2026-06-26 00:00:00,
PRJ-009591,2024,11500696.56,11500696.56,True,,2024-05-14 00:00:00,
PRJ-009592,2024,22691234.06,22691234.06,True,,2024-06-24 00:00:00,
PRJ-009593,2024,13760390.09,13760390.09,True,,2024-03-12 00:00:00,
PRJ-009594,2025,10067677.07,10067677.07,True,,2025-12-05 00:00:00,
PRJ-009595,2024,23729508.69,23729508.69,True,,2024-08-10 00:00:00,
PRJ-009596,2026,21677125.89,21677125.89,True,,2026-07-07 00:00:00,
PRJ-009597,2025,22277478.98,22277478.98,True,,2025-11-19 00:00:00,
PRJ-009598,2024,27570802.4,27570802.4,True,,2024-09-11 00:00:00,
PRJ-009599,2024,12157330.56,12157330.56,True,,2024-05-14 00:00:00,
PRJ-009600,2025,21988537.81,21988537.81,True,,2025-02-06 00:00:00,
PRJ-009601,2023,7133206.93,7133206.93,True,,2023-02-03 00:00:00,
PRJ-009602,2024,19516245.95,19516245.95,True,,2024-12-17 00:00:00,
PRJ-009603,2025,27010797.46,27010797.46,True,,2025-03-18 00:00:00,
PRJ-009604,2025,17527602.76,17527602.76,True,,2025-05-21 00:00:00,
PRJ-009605,2025,10345809.08,10345809.08,True,,2025-10-13 00:00:00,
PRJ-009606,2024,23838495.59,23838495.59,True,,2024-08-22 00:00:00,
PRJ-009607,2024,26255876.99,26255876.99,True,,2024-04-13 00:00:00,
PRJ-009608,2025,15098142.19,15098142.19,True,,2025-09-20 00:00:00,
PRJ-009609,2024,17872665.57,17872665.57,True,,2024-11-12 00:00:00,
PRJ-009610,2025,1974424.13,1974424.13,True,,2025-03-02 00:00:00,
PRJ-009611,2025,17091020.23,17091020.23,True,,2025-08-22 00:00:00,
PRJ-009612,2024,4866257.62,4866257.62,True,,2024-01-21 00:00:00,
PRJ-009613,2025,2975544.46,2975544.46,True,,2025-11-15 00:00:00,
PRJ-009614,2026,21910885.98,21910885.98,True,,2026-03-08 00:00:00,
PRJ-009615,2026,8194561.68,8194561.68,True,,2026-06-19 00:00:00,
PRJ-009616,2023,21852408.62,21852408.62,True,,2023-01-15 00:00:00,
PRJ-009617,2023,25474689.04,25474689.04,True,,2023-11-12 00:00:00,
PRJ-009618,2024,5848031.65,5848031.65,True,,2024-06-02 00:00:00,
PRJ-009619,2024,6940550.88,6940550.88,True,,2024-08-27 00:00:00,
PRJ-009620,2023,19452159.31,19452159.31,True,,2023-12-03 00:00:00,
PRJ-009621,2025,26962651.72,26962651.72,True,,2025-02-05 00:00:00,
PRJ-009622,2023,21320850.23,21320850.23,True,,2023-03-12 00:00:00,
PRJ-009623,2026,18407459.38,18407459.38,True,,2026-04-03 00:00:00,
PRJ-009624,2025,15465164.46,15465164.46,True,,2025-06-18 00:00:00,
PRJ-009625,2025,4872813.52,4872813.52,True,,2025-08-08 00:00:00,
PRJ-009626,2025,3108150.36,3108150.36,True,,2025-11-08 00:00:00,
PRJ-009627,2024,4194816.31,4194816.31,True,,2024-11-11 00:00:00,
PRJ-009628,2024,8820167.49,8820167.49,True,,2024-10-21 00:00:00,
PRJ-009629,2025,3854066.6,3854066.6,True,,2025-05-01 00:00:00,
PRJ-009630,2025,12780226.45,12780226.45,True,,2025-12-27 00:00:00,
PRJ-009631,2025,25460980.59,25460980.59,True,,2025-04-14 00:00:00,
PRJ-009632,2026,5671738.01,5671738.01,True,,2026-07-03 00:00:00,
PRJ-009633,2026,22213679.18,22213679.18,True,,2026-08-13 00:00:00,
PRJ-009634,2024,1594100.08,1594100.08,True,,2024-12-17 00:00:00,
PRJ-009635,2024,9878524.88,9878524.88,True,,2024-05-27 00:00:00,
PRJ-009636,2025,28472187.23,28472187.23,True,,2025-07-16 00:00:00,
PRJ-009637,2023,13348261.41,13348261.41,True,,2023-02-11 00:00:00,
PRJ-009638,2025,20689640.55,20689640.55,True,,2025-06-11 00:00:00,
PRJ-009639,2025,29605004.47,29605004.47,True,,2025-08-14 00:00:00,
PRJ-009640,2025,25860525.3,25860525.3,True,,2025-12-19 00:00:00,
PRJ-009641,2023,3363519.5,3363519.5,True,,2023-05-11 00:00:00,
PRJ-009642,2025,24612972.23,24612972.23,True,,2025-07-01 00:00:00,
PRJ-009643,2024,24226321.52,24226321.52,True,,2024-10-13 00:00:00,
PRJ-009644,2023,25394908.51,25394908.51,True,,2023-01-15 00:00:00,
PRJ-009645,2023,22263936.74,22263936.74,True,,2023-04-05 00:00:00,
PRJ-009646,2026,9048298.36,9048298.36,True,,2026-07-19 00:00:00,
PRJ-009647,2026,23488001.11,23488001.11,True,,2026-09-18 00:00:00,
PRJ-009648,2024,28243903.35,28243903.35,True,,2024-09-19 00:00:00,
PRJ-009649,2025,10235077.55,10235077.55,True,,2025-12-07 00:00:00,
PRJ-009650,2025,24027688.63,24027688.63,True,,2025-03-02 00:00:00,
PRJ-009651,2024,25181795.99,25181795.99,True,,2024-07-18 00:00:00,
PRJ-009652,2025,24341509.44,24341509.44,True,,2025-03-02 00:00:00,
PRJ-009653,2024,14641979.96,14641979.96,True,,2024-11-04 00:00:00,
PRJ-009654,2024,9090519.64,9090519.64,True,,2024-07-14 00:00:00,
PRJ-009655,2024,14249424.65,14249424.65,True,,2024-06-04 00:00:00,
PRJ-009656,2025,11333930.78,11333930.78,True,,2025-08-18 00:00:00,
PRJ-009657,2026,16942671.38,16942671.38,True,,2026-08-06 00:00:00,
PRJ-009658,2024,29105569.44,29105569.44,True,,2024-03-01 00:00:00,
PRJ-009659,2025,21519878.37,21519878.37,True,,2025-06-04 00:00:00,
PRJ-009660,2023,11007987.94,11007987.94,True,,2023-12-17 00:00:00,
PRJ-009661,2023,16964927.36,16964927.36,True,,2023-08-05 00:00:00,
PRJ-009662,2025,6331295.04,6331295.04,True,,2025-01-05 00:00:00,
PRJ-009663,2023,12591162.71,12591162.71,True,,2023-02-15 00:00:00,
PRJ-009664,2026,27381975.74,27381975.74,True,,2026-09-18 00:00:00,
PRJ-009665,2025,11023784.42,11023784.42,True,,2025-09-02 00:00:00,
PRJ-009666,2025,24984382.07,24984382.07,True,,2025-06-11 00:00:00,
PRJ-009667,2025,29317235.59,29317235.59,True,,2025-08-11 00:00:00,
PRJ-009668,2023,28729951.77,28729951.77,True,,2023-02-10 00:00:00,
PRJ-009669,2025,15262395.6,15262395.6,True,,2025-08-16 00:00:00,
PRJ-009670,2023,654544.46,654544.46,True,,2023-09-26 00:00:00,
PRJ-009671,2026,13104510.86,13104510.86,True,,2026-01-19 00:00:00,
PRJ-009672,2023,5962753.55,5962753.55,True,,2023-04-09 00:00:00,
PRJ-009673,2026,9180084.09,9180084.09,True,,2026-04-03 00:00:00,
PRJ-009674,2026,26503003.9,26503003.9,True,,2026-02-12 00:00:00,
PRJ-009675,2023,24789465.36,24789465.36,True,,2023-07-14 00:00:00,
PRJ-009676,2023,2229494.94,2229494.94,True,,2023-04-22 00:00:00,
PRJ-009677,2026,18042359.7,18042359.7,True,,2026-04-12 00:00:00,
PRJ-009678,2023,12946137.63,12946137.63,True,,2023-06-09 00:00:00,
PRJ-009679,2025,12429967.99,12429967.99,True,,2025-05-21 00:00:00,
PRJ-009680,2024,17613661.91,17613661.91,True,,2024-01-02 00:00:00,
PRJ-009681,2023,2266340.2,2266340.2,True,,2023-01-09 00:00:00,
PRJ-009682,2024,20919410.46,20919410.46,True,,2024-09-27 00:00:00,
PRJ-009683,2026,25907299.54,25907299.54,True,,2026-01-09 00:00:00,
PRJ-009684,2025,14560761.25,14560761.25,True,,2025-02-02 00:00:00,
PRJ-009685,2024,28800504.18,28800504.18,True,,2024-03-25 00:00:00,
PRJ-009686,2025,18699288.73,18699288.73,True,,2025-02-04 00:00:00,
PRJ-009687,2026,7779467.9,7779467.9,True,,2026-05-18 00:00:00,
PRJ-009688,2024,22757724.33,22757724.33,True,,2024-09-08 00:00:00,
PRJ-009689,2023,2544412.46,2544412.46,True,,2023-08-12 00:00:00,
PRJ-009690,2026,25095541.74,25095541.74,True,,2026-01-21 00:00:00,
PRJ-009691,2023,26468222.9,26468222.9,True,,2023-01-08 00:00:00,
PRJ-009692,2023,10578999.88,10578999.88,True,,2023-03-16 00:00:00,
PRJ-009693,2024,26607997.84,26607997.84,True,,2024-10-10 00:00:00,
PRJ-009694,2025,16128494.67,16128494.67,True,,2025-03-18 00:00:00,
PRJ-009695,2024,21532969.85,21532969.85,True,,2024-01-12 00:00:00,
PRJ-009696,2024,6859475.62,6859475.62,True,,2024-12-01 00:00:00,
PRJ-009697,2023,16318941.04,16318941.04,True,,2023-05-02 00:00:00,
PRJ-009698,2026,21755621.57,21755621.57,True,,2026-07-22 00:00:00,
PRJ-009699,2024,5294358.25,5294358.25,True,,2024-07-19 00:00:00,
PRJ-009700,2026,22189348.91,22189348.91,True,,2026-02-16 00:00:00,
PRJ-009701,2023,17559155.22,17559155.22,True,,2023-04-04 00:00:00,
PRJ-009702,2024,7414434.27,7414434.27,True,,2024-05-09 00:00:00,
PRJ-009703,2025,7736764.4,7736764.4,True,,2025-01-03 00:00:00,
PRJ-009704,2024,6948779.61,6948779.61,True,,2024-10-04 00:00:00,
PRJ-009705,2023,10106375.75,10106375.75,True,,2023-08-08 00:00:00,
PRJ-009706,2025,12843145.07,12843145.07,True,,2025-01-07 00:00:00,
PRJ-009707,2026,16365500.33,16365500.33,True,,2026-05-12 00:00:00,
PRJ-009708,2024,7190319.95,7190319.95,True,,2024-01-03 00:00:00,
PRJ-009709,2025,18225601.92,18225601.92,True,,2025-01-10 00:00:00,
PRJ-009710,2023,13316401.81,13316401.81,True,,2023-05-19 00:00:00,
PRJ-009711,2026,29921447.84,29921447.84,True,,2026-02-27 00:00:00,
PRJ-009712,2024,25566888.01,25566888.01,True,,2024-09-17 00:00:00,
PRJ-009713,2024,13374388.56,13374388.56,True,,2024-08-21 00:00:00,
PRJ-009714,2026,19096453.53,19096453.53,True,,2026-03-25 00:00:00,
PRJ-009715,2023,12922434.52,12922434.52,True,,2023-05-25 00:00:00,
PRJ-009716,2025,3279054.14,3279054.14,True,,2025-09-12 00:00:00,
PRJ-009717,2024,19197899.98,19197899.98,True,,2024-11-15 00:00:00,
PRJ-009718,2025,13250712.63,13250712.63,True,,2025-06-09 00:00:00,
PRJ-009719,2023,15540244.12,15540244.12,True,,2023-08-08 00:00:00,
PRJ-009720,2023,21164715.35,21164715.35,True,,2023-03-02 00:00:00,
PRJ-009721,2026,23928361.79,23928361.79,True,,2026-08-27 00:00:00,
PRJ-009722,2024,12898536.8,12898536.8,True,,2024-11-06 00:00:00,
PRJ-009723,2025,4660854.15,4660854.15,True,,2025-07-03 00:00:00,
PRJ-009724,2025,11141925.8,11141925.8,True,,2025-03-10 00:00:00,
PRJ-009725,2025,5451514.43,5451514.43,True,,2025-01-05 00:00:00,
PRJ-009726,2025,19727015.97,19727015.97,True,,2025-04-01 00:00:00,
PRJ-009727,2026,1112636.57,1112636.57,True,,2026-05-08 00:00:00,
PRJ-009728,2026,29763940.73,29763940.73,True,,2026-05-17 00:00:00,
PRJ-009729,2023,25010246.46,25010246.46,True,,2023-10-14 00:00:00,
PRJ-009730,2025,5820537.63,5820537.63,True,,2025-02-25 00:00:00,
PRJ-009731,2026,1248503.35,1248503.35,True,,2026-05-05 00:00:00,
PRJ-009732,2024,11570566.34,11570566.34,True,,2024-07-09 00:00:00,
PRJ-009733,2023,18312650.37,18312650.37,True,,2023-12-11 00:00:00,
PRJ-009734,2025,18658808.69,18658808.69,True,,2025-07-27 00:00:00,
PRJ-009735,2025,26588027.39,26588027.39,True,,2025-04-11 00:00:00,
PRJ-009736,2024,3075494.2,3075494.2,True,,2024-10-10 00:00:00,
PRJ-009737,2025,5423101.39,5423101.39,True,,2025-04-20 00:00:00,
PRJ-009738,2024,24552438.5,24552438.5,True,,2024-11-16 00:00:00,
PRJ-009739,2023,21442348.28,21442348.28,True,,2023-08-22 00:00:00,
PRJ-009740,2023,10562722.71,10562722.71,True,,2023-02-23 00:00:00,
PRJ-009741,2025,15429694.65,15429694.65,True,,2025-02-07 00:00:00,
PRJ-009742,2024,9005466.25,9005466.25,True,,2024-01-21 00:00:00,
PRJ-009743,2024,19271158.19,19271158.19,True,,2024-08-15 00:00:00,
PRJ-009744,2025,832872.07,832872.07,True,,2025-03-06 00:00:00,
PRJ-009745,2023,29128323.86,29128323.86,True,,2023-12-09 00:00:00,
PRJ-009746,2026,18216197.07,18216197.07,True,,2026-07-16 00:00:00,
PRJ-009747,2025,22820836.32,22820836.32,True,,2025-12-07 00:00:00,
PRJ-009748,2023,27379223.17,27379223.17,True,,2023-10-13 00:00:00,
PRJ-009749,2024,11609090.94,11609090.94,True,,2024-04-05 00:00:00,
PRJ-009750,2023,14382068.51,14382068.51,True,,2023-05-18 00:00:00,
PRJ-009751,2026,14165663.41,14165663.41,True,,2026-03-26 00:00:00,
PRJ-009752,2026,5603468.86,5603468.86,True,,2026-05-26 00:00:00,
PRJ-009753,2023,10753462.79,10753462.79,True,,2023-04-18 00:00:00,
PRJ-009754,2023,20738979.01,20738979.01,True,,2023-09-12 00:00:00,
PRJ-009755,2026,28984419.52,28984419.52,True,,2026-03-16 00:00:00,
PRJ-009756,2024,5835511.62,5835511.62,True,,2024-08-05 00:00:00,
PRJ-009757,2026,8008211.62,8008211.62,True,,2026-06-06 00:00:00,
PRJ-009758,2025,29668741.09,29668741.09,True,,2025-04-15 00:00:00,
PRJ-009759,2023,20640316.04,20640316.04,True,,2023-01-01 00:00:00,
PRJ-009760,2024,23038257.86,23038257.86,True,,2024-09-09 00:00:00,
PRJ-009761,2026,21954309.63,21954309.63,True,,2026-03-04 00:00:00,
PRJ-009762,2023,14058924.05,14058924.05,True,,2023-06-26 00:00:00,
PRJ-009763,2025,28653190.7,28653190.7,True,,2025-08-26 00:00:00,
PRJ-009764,2023,6399504.24,6399504.24,True,,2023-01-10 00:00:00,
PRJ-009765,2026,13081877.4,13081877.4,True,,2026-02-03 00:00:00,
PRJ-009766,2024,21266031.69,21266031.69,True,,2024-12-16 00:00:00,
PRJ-009767,2024,7255582.76,7255582.76,True,,2024-11-13 00:00:00,
PRJ-009768,2025,2982724.5,2982724.5,True,,2025-09-15 00:00:00,
PRJ-009769,2025,6318595.54,6318595.54,True,,2025-09-23 00:00:00,
PRJ-009770,2023,29517246.68,29517246.68,True,,2023-08-11 00:00:00,
PRJ-009771,2024,22581496.07,22581496.07,True,,2024-10-20 00:00:00,
PRJ-009772,2025,6863749.68,6863749.68,True,,2025-04-05 00:00:00,
PRJ-009773,2023,8123689.73,8123689.73,True,,2023-08-25 00:00:00,
PRJ-009774,2026,16063158.23,16063158.23,True,,2026-07-20 00:00:00,
PRJ-009775,2023,28353237.21,28353237.21,True,,2023-12-19 00:00:00,
PRJ-009776,2024,14336551.76,14336551.76,True,,2024-02-15 00:00:00,
PRJ-009777,2024,5955359.23,5955359.23,True,,2024-08-02 00:00:00,
PRJ-009778,2026,24086774.94,24086774.94,True,,2026-02-22 00:00:00,
PRJ-009779,2025,8698867.12,8698867.12,True,,2025-03-06 00:00:00,
PRJ-009780,2023,14363875.22,14363875.22,True,,2023-04-11 00:00:00,
PRJ-009781,2026,24067863.6,24067863.6,True,,2026-08-05 00:00:00,
PRJ-009782,2026,2279171.74,2279171.74,True,,2026-05-26 00:00:00,
PRJ-009783,2023,10210888.0,10210888.0,True,,2023-04-09 00:00:00,
PRJ-009784,2023,8135789.06,8135789.06,True,,2023-05-23 00:00:00,
PRJ-009785,2025,7768864.05,7768864.05,True,,2025-06-13 00:00:00,
PRJ-009786,2025,24685584.01,24685584.01,True,,2025-01-05 00:00:00,
PRJ-009787,2026,16795529.4,16795529.4,True,,2026-08-07 00:00:00,
PRJ-009788,2023,13689441.65,13689441.65,True,,2023-03-06 00:00:00,
PRJ-009789,2026,29943091.1,29943091.1,True,,2026-05-23 00:00:00,
PRJ-009790,2023,7141872.98,7141872.98,True,,2023-04-11 00:00:00,
PRJ-009791,2024,4838783.83,4838783.83,True,,2024-08-19 00:00:00,
PRJ-009792,2025,1483828.79,1483828.79,True,,2025-06-05 00:00:00,
PRJ-009793,2026,18251670.69,18251670.69,True,,2026-02-12 00:00:00,
PRJ-009794,2024,4173353.25,4173353.25,True,,2024-12-02 00:00:00,
PRJ-009795,2024,1516668.16,1516668.16,True,,2024-09-05 00:00:00,
PRJ-009796,2025,25217959.62,25217959.62,True,,2025-05-23 00:00:00,
PRJ-009797,2023,12037405.26,12037405.26,True,,2023-10-23 00:00:00,
PRJ-009798,2023,4303332.95,4303332.95,True,,2023-09-10 00:00:00,
PRJ-009799,2026,9327679.38,9327679.38,True,,2026-09-18 00:00:00,
PRJ-009800,2024,4785957.53,4785957.53,True,,2024-04-07 00:00:00,
PRJ-009801,2023,4436336.07,4436336.07,True,,2023-02-22 00:00:00,
PRJ-009802,2025,17617051.63,17617051.63,True,,2025-10-01 00:00:00,
PRJ-009803,2023,8113874.13,8113874.13,True,,2023-08-27 00:00:00,
PRJ-009804,2023,8676851.53,8676851.53,True,,2023-02-16 00:00:00,
PRJ-009805,2023,28719094.25,28719094.25,True,,2023-07-25 00:00:00,
PRJ-009806,2026,10658436.05,10658436.05,True,,2026-02-23 00:00:00,
PRJ-009807,2026,28478158.89,28478158.89,True,,2026-08-08 00:00:00,
PRJ-009808,2025,14025508.21,14025508.21,True,,2025-07-01 00:00:00,
PRJ-009809,2023,3112524.78,3112524.78,True,,2023-02-15 00:00:00,
PRJ-009810,2024,17004160.35,17004160.35,True,,2024-08-07 00:00:00,
PRJ-009811,2025,15781542.98,15781542.98,True,,2025-06-22 00:00:00,
PRJ-009812,2023,8277450.18,8277450.18,True,,2023-10-16 00:00:00,
PRJ-009813,2026,26296992.77,26296992.77,True,,2026-05-01 00:00:00,
PRJ-009814,2025,3712153.07,3712153.07,True,,2025-08-05 00:00:00,
PRJ-009815,2025,4167110.89,4167110.89,True,,2025-02-06 00:00:00,
PRJ-009816,2026,8637099.51,8637099.51,True,,2026-09-09 00:00:00,
PRJ-009817,2024,15184483.23,15184483.23,True,,2024-08-23 00:00:00,
PRJ-009818,2024,12196250.77,12196250.77,True,,2024-09-11 00:00:00,
PRJ-009819,2025,9315148.84,9315148.84,True,,2025-04-26 00:00:00,
PRJ-009820,2023,1355317.6,1355317.6,True,,2023-12-16 00:00:00,
PRJ-009821,2023,11974748.59,11974748.59,True,,2023-05-20 00:00:00,
PRJ-009822,2025,27071226.39,27071226.39,True,,2025-06-16 00:00:00,
PRJ-009823,2025,8212844.29,8212844.29,True,,2025-03-27 00:00:00,
PRJ-009824,2026,4100926.28,4100926.28,True,,2026-08-15 00:00:00,
PRJ-009825,2026,20420239.24,20420239.24,True,,2026-06-19 00:00:00,
PRJ-009826,2024,26898861.27,26898861.27,True,,2024-09-11 00:00:00,
PRJ-009827,2023,7307408.15,7307408.15,True,,2023-08-06 00:00:00,
PRJ-009828,2023,14574984.4,14574984.4,True,,2023-03-11 00:00:00,
PRJ-009829,2026,2894374.96,2894374.96,True,,2026-05-19 00:00:00,
PRJ-009830,2025,15071741.76,15071741.76,True,,2025-10-26 00:00:00,
PRJ-009831,2025,23493009.81,23493009.81,True,,2025-10-23 00:00:00,
PRJ-009832,2024,1090391.12,1090391.12,True,,2024-02-02 00:00:00,
PRJ-009833,2026,5205446.03,5205446.03,True,,2026-01-18 00:00:00,
PRJ-009834,2023,2003387.82,2003387.82,True,,2023-06-15 00:00:00,
PRJ-009835,2025,28407979.41,28407979.41,True,,2025-09-06 00:00:00,
PRJ-009836,2023,10450783.77,10450783.77,True,,2023-02-06 00:00:00,
PRJ-009837,2025,28728031.49,28728031.49,True,,2025-09-24 00:00:00,
PRJ-009838,2023,23216484.43,23216484.43,True,,2023-10-21 00:00:00,
PRJ-009839,2023,19169802.49,19169802.49,True,,2023-03-23 00:00:00,
PRJ-009840,2025,18541442.95,18541442.95,True,,2025-04-14 00:00:00,
PRJ-009841,2025,24093137.62,24093137.62,True,,2025-07-11 00:00:00,
PRJ-009842,2025,8652632.85,8652632.85,True,,2025-03-05 00:00:00,
PRJ-009843,2025,1969601.79,1969601.79,True,,2025-01-17 00:00:00,
PRJ-009844,2026,28920796.6,28920796.6,True,,2026-08-11 00:00:00,
PRJ-009845,2025,22507802.42,22507802.42,True,,2025-06-20 00:00:00,
PRJ-009846,2026,23318516.58,23318516.58,True,,2026-05-08 00:00:00,
PRJ-009847,2024,2109096.75,2109096.75,True,,2024-04-13 00:00:00,
PRJ-009848,2023,27084723.14,27084723.14,True,,2023-03-17 00:00:00,
PRJ-009849,2023,7068586.4,7068586.4,True,,2023-06-24 00:00:00,
PRJ-009850,2023,8154194.08,8154194.08,True,,2023-07-08 00:00:00,
PRJ-009851,2025,1304146.91,1304146.91,True,,2025-01-23 00:00:00,
PRJ-009852,2023,18903882.99,18903882.99,True,,2023-06-12 00:00:00,
PRJ-009853,2026,22496246.29,22496246.29,True,,2026-08-01 00:00:00,
PRJ-009854,2025,16444783.42,16444783.42,True,,2025-02-10 00:00:00,
PRJ-009855,2024,4256124.67,4256124.67,True,,2024-03-07 00:00:00,
PRJ-009856,2026,4295355.79,4295355.79,True,,2026-03-20 00:00:00,
PRJ-009857,2025,28588505.77,28588505.77,True,,2025-03-13 00:00:00,
PRJ-009858,2023,6898373.61,6898373.61,True,,2023-09-21 00:00:00,
PRJ-009859,2023,13203666.0,13203666.0,True,,2023-09-20 00:00:00,
PRJ-009860,2026,17545661.32,17545661.32,True,,2026-06-17 00:00:00,
PRJ-009861,2026,4297610.9,4297610.9,True,,2026-05-01 00:00:00,
PRJ-009862,2023,9556913.51,9556913.51,True,,2023-01-13 00:00:00,
PRJ-009863,2023,12031219.34,12031219.34,True,,2023-11-23 00:00:00,
PRJ-009864,2026,25484876.41,25484876.41,True,,2026-09-18 00:00:00,
PRJ-009865,2023,14966645.04,14966645.04,True,,2023-03-16 00:00:00,
PRJ-009866,2023,23071635.62,23071635.62,True,,2023-12-08 00:00:00,
PRJ-009867,2025,5609572.88,5609572.88,True,,2025-05-20 00:00:00,
PRJ-009868,2026,1144786.44,1144786.44,True,,2026-08-27 00:00:00,
PRJ-009869,2024,7681245.16,7681245.16,True,,2024-04-04 00:00:00,
PRJ-009870,2023,13979014.59,13979014.59,True,,2023-10-05 00:00:00,
PRJ-009871,2023,10954036.64,10954036.64,True,,2023-04-09 00:00:00,
PRJ-009872,2024,8428016.17,8428016.17,True,,2024-12-11 00:00:00,
PRJ-009873,2024,2933660.35,2933660.35,True,,2024-04-09 00:00:00,
PRJ-009874,2024,11353819.33,11353819.33,True,,2024-11-16 00:00:00,
PRJ-009875,2026,1389893.63,1389893.63,True,,2026-07-12 00:00:00,
PRJ-009876,2026,15947830.66,15947830.66,True,,2026-03-09 00:00:00,
PRJ-009877,2026,28841452.21,28841452.21,True,,2026-02-14 00:00:00,
PRJ-009878,2026,12903421.91,12903421.91,True,,2026-04-11 00:00:00,
PRJ-009879,2026,18233939.08,18233939.08,True,,2026-07-14 00:00:00,
PRJ-009880,2026,23507603.93,23507603.93,True,,2026-03-10 00:00:00,
PRJ-009881,2026,10717333.59,10717333.59,True,,2026-03-12 00:00:00,
PRJ-009882,2026,4684918.61,4684918.61,True,,2026-01-03 00:00:00,
PRJ-009883,2023,29032386.64,29032386.64,True,,2023-04-18 00:00:00,
PRJ-009884,2025,13381596.77,13381596.77,True,,2025-08-08 00:00:00,
PRJ-009885,2026,29408009.28,29408009.28,True,,2026-01-12 00:00:00,
PRJ-009886,2023,22675715.65,22675715.65,True,,2023-11-21 00:00:00,
PRJ-009887,2023,4366621.66,4366621.66,True,,2023-01-24 00:00:00,
PRJ-009888,2023,2762655.26,2762655.26,True,,2023-07-24 00:00:00,
PRJ-009889,2024,19346889.17,19346889.17,True,,2024-01-02 00:00:00,
PRJ-009890,2026,22059805.49,22059805.49,True,,2026-05-17 00:00:00,
PRJ-009891,2025,25207865.41,25207865.41,True,,2025-10-14 00:00:00,
PRJ-009892,2024,16573608.62,16573608.62,True,,2024-10-19 00:00:00,
PRJ-009893,2025,16188142.59,16188142.59,True,,2025-02-12 00:00:00,
PRJ-009894,2026,22929597.13,22929597.13,True,,2026-09-04 00:00:00,
PRJ-009895,2026,10244605.19,10244605.19,True,,2026-03-01 00:00:00,
PRJ-009896,2023,22668881.0,22668881.0,True,,2023-01-04 00:00:00,
PRJ-009897,2026,20323786.98,20323786.98,True,,2026-05-18 00:00:00,
PRJ-009898,2025,7778355.31,7778355.31,True,,2025-03-21 00:00:00,
PRJ-009899,2026,4433551.29,4433551.29,True,,2026-08-10 00:00:00,
PRJ-009900,2024,3878625.32,3878625.32,True,,2024-10-13 00:00:00,
PRJ-009901,2026,28150681.84,28150681.84,True,,2026-08-05 00:00:00,
PRJ-009902,2026,24354425.07,24354425.07,True,,2026-06-14 00:00:00,
PRJ-009903,2026,7811453.16,7811453.16,True,,2026-03-17 00:00:00,
PRJ-009904,2026,29117498.55,29117498.55,True,,2026-02-15 00:00:00,
PRJ-009905,2024,28873526.79,28873526.79,True,,2024-11-02 00:00:00,
PRJ-009906,2025,26058668.21,26058668.21,True,,2025-11-14 00:00:00,
PRJ-009907,2026,5357241.87,5357241.87,True,,2026-01-15 00:00:00,
PRJ-009908,2023,8669751.74,8669751.74,True,,2023-01-21 00:00:00,
PRJ-009909,2025,7112012.25,7112012.25,True,,2025-04-27 00:00:00,
PRJ-009910,2023,21621791.43,21621791.43,True,,2023-11-15 00:00:00,
PRJ-009911,2025,1889527.06,1889527.06,True,,2025-09-19 00:00:00,
PRJ-009912,2023,25061653.31,25061653.31,True,,2023-08-01 00:00:00,
PRJ-009913,2023,27652167.2,27652167.2,True,,2023-07-03 00:00:00,
PRJ-009914,2025,7024406.43,7024406.43,True,,2025-05-18 00:00:00,
PRJ-009915,2024,5888793.17,5888793.17,True,,2024-05-18 00:00:00,
PRJ-009916,2024,2003940.99,2003940.99,True,,2024-03-12 00:00:00,
PRJ-009917,2026,1890749.38,1890749.38,True,,2026-09-18 00:00:00,
PRJ-009918,2025,20124345.53,20124345.53,True,,2025-02-21 00:00:00,
PRJ-009919,2024,28596229.4,28596229.4,True,,2024-11-14 00:00:00,
PRJ-009920,2023,1532515.07,1532515.07,True,,2023-02-17 00:00:00,
PRJ-009921,2023,15457581.58,15457581.58,True,,2023-09-05 00:00:00,
PRJ-009922,2026,6634159.41,6634159.41,True,,2026-02-15 00:00:00,
PRJ-009923,2025,1216681.66,1216681.66,True,,2025-01-23 00:00:00,
PRJ-009924,2024,23012624.7,23012624.7,True,,2024-08-21 00:00:00,
PRJ-009925,2026,16273468.2,16273468.2,True,,2026-04-07 00:00:00,
PRJ-009926,2023,7865272.41,7865272.41,True,,2023-07-22 00:00:00,
PRJ-009927,2025,2703962.31,2703962.31,True,,2025-12-23 00:00:00,
PRJ-009928,2024,9697938.35,9697938.35,True,,2024-06-08 00:00:00,
PRJ-009929,2025,8151927.05,8151927.05,True,,2025-02-03 00:00:00,
PRJ-009930,2024,10373900.74,10373900.74,True,,2024-05-01 00:00:00,
PRJ-009931,2025,6400118.66,6400118.66,True,,2025-06-27 00:00:00,
PRJ-009932,2024,5626322.1,5626322.1,True,,2024-12-11 00:00:00,
PRJ-009933,2026,26712560.36,26712560.36,True,,2026-08-03 00:00:00,
PRJ-009934,2026,19970172.98,19970172.98,True,,2026-03-21 00:00:00,
PRJ-009935,2023,17625817.66,17625817.66,True,,2023-11-20 00:00:00,
PRJ-009936,2024,26546289.8,26546289.8,True,,2024-01-19 00:00:00,
PRJ-009937,2026,28561443.77,28561443.77,True,,2026-01-23 00:00:00,
PRJ-009938,2023,10928377.54,10928377.54,True,,2023-06-06 00:00:00,
PRJ-009939,2025,19384771.26,19384771.26,True,,2025-05-02 00:00:00,
PRJ-009940,2024,15681860.83,15681860.83,True,,2024-10-18 00:00:00,
PRJ-009941,2025,6958722.12,6958722.12,True,,2025-08-03 00:00:00,
PRJ-009942,2026,24304081.65,24304081.65,True,,2026-09-16 00:00:00,
PRJ-009943,2025,9798758.41,9798758.41,True,,2025-01-15 00:00:00,
PRJ-009944,2025,15773884.75,15773884.75,True,,2025-02-19 00:00:00,
PRJ-009945,2023,3930254.96,3930254.96,True,,2023-07-25 00:00:00,
PRJ-009946,2023,28029337.69,28029337.69,True,,2023-08-08 00:00:00,
PRJ-009947,2023,19247692.02,19247692.02,True,,2023-03-13 00:00:00,
PRJ-009948,2023,20581430.12,20581430.12,True,,2023-09-08 00:00:00,
PRJ-009949,2023,16237925.95,16237925.95,True,,2023-02-22 00:00:00,
PRJ-009950,2026,21411138.02,21411138.02,True,,2026-08-03 00:00:00,
PRJ-009951,2026,15292861.45,15292861.45,True,,2026-04-18 00:00:00,
PRJ-009952,2025,21458488.39,21458488.39,True,,2025-07-03 00:00:00,
PRJ-009953,2023,6900234.04,6900234.04,True,,2023-11-09 00:00:00,
PRJ-009954,2023,13999480.96,13999480.96,True,,2023-03-24 00:00:00,
PRJ-009955,2025,26405379.33,26405379.33,True,,2025-11-14 00:00:00,
PRJ-009956,2025,7399812.26,7399812.26,True,,2025-04-03 00:00:00,
PRJ-009957,2025,11448378.04,11448378.04,True,,2025-04-06 00:00:00,
PRJ-009958,2023,27764480.71,27764480.71,True,,2023-05-01 00:00:00,
PRJ-009959,2026,1428616.39,1428616.39,True,,2026-05-14 00:00:00,
PRJ-009960,2024,11001400.91,11001400.91,True,,2024-10-13 00:00:00,
PRJ-009961,2026,27136967.61,27136967.61,True,,2026-01-07 00:00:00,
PRJ-009962,2023,12651647.24,12651647.24,True,,2023-08-20 00:00:00,
PRJ-009963,2024,25189214.25,25189214.25,True,,2024-11-12 00:00:00,
PRJ-009964,2024,12817752.37,12817752.37,True,,2024-06-21 00:00:00,
PRJ-009965,2023,13217975.3,13217975.3,True,,2023-08-09 00:00:00,
PRJ-009966,2025,12077041.04,12077041.04,True,,2025-03-18 00:00:00,
PRJ-009967,2024,22972893.62,22972893.62,True,,2024-05-13 00:00:00,
PRJ-009968,2024,7107128.51,7107128.51,True,,2024-12-08 00:00:00,
PRJ-009969,2024,14724899.42,14724899.42,True,,2024-09-14 00:00:00,
PRJ-009970,2025,15721281.32,15721281.32,True,,2025-10-08 00:00:00,
PRJ-009971,2026,1632988.86,1632988.86,True,,2026-06-02 00:00:00,
PRJ-009972,2026,21160557.01,21160557.01,True,,2026-06-25 00:00:00,
PRJ-009973,2024,26340854.31,26340854.31,True,,2024-10-27 00:00:00,
PRJ-009974,2023,12032069.68,12032069.68,True,,2023-05-10 00:00:00,
PRJ-009975,2026,16321630.09,16321630.09,True,,2026-07-14 00:00:00,
PRJ-009976,2025,13393546.97,13393546.97,True,,2025-10-12 00:00:00,
PRJ-009977,2024,9451079.89,9451079.89,True,,2024-06-26 00:00:00,
PRJ-009978,2026,22333126.12,22333126.12,True,,2026-02-12 00:00:00,
PRJ-009979,2024,3842286.44,3842286.44,True,,2024-03-20 00:00:00,
PRJ-009980,2024,2712588.47,2712588.47,True,,2024-04-09 00:00:00,
PRJ-009981,2023,8823386.03,8823386.03,True,,2023-08-07 00:00:00,
PRJ-009982,2025,22365906.68,22365906.68,True,,2025-04-02 00:00:00,
PRJ-009983,2025,9839592.2,9839592.2,True,,2025-06-13 00:00:00,
PRJ-009984,2025,20125859.44,20125859.44,True,,2025-06-02 00:00:00,
PRJ-009985,2024,14022798.38,14022798.38,True,,2024-04-23 00:00:00,
PRJ-009986,2024,22313536.05,22313536.05,True,,2024-09-09 00:00:00,
PRJ-009987,2025,26177924.27,26177924.27,True,,2025-02-20 00:00:00,
PRJ-009988,2024,15095383.89,15095383.89,True,,2024-02-17 00:00:00,
PRJ-009989,2024,3668652.84,3668652.84,True,,2024-08-08 00:00:00,
PRJ-009990,2024,26180965.48,26180965.48,True,,2024-10-05 00:00:00,
PRJ-009991,2023,13842175.15,13842175.15,True,,2023-11-04 00:00:00,
PRJ-009992,2025,24063752.15,24063752.15,True,,2025-08-20 00:00:00,
PRJ-009993,2024,21886917.31,21886917.31,True,,2024-05-03 00:00:00,
PRJ-009994,2025,3952853.15,3952853.15,True,,2025-12-20 00:00:00,
PRJ-009995,2023,23003139.64,23003139.64,True,,2023-10-20 00:00:00,
PRJ-009996,2026,9897902.61,9897902.61,True,,2026-04-17 00:00:00,
PRJ-009997,2025,4636410.98,4636410.98,True,,2025-07-09 00:00:00,
PRJ-009998,2024,29837610.07,29837610.07,True,,2024-02-24 00:00:00,
PRJ-009999,2023,25849280.5,25849280.5,True,,2023-01-09 00:00:00,
PRJ-010000,2025,10872446.69,10872446.69,True,,2025-03-17 00:00:00,
PRJ-010001,2026,20933998.95,20933998.95,True,,2026-03-04 00:00:00,
PRJ-010002,2025,16975714.28,16975714.28,True,,2025-01-07 00:00:00,
PRJ-010003,2023,29419763.38,29419763.38,True,,2023-04-20 00:00:00,
PRJ-010004,2025,29798361.12,29798361.12,True,,2025-11-26 00:00:00,
PRJ-010005,2026,5845667.39,5845667.39,True,,2026-08-12 00:00:00,
PRJ-010006,2026,26069306.74,26069306.74,True,,2026-06-10 00:00:00,
PRJ-010007,2025,21132655.83,21132655.83,True,,2025-11-18 00:00:00,
PRJ-010008,2024,7429908.63,7429908.63,True,,2024-07-01 00:00:00,
PRJ-010009,2025,27447495.12,27447495.12,True,,2025-04-16 00:00:00,
PRJ-010010,2025,14115638.47,14115638.47,True,,2025-03-06 00:00:00,
PRJ-010011,2025,26792465.94,26792465.94,True,,2025-11-05 00:00:00,
PRJ-010012,2023,4403270.17,4403270.17,True,,2023-09-01 00:00:00,
PRJ-010013,2026,27269609.37,27269609.37,True,,2026-08-13 00:00:00,
PRJ-010014,2023,24762603.15,24762603.15,True,,2023-08-05 00:00:00,
PRJ-010015,2025,9174583.84,9174583.84,True,,2025-08-14 00:00:00,
PRJ-010016,2024,3579225.76,3579225.76,True,,2024-02-24 00:00:00,
PRJ-010017,2024,2858608.34,2858608.34,True,,2024-02-18 00:00:00,
PRJ-010018,2024,24235371.05,24235371.05,True,,2024-02-04 00:00:00,
PRJ-010019,2026,15725017.28,15725017.28,True,,2026-01-14 00:00:00,
PRJ-010020,2023,2105356.38,2105356.38,True,,2023-10-09 00:00:00,
PRJ-010021,2023,8182392.29,8182392.29,True,,2023-01-17 00:00:00,
PRJ-010022,2024,10854209.55,10854209.55,True,,2024-01-15 00:00:00,
PRJ-010023,2026,14763665.84,14763665.84,True,,2026-08-10 00:00:00,
PRJ-010024,2023,25991171.99,25991171.99,True,,2023-10-01 00:00:00,
PRJ-010025,2024,1041711.82,1041711.82,True,,2024-06-20 00:00:00,
PRJ-010026,2023,10794587.19,10794587.19,True,,2023-01-17 00:00:00,
PRJ-010027,2025,1465791.34,1465791.34,True,,2025-12-17 00:00:00,
PRJ-010028,2026,16084961.56,16084961.56,True,,2026-02-22 00:00:00,
PRJ-010029,2026,12349324.17,12349324.17,True,,2026-03-05 00:00:00,
PRJ-010030,2023,20435352.82,20435352.82,True,,2023-11-06 00:00:00,
PRJ-010031,2024,2020877.0,2020877.0,True,,2024-07-13 00:00:00,
PRJ-010032,2024,11089703.37,11089703.37,True,,2024-11-10 00:00:00,
PRJ-010033,2026,29688210.8,29688210.8,True,,2026-09-13 00:00:00,
PRJ-010034,2023,24783413.63,24783413.63,True,,2023-10-27 00:00:00,
PRJ-010035,2023,7198242.6,7198242.6,True,,2023-11-06 00:00:00,
PRJ-010036,2024,17070334.94,17070334.94,True,,2024-05-07 00:00:00,
PRJ-010037,2023,24492821.0,24492821.0,True,,2023-02-22 00:00:00,
PRJ-010038,2023,19847819.5,19847819.5,True,,2023-05-24 00:00:00,
PRJ-010039,2023,615777.7,615777.7,True,,2023-04-19 00:00:00,
PRJ-010040,2025,16539872.87,16539872.87,True,,2025-12-03 00:00:00,
PRJ-010041,2023,25101264.82,25101264.82,True,,2023-02-15 00:00:00,
PRJ-010042,2024,1979665.72,1979665.72,True,,2024-11-21 00:00:00,
PRJ-010043,2025,5240768.24,5240768.24,True,,2025-09-24 00:00:00,
PRJ-010044,2023,29578940.37,29578940.37,True,,2023-08-03 00:00:00,
PRJ-010045,2026,26281953.62,26281953.62,True,,2026-08-15 00:00:00,
PRJ-010046,2025,4676989.06,4676989.06,True,,2025-08-12 00:00:00,
PRJ-010047,2026,25382011.14,25382011.14,True,,2026-03-14 00:00:00,
PRJ-010048,2023,18459248.25,18459248.25,True,,2023-12-04 00:00:00,
PRJ-010049,2025,26596190.31,26596190.31,True,,2025-06-12 00:00:00,
PRJ-010050,2023,20414849.31,20414849.31,True,,2023-05-06 00:00:00,
PRJ-010051,2025,24852170.34,24852170.34,True,,2025-03-11 00:00:00,
PRJ-010052,2023,22752333.36,22752333.36,True,,2023-02-25 00:00:00,
PRJ-010053,2023,677602.55,677602.55,True,,2023-07-05 00:00:00,
PRJ-010054,2026,13454359.69,13454359.69,True,,2026-06-20 00:00:00,
PRJ-010055,2023,19321512.19,19321512.19,True,,2023-03-02 00:00:00,
PRJ-010056,2023,15308460.83,15308460.83,True,,2023-04-05 00:00:00,
PRJ-010057,2023,14016348.03,14016348.03,True,,2023-06-12 00:00:00,
PRJ-010058,2026,15964449.23,15964449.23,True,,2026-01-19 00:00:00,
PRJ-010059,2024,25742060.9,25742060.9,True,,2024-03-19 00:00:00,
PRJ-010060,2025,15026759.34,15026759.34,True,,2025-05-01 00:00:00,
PRJ-010061,2025,21643868.82,21643868.82,True,,2025-08-04 00:00:00,
PRJ-010062,2025,15183678.37,15183678.37,True,,2025-11-18 00:00:00,
PRJ-010063,2024,9121583.65,9121583.65,True,,2024-02-01 00:00:00,
PRJ-010064,2024,21213309.09,21213309.09,True,,2024-03-19 00:00:00,
PRJ-010065,2023,14359747.93,14359747.93,True,,2023-04-27 00:00:00,
PRJ-010066,2023,12653644.0,12653644.0,True,,2023-07-20 00:00:00,
PRJ-010067,2024,5930200.59,5930200.59,True,,2024-05-01 00:00:00,
PRJ-010068,2024,27224858.73,27224858.73,True,,2024-07-09 00:00:00,
PRJ-010069,2026,26687008.16,26687008.16,True,,2026-03-16 00:00:00,
PRJ-010070,2024,16529035.81,16529035.81,True,,2024-09-06 00:00:00,
PRJ-010071,2023,5445535.09,5445535.09,True,,2023-02-07 00:00:00,
PRJ-010072,2023,2463262.83,2463262.83,True,,2023-05-12 00:00:00,
PRJ-010073,2023,7988283.1,7988283.1,True,,2023-02-10 00:00:00,
PRJ-010074,2025,2641335.93,2641335.93,True,,2025-03-22 00:00:00,
PRJ-010075,2026,26715782.04,26715782.04,True,,2026-05-04 00:00:00,
PRJ-010076,2025,14588571.0,14588571.0,True,,2025-06-05 00:00:00,
PRJ-010077,2024,5196835.83,5196835.83,True,,2024-02-14 00:00:00,
PRJ-010078,2024,15125934.87,15125934.87,True,,2024-12-19 00:00:00,
PRJ-010079,2023,12527629.38,12527629.38,True,,2023-10-14 00:00:00,
PRJ-010080,2024,18131084.67,18131084.67,True,,2024-03-06 00:00:00,
PRJ-010081,2025,28256200.2,28256200.2,True,,2025-11-03 00:00:00,
PRJ-010082,2023,11436479.83,11436479.83,True,,2023-09-10 00:00:00,
PRJ-010083,2026,2195787.56,2195787.56,True,,2026-07-19 00:00:00,
PRJ-010084,2023,8680467.82,8680467.82,True,,2023-12-13 00:00:00,
PRJ-010085,2024,18061806.36,18061806.36,True,,2024-01-14 00:00:00,
PRJ-010086,2026,15984571.91,15984571.91,True,,2026-07-22 00:00:00,
PRJ-010087,2024,22966929.87,22966929.87,True,,2024-07-20 00:00:00,
PRJ-010088,2025,28752081.45,28752081.45,True,,2025-02-02 00:00:00,
PRJ-010089,2025,9239322.43,9239322.43,True,,2025-01-05 00:00:00,
PRJ-010090,2024,2241825.81,2241825.81,True,,2024-10-11 00:00:00,
PRJ-010091,2024,23404610.9,23404610.9,True,,2024-11-12 00:00:00,
PRJ-010092,2023,15347045.56,15347045.56,True,,2023-02-16 00:00:00,
PRJ-010093,2023,12357616.47,12357616.47,True,,2023-10-01 00:00:00,
PRJ-010094,2026,723325.11,723325.11,True,,2026-03-24 00:00:00,
PRJ-010095,2025,27241887.48,27241887.48,True,,2025-06-22 00:00:00,
PRJ-010096,2026,10478283.82,10478283.82,True,,2026-01-21 00:00:00,
PRJ-010097,2024,13021899.15,13021899.15,True,,2024-11-05 00:00:00,
PRJ-010098,2023,6313814.18,6313814.18,True,,2023-08-21 00:00:00,
PRJ-010099,2025,9420270.33,9420270.33,True,,2025-06-17 00:00:00,
PRJ-010100,2025,7406696.62,7406696.62,True,,2025-01-22 00:00:00,
PRJ-010101,2025,5302332.63,5302332.63,True,,2025-12-14 00:00:00,
PRJ-010102,2025,18292257.68,18292257.68,True,,2025-05-02 00:00:00,
PRJ-010103,2023,29199345.49,29199345.49,True,,2023-12-26 00:00:00,
PRJ-010104,2024,10154365.36,10154365.36,True,,2024-10-12 00:00:00,
PRJ-010105,2026,25993017.08,25993017.08,True,,2026-09-10 00:00:00,
PRJ-010106,2025,2598220.7,2598220.7,True,,2025-12-26 00:00:00,
PRJ-010107,2024,3822513.59,3822513.59,True,,2024-05-18 00:00:00,
PRJ-010108,2024,25229353.13,25229353.13,True,,2024-10-15 00:00:00,
PRJ-010109,2025,20482102.44,20482102.44,True,,2025-07-17 00:00:00,
PRJ-010110,2026,27451548.59,27451548.59,True,,2026-09-05 00:00:00,
PRJ-010111,2024,1682283.14,1682283.14,True,,2024-11-15 00:00:00,
PRJ-010112,2023,7836264.13,7836264.13,True,,2023-10-05 00:00:00,
PRJ-010113,2024,2539111.66,2539111.66,True,,2024-06-22 00:00:00,
PRJ-010114,2023,18853149.24,18853149.24,True,,2023-01-10 00:00:00,
PRJ-010115,2025,28378754.52,28378754.52,True,,2025-12-04 00:00:00,
PRJ-010116,2025,14527118.53,14527118.53,True,,2025-04-03 00:00:00,
PRJ-010117,2023,11926669.36,11926669.36,True,,2023-04-12 00:00:00,
PRJ-010118,2025,1918672.06,1918672.06,True,,2025-05-21 00:00:00,
PRJ-010119,2025,13229193.03,13229193.03,True,,2025-11-04 00:00:00,
PRJ-010120,2024,16875422.85,16875422.85,True,,2024-06-04 00:00:00,
PRJ-010121,2023,22768924.59,22768924.59,True,,2023-01-06 00:00:00,
PRJ-010122,2023,17593174.81,17593174.81,True,,2023-08-05 00:00:00,
PRJ-010123,2024,27828619.66,27828619.66,True,,2024-08-04 00:00:00,
PRJ-010124,2024,12691858.88,12691858.88,True,,2024-05-17 00:00:00,
PRJ-010125,2023,25570731.39,25570731.39,True,,2023-11-09 00:00:00,
PRJ-010126,2023,19344641.32,19344641.32,True,,2023-02-26 00:00:00,
PRJ-010127,2023,21615291.27,21615291.27,True,,2023-01-19 00:00:00,
PRJ-010128,2026,27577129.93,27577129.93,True,,2026-08-08 00:00:00,
PRJ-010129,2025,9662306.99,9662306.99,True,,2025-07-14 00:00:00,
PRJ-010130,2026,18494121.06,18494121.06,True,,2026-08-01 00:00:00,
PRJ-010131,2024,11794752.04,11794752.04,True,,2024-11-11 00:00:00,
PRJ-010132,2024,25855281.76,25855281.76,True,,2024-05-16 00:00:00,
PRJ-010133,2023,4045799.07,4045799.07,True,,2023-08-27 00:00:00,
PRJ-010134,2023,11123354.95,11123354.95,True,,2023-08-27 00:00:00,
PRJ-010135,2024,4094655.6,4094655.6,True,,2024-12-22 00:00:00,
PRJ-010136,2025,28943495.26,28943495.26,True,,2025-07-15 00:00:00,
PRJ-010137,2025,6391845.67,6391845.67,True,,2025-10-12 00:00:00,
PRJ-010138,2025,13937598.05,13937598.05,True,,2025-02-05 00:00:00,
PRJ-010139,2026,4798670.49,4798670.49,True,,2026-04-22 00:00:00,
PRJ-010140,2023,13036223.28,13036223.28,True,,2023-01-14 00:00:00,
PRJ-010141,2023,6743327.68,6743327.68,True,,2023-11-10 00:00:00,
PRJ-010142,2023,22176269.49,22176269.49,True,,2023-01-19 00:00:00,
PRJ-010143,2025,24374717.53,24374717.53,True,,2025-11-13 00:00:00,
PRJ-010144,2024,18908286.14,18908286.14,True,,2024-06-10 00:00:00,
PRJ-010145,2023,5440276.91,5440276.91,True,,2023-04-19 00:00:00,
PRJ-010146,2024,29487751.36,29487751.36,True,,2024-05-24 00:00:00,
PRJ-010147,2024,9962850.29,9962850.29,True,,2024-03-05 00:00:00,
PRJ-010148,2023,18932405.68,18932405.68,True,,2023-02-12 00:00:00,
PRJ-010149,2023,20512802.01,20512802.01,True,,2023-04-05 00:00:00,
PRJ-010150,2024,22015963.84,22015963.84,True,,2024-01-07 00:00:00,
PRJ-010151,2025,7594539.39,7594539.39,True,,2025-07-06 00:00:00,
PRJ-010152,2024,10544598.71,10544598.71,True,,2024-10-07 00:00:00,
PRJ-010153,2025,20878029.24,20878029.24,True,,2025-09-03 00:00:00,
PRJ-010154,2026,8317020.45,8317020.45,True,,2026-03-13 00:00:00,
PRJ-010155,2024,17303410.45,17303410.45,True,,2024-09-09 00:00:00,
PRJ-010156,2025,7170882.78,7170882.78,True,,2025-04-11 00:00:00,
PRJ-010157,2023,9824734.82,9824734.82,True,,2023-02-16 00:00:00,
PRJ-010158,2024,26418542.19,26418542.19,True,,2024-12-02 00:00:00,
PRJ-010159,2023,23875982.12,23875982.12,True,,2023-01-16 00:00:00,
PRJ-010160,2024,13335548.02,13335548.02,True,,2024-06-12 00:00:00,
PRJ-010161,2026,7413951.69,7413951.69,True,,2026-09-04 00:00:00,
PRJ-010162,2023,26921598.53,26921598.53,True,,2023-07-10 00:00:00,
PRJ-010163,2025,28518326.73,28518326.73,True,,2025-03-08 00:00:00,
PRJ-010164,2025,3487494.11,3487494.11,True,,2025-10-11 00:00:00,
PRJ-010165,2026,21522609.2,21522609.2,True,,2026-08-26 00:00:00,
PRJ-010166,2024,609795.54,609795.54,True,,2024-09-23 00:00:00,
PRJ-010167,2025,24384511.6,24384511.6,True,,2025-11-23 00:00:00,
PRJ-010168,2023,22363195.5,22363195.5,True,,2023-03-10 00:00:00,
PRJ-010169,2026,17823605.85,17823605.85,True,,2026-08-10 00:00:00,
PRJ-010170,2025,12929950.92,12929950.92,True,,2025-01-25 00:00:00,
PRJ-010171,2024,8265886.12,8265886.12,True,,2024-08-03 00:00:00,
PRJ-010172,2024,6407517.91,6407517.91,True,,2024-05-10 00:00:00,
PRJ-010173,2026,14828926.8,14828926.8,True,,2026-08-11 00:00:00,
PRJ-010174,2023,12153692.64,12153692.64,True,,2023-01-05 00:00:00,
PRJ-010175,2025,6542006.54,6542006.54,True,,2025-11-15 00:00:00,
PRJ-010176,2025,28225390.69,28225390.69,True,,2025-10-01 00:00:00,
PRJ-010177,2025,16038708.48,16038708.48,True,,2025-10-17 00:00:00,
PRJ-010178,2026,1017330.25,1017330.25,True,,2026-09-18 00:00:00,
PRJ-010179,2025,28299229.68,28299229.68,True,,2025-09-11 00:00:00,
PRJ-010180,2025,5530282.38,5530282.38,True,,2025-02-13 00:00:00,
PRJ-010181,2025,21985892.81,21985892.81,True,,2025-02-25 00:00:00,
PRJ-010182,2025,11674993.0,11674993.0,True,,2025-01-05 00:00:00,
PRJ-010183,2025,2981038.12,2981038.12,True,,2025-06-23 00:00:00,
PRJ-010184,2026,12696875.11,12696875.11,True,,2026-06-04 00:00:00,
PRJ-010185,2026,11496477.19,11496477.19,True,,2026-01-12 00:00:00,
PRJ-010186,2023,16470860.49,16470860.49,True,,2023-05-15 00:00:00,
PRJ-010187,2026,25596187.44,25596187.44,True,,2026-04-22 00:00:00,
PRJ-010188,2024,21530385.49,21530385.49,True,,2024-10-07 00:00:00,
PRJ-010189,2025,2108052.61,2108052.61,True,,2025-01-19 00:00:00,
PRJ-010190,2024,4927434.76,4927434.76,True,,2024-03-21 00:00:00,
PRJ-010191,2025,7886336.5,7886336.5,True,,2025-11-25 00:00:00,
PRJ-010192,2025,20823092.26,20823092.26,True,,2025-01-14 00:00:00,
PRJ-010193,2023,20210248.42,20210248.42,True,,2023-09-08 00:00:00,
PRJ-010194,2025,27988660.56,27988660.56,True,,2025-01-09 00:00:00,
PRJ-010195,2023,8433413.8,8433413.8,True,,2023-12-20 00:00:00,
PRJ-010196,2026,1932737.35,1932737.35,True,,2026-08-24 00:00:00,
PRJ-010197,2025,20824153.08,20824153.08,True,,2025-01-08 00:00:00,
PRJ-010198,2025,24098283.89,24098283.89,True,,2025-09-10 00:00:00,
PRJ-010199,2024,20160587.06,20160587.06,True,,2024-10-04 00:00:00,
PRJ-010200,2023,23477649.61,23477649.61,True,,2023-03-12 00:00:00,
PRJ-010201,2023,29752318.56,29752318.56,True,,2023-09-06 00:00:00,
PRJ-010202,2024,749227.25,749227.25,True,,2024-08-17 00:00:00,
PRJ-010203,2024,13394153.87,13394153.87,True,,2024-02-08 00:00:00,
PRJ-010204,2023,5902091.11,5902091.11,True,,2023-05-12 00:00:00,
PRJ-010205,2025,26881428.72,26881428.72,True,,2025-12-04 00:00:00,
PRJ-010206,2026,11453609.56,11453609.56,True,,2026-05-09 00:00:00,
PRJ-010207,2026,7783720.56,7783720.56,True,,2026-05-17 00:00:00,
PRJ-010208,2026,27877265.94,27877265.94,True,,2026-08-17 00:00:00,
PRJ-010209,2023,12396647.03,12396647.03,True,,2023-05-09 00:00:00,
PRJ-010210,2024,22348167.21,22348167.21,True,,2024-05-10 00:00:00,
PRJ-010211,2026,2449399.08,2449399.08,True,,2026-01-26 00:00:00,
PRJ-010212,2024,22454940.7,22454940.7,True,,2024-05-03 00:00:00,
PRJ-010213,2026,25643458.91,25643458.91,True,,2026-06-13 00:00:00,
PRJ-010214,2025,27170730.27,27170730.27,True,,2025-10-26 00:00:00,
PRJ-010215,2026,18569896.88,18569896.88,True,,2026-07-14 00:00:00,
PRJ-010216,2023,24905224.52,24905224.52,True,,2023-02-14 00:00:00,
PRJ-010217,2024,24058376.26,24058376.26,True,,2024-10-26 00:00:00,
PRJ-010218,2023,3807076.36,3807076.36,True,,2023-03-08 00:00:00,
PRJ-010219,2025,17415334.85,17415334.85,True,,2025-12-23 00:00:00,
PRJ-010220,2026,21342432.71,21342432.71,True,,2026-03-14 00:00:00,
PRJ-010221,2026,11010040.31,11010040.31,True,,2026-01-23 00:00:00,
PRJ-010222,2023,13177177.03,13177177.03,True,,2023-04-17 00:00:00,
PRJ-010223,2025,21954851.78,21954851.78,True,,2025-05-03 00:00:00,
PRJ-010224,2024,3985610.57,3985610.57,True,,2024-12-16 00:00:00,
PRJ-010225,2024,29351099.8,29351099.8,True,,2024-08-03 00:00:00,
PRJ-010226,2023,7193520.59,7193520.59,True,,2023-06-18 00:00:00,
PRJ-010227,2025,6972174.19,6972174.19,True,,2025-03-14 00:00:00,
PRJ-010228,2024,3120940.62,3120940.62,True,,2024-01-09 00:00:00,
PRJ-010229,2024,854096.75,854096.75,True,,2024-12-19 00:00:00,
PRJ-010230,2026,16321981.56,16321981.56,True,,2026-09-18 00:00:00,
PRJ-010231,2024,26972282.11,26972282.11,True,,2024-07-18 00:00:00,
PRJ-010232,2026,13960123.48,13960123.48,True,,2026-06-04 00:00:00,
PRJ-010233,2025,2339322.49,2339322.49,True,,2025-08-01 00:00:00,
PRJ-010234,2026,6725957.83,6725957.83,True,,2026-03-20 00:00:00,
PRJ-010235,2023,5246683.14,5246683.14,True,,2023-01-17 00:00:00,
PRJ-010236,2023,16472884.9,16472884.9,True,,2023-12-26 00:00:00,
PRJ-010237,2023,16657942.07,16657942.07,True,,2023-08-08 00:00:00,
PRJ-010238,2024,6977106.78,6977106.78,True,,2024-02-26 00:00:00,
PRJ-010239,2026,6902249.63,6902249.63,True,,2026-02-15 00:00:00,
PRJ-010240,2025,10187697.45,10187697.45,True,,2025-05-13 00:00:00,
PRJ-010241,2023,13968730.72,13968730.72,True,,2023-02-05 00:00:00,
PRJ-010242,2023,2714569.82,2714569.82,True,,2023-08-03 00:00:00,
PRJ-010243,2023,11267010.39,11267010.39,True,,2023-09-10 00:00:00,
PRJ-010244,2023,3355852.82,3355852.82,True,,2023-04-16 00:00:00,
PRJ-010245,2024,1703015.82,1703015.82,True,,2024-05-06 00:00:00,
PRJ-010246,2023,20408449.93,20408449.93,True,,2023-07-15 00:00:00,
PRJ-010247,2025,28865362.8,28865362.8,True,,2025-06-25 00:00:00,
PRJ-010248,2026,1102767.75,1102767.75,True,,2026-06-03 00:00:00,
PRJ-010249,2023,27801027.77,27801027.77,True,,2023-10-16 00:00:00,
PRJ-010250,2025,27939700.32,27939700.32,True,,2025-01-02 00:00:00,
PRJ-010251,2023,1484843.23,1484843.23,True,,2023-02-10 00:00:00,
PRJ-010252,2025,20200909.06,20200909.06,True,,2025-01-01 00:00:00,
PRJ-010253,2025,17788332.39,17788332.39,True,,2025-07-22 00:00:00,
PRJ-010254,2023,26627927.24,26627927.24,True,,2023-08-17 00:00:00,
PRJ-010255,2024,21359012.5,21359012.5,True,,2024-07-02 00:00:00,
PRJ-010256,2026,26324419.13,26324419.13,True,,2026-01-27 00:00:00,
PRJ-010257,2025,5632150.02,5632150.02,True,,2025-07-13 00:00:00,
PRJ-010258,2024,4898537.59,4898537.59,True,,2024-05-20 00:00:00,
PRJ-010259,2026,1885910.2,1885910.2,True,,2026-07-02 00:00:00,
PRJ-010260,2025,17638353.76,17638353.76,True,,2025-09-26 00:00:00,
PRJ-010261,2024,12975244.15,12975244.15,True,,2024-04-21 00:00:00,
PRJ-010262,2025,29300257.09,29300257.09,True,,2025-08-10 00:00:00,
PRJ-010263,2025,26160764.22,26160764.22,True,,2025-03-25 00:00:00,
PRJ-010264,2023,23398720.26,23398720.26,True,,2023-11-08 00:00:00,
PRJ-010265,2023,27087901.77,27087901.77,True,,2023-05-03 00:00:00,
PRJ-010266,2025,7864856.45,7864856.45,True,,2025-01-04 00:00:00,
PRJ-010267,2024,25649898.65,25649898.65,True,,2024-07-03 00:00:00,
PRJ-010268,2023,19933301.91,19933301.91,True,,2023-08-07 00:00:00,
PRJ-010269,2025,21039151.67,21039151.67,True,,2025-01-03 00:00:00,
PRJ-010270,2026,19207746.3,19207746.3,True,,2026-07-09 00:00:00,
PRJ-010271,2026,11056528.7,11056528.7,True,,2026-01-15 00:00:00,
PRJ-010272,2026,9617578.52,9617578.52,True,,2026-07-19 00:00:00,
PRJ-010273,2026,16304140.54,16304140.54,True,,2026-03-24 00:00:00,
PRJ-010274,2025,21418810.33,21418810.33,True,,2025-08-16 00:00:00,
PRJ-010275,2023,27853909.62,27853909.62,True,,2023-09-16 00:00:00,
PRJ-010276,2026,24105178.29,24105178.29,True,,2026-06-27 00:00:00,
PRJ-010277,2023,20050575.14,20050575.14,True,,2023-06-26 00:00:00,
PRJ-010278,2023,12850859.04,12850859.04,True,,2023-04-25 00:00:00,
PRJ-010279,2023,1286437.25,1286437.25,True,,2023-07-18 00:00:00,
PRJ-010280,2024,4341378.33,4341378.33,True,,2024-12-15 00:00:00,
PRJ-010281,2025,25695231.43,25695231.43,True,,2025-04-08 00:00:00,
PRJ-010282,2025,8139594.36,8139594.36,True,,2025-02-09 00:00:00,
PRJ-010283,2024,12407754.57,12407754.57,True,,2024-12-14 00:00:00,
PRJ-010284,2024,2044548.25,2044548.25,True,,2024-05-03 00:00:00,
PRJ-010285,2024,6661680.36,6661680.36,True,,2024-07-04 00:00:00,
PRJ-010286,2024,27037349.5,27037349.5,True,,2024-01-07 00:00:00,
PRJ-010287,2025,6407702.68,6407702.68,True,,2025-09-23 00:00:00,
PRJ-010288,2023,861078.78,861078.78,True,,2023-02-07 00:00:00,
PRJ-010289,2026,26942350.56,26942350.56,True,,2026-02-20 00:00:00,
PRJ-010290,2023,15786341.04,15786341.04,True,,2023-05-22 00:00:00,
PRJ-010291,2025,4737405.8,4737405.8,True,,2025-11-07 00:00:00,
PRJ-010292,2026,2197893.2,2197893.2,True,,2026-02-27 00:00:00,
PRJ-010293,2024,24941309.2,24941309.2,True,,2024-08-03 00:00:00,
PRJ-010294,2025,19707612.6,19707612.6,True,,2025-04-22 00:00:00,
PRJ-010295,2026,10628074.55,10628074.55,True,,2026-04-13 00:00:00,
PRJ-010296,2023,25126515.07,25126515.07,True,,2023-02-09 00:00:00,
PRJ-010297,2023,11749741.56,11749741.56,True,,2023-01-13 00:00:00,
PRJ-010298,2026,7436527.72,7436527.72,True,,2026-04-22 00:00:00,
PRJ-010299,2025,13580989.07,13580989.07,True,,2025-09-18 00:00:00,
PRJ-010300,2025,27844880.82,27844880.82,True,,2025-04-17 00:00:00,
PRJ-010301,2023,4342048.36,4342048.36,True,,2023-03-11 00:00:00,
PRJ-010302,2026,25265529.86,25265529.86,True,,2026-05-02 00:00:00,
PRJ-010303,2023,4851692.61,4851692.61,True,,2023-05-21 00:00:00,
PRJ-010304,2023,19345993.33,19345993.33,True,,2023-03-21 00:00:00,
PRJ-010305,2026,836110.94,836110.94,True,,2026-02-16 00:00:00,
PRJ-010306,2023,5892918.26,5892918.26,True,,2023-06-19 00:00:00,
PRJ-010307,2024,12091707.95,12091707.95,True,,2024-09-26 00:00:00,
PRJ-010308,2025,18977817.13,18977817.13,True,,2025-05-09 00:00:00,
PRJ-010309,2023,15650501.48,15650501.48,True,,2023-05-24 00:00:00,
PRJ-010310,2025,3764060.8,3764060.8,True,,2025-09-02 00:00:00,
PRJ-010311,2024,6083303.13,6083303.13,True,,2024-03-15 00:00:00,
PRJ-010312,2025,15894196.64,15894196.64,True,,2025-10-06 00:00:00,
PRJ-010313,2025,21768595.53,21768595.53,True,,2025-02-27 00:00:00,
PRJ-010314,2024,6590474.52,6590474.52,True,,2024-12-23 00:00:00,
PRJ-010315,2026,17786512.47,17786512.47,True,,2026-08-07 00:00:00,
PRJ-010316,2025,25594682.36,25594682.36,True,,2025-05-11 00:00:00,
PRJ-010317,2024,10952258.8,10952258.8,True,,2024-12-15 00:00:00,
PRJ-010318,2026,18006121.96,18006121.96,True,,2026-01-07 00:00:00,
PRJ-010319,2024,2581531.44,2581531.44,True,,2024-01-11 00:00:00,
PRJ-010320,2026,7140654.92,7140654.92,True,,2026-05-23 00:00:00,
PRJ-010321,2026,6925794.62,6925794.62,True,,2026-05-26 00:00:00,
PRJ-010322,2026,18978756.96,18978756.96,True,,2026-05-07 00:00:00,
PRJ-010323,2024,20239457.1,20239457.1,True,,2024-09-09 00:00:00,
PRJ-010324,2025,25897043.38,25897043.38,True,,2025-06-23 00:00:00,
PRJ-010325,2023,5223514.06,5223514.06,True,,2023-03-02 00:00:00,
PRJ-010326,2025,22006517.26,22006517.26,True,,2025-03-12 00:00:00,
PRJ-010327,2024,11866392.7,11866392.7,True,,2024-02-05 00:00:00,
PRJ-010328,2024,11910178.75,11910178.75,True,,2024-05-14 00:00:00,
PRJ-010329,2024,14467995.33,14467995.33,True,,2024-08-04 00:00:00,
PRJ-010330,2024,7517867.82,7517867.82,True,,2024-11-23 00:00:00,
PRJ-010331,2026,12885549.68,12885549.68,True,,2026-09-13 00:00:00,
PRJ-010332,2025,8835840.01,8835840.01,True,,2025-12-04 00:00:00,
PRJ-010333,2025,22376479.57,22376479.57,True,,2025-07-16 00:00:00,
PRJ-010334,2024,15257021.01,15257021.01,True,,2024-10-07 00:00:00,
PRJ-010335,2023,8497212.17,8497212.17,True,,2023-09-05 00:00:00,
PRJ-010336,2025,18288002.19,18288002.19,True,,2025-12-10 00:00:00,
PRJ-010337,2024,3371029.67,3371029.67,True,,2024-10-24 00:00:00,
PRJ-010338,2024,9860371.26,9860371.26,True,,2024-05-17 00:00:00,
PRJ-010339,2024,8179168.56,8179168.56,True,,2024-02-27 00:00:00,
PRJ-010340,2023,2493231.37,2493231.37,True,,2023-02-08 00:00:00,
PRJ-010341,2026,29510086.69,29510086.69,True,,2026-09-07 00:00:00,
PRJ-010342,2025,21101876.67,21101876.67,True,,2025-02-14 00:00:00,
PRJ-010343,2025,28106545.95,28106545.95,True,,2025-02-06 00:00:00,
PRJ-010344,2024,26262703.88,26262703.88,True,,2024-12-15 00:00:00,
PRJ-010345,2024,16371683.2,16371683.2,True,,2024-08-01 00:00:00,
PRJ-010346,2024,9630129.48,9630129.48,True,,2024-11-13 00:00:00,
PRJ-010347,2023,27214846.9,27214846.9,True,,2023-08-15 00:00:00,
PRJ-010348,2025,25939827.66,25939827.66,True,,2025-08-24 00:00:00,
PRJ-010349,2024,1264798.9,1264798.9,True,,2024-08-05 00:00:00,
PRJ-010350,2026,28415381.51,28415381.51,True,,2026-04-15 00:00:00,
PRJ-010351,2023,29588134.8,29588134.8,True,,2023-02-05 00:00:00,
PRJ-010352,2026,22210036.7,22210036.7,True,,2026-07-13 00:00:00,
PRJ-010353,2023,5388055.89,5388055.89,True,,2023-11-17 00:00:00,
PRJ-010354,2025,6297655.62,6297655.62,True,,2025-07-04 00:00:00,
PRJ-010355,2023,3836309.28,3836309.28,True,,2023-12-27 00:00:00,
PRJ-010356,2024,23922713.56,23922713.56,True,,2024-04-12 00:00:00,
PRJ-010357,2024,25988852.05,25988852.05,True,,2024-07-10 00:00:00,
PRJ-010358,2026,23880769.51,23880769.51,True,,2026-07-15 00:00:00,
PRJ-010359,2026,13772969.57,13772969.57,True,,2026-07-05 00:00:00,
PRJ-010360,2024,3378054.88,3378054.88,True,,2024-11-27 00:00:00,
PRJ-010361,2025,11804285.89,11804285.89,True,,2025-04-15 00:00:00,
PRJ-010362,2024,18606319.48,18606319.48,True,,2024-01-11 00:00:00,
PRJ-010363,2025,10311836.44,10311836.44,True,,2025-02-12 00:00:00,
PRJ-010364,2025,14122198.28,14122198.28,True,,2025-06-21 00:00:00,
PRJ-010365,2026,28608840.92,28608840.92,True,,2026-02-24 00:00:00,
PRJ-010366,2026,7942891.77,7942891.77,True,,2026-08-13 00:00:00,
PRJ-010367,2026,27878150.76,27878150.76,True,,2026-05-12 00:00:00,
PRJ-010368,2026,23790307.59,23790307.59,True,,2026-07-26 00:00:00,
PRJ-010369,2025,29237306.13,29237306.13,True,,2025-03-21 00:00:00,
PRJ-010370,2024,3468626.4,3468626.4,True,,2024-08-10 00:00:00,
PRJ-010371,2023,27004932.48,27004932.48,True,,2023-01-26 00:00:00,
PRJ-010372,2023,26938024.66,26938024.66,True,,2023-07-10 00:00:00,
PRJ-010373,2023,15815804.45,15815804.45,True,,2023-09-15 00:00:00,
PRJ-010374,2025,17572851.5,17572851.5,True,,2025-11-01 00:00:00,
PRJ-010375,2026,1414809.39,1414809.39,True,,2026-07-21 00:00:00,
PRJ-010376,2025,8477598.36,8477598.36,True,,2025-02-23 00:00:00,
PRJ-010377,2023,21175190.07,21175190.07,True,,2023-10-25 00:00:00,
PRJ-010378,2026,7243940.38,7243940.38,True,,2026-08-12 00:00:00,
PRJ-010379,2024,25155759.44,25155759.44,True,,2024-10-16 00:00:00,
PRJ-010380,2026,7304191.23,7304191.23,True,,2026-03-02 00:00:00,
PRJ-010381,2024,2490452.45,2490452.45,True,,2024-07-22 00:00:00,
PRJ-010382,2024,19233462.38,19233462.38,True,,2024-03-06 00:00:00,
PRJ-010383,2024,6613056.43,6613056.43,True,,2024-09-27 00:00:00,
PRJ-010384,2025,26901753.48,26901753.48,True,,2025-04-25 00:00:00,
PRJ-010385,2026,13498334.79,13498334.79,True,,2026-01-03 00:00:00,
PRJ-010386,2024,27691039.58,27691039.58,True,,2024-08-22 00:00:00,
PRJ-010387,2023,20177451.61,20177451.61,True,,2023-08-10 00:00:00,
PRJ-010388,2026,8666296.44,8666296.44,True,,2026-06-07 00:00:00,
PRJ-010389,2024,7819401.13,7819401.13,True,,2024-01-10 00:00:00,
PRJ-010390,2023,3578673.37,3578673.37,True,,2023-05-10 00:00:00,
PRJ-010391,2023,28378037.78,28378037.78,True,,2023-08-02 00:00:00,
PRJ-010392,2026,8364386.18,8364386.18,True,,2026-07-20 00:00:00,
PRJ-010393,2023,15380818.69,15380818.69,True,,2023-12-09 00:00:00,
PRJ-010394,2025,16606831.81,16606831.81,True,,2025-02-25 00:00:00,
PRJ-010395,2023,24122949.87,24122949.87,True,,2023-10-21 00:00:00,
PRJ-010396,2026,18991939.87,18991939.87,True,,2026-04-15 00:00:00,
PRJ-010397,2025,2604513.79,2604513.79,True,,2025-04-23 00:00:00,
PRJ-010398,2024,9921242.89,9921242.89,True,,2024-05-23 00:00:00,
PRJ-010399,2024,4891537.27,4891537.27,True,,2024-09-10 00:00:00,
PRJ-010400,2026,1193827.88,1193827.88,True,,2026-01-17 00:00:00,
PRJ-010401,2023,28255267.04,28255267.04,True,,2023-08-27 00:00:00,
PRJ-010402,2023,15417365.87,15417365.87,True,,2023-11-21 00:00:00,
PRJ-010403,2024,6977893.33,6977893.33,True,,2024-02-22 00:00:00,
PRJ-010404,2026,28435840.82,28435840.82,True,,2026-03-05 00:00:00,
PRJ-010405,2024,20144981.11,20144981.11,True,,2024-12-24 00:00:00,
PRJ-010406,2026,28390116.35,28390116.35,True,,2026-03-07 00:00:00,
PRJ-010407,2023,11666266.85,11666266.85,True,,2023-10-02 00:00:00,
PRJ-010408,2026,12520662.87,12520662.87,True,,2026-08-03 00:00:00,
PRJ-010409,2025,27112301.42,27112301.42,True,,2025-02-08 00:00:00,
PRJ-010410,2026,28502835.3,28502835.3,True,,2026-07-07 00:00:00,
PRJ-010411,2025,15371020.79,15371020.79,True,,2025-01-09 00:00:00,
PRJ-010412,2026,23981825.79,23981825.79,True,,2026-04-25 00:00:00,
PRJ-010413,2026,18020671.27,18020671.27,True,,2026-08-27 00:00:00,
PRJ-010414,2026,957324.95,957324.95,True,,2026-06-26 00:00:00,
PRJ-010415,2024,808883.08,808883.08,True,,2024-11-25 00:00:00,
PRJ-010416,2024,22851237.02,22851237.02,True,,2024-10-10 00:00:00,
PRJ-010417,2025,24054375.44,24054375.44,True,,2025-04-24 00:00:00,
PRJ-010418,2026,7458912.37,7458912.37,True,,2026-03-06 00:00:00,
PRJ-010419,2025,12027121.65,12027121.65,True,,2025-01-03 00:00:00,
PRJ-010420,2025,9759815.31,9759815.31,True,,2025-05-01 00:00:00,
PRJ-010421,2024,27547158.08,27547158.08,True,,2024-04-15 00:00:00,
PRJ-010422,2024,19224848.85,19224848.85,True,,2024-04-16 00:00:00,
PRJ-010423,2025,4263669.23,4263669.23,True,,2025-05-17 00:00:00,
PRJ-010424,2025,21198973.79,21198973.79,True,,2025-08-20 00:00:00,
PRJ-010425,2024,4373393.78,4373393.78,True,,2024-09-01 00:00:00,
PRJ-010426,2023,28890739.05,28890739.05,True,,2023-03-27 00:00:00,
PRJ-010427,2023,6485875.79,6485875.79,True,,2023-02-13 00:00:00,
PRJ-010428,2024,4530238.29,4530238.29,True,,2024-02-08 00:00:00,
PRJ-010429,2026,5712632.67,5712632.67,True,,2026-07-18 00:00:00,
PRJ-010430,2024,13440776.32,13440776.32,True,,2024-02-13 00:00:00,
PRJ-010431,2024,16725156.4,16725156.4,True,,2024-07-04 00:00:00,
PRJ-010432,2024,14194068.25,14194068.25,True,,2024-05-05 00:00:00,
PRJ-010433,2026,7566459.37,7566459.37,True,,2026-03-01 00:00:00,
PRJ-010434,2025,25068086.57,25068086.57,True,,2025-11-25 00:00:00,
PRJ-010435,2024,1233399.88,1233399.88,True,,2024-03-11 00:00:00,
PRJ-010436,2026,25374677.85,25374677.85,True,,2026-05-12 00:00:00,
PRJ-010437,2023,24648425.24,24648425.24,True,,2023-12-21 00:00:00,
PRJ-010438,2024,9099457.98,9099457.98,True,,2024-11-21 00:00:00,
PRJ-010439,2026,7458751.23,7458751.23,True,,2026-02-14 00:00:00,
PRJ-010440,2025,27222741.66,27222741.66,True,,2025-05-18 00:00:00,
PRJ-010441,2023,19599918.15,19599918.15,True,,2023-05-16 00:00:00,
PRJ-010442,2024,15498640.99,15498640.99,True,,2024-05-05 00:00:00,
PRJ-010443,2023,17702331.22,17702331.22,True,,2023-02-13 00:00:00,
PRJ-010444,2024,19102564.86,19102564.86,True,,2024-06-02 00:00:00,
PRJ-010445,2023,13709472.59,13709472.59,True,,2023-12-07 00:00:00,
PRJ-010446,2023,14305069.86,14305069.86,True,,2023-02-16 00:00:00,
PRJ-010447,2023,4493909.38,4493909.38,True,,2023-11-04 00:00:00,
PRJ-010448,2024,19477441.04,19477441.04,True,,2024-04-21 00:00:00,
PRJ-010449,2025,2587898.99,2587898.99,True,,2025-04-03 00:00:00,
PRJ-010450,2024,22804114.78,22804114.78,True,,2024-09-17 00:00:00,
PRJ-010451,2026,29021062.26,29021062.26,True,,2026-09-18 00:00:00,
PRJ-010452,2023,14616056.21,14616056.21,True,,2023-10-02 00:00:00,
PRJ-010453,2023,26447613.66,26447613.66,True,,2023-07-02 00:00:00,
PRJ-010454,2026,24049077.27,24049077.27,True,,2026-05-08 00:00:00,
PRJ-010455,2023,25246004.45,25246004.45,True,,2023-11-01 00:00:00,
PRJ-010456,2025,20520242.29,20520242.29,True,,2025-03-21 00:00:00,
PRJ-010457,2024,1103780.41,1103780.41,True,,2024-11-19 00:00:00,
PRJ-010458,2024,6888907.36,6888907.36,True,,2024-01-05 00:00:00,
PRJ-010459,2023,14415136.0,14415136.0,True,,2023-06-17 00:00:00,
PRJ-010460,2026,19600756.85,19600756.85,True,,2026-06-19 00:00:00,
PRJ-010461,2025,13426177.83,13426177.83,True,,2025-11-01 00:00:00,
PRJ-010462,2025,16271314.63,16271314.63,True,,2025-10-17 00:00:00,
PRJ-010463,2024,10234265.69,10234265.69,True,,2024-10-17 00:00:00,
PRJ-010464,2026,9858551.12,9858551.12,True,,2026-02-16 00:00:00,
PRJ-010465,2026,6914951.57,6914951.57,True,,2026-03-08 00:00:00,
PRJ-010466,2023,19969923.56,19969923.56,True,,2023-10-04 00:00:00,
PRJ-010467,2023,19432766.23,19432766.23,True,,2023-04-22 00:00:00,
PRJ-010468,2024,21160941.92,21160941.92,True,,2024-10-27 00:00:00,
PRJ-010469,2025,23942386.54,23942386.54,True,,2025-06-09 00:00:00,
PRJ-010470,2026,20615620.18,20615620.18,True,,2026-06-16 00:00:00,
PRJ-010471,2024,28054045.33,28054045.33,True,,2024-09-15 00:00:00,
PRJ-010472,2026,21549770.15,21549770.15,True,,2026-04-01 00:00:00,
PRJ-010473,2025,17475540.69,17475540.69,True,,2025-02-19 00:00:00,
PRJ-010474,2024,21965905.18,21965905.18,True,,2024-12-01 00:00:00,
PRJ-010475,2024,21921508.51,21921508.51,True,,2024-07-25 00:00:00,
PRJ-010476,2023,1313847.53,1313847.53,True,,2023-11-20 00:00:00,
PRJ-010477,2025,27989254.01,27989254.01,True,,2025-10-04 00:00:00,
PRJ-010478,2026,1439270.57,1439270.57,True,,2026-05-10 00:00:00,
PRJ-010479,2023,9559313.2,9559313.2,True,,2023-04-15 00:00:00,
PRJ-010480,2026,20708637.92,20708637.92,True,,2026-03-15 00:00:00,
PRJ-010481,2023,22968875.06,22968875.06,True,,2023-02-21 00:00:00,
PRJ-010482,2025,21878611.65,21878611.65,True,,2025-03-01 00:00:00,
PRJ-010483,2024,3334552.31,3334552.31,True,,2024-02-03 00:00:00,
PRJ-010484,2023,3988329.22,3988329.22,True,,2023-02-18 00:00:00,
PRJ-010485,2026,8990742.05,8990742.05,True,,2026-06-17 00:00:00,
PRJ-010486,2023,24767482.94,24767482.94,True,,2023-01-06 00:00:00,
PRJ-010487,2025,23059605.26,23059605.26,True,,2025-09-07 00:00:00,
PRJ-010488,2026,17391074.12,17391074.12,True,,2026-02-03 00:00:00,
PRJ-010489,2023,7930670.16,7930670.16,True,,2023-08-19 00:00:00,
PRJ-010490,2026,6573833.95,6573833.95,True,,2026-01-08 00:00:00,
PRJ-010491,2024,27068883.65,27068883.65,True,,2024-02-04 00:00:00,
PRJ-010492,2023,1103546.9,1103546.9,True,,2023-06-25 00:00:00,
PRJ-010493,2026,6452626.62,6452626.62,True,,2026-04-26 00:00:00,
PRJ-010494,2026,12075735.33,12075735.33,True,,2026-05-20 00:00:00,
PRJ-010495,2025,20733982.81,20733982.81,True,,2025-06-10 00:00:00,
PRJ-010496,2024,22734501.48,22734501.48,True,,2024-09-10 00:00:00,
PRJ-010497,2025,24668791.24,24668791.24,True,,2025-09-12 00:00:00,
PRJ-010498,2023,20212960.22,20212960.22,True,,2023-12-08 00:00:00,
PRJ-010499,2023,9457544.24,9457544.24,True,,2023-05-19 00:00:00,
PRJ-010500,2023,13798396.38,13798396.38,True,,2023-07-10 00:00:00,
PRJ-010501,2024,14585914.08,14585914.08,True,,2024-06-19 00:00:00,
PRJ-010502,2023,23389961.53,23389961.53,True,,2023-01-16 00:00:00,
PRJ-010503,2025,5016402.03,5016402.03,True,,2025-06-19 00:00:00,
PRJ-010504,2024,23772870.16,23772870.16,True,,2024-06-08 00:00:00,
PRJ-010505,2023,12047952.5,12047952.5,True,,2023-02-26 00:00:00,
PRJ-010506,2025,22050048.29,22050048.29,True,,2025-01-12 00:00:00,
PRJ-010507,2024,3000518.84,3000518.84,True,,2024-09-12 00:00:00,
PRJ-010508,2026,14326869.47,14326869.47,True,,2026-04-11 00:00:00,
PRJ-010509,2024,20305965.21,20305965.21,True,,2024-01-05 00:00:00,
PRJ-010510,2024,8729857.89,8729857.89,True,,2024-12-26 00:00:00,
PRJ-010511,2024,5118834.7,5118834.7,True,,2024-07-12 00:00:00,
PRJ-010512,2025,21898713.37,21898713.37,True,,2025-12-05 00:00:00,
PRJ-010513,2025,19212871.62,19212871.62,True,,2025-02-05 00:00:00,
PRJ-010514,2025,5575280.23,5575280.23,True,,2025-06-16 00:00:00,
PRJ-010515,2023,5817880.49,5817880.49,True,,2023-04-05 00:00:00,
PRJ-010516,2023,28975626.37,28975626.37,True,,2023-05-17 00:00:00,
PRJ-010517,2026,14665836.14,14665836.14,True,,2026-07-14 00:00:00,
PRJ-010518,2026,6281064.07,6281064.07,True,,2026-02-19 00:00:00,
PRJ-010519,2026,17136241.12,17136241.12,True,,2026-05-14 00:00:00,
PRJ-010520,2025,4117589.43,4117589.43,True,,2025-06-20 00:00:00,
PRJ-010521,2024,24499680.02,24499680.02,True,,2024-05-03 00:00:00,
PRJ-010522,2026,21613351.66,21613351.66,True,,2026-09-18 00:00:00,
PRJ-010523,2025,29862898.89,29862898.89,True,,2025-05-04 00:00:00,
PRJ-010524,2025,9966205.84,9966205.84,True,,2025-01-14 00:00:00,
PRJ-010525,2024,14013020.52,14013020.52,True,,2024-11-25 00:00:00,
PRJ-010526,2024,4793394.48,4793394.48,True,,2024-02-12 00:00:00,
PRJ-010527,2024,25857221.05,25857221.05,True,,2024-05-20 00:00:00,
PRJ-010528,2026,3015343.66,3015343.66,True,,2026-07-04 00:00:00,
PRJ-010529,2023,20057668.83,20057668.83,True,,2023-02-10 00:00:00,
PRJ-010530,2025,23546553.55,23546553.55,True,,2025-07-02 00:00:00,
PRJ-010531,2026,10998293.74,10998293.74,True,,2026-07-27 00:00:00,
PRJ-010532,2025,24446421.24,24446421.24,True,,2025-02-22 00:00:00,
PRJ-010533,2026,3321385.74,3321385.74,True,,2026-03-19 00:00:00,
PRJ-010534,2023,22805544.25,22805544.25,True,,2023-08-12 00:00:00,
PRJ-010535,2026,23874947.36,23874947.36,True,,2026-04-02 00:00:00,
PRJ-010536,2024,18061502.24,18061502.24,True,,2024-06-23 00:00:00,
PRJ-010537,2026,28790110.96,28790110.96,True,,2026-05-13 00:00:00,
PRJ-010538,2024,7597918.99,7597918.99,True,,2024-12-01 00:00:00,
PRJ-010539,2023,10840365.16,10840365.16,True,,2023-01-06 00:00:00,
PRJ-010540,2023,9297672.83,9297672.83,True,,2023-10-13 00:00:00,
PRJ-010541,2024,9871406.19,9871406.19,True,,2024-09-18 00:00:00,
PRJ-010542,2023,19743667.24,19743667.24,True,,2023-10-17 00:00:00,
PRJ-010543,2025,15249606.51,15249606.51,True,,2025-04-23 00:00:00,
PRJ-010544,2026,11602609.11,11602609.11,True,,2026-06-01 00:00:00,
PRJ-010545,2025,13347663.78,13347663.78,True,,2025-03-19 00:00:00,
PRJ-010546,2023,9760130.94,9760130.94,True,,2023-10-18 00:00:00,
PRJ-010547,2025,22370932.88,22370932.88,True,,2025-02-23 00:00:00,
PRJ-010548,2025,24607168.58,24607168.58,True,,2025-09-17 00:00:00,
PRJ-010549,2023,22521940.85,22521940.85,True,,2023-05-10 00:00:00,
PRJ-010550,2025,22456594.35,22456594.35,True,,2025-07-03 00:00:00,
PRJ-010551,2024,2422442.54,2422442.54,True,,2024-11-22 00:00:00,
PRJ-010552,2025,8442806.41,8442806.41,True,,2025-02-07 00:00:00,
PRJ-010553,2025,19057059.82,19057059.82,True,,2025-10-08 00:00:00,
PRJ-010554,2025,17937105.17,17937105.17,True,,2025-01-02 00:00:00,
PRJ-010555,2023,2733630.96,2733630.96,True,,2023-01-25 00:00:00,
PRJ-010556,2026,27861221.32,27861221.32,True,,2026-04-10 00:00:00,
PRJ-010557,2026,17971972.52,17971972.52,True,,2026-03-17 00:00:00,
PRJ-010558,2024,24185441.79,24185441.79,True,,2024-02-10 00:00:00,
PRJ-010559,2024,18183259.59,18183259.59,True,,2024-03-23 00:00:00,
PRJ-010560,2025,4173777.86,4173777.86,True,,2025-08-11 00:00:00,
PRJ-010561,2026,17614477.28,17614477.28,True,,2026-03-13 00:00:00,
PRJ-010562,2026,24068940.01,24068940.01,True,,2026-04-23 00:00:00,
PRJ-010563,2023,20980286.33,20980286.33,True,,2023-03-06 00:00:00,
PRJ-010564,2024,16622922.84,16622922.84,True,,2024-11-16 00:00:00,
PRJ-010565,2024,1530983.55,1530983.55,True,,2024-06-06 00:00:00,
PRJ-010566,2025,25956319.79,25956319.79,True,,2025-03-12 00:00:00,
PRJ-010567,2025,13523959.55,13523959.55,True,,2025-09-13 00:00:00,
PRJ-010568,2026,4225767.59,4225767.59,True,,2026-01-21 00:00:00,
PRJ-010569,2024,24748180.13,24748180.13,True,,2024-12-06 00:00:00,
PRJ-010570,2026,22501321.59,22501321.59,True,,2026-01-06 00:00:00,
PRJ-010571,2023,27715630.19,27715630.19,True,,2023-04-23 00:00:00,
PRJ-010572,2025,23609567.81,23609567.81,True,,2025-12-03 00:00:00,
PRJ-010573,2025,9370113.8,9370113.8,True,,2025-04-13 00:00:00,
PRJ-010574,2025,9677427.58,9677427.58,True,,2025-04-06 00:00:00,
PRJ-010575,2025,21909273.1,21909273.1,True,,2025-02-09 00:00:00,
PRJ-010576,2026,22084399.81,22084399.81,True,,2026-04-23 00:00:00,
PRJ-010577,2026,4379058.69,4379058.69,True,,2026-01-04 00:00:00,
PRJ-010578,2023,8387516.63,8387516.63,True,,2023-09-10 00:00:00,
PRJ-010579,2025,2261569.6,2261569.6,True,,2025-07-21 00:00:00,
PRJ-010580,2024,9604691.68,9604691.68,True,,2024-11-03 00:00:00,
PRJ-010581,2023,18818586.96,18818586.96,True,,2023-08-24 00:00:00,
PRJ-010582,2026,23491779.48,23491779.48,True,,2026-01-06 00:00:00,
PRJ-010583,2024,17473423.17,17473423.17,True,,2024-11-20 00:00:00,
PRJ-010584,2024,1133598.4,1133598.4,True,,2024-04-21 00:00:00,
PRJ-010585,2023,25016463.48,25016463.48,True,,2023-05-16 00:00:00,
PRJ-010586,2026,12551694.92,12551694.92,True,,2026-09-09 00:00:00,
PRJ-010587,2024,10144672.64,10144672.64,True,,2024-07-14 00:00:00,
PRJ-010588,2023,22322312.65,22322312.65,True,,2023-02-04 00:00:00,
PRJ-010589,2023,7418767.21,7418767.21,True,,2023-09-15 00:00:00,
PRJ-010590,2023,9703483.72,9703483.72,True,,2023-08-02 00:00:00,
PRJ-010591,2024,26536773.01,26536773.01,True,,2024-04-17 00:00:00,
PRJ-010592,2023,24185026.62,24185026.62,True,,2023-09-04 00:00:00,
PRJ-010593,2023,6322750.07,6322750.07,True,,2023-08-25 00:00:00,
PRJ-010594,2023,2292988.41,2292988.41,True,,2023-06-04 00:00:00,
PRJ-010595,2025,8969781.35,8969781.35,True,,2025-01-25 00:00:00,
PRJ-010596,2024,3656269.25,3656269.25,True,,2024-05-25 00:00:00,
PRJ-010597,2025,2368846.93,2368846.93,True,,2025-07-05 00:00:00,
PRJ-010598,2023,9571089.42,9571089.42,True,,2023-03-24 00:00:00,
PRJ-010599,2025,12157979.77,12157979.77,True,,2025-11-03 00:00:00,
PRJ-010600,2026,8527131.51,8527131.51,True,,2026-08-04 00:00:00,
PRJ-010601,2026,18310549.92,18310549.92,True,,2026-07-16 00:00:00,
PRJ-010602,2023,21427405.43,21427405.43,True,,2023-01-27 00:00:00,
PRJ-010603,2023,23744485.35,23744485.35,True,,2023-03-18 00:00:00,
PRJ-010604,2024,10356012.37,10356012.37,True,,2024-03-10 00:00:00,
PRJ-010605,2025,13753387.66,13753387.66,True,,2025-09-17 00:00:00,
PRJ-010606,2026,27777555.04,27777555.04,True,,2026-04-02 00:00:00,
PRJ-010607,2026,12559050.69,12559050.69,True,,2026-02-16 00:00:00,
PRJ-010608,2025,16177411.04,16177411.04,True,,2025-03-12 00:00:00,
PRJ-010609,2023,29628319.93,29628319.93,True,,2023-01-04 00:00:00,
PRJ-010610,2025,5010493.51,5010493.51,True,,2025-10-22 00:00:00,
PRJ-010611,2023,5475424.95,5475424.95,True,,2023-09-23 00:00:00,
PRJ-010612,2025,20000606.54,20000606.54,True,,2025-05-04 00:00:00,
PRJ-010613,2026,9129110.9,9129110.9,True,,2026-02-26 00:00:00,
PRJ-010614,2025,28608507.21,28608507.21,True,,2025-07-18 00:00:00,
PRJ-010615,2024,27082376.34,27082376.34,True,,2024-02-01 00:00:00,
PRJ-010616,2023,14120476.03,14120476.03,True,,2023-07-23 00:00:00,
PRJ-010617,2024,2517874.29,2517874.29,True,,2024-07-12 00:00:00,
PRJ-010618,2024,29930950.76,29930950.76,True,,2024-05-23 00:00:00,
PRJ-010619,2023,16661949.22,16661949.22,True,,2023-09-23 00:00:00,
PRJ-010620,2023,12496584.55,12496584.55,True,,2023-12-16 00:00:00,
PRJ-010621,2023,5966256.15,5966256.15,True,,2023-05-25 00:00:00,
PRJ-010622,2026,11548621.26,11548621.26,True,,2026-09-18 00:00:00,
PRJ-010623,2024,16991644.67,16991644.67,True,,2024-02-26 00:00:00,
PRJ-010624,2023,24056221.77,24056221.77,True,,2023-11-11 00:00:00,
PRJ-010625,2026,12254331.94,12254331.94,True,,2026-08-16 00:00:00,
PRJ-010626,2023,13246729.31,13246729.31,True,,2023-07-22 00:00:00,
PRJ-010627,2026,2687819.5,2687819.5,True,,2026-09-17 00:00:00,
PRJ-010628,2025,26421009.76,26421009.76,True,,2025-07-13 00:00:00,
PRJ-010629,2025,19868568.96,19868568.96,True,,2025-09-16 00:00:00,
PRJ-010630,2023,9143464.53,9143464.53,True,,2023-01-23 00:00:00,
PRJ-010631,2026,11322136.55,11322136.55,True,,2026-07-20 00:00:00,
PRJ-010632,2024,23639343.68,23639343.68,True,,2024-05-04 00:00:00,
PRJ-010633,2025,27610514.08,27610514.08,True,,2025-02-20 00:00:00,
PRJ-010634,2024,10197656.02,10197656.02,True,,2024-04-10 00:00:00,
PRJ-010635,2025,2520694.75,2520694.75,True,,2025-08-09 00:00:00,
PRJ-010636,2026,5210245.11,5210245.11,True,,2026-08-19 00:00:00,
PRJ-010637,2026,1182409.12,1182409.12,True,,2026-05-08 00:00:00,
PRJ-010638,2024,20509163.46,20509163.46,True,,2024-05-24 00:00:00,
PRJ-010639,2025,27340084.66,27340084.66,True,,2025-05-05 00:00:00,
PRJ-010640,2024,7409751.16,7409751.16,True,,2024-06-16 00:00:00,
PRJ-010641,2024,4532021.92,4532021.92,True,,2024-08-10 00:00:00,
PRJ-010642,2023,6655454.81,6655454.81,True,,2023-03-07 00:00:00,
PRJ-010643,2025,13032628.71,13032628.71,True,,2025-01-09 00:00:00,
PRJ-010644,2025,13879999.63,13879999.63,True,,2025-01-02 00:00:00,
PRJ-010645,2024,9220403.86,9220403.86,True,,2024-01-08 00:00:00,
PRJ-010646,2025,29820367.13,29820367.13,True,,2025-12-13 00:00:00,
PRJ-010647,2024,5431362.06,5431362.06,True,,2024-08-19 00:00:00,
PRJ-010648,2024,17467714.77,17467714.77,True,,2024-02-11 00:00:00,
PRJ-010649,2025,27565131.76,27565131.76,True,,2025-07-05 00:00:00,
PRJ-010650,2023,22653897.75,22653897.75,True,,2023-04-10 00:00:00,
PRJ-010651,2025,29358880.78,29358880.78,True,,2025-10-26 00:00:00,
PRJ-010652,2023,4806741.1,4806741.1,True,,2023-05-07 00:00:00,
PRJ-010653,2024,14613081.17,14613081.17,True,,2024-11-19 00:00:00,
PRJ-010654,2025,28180812.7,28180812.7,True,,2025-01-22 00:00:00,
PRJ-010655,2026,1685180.82,1685180.82,True,,2026-02-27 00:00:00,
PRJ-010656,2026,20675137.7,20675137.7,True,,2026-03-11 00:00:00,
PRJ-010657,2026,10287159.86,10287159.86,True,,2026-07-06 00:00:00,
PRJ-010658,2025,21363106.05,21363106.05,True,,2025-11-13 00:00:00,
PRJ-010659,2026,16441759.51,16441759.51,True,,2026-08-08 00:00:00,
PRJ-010660,2025,12659974.31,12659974.31,True,,2025-10-07 00:00:00,
PRJ-010661,2025,17472657.23,17472657.23,True,,2025-10-03 00:00:00,
PRJ-010662,2025,13604755.89,13604755.89,True,,2025-08-04 00:00:00,
PRJ-010663,2026,4825527.16,4825527.16,True,,2026-05-18 00:00:00,
PRJ-010664,2024,8378063.55,8378063.55,True,,2024-12-08 00:00:00,
PRJ-010665,2026,28095348.02,28095348.02,True,,2026-09-10 00:00:00,
PRJ-010666,2025,11677263.5,11677263.5,True,,2025-07-17 00:00:00,
PRJ-010667,2026,6790878.11,6790878.11,True,,2026-02-26 00:00:00,
PRJ-010668,2025,27045927.96,27045927.96,True,,2025-11-21 00:00:00,
PRJ-010669,2026,8628563.98,8628563.98,True,,2026-09-18 00:00:00,
PRJ-010670,2025,7170603.25,7170603.25,True,,2025-02-16 00:00:00,
PRJ-010671,2023,27247778.63,27247778.63,True,,2023-06-22 00:00:00,
PRJ-010672,2024,28544630.86,28544630.86,True,,2024-04-06 00:00:00,
PRJ-010673,2023,23750384.58,23750384.58,True,,2023-12-21 00:00:00,
PRJ-010674,2026,4517337.45,4517337.45,True,,2026-05-09 00:00:00,
PRJ-010675,2024,28613864.24,28613864.24,True,,2024-10-20 00:00:00,
PRJ-010676,2025,6154219.87,6154219.87,True,,2025-07-02 00:00:00,
PRJ-010677,2025,27069701.42,27069701.42,True,,2025-06-14 00:00:00,
PRJ-010678,2024,21192977.77,21192977.77,True,,2024-01-05 00:00:00,
PRJ-010679,2023,23736432.7,23736432.7,True,,2023-05-06 00:00:00,
PRJ-010680,2026,5008006.73,5008006.73,True,,2026-08-11 00:00:00,
PRJ-010681,2023,29621154.25,29621154.25,True,,2023-04-13 00:00:00,
PRJ-010682,2026,21561848.22,21561848.22,True,,2026-02-10 00:00:00,
PRJ-010683,2025,25686563.13,25686563.13,True,,2025-10-21 00:00:00,
PRJ-010684,2026,26524082.49,26524082.49,True,,2026-01-08 00:00:00,
PRJ-010685,2026,12324711.3,12324711.3,True,,2026-02-11 00:00:00,
PRJ-010686,2023,29183983.08,29183983.08,True,,2023-12-25 00:00:00,
PRJ-010687,2026,15241079.94,15241079.94,True,,2026-06-06 00:00:00,
PRJ-010688,2024,23831237.18,23831237.18,True,,2024-12-01 00:00:00,
PRJ-010689,2026,18140358.82,18140358.82,True,,2026-04-25 00:00:00,
PRJ-010690,2025,3156083.05,3156083.05,True,,2025-03-21 00:00:00,
PRJ-010691,2026,26755019.43,26755019.43,True,,2026-05-08 00:00:00,
PRJ-010692,2025,18831603.63,18831603.63,True,,2025-03-04 00:00:00,
PRJ-010693,2024,1275259.26,1275259.26,True,,2024-07-11 00:00:00,
PRJ-010694,2024,3434343.45,3434343.45,True,,2024-07-15 00:00:00,
PRJ-010695,2026,20079958.72,20079958.72,True,,2026-05-04 00:00:00,
PRJ-010696,2025,6615871.24,6615871.24,True,,2025-02-23 00:00:00,
PRJ-010697,2023,16304885.2,16304885.2,True,,2023-08-14 00:00:00,
PRJ-010698,2023,27333407.14,27333407.14,True,,2023-01-22 00:00:00,
PRJ-010699,2025,15593291.59,15593291.59,True,,2025-04-08 00:00:00,
PRJ-010700,2024,14032701.25,14032701.25,True,,2024-01-15 00:00:00,
PRJ-010701,2026,27380860.63,27380860.63,True,,2026-06-01 00:00:00,
PRJ-010702,2024,1475262.58,1475262.58,True,,2024-12-24 00:00:00,
PRJ-010703,2026,10962772.0,10962772.0,True,,2026-01-23 00:00:00,
PRJ-010704,2026,8731952.23,8731952.23,True,,2026-03-16 00:00:00,
PRJ-010705,2023,21011221.82,21011221.82,True,,2023-11-10 00:00:00,
PRJ-010706,2024,11084223.32,11084223.32,True,,2024-01-12 00:00:00,
PRJ-010707,2024,12451843.7,12451843.7,True,,2024-03-09 00:00:00,
PRJ-010708,2025,21924564.53,21924564.53,True,,2025-10-13 00:00:00,
PRJ-010709,2023,3327744.42,3327744.42,True,,2023-05-06 00:00:00,
PRJ-010710,2025,10940659.33,10940659.33,True,,2025-01-18 00:00:00,
PRJ-010711,2026,15371333.16,15371333.16,True,,2026-05-21 00:00:00,
PRJ-010712,2025,10357374.56,10357374.56,True,,2025-01-04 00:00:00,
PRJ-010713,2025,18362525.3,18362525.3,True,,2025-09-26 00:00:00,
PRJ-010714,2025,27533806.78,27533806.78,True,,2025-11-09 00:00:00,
PRJ-010715,2026,6460877.25,6460877.25,True,,2026-09-16 00:00:00,
PRJ-010716,2025,25530411.33,25530411.33,True,,2025-06-05 00:00:00,
PRJ-010717,2024,4722265.7,4722265.7,True,,2024-04-11 00:00:00,
PRJ-010718,2024,13804654.86,13804654.86,True,,2024-02-01 00:00:00,
PRJ-010719,2025,29161461.04,29161461.04,True,,2025-02-10 00:00:00,
PRJ-010720,2023,26600598.24,26600598.24,True,,2023-11-08 00:00:00,
PRJ-010721,2025,18571398.99,18571398.99,True,,2025-10-17 00:00:00,
PRJ-010722,2026,27922983.74,27922983.74,True,,2026-09-18 00:00:00,
PRJ-010723,2025,6236676.79,6236676.79,True,,2025-06-14 00:00:00,
PRJ-010724,2025,8188247.57,8188247.57,True,,2025-06-13 00:00:00,
PRJ-010725,2025,27250954.96,27250954.96,True,,2025-10-27 00:00:00,
PRJ-010726,2023,15262516.43,15262516.43,True,,2023-03-11 00:00:00,
PRJ-010727,2026,28782342.76,28782342.76,True,,2026-01-10 00:00:00,
PRJ-010728,2023,697531.38,697531.38,True,,2023-06-18 00:00:00,
PRJ-010729,2023,12119990.71,12119990.71,True,,2023-07-20 00:00:00,
PRJ-010730,2025,29814927.4,29814927.4,True,,2025-06-24 00:00:00,
PRJ-010731,2026,25406022.79,25406022.79,True,,2026-05-22 00:00:00,
PRJ-010732,2025,5909996.01,5909996.01,True,,2025-06-17 00:00:00,
PRJ-010733,2026,11116693.67,11116693.67,True,,2026-04-23 00:00:00,
PRJ-010734,2026,25145076.56,25145076.56,True,,2026-07-16 00:00:00,
PRJ-010735,2026,10143012.12,10143012.12,True,,2026-07-03 00:00:00,
PRJ-010736,2026,15543582.14,15543582.14,True,,2026-06-02 00:00:00,
PRJ-010737,2026,25469967.09,25469967.09,True,,2026-01-04 00:00:00,
PRJ-010738,2024,27641737.91,27641737.91,True,,2024-02-25 00:00:00,
PRJ-010739,2025,25393708.55,25393708.55,True,,2025-11-26 00:00:00,
PRJ-010740,2024,19696099.31,19696099.31,True,,2024-09-01 00:00:00,
PRJ-010741,2023,13149002.55,13149002.55,True,,2023-05-04 00:00:00,
PRJ-010742,2025,11376348.93,11376348.93,True,,2025-03-05 00:00:00,
PRJ-010743,2025,12256865.46,12256865.46,True,,2025-06-13 00:00:00,
PRJ-010744,2026,5686154.92,5686154.92,True,,2026-02-08 00:00:00,
PRJ-010745,2025,13733466.39,13733466.39,True,,2025-01-03 00:00:00,
PRJ-010746,2026,6258285.41,6258285.41,True,,2026-06-19 00:00:00,
PRJ-010747,2024,8650483.52,8650483.52,True,,2024-08-23 00:00:00,
PRJ-010748,2025,7259359.24,7259359.24,True,,2025-05-09 00:00:00,
PRJ-010749,2026,12530103.54,12530103.54,True,,2026-05-14 00:00:00,
PRJ-010750,2026,25627238.08,25627238.08,True,,2026-01-08 00:00:00,
PRJ-010751,2026,21778561.59,21778561.59,True,,2026-02-10 00:00:00,
PRJ-010752,2023,18848408.56,18848408.56,True,,2023-09-19 00:00:00,
PRJ-010753,2024,21318406.11,21318406.11,True,,2024-12-25 00:00:00,
PRJ-010754,2024,3929771.06,3929771.06,True,,2024-06-15 00:00:00,
PRJ-010755,2023,23459626.94,23459626.94,True,,2023-03-04 00:00:00,
PRJ-010756,2023,3973233.68,3973233.68,True,,2023-11-09 00:00:00,
PRJ-010757,2025,10816909.9,10816909.9,True,,2025-01-04 00:00:00,
PRJ-010758,2023,28445980.86,28445980.86,True,,2023-06-27 00:00:00,
PRJ-010759,2025,4325037.17,4325037.17,True,,2025-11-03 00:00:00,
PRJ-010760,2026,19323264.99,19323264.99,True,,2026-07-09 00:00:00,
PRJ-010761,2023,23258452.88,23258452.88,True,,2023-08-16 00:00:00,
PRJ-010762,2026,3721440.72,3721440.72,True,,2026-09-18 00:00:00,
PRJ-010763,2023,16831491.73,16831491.73,True,,2023-03-24 00:00:00,
PRJ-010764,2024,23193065.7,23193065.7,True,,2024-12-23 00:00:00,
PRJ-010765,2024,24421006.68,24421006.68,True,,2024-10-15 00:00:00,
PRJ-010766,2023,7441627.7,7441627.7,True,,2023-01-16 00:00:00,
PRJ-010767,2023,13750714.9,13750714.9,True,,2023-01-21 00:00:00,
PRJ-010768,2025,26110690.76,26110690.76,True,,2025-05-13 00:00:00,
PRJ-010769,2026,8687115.9,8687115.9,True,,2026-07-19 00:00:00,
PRJ-010770,2023,7089522.47,7089522.47,True,,2023-12-26 00:00:00,
PRJ-010771,2023,12426846.35,12426846.35,True,,2023-08-14 00:00:00,
PRJ-010772,2026,11360432.26,11360432.26,True,,2026-09-18 00:00:00,
PRJ-010773,2024,5801571.0,5801571.0,True,,2024-05-05 00:00:00,
PRJ-010774,2023,7797053.9,7797053.9,True,,2023-06-02 00:00:00,
PRJ-010775,2023,3036799.77,3036799.77,True,,2023-02-20 00:00:00,
PRJ-010776,2026,5538129.71,5538129.71,True,,2026-08-10 00:00:00,
PRJ-010777,2024,24878793.32,24878793.32,True,,2024-05-08 00:00:00,
PRJ-010778,2026,22137341.32,22137341.32,True,,2026-03-10 00:00:00,
PRJ-010779,2025,15049818.83,15049818.83,True,,2025-06-09 00:00:00,
PRJ-010780,2024,17320422.83,17320422.83,True,,2024-01-07 00:00:00,
PRJ-010781,2024,18842520.05,18842520.05,True,,2024-04-06 00:00:00,
PRJ-010782,2024,2756909.06,2756909.06,True,,2024-05-14 00:00:00,
PRJ-010783,2024,10578085.61,10578085.61,True,,2024-05-23 00:00:00,
PRJ-010784,2024,29820072.2,29820072.2,True,,2024-01-01 00:00:00,
PRJ-010785,2025,27740440.47,27740440.47,True,,2025-03-10 00:00:00,
PRJ-010786,2025,9478336.46,9478336.46,True,,2025-09-08 00:00:00,
PRJ-010787,2026,29014945.32,29014945.32,True,,2026-08-20 00:00:00,
PRJ-010788,2024,18807373.02,18807373.02,True,,2024-01-17 00:00:00,
PRJ-010789,2024,18104903.13,18104903.13,True,,2024-06-06 00:00:00,
PRJ-010790,2025,7861024.55,7861024.55,True,,2025-05-13 00:00:00,
PRJ-010791,2025,29365377.63,29365377.63,True,,2025-06-02 00:00:00,
PRJ-010792,2026,17713129.99,17713129.99,True,,2026-03-19 00:00:00,
PRJ-010793,2024,10151433.9,10151433.9,True,,2024-12-27 00:00:00,
PRJ-010794,2024,24074028.1,24074028.1,True,,2024-11-13 00:00:00,
PRJ-010795,2023,21570785.52,21570785.52,True,,2023-11-01 00:00:00,
PRJ-010796,2023,6270703.92,6270703.92,True,,2023-11-06 00:00:00,
PRJ-010797,2025,3644819.14,3644819.14,True,,2025-08-20 00:00:00,
PRJ-010798,2024,10344505.48,10344505.48,True,,2024-03-19 00:00:00,
PRJ-010799,2024,29845318.61,29845318.61,True,,2024-07-07 00:00:00,
PRJ-010800,2024,15697645.72,15697645.72,True,,2024-04-18 00:00:00,
PRJ-010801,2024,12260238.43,12260238.43,True,,2024-08-15 00:00:00,
PRJ-010802,2024,12973945.4,12973945.4,True,,2024-04-17 00:00:00,
PRJ-010803,2024,25480873.18,25480873.18,True,,2024-07-05 00:00:00,
PRJ-010804,2024,21941587.7,21941587.7,True,,2024-07-14 00:00:00,
PRJ-010805,2025,826669.19,826669.19,True,,2025-08-20 00:00:00,
PRJ-010806,2024,24937346.87,24937346.87,True,,2024-06-27 00:00:00,
PRJ-010807,2026,11634332.37,11634332.37,True,,2026-08-06 00:00:00,
PRJ-010808,2023,13822421.71,13822421.71,True,,2023-10-09 00:00:00,
PRJ-010809,2023,19817100.09,19817100.09,True,,2023-09-14 00:00:00,
PRJ-010810,2024,6205113.43,6205113.43,True,,2024-07-01 00:00:00,
PRJ-010811,2026,25853451.22,25853451.22,True,,2026-05-05 00:00:00,
PRJ-010812,2025,13642617.87,13642617.87,True,,2025-03-07 00:00:00,
PRJ-010813,2025,7661611.9,7661611.9,True,,2025-08-09 00:00:00,
PRJ-010814,2023,5924225.84,5924225.84,True,,2023-07-03 00:00:00,
PRJ-010815,2024,27639319.27,27639319.27,True,,2024-02-18 00:00:00,
PRJ-010816,2025,29967085.02,29967085.02,True,,2025-11-09 00:00:00,
PRJ-010817,2026,6322923.31,6322923.31,True,,2026-09-09 00:00:00,
PRJ-010818,2026,1455149.3,1455149.3,True,,2026-01-09 00:00:00,
PRJ-010819,2023,4274887.75,4274887.75,True,,2023-11-05 00:00:00,
PRJ-010820,2026,22075991.77,22075991.77,True,,2026-01-03 00:00:00,
PRJ-010821,2023,27323138.64,27323138.64,True,,2023-07-17 00:00:00,
PRJ-010822,2023,22336054.99,22336054.99,True,,2023-07-08 00:00:00,
PRJ-010823,2026,18702140.04,18702140.04,True,,2026-08-16 00:00:00,
PRJ-010824,2023,21257451.26,21257451.26,True,,2023-04-14 00:00:00,
PRJ-010825,2024,27306633.67,27306633.67,True,,2024-12-15 00:00:00,
PRJ-010826,2024,3114441.03,3114441.03,True,,2024-12-24 00:00:00,
PRJ-010827,2025,3491620.46,3491620.46,True,,2025-10-21 00:00:00,
PRJ-010828,2026,24507713.04,24507713.04,True,,2026-05-03 00:00:00,
PRJ-010829,2023,15271478.74,15271478.74,True,,2023-03-09 00:00:00,
PRJ-010830,2025,15709239.4,15709239.4,True,,2025-08-12 00:00:00,
PRJ-010831,2025,9313691.69,9313691.69,True,,2025-06-26 00:00:00,
PRJ-010832,2023,8825617.96,8825617.96,True,,2023-05-08 00:00:00,
PRJ-010833,2023,6133444.12,6133444.12,True,,2023-07-08 00:00:00,
