numri_angazhimit,numri_kontrates,kodi_projekti,kodi_llogarie_ekonomike,kodi_institucioni,nipt_perfituesit,vlera_angazhuar,statusi_aprovuar,periudha_muaji,periudha_viti,kodi_ministrie_linje,kodi_kapitulli,kodi_programi,kodi_entitet_qeverises,kodi_thesar_dege,kodi_tip_buxheti
ANG-0000001,KontratëNr-0000002,PRJ-006496,231,INST-0991,M12127026K,99820.0,Po,5,2025,Ministria e Shëndetësisë dhe Mbrojtjes Sociale,Kapitulli 3,,Vendore,Elbasan,Buxheti i Shtetit
ANG-0000002,KontratëNr-0000003,PRJ-006500,230,INST-0133,L82007020D,41000.0,Po,6,2025,Ministria e Arsimit dhe Sportit,Kapitulli 5,,Qendrore,Vlorë,Të ardhura të trashiguara
ANG-0000003,KontratëNr-0000004,PRJ-006495,230,INST-0133,L92713601Q,3695821.0,Po,3,2025,Ministria e Arsimit dhe Sportit,Kapitulli 4,,SHA,Elbasan,Financim i huaj
ANG-0000004,,PRJ-006497,231,INST-0134,M11307042L,2198340.0,Po,10,2025,Ministria e Shëndetësisë dhe Mbrojtjes Sociale,Kapitulli 5,,Qendrore,Tiranë,Të ardhura të trashiguara
ANG-0000005,KontratëNr-0000006,PRJ-006498,231,INST-0134,J84003411K,6853910.5,Po,5,2025,Ministria e Arsimit dhe Sportit,Kapitulli 3,,Vendore,Korçë,Të ardhura të trashiguara
ANG-0000006,KontratëNr-0000007,PRJ-006499,231,INST-0134,K51612031J,49950.0,Po,10,2025,Ministria e Shëndetësisë dhe Mbrojtjes Sociale,Kapitulli 3,,Qendrore,Fier,Të ardhura të trashiguara
ANG-0000007,KontratëNr-0000008,PRJ-006485,231,INST-0159,K91530017T,93125.0,Po,12,2025,Ministria e Infrastruktures dhe Energjisë,Kapitulli 6,,Vendore,Shkodër,Buxheti i Shtetit
ANG-0000008,,PRJ-006487,230,INST-0164,K22218003V,141000.0,Po,12,2025,Ministria e Financave dhe Ekonomisë,Kapitulli 7,,Qendrore,Fier,Të ardhura të trashiguara
ANG-0000009,KontratëNr-0000010,PRJ-006492,230,INST-0568,K41420001V,111250.0,Po,12,2025,Ministria e Shëndetësisë dhe Mbrojtjes Sociale,Kapitulli 3,,SHA,Shkodër,Të ardhura të trashiguara
ANG-0000010,KontratëNr-0000011,PRJ-006482,231,INST-0541,K91628001D,1492000.0,Po,12,2025,Ministria e Shëndetësisë dhe Mbrojtjes Sociale,Kapitulli 5,,Qendrore,Elbasan,Financim i huaj
ANG-0000011,,PRJ-006489,230,INST-0487,J61813529P,8479152.0,Po,12,2025,Ministria e Bujqësisë dhe Zhvillimit Rural,Kapitulli 3,,Vendore,Fier,Buxheti i Shtetit
ANG-0000012,,PRJ-006490,230,INST-0496,J62903182B,30235385.0,Po,3,2025,Ministria e Infrastruktures dhe Energjisë,Kapitulli 5,,SHA,Elbasan,Buxheti i Shtetit
ANG-0000013,KontratëNr-0000014,PRJ-006484,231,INST-0165,K17710805A,15979677.5,Po,9,2025,Ministria e Infrastruktures dhe Energjisë,Kapitulli 7,,SHA,Fier,Buxheti i Shtetit
ANG-0000014,,PRJ-006479,231,INST-0057,J61814094W,2234758.0,Po,12,2025,Ministria e Financave dhe Ekonomisë,Kapitulli 7,,Vendore,Durrës,Të ardhura të trashiguara
ANG-0000015,KontratëNr-0000016,PRJ-006480,230,INST-0057,K21711502V,1923663.06,Po,12,2025,Ministria e Shëndetësisë dhe Mbrojtjes Sociale,Kapitulli 7,,Qendrore,Korçë,Buxheti i Shtetit
ANG-0000016,KontratëNr-0000017,PRJ-006475,231,INST-0853,J76705049N,238390.0,Po,12,2025,Ministria e Infrastruktures dhe Energjisë,Kapitulli 5,,Qendrore,Fier,Financim i huaj
ANG-0000017,KontratëNr-0000018,PRJ-006476,231,INST-0173,L01325010Q,1819000.0,Po,12,2025,Ministria e Arsimit dhe Sportit,Kapitulli 2,,Qendrore,Korçë,Financim i huaj
ANG-0000018,KontratëNr-0000019,PRJ-006477,231,INST-0644,K31420012M,0.0,Po,12,2025,Ministria e Brendshme,Kapitulli 7,,Vendore,Fier,Të ardhura të trashiguara
ANG-0000019,KontratëNr-0000020,PRJ-006433,230,INST-0915,K21518003F,36040376.0,Po,9,2025,Ministria e Arsimit dhe Sportit,Kapitulli 7,,Qendrore,Tiranë,Të ardhura të trashiguara
ANG-0000020,KontratëNr-0000021,PRJ-006431,230,INST-0168,J77119021M,959091.2,Po,12,2025,Ministria e Brendshme,Kapitulli 2,,Qendrore,Tiranë,Të ardhura të trashiguara
ANG-0000021,KontratëNr-0000022,PRJ-006432,230,INST-0146,K71903025A,0.0,Po,12,2025,Ministria e Brendshme,Kapitulli 5,,Vendore,Tiranë,Të ardhura të trashiguara
ANG-0000022,,PRJ-006430,230,INST-1002,K64108001G,2795000.0,Po,12,2025,Ministria e Financave dhe Ekonomisë,Kapitulli 2,,Vendore,Vlorë,Të ardhura të trashiguara
ANG-0000023,KontratëNr-0000024,PRJ-006424,230,INST-0328,K11715005L,100000.0,Po,1,2026,Ministria e Shëndetësisë dhe Mbrojtjes Sociale,Kapitulli 5,,Vendore,Shkodër,Buxheti i Shtetit
ANG-0000024,KontratëNr-0000025,PRJ-006425,231,INST-0395,L42018012R,68340.0,Po,1,2026,Ministria e Arsimit dhe Sportit,Kapitulli 4,,Vendore,Durrës,Të ardhura të trashiguara
ANG-0000025,KontratëNr-0000026,PRJ-006426,230,INST-0395,K61628006R,5833.0,Po,1,2026,Ministria e Financave dhe Ekonomisë,Kapitulli 2,,SHA,Tiranë,Buxheti i Shtetit
ANG-0000026,KontratëNr-0000027,PRJ-006417,230,INST-0161,M31520504K,100000.0,Po,1,2026,Ministria e Shëndetësisë dhe Mbrojtjes Sociale,Kapitulli 3,,SHA,Durrës,Të ardhura të trashiguara
ANG-0000027,KontratëNr-0000028,PRJ-006419,230,INST-0568,K62315503U,75000.0,Po,1,2026,Ministria e Shëndetësisë dhe Mbrojtjes Sociale,Kapitulli 3,,SHA,Shkodër,Financim i huaj
ANG-0000028,KontratëNr-0000029,PRJ-006422,231,INST-0621,K31422029Q,100000.0,Po,1,2026,Ministria e Arsimit dhe Sportit,Kapitulli 7,,Qendrore,Korçë,Financim i huaj
ANG-0000029,KontratëNr-0000030,PRJ-006423,230,INST-0621,K31422029Q,100000.0,Po,1,2026,Ministria e Brendshme,Kapitulli 5,,Qendrore,Tiranë,Buxheti i Shtetit
ANG-0000030,KontratëNr-0000031,PRJ-006418,230,INST-0172,K62315503U,75000.0,Po,1,2026,Ministria e Brendshme,Kapitulli 1,,SHA,Tiranë,Të ardhura të trashiguara
ANG-0000031,KontratëNr-0000032,PRJ-006411,230,INST-0243,K29824103U,74410.0,Po,1,2026,Ministria e Bujqësisë dhe Zhvillimit Rural,Kapitulli 4,,SHA,Tiranë,Financim i huaj
ANG-0000032,KontratëNr-0000033,PRJ-006414,230,INST-0057,M31520504K,83333.0,Po,1,2026,Ministria e Shëndetësisë dhe Mbrojtjes Sociale,Kapitulli 1,,Vendore,Fier,Financim i huaj
ANG-0000033,KontratëNr-0000034,PRJ-006415,231,INST-0853,L28029301Q,100000.0,Po,1,2026,Ministria e Infrastruktures dhe Energjisë,Kapitulli 1,,Qendrore,Korçë,Buxheti i Shtetit
ANG-0000034,KontratëNr-0000035,PRJ-006416,231,INST-0098,K62315503U,75000.0,Po,1,2026,Ministria e Arsimit dhe Sportit,Kapitulli 2,,SHA,Tiranë,Buxheti i Shtetit
ANG-0000035,KontratëNr-0000036,PRJ-006410,230,INST-0337,K62315503U,99000.0,Po,1,2026,Ministria e Arsimit dhe Sportit,Kapitulli 1,,Vendore,Vlorë,Të ardhura të trashiguara
ANG-0000036,KontratëNr-0000037,PRJ-006408,230,INST-0144,L77406402A,97920.0,Po,1,2026,Ministria e Brendshme,Kapitulli 1,,Qendrore,Vlorë,Financim i huaj
ANG-0000037,KontratëNr-0000038,PRJ-006409,230,INST-1010,M22314001N,100000.0,Po,1,2026,Ministria e Brendshme,Kapitulli 6,,Qendrore,Elbasan,Buxheti i Shtetit
ANG-0000038,KontratëNr-0000039,PRJ-006403,231,INST-0456,M31520504K,83333.0,Po,1,2026,Ministria e Shëndetësisë dhe Mbrojtjes Sociale,Kapitulli 4,,SHA,Elbasan,Financim i huaj
ANG-0000039,,PRJ-006405,231,INST-0162,J71601012S,7340.0,Po,1,2026,Ministria e Arsimit dhe Sportit,Kapitulli 6,,SHA,Tiranë,Financim i huaj
ANG-0000040,,PRJ-006407,231,INST-0405,J64103483H,16000.0,Po,1,2026,Ministria e Infrastruktures dhe Energjisë,Kapitulli 1,,SHA,Korçë,Të ardhura të trashiguara
ANG-0000041,KontratëNr-0000042,PRJ-006406,230,INST-0243,L28029301Q,100.0,Po,1,2026,Ministria e Financave dhe Ekonomisë,Kapitulli 6,,SHA,Vlorë,Buxheti i Shtetit
ANG-0000042,KontratëNr-0000043,PRJ-006399,230,INST-0019,K62315503U,75000.0,Po,1,2026,Ministria e Bujqësisë dhe Zhvillimit Rural,Kapitulli 1,,Vendore,Vlorë,Të ardhura të trashiguara
ANG-0000043,KontratëNr-0000044,PRJ-006398,230,INST-0242,M31520504K,100000.0,Po,1,2026,Ministria e Infrastruktures dhe Energjisë,Kapitulli 4,,Vendore,Vlorë,Të ardhura të trashiguara
ANG-0000044,KontratëNr-0000045,PRJ-006401,230,INST-0985,M53420402O,100000.0,Po,1,2026,Ministria e Infrastruktures dhe Energjisë,Kapitulli 6,,Vendore,Fier,Të ardhura të trashiguara
ANG-0000045,KontratëNr-0000046,PRJ-006402,231,INST-0172,L71719018A,1144480.0,Po,1,2026,Ministria e Shëndetësisë dhe Mbrojtjes Sociale,Kapitulli 5,,Qendrore,Elbasan,Financim i huaj
ANG-0000046,KontratëNr-0000047,PRJ-006400,230,INST-0334,K41420001V,618000.0,Po,1,2026,Ministria e Financave dhe Ekonomisë,Kapitulli 3,,Vendore,Vlorë,Të ardhura të trashiguara
ANG-0000047,KontratëNr-0000048,PRJ-006396,230,INST-0332,K41420001V,133500.0,Po,1,2026,Ministria e Shëndetësisë dhe Mbrojtjes Sociale,Kapitulli 1,,SHA,Korçë,Financim i huaj
ANG-0000048,KontratëNr-0000049,PRJ-006392,230,INST-0172,K13127201O,132250.0,Po,1,2026,Ministria e Bujqësisë dhe Zhvillimit Rural,Kapitulli 1,,Vendore,Shkodër,Të ardhura të trashiguara
ANG-0000049,KontratëNr-0000050,PRJ-006388,230,INST-0133,K41420001V,1780000.0,Po,1,2026,Ministria e Infrastruktures dhe Energjisë,Kapitulli 3,,Vendore,Korçë,Buxheti i Shtetit
ANG-0000050,KontratëNr-0000051,PRJ-006389,230,INST-0621,K41420001V,369520.0,Po,1,2026,Ministria e Shëndetësisë dhe Mbrojtjes Sociale,Kapitulli 5,,SHA,Fier,Financim i huaj
ANG-0000051,KontratëNr-0000052,PRJ-006390,231,INST-1014,K72218022J,14685.0,Po,1,2026,Ministria e Arsimit dhe Sportit,Kapitulli 4,,Qendrore,Durrës,Buxheti i Shtetit
ANG-0000052,KontratëNr-0000053,PRJ-006387,231,INST-0243,J61905015B,16712100.0,Po,1,2026,Ministria e Infrastruktures dhe Energjisë,Kapitulli 3,,SHA,Tiranë,Buxheti i Shtetit
ANG-0000053,KontratëNr-0000054,PRJ-006384,231,INST-0645,L12510413V,1426692.3,Po,1,2026,Ministria e Bujqësisë dhe Zhvillimit Rural,Kapitulli 6,,SHA,Fier,Financim i huaj
ANG-0000054,KontratëNr-0000055,PRJ-006385,230,INST-0877,K31321008J,123750.0,Po,1,2026,Ministria e Shëndetësisë dhe Mbrojtjes Sociale,Kapitulli 2,,Qendrore,Vlorë,Buxheti i Shtetit
ANG-0000055,KontratëNr-0000056,PRJ-006382,231,INST-0535,L61312008O,60000.0,Po,1,2026,Ministria e Financave dhe Ekonomisë,Kapitulli 4,,SHA,Vlorë,Buxheti i Shtetit
ANG-0000056,,PRJ-006383,231,INST-0355,L64425401K,447500.0,Po,1,2026,Ministria e Financave dhe Ekonomisë,Kapitulli 6,,Vendore,Tiranë,Të ardhura të trashiguara
ANG-0000057,KontratëNr-0000058,PRJ-006375,231,INST-0133,J64103422D,94752.0,Po,1,2026,Ministria e Bujqësisë dhe Zhvillimit Rural,Kapitulli 5,,Vendore,Korçë,Financim i huaj
ANG-0000058,,PRJ-006376,231,INST-0098,K72218022J,201600.0,Po,1,2026,Ministria e Brendshme,Kapitulli 5,,SHA,Vlorë,Buxheti i Shtetit
ANG-0000059,KontratëNr-0000060,PRJ-006378,231,INST-0364,L18328201N,99600.0,Po,1,2026,Ministria e Brendshme,Kapitulli 7,,SHA,Vlorë,Financim i huaj
ANG-0000060,KontratëNr-0000061,PRJ-006377,231,INST-1014,L18328201N,99917.0,Po,1,2026,Ministria e Infrastruktures dhe Energjisë,Kapitulli 7,,SHA,Tiranë,Të ardhura të trashiguara
ANG-0000061,KontratëNr-0000062,PRJ-006380,231,INST-0535,J61814028F,66840.0,Po,1,2026,Ministria e Brendshme,Kapitulli 1,,Vendore,Korçë,Të ardhura të trashiguara
ANG-0000062,KontratëNr-0000063,PRJ-006366,231,INST-0554,K61516506H,552000.0,Po,1,2026,Ministria e Bujqësisë dhe Zhvillimit Rural,Kapitulli 5,,Qendrore,Durrës,Të ardhura të trashiguara
ANG-0000063,,PRJ-006373,230,INST-1006,L28029301Q,2232000.0,Po,1,2026,Ministria e Financave dhe Ekonomisë,Kapitulli 4,,SHA,Shkodër,Buxheti i Shtetit
ANG-0000064,KontratëNr-0000065,PRJ-006372,231,INST-0843,L01914003T,484000.0,Po,1,2026,Ministria e Arsimit dhe Sportit,Kapitulli 1,,SHA,Durrës,Financim i huaj
ANG-0000065,KontratëNr-0000066,PRJ-006374,230,INST-0148,L12510413V,2387306.76,Po,1,2026,Ministria e Arsimit dhe Sportit,Kapitulli 6,,Vendore,Vlorë,Financim i huaj
ANG-0000066,KontratëNr-0000067,PRJ-006368,231,INST-1005,L03202402E,99730.0,Po,1,2026,Ministria e Bujqësisë dhe Zhvillimit Rural,Kapitulli 3,,Qendrore,Durrës,Të ardhura të trashiguara
ANG-0000067,KontratëNr-0000068,PRJ-006369,230,INST-1005,K78317002F,5467741.92,Po,1,2026,Ministria e Financave dhe Ekonomisë,Kapitulli 5,,Qendrore,Shkodër,Financim i huaj
ANG-0000068,KontratëNr-0000069,PRJ-006371,231,INST-0666,J62903750A,83500.0,Po,1,2026,Ministria e Shëndetësisë dhe Mbrojtjes Sociale,Kapitulli 1,,Qendrore,Vlorë,Të ardhura të trashiguara
ANG-0000069,KontratëNr-0000070,PRJ-006363,230,INST-0554,M31310054F,2813760.0,Po,1,2026,Ministria e Brendshme,Kapitulli 1,,Qendrore,Shkodër,Financim i huaj
ANG-0000070,KontratëNr-0000071,PRJ-006364,231,INST-0554,K91803020F,2166000.0,Po,1,2026,Ministria e Shëndetësisë dhe Mbrojtjes Sociale,Kapitulli 3,,Qendrore,Durrës,Të ardhura të trashiguara
ANG-0000071,KontratëNr-0000072,PRJ-006365,231,INST-0554,K52207006Q,5100000.0,Po,1,2026,Ministria e Financave dhe Ekonomisë,Kapitulli 4,,SHA,Korçë,Buxheti i Shtetit
ANG-0000072,KontratëNr-0000073,PRJ-006367,230,INST-0554,L72429007F,3540000.0,Po,1,2026,Ministria e Arsimit dhe Sportit,Kapitulli 7,,Qendrore,Vlorë,Financim i huaj
ANG-0000073,KontratëNr-0000074,PRJ-006361,231,INST-0161,K01417001C,80000.0,Po,1,2026,Ministria e Bujqësisë dhe Zhvillimit Rural,Kapitulli 6,,Qendrore,Fier,Të ardhura të trashiguara
ANG-0000074,KontratëNr-0000075,PRJ-006359,230,INST-0920,L61814009B,880000.0,Po,1,2026,Ministria e Financave dhe Ekonomisë,Kapitulli 7,,Vendore,Vlorë,Buxheti i Shtetit
ANG-0000075,KontratëNr-0000076,PRJ-006356,230,INST-0162,K82701401L,99995.0,Po,1,2026,Ministria e Brendshme,Kapitulli 5,,Qendrore,Shkodër,Financim i huaj
ANG-0000076,KontratëNr-0000077,PRJ-006354,231,INST-0244,J91809007H,25000.0,Po,1,2026,Ministria e Arsimit dhe Sportit,Kapitulli 3,,Vendore,Korçë,Financim i huaj
ANG-0000077,KontratëNr-0000078,PRJ-006349,231,INST-0621,J61814028F,12780.0,Po,1,2026,Ministria e Arsimit dhe Sportit,Kapitulli 3,,Vendore,Durrës,Buxheti i Shtetit
ANG-0000078,KontratëNr-0000079,PRJ-006350,230,INST-0337,J61814028F,70120.0,Po,1,2026,Ministria e Financave dhe Ekonomisë,Kapitulli 6,,SHA,Elbasan,Të ardhura të trashiguara
ANG-0000079,KontratëNr-0000080,PRJ-006353,230,INST-0621,L01606034A,27690000.0,Po,1,2026,Ministria e Shëndetësisë dhe Mbrojtjes Sociale,Kapitulli 2,,Qendrore,Elbasan,Të ardhura të trashiguara
ANG-0000080,KontratëNr-0000081,PRJ-006352,231,INST-0516,L31714005J,64750.0,Po,1,2026,Ministria e Shëndetësisë dhe Mbrojtjes Sociale,Kapitulli 7,,SHA,Tiranë,Financim i huaj
ANG-0000081,KontratëNr-0000082,PRJ-006346,230,INST-0119,M42515406V,99960.0,Po,1,2026,Ministria e Arsimit dhe Sportit,Kapitulli 1,,Qendrore,Elbasan,Buxheti i Shtetit
ANG-0000082,,PRJ-006348,231,INST-0337,K13909401G,3990900.0,Po,1,2026,Ministria e Shëndetësisë dhe Mbrojtjes Sociale,Kapitulli 5,,Vendore,Elbasan,Buxheti i Shtetit
ANG-0000083,KontratëNr-0000084,PRJ-006344,230,INST-0958,K51612031J,40500.0,Po,1,2026,Ministria e Financave dhe Ekonomisë,Kapitulli 3,,SHA,Elbasan,Financim i huaj
ANG-0000084,KontratëNr-0000085,PRJ-006342,231,INST-0005,K62202046U,217500.0,Po,1,2026,Ministria e Bujqësisë dhe Zhvillimit Rural,Kapitulli 4,,Vendore,Durrës,Të ardhura të trashiguara
ANG-0000085,KontratëNr-0000086,PRJ-006343,230,INST-0168,K91628009V,115000.0,Po,1,2026,Ministria e Infrastruktures dhe Energjisë,Kapitulli 7,,Vendore,Fier,Të ardhura të trashiguara
ANG-0000086,,PRJ-006345,230,INST-0332,K01515004T,10962.0,Po,1,2026,Ministria e Arsimit dhe Sportit,Kapitulli 6,,Vendore,Durrës,Buxheti i Shtetit
ANG-0000087,KontratëNr-0000088,PRJ-006347,231,INST-0040,K52115005W,21600.0,Po,1,2026,Ministria e Infrastruktures dhe Energjisë,Kapitulli 5,,Vendore,Durrës,Të ardhura të trashiguara
ANG-0000088,KontratëNr-0000089,PRJ-006335,231,INST-0487,J81615501M,45000.0,Po,1,2026,Ministria e Financave dhe Ekonomisë,Kapitulli 2,,Qendrore,Elbasan,Të ardhura të trashiguara
ANG-0000089,KontratëNr-0000090,PRJ-006336,231,INST-0057,L91703022T,6214670.0,Po,1,2026,Ministria e Infrastruktures dhe Energjisë,Kapitulli 2,,Qendrore,Korçë,Të ardhura të trashiguara
ANG-0000090,KontratëNr-0000091,PRJ-006337,230,INST-0122,J61814028F,25860.0,Po,1,2026,Ministria e Brendshme,Kapitulli 5,,Vendore,Fier,Të ardhura të trashiguara
ANG-0000091,KontratëNr-0000092,PRJ-006339,231,INST-0496,K72429007E,11000.0,Po,1,2026,Ministria e Financave dhe Ekonomisë,Kapitulli 4,,Vendore,Vlorë,Financim i huaj
ANG-0000092,KontratëNr-0000093,PRJ-006338,230,INST-0337,K21405001N,34800.0,Po,1,2026,Ministria e Infrastruktures dhe Energjisë,Kapitulli 4,,Vendore,Tiranë,Buxheti i Shtetit
ANG-0000093,KontratëNr-0000094,PRJ-006340,231,INST-0928,K31510059D,57414638.86,Po,1,2026,Ministria e Brendshme,Kapitulli 2,,Qendrore,Fier,Të ardhura të trashiguara
ANG-0000094,KontratëNr-0000095,PRJ-006341,231,INST-0986,K51612031J,135398.0,Po,1,2026,Ministria e Arsimit dhe Sportit,Kapitulli 1,,Vendore,Fier,Të ardhura të trashiguara
ANG-0000095,KontratëNr-0000096,PRJ-006301,231,INST-0566,L92230027U,6902000.0,Po,1,2026,Ministria e Financave dhe Ekonomisë,Kapitulli 4,,Qendrore,Fier,Financim i huaj
ANG-0000096,KontratëNr-0000097,PRJ-006326,230,INST-0989,K21912001R,189000.0,Po,1,2026,Ministria e Brendshme,Kapitulli 7,,Vendore,Elbasan,Buxheti i Shtetit
ANG-0000097,KontratëNr-0000098,PRJ-006332,231,INST-0340,L44719002R,98000.0,Po,1,2026,Ministria e Bujqësisë dhe Zhvillimit Rural,Kapitulli 1,,Vendore,Tiranë,Buxheti i Shtetit
ANG-0000098,KontratëNr-0000099,PRJ-006329,230,INST-0331,K31503045V,43340.0,Po,1,2026,Ministria e Financave dhe Ekonomisë,Kapitulli 2,,Qendrore,Korçë,Buxheti i Shtetit
ANG-0000099,KontratëNr-0000100,PRJ-006327,231,INST-0337,K31503045V,58000.0,Po,1,2026,Ministria e Infrastruktures dhe Energjisë,Kapitulli 7,,SHA,Fier,Të ardhura të trashiguara
ANG-0000100,KontratëNr-0000101,PRJ-006328,230,INST-0337,K21405001N,17400.0,Po,1,2026,Ministria e Infrastruktures dhe Energjisë,Kapitulli 7,,Vendore,Shkodër,Të ardhura të trashiguara
ANG-0000101,KontratëNr-0000102,PRJ-006330,231,INST-0124,J61814028F,226525.0,Po,1,2026,Ministria e Shëndetësisë dhe Mbrojtjes Sociale,Kapitulli 1,,Qendrore,Fier,Buxheti i Shtetit
ANG-0000102,KontratëNr-0000103,PRJ-006322,231,INST-0241,K22518401P,9515925.0,Po,1,2026,Ministria e Shëndetësisë dhe Mbrojtjes Sociale,Kapitulli 5,,SHA,Elbasan,Të ardhura të trashiguara
ANG-0000103,KontratëNr-0000104,PRJ-006313,230,INST-0057,K12512848A,60000.0,Po,1,2026,Ministria e Brendshme,Kapitulli 1,,Qendrore,Fier,Buxheti i Shtetit
ANG-0000104,KontratëNr-0000105,PRJ-006314,230,INST-0337,K01529003M,100000.0,Po,1,2026,Ministria e Infrastruktures dhe Energjisë,Kapitulli 2,,SHA,Elbasan,Buxheti i Shtetit
ANG-0000105,KontratëNr-0000106,PRJ-006316,230,INST-0340,J72124001N,357640.0,Po,1,2026,Ministria e Infrastruktures dhe Energjisë,Kapitulli 4,,Vendore,Fier,Të ardhura të trashiguara
ANG-0000106,KontratëNr-0000107,PRJ-006319,230,INST-0945,J91419001U,180600.0,Po,1,2026,Ministria e Shëndetësisë dhe Mbrojtjes Sociale,Kapitulli 3,,SHA,Tiranë,Financim i huaj
ANG-0000107,KontratëNr-0000108,PRJ-006320,230,INST-0991,K91530017T,2793600.0,Po,1,2026,Ministria e Financave dhe Ekonomisë,Kapitulli 4,,Vendore,Korçë,Të ardhura të trashiguara
ANG-0000108,KontratëNr-0000109,PRJ-006323,231,INST-0337,M01927023H,3189885.0,Po,1,2026,Ministria e Infrastruktures dhe Energjisë,Kapitulli 2,,Vendore,Elbasan,Buxheti i Shtetit
ANG-0000109,KontratëNr-0000110,PRJ-006324,231,INST-0337,K34122965R,100000.0,Po,1,2026,Ministria e Brendshme,Kapitulli 1,,Qendrore,Elbasan,Buxheti i Shtetit
ANG-0000110,KontratëNr-0000111,PRJ-006321,230,INST-0337,K43309402W,52000.0,Po,1,2026,Ministria e Brendshme,Kapitulli 2,,Vendore,Shkodër,Të ardhura të trashiguara
ANG-0000111,KontratëNr-0000112,PRJ-006312,230,INST-1010,L62109024A,100000.0,Po,1,2026,Ministria e Arsimit dhe Sportit,Kapitulli 5,,SHA,Durrës,Financim i huaj
ANG-0000112,KontratëNr-0000113,PRJ-006315,231,INST-0334,L42018012R,13417.0,Po,1,2026,Ministria e Financave dhe Ekonomisë,Kapitulli 6,,Qendrore,Korçë,Buxheti i Shtetit
ANG-0000113,KontratëNr-0000114,PRJ-006318,231,INST-0623,K52115005W,38880.0,Po,1,2026,Ministria e Infrastruktures dhe Energjisë,Kapitulli 3,,Vendore,Fier,Të ardhura të trashiguara
ANG-0000114,,PRJ-006317,230,INST-0334,L83104003D,98000.0,Po,1,2026,Ministria e Brendshme,Kapitulli 6,,Qendrore,Korçë,Buxheti i Shtetit
ANG-0000115,,PRJ-006303,231,INST-0119,K71718012P,3630205.9,Po,1,2026,Ministria e Bujqësisë dhe Zhvillimit Rural,Kapitulli 1,,Qendrore,Shkodër,Buxheti i Shtetit
ANG-0000116,KontratëNr-0000117,PRJ-006299,230,INST-0057,K41926801W,2002.0,Po,1,2026,Ministria e Financave dhe Ekonomisë,Kapitulli 1,,Qendrore,Vlorë,Financim i huaj
ANG-0000117,,PRJ-006300,230,INST-0566,K36503231E,97500.0,Po,1,2026,Ministria e Brendshme,Kapitulli 7,,Vendore,Fier,Buxheti i Shtetit
ANG-0000118,,PRJ-006302,231,INST-0566,K31503045V,179460.0,Po,1,2026,Ministria e Financave dhe Ekonomisë,Kapitulli 2,,SHA,Tiranë,Financim i huaj
ANG-0000119,KontratëNr-0000120,PRJ-006307,231,INST-0337,K01515004T,21924.0,Po,1,2026,Ministria e Infrastruktures dhe Energjisë,Kapitulli 2,,Qendrore,Shkodër,Financim i huaj
ANG-0000120,KontratëNr-0000121,PRJ-006310,230,INST-0337,K52214509N,99900.0,Po,1,2026,Ministria e Shëndetësisë dhe Mbrojtjes Sociale,Kapitulli 1,,Vendore,Vlorë,Të ardhura të trashiguara
ANG-0000121,,PRJ-006294,230,INST-0636,K72218022J,67865.0,Po,1,2026,Ministria e Shëndetësisë dhe Mbrojtjes Sociale,Kapitulli 1,,Vendore,Vlorë,Buxheti i Shtetit
ANG-0000122,KontratëNr-0000123,PRJ-006304,230,INST-0636,K91624505A,720250.0,Po,1,2026,Ministria e Bujqësisë dhe Zhvillimit Rural,Kapitulli 1,,Qendrore,Fier,Buxheti i Shtetit
ANG-0000123,KontratëNr-0000124,PRJ-006305,230,INST-0636,L81325020I,83167.0,Po,1,2026,Ministria e Arsimit dhe Sportit,Kapitulli 5,,Qendrore,Elbasan,Financim i huaj
ANG-0000124,,PRJ-006306,231,INST-0057,K37508925G,4798333.0,Po,1,2026,Ministria e Financave dhe Ekonomisë,Kapitulli 2,,Qendrore,Shkodër,Të ardhura të trashiguara
ANG-0000125,,PRJ-006309,231,INST-0636,K91810005U,28682885.72,Po,1,2026,Ministria e Arsimit dhe Sportit,Kapitulli 6,,SHA,Elbasan,Të ardhura të trashiguara
ANG-0000126,KontratëNr-0000127,PRJ-006298,230,INST-0337,K01529003M,21450.0,Po,1,2026,Ministria e Bujqësisë dhe Zhvillimit Rural,Kapitulli 1,,Vendore,Vlorë,Buxheti i Shtetit
ANG-0000127,,PRJ-006311,230,INST-0136,L76316202J,8333.0,Po,1,2026,Ministria e Shëndetësisë dhe Mbrojtjes Sociale,Kapitulli 4,,SHA,Vlorë,Buxheti i Shtetit
ANG-0000128,KontratëNr-0000129,PRJ-006308,230,INST-0243,K91810005U,30569094.23,Po,1,2026,Ministria e Arsimit dhe Sportit,Kapitulli 2,,Qendrore,Tiranë,Të ardhura të trashiguara
ANG-0000129,KontratëNr-0000130,PRJ-006290,230,INST-0396,K21912001R,37814.0,Po,1,2026,Ministria e Financave dhe Ekonomisë,Kapitulli 5,,SHA,Durrës,Të ardhura të trashiguara
ANG-0000130,KontratëNr-0000131,PRJ-006293,231,INST-0636,K21912001R,15870.0,Po,1,2026,Ministria e Financave dhe Ekonomisë,Kapitulli 7,,SHA,Tiranë,Të ardhura të trashiguara
ANG-0000131,KontratëNr-0000132,PRJ-006296,230,INST-0487,K31418036C,30000.0,Po,1,2026,Ministria e Arsimit dhe Sportit,Kapitulli 2,,Qendrore,Korçë,Buxheti i Shtetit
ANG-0000132,KontratëNr-0000133,PRJ-006295,231,INST-0057,K21912001R,7900.0,Po,1,2026,Ministria e Bujqësisë dhe Zhvillimit Rural,Kapitulli 6,,Vendore,Shkodër,Të ardhura të trashiguara
ANG-0000133,,PRJ-006282,231,INST-0920,K31503045V,390150.0,Po,1,2026,Ministria e Arsimit dhe Sportit,Kapitulli 2,,Vendore,Shkodër,Të ardhura të trashiguara
ANG-0000134,KontratëNr-0000135,PRJ-006283,231,INST-0144,J91419001U,172400.0,Po,1,2026,Ministria e Shëndetësisë dhe Mbrojtjes Sociale,Kapitulli 3,,Vendore,Fier,Buxheti i Shtetit
ANG-0000135,KontratëNr-0000136,PRJ-006285,231,INST-0395,M08428602C,36000.0,Po,1,2026,Ministria e Bujqësisë dhe Zhvillimit Rural,Kapitulli 2,,Vendore,Shkodër,Të ardhura të trashiguara
ANG-0000136,KontratëNr-0000137,PRJ-006286,231,INST-0395,K91530017T,274500.0,Po,1,2026,Ministria e Bujqësisë dhe Zhvillimit Rural,Kapitulli 2,,Vendore,Vlorë,Financim i huaj
ANG-0000137,KontratëNr-0000138,PRJ-006287,230,INST-0395,L91310511L,83200.0,Po,1,2026,Ministria e Arsimit dhe Sportit,Kapitulli 2,,Vendore,Durrës,Të ardhura të trashiguara
ANG-0000138,KontratëNr-0000139,PRJ-006279,230,INST-0446,J63229478K,99950.0,Po,1,2026,Ministria e Financave dhe Ekonomisë,Kapitulli 1,,SHA,Elbasan,Buxheti i Shtetit
ANG-0000139,KontratëNr-0000140,PRJ-006278,231,INST-0168,K91530017T,128700.0,Po,1,2026,Ministria e Brendshme,Kapitulli 2,,SHA,Durrës,Financim i huaj
ANG-0000140,KontratëNr-0000141,PRJ-006280,231,INST-0155,K57923807W,473699.25,Po,1,2026,Ministria e Arsimit dhe Sportit,Kapitulli 5,,Vendore,Vlorë,Buxheti i Shtetit
ANG-0000141,KontratëNr-0000142,PRJ-006281,231,INST-0404,K21915002R,5666.67,Po,1,2026,Ministria e Infrastruktures dhe Energjisë,Kapitulli 7,,SHA,Korçë,Buxheti i Shtetit
ANG-0000142,KontratëNr-0000143,PRJ-006275,230,INST-0328,K46526058R,100000.0,Po,1,2026,Ministria e Financave dhe Ekonomisë,Kapitulli 5,,SHA,Elbasan,Të ardhura të trashiguara
ANG-0000143,KontratëNr-0000144,PRJ-006276,231,INST-0853,K91530017T,1270500.0,Po,1,2026,Ministria e Bujqësisë dhe Zhvillimit Rural,Kapitulli 7,,Vendore,Durrës,Të ardhura të trashiguara
ANG-0000144,KontratëNr-0000145,PRJ-006277,230,INST-0328,K91530017T,72000.0,Po,1,2026,Ministria e Brendshme,Kapitulli 5,,SHA,Fier,Financim i huaj
ANG-0000145,KontratëNr-0000146,PRJ-006271,230,INST-0155,K92201080V,193440.0,Po,1,2026,Ministria e Bujqësisë dhe Zhvillimit Rural,Kapitulli 4,,Qendrore,Tiranë,Buxheti i Shtetit
ANG-0000146,KontratëNr-0000147,PRJ-006274,231,INST-0023,J61814028F,94500.0,Po,1,2026,Ministria e Brendshme,Kapitulli 6,,SHA,Korçë,Buxheti i Shtetit
ANG-0000147,KontratëNr-0000148,PRJ-006273,230,INST-0928,J61814028F,51825.9,Po,1,2026,Ministria e Bujqësisë dhe Zhvillimit Rural,Kapitulli 6,,SHA,Shkodër,Financim i huaj
ANG-0000148,KontratëNr-0000149,PRJ-006272,230,INST-1014,K52115005W,135000.0,Po,1,2026,Ministria e Shëndetësisë dhe Mbrojtjes Sociale,Kapitulli 4,,SHA,Fier,Financim i huaj
ANG-0000149,KontratëNr-0000150,PRJ-006256,231,INST-1002,J61824056O,60083.0,Po,1,2026,Ministria e Infrastruktures dhe Energjisë,Kapitulli 5,,Qendrore,Fier,Buxheti i Shtetit
ANG-0000150,KontratëNr-0000151,PRJ-006257,231,INST-1006,K21405001N,43375.0,Po,1,2026,Ministria e Bujqësisë dhe Zhvillimit Rural,Kapitulli 5,,Qendrore,Shkodër,Financim i huaj
ANG-0000151,KontratëNr-0000152,PRJ-006263,230,INST-0243,L12510413V,1467023.33,Po,1,2026,Ministria e Brendshme,Kapitulli 5,,Vendore,Vlorë,Buxheti i Shtetit
ANG-0000152,KontratëNr-0000153,PRJ-006264,231,INST-0243,K91530017T,847000.0,Po,1,2026,Ministria e Shëndetësisë dhe Mbrojtjes Sociale,Kapitulli 6,,SHA,Korçë,Të ardhura të trashiguara
ANG-0000153,KontratëNr-0000154,PRJ-006265,230,INST-0243,K21405001N,15660.0,Po,1,2026,Ministria e Arsimit dhe Sportit,Kapitulli 4,,Vendore,Vlorë,Të ardhura të trashiguara
ANG-0000154,KontratëNr-0000155,PRJ-006266,230,INST-0243,J61814028F,21300.0,Po,1,2026,Ministria e Arsimit dhe Sportit,Kapitulli 5,,Vendore,Fier,Financim i huaj
ANG-0000155,KontratëNr-0000156,PRJ-006267,231,INST-0243,K01410001N,98206.0,Po,1,2026,Ministria e Infrastruktures dhe Energjisë,Kapitulli 6,,Qendrore,Fier,Buxheti i Shtetit
ANG-0000156,KontratëNr-0000157,PRJ-006268,231,INST-0243,J61813529P,5480000.0,Po,1,2026,Ministria e Infrastruktures dhe Energjisë,Kapitulli 2,,Qendrore,Korçë,Financim i huaj
ANG-0000157,,PRJ-006269,231,INST-0243,L22117021M,1276190.0,Po,1,2026,Ministria e Arsimit dhe Sportit,Kapitulli 2,,Qendrore,Fier,Të ardhura të trashiguara
ANG-0000158,KontratëNr-0000159,PRJ-006260,230,INST-0122,L82729403H,99600.0,Po,1,2026,Ministria e Financave dhe Ekonomisë,Kapitulli 7,,Qendrore,Fier,Financim i huaj
ANG-0000159,,PRJ-006258,230,INST-0147,K92201080V,217675.0,Po,1,2026,Ministria e Financave dhe Ekonomisë,Kapitulli 5,,Vendore,Durrës,Buxheti i Shtetit
ANG-0000160,KontratëNr-0000161,PRJ-006261,231,INST-0663,L82729403H,99660.0,Po,1,2026,Ministria e Financave dhe Ekonomisë,Kapitulli 3,,Vendore,Vlorë,Të ardhura të trashiguara
ANG-0000161,KontratëNr-0000162,PRJ-006262,231,INST-0321,L38513503D,99500.0,Po,1,2026,Ministria e Arsimit dhe Sportit,Kapitulli 4,,Qendrore,Shkodër,Financim i huaj
ANG-0000162,KontratëNr-0000163,PRJ-006259,231,INST-0243,L82916601N,99860.0,Po,1,2026,Ministria e Bujqësisë dhe Zhvillimit Rural,Kapitulli 7,,Vendore,Fier,Buxheti i Shtetit
ANG-0000163,KontratëNr-0000164,PRJ-006237,230,INST-1007,K24305001Q,3609000.0,Po,1,2026,Ministria e Shëndetësisë dhe Mbrojtjes Sociale,Kapitulli 1,,Vendore,Tiranë,Financim i huaj
ANG-0000164,KontratëNr-0000165,PRJ-006238,231,INST-0243,M36515401L,75600.0,Po,1,2026,Ministria e Financave dhe Ekonomisë,Kapitulli 2,,SHA,Tiranë,Financim i huaj
ANG-0000165,KontratëNr-0000166,PRJ-006239,230,INST-0243,K82015004O,40.0,Po,1,2026,Ministria e Shëndetësisë dhe Mbrojtjes Sociale,Kapitulli 1,,Vendore,Fier,Financim i huaj
ANG-0000166,KontratëNr-0000167,PRJ-006240,230,INST-0243,K31521002N,45833.0,Po,1,2026,Ministria e Infrastruktures dhe Energjisë,Kapitulli 2,,Qendrore,Vlorë,Të ardhura të trashiguara
ANG-0000167,KontratëNr-0000168,PRJ-006241,231,INST-0243,K97209002I,99900.0,Po,1,2026,Ministria e Arsimit dhe Sportit,Kapitulli 6,,Qendrore,Korçë,Të ardhura të trashiguara
ANG-0000168,KontratëNr-0000169,PRJ-006243,231,INST-0243,K31418036C,10000.0,Po,1,2026,Ministria e Financave dhe Ekonomisë,Kapitulli 4,,Qendrore,Durrës,Buxheti i Shtetit
ANG-0000169,KontratëNr-0000170,PRJ-006244,231,INST-0243,K62202046U,26100.0,Po,1,2026,Ministria e Arsimit dhe Sportit,Kapitulli 3,,Qendrore,Durrës,Financim i huaj
ANG-0000170,KontratëNr-0000171,PRJ-006245,230,INST-0243,K91530017T,205500.0,Po,1,2026,Ministria e Brendshme,Kapitulli 2,,Qendrore,Durrës,Të ardhura të trashiguara
ANG-0000171,KontratëNr-0000172,PRJ-006246,230,INST-0243,K91530017T,629200.0,Po,1,2026,Ministria e Bujqësisë dhe Zhvillimit Rural,Kapitulli 7,,Qendrore,Tiranë,Të ardhura të trashiguara
ANG-0000172,,PRJ-006247,230,INST-0243,K32527404Q,17000.0,Po,1,2026,Ministria e Infrastruktures dhe Energjisë,Kapitulli 7,,Vendore,Tiranë,Buxheti i Shtetit
ANG-0000173,KontratëNr-0000174,PRJ-006248,230,INST-0243,L53308609S,99600.0,Po,1,2026,Ministria e Shëndetësisë dhe Mbrojtjes Sociale,Kapitulli 7,,Qendrore,Elbasan,Financim i huaj
ANG-0000174,KontratëNr-0000175,PRJ-006249,230,INST-0243,K31520054N,2008900.0,Po,1,2026,Ministria e Shëndetësisë dhe Mbrojtjes Sociale,Kapitulli 5,,Qendrore,Vlorë,Buxheti i Shtetit
ANG-0000175,KontratëNr-0000176,PRJ-006250,230,INST-0243,K01515004T,48600.0,Po,1,2026,Ministria e Brendshme,Kapitulli 5,,SHA,Elbasan,Financim i huaj
ANG-0000176,KontratëNr-0000177,PRJ-006251,231,INST-0437,K53717806Q,505000.0,Po,1,2026,Ministria e Arsimit dhe Sportit,Kapitulli 4,,Vendore,Fier,Të ardhura të trashiguara
ANG-0000177,KontratëNr-0000178,PRJ-006253,230,INST-0442,L64704601S,100000.0,Po,1,2026,Ministria e Financave dhe Ekonomisë,Kapitulli 3,,SHA,Fier,Buxheti i Shtetit
ANG-0000178,KontratëNr-0000179,PRJ-006236,230,INST-0940,K31520054N,3161100.0,Po,1,2026,Ministria e Shëndetësisë dhe Mbrojtjes Sociale,Kapitulli 4,,Vendore,Shkodër,Financim i huaj
ANG-0000179,KontratëNr-0000180,PRJ-006252,231,INST-0915,M21912016U,96500.0,Po,1,2026,Ministria e Bujqësisë dhe Zhvillimit Rural,Kapitulli 4,,Vendore,Fier,Buxheti i Shtetit
ANG-0000180,KontratëNr-0000181,PRJ-006227,230,INST-0621,J91419001U,72266.4,Po,1,2026,Ministria e Bujqësisë dhe Zhvillimit Rural,Kapitulli 7,,Vendore,Vlorë,Të ardhura të trashiguara
ANG-0000181,KontratëNr-0000182,PRJ-006228,231,INST-0169,M11529014H,99850.0,Po,1,2026,Ministria e Brendshme,Kapitulli 6,,Qendrore,Durrës,Buxheti i Shtetit
ANG-0000182,KontratëNr-0000183,PRJ-006229,231,INST-0168,K82717204L,68000.0,Po,1,2026,Ministria e Brendshme,Kapitulli 7,,Vendore,Shkodër,Buxheti i Shtetit
ANG-0000183,KontratëNr-0000184,PRJ-006232,231,INST-1005,K62320012O,14000.0,Po,1,2026,Ministria e Arsimit dhe Sportit,Kapitulli 7,,SHA,Fier,Buxheti i Shtetit
ANG-0000184,KontratëNr-0000185,PRJ-006233,231,INST-1005,L31714005J,10800.0,Po,1,2026,Ministria e Shëndetësisë dhe Mbrojtjes Sociale,Kapitulli 2,,Vendore,Durrës,Financim i huaj
ANG-0000185,,PRJ-006234,230,INST-1005,K92704003T,52400.0,Po,1,2026,Ministria e Bujqësisë dhe Zhvillimit Rural,Kapitulli 5,,Qendrore,Elbasan,Të ardhura të trashiguara
ANG-0000186,KontratëNr-0000187,PRJ-006225,230,INST-0920,L61608005C,51000.0,Po,1,2026,Ministria e Brendshme,Kapitulli 4,,SHA,Durrës,Buxheti i Shtetit
ANG-0000187,KontratëNr-0000188,PRJ-006223,230,INST-0404,J61814009W,470736.0,Po,1,2026,Ministria e Bujqësisë dhe Zhvillimit Rural,Kapitulli 2,,SHA,Korçë,Të ardhura të trashiguara
ANG-0000188,KontratëNr-0000189,PRJ-006221,231,INST-0958,M52617004S,99500.0,Po,1,2026,Ministria e Infrastruktures dhe Energjisë,Kapitulli 3,,SHA,Vlorë,Financim i huaj
ANG-0000189,KontratëNr-0000190,PRJ-006214,231,INST-0396,K26330201T,98000.0,Po,1,2026,Ministria e Infrastruktures dhe Energjisë,Kapitulli 6,,Vendore,Vlorë,Të ardhura të trashiguara
ANG-0000190,KontratëNr-0000191,PRJ-006219,230,INST-0242,K21912001R,540000.0,Po,1,2026,Ministria e Infrastruktures dhe Energjisë,Kapitulli 5,,Qendrore,Shkodër,Buxheti i Shtetit
ANG-0000191,KontratëNr-0000192,PRJ-006216,231,INST-1014,M52617004S,99520.0,Po,1,2026,Ministria e Infrastruktures dhe Energjisë,Kapitulli 3,,Qendrore,Vlorë,Financim i huaj
ANG-0000192,KontratëNr-0000193,PRJ-006217,230,INST-0243,J91809007H,999500.0,Po,1,2026,Ministria e Infrastruktures dhe Energjisë,Kapitulli 2,,Vendore,Fier,Buxheti i Shtetit
ANG-0000193,KontratëNr-0000194,PRJ-006208,231,INST-1006,J62009007F,638750.0,Po,1,2026,Ministria e Infrastruktures dhe Energjisë,Kapitulli 3,,Qendrore,Korçë,Financim i huaj
ANG-0000194,KontratëNr-0000195,PRJ-006210,231,INST-0853,J91809007H,62033.0,Po,1,2026,Ministria e Shëndetësisë dhe Mbrojtjes Sociale,Kapitulli 2,,Vendore,Fier,Financim i huaj
ANG-0000195,KontratëNr-0000196,PRJ-006211,230,INST-0853,M21307517P,100000.0,Po,1,2026,Ministria e Bujqësisë dhe Zhvillimit Rural,Kapitulli 1,,Vendore,Fier,Të ardhura të trashiguara
ANG-0000196,KontratëNr-0000197,PRJ-006212,231,INST-0621,L06319202R,100000.0,Po,1,2026,Ministria e Arsimit dhe Sportit,Kapitulli 2,,Vendore,Shkodër,Financim i huaj
ANG-0000197,KontratëNr-0000198,PRJ-006209,231,INST-0122,K32527404Q,41700.0,Po,1,2026,Ministria e Financave dhe Ekonomisë,Kapitulli 6,,Vendore,Fier,Buxheti i Shtetit
ANG-0000198,,PRJ-006202,231,INST-1006,M11529014H,99900.0,Po,1,2026,Ministria e Financave dhe Ekonomisë,Kapitulli 4,,Vendore,Shkodër,Të ardhura të trashiguara
ANG-0000199,KontratëNr-0000200,PRJ-006203,230,INST-0243,L51315036K,95833.0,Po,1,2026,Ministria e Bujqësisë dhe Zhvillimit Rural,Kapitulli 2,,Vendore,Vlorë,Financim i huaj
ANG-0000200,KontratëNr-0000201,PRJ-006204,230,INST-0172,K16513001T,48000.0,Po,1,2026,Ministria e Arsimit dhe Sportit,Kapitulli 5,,SHA,Vlorë,Buxheti i Shtetit
ANG-0000201,,PRJ-006206,231,INST-0394,K37513520N,6420000.0,Po,1,2026,Ministria e Brendshme,Kapitulli 1,,Vendore,Elbasan,Financim i huaj
ANG-0000202,KontratëNr-0000203,PRJ-006207,230,INST-0394,L01508026P,23436.0,Po,1,2026,Ministria e Infrastruktures dhe Energjisë,Kapitulli 6,,Vendore,Korçë,Financim i huaj
ANG-0000203,KontratëNr-0000204,PRJ-006199,230,INST-0853,K62320012O,46700.0,Po,1,2026,Ministria e Shëndetësisë dhe Mbrojtjes Sociale,Kapitulli 3,,Vendore,Tiranë,Financim i huaj
ANG-0000204,KontratëNr-0000205,PRJ-006200,230,INST-0621,L42215009L,10657231.0,Po,1,2026,Ministria e Financave dhe Ekonomisë,Kapitulli 4,,Vendore,Shkodër,Të ardhura të trashiguara
ANG-0000205,KontratëNr-0000206,PRJ-006198,230,INST-0332,K91530017T,316800.0,Po,1,2026,Ministria e Brendshme,Kapitulli 7,,Qendrore,Durrës,Të ardhura të trashiguara
ANG-0000206,KontratëNr-0000207,PRJ-006197,231,INST-0552,L73431201E,31667.0,Po,1,2026,Ministria e Infrastruktures dhe Energjisë,Kapitulli 4,,Qendrore,Vlorë,Buxheti i Shtetit
ANG-0000207,KontratëNr-0000208,PRJ-006193,231,INST-0645,K21912001R,405000.0,Po,1,2026,Ministria e Arsimit dhe Sportit,Kapitulli 7,,Vendore,Korçë,Buxheti i Shtetit
ANG-0000208,KontratëNr-0000209,PRJ-006194,231,INST-0172,K21912001R,405000.0,Po,1,2026,Ministria e Financave dhe Ekonomisë,Kapitulli 7,,Qendrore,Elbasan,Financim i huaj
ANG-0000209,KontratëNr-0000210,PRJ-006195,231,INST-0172,L11326001A,95000.0,Po,1,2026,Ministria e Infrastruktures dhe Energjisë,Kapitulli 2,,SHA,Durrës,Buxheti i Shtetit
ANG-0000210,KontratëNr-0000211,PRJ-006196,231,INST-0172,L21420002F,98000.0,Po,1,2026,Ministria e Arsimit dhe Sportit,Kapitulli 5,,Vendore,Fier,Buxheti i Shtetit
ANG-0000211,KontratëNr-0000212,PRJ-006192,230,INST-0404,M31625003A,96000.0,Po,1,2026,Ministria e Financave dhe Ekonomisë,Kapitulli 5,,Vendore,Fier,Financim i huaj
ANG-0000212,KontratëNr-0000213,PRJ-006189,231,INST-0098,K41420001V,81000.0,Po,1,2026,Ministria e Brendshme,Kapitulli 3,,SHA,Shkodër,Financim i huaj
ANG-0000213,KontratëNr-0000214,PRJ-006191,230,INST-0396,K21912001R,4240.0,Po,1,2026,Ministria e Shëndetësisë dhe Mbrojtjes Sociale,Kapitulli 5,,SHA,Fier,Buxheti i Shtetit
ANG-0000214,KontratëNr-0000215,PRJ-006190,231,INST-0843,K51914014P,40327.0,Po,1,2026,Ministria e Brendshme,Kapitulli 3,,Qendrore,Tiranë,Buxheti i Shtetit
ANG-0000215,KontratëNr-0000216,PRJ-006188,231,INST-1004,L21508008T,142900.0,Po,1,2026,Ministria e Infrastruktures dhe Energjisë,Kapitulli 1,,Qendrore,Elbasan,Financim i huaj
ANG-0000216,KontratëNr-0000217,PRJ-006187,231,INST-1006,L81729016M,79999.0,Po,1,2026,Ministria e Bujqësisë dhe Zhvillimit Rural,Kapitulli 3,,Qendrore,Tiranë,Buxheti i Shtetit
ANG-0000217,,PRJ-006182,230,INST-0411,J61813529P,2420803.0,Po,1,2026,Ministria e Infrastruktures dhe Energjisë,Kapitulli 3,,Vendore,Tiranë,Buxheti i Shtetit
ANG-0000218,KontratëNr-0000219,PRJ-006183,231,INST-0844,M52410037A,50000.0,Po,1,2026,Ministria e Financave dhe Ekonomisë,Kapitulli 2,,Vendore,Fier,Të ardhura të trashiguara
ANG-0000219,KontratëNr-0000220,PRJ-006184,230,INST-0144,K41420001V,20205.0,Po,1,2026,Ministria e Infrastruktures dhe Energjisë,Kapitulli 2,,Qendrore,Vlorë,Të ardhura të trashiguara
ANG-0000220,KontratëNr-0000221,PRJ-006185,231,INST-0005,K41420001V,16200.0,Po,1,2026,Ministria e Brendshme,Kapitulli 2,,SHA,Durrës,Të ardhura të trashiguara
ANG-0000221,KontratëNr-0000222,PRJ-006186,231,INST-0154,K52115005W,4320.0,Po,1,2026,Ministria e Shëndetësisë dhe Mbrojtjes Sociale,Kapitulli 2,,Qendrore,Shkodër,Të ardhura të trashiguara
ANG-0000222,KontratëNr-0000223,PRJ-006179,230,INST-0437,M51624039U,638000.0,Po,1,2026,Ministria e Infrastruktures dhe Energjisë,Kapitulli 6,,Qendrore,Vlorë,Financim i huaj
ANG-0000223,KontratëNr-0000224,PRJ-006180,230,INST-0337,J61813529P,999936.0,Po,1,2026,Ministria e Arsimit dhe Sportit,Kapitulli 2,,Vendore,Korçë,Buxheti i Shtetit
ANG-0000224,KontratëNr-0000225,PRJ-006176,230,INST-0960,J64103483H,979020.0,Po,1,2026,Ministria e Arsimit dhe Sportit,Kapitulli 2,,SHA,Fier,Buxheti i Shtetit
ANG-0000225,KontratëNr-0000226,PRJ-006177,230,INST-0404,K52115005W,434750.0,Po,1,2026,Ministria e Brendshme,Kapitulli 2,,Qendrore,Durrës,Buxheti i Shtetit
ANG-0000226,KontratëNr-0000227,PRJ-006178,231,INST-0404,M67509801K,99189.0,Po,1,2026,Ministria e Brendshme,Kapitulli 4,,SHA,Tiranë,Financim i huaj
ANG-0000227,KontratëNr-0000228,PRJ-006173,230,INST-0175,L71619028E,1670299.99,Po,1,2026,Ministria e Infrastruktures dhe Energjisë,Kapitulli 6,,Qendrore,Tiranë,Buxheti i Shtetit
ANG-0000228,KontratëNr-0000229,PRJ-006175,230,INST-0172,M02313013G,66600.0,Po,1,2026,Ministria e Bujqësisë dhe Zhvillimit Rural,Kapitulli 5,,SHA,Fier,Të ardhura të trashiguara
ANG-0000229,KontratëNr-0000230,PRJ-006174,230,INST-0404,J91524502R,13634400.0,Po,1,2026,Ministria e Brendshme,Kapitulli 2,,SHA,Tiranë,Buxheti i Shtetit
ANG-0000230,KontratëNr-0000231,PRJ-006169,231,INST-0337,J61912013U,12000.0,Po,1,2026,Ministria e Bujqësisë dhe Zhvillimit Rural,Kapitulli 1,,SHA,Durrës,Financim i huaj
ANG-0000231,KontratëNr-0000232,PRJ-006170,231,INST-0243,L11801011M,292.0,Po,1,2026,Ministria e Arsimit dhe Sportit,Kapitulli 4,,Vendore,Vlorë,Të ardhura të trashiguara
ANG-0000232,KontratëNr-0000233,PRJ-006172,231,INST-0404,K01515004T,20800.0,Po,1,2026,Ministria e Brendshme,Kapitulli 1,,Vendore,Elbasan,Buxheti i Shtetit
ANG-0000233,KontratëNr-0000234,PRJ-006160,230,INST-0514,L86322004V,935000.0,Po,1,2026,Ministria e Bujqësisë dhe Zhvillimit Rural,Kapitulli 1,,SHA,Durrës,Buxheti i Shtetit
ANG-0000234,KontratëNr-0000235,PRJ-006166,230,INST-0172,K41420001V,160200.0,Po,1,2026,Ministria e Brendshme,Kapitulli 7,,SHA,Fier,Buxheti i Shtetit
ANG-0000235,KontratëNr-0000236,PRJ-006162,230,INST-0391,K51612031J,461000.0,Po,1,2026,Ministria e Bujqësisë dhe Zhvillimit Rural,Kapitulli 3,,Qendrore,Fier,Financim i huaj
ANG-0000236,KontratëNr-0000237,PRJ-006164,230,INST-0133,L64704601S,99500.0,Po,1,2026,Ministria e Infrastruktures dhe Energjisë,Kapitulli 4,,Qendrore,Elbasan,Të ardhura të trashiguara
ANG-0000237,KontratëNr-0000238,PRJ-006163,230,INST-0056,K41420001V,320400.0,Po,1,2026,Ministria e Infrastruktures dhe Energjisë,Kapitulli 6,,Vendore,Korçë,Financim i huaj
ANG-0000238,KontratëNr-0000239,PRJ-006165,231,INST-0165,M33120401S,220000.0,Po,1,2026,Ministria e Shëndetësisë dhe Mbrojtjes Sociale,Kapitulli 6,,SHA,Korçë,Të ardhura të trashiguara
ANG-0000239,KontratëNr-0000240,PRJ-006161,230,INST-0404,M12127026K,179900.0,Po,1,2026,Ministria e Shëndetësisë dhe Mbrojtjes Sociale,Kapitulli 1,,Vendore,Elbasan,Financim i huaj
ANG-0000240,KontratëNr-0000241,PRJ-006155,231,INST-0636,K62320012O,65500.0,Po,1,2026,Ministria e Financave dhe Ekonomisë,Kapitulli 4,,Vendore,Vlorë,Të ardhura të trashiguara
ANG-0000241,KontratëNr-0000242,PRJ-006156,231,INST-0172,J62903750A,950000.0,Po,1,2026,Ministria e Infrastruktures dhe Energjisë,Kapitulli 5,,Vendore,Fier,Të ardhura të trashiguara
ANG-0000242,KontratëNr-0000243,PRJ-006158,231,INST-0915,L92511601A,100000.0,Po,1,2026,Ministria e Shëndetësisë dhe Mbrojtjes Sociale,Kapitulli 5,,Qendrore,Durrës,Të ardhura të trashiguara
ANG-0000243,,PRJ-006157,230,INST-0148,K01514009I,2196000.0,Po,1,2026,Ministria e Shëndetësisë dhe Mbrojtjes Sociale,Kapitulli 5,,SHA,Tiranë,Buxheti i Shtetit
ANG-0000244,KontratëNr-0000245,PRJ-006151,231,INST-0621,K62320012O,27500.0,Po,1,2026,Ministria e Shëndetësisë dhe Mbrojtjes Sociale,Kapitulli 4,,Qendrore,Shkodër,Financim i huaj
ANG-0000245,KontratëNr-0000246,PRJ-006152,230,INST-0621,K41420001V,275700.0,Po,1,2026,Ministria e Financave dhe Ekonomisë,Kapitulli 1,,Vendore,Vlorë,Financim i huaj
ANG-0000246,KontratëNr-0000247,PRJ-006145,230,INST-0215,K51612031J,54000.0,Po,1,2026,Ministria e Financave dhe Ekonomisë,Kapitulli 1,,Qendrore,Korçë,Të ardhura të trashiguara
ANG-0000247,KontratëNr-0000248,PRJ-006146,230,INST-0215,L02904408M,99000.0,Po,1,2026,Ministria e Infrastruktures dhe Energjisë,Kapitulli 3,,SHA,Elbasan,Financim i huaj
ANG-0000248,KontratëNr-0000249,PRJ-006147,231,INST-0215,,0.0,Po,1,2026,Ministria e Arsimit dhe Sportit,Kapitulli 5,,SHA,Tiranë,Të ardhura të trashiguara
ANG-0000249,KontratëNr-0000250,PRJ-006148,231,INST-0215,L41517001K,99666.67,Po,1,2026,Ministria e Financave dhe Ekonomisë,Kapitulli 5,,SHA,Korçë,Buxheti i Shtetit
ANG-0000250,KontratëNr-0000251,PRJ-006149,230,INST-0915,J81624501L,6944700.0,Po,1,2026,Ministria e Brendshme,Kapitulli 3,,Vendore,Korçë,Të ardhura të trashiguara
ANG-0000251,KontratëNr-0000252,PRJ-006150,231,INST-0915,M52311039R,108800.0,Po,1,2026,Ministria e Bujqësisë dhe Zhvillimit Rural,Kapitulli 3,,Vendore,Elbasan,Të ardhura të trashiguara
ANG-0000252,KontratëNr-0000253,PRJ-006141,231,INST-0915,K41420001V,50000.0,Po,1,2026,Ministria e Brendshme,Kapitulli 3,,Qendrore,Fier,Buxheti i Shtetit
ANG-0000253,KontratëNr-0000254,PRJ-006142,231,INST-0915,K36504231J,750000.0,Po,1,2026,Ministria e Arsimit dhe Sportit,Kapitulli 7,,Qendrore,Durrës,Buxheti i Shtetit
ANG-0000254,KontratëNr-0000255,PRJ-006143,231,INST-0915,J62903750A,167000.0,Po,1,2026,Ministria e Arsimit dhe Sportit,Kapitulli 2,,SHA,Fier,Të ardhura të trashiguara
ANG-0000255,KontratëNr-0000256,PRJ-006144,230,INST-0915,M21307517P,119120.0,Po,1,2026,Ministria e Shëndetësisë dhe Mbrojtjes Sociale,Kapitulli 3,,SHA,Vlorë,Të ardhura të trashiguara
ANG-0000256,,PRJ-006133,230,INST-0853,M21307517P,159120.0,Po,1,2026,Ministria e Arsimit dhe Sportit,Kapitulli 1,,SHA,Tiranë,Financim i huaj
ANG-0000257,KontratëNr-0000258,PRJ-006134,231,INST-0853,K71616042A,9650.0,Po,1,2026,Ministria e Shëndetësisë dhe Mbrojtjes Sociale,Kapitulli 2,,Vendore,Shkodër,Financim i huaj
ANG-0000258,KontratëNr-0000259,PRJ-006135,230,INST-0853,K71616042A,8300.0,Po,1,2026,Ministria e Infrastruktures dhe Energjisë,Kapitulli 4,,SHA,Korçë,Buxheti i Shtetit
ANG-0000259,KontratëNr-0000260,PRJ-006128,230,INST-0163,L51611004I,744800.0,Po,1,2026,Ministria e Arsimit dhe Sportit,Kapitulli 5,,Vendore,Vlorë,Financim i huaj
ANG-0000260,KontratëNr-0000261,PRJ-006132,231,INST-0394,J63423463I,987500.0,Po,1,2026,Ministria e Financave dhe Ekonomisë,Kapitulli 6,,Vendore,Elbasan,Financim i huaj
ANG-0000261,KontratëNr-0000262,PRJ-006131,230,INST-0404,K21912001R,295000.0,Po,1,2026,Ministria e Infrastruktures dhe Energjisë,Kapitulli 3,,SHA,Tiranë,Buxheti i Shtetit
ANG-0000262,KontratëNr-0000263,PRJ-006117,230,INST-0566,M52213505B,199964.5,Po,1,2026,Ministria e Bujqësisë dhe Zhvillimit Rural,Kapitulli 4,,Qendrore,Tiranë,Buxheti i Shtetit
ANG-0000263,KontratëNr-0000264,PRJ-006119,231,INST-0645,K13001010G,2077697.0,Po,1,2026,Ministria e Shëndetësisë dhe Mbrojtjes Sociale,Kapitulli 2,,Qendrore,Elbasan,Buxheti i Shtetit
ANG-0000264,KontratëNr-0000265,PRJ-006125,230,INST-0023,K91530017T,156750.0,Po,1,2026,Ministria e Arsimit dhe Sportit,Kapitulli 4,,SHA,Vlorë,Të ardhura të trashiguara
ANG-0000265,KontratëNr-0000266,PRJ-006120,230,INST-0215,M41925020A,97000.0,Po,1,2026,Ministria e Infrastruktures dhe Energjisë,Kapitulli 2,,Vendore,Elbasan,Të ardhura të trashiguara
ANG-0000266,KontratëNr-0000267,PRJ-006121,231,INST-0157,K21405001N,49500.0,Po,1,2026,Ministria e Bujqësisë dhe Zhvillimit Rural,Kapitulli 5,,Qendrore,Vlorë,Financim i huaj
ANG-0000267,KontratëNr-0000268,PRJ-006118,230,INST-0122,,0.0,Po,1,2026,Ministria e Financave dhe Ekonomisë,Kapitulli 3,,SHA,Vlorë,Financim i huaj
ANG-0000268,KontratëNr-0000269,PRJ-006122,231,INST-0168,K21405001N,52200.0,Po,1,2026,Ministria e Infrastruktures dhe Energjisë,Kapitulli 2,,SHA,Vlorë,Buxheti i Shtetit
ANG-0000269,KontratëNr-0000270,PRJ-006123,230,INST-0168,K91530017T,381150.0,Po,1,2026,Ministria e Shëndetësisë dhe Mbrojtjes Sociale,Kapitulli 5,,SHA,Tiranë,Të ardhura të trashiguara
ANG-0000270,KontratëNr-0000271,PRJ-006124,231,INST-0555,L61418501V,5909000.0,Po,1,2026,Ministria e Infrastruktures dhe Energjisë,Kapitulli 2,,Qendrore,Durrës,Buxheti i Shtetit
ANG-0000271,KontratëNr-0000272,PRJ-006115,230,INST-0023,J91809007H,299000.0,Po,1,2026,Ministria e Financave dhe Ekonomisë,Kapitulli 6,,SHA,Fier,Të ardhura të trashiguara
ANG-0000272,KontratëNr-0000273,PRJ-006109,230,INST-0396,K32514943B,359999.0,Po,1,2026,Ministria e Brendshme,Kapitulli 5,,Qendrore,Tiranë,Financim i huaj
ANG-0000273,KontratëNr-0000274,PRJ-006110,230,INST-0396,J67902827A,641850.0,Po,1,2026,Ministria e Infrastruktures dhe Energjisë,Kapitulli 6,,Qendrore,Durrës,Financim i huaj
ANG-0000274,KontratëNr-0000275,PRJ-006114,231,INST-0915,M01321501F,99866.0,Po,1,2026,Ministria e Infrastruktures dhe Energjisë,Kapitulli 4,,SHA,Elbasan,Të ardhura të trashiguara
ANG-0000275,KontratëNr-0000276,PRJ-006112,231,INST-0156,K02727229P,6653050.0,Po,1,2026,Ministria e Financave dhe Ekonomisë,Kapitulli 7,,SHA,Korçë,Buxheti i Shtetit
ANG-0000276,KontratëNr-0000277,PRJ-006097,231,INST-0144,M43520402Q,666000.0,Po,1,2026,Ministria e Shëndetësisë dhe Mbrojtjes Sociale,Kapitulli 4,,Qendrore,Korçë,Të ardhura të trashiguara
ANG-0000277,KontratëNr-0000278,PRJ-006096,231,INST-0532,L61814009B,950000.0,Po,1,2026,Ministria e Arsimit dhe Sportit,Kapitulli 2,,SHA,Fier,Të ardhura të trashiguara
ANG-0000278,KontratëNr-0000279,PRJ-006104,231,INST-0919,K62320012O,24200.0,Po,1,2026,Ministria e Infrastruktures dhe Energjisë,Kapitulli 4,,Vendore,Vlorë,Financim i huaj
ANG-0000279,KontratëNr-0000280,PRJ-006092,230,INST-0915,K62320012O,7000.0,Po,1,2026,Ministria e Shëndetësisë dhe Mbrojtjes Sociale,Kapitulli 4,,Vendore,Vlorë,Financim i huaj
ANG-0000280,KontratëNr-0000281,PRJ-006093,230,INST-0157,K51914014P,30329.0,Po,1,2026,Ministria e Shëndetësisë dhe Mbrojtjes Sociale,Kapitulli 6,,SHA,Korçë,Buxheti i Shtetit
ANG-0000281,KontratëNr-0000282,PRJ-006094,230,INST-0404,K62320012O,45500.0,Po,1,2026,Ministria e Financave dhe Ekonomisë,Kapitulli 5,,Vendore,Korçë,Të ardhura të trashiguara
ANG-0000282,,PRJ-006095,231,INST-0404,K31503045V,4336.0,Po,1,2026,Ministria e Infrastruktures dhe Energjisë,Kapitulli 6,,Qendrore,Elbasan,Financim i huaj
ANG-0000283,KontratëNr-0000284,PRJ-006091,230,INST-0404,L52028093R,25.42,Po,1,2026,Ministria e Infrastruktures dhe Energjisë,Kapitulli 2,,Qendrore,Fier,Financim i huaj
ANG-0000284,KontratëNr-0000285,PRJ-006071,231,INST-0154,K19303605O,787683.0,Po,1,2026,Ministria e Shëndetësisë dhe Mbrojtjes Sociale,Kapitulli 3,,Qendrore,Elbasan,Buxheti i Shtetit
ANG-0000285,KontratëNr-0000286,PRJ-006075,231,INST-0554,K31523078F,97800.0,Po,1,2026,Ministria e Brendshme,Kapitulli 7,,SHA,Vlorë,Të ardhura të trashiguara
ANG-0000286,KontratëNr-0000287,PRJ-006076,230,INST-0554,L01305031H,20490.0,Po,1,2026,Ministria e Bujqësisë dhe Zhvillimit Rural,Kapitulli 3,,Qendrore,Fier,Financim i huaj
ANG-0000287,KontratëNr-0000288,PRJ-006077,231,INST-0554,K11715005L,174000.0,Po,1,2026,Ministria e Bujqësisë dhe Zhvillimit Rural,Kapitulli 7,,SHA,Korçë,Financim i huaj
ANG-0000288,KontratëNr-0000289,PRJ-006078,231,INST-0554,L52222034F,1312000.0,Po,1,2026,Ministria e Brendshme,Kapitulli 4,,SHA,Durrës,Buxheti i Shtetit
ANG-0000289,KontratëNr-0000290,PRJ-006079,231,INST-0554,K92201080V,480000.0,Po,1,2026,Ministria e Financave dhe Ekonomisë,Kapitulli 1,,Qendrore,Tiranë,Buxheti i Shtetit
ANG-0000290,KontratëNr-0000291,PRJ-006080,230,INST-0554,L53506205E,97200.0,Po,1,2026,Ministria e Infrastruktures dhe Energjisë,Kapitulli 4,,Qendrore,Tiranë,Financim i huaj
ANG-0000291,,PRJ-006081,231,INST-0554,L27606201D,612100.0,Po,1,2026,Ministria e Arsimit dhe Sportit,Kapitulli 6,,Vendore,Vlorë,Buxheti i Shtetit
ANG-0000292,KontratëNr-0000293,PRJ-006082,231,INST-0554,J62426002Q,162350.0,Po,1,2026,Ministria e Arsimit dhe Sportit,Kapitulli 3,,Qendrore,Tiranë,Financim i huaj
ANG-0000293,KontratëNr-0000294,PRJ-006083,230,INST-0554,L42921001V,736300.0,Po,1,2026,Ministria e Arsimit dhe Sportit,Kapitulli 3,,Vendore,Vlorë,Financim i huaj
ANG-0000294,,PRJ-006084,230,INST-0554,K52505401W,100000.0,Po,1,2026,Ministria e Bujqësisë dhe Zhvillimit Rural,Kapitulli 7,,SHA,Tiranë,Të ardhura të trashiguara
ANG-0000295,KontratëNr-0000296,PRJ-006085,230,INST-0554,K11715005L,10000.0,Po,1,2026,Ministria e Financave dhe Ekonomisë,Kapitulli 5,,Qendrore,Tiranë,Buxheti i Shtetit
ANG-0000296,KontratëNr-0000297,PRJ-006086,230,INST-0554,L28029301Q,227500.0,Po,1,2026,Ministria e Infrastruktures dhe Energjisë,Kapitulli 5,,Vendore,Durrës,Financim i huaj
ANG-0000297,KontratëNr-0000298,PRJ-006087,231,INST-0554,M22723402K,99700.0,Po,1,2026,Ministria e Bujqësisë dhe Zhvillimit Rural,Kapitulli 6,,Qendrore,Elbasan,Të ardhura të trashiguara
ANG-0000298,KontratëNr-0000299,PRJ-006088,230,INST-0554,M01418021A,90500.0,Po,1,2026,Ministria e Brendshme,Kapitulli 4,,Qendrore,Korçë,Financim i huaj
ANG-0000299,KontratëNr-0000300,PRJ-006089,231,INST-0554,J61814110J,17600.0,Po,1,2026,Ministria e Bujqësisë dhe Zhvillimit Rural,Kapitulli 2,,SHA,Shkodër,Buxheti i Shtetit
ANG-0000300,KontratëNr-0000301,PRJ-006090,231,INST-0554,L81704016C,95590.0,Po,1,2026,Ministria e Shëndetësisë dhe Mbrojtjes Sociale,Kapitulli 7,,Vendore,Fier,Të ardhura të trashiguara
ANG-0000301,KontratëNr-0000302,PRJ-006073,231,INST-0242,K42317002N,5.42,Po,1,2026,Ministria e Infrastruktures dhe Energjisë,Kapitulli 5,,Qendrore,Vlorë,Të ardhura të trashiguara
ANG-0000302,KontratëNr-0000303,PRJ-006070,230,INST-0988,M12506803T,689000.0,Po,1,2026,Ministria e Brendshme,Kapitulli 5,,SHA,Durrës,Financim i huaj
ANG-0000303,KontratëNr-0000304,PRJ-006072,230,INST-0985,K06605226B,23.29,Po,1,2026,Ministria e Infrastruktures dhe Energjisë,Kapitulli 7,,SHA,Shkodër,Financim i huaj
ANG-0000304,KontratëNr-0000305,PRJ-006055,231,INST-0023,K31528061N,284000.0,Po,1,2026,Ministria e Infrastruktures dhe Energjisë,Kapitulli 2,,Vendore,Durrës,Buxheti i Shtetit
ANG-0000305,KontratëNr-0000306,PRJ-006054,231,INST-0144,M51616018E,25000.02,Po,1,2026,Ministria e Bujqësisë dhe Zhvillimit Rural,Kapitulli 1,,Vendore,Elbasan,Financim i huaj
ANG-0000306,KontratëNr-0000307,PRJ-006057,230,INST-0172,K41425042N,70000.0,Po,1,2026,Ministria e Financave dhe Ekonomisë,Kapitulli 3,,Vendore,Tiranë,Buxheti i Shtetit
ANG-0000307,,PRJ-006056,231,INST-0334,J62426002Q,70100.0,Po,1,2026,Ministria e Bujqësisë dhe Zhvillimit Rural,Kapitulli 2,,SHA,Shkodër,Financim i huaj
ANG-0000308,KontratëNr-0000309,PRJ-006052,230,INST-0061,L21319037M,20366.0,Po,1,2026,Ministria e Bujqësisë dhe Zhvillimit Rural,Kapitulli 6,,Vendore,Shkodër,Të ardhura të trashiguara
ANG-0000309,KontratëNr-0000310,PRJ-006051,231,INST-0555,K62202046U,306508.8,Po,1,2026,Ministria e Financave dhe Ekonomisë,Kapitulli 2,,Qendrore,Korçë,Buxheti i Shtetit
ANG-0000310,KontratëNr-0000311,PRJ-006050,230,INST-0154,L01508026P,12100.0,Po,1,2026,Ministria e Financave dhe Ekonomisë,Kapitulli 5,,Qendrore,Korçë,Financim i huaj
ANG-0000311,KontratëNr-0000312,PRJ-006048,231,INST-0645,L34603402D,9000.0,Po,1,2026,Ministria e Shëndetësisë dhe Mbrojtjes Sociale,Kapitulli 5,,SHA,Elbasan,Financim i huaj
ANG-0000312,KontratëNr-0000313,PRJ-006049,230,INST-0138,K71819029R,12500.0,Po,1,2026,Ministria e Shëndetësisë dhe Mbrojtjes Sociale,Kapitulli 7,,Qendrore,Fier,Financim i huaj
ANG-0000313,,PRJ-006039,230,INST-1006,K62202046U,17400.0,Po,1,2026,Ministria e Bujqësisë dhe Zhvillimit Rural,Kapitulli 5,,Vendore,Korçë,Buxheti i Shtetit
ANG-0000314,KontratëNr-0000315,PRJ-006040,230,INST-0437,K52115005W,666000.0,Po,1,2026,Ministria e Financave dhe Ekonomisë,Kapitulli 7,,Qendrore,Fier,Financim i huaj
ANG-0000315,KontratëNr-0000316,PRJ-006038,231,INST-0124,K12201002T,535000.0,Po,1,2026,Ministria e Bujqësisë dhe Zhvillimit Rural,Kapitulli 6,,Qendrore,Vlorë,Buxheti i Shtetit
ANG-0000316,KontratëNr-0000317,PRJ-006042,230,INST-0075,L71325020H,580000.0,Po,1,2026,Ministria e Infrastruktures dhe Energjisë,Kapitulli 3,,SHA,Durrës,Buxheti i Shtetit
ANG-0000317,KontratëNr-0000318,PRJ-006035,230,INST-0920,M51714016E,43217.0,Po,1,2026,Ministria e Brendshme,Kapitulli 4,,Qendrore,Durrës,Financim i huaj
ANG-0000318,KontratëNr-0000319,PRJ-006036,231,INST-0964,K21405001N,87000.0,Po,1,2026,Ministria e Arsimit dhe Sportit,Kapitulli 7,,Qendrore,Tiranë,Të ardhura të trashiguara
ANG-0000319,KontratëNr-0000320,PRJ-006032,231,INST-0155,J62426002Q,64332.0,Po,1,2026,Ministria e Arsimit dhe Sportit,Kapitulli 6,,Qendrore,Vlorë,Financim i huaj
ANG-0000320,KontratëNr-0000321,PRJ-006033,231,INST-1005,L01508026P,30000.0,Po,1,2026,Ministria e Financave dhe Ekonomisë,Kapitulli 4,,Qendrore,Elbasan,Financim i huaj
ANG-0000321,KontratëNr-0000322,PRJ-006028,231,INST-0172,K91530017T,1974250.0,Po,1,2026,Ministria e Infrastruktures dhe Energjisë,Kapitulli 6,,Vendore,Korçë,Të ardhura të trashiguara
ANG-0000322,KontratëNr-0000323,PRJ-006029,230,INST-0172,M01321501F,34000.0,Po,1,2026,Ministria e Bujqësisë dhe Zhvillimit Rural,Kapitulli 5,,Vendore,Korçë,Buxheti i Shtetit
ANG-0000323,KontratëNr-0000324,PRJ-006030,231,INST-0172,K42108801C,992992.0,Po,1,2026,Ministria e Shëndetësisë dhe Mbrojtjes Sociale,Kapitulli 5,,SHA,Shkodër,Të ardhura të trashiguara
ANG-0000324,KontratëNr-0000325,PRJ-006031,231,INST-0172,K52115005W,52170.0,Po,1,2026,Ministria e Arsimit dhe Sportit,Kapitulli 6,,Vendore,Korçë,Buxheti i Shtetit
ANG-0000325,KontratëNr-0000326,PRJ-006037,231,INST-0172,L71407038O,390000.0,Po,1,2026,Ministria e Shëndetësisë dhe Mbrojtjes Sociale,Kapitulli 2,,SHA,Durrës,Të ardhura të trashiguara
ANG-0000326,KontratëNr-0000327,PRJ-006015,230,INST-0572,K66801001T,91000.0,Po,1,2026,Ministria e Shëndetësisë dhe Mbrojtjes Sociale,Kapitulli 6,,Vendore,Shkodër,Financim i huaj
ANG-0000327,KontratëNr-0000328,PRJ-006026,231,INST-0915,M11714046V,693000.0,Po,1,2026,Ministria e Arsimit dhe Sportit,Kapitulli 3,,SHA,Elbasan,Buxheti i Shtetit
ANG-0000328,KontratëNr-0000329,PRJ-006013,230,INST-0626,K62315503U,90000.0,Po,1,2026,Ministria e Financave dhe Ekonomisë,Kapitulli 4,,Qendrore,Shkodër,Të ardhura të trashiguara
ANG-0000329,KontratëNr-0000330,PRJ-006011,230,INST-0532,K62320012O,34200.0,Po,1,2026,Ministria e Shëndetësisë dhe Mbrojtjes Sociale,Kapitulli 1,,Qendrore,Korçë,Të ardhura të trashiguara
ANG-0000330,KontratëNr-0000331,PRJ-006010,230,INST-0057,K71707007Q,279000.0,Po,1,2026,Ministria e Financave dhe Ekonomisë,Kapitulli 3,,Qendrore,Shkodër,Buxheti i Shtetit
ANG-0000331,KontratëNr-0000332,PRJ-006009,231,INST-1007,K62320012O,14000.0,Po,1,2026,Ministria e Financave dhe Ekonomisë,Kapitulli 7,,Qendrore,Vlorë,Të ardhura të trashiguara
ANG-0000332,KontratëNr-0000333,PRJ-006006,230,INST-0118,K21405001N,56550.0,Po,1,2026,Ministria e Infrastruktures dhe Energjisë,Kapitulli 7,,SHA,Elbasan,Financim i huaj
ANG-0000333,KontratëNr-0000334,PRJ-006008,230,INST-1012,L82007020D,33000.0,Po,1,2026,Ministria e Infrastruktures dhe Energjisë,Kapitulli 3,,Qendrore,Elbasan,Buxheti i Shtetit
ANG-0000334,KontratëNr-0000335,PRJ-006007,230,INST-0623,L01508026P,100000.0,Po,1,2026,Ministria e Infrastruktures dhe Energjisë,Kapitulli 5,,Qendrore,Korçë,Buxheti i Shtetit
ANG-0000335,KontratëNr-0000336,PRJ-006004,230,INST-0168,K62320012O,96000.0,Po,1,2026,Ministria e Financave dhe Ekonomisë,Kapitulli 1,,Qendrore,Elbasan,Buxheti i Shtetit
ANG-0000336,KontratëNr-0000337,PRJ-006002,230,INST-0243,J61825037N,15000.0,Po,1,2026,Ministria e Shëndetësisë dhe Mbrojtjes Sociale,Kapitulli 7,,SHA,Shkodër,Të ardhura të trashiguara
ANG-0000337,KontratëNr-0000338,PRJ-005997,231,INST-0099,K62320012O,26250.0,Po,1,2026,Ministria e Bujqësisë dhe Zhvillimit Rural,Kapitulli 6,,Qendrore,Tiranë,Financim i huaj
ANG-0000338,KontratëNr-0000339,PRJ-005998,230,INST-0152,K91530017T,4800.0,Po,1,2026,Ministria e Infrastruktures dhe Energjisë,Kapitulli 5,,Qendrore,Tiranë,Buxheti i Shtetit
ANG-0000339,KontratëNr-0000340,PRJ-005999,230,INST-0173,K62320012O,56000.0,Po,1,2026,Ministria e Brendshme,Kapitulli 1,,Qendrore,Korçë,Financim i huaj
ANG-0000340,KontratëNr-0000341,PRJ-006001,231,INST-0156,J63423463I,741000.0,Po,1,2026,Ministria e Bujqësisë dhe Zhvillimit Rural,Kapitulli 2,,SHA,Tiranë,Të ardhura të trashiguara
ANG-0000341,KontratëNr-0000342,PRJ-005994,230,INST-0057,K62320012O,48500.0,Po,1,2026,Ministria e Shëndetësisë dhe Mbrojtjes Sociale,Kapitulli 3,,Qendrore,Elbasan,Të ardhura të trashiguara
ANG-0000342,KontratëNr-0000343,PRJ-005995,230,INST-0238,K62320012O,14000.0,Po,1,2026,Ministria e Infrastruktures dhe Energjisë,Kapitulli 5,,Qendrore,Shkodër,Të ardhura të trashiguara
ANG-0000343,KontratëNr-0000344,PRJ-005988,230,INST-0920,M01316054J,105000.0,Po,1,2026,Ministria e Financave dhe Ekonomisë,Kapitulli 7,,SHA,Durrës,Buxheti i Shtetit
ANG-0000344,KontratëNr-0000345,PRJ-005990,231,INST-0621,K52115005W,33480.0,Po,1,2026,Ministria e Infrastruktures dhe Energjisë,Kapitulli 3,,Vendore,Fier,Financim i huaj
ANG-0000345,KontratëNr-0000346,PRJ-005992,231,INST-0098,L91619016G,494030.0,Po,1,2026,Ministria e Financave dhe Ekonomisë,Kapitulli 7,,Qendrore,Vlorë,Të ardhura të trashiguara
ANG-0000346,,PRJ-005989,231,INST-0915,J61814110J,27500.0,Po,1,2026,Ministria e Financave dhe Ekonomisë,Kapitulli 4,,SHA,Fier,Buxheti i Shtetit
ANG-0000347,KontratëNr-0000348,PRJ-005991,230,INST-1014,K62320012O,47000.0,Po,1,2026,Ministria e Infrastruktures dhe Energjisë,Kapitulli 6,,Vendore,Korçë,Buxheti i Shtetit
ANG-0000348,KontratëNr-0000349,PRJ-005993,230,INST-0243,K62320012O,48400.0,Po,1,2026,Ministria e Financave dhe Ekonomisë,Kapitulli 7,,SHA,Durrës,Buxheti i Shtetit
ANG-0000349,KontratëNr-0000350,PRJ-005978,230,INST-0391,K62320012O,50000.0,Po,1,2026,Ministria e Brendshme,Kapitulli 6,,Qendrore,Durrës,Të ardhura të trashiguara
ANG-0000350,KontratëNr-0000351,PRJ-005982,230,INST-0391,L68727201C,95.15,Po,1,2026,Ministria e Brendshme,Kapitulli 1,,Qendrore,Durrës,Financim i huaj
ANG-0000351,KontratëNr-0000352,PRJ-005984,231,INST-0391,K62721401R,828000.0,Po,1,2026,Ministria e Infrastruktures dhe Energjisë,Kapitulli 2,,SHA,Vlorë,Buxheti i Shtetit
ANG-0000352,KontratëNr-0000353,PRJ-005987,230,INST-0243,K62115018I,95800.0,Po,1,2026,Ministria e Bujqësisë dhe Zhvillimit Rural,Kapitulli 6,,Qendrore,Durrës,Financim i huaj
ANG-0000353,KontratëNr-0000354,PRJ-005986,230,INST-0404,L52202527V,96500.0,Po,1,2026,Ministria e Bujqësisë dhe Zhvillimit Rural,Kapitulli 3,,SHA,Korçë,Buxheti i Shtetit
ANG-0000354,KontratëNr-0000355,PRJ-005976,230,INST-0023,K31503045V,34900.0,Po,1,2026,Ministria e Brendshme,Kapitulli 2,,Qendrore,Tiranë,Buxheti i Shtetit
ANG-0000355,KontratëNr-0000356,PRJ-005969,231,INST-0098,M11817028S,97712.0,Po,1,2026,Ministria e Shëndetësisë dhe Mbrojtjes Sociale,Kapitulli 5,,SHA,Tiranë,Financim i huaj
ANG-0000356,KontratëNr-0000357,PRJ-005972,231,INST-0238,K53002402C,100000.0,Po,1,2026,Ministria e Financave dhe Ekonomisë,Kapitulli 3,,Qendrore,Elbasan,Financim i huaj
ANG-0000357,KontratëNr-0000358,PRJ-005973,231,INST-0238,J91329003O,146335.0,Po,1,2026,Ministria e Shëndetësisë dhe Mbrojtjes Sociale,Kapitulli 3,,SHA,Elbasan,Buxheti i Shtetit
ANG-0000358,,PRJ-005974,231,INST-0915,L97029002L,13000.0,Po,1,2026,Ministria e Shëndetësisë dhe Mbrojtjes Sociale,Kapitulli 1,,Qendrore,Vlorë,Financim i huaj
ANG-0000359,KontratëNr-0000360,PRJ-005975,230,INST-0005,K31422029Q,319168.37,Po,1,2026,Ministria e Financave dhe Ekonomisë,Kapitulli 1,,Vendore,Elbasan,Të ardhura të trashiguara
ANG-0000360,KontratëNr-0000361,PRJ-005977,231,INST-0915,K72223025M,99.88,Po,1,2026,Ministria e Arsimit dhe Sportit,Kapitulli 4,,Qendrore,Fier,Buxheti i Shtetit
ANG-0000361,KontratëNr-0000362,PRJ-005970,230,INST-0238,M31823508U,395000.0,Po,1,2026,Ministria e Arsimit dhe Sportit,Kapitulli 1,,Qendrore,Elbasan,Financim i huaj
ANG-0000362,KontratëNr-0000363,PRJ-005971,231,INST-0238,J61813529P,2500000.0,Po,1,2026,Ministria e Arsimit dhe Sportit,Kapitulli 5,,Vendore,Vlorë,Financim i huaj
ANG-0000363,,PRJ-005968,230,INST-0626,J61905015B,399150.0,Po,1,2026,Ministria e Brendshme,Kapitulli 4,,SHA,Korçë,Buxheti i Shtetit
ANG-0000364,KontratëNr-0000365,PRJ-005965,230,INST-0098,K37507738U,37500.0,Po,1,2026,Ministria e Arsimit dhe Sportit,Kapitulli 7,,Qendrore,Fier,Financim i huaj
ANG-0000365,KontratëNr-0000366,PRJ-005966,230,INST-0626,K21405001N,72500.0,Po,1,2026,Ministria e Bujqësisë dhe Zhvillimit Rural,Kapitulli 7,,SHA,Elbasan,Buxheti i Shtetit
ANG-0000366,KontratëNr-0000367,PRJ-005962,231,INST-0243,K21405001N,125400.0,Po,1,2026,Ministria e Shëndetësisë dhe Mbrojtjes Sociale,Kapitulli 1,,Qendrore,Tiranë,Buxheti i Shtetit
ANG-0000367,KontratëNr-0000368,PRJ-005967,231,INST-0243,J61814028F,156150.0,Po,1,2026,Ministria e Brendshme,Kapitulli 2,,Vendore,Korçë,Buxheti i Shtetit
ANG-0000368,KontratëNr-0000369,PRJ-005963,230,INST-0156,L01914003T,527900.0,Po,1,2026,Ministria e Bujqësisë dhe Zhvillimit Rural,Kapitulli 3,,Qendrore,Tiranë,Financim i huaj
ANG-0000369,KontratëNr-0000370,PRJ-005964,230,INST-0404,L31519018N,96000.0,Po,2,2026,Ministria e Financave dhe Ekonomisë,Kapitulli 1,,Qendrore,Vlorë,Financim i huaj
ANG-0000370,KontratëNr-0000371,PRJ-005957,231,INST-0915,K11507003S,3626290.0,Po,1,2026,Ministria e Brendshme,Kapitulli 7,,Vendore,Korçë,Financim i huaj
ANG-0000371,KontratëNr-0000372,PRJ-005958,230,INST-0915,L01402011E,6000.0,Po,2,2026,Ministria e Shëndetësisë dhe Mbrojtjes Sociale,Kapitulli 3,,Qendrore,Fier,Të ardhura të trashiguara
ANG-0000372,KontratëNr-0000373,PRJ-005961,230,INST-0623,M42411028E,10397500.0,Po,2,2026,Ministria e Brendshme,Kapitulli 3,,Vendore,Vlorë,Të ardhura të trashiguara
ANG-0000373,KontratëNr-0000374,PRJ-005960,231,INST-0623,L11801011M,266.0,Po,2,2026,Ministria e Shëndetësisë dhe Mbrojtjes Sociale,Kapitulli 4,,Vendore,Korçë,Buxheti i Shtetit
ANG-0000374,KontratëNr-0000375,PRJ-005959,231,INST-0027,K31427035Q,995000.0,Po,2,2026,Ministria e Brendshme,Kapitulli 3,,Vendore,Korçë,Të ardhura të trashiguara
ANG-0000375,KontratëNr-0000376,PRJ-005949,230,INST-0920,K51612031J,13125.0,Po,2,2026,Ministria e Brendshme,Kapitulli 1,,SHA,Fier,Buxheti i Shtetit
ANG-0000376,,PRJ-005948,231,INST-0153,K67917806I,344060.0,Po,2,2026,Ministria e Bujqësisë dhe Zhvillimit Rural,Kapitulli 5,,Qendrore,Vlorë,Të ardhura të trashiguara
ANG-0000377,,PRJ-005944,230,INST-0122,K31503045V,1270500.0,Po,2,2026,Ministria e Shëndetësisë dhe Mbrojtjes Sociale,Kapitulli 2,,SHA,Shkodër,Buxheti i Shtetit
ANG-0000378,KontratëNr-0000379,PRJ-005947,230,INST-0961,K88010301S,318411.5,Po,2,2026,Ministria e Brendshme,Kapitulli 1,,SHA,Fier,Të ardhura të trashiguara
ANG-0000379,KontratëNr-0000380,PRJ-005943,230,INST-0146,J61814028F,155500.0,Po,2,2026,Ministria e Infrastruktures dhe Energjisë,Kapitulli 2,,Qendrore,Tiranë,Buxheti i Shtetit
ANG-0000380,KontratëNr-0000381,PRJ-005945,231,INST-0172,J61814028F,210000.0,Po,2,2026,Ministria e Financave dhe Ekonomisë,Kapitulli 3,,SHA,Korçë,Të ardhura të trashiguara
ANG-0000381,KontratëNr-0000382,PRJ-005946,230,INST-0334,K51612031J,81000.0,Po,2,2026,Ministria e Shëndetësisë dhe Mbrojtjes Sociale,Kapitulli 4,,Vendore,Fier,Të ardhura të trashiguara
ANG-0000382,KontratëNr-0000383,PRJ-005953,231,INST-0915,J91809007H,441675.0,Po,2,2026,Ministria e Infrastruktures dhe Energjisë,Kapitulli 5,,Vendore,Korçë,Të ardhura të trashiguara
ANG-0000383,,PRJ-005954,230,INST-0394,L71325019D,970000.0,Po,2,2026,Ministria e Bujqësisë dhe Zhvillimit Rural,Kapitulli 6,,Vendore,Durrës,Të ardhura të trashiguara
ANG-0000384,,PRJ-005955,230,INST-0394,J64103483H,741000.0,Po,2,2026,Ministria e Brendshme,Kapitulli 7,,Vendore,Durrës,Të ardhura të trashiguara
ANG-0000385,KontratëNr-0000386,PRJ-005951,230,INST-1005,L51622005C,12500.0,Po,2,2026,Ministria e Arsimit dhe Sportit,Kapitulli 6,,Qendrore,Elbasan,Buxheti i Shtetit
ANG-0000386,KontratëNr-0000387,PRJ-005952,231,INST-0915,L51327014R,2559500.0,Po,2,2026,Ministria e Arsimit dhe Sportit,Kapitulli 5,,Qendrore,Durrës,Financim i huaj
ANG-0000387,KontratëNr-0000388,PRJ-005942,231,INST-0173,L22309011R,700000.0,Po,2,2026,Ministria e Arsimit dhe Sportit,Kapitulli 3,,Qendrore,Fier,Buxheti i Shtetit
ANG-0000388,KontratëNr-0000389,PRJ-005939,231,INST-0138,K62115018I,670000.0,Po,2,2026,Ministria e Arsimit dhe Sportit,Kapitulli 7,,SHA,Shkodër,Buxheti i Shtetit
ANG-0000389,,PRJ-005940,231,INST-0365,M56521401U,234044.94,Po,2,2026,Ministria e Infrastruktures dhe Energjisë,Kapitulli 4,,Vendore,Shkodër,Buxheti i Shtetit
ANG-0000390,KontratëNr-0000391,PRJ-005936,230,INST-0919,L82916601N,99000.0,Po,2,2026,Ministria e Bujqësisë dhe Zhvillimit Rural,Kapitulli 4,,Qendrore,Shkodër,Financim i huaj
ANG-0000391,KontratëNr-0000392,PRJ-005937,230,INST-0919,L27701001P,100000.0,Po,2,2026,Ministria e Shëndetësisë dhe Mbrojtjes Sociale,Kapitulli 1,,SHA,Korçë,Të ardhura të trashiguara
ANG-0000392,KontratëNr-0000393,PRJ-005934,230,INST-0329,M51903023H,5000.0,Po,2,2026,Ministria e Brendshme,Kapitulli 6,,Vendore,Tiranë,Financim i huaj
ANG-0000393,KontratëNr-0000394,PRJ-005933,231,INST-0935,J61905015B,86250.0,Po,2,2026,Ministria e Arsimit dhe Sportit,Kapitulli 3,,Vendore,Korçë,Buxheti i Shtetit
ANG-0000394,,PRJ-005932,231,INST-0331,,0.0,Po,2,2026,Ministria e Shëndetësisë dhe Mbrojtjes Sociale,Kapitulli 7,,Vendore,Shkodër,Të ardhura të trashiguara
ANG-0000395,,PRJ-005930,230,INST-1004,M21503014Q,825000.0,Po,2,2026,Ministria e Infrastruktures dhe Energjisë,Kapitulli 7,,SHA,Elbasan,Buxheti i Shtetit
ANG-0000396,,PRJ-005929,231,INST-0154,M27528201T,99983.0,Po,2,2026,Ministria e Infrastruktures dhe Energjisë,Kapitulli 2,,SHA,Vlorë,Financim i huaj
ANG-0000397,KontratëNr-0000398,PRJ-005923,231,INST-0337,M27528201T,100000.0,Po,2,2026,Ministria e Financave dhe Ekonomisë,Kapitulli 3,,Qendrore,Tiranë,Financim i huaj
ANG-0000398,KontratëNr-0000399,PRJ-005926,231,INST-0172,J91419001U,237050.0,Po,2,2026,Ministria e Shëndetësisë dhe Mbrojtjes Sociale,Kapitulli 6,,Qendrore,Shkodër,Financim i huaj
ANG-0000399,KontratëNr-0000400,PRJ-005927,230,INST-0172,J61905015B,895000.0,Po,2,2026,Ministria e Brendshme,Kapitulli 2,,SHA,Fier,Të ardhura të trashiguara
ANG-0000400,KontratëNr-0000401,PRJ-005928,231,INST-0337,J91329003O,30614.0,Po,2,2026,Ministria e Brendshme,Kapitulli 7,,Vendore,Fier,Financim i huaj
ANG-0000401,KontratëNr-0000402,PRJ-005920,230,INST-0161,K01515004T,78000.0,Po,2,2026,Ministria e Arsimit dhe Sportit,Kapitulli 7,,Vendore,Vlorë,Buxheti i Shtetit
ANG-0000402,KontratëNr-0000403,PRJ-005921,231,INST-0949,K42701205E,85000.0,Po,2,2026,Ministria e Brendshme,Kapitulli 4,,SHA,Korçë,Të ardhura të trashiguara
ANG-0000403,,PRJ-005922,231,INST-0334,L66720003N,100000.0,Po,2,2026,Ministria e Bujqësisë dhe Zhvillimit Rural,Kapitulli 6,,Vendore,Durrës,Të ardhura të trashiguara
ANG-0000404,KontratëNr-0000405,PRJ-005917,231,INST-0337,L32405034Q,100000.0,Po,2,2026,Ministria e Brendshme,Kapitulli 4,,Vendore,Elbasan,Buxheti i Shtetit
ANG-0000405,,PRJ-005918,231,INST-0337,K72218022J,1349360.2,Po,2,2026,Ministria e Financave dhe Ekonomisë,Kapitulli 3,,Qendrore,Vlorë,Të ardhura të trashiguara
ANG-0000406,KontratëNr-0000407,PRJ-005919,230,INST-0337,L41705012R,100000.0,Po,2,2026,Ministria e Brendshme,Kapitulli 7,,Qendrore,Tiranë,Të ardhura të trashiguara
ANG-0000407,KontratëNr-0000408,PRJ-005915,230,INST-0157,L42018012R,91666.67,Po,2,2026,Ministria e Brendshme,Kapitulli 4,,SHA,Shkodër,Financim i huaj
ANG-0000408,KontratëNr-0000409,PRJ-005912,231,INST-0334,L28029301Q,350000.0,Po,2,2026,Ministria e Financave dhe Ekonomisë,Kapitulli 3,,Vendore,Korçë,Të ardhura të trashiguara
ANG-0000409,KontratëNr-0000410,PRJ-005910,231,INST-0023,L31714005J,39710.0,Po,2,2026,Ministria e Arsimit dhe Sportit,Kapitulli 7,,Qendrore,Shkodër,Të ardhura të trashiguara
ANG-0000410,KontratëNr-0000411,PRJ-005903,231,INST-0152,K91530017T,549000.0,Po,2,2026,Ministria e Arsimit dhe Sportit,Kapitulli 2,,Vendore,Elbasan,Të ardhura të trashiguara
ANG-0000411,KontratëNr-0000412,PRJ-005904,231,INST-0152,K21405001N,5025.0,Po,2,2026,Ministria e Arsimit dhe Sportit,Kapitulli 5,,Qendrore,Durrës,Buxheti i Shtetit
ANG-0000412,KontratëNr-0000413,PRJ-005905,231,INST-0152,K92311013D,900000.0,Po,2,2026,Ministria e Bujqësisë dhe Zhvillimit Rural,Kapitulli 4,,Qendrore,Fier,Të ardhura të trashiguara
ANG-0000413,KontratëNr-0000414,PRJ-005906,231,INST-0152,L82916601N,99800.0,Po,2,2026,Ministria e Brendshme,Kapitulli 3,,Vendore,Vlorë,Financim i huaj
ANG-0000414,KontratëNr-0000415,PRJ-005907,231,INST-0173,L82916601N,100000.0,Po,2,2026,Ministria e Infrastruktures dhe Energjisë,Kapitulli 7,,SHA,Elbasan,Financim i huaj
ANG-0000415,KontratëNr-0000416,PRJ-005908,231,INST-0023,L91418502J,701800.0,Po,2,2026,Ministria e Infrastruktures dhe Energjisë,Kapitulli 5,,SHA,Fier,Financim i huaj
ANG-0000416,KontratëNr-0000417,PRJ-005909,230,INST-0552,L72526404Q,6250.0,Po,2,2026,Ministria e Infrastruktures dhe Energjisë,Kapitulli 7,,Qendrore,Shkodër,Buxheti i Shtetit
ANG-0000417,KontratëNr-0000418,PRJ-005901,230,INST-0496,K91530017T,6860.0,Po,2,2026,Ministria e Shëndetësisë dhe Mbrojtjes Sociale,Kapitulli 7,,Qendrore,Fier,Financim i huaj
ANG-0000418,KontratëNr-0000419,PRJ-005900,230,INST-0172,K67127202M,14151.0,Po,2,2026,Ministria e Shëndetësisë dhe Mbrojtjes Sociale,Kapitulli 1,,SHA,Vlorë,Buxheti i Shtetit
ANG-0000419,KontratëNr-0000420,PRJ-005902,230,INST-0337,M02415002E,548900.0,Po,2,2026,Ministria e Shëndetësisë dhe Mbrojtjes Sociale,Kapitulli 6,,Qendrore,Durrës,Buxheti i Shtetit
ANG-0000420,KontratëNr-0000421,PRJ-005897,230,INST-0375,M04710002P,467500.0,Po,2,2026,Ministria e Brendshme,Kapitulli 4,,Qendrore,Korçë,Buxheti i Shtetit
ANG-0000421,KontratëNr-0000422,PRJ-005896,231,INST-0164,K71707007Q,745200.0,Po,2,2026,Ministria e Infrastruktures dhe Energjisë,Kapitulli 6,,Vendore,Fier,Buxheti i Shtetit
ANG-0000422,KontratëNr-0000423,PRJ-005898,231,INST-0331,L61814009B,2494805.7,Po,2,2026,Ministria e Brendshme,Kapitulli 2,,Vendore,Elbasan,Financim i huaj
ANG-0000423,KontratëNr-0000424,PRJ-005899,230,INST-0337,J82816208R,25000.0,Po,2,2026,Ministria e Infrastruktures dhe Energjisë,Kapitulli 7,,Vendore,Shkodër,Financim i huaj
ANG-0000424,,PRJ-005895,231,INST-0727,M31910020Q,100000.0,Po,2,2026,Ministria e Bujqësisë dhe Zhvillimit Rural,Kapitulli 3,,Qendrore,Vlorë,Buxheti i Shtetit
ANG-0000425,,PRJ-005894,231,INST-0337,,0.0,Po,2,2026,Ministria e Arsimit dhe Sportit,Kapitulli 2,,Vendore,Vlorë,Të ardhura të trashiguara
ANG-0000426,KontratëNr-0000427,PRJ-005878,231,INST-0164,K41525046C,814.33,Po,2,2026,Ministria e Bujqësisë dhe Zhvillimit Rural,Kapitulli 6,,SHA,Shkodër,Financim i huaj
ANG-0000427,KontratëNr-0000428,PRJ-005879,230,INST-0853,L67909101C,36000.0,Po,2,2026,Ministria e Infrastruktures dhe Energjisë,Kapitulli 3,,Qendrore,Korçë,Buxheti i Shtetit
ANG-0000428,KontratëNr-0000429,PRJ-005880,230,INST-0213,K41420001V,91500.0,Po,2,2026,Ministria e Bujqësisë dhe Zhvillimit Rural,Kapitulli 6,,Qendrore,Fier,Financim i huaj
ANG-0000429,KontratëNr-0000430,PRJ-005881,230,INST-0213,K91530017T,17520.0,Po,2,2026,Ministria e Bujqësisë dhe Zhvillimit Rural,Kapitulli 5,,SHA,Korçë,Të ardhura të trashiguara
ANG-0000430,KontratëNr-0000431,PRJ-005882,231,INST-0213,L87605501A,39900.0,Po,2,2026,Ministria e Financave dhe Ekonomisë,Kapitulli 7,,Qendrore,Vlorë,Të ardhura të trashiguara
ANG-0000431,KontratëNr-0000432,PRJ-005883,231,INST-0213,L64704601S,99090.0,Po,2,2026,Ministria e Brendshme,Kapitulli 4,,SHA,Durrës,Buxheti i Shtetit
ANG-0000432,,PRJ-005884,231,INST-0213,L77113205O,98000.0,Po,2,2026,Ministria e Financave dhe Ekonomisë,Kapitulli 1,,Qendrore,Korçë,Të ardhura të trashiguara
ANG-0000433,KontratëNr-0000434,PRJ-005885,231,INST-0213,K51612031J,4050.0,Po,2,2026,Ministria e Brendshme,Kapitulli 6,,Vendore,Vlorë,Buxheti i Shtetit
ANG-0000434,KontratëNr-0000435,PRJ-005886,231,INST-0213,L71325019D,98445.0,Po,2,2026,Ministria e Infrastruktures dhe Energjisë,Kapitulli 4,,Qendrore,Fier,Buxheti i Shtetit
ANG-0000435,KontratëNr-0000436,PRJ-005887,230,INST-0213,L41931002I,41666.0,Po,2,2026,Ministria e Shëndetësisë dhe Mbrojtjes Sociale,Kapitulli 1,,Vendore,Durrës,Financim i huaj
ANG-0000436,KontratëNr-0000437,PRJ-005888,230,INST-0213,K51612031J,1750.0,Po,2,2026,Ministria e Infrastruktures dhe Energjisë,Kapitulli 6,,Vendore,Durrës,Buxheti i Shtetit
ANG-0000437,KontratëNr-0000438,PRJ-005889,230,INST-0213,J61813529P,700000.0,Po,2,2026,Ministria e Shëndetësisë dhe Mbrojtjes Sociale,Kapitulli 1,,SHA,Elbasan,Buxheti i Shtetit
ANG-0000438,KontratëNr-0000439,PRJ-005890,231,INST-0213,K31528061N,148000.0,Po,2,2026,Ministria e Brendshme,Kapitulli 4,,Qendrore,Durrës,Financim i huaj
ANG-0000439,KontratëNr-0000440,PRJ-005891,231,INST-0213,L21708012H,100000.0,Po,2,2026,Ministria e Shëndetësisë dhe Mbrojtjes Sociale,Kapitulli 5,,Qendrore,Tiranë,Financim i huaj
ANG-0000440,KontratëNr-0000441,PRJ-005892,231,INST-0213,K91530017T,78000.0,Po,2,2026,Ministria e Bujqësisë dhe Zhvillimit Rural,Kapitulli 4,,SHA,Vlorë,Të ardhura të trashiguara
ANG-0000441,KontratëNr-0000442,PRJ-005893,230,INST-0213,L97119401D,80000.0,Po,2,2026,Ministria e Bujqësisë dhe Zhvillimit Rural,Kapitulli 4,,Qendrore,Shkodër,Buxheti i Shtetit
ANG-0000442,KontratëNr-0000443,PRJ-005876,230,INST-0328,K81607050Q,24900.0,Po,2,2026,Ministria e Financave dhe Ekonomisë,Kapitulli 7,,SHA,Fier,Buxheti i Shtetit
ANG-0000443,KontratëNr-0000444,PRJ-005877,230,INST-0496,J61814028F,28950.0,Po,2,2026,Ministria e Arsimit dhe Sportit,Kapitulli 7,,Qendrore,Elbasan,Të ardhura të trashiguara
ANG-0000444,KontratëNr-0000445,PRJ-005873,231,INST-0164,K11715005L,70000.0,Po,2,2026,Ministria e Shëndetësisë dhe Mbrojtjes Sociale,Kapitulli 3,,Vendore,Elbasan,Buxheti i Shtetit
ANG-0000445,KontratëNr-0000446,PRJ-005872,230,INST-0337,K31528061N,1264200.0,Po,2,2026,Ministria e Financave dhe Ekonomisë,Kapitulli 4,,Qendrore,Elbasan,Të ardhura të trashiguara
ANG-0000446,KontratëNr-0000447,PRJ-005870,230,INST-0337,J61905015B,299977.5,Po,2,2026,Ministria e Infrastruktures dhe Energjisë,Kapitulli 3,,SHA,Vlorë,Financim i huaj
ANG-0000447,KontratëNr-0000448,PRJ-005871,230,INST-0621,L42103023G,99515.0,Po,2,2026,Ministria e Bujqësisë dhe Zhvillimit Rural,Kapitulli 5,,Qendrore,Tiranë,Buxheti i Shtetit
ANG-0000448,KontratëNr-0000449,PRJ-005869,231,INST-0552,L52125019U,96000.0,Po,2,2026,Ministria e Shëndetësisë dhe Mbrojtjes Sociale,Kapitulli 4,,Vendore,Korçë,Financim i huaj
ANG-0000449,KontratëNr-0000450,PRJ-005865,231,INST-0152,K91530017T,13000.0,Po,2,2026,Ministria e Shëndetësisë dhe Mbrojtjes Sociale,Kapitulli 3,,Qendrore,Fier,Financim i huaj
ANG-0000450,KontratëNr-0000451,PRJ-005868,231,INST-0337,J72124001N,561510.0,Po,2,2026,Ministria e Shëndetësisë dhe Mbrojtjes Sociale,Kapitulli 6,,SHA,Shkodër,Të ardhura të trashiguara
ANG-0000451,KontratëNr-0000452,PRJ-005867,231,INST-0570,M29514401L,668000.0,Po,2,2026,Ministria e Shëndetësisë dhe Mbrojtjes Sociale,Kapitulli 7,,Qendrore,Durrës,Buxheti i Shtetit
ANG-0000452,,PRJ-005866,231,INST-0337,K12128004G,678550.0,Po,2,2026,Ministria e Arsimit dhe Sportit,Kapitulli 5,,SHA,Tiranë,Buxheti i Shtetit
ANG-0000453,KontratëNr-0000454,PRJ-005863,231,INST-0395,L01314031G,1279100.0,Po,2,2026,Ministria e Infrastruktures dhe Energjisë,Kapitulli 1,,SHA,Tiranë,Të ardhura të trashiguara
ANG-0000454,KontratëNr-0000455,PRJ-005787,231,INST-0563,J67209280K,10000.0,Po,2,2026,Ministria e Bujqësisë dhe Zhvillimit Rural,Kapitulli 7,,Vendore,Tiranë,Buxheti i Shtetit
ANG-0000455,KontratëNr-0000456,PRJ-005789,231,INST-0337,L51330015R,3750.0,Po,2,2026,Ministria e Brendshme,Kapitulli 4,,Vendore,Fier,Të ardhura të trashiguara
ANG-0000456,KontratëNr-0000457,PRJ-005790,231,INST-0337,M31614017H,53000.0,Po,2,2026,Ministria e Arsimit dhe Sportit,Kapitulli 5,,Vendore,Tiranë,Të ardhura të trashiguara
ANG-0000457,,PRJ-005788,231,INST-0535,J61814110J,17600.0,Po,2,2026,Ministria e Arsimit dhe Sportit,Kapitulli 5,,SHA,Fier,Financim i huaj
ANG-0000458,KontratëNr-0000459,PRJ-005784,231,INST-0536,K87628701K,406818.0,Po,2,2026,Ministria e Bujqësisë dhe Zhvillimit Rural,Kapitulli 5,,Qendrore,Fier,Buxheti i Shtetit
ANG-0000459,KontratëNr-0000460,PRJ-005785,231,INST-0653,L01508026P,31000.0,Po,2,2026,Ministria e Infrastruktures dhe Energjisë,Kapitulli 3,,Qendrore,Elbasan,Financim i huaj
ANG-0000460,KontratëNr-0000461,PRJ-005782,231,INST-0331,M11825026T,100000.0,Po,2,2026,Ministria e Arsimit dhe Sportit,Kapitulli 7,,Qendrore,Shkodër,Financim i huaj
ANG-0000461,KontratëNr-0000462,PRJ-005781,231,INST-0395,L47401203N,499998.0,Po,2,2026,Ministria e Arsimit dhe Sportit,Kapitulli 7,,SHA,Korçë,Buxheti i Shtetit
ANG-0000462,KontratëNr-0000463,PRJ-005779,231,INST-0636,L56712601P,719000.0,Po,2,2026,Ministria e Shëndetësisë dhe Mbrojtjes Sociale,Kapitulli 7,,Vendore,Shkodër,Financim i huaj
ANG-0000463,KontratëNr-0000464,PRJ-005765,230,INST-0621,J62426002Q,69583.0,Po,2,2026,Ministria e Bujqësisë dhe Zhvillimit Rural,Kapitulli 3,,Vendore,Elbasan,Buxheti i Shtetit
ANG-0000464,,PRJ-005766,231,INST-0621,K26330201T,97020.0,Po,2,2026,Ministria e Brendshme,Kapitulli 4,,Qendrore,Shkodër,Financim i huaj
ANG-0000465,KontratëNr-0000466,PRJ-005767,230,INST-0621,K66801001T,22.0,Po,2,2026,Ministria e Shëndetësisë dhe Mbrojtjes Sociale,Kapitulli 7,,SHA,Durrës,Buxheti i Shtetit
ANG-0000466,KontratëNr-0000467,PRJ-005769,230,INST-0621,M31614017H,98000.0,Po,2,2026,Ministria e Brendshme,Kapitulli 3,,Qendrore,Shkodër,Të ardhura të trashiguara
ANG-0000467,KontratëNr-0000468,PRJ-005770,231,INST-0621,L71515507M,270000.0,Po,2,2026,Ministria e Shëndetësisë dhe Mbrojtjes Sociale,Kapitulli 1,,SHA,Tiranë,Të ardhura të trashiguara
ANG-0000468,KontratëNr-0000469,PRJ-005771,230,INST-0621,L87708801M,641850.0,Po,2,2026,Ministria e Infrastruktures dhe Energjisë,Kapitulli 2,,SHA,Durrës,Buxheti i Shtetit
ANG-0000469,KontratëNr-0000470,PRJ-005772,231,INST-0621,K91530017T,28600.0,Po,2,2026,Ministria e Shëndetësisë dhe Mbrojtjes Sociale,Kapitulli 3,,Vendore,Elbasan,Financim i huaj
ANG-0000470,KontratëNr-0000471,PRJ-005773,231,INST-0621,M17305402J,50000.0,Po,2,2026,Ministria e Shëndetësisë dhe Mbrojtjes Sociale,Kapitulli 4,,SHA,Elbasan,Të ardhura të trashiguara
ANG-0000471,KontratëNr-0000472,PRJ-005780,230,INST-0535,M58926201D,380000.0,Po,2,2026,Ministria e Brendshme,Kapitulli 1,,Vendore,Tiranë,Të ardhura të trashiguara
ANG-0000472,,PRJ-005756,230,INST-0396,M16809801M,999676.0,Po,2,2026,Ministria e Brendshme,Kapitulli 2,,Qendrore,Shkodër,Të ardhura të trashiguara
ANG-0000473,KontratëNr-0000474,PRJ-005774,231,INST-0337,M12127026K,249000.0,Po,2,2026,Ministria e Infrastruktures dhe Energjisë,Kapitulli 2,,SHA,Durrës,Financim i huaj
ANG-0000474,KontratëNr-0000475,PRJ-005768,231,INST-0853,,0.0,Po,2,2026,Ministria e Arsimit dhe Sportit,Kapitulli 7,,Qendrore,Elbasan,Financim i huaj
ANG-0000475,KontratëNr-0000476,PRJ-005757,231,INST-0621,K41926801W,412970.0,Po,2,2026,Ministria e Infrastruktures dhe Energjisë,Kapitulli 3,,Vendore,Vlorë,Të ardhura të trashiguara
ANG-0000476,,PRJ-005758,230,INST-0621,K97727502F,91380.0,Po,2,2026,Ministria e Bujqësisë dhe Zhvillimit Rural,Kapitulli 7,,SHA,Korçë,Buxheti i Shtetit
ANG-0000477,KontratëNr-0000478,PRJ-005759,231,INST-0621,M31614017H,99000.0,Po,2,2026,Ministria e Bujqësisë dhe Zhvillimit Rural,Kapitulli 5,,Vendore,Tiranë,Të ardhura të trashiguara
ANG-0000478,KontratëNr-0000479,PRJ-005760,231,INST-0621,L72003016A,493000.0,Po,2,2026,Ministria e Infrastruktures dhe Energjisë,Kapitulli 6,,Vendore,Fier,Të ardhura të trashiguara
ANG-0000479,KontratëNr-0000480,PRJ-005761,230,INST-0621,M31421005N,99650.0,Po,2,2026,Ministria e Bujqësisë dhe Zhvillimit Rural,Kapitulli 2,,Qendrore,Vlorë,Të ardhura të trashiguara
ANG-0000480,,PRJ-005762,230,INST-0621,L52202527V,99000.0,Po,2,2026,Ministria e Financave dhe Ekonomisë,Kapitulli 2,,Vendore,Vlorë,Financim i huaj
ANG-0000481,,PRJ-005763,230,INST-0621,K26330201T,239998.0,Po,2,2026,Ministria e Bujqësisë dhe Zhvillimit Rural,Kapitulli 2,,Qendrore,Elbasan,Financim i huaj
ANG-0000482,KontratëNr-0000483,PRJ-005764,230,INST-0621,,0.0,Po,2,2026,Ministria e Brendshme,Kapitulli 1,,Qendrore,Tiranë,Të ardhura të trashiguara
ANG-0000483,KontratëNr-0000484,PRJ-005741,231,INST-0568,L01717030C,818520.0,Po,2,2026,Ministria e Financave dhe Ekonomisë,Kapitulli 7,,SHA,Elbasan,Të ardhura të trashiguara
ANG-0000484,KontratëNr-0000485,PRJ-005734,231,INST-0161,K91530017T,13200.0,Po,2,2026,Ministria e Financave dhe Ekonomisë,Kapitulli 1,,Qendrore,Korçë,Të ardhura të trashiguara
ANG-0000485,KontratëNr-0000486,PRJ-005739,231,INST-0164,L01717030C,302966.0,Po,2,2026,Ministria e Bujqësisë dhe Zhvillimit Rural,Kapitulli 6,,Qendrore,Tiranë,Buxheti i Shtetit
ANG-0000486,KontratëNr-0000487,PRJ-005740,231,INST-0081,K31528567W,24000.0,Po,2,2026,Ministria e Shëndetësisë dhe Mbrojtjes Sociale,Kapitulli 3,,SHA,Durrës,Buxheti i Shtetit
ANG-0000487,KontratëNr-0000488,PRJ-005733,231,INST-0173,M31317014M,72800.0,Po,2,2026,Ministria e Brendshme,Kapitulli 7,,SHA,Elbasan,Financim i huaj
ANG-0000488,KontratëNr-0000489,PRJ-005737,230,INST-0141,K31520054N,1964552.0,Po,2,2026,Ministria e Infrastruktures dhe Energjisë,Kapitulli 7,,Vendore,Elbasan,Buxheti i Shtetit
ANG-0000489,KontratëNr-0000490,PRJ-005738,230,INST-0141,L61628029K,3600.0,Po,2,2026,Ministria e Infrastruktures dhe Energjisë,Kapitulli 6,,Vendore,Shkodër,Buxheti i Shtetit
ANG-0000490,KontratëNr-0000491,PRJ-005731,230,INST-0067,M32310015K,93000.0,Po,2,2026,Ministria e Arsimit dhe Sportit,Kapitulli 2,,Vendore,Vlorë,Të ardhura të trashiguara
ANG-0000491,KontratëNr-0000492,PRJ-005732,230,INST-0164,K51612031J,197890.0,Po,2,2026,Ministria e Shëndetësisë dhe Mbrojtjes Sociale,Kapitulli 3,,Vendore,Fier,Të ardhura të trashiguara
ANG-0000492,KontratëNr-0000493,PRJ-005736,230,INST-0168,K52115005W,2009000.0,Po,2,2026,Ministria e Infrastruktures dhe Energjisë,Kapitulli 5,,Qendrore,Vlorë,Financim i huaj
ANG-0000493,,PRJ-005730,231,INST-0621,K62320012O,26250.0,Po,2,2026,Ministria e Brendshme,Kapitulli 3,,Vendore,Elbasan,Financim i huaj
ANG-0000494,KontratëNr-0000495,PRJ-005725,230,INST-0067,K62320012O,68000.0,Po,2,2026,Ministria e Arsimit dhe Sportit,Kapitulli 7,,Qendrore,Elbasan,Financim i huaj
ANG-0000495,KontratëNr-0000496,PRJ-005726,231,INST-0130,L91315035G,440000.0,Po,2,2026,Ministria e Brendshme,Kapitulli 1,,Qendrore,Durrës,Të ardhura të trashiguara
ANG-0000496,,PRJ-005727,231,INST-0164,L92019017V,300000.0,Po,2,2026,Ministria e Financave dhe Ekonomisë,Kapitulli 2,,Vendore,Durrës,Financim i huaj
ANG-0000497,,PRJ-005722,231,INST-0157,K62713404B,16500.0,Po,2,2026,Ministria e Shëndetësisë dhe Mbrojtjes Sociale,Kapitulli 4,,Vendore,Durrës,Të ardhura të trashiguara
ANG-0000498,KontratëNr-0000499,PRJ-005719,231,INST-0404,,0.0,Po,2,2026,Ministria e Financave dhe Ekonomisë,Kapitulli 1,,Vendore,Tiranë,Financim i huaj
ANG-0000499,KontratëNr-0000500,PRJ-005718,230,INST-0364,M22307015R,21880.0,Po,2,2026,Ministria e Brendshme,Kapitulli 5,,SHA,Tiranë,Financim i huaj
ANG-0000500,KontratëNr-0000501,PRJ-005717,230,INST-0570,L51611004I,388900.0,Po,2,2026,Ministria e Arsimit dhe Sportit,Kapitulli 3,,Vendore,Elbasan,Të ardhura të trashiguara
ANG-0000501,KontratëNr-0000502,PRJ-005711,230,INST-0404,J62426002Q,14735000.0,Po,2,2026,Ministria e Infrastruktures dhe Energjisë,Kapitulli 5,,Vendore,Shkodër,Të ardhura të trashiguara
ANG-0000502,KontratëNr-0000503,PRJ-005611,230,INST-0853,M01714005H,800000.0,Po,2,2026,Ministria e Bujqësisë dhe Zhvillimit Rural,Kapitulli 2,,Vendore,Korçë,Të ardhura të trashiguara
ANG-0000503,KontratëNr-0000504,PRJ-005301,231,INST-0853,M11529014H,99000.0,Po,2,2026,Ministria e Brendshme,Kapitulli 2,,Qendrore,Shkodër,Buxheti i Shtetit
ANG-0000504,KontratëNr-0000505,PRJ-005285,231,INST-0146,K91517011V,9999974.0,Po,2,2026,Ministria e Shëndetësisë dhe Mbrojtjes Sociale,Kapitulli 3,,Vendore,Fier,Financim i huaj
ANG-0000505,KontratëNr-0000506,PRJ-005113,231,INST-0574,M16815006L,100000.0,Po,2,2026,Ministria e Bujqësisë dhe Zhvillimit Rural,Kapitulli 3,,Qendrore,Shkodër,Financim i huaj
ANG-0000506,,PRJ-004598,231,INST-0550,K91530017T,52000.0,Po,2,2026,Ministria e Financave dhe Ekonomisë,Kapitulli 2,,SHA,Shkodër,Buxheti i Shtetit
ANG-0000507,KontratëNr-0000508,PRJ-004573,231,INST-0239,K26330201T,200000.0,Po,2,2026,Ministria e Shëndetësisë dhe Mbrojtjes Sociale,Kapitulli 2,,Vendore,Durrës,Buxheti i Shtetit
ANG-0000508,KontratëNr-0000509,PRJ-004562,230,INST-0243,K51612031J,131290.0,Po,2,2026,Ministria e Infrastruktures dhe Energjisë,Kapitulli 3,,SHA,Korçë,Buxheti i Shtetit
ANG-0000509,KontratëNr-0000510,PRJ-004493,231,INST-0171,K82529403A,880000.0,Po,2,2026,Ministria e Infrastruktures dhe Energjisë,Kapitulli 4,,SHA,Durrës,Të ardhura të trashiguara
ANG-0000510,KontratëNr-0000511,PRJ-004110,231,INST-0621,J64103422D,1141750.0,Po,2,2026,Ministria e Bujqësisë dhe Zhvillimit Rural,Kapitulli 6,,Qendrore,Shkodër,Financim i huaj
ANG-0000511,KontratëNr-0000512,PRJ-004099,230,INST-0424,K21405001N,17400.0,Po,2,2026,Ministria e Shëndetësisë dhe Mbrojtjes Sociale,Kapitulli 3,,Vendore,Durrës,Të ardhura të trashiguara
ANG-0000512,KontratëNr-0000513,PRJ-004077,231,INST-0915,K21912001R,47400.0,Po,2,2026,Ministria e Shëndetësisë dhe Mbrojtjes Sociale,Kapitulli 6,,Vendore,Fier,Të ardhura të trashiguara
ANG-0000513,KontratëNr-0000514,PRJ-004062,231,INST-0621,K41420001V,173550.0,Po,2,2026,Ministria e Brendshme,Kapitulli 4,,SHA,Korçë,Financim i huaj
ANG-0000514,KontratëNr-0000515,PRJ-004063,230,INST-0621,L32222023L,17500.0,Po,2,2026,Ministria e Arsimit dhe Sportit,Kapitulli 7,,SHA,Fier,Financim i huaj
ANG-0000515,KontratëNr-0000516,PRJ-004064,230,INST-0098,J62426002Q,4548663.72,Po,2,2026,Ministria e Infrastruktures dhe Energjisë,Kapitulli 1,,SHA,Elbasan,Të ardhura të trashiguara
ANG-0000516,KontratëNr-0000517,PRJ-004061,230,INST-1010,K91530017T,14300.0,Po,2,2026,Ministria e Infrastruktures dhe Energjisë,Kapitulli 7,,SHA,Durrës,Buxheti i Shtetit
ANG-0000517,KontratëNr-0000518,PRJ-004052,231,INST-0128,K36310622M,249000.0,Po,2,2026,Ministria e Shëndetësisë dhe Mbrojtjes Sociale,Kapitulli 2,,Vendore,Durrës,Buxheti i Shtetit
ANG-0000518,KontratëNr-0000519,PRJ-004049,230,INST-0172,M42008005I,416666.5,Po,2,2026,Ministria e Financave dhe Ekonomisë,Kapitulli 5,,Qendrore,Vlorë,Financim i huaj
ANG-0000519,KontratëNr-0000520,PRJ-004050,230,INST-0172,M11501503U,11040.0,Po,2,2026,Ministria e Infrastruktures dhe Energjisë,Kapitulli 3,,Vendore,Fier,Financim i huaj
ANG-0000520,,PRJ-004051,231,INST-0172,J91505006Q,1440000.0,Po,2,2026,Ministria e Infrastruktures dhe Energjisë,Kapitulli 7,,Qendrore,Durrës,Buxheti i Shtetit
ANG-0000521,KontratëNr-0000522,PRJ-004054,230,INST-0915,K81324039M,1200.0,Po,2,2026,Ministria e Bujqësisë dhe Zhvillimit Rural,Kapitulli 2,,SHA,Korçë,Financim i huaj
ANG-0000522,,PRJ-004053,230,INST-0934,K66801001T,225500.0,Po,2,2026,Ministria e Financave dhe Ekonomisë,Kapitulli 6,,SHA,Vlorë,Të ardhura të trashiguara
ANG-0000523,KontratëNr-0000524,PRJ-003971,230,INST-0098,L31714005J,103838.0,Po,2,2026,Ministria e Brendshme,Kapitulli 1,,SHA,Elbasan,Të ardhura të trashiguara
ANG-0000524,KontratëNr-0000525,PRJ-003976,230,INST-0621,L57214206F,100000.0,Po,2,2026,Ministria e Bujqësisë dhe Zhvillimit Rural,Kapitulli 5,,SHA,Shkodër,Financim i huaj
ANG-0000525,KontratëNr-0000526,PRJ-003996,231,INST-0621,L41629009A,243100.0,Po,2,2026,Ministria e Brendshme,Kapitulli 3,,SHA,Korçë,Buxheti i Shtetit
ANG-0000526,KontratëNr-0000527,PRJ-003957,230,INST-0915,L81530012C,2008400.0,Po,2,2026,Ministria e Shëndetësisë dhe Mbrojtjes Sociale,Kapitulli 7,,SHA,Vlorë,Të ardhura të trashiguara
ANG-0000527,KontratëNr-0000528,PRJ-003958,230,INST-0915,K13909401G,1447732.74,Po,2,2026,Ministria e Arsimit dhe Sportit,Kapitulli 3,,SHA,Tiranë,Financim i huaj
ANG-0000528,KontratëNr-0000529,PRJ-003955,230,INST-0242,K62320012O,54500.0,Po,2,2026,Ministria e Financave dhe Ekonomisë,Kapitulli 4,,Qendrore,Durrës,Të ardhura të trashiguara
ANG-0000529,KontratëNr-0000530,PRJ-003956,230,INST-0176,K52115005W,87480.0,Po,2,2026,Ministria e Brendshme,Kapitulli 6,,Qendrore,Elbasan,Financim i huaj
ANG-0000530,KontratëNr-0000531,PRJ-003947,231,INST-0920,J61817047D,97500.0,Po,2,2026,Ministria e Arsimit dhe Sportit,Kapitulli 2,,Qendrore,Korçë,Buxheti i Shtetit
ANG-0000531,KontratëNr-0000532,PRJ-003951,231,INST-0920,,0.0,Po,2,2026,Ministria e Bujqësisë dhe Zhvillimit Rural,Kapitulli 7,,Vendore,Shkodër,Financim i huaj
ANG-0000532,KontratëNr-0000533,PRJ-003950,230,INST-0507,K41926801W,29569.0,Po,2,2026,Ministria e Bujqësisë dhe Zhvillimit Rural,Kapitulli 1,,SHA,Fier,Financim i huaj
ANG-0000533,KontratëNr-0000534,PRJ-003953,231,INST-0134,K62320012O,75600.0,Po,2,2026,Ministria e Brendshme,Kapitulli 2,,Qendrore,Vlorë,Financim i huaj
ANG-0000534,KontratëNr-0000535,PRJ-003954,231,INST-0961,J61813529P,9332855.0,Po,2,2026,Ministria e Arsimit dhe Sportit,Kapitulli 1,,Vendore,Shkodër,Të ardhura të trashiguara
ANG-0000535,KontratëNr-0000536,PRJ-003948,230,INST-0961,L52122014L,902800.0,Po,2,2026,Ministria e Infrastruktures dhe Energjisë,Kapitulli 6,,SHA,Vlorë,Buxheti i Shtetit
ANG-0000536,KontratëNr-0000537,PRJ-003949,231,INST-0168,L12510413V,610130.0,Po,2,2026,Ministria e Infrastruktures dhe Energjisë,Kapitulli 3,,SHA,Elbasan,Buxheti i Shtetit
ANG-0000537,KontratëNr-0000538,PRJ-003952,230,INST-0404,L62102007V,95880.0,Po,2,2026,Ministria e Brendshme,Kapitulli 3,,Vendore,Fier,Financim i huaj
ANG-0000538,,PRJ-003944,231,INST-0961,M52311020H,58300.0,Po,2,2026,Ministria e Financave dhe Ekonomisë,Kapitulli 6,,SHA,Shkodër,Financim i huaj
ANG-0000539,KontratëNr-0000540,PRJ-003945,231,INST-0621,L31714005J,15400.0,Po,2,2026,Ministria e Infrastruktures dhe Energjisë,Kapitulli 7,,Qendrore,Tiranë,Financim i huaj
ANG-0000540,KontratëNr-0000541,PRJ-003946,230,INST-0623,L01314031G,3806640.0,Po,2,2026,Ministria e Shëndetësisë dhe Mbrojtjes Sociale,Kapitulli 6,,Vendore,Fier,Financim i huaj
ANG-0000541,KontratëNr-0000542,PRJ-003940,230,INST-0098,J91809007H,999000.0,Po,2,2026,Ministria e Shëndetësisë dhe Mbrojtjes Sociale,Kapitulli 5,,SHA,Tiranë,Të ardhura të trashiguara
ANG-0000542,KontratëNr-0000543,PRJ-003943,230,INST-0156,L01314031G,1366200.0,Po,2,2026,Ministria e Brendshme,Kapitulli 4,,Vendore,Korçë,Financim i huaj
ANG-0000543,KontratëNr-0000544,PRJ-003939,230,INST-1010,K41420001V,8000.0,Po,2,2026,Ministria e Arsimit dhe Sportit,Kapitulli 3,,Vendore,Korçë,Buxheti i Shtetit
ANG-0000544,KontratëNr-0000545,PRJ-003941,230,INST-0144,M48110601O,99200.0,Po,2,2026,Ministria e Bujqësisë dhe Zhvillimit Rural,Kapitulli 5,,SHA,Elbasan,Financim i huaj
ANG-0000545,KontratëNr-0000546,PRJ-003942,230,INST-0623,M01321501F,100000.0,Po,2,2026,Ministria e Financave dhe Ekonomisë,Kapitulli 5,,SHA,Shkodër,Financim i huaj
ANG-0000546,KontratëNr-0000547,PRJ-003928,230,INST-0172,J62426002Q,331000.0,Po,2,2026,Ministria e Brendshme,Kapitulli 4,,Qendrore,Tiranë,Buxheti i Shtetit
ANG-0000547,KontratëNr-0000548,PRJ-003929,231,INST-0172,K33931040W,1283450.0,Po,2,2026,Ministria e Financave dhe Ekonomisë,Kapitulli 6,,Qendrore,Fier,Financim i huaj
ANG-0000548,KontratëNr-0000549,PRJ-003930,230,INST-0172,,0.0,Po,2,2026,Ministria e Shëndetësisë dhe Mbrojtjes Sociale,Kapitulli 1,,Qendrore,Fier,Financim i huaj
ANG-0000549,KontratëNr-0000550,PRJ-003931,231,INST-0172,K31503045V,271625.0,Po,2,2026,Ministria e Infrastruktures dhe Energjisë,Kapitulli 7,,Qendrore,Vlorë,Financim i huaj
ANG-0000550,KontratëNr-0000551,PRJ-003932,230,INST-0098,L01914003T,316000.0,Po,2,2026,Ministria e Financave dhe Ekonomisë,Kapitulli 6,,Qendrore,Shkodër,Buxheti i Shtetit
ANG-0000551,KontratëNr-0000552,PRJ-003938,231,INST-0915,,0.0,Po,2,2026,Ministria e Financave dhe Ekonomisë,Kapitulli 5,,SHA,Korçë,Të ardhura të trashiguara
ANG-0000552,KontratëNr-0000553,PRJ-003933,230,INST-0623,J64103601Q,269520.0,Po,2,2026,Ministria e Arsimit dhe Sportit,Kapitulli 5,,SHA,Vlorë,Financim i huaj
ANG-0000553,KontratëNr-0000554,PRJ-003936,231,INST-0623,L32214064H,93334.0,Po,2,2026,Ministria e Brendshme,Kapitulli 7,,Vendore,Tiranë,Buxheti i Shtetit
ANG-0000554,KontratëNr-0000555,PRJ-003937,231,INST-0005,L32403002P,14800.0,Po,2,2026,Ministria e Shëndetësisë dhe Mbrojtjes Sociale,Kapitulli 3,,Qendrore,Tiranë,Të ardhura të trashiguara
ANG-0000555,,PRJ-003934,231,INST-0156,L01314031G,590100.0,Po,2,2026,Ministria e Infrastruktures dhe Energjisë,Kapitulli 4,,Qendrore,Tiranë,Financim i huaj
ANG-0000556,KontratëNr-0000557,PRJ-003935,231,INST-1004,M52311020H,27700.0,Po,2,2026,Ministria e Infrastruktures dhe Energjisë,Kapitulli 1,,SHA,Korçë,Të ardhura të trashiguara
ANG-0000557,KontratëNr-0000558,PRJ-003927,231,INST-0423,K41420001V,3240.0,Po,2,2026,Ministria e Arsimit dhe Sportit,Kapitulli 6,,SHA,Korçë,Buxheti i Shtetit
ANG-0000558,,PRJ-003922,231,INST-0243,M22318016L,98400.0,Po,2,2026,Ministria e Bujqësisë dhe Zhvillimit Rural,Kapitulli 2,,Qendrore,Korçë,Financim i huaj
ANG-0000559,KontratëNr-0000560,PRJ-003923,230,INST-0243,K41420001V,41600.0,Po,2,2026,Ministria e Bujqësisë dhe Zhvillimit Rural,Kapitulli 3,,Vendore,Korçë,Buxheti i Shtetit
ANG-0000560,KontratëNr-0000561,PRJ-003924,231,INST-0243,L81512021D,914900.0,Po,2,2026,Ministria e Brendshme,Kapitulli 1,,Vendore,Fier,Financim i huaj
ANG-0000561,KontratëNr-0000562,PRJ-003919,231,INST-0915,M11706022E,90000.0,Po,2,2026,Ministria e Financave dhe Ekonomisë,Kapitulli 2,,Qendrore,Vlorë,Buxheti i Shtetit
ANG-0000562,KontratëNr-0000563,PRJ-003920,230,INST-0915,K46524021W,58333.0,Po,2,2026,Ministria e Financave dhe Ekonomisë,Kapitulli 4,,Qendrore,Elbasan,Financim i huaj
ANG-0000563,KontratëNr-0000564,PRJ-003925,231,INST-0915,J61827062E,150000.0,Po,2,2026,Ministria e Arsimit dhe Sportit,Kapitulli 2,,Qendrore,Korçë,Buxheti i Shtetit
ANG-0000564,KontratëNr-0000565,PRJ-003926,230,INST-0915,M22318016L,99000.0,Po,2,2026,Ministria e Bujqësisë dhe Zhvillimit Rural,Kapitulli 4,,Vendore,Durrës,Të ardhura të trashiguara
ANG-0000565,,PRJ-003921,231,INST-1005,J61814028F,73500.0,Po,2,2026,Ministria e Financave dhe Ekonomisë,Kapitulli 4,,SHA,Fier,Të ardhura të trashiguara
ANG-0000566,KontratëNr-0000567,PRJ-003918,230,INST-0087,K01514009I,268770.0,Po,2,2026,Ministria e Bujqësisë dhe Zhvillimit Rural,Kapitulli 3,,Qendrore,Shkodër,Financim i huaj
ANG-0000567,KontratëNr-0000568,PRJ-003914,230,INST-0621,J61825037N,29400.0,Po,2,2026,Ministria e Shëndetësisë dhe Mbrojtjes Sociale,Kapitulli 5,,Qendrore,Shkodër,Të ardhura të trashiguara
ANG-0000568,KontratëNr-0000569,PRJ-003915,231,INST-0621,L52107165I,4750.0,Po,2,2026,Ministria e Bujqësisë dhe Zhvillimit Rural,Kapitulli 6,,Vendore,Durrës,Të ardhura të trashiguara
ANG-0000569,KontratëNr-0000570,PRJ-003916,231,INST-0621,K62320012O,63600.0,Po,2,2026,Ministria e Financave dhe Ekonomisë,Kapitulli 4,,Qendrore,Elbasan,Të ardhura të trashiguara
ANG-0000570,KontratëNr-0000571,PRJ-003912,231,INST-0621,L41825004O,28.0,Po,2,2026,Ministria e Shëndetësisë dhe Mbrojtjes Sociale,Kapitulli 7,,Vendore,Fier,Të ardhura të trashiguara
ANG-0000571,KontratëNr-0000572,PRJ-003907,231,INST-0621,K21405001N,80600.0,Po,2,2026,Ministria e Brendshme,Kapitulli 7,,Vendore,Elbasan,Buxheti i Shtetit
ANG-0000572,KontratëNr-0000573,PRJ-003908,230,INST-0621,,0.0,Po,2,2026,Ministria e Shëndetësisë dhe Mbrojtjes Sociale,Kapitulli 2,,SHA,Shkodër,Financim i huaj
ANG-0000573,KontratëNr-0000574,PRJ-003909,230,INST-0621,,0.0,Po,2,2026,Ministria e Bujqësisë dhe Zhvillimit Rural,Kapitulli 1,,Vendore,Vlorë,Financim i huaj
ANG-0000574,,PRJ-003910,230,INST-0621,M41311515V,69200.0,Po,2,2026,Ministria e Financave dhe Ekonomisë,Kapitulli 1,,Vendore,Durrës,Financim i huaj
ANG-0000575,KontratëNr-0000576,PRJ-003906,230,INST-0452,K31503045V,176075.0,Po,2,2026,Ministria e Brendshme,Kapitulli 2,,Vendore,Elbasan,Të ardhura të trashiguara
ANG-0000576,KontratëNr-0000577,PRJ-003903,230,INST-0337,K53717806Q,103362.0,Po,2,2026,Ministria e Arsimit dhe Sportit,Kapitulli 6,,SHA,Tiranë,Buxheti i Shtetit
ANG-0000577,KontratëNr-0000578,PRJ-003900,230,INST-0161,K91624505A,1631430.0,Po,2,2026,Ministria e Brendshme,Kapitulli 1,,Qendrore,Shkodër,Financim i huaj
ANG-0000578,KontratëNr-0000579,PRJ-003901,230,INST-0621,,0.0,Po,2,2026,Ministria e Brendshme,Kapitulli 3,,SHA,Fier,Të ardhura të trashiguara
ANG-0000579,KontratëNr-0000580,PRJ-003899,231,INST-0405,K36504231J,719250.0,Po,2,2026,Ministria e Brendshme,Kapitulli 1,,Qendrore,Korçë,Financim i huaj
ANG-0000580,KontratëNr-0000581,PRJ-003897,230,INST-0509,L51419022R,254000.0,Po,2,2026,Ministria e Shëndetësisë dhe Mbrojtjes Sociale,Kapitulli 4,,Vendore,Korçë,Buxheti i Shtetit
ANG-0000581,KontratëNr-0000582,PRJ-003894,230,INST-0621,L12510413V,2232682.0,Po,2,2026,Ministria e Shëndetësisë dhe Mbrojtjes Sociale,Kapitulli 3,,Qendrore,Vlorë,Të ardhura të trashiguara
ANG-0000582,,PRJ-003895,231,INST-0621,K51612031J,4005000.0,Po,2,2026,Ministria e Brendshme,Kapitulli 5,,Vendore,Korçë,Financim i huaj
ANG-0000583,KontratëNr-0000584,PRJ-003896,231,INST-0621,K67516029E,100000.0,Po,2,2026,Ministria e Financave dhe Ekonomisë,Kapitulli 3,,Vendore,Vlorë,Financim i huaj
ANG-0000584,KontratëNr-0000585,PRJ-003893,230,INST-0621,M38315502A,220000.0,Po,2,2026,Ministria e Brendshme,Kapitulli 1,,Vendore,Vlorë,Financim i huaj
ANG-0000585,KontratëNr-0000586,PRJ-003883,231,INST-0175,L52122014L,118150.0,Po,2,2026,Ministria e Bujqësisë dhe Zhvillimit Rural,Kapitulli 5,,SHA,Vlorë,Të ardhura të trashiguara
ANG-0000586,KontratëNr-0000587,PRJ-003885,230,INST-0621,L51712008C,735000.0,Po,2,2026,Ministria e Financave dhe Ekonomisë,Kapitulli 1,,Vendore,Shkodër,Të ardhura të trashiguara
ANG-0000587,KontratëNr-0000588,PRJ-003887,231,INST-0621,L68705501C,232000.0,Po,2,2026,Ministria e Financave dhe Ekonomisë,Kapitulli 4,,Qendrore,Tiranë,Buxheti i Shtetit
ANG-0000588,KontratëNr-0000589,PRJ-003882,230,INST-0621,L12107043O,417328.0,Po,2,2026,Ministria e Brendshme,Kapitulli 4,,Qendrore,Shkodër,Të ardhura të trashiguara
ANG-0000589,KontratëNr-0000590,PRJ-003886,230,INST-0621,K31503045V,1260.0,Po,2,2026,Ministria e Bujqësisë dhe Zhvillimit Rural,Kapitulli 1,,Qendrore,Elbasan,Financim i huaj
ANG-0000590,KontratëNr-0000591,PRJ-003888,231,INST-0621,K72017027P,825000.0,Po,2,2026,Ministria e Financave dhe Ekonomisë,Kapitulli 5,,SHA,Vlorë,Buxheti i Shtetit
ANG-0000591,,PRJ-003884,231,INST-0148,K72017027P,220000.0,Po,2,2026,Ministria e Bujqësisë dhe Zhvillimit Rural,Kapitulli 7,,SHA,Elbasan,Financim i huaj
ANG-0000592,KontratëNr-0000593,PRJ-003889,231,INST-0148,M03405001R,99620.0,Po,2,2026,Ministria e Arsimit dhe Sportit,Kapitulli 7,,SHA,Shkodër,Financim i huaj
ANG-0000593,KontratëNr-0000594,PRJ-003879,230,INST-0621,K31503045V,304500.0,Po,2,2026,Ministria e Financave dhe Ekonomisë,Kapitulli 1,,Vendore,Fier,Buxheti i Shtetit
ANG-0000594,KontratëNr-0000595,PRJ-003881,231,INST-0044,J81609010U,780000.0,Po,2,2026,Ministria e Financave dhe Ekonomisë,Kapitulli 1,,Qendrore,Shkodër,Të ardhura të trashiguara
ANG-0000595,KontratëNr-0000596,PRJ-003880,230,INST-0543,,0.0,Po,2,2026,Ministria e Infrastruktures dhe Energjisë,Kapitulli 3,,SHA,Korçë,Të ardhura të trashiguara
ANG-0000596,KontratëNr-0000597,PRJ-003872,230,INST-0621,J61813529P,195158.53,Po,2,2026,Ministria e Bujqësisë dhe Zhvillimit Rural,Kapitulli 1,,Qendrore,Tiranë,Financim i huaj
ANG-0000597,KontratëNr-0000598,PRJ-003873,231,INST-0621,,0.0,Po,2,2026,Ministria e Arsimit dhe Sportit,Kapitulli 6,,Qendrore,Durrës,Buxheti i Shtetit
ANG-0000598,KontratëNr-0000599,PRJ-003874,230,INST-0621,K31503045V,1323.0,Po,2,2026,Ministria e Financave dhe Ekonomisë,Kapitulli 2,,Vendore,Durrës,Buxheti i Shtetit
ANG-0000599,KontratëNr-0000600,PRJ-003875,231,INST-0621,M52311039R,93200.0,Po,2,2026,Ministria e Arsimit dhe Sportit,Kapitulli 2,,Vendore,Korçë,Të ardhura të trashiguara
ANG-0000600,KontratëNr-0000601,PRJ-003871,231,INST-0621,K36608210K,15000.0,Po,2,2026,Ministria e Infrastruktures dhe Energjisë,Kapitulli 3,,SHA,Tiranë,Financim i huaj
ANG-0000601,KontratëNr-0000602,PRJ-003865,230,INST-1035,L58107001J,4166666.67,Po,2,2026,Ministria e Bujqësisë dhe Zhvillimit Rural,Kapitulli 4,,SHA,Shkodër,Buxheti i Shtetit
ANG-0000602,,PRJ-003866,230,INST-1035,L68705501C,498000.0,Po,2,2026,Ministria e Bujqësisë dhe Zhvillimit Rural,Kapitulli 4,,Vendore,Vlorë,Të ardhura të trashiguara
ANG-0000603,KontratëNr-0000604,PRJ-003867,231,INST-1035,L82321017Q,93000.0,Po,2,2026,Ministria e Shëndetësisë dhe Mbrojtjes Sociale,Kapitulli 1,,Vendore,Korçë,Buxheti i Shtetit
ANG-0000604,KontratëNr-0000605,PRJ-003868,230,INST-1035,M02415002E,389400.0,Po,2,2026,Ministria e Financave dhe Ekonomisë,Kapitulli 5,,Qendrore,Vlorë,Buxheti i Shtetit
ANG-0000605,KontratëNr-0000606,PRJ-003859,231,INST-0436,L42206505K,92235.0,Po,2,2026,Ministria e Financave dhe Ekonomisë,Kapitulli 6,,Vendore,Shkodër,Buxheti i Shtetit
ANG-0000606,KontratëNr-0000607,PRJ-003857,230,INST-0404,L01508026P,64800.0,Po,2,2026,Ministria e Brendshme,Kapitulli 2,,Vendore,Tiranë,Financim i huaj
ANG-0000607,KontratëNr-0000608,PRJ-003851,230,INST-0621,K31503045V,264600.0,Po,2,2026,Ministria e Financave dhe Ekonomisë,Kapitulli 1,,SHA,Shkodër,Buxheti i Shtetit
ANG-0000608,KontratëNr-0000609,PRJ-003852,230,INST-0621,L81618008J,430000.0,Po,2,2026,Ministria e Financave dhe Ekonomisë,Kapitulli 4,,SHA,Tiranë,Financim i huaj
ANG-0000609,KontratëNr-0000610,PRJ-003853,230,INST-0621,K31503045V,2944.5,Po,2,2026,Ministria e Arsimit dhe Sportit,Kapitulli 3,,SHA,Korçë,Buxheti i Shtetit
ANG-0000610,KontratëNr-0000611,PRJ-003854,230,INST-0621,M18219201M,50000.0,Po,2,2026,Ministria e Brendshme,Kapitulli 6,,SHA,Durrës,Buxheti i Shtetit
ANG-0000611,KontratëNr-0000612,PRJ-003855,231,INST-0621,K91530017T,1270500.0,Po,2,2026,Ministria e Financave dhe Ekonomisë,Kapitulli 6,,SHA,Elbasan,Financim i huaj
ANG-0000612,KontratëNr-0000613,PRJ-003850,230,INST-0364,K31520054N,1498073.0,Po,2,2026,Ministria e Arsimit dhe Sportit,Kapitulli 6,,SHA,Elbasan,Të ardhura të trashiguara
ANG-0000613,KontratëNr-0000614,PRJ-003844,231,INST-0621,M48110601O,693800.0,Po,2,2026,Ministria e Bujqësisë dhe Zhvillimit Rural,Kapitulli 1,,Qendrore,Elbasan,Buxheti i Shtetit
ANG-0000614,KontratëNr-0000615,PRJ-003846,231,INST-0621,,0.0,Po,2,2026,Ministria e Bujqësisë dhe Zhvillimit Rural,Kapitulli 6,,Qendrore,Durrës,Të ardhura të trashiguara
ANG-0000615,KontratëNr-0000616,PRJ-003847,231,INST-0621,M57403204K,410000.0,Po,2,2026,Ministria e Financave dhe Ekonomisë,Kapitulli 3,,Vendore,Fier,Financim i huaj
ANG-0000616,KontratëNr-0000617,PRJ-003848,231,INST-0621,,0.0,Po,2,2026,Ministria e Shëndetësisë dhe Mbrojtjes Sociale,Kapitulli 5,,Vendore,Durrës,Financim i huaj
ANG-0000617,KontratëNr-0000618,PRJ-003842,230,INST-0621,,0.0,Po,2,2026,Ministria e Brendshme,Kapitulli 3,,SHA,Vlorë,Financim i huaj
ANG-0000618,KontratëNr-0000619,PRJ-003833,230,INST-0621,K42108801C,24686.0,Po,2,2026,Ministria e Infrastruktures dhe Energjisë,Kapitulli 2,,Vendore,Elbasan,Financim i huaj
ANG-0000619,KontratëNr-0000620,PRJ-003840,231,INST-0621,K31503045V,30124.5,Po,2,2026,Ministria e Shëndetësisë dhe Mbrojtjes Sociale,Kapitulli 1,,SHA,Durrës,Të ardhura të trashiguara
ANG-0000620,KontratëNr-0000621,PRJ-003836,231,INST-0621,M02403014N,826880.0,Po,2,2026,Ministria e Shëndetësisë dhe Mbrojtjes Sociale,Kapitulli 1,,Qendrore,Korçë,Buxheti i Shtetit
ANG-0000621,KontratëNr-0000622,PRJ-003837,231,INST-0621,K41420001V,40410.0,Po,2,2026,Ministria e Bujqësisë dhe Zhvillimit Rural,Kapitulli 1,,SHA,Fier,Të ardhura të trashiguara
ANG-0000622,,PRJ-003838,230,INST-0621,,0.0,Po,2,2026,Ministria e Infrastruktures dhe Energjisë,Kapitulli 3,,Vendore,Tiranë,Financim i huaj
ANG-0000623,KontratëNr-0000624,PRJ-003834,230,INST-0436,,0.0,Po,2,2026,Ministria e Infrastruktures dhe Energjisë,Kapitulli 5,,SHA,Shkodër,Të ardhura të trashiguara
ANG-0000624,KontratëNr-0000625,PRJ-003835,231,INST-0436,K48021210Q,665982.0,Po,2,2026,Ministria e Financave dhe Ekonomisë,Kapitulli 1,,SHA,Vlorë,Buxheti i Shtetit
ANG-0000625,KontratëNr-0000626,PRJ-003819,230,INST-0621,M22314001N,100000.0,Po,2,2026,Ministria e Arsimit dhe Sportit,Kapitulli 2,,Qendrore,Vlorë,Financim i huaj
ANG-0000626,KontratëNr-0000627,PRJ-003820,231,INST-0621,K31610091Q,75000.0,Po,2,2026,Ministria e Arsimit dhe Sportit,Kapitulli 3,,Vendore,Durrës,Buxheti i Shtetit
ANG-0000627,,PRJ-003821,231,INST-0621,K56511202K,52333.33,Po,2,2026,Ministria e Infrastruktures dhe Energjisë,Kapitulli 6,,Qendrore,Elbasan,Të ardhura të trashiguara
ANG-0000628,,PRJ-003826,230,INST-0558,K51612031J,67500.0,Po,2,2026,Ministria e Brendshme,Kapitulli 2,,Vendore,Durrës,Të ardhura të trashiguara
ANG-0000629,KontratëNr-0000630,PRJ-003827,230,INST-0331,M17211205C,296000.0,Po,2,2026,Ministria e Shëndetësisë dhe Mbrojtjes Sociale,Kapitulli 6,,SHA,Elbasan,Buxheti i Shtetit
ANG-0000630,KontratëNr-0000631,PRJ-003828,230,INST-0331,J91329003O,980000.0,Po,2,2026,Ministria e Financave dhe Ekonomisë,Kapitulli 6,,Qendrore,Tiranë,Financim i huaj
ANG-0000631,KontratëNr-0000632,PRJ-003829,230,INST-0331,M01321501F,100000.0,Po,2,2026,Ministria e Infrastruktures dhe Energjisë,Kapitulli 1,,Vendore,Korçë,Buxheti i Shtetit
ANG-0000632,KontratëNr-0000633,PRJ-003823,231,INST-0569,L77406402A,115000.0,Po,2,2026,Ministria e Arsimit dhe Sportit,Kapitulli 3,,SHA,Shkodër,Buxheti i Shtetit
ANG-0000633,KontratëNr-0000634,PRJ-003824,230,INST-0573,,0.0,Po,2,2026,Ministria e Brendshme,Kapitulli 7,,SHA,Vlorë,Buxheti i Shtetit
ANG-0000634,KontratëNr-0000635,PRJ-003825,231,INST-0175,J97426216L,122000.0,Po,2,2026,Ministria e Shëndetësisë dhe Mbrojtjes Sociale,Kapitulli 1,,Qendrore,Vlorë,Financim i huaj
ANG-0000635,,PRJ-003831,230,INST-0961,,0.0,Po,2,2026,Ministria e Infrastruktures dhe Energjisë,Kapitulli 5,,SHA,Elbasan,Financim i huaj
ANG-0000636,KontratëNr-0000637,PRJ-003830,230,INST-0337,M51322038Q,147900.0,Po,2,2026,Ministria e Arsimit dhe Sportit,Kapitulli 1,,Vendore,Tiranë,Buxheti i Shtetit
ANG-0000637,KontratëNr-0000638,PRJ-003822,231,INST-0066,L12121023B,3480000.0,Po,2,2026,Ministria e Bujqësisë dhe Zhvillimit Rural,Kapitulli 1,,SHA,Shkodër,Financim i huaj
ANG-0000638,KontratëNr-0000639,PRJ-003816,230,INST-0154,K83410201O,984438.95,Po,2,2026,Ministria e Bujqësisë dhe Zhvillimit Rural,Kapitulli 4,,Qendrore,Durrës,Financim i huaj
ANG-0000639,KontratëNr-0000640,PRJ-003813,231,INST-0654,J61814028F,746200.0,Po,2,2026,Ministria e Shëndetësisë dhe Mbrojtjes Sociale,Kapitulli 5,,SHA,Tiranë,Të ardhura të trashiguara
ANG-0000640,KontratëNr-0000641,PRJ-003817,230,INST-0574,M12506803T,79200.0,Po,2,2026,Ministria e Infrastruktures dhe Energjisë,Kapitulli 5,,Qendrore,Durrës,Të ardhura të trashiguara
ANG-0000641,,PRJ-003815,231,INST-0621,J61814028F,78075.0,Po,2,2026,Ministria e Brendshme,Kapitulli 7,,Qendrore,Elbasan,Financim i huaj
ANG-0000642,KontratëNr-0000643,PRJ-003818,231,INST-0404,K42108801C,719000.0,Po,2,2026,Ministria e Brendshme,Kapitulli 6,,Qendrore,Fier,Financim i huaj
ANG-0000643,KontratëNr-0000644,PRJ-003806,230,INST-0128,K12023001A,720686.0,Po,2,2026,Ministria e Infrastruktures dhe Energjisë,Kapitulli 6,,Vendore,Durrës,Buxheti i Shtetit
ANG-0000644,KontratëNr-0000645,PRJ-003805,230,INST-0621,K21511002I,260000.0,Po,2,2026,Ministria e Infrastruktures dhe Energjisë,Kapitulli 3,,SHA,Durrës,Buxheti i Shtetit
ANG-0000645,KontratëNr-0000646,PRJ-003807,231,INST-0578,L01508026P,14700.0,Po,2,2026,Ministria e Arsimit dhe Sportit,Kapitulli 2,,Qendrore,Durrës,Të ardhura të trashiguara
ANG-0000646,,PRJ-003799,231,INST-0087,K62713404B,216000.0,Po,2,2026,Ministria e Brendshme,Kapitulli 7,,SHA,Tiranë,Të ardhura të trashiguara
ANG-0000647,KontratëNr-0000648,PRJ-003800,231,INST-0342,K33710769Q,14900.0,Po,2,2026,Ministria e Bujqësisë dhe Zhvillimit Rural,Kapitulli 4,,SHA,Korçë,Buxheti i Shtetit
ANG-0000648,KontratëNr-0000649,PRJ-003801,230,INST-0342,K78317002F,997500.0,Po,2,2026,Ministria e Financave dhe Ekonomisë,Kapitulli 1,,SHA,Tiranë,Buxheti i Shtetit
ANG-0000649,,PRJ-003802,231,INST-0364,K31517010H,123975.0,Po,2,2026,Ministria e Brendshme,Kapitulli 7,,Qendrore,Durrës,Buxheti i Shtetit
ANG-0000650,KontratëNr-0000651,PRJ-003803,231,INST-0621,K91530017T,89000.0,Po,2,2026,Ministria e Bujqësisë dhe Zhvillimit Rural,Kapitulli 1,,Qendrore,Durrës,Të ardhura të trashiguara
ANG-0000651,KontratëNr-0000652,PRJ-003795,231,INST-0172,K71616042A,83000.0,Po,2,2026,Ministria e Infrastruktures dhe Energjisë,Kapitulli 4,,Qendrore,Elbasan,Buxheti i Shtetit
ANG-0000652,KontratëNr-0000653,PRJ-003796,231,INST-0172,M42216504H,378800.0,Po,2,2026,Ministria e Infrastruktures dhe Energjisë,Kapitulli 2,,SHA,Korçë,Financim i huaj
ANG-0000653,KontratëNr-0000654,PRJ-003791,231,INST-0621,M12212027P,98000.0,Po,2,2026,Ministria e Brendshme,Kapitulli 3,,Vendore,Shkodër,Të ardhura të trashiguara
ANG-0000654,KontratëNr-0000655,PRJ-003792,230,INST-0621,K71616042A,31250.0,Po,2,2026,Ministria e Brendshme,Kapitulli 1,,SHA,Vlorë,Të ardhura të trashiguara
ANG-0000655,KontratëNr-0000656,PRJ-003793,231,INST-0621,L98819501J,429743.79,Po,2,2026,Ministria e Brendshme,Kapitulli 2,,Vendore,Tiranë,Financim i huaj
ANG-0000656,KontratëNr-0000657,PRJ-003788,231,INST-0621,K31528061N,169540.0,Po,2,2026,Ministria e Bujqësisë dhe Zhvillimit Rural,Kapitulli 6,,SHA,Durrës,Buxheti i Shtetit
ANG-0000657,KontratëNr-0000658,PRJ-003789,231,INST-0621,K87628701K,464698.27,Po,2,2026,Ministria e Bujqësisë dhe Zhvillimit Rural,Kapitulli 2,,Qendrore,Fier,Financim i huaj
ANG-0000658,KontratëNr-0000659,PRJ-003790,231,INST-0621,K71616042A,47700.0,Po,2,2026,Ministria e Financave dhe Ekonomisë,Kapitulli 6,,Qendrore,Fier,Financim i huaj
ANG-0000659,KontratëNr-0000660,PRJ-003787,231,INST-0587,J67902827A,1659200.0,Po,2,2026,Ministria e Bujqësisë dhe Zhvillimit Rural,Kapitulli 3,,SHA,Vlorë,Buxheti i Shtetit
ANG-0000660,KontratëNr-0000661,PRJ-003770,230,INST-0621,K72223025M,100000.0,Po,2,2026,Ministria e Financave dhe Ekonomisë,Kapitulli 1,,Vendore,Elbasan,Buxheti i Shtetit
ANG-0000661,,PRJ-003772,231,INST-0621,K72223025M,100000.0,Po,2,2026,Ministria e Shëndetësisë dhe Mbrojtjes Sociale,Kapitulli 4,,SHA,Durrës,Të ardhura të trashiguara
ANG-0000662,KontratëNr-0000663,PRJ-003774,230,INST-0621,L72003016A,537000.0,Po,2,2026,Ministria e Shëndetësisë dhe Mbrojtjes Sociale,Kapitulli 1,,SHA,Shkodër,Financim i huaj
ANG-0000663,KontratëNr-0000664,PRJ-003775,231,INST-0621,M44805601C,15000.0,Po,3,2026,Ministria e Bujqësisë dhe Zhvillimit Rural,Kapitulli 6,,SHA,Tiranë,Të ardhura të trashiguara
ANG-0000664,KontratëNr-0000665,PRJ-003776,230,INST-0621,L13726601G,67000.0,Po,3,2026,Ministria e Financave dhe Ekonomisë,Kapitulli 1,,Qendrore,Durrës,Të ardhura të trashiguara
ANG-0000665,KontratëNr-0000666,PRJ-003781,230,INST-0621,J61905050M,47950274.4,Po,2,2026,Ministria e Shëndetësisë dhe Mbrojtjes Sociale,Kapitulli 4,,SHA,Korçë,Të ardhura të trashiguara
ANG-0000666,KontratëNr-0000667,PRJ-003771,231,INST-0961,M54102604O,18323.0,Po,3,2026,Ministria e Brendshme,Kapitulli 7,,Qendrore,Tiranë,Financim i huaj
ANG-0000667,KontratëNr-0000668,PRJ-003773,231,INST-0621,L81316021R,100000.0,Po,3,2026,Ministria e Brendshme,Kapitulli 5,,Vendore,Fier,Buxheti i Shtetit
ANG-0000668,KontratëNr-0000669,PRJ-003780,231,INST-0331,J64103131H,22420.0,Po,3,2026,Ministria e Infrastruktures dhe Energjisë,Kapitulli 4,,SHA,Fier,Të ardhura të trashiguara
ANG-0000669,,PRJ-003785,231,INST-0961,L81506043D,420000.0,Po,3,2026,Ministria e Arsimit dhe Sportit,Kapitulli 1,,Vendore,Vlorë,Të ardhura të trashiguara
ANG-0000670,KontratëNr-0000671,PRJ-003769,230,INST-1002,M52022023I,599999.0,Po,3,2026,Ministria e Brendshme,Kapitulli 2,,Vendore,Korçë,Buxheti i Shtetit
ANG-0000671,KontratëNr-0000672,PRJ-003778,230,INST-0364,J61813041E,923940.0,Po,3,2026,Ministria e Arsimit dhe Sportit,Kapitulli 1,,SHA,Tiranë,Buxheti i Shtetit
ANG-0000672,KontratëNr-0000673,PRJ-003779,230,INST-0364,L01314031G,3201400.0,Po,3,2026,Ministria e Infrastruktures dhe Energjisë,Kapitulli 4,,Qendrore,Vlorë,Të ardhura të trashiguara
ANG-0000673,KontratëNr-0000674,PRJ-003782,231,INST-0328,K64108001G,470000.0,Po,3,2026,Ministria e Financave dhe Ekonomisë,Kapitulli 7,,SHA,Fier,Buxheti i Shtetit
ANG-0000674,KontratëNr-0000675,PRJ-003783,231,INST-0328,L51419022R,246240.0,Po,3,2026,Ministria e Brendshme,Kapitulli 5,,SHA,Elbasan,Buxheti i Shtetit
ANG-0000675,KontratëNr-0000676,PRJ-003784,230,INST-0328,J62426002Q,81.42,Po,3,2026,Ministria e Financave dhe Ekonomisë,Kapitulli 5,,Vendore,Shkodër,Të ardhura të trashiguara
ANG-0000676,KontratëNr-0000677,PRJ-003768,230,INST-0458,L81317045A,99500.0,Po,3,2026,Ministria e Brendshme,Kapitulli 2,,Qendrore,Shkodër,Financim i huaj
ANG-0000677,KontratëNr-0000678,PRJ-003764,231,INST-0173,J68028214P,99800.0,Po,3,2026,Ministria e Infrastruktures dhe Energjisë,Kapitulli 5,,Qendrore,Shkodër,Financim i huaj
ANG-0000678,KontratëNr-0000679,PRJ-003758,231,INST-0172,,0.0,Po,3,2026,Ministria e Infrastruktures dhe Energjisë,Kapitulli 3,,Vendore,Fier,Të ardhura të trashiguara
ANG-0000679,KontratëNr-0000680,PRJ-003762,230,INST-0172,,0.0,Po,3,2026,Ministria e Financave dhe Ekonomisë,Kapitulli 4,,Vendore,Fier,Financim i huaj
ANG-0000680,KontratëNr-0000681,PRJ-003763,231,INST-0172,L32405034Q,6490.0,Po,3,2026,Ministria e Bujqësisë dhe Zhvillimit Rural,Kapitulli 7,,Vendore,Elbasan,Të ardhura të trashiguara
ANG-0000681,KontratëNr-0000682,PRJ-003765,230,INST-0172,J64103483H,8260660.0,Po,3,2026,Ministria e Bujqësisë dhe Zhvillimit Rural,Kapitulli 1,,SHA,Tiranë,Të ardhura të trashiguara
ANG-0000682,KontratëNr-0000683,PRJ-003757,230,INST-0621,M42216504H,648000.0,Po,3,2026,Ministria e Arsimit dhe Sportit,Kapitulli 1,,SHA,Fier,Të ardhura të trashiguara
ANG-0000683,KontratëNr-0000684,PRJ-003751,230,INST-0621,L12510413V,525000.0,Po,3,2026,Ministria e Bujqësisë dhe Zhvillimit Rural,Kapitulli 5,,Vendore,Tiranë,Financim i huaj
ANG-0000684,KontratëNr-0000685,PRJ-003753,230,INST-0621,L42103023G,221400.0,Po,3,2026,Ministria e Bujqësisë dhe Zhvillimit Rural,Kapitulli 6,,Vendore,Vlorë,Të ardhura të trashiguara
ANG-0000685,KontratëNr-0000686,PRJ-003754,231,INST-0621,L51523001S,22500000.0,Po,3,2026,Ministria e Shëndetësisë dhe Mbrojtjes Sociale,Kapitulli 6,,SHA,Elbasan,Financim i huaj
ANG-0000686,KontratëNr-0000687,PRJ-003755,230,INST-0172,J63208420N,4887100.0,Po,3,2026,Ministria e Brendshme,Kapitulli 5,,SHA,Vlorë,Të ardhura të trashiguara
ANG-0000687,KontratëNr-0000688,PRJ-003756,230,INST-0337,K33708625J,98383.0,Po,3,2026,Ministria e Arsimit dhe Sportit,Kapitulli 2,,Qendrore,Elbasan,Financim i huaj
ANG-0000688,KontratëNr-0000689,PRJ-003745,231,INST-0621,L97006001D,144600.0,Po,3,2026,Ministria e Arsimit dhe Sportit,Kapitulli 5,,SHA,Shkodër,Të ardhura të trashiguara
ANG-0000689,KontratëNr-0000690,PRJ-003748,230,INST-0128,L71715003C,155000.0,Po,3,2026,Ministria e Shëndetësisë dhe Mbrojtjes Sociale,Kapitulli 1,,SHA,Tiranë,Të ardhura të trashiguara
ANG-0000690,KontratëNr-0000691,PRJ-003743,230,INST-0621,L96323901L,290000.0,Po,3,2026,Ministria e Financave dhe Ekonomisë,Kapitulli 5,,SHA,Shkodër,Buxheti i Shtetit
ANG-0000691,KontratëNr-0000692,PRJ-003746,230,INST-0151,L13726601G,90000.0,Po,3,2026,Ministria e Bujqësisë dhe Zhvillimit Rural,Kapitulli 5,,SHA,Shkodër,Financim i huaj
ANG-0000692,,PRJ-003740,231,INST-0102,M31607030A,695000.0,Po,3,2026,Ministria e Infrastruktures dhe Energjisë,Kapitulli 4,,Qendrore,Vlorë,Të ardhura të trashiguara
ANG-0000693,KontratëNr-0000694,PRJ-003741,230,INST-0337,J77304712J,971697.2,Po,3,2026,Ministria e Shëndetësisë dhe Mbrojtjes Sociale,Kapitulli 6,,Vendore,Durrës,Të ardhura të trashiguara
ANG-0000694,KontratëNr-0000695,PRJ-003747,230,INST-0535,M22307015R,149900.0,Po,3,2026,Ministria e Brendshme,Kapitulli 4,,Qendrore,Korçë,Të ardhura të trashiguara
ANG-0000695,KontratëNr-0000696,PRJ-003749,231,INST-0568,L81325026K,130000.0,Po,3,2026,Ministria e Brendshme,Kapitulli 7,,Vendore,Durrës,Të ardhura të trashiguara
ANG-0000696,KontratëNr-0000697,PRJ-003734,230,INST-0621,K66801001T,22083104.0,Po,3,2026,Ministria e Infrastruktures dhe Energjisë,Kapitulli 1,,Qendrore,Shkodër,Buxheti i Shtetit
ANG-0000697,KontratëNr-0000698,PRJ-003738,231,INST-0621,K62320012O,26800.0,Po,3,2026,Ministria e Brendshme,Kapitulli 7,,SHA,Tiranë,Buxheti i Shtetit
ANG-0000698,KontratëNr-0000699,PRJ-003711,231,INST-0337,K62320012O,27500.0,Po,3,2026,Ministria e Arsimit dhe Sportit,Kapitulli 4,,SHA,Shkodër,Financim i huaj
ANG-0000699,KontratëNr-0000700,PRJ-003712,231,INST-0337,K62320012O,43200.0,Po,3,2026,Ministria e Financave dhe Ekonomisë,Kapitulli 2,,Qendrore,Fier,Financim i huaj
ANG-0000700,KontratëNr-0000701,PRJ-003713,230,INST-0337,K31528061N,285000.0,Po,3,2026,Ministria e Brendshme,Kapitulli 6,,SHA,Elbasan,Të ardhura të trashiguara
ANG-0000701,KontratëNr-0000702,PRJ-003716,230,INST-0621,L01807503L,2149890.0,Po,3,2026,Ministria e Brendshme,Kapitulli 1,,Vendore,Korçë,Të ardhura të trashiguara
ANG-0000702,KontratëNr-0000703,PRJ-003717,230,INST-0621,K81311015Q,26000.0,Po,3,2026,Ministria e Arsimit dhe Sportit,Kapitulli 5,,Qendrore,Vlorë,Financim i huaj
ANG-0000703,,PRJ-003718,230,INST-0621,J62009007F,380000.0,Po,3,2026,Ministria e Bujqësisë dhe Zhvillimit Rural,Kapitulli 4,,SHA,Durrës,Të ardhura të trashiguara
ANG-0000704,KontratëNr-0000705,PRJ-003720,230,INST-0621,M22101036D,100000.0,Po,3,2026,Ministria e Financave dhe Ekonomisë,Kapitulli 6,,Vendore,Fier,Financim i huaj
ANG-0000705,KontratëNr-0000706,PRJ-003723,231,INST-0621,M02415002E,99970.0,Po,3,2026,Ministria e Arsimit dhe Sportit,Kapitulli 5,,SHA,Shkodër,Financim i huaj
ANG-0000706,KontratëNr-0000707,PRJ-003724,230,INST-0621,K62320012O,62000.0,Po,3,2026,Ministria e Brendshme,Kapitulli 1,,Vendore,Elbasan,Financim i huaj
ANG-0000707,KontratëNr-0000708,PRJ-003725,230,INST-0621,M22101036D,50000.0,Po,3,2026,Ministria e Shëndetësisë dhe Mbrojtjes Sociale,Kapitulli 3,,Vendore,Fier,Financim i huaj
ANG-0000708,KontratëNr-0000709,PRJ-003726,231,INST-0621,J61814028F,13500.0,Po,3,2026,Ministria e Bujqësisë dhe Zhvillimit Rural,Kapitulli 4,,SHA,Shkodër,Financim i huaj
ANG-0000709,KontratëNr-0000710,PRJ-003727,231,INST-0621,J61814028F,245000.0,Po,3,2026,Ministria e Bujqësisë dhe Zhvillimit Rural,Kapitulli 1,,Qendrore,Shkodër,Buxheti i Shtetit
ANG-0000710,KontratëNr-0000711,PRJ-003728,230,INST-0621,J91809007H,428088.0,Po,3,2026,Ministria e Arsimit dhe Sportit,Kapitulli 3,,SHA,Fier,Buxheti i Shtetit
ANG-0000711,KontratëNr-0000712,PRJ-003730,231,INST-0621,,0.0,Po,3,2026,Ministria e Bujqësisë dhe Zhvillimit Rural,Kapitulli 2,,Vendore,Shkodër,Të ardhura të trashiguara
ANG-0000712,KontratëNr-0000713,PRJ-003731,230,INST-0621,L64425401K,120000.0,Po,3,2026,Ministria e Shëndetësisë dhe Mbrojtjes Sociale,Kapitulli 5,,SHA,Tiranë,Të ardhura të trashiguara
ANG-0000713,KontratëNr-0000714,PRJ-003732,231,INST-0621,L11801011M,1000.0,Po,3,2026,Ministria e Infrastruktures dhe Energjisë,Kapitulli 2,,Qendrore,Vlorë,Të ardhura të trashiguara
ANG-0000714,KontratëNr-0000715,PRJ-003733,231,INST-0621,M11714046V,98750.0,Po,3,2026,Ministria e Shëndetësisë dhe Mbrojtjes Sociale,Kapitulli 2,,SHA,Elbasan,Të ardhura të trashiguara
ANG-0000715,KontratëNr-0000716,PRJ-003715,230,INST-0044,K66801001T,724375.0,Po,3,2026,Ministria e Financave dhe Ekonomisë,Kapitulli 3,,SHA,Vlorë,Të ardhura të trashiguara
ANG-0000716,KontratëNr-0000717,PRJ-003735,230,INST-0064,K91530017T,24000.0,Po,3,2026,Ministria e Brendshme,Kapitulli 3,,Vendore,Durrës,Të ardhura të trashiguara
ANG-0000717,KontratëNr-0000718,PRJ-003736,231,INST-0064,L38515201C,100000.0,Po,3,2026,Ministria e Shëndetësisë dhe Mbrojtjes Sociale,Kapitulli 2,,Qendrore,Shkodër,Të ardhura të trashiguara
ANG-0000718,KontratëNr-0000719,PRJ-003737,230,INST-0064,K43309402W,2460000.0,Po,3,2026,Ministria e Bujqësisë dhe Zhvillimit Rural,Kapitulli 1,,Vendore,Tiranë,Të ardhura të trashiguara
ANG-0000719,KontratëNr-0000720,PRJ-003714,231,INST-0588,L41726016Q,208000.0,Po,3,2026,Ministria e Shëndetësisë dhe Mbrojtjes Sociale,Kapitulli 6,,Vendore,Durrës,Të ardhura të trashiguara
ANG-0000720,KontratëNr-0000721,PRJ-003705,231,INST-0653,K32606203J,66596.0,Po,3,2026,Ministria e Bujqësisë dhe Zhvillimit Rural,Kapitulli 4,,Qendrore,Fier,Buxheti i Shtetit
ANG-0000721,KontratëNr-0000722,PRJ-003707,231,INST-0172,L54814001L,62500.0,Po,3,2026,Ministria e Financave dhe Ekonomisë,Kapitulli 4,,Vendore,Durrës,Buxheti i Shtetit
ANG-0000722,KontratëNr-0000723,PRJ-003709,230,INST-0337,K33915001O,66666.67,Po,3,2026,Ministria e Infrastruktures dhe Energjisë,Kapitulli 2,,SHA,Fier,Të ardhura të trashiguara
ANG-0000723,KontratëNr-0000724,PRJ-003706,230,INST-1004,L94004003D,84972.5,Po,3,2026,Ministria e Shëndetësisë dhe Mbrojtjes Sociale,Kapitulli 4,,SHA,Durrës,Buxheti i Shtetit
ANG-0000724,,PRJ-003693,230,INST-0962,K62320012O,7000.0,Po,3,2026,Ministria e Infrastruktures dhe Energjisë,Kapitulli 4,,SHA,Korçë,Buxheti i Shtetit
ANG-0000725,KontratëNr-0000726,PRJ-003696,231,INST-0558,M11718011D,210000.0,Po,3,2026,Ministria e Bujqësisë dhe Zhvillimit Rural,Kapitulli 5,,SHA,Shkodër,Të ardhura të trashiguara
ANG-0000726,KontratëNr-0000727,PRJ-003697,230,INST-0558,L83725007U,97500.0,Po,3,2026,Ministria e Infrastruktures dhe Energjisë,Kapitulli 2,,SHA,Tiranë,Financim i huaj
ANG-0000727,KontratëNr-0000728,PRJ-003698,231,INST-0558,K62320012O,14000.0,Po,3,2026,Ministria e Brendshme,Kapitulli 7,,Qendrore,Korçë,Buxheti i Shtetit
ANG-0000728,KontratëNr-0000729,PRJ-003702,230,INST-0046,K62320012O,49000.0,Po,3,2026,Ministria e Financave dhe Ekonomisë,Kapitulli 3,,SHA,Fier,Buxheti i Shtetit
ANG-0000729,,PRJ-003695,230,INST-0175,M11501019A,509793.7,Po,3,2026,Ministria e Arsimit dhe Sportit,Kapitulli 3,,Qendrore,Fier,Buxheti i Shtetit
ANG-0000730,KontratëNr-0000731,PRJ-003699,230,INST-1012,M12429007A,981200.0,Po,3,2026,Ministria e Infrastruktures dhe Energjisë,Kapitulli 6,,SHA,Tiranë,Të ardhura të trashiguara
ANG-0000731,KontratëNr-0000732,PRJ-003694,230,INST-0621,L41723017J,857000.0,Po,3,2026,Ministria e Financave dhe Ekonomisë,Kapitulli 4,,Qendrore,Tiranë,Financim i huaj
ANG-0000732,KontratëNr-0000733,PRJ-003686,231,INST-0140,L63302801G,400000.0,Po,3,2026,Ministria e Arsimit dhe Sportit,Kapitulli 2,,Vendore,Elbasan,Buxheti i Shtetit
ANG-0000733,KontratëNr-0000734,PRJ-003690,230,INST-0621,J82201002C,30000.0,Po,3,2026,Ministria e Bujqësisë dhe Zhvillimit Rural,Kapitulli 1,,Qendrore,Durrës,Të ardhura të trashiguara
ANG-0000734,KontratëNr-0000735,PRJ-003681,231,INST-0151,K91530017T,91500.0,Po,3,2026,Ministria e Brendshme,Kapitulli 6,,Qendrore,Vlorë,Financim i huaj
ANG-0000735,KontratëNr-0000736,PRJ-003678,231,INST-0621,,0.0,Po,3,2026,Ministria e Financave dhe Ekonomisë,Kapitulli 3,,Vendore,Shkodër,Buxheti i Shtetit
ANG-0000736,KontratëNr-0000737,PRJ-003679,231,INST-0621,M52311039R,266600.0,Po,3,2026,Ministria e Infrastruktures dhe Energjisë,Kapitulli 6,,Vendore,Fier,Të ardhura të trashiguara
ANG-0000737,KontratëNr-0000738,PRJ-003684,230,INST-0148,K41420001V,37220.0,Po,3,2026,Ministria e Shëndetësisë dhe Mbrojtjes Sociale,Kapitulli 3,,Qendrore,Durrës,Financim i huaj
ANG-0000738,KontratëNr-0000739,PRJ-003685,231,INST-0337,M29718101T,3239865.5,Po,3,2026,Ministria e Brendshme,Kapitulli 4,,Vendore,Tiranë,Financim i huaj
ANG-0000739,KontratëNr-0000740,PRJ-003680,231,INST-0565,K31422029Q,998580.0,Po,3,2026,Ministria e Bujqësisë dhe Zhvillimit Rural,Kapitulli 3,,Vendore,Elbasan,Të ardhura të trashiguara
ANG-0000740,KontratëNr-0000741,PRJ-003682,230,INST-0516,K21912001R,486000.0,Po,3,2026,Ministria e Arsimit dhe Sportit,Kapitulli 2,,Vendore,Durrës,Financim i huaj
ANG-0000741,KontratëNr-0000742,PRJ-003663,231,INST-0126,K11722002W,99500.0,Po,3,2026,Ministria e Brendshme,Kapitulli 1,,Qendrore,Shkodër,Të ardhura të trashiguara
ANG-0000742,KontratëNr-0000743,PRJ-003664,230,INST-0517,M11707049K,160000.0,Po,3,2026,Ministria e Shëndetësisë dhe Mbrojtjes Sociale,Kapitulli 6,,SHA,Durrës,Të ardhura të trashiguara
ANG-0000743,KontratëNr-0000744,PRJ-003666,230,INST-0621,,0.0,Po,3,2026,Ministria e Shëndetësisë dhe Mbrojtjes Sociale,Kapitulli 7,,SHA,Durrës,Buxheti i Shtetit
ANG-0000744,,PRJ-003667,230,INST-0621,J74517205P,4386000.0,Po,3,2026,Ministria e Brendshme,Kapitulli 4,,Vendore,Shkodër,Financim i huaj
ANG-0000745,KontratëNr-0000746,PRJ-003668,231,INST-0621,K31503045V,6979.0,Po,3,2026,Ministria e Brendshme,Kapitulli 6,,Vendore,Elbasan,Të ardhura të trashiguara
ANG-0000746,,PRJ-003669,231,INST-0621,K12201002T,28335.0,Po,3,2026,Ministria e Arsimit dhe Sportit,Kapitulli 4,,Vendore,Durrës,Financim i huaj
ANG-0000747,KontratëNr-0000748,PRJ-003661,230,INST-0337,M02012011A,1666.67,Po,3,2026,Ministria e Financave dhe Ekonomisë,Kapitulli 1,,SHA,Fier,Financim i huaj
ANG-0000748,KontratëNr-0000749,PRJ-003662,230,INST-0337,L31329009M,149000.0,Po,3,2026,Ministria e Shëndetësisë dhe Mbrojtjes Sociale,Kapitulli 3,,SHA,Shkodër,Financim i huaj
ANG-0000749,KontratëNr-0000750,PRJ-003665,230,INST-0561,K21912001R,11880.0,Po,3,2026,Ministria e Bujqësisë dhe Zhvillimit Rural,Kapitulli 4,,Qendrore,Tiranë,Buxheti i Shtetit
ANG-0000750,KontratëNr-0000751,PRJ-003655,230,INST-0621,K16604717F,1861400.0,Po,3,2026,Ministria e Bujqësisë dhe Zhvillimit Rural,Kapitulli 6,,Qendrore,Elbasan,Financim i huaj
ANG-0000751,,PRJ-003656,230,INST-0621,K81503063B,570000.0,Po,3,2026,Ministria e Shëndetësisë dhe Mbrojtjes Sociale,Kapitulli 1,,Qendrore,Fier,Buxheti i Shtetit
ANG-0000752,KontratëNr-0000753,PRJ-003657,231,INST-0621,L62212043B,89000.0,Po,3,2026,Ministria e Shëndetësisë dhe Mbrojtjes Sociale,Kapitulli 7,,Vendore,Tiranë,Të ardhura të trashiguara
ANG-0000753,KontratëNr-0000754,PRJ-003659,231,INST-0172,J62426002Q,178300.0,Po,3,2026,Ministria e Bujqësisë dhe Zhvillimit Rural,Kapitulli 7,,Qendrore,Tiranë,Buxheti i Shtetit
ANG-0000754,KontratëNr-0000755,PRJ-003660,230,INST-0148,M21621046I,100000.0,Po,3,2026,Ministria e Brendshme,Kapitulli 1,,Qendrore,Elbasan,Të ardhura të trashiguara
ANG-0000755,KontratëNr-0000756,PRJ-003658,230,INST-0404,M02209004H,2120500.0,Po,3,2026,Ministria e Bujqësisë dhe Zhvillimit Rural,Kapitulli 6,,SHA,Shkodër,Buxheti i Shtetit
ANG-0000756,KontratëNr-0000757,PRJ-003643,231,INST-0574,K69006212H,24901.0,Po,3,2026,Ministria e Shëndetësisë dhe Mbrojtjes Sociale,Kapitulli 2,,Vendore,Korçë,Financim i huaj
ANG-0000757,KontratëNr-0000758,PRJ-003644,230,INST-0116,M11714046V,154000.0,Po,3,2026,Ministria e Infrastruktures dhe Energjisë,Kapitulli 7,,SHA,Durrës,Të ardhura të trashiguara
ANG-0000758,KontratëNr-0000759,PRJ-003640,231,INST-0153,J71519004W,576000.0,Po,3,2026,Ministria e Brendshme,Kapitulli 6,,Vendore,Tiranë,Financim i huaj
ANG-0000759,KontratëNr-0000760,PRJ-003638,230,INST-0176,K63629201V,39666.0,Po,3,2026,Ministria e Brendshme,Kapitulli 3,,SHA,Vlorë,Financim i huaj
ANG-0000760,KontratëNr-0000761,PRJ-003639,230,INST-0621,L28029301Q,100000.0,Po,3,2026,Ministria e Financave dhe Ekonomisë,Kapitulli 3,,SHA,Elbasan,Financim i huaj
ANG-0000761,KontratëNr-0000762,PRJ-003649,231,INST-0337,K33721008C,70800.0,Po,3,2026,Ministria e Shëndetësisë dhe Mbrojtjes Sociale,Kapitulli 4,,Vendore,Shkodër,Buxheti i Shtetit
ANG-0000762,KontratëNr-0000763,PRJ-003650,230,INST-0337,M06802801A,99180.0,Po,3,2026,Ministria e Bujqësisë dhe Zhvillimit Rural,Kapitulli 6,,Vendore,Shkodër,Të ardhura të trashiguara
ANG-0000763,KontratëNr-0000764,PRJ-003651,230,INST-0337,K01410001N,98206.0,Po,3,2026,Ministria e Bujqësisë dhe Zhvillimit Rural,Kapitulli 2,,Vendore,Korçë,Të ardhura të trashiguara
ANG-0000764,,PRJ-003647,230,INST-0176,M22102009L,345000.0,Po,3,2026,Ministria e Arsimit dhe Sportit,Kapitulli 1,,Vendore,Durrës,Të ardhura të trashiguara
ANG-0000765,KontratëNr-0000766,PRJ-003642,231,INST-0337,,0.0,Po,3,2026,Ministria e Bujqësisë dhe Zhvillimit Rural,Kapitulli 7,,Vendore,Durrës,Financim i huaj
ANG-0000766,KontratëNr-0000767,PRJ-003648,231,INST-0535,J62426002Q,81000.0,Po,3,2026,Ministria e Bujqësisë dhe Zhvillimit Rural,Kapitulli 1,,Qendrore,Shkodër,Financim i huaj
ANG-0000767,KontratëNr-0000768,PRJ-003645,230,INST-0059,L82203011N,1109240.0,Po,3,2026,Ministria e Bujqësisë dhe Zhvillimit Rural,Kapitulli 5,,SHA,Elbasan,Financim i huaj
ANG-0000768,KontratëNr-0000769,PRJ-003633,231,INST-0157,L12510413V,1319689.0,Po,3,2026,Ministria e Infrastruktures dhe Energjisë,Kapitulli 3,,Vendore,Durrës,Buxheti i Shtetit
ANG-0000769,KontratëNr-0000770,PRJ-003632,230,INST-0172,M51624039U,574600.0,Po,3,2026,Ministria e Brendshme,Kapitulli 6,,Vendore,Vlorë,Të ardhura të trashiguara
ANG-0000770,KontratëNr-0000771,PRJ-003634,230,INST-0008,,0.0,Po,3,2026,Ministria e Arsimit dhe Sportit,Kapitulli 5,,SHA,Elbasan,Të ardhura të trashiguara
ANG-0000771,KontratëNr-0000772,PRJ-003625,230,INST-0574,M22420031V,91800.0,Po,3,2026,Ministria e Infrastruktures dhe Energjisë,Kapitulli 5,,Qendrore,Tiranë,Financim i huaj
ANG-0000772,KontratëNr-0000773,PRJ-003630,230,INST-1020,L72230026K,840000.0,Po,3,2026,Ministria e Financave dhe Ekonomisë,Kapitulli 2,,SHA,Fier,Financim i huaj
ANG-0000773,KontratëNr-0000774,PRJ-003624,230,INST-0621,M43003203E,185000.0,Po,3,2026,Ministria e Arsimit dhe Sportit,Kapitulli 4,,Vendore,Korçë,Financim i huaj
ANG-0000774,KontratëNr-0000775,PRJ-003626,230,INST-0176,M22427007O,37500.0,Po,3,2026,Ministria e Shëndetësisë dhe Mbrojtjes Sociale,Kapitulli 1,,SHA,Durrës,Të ardhura të trashiguara
ANG-0000775,KontratëNr-0000776,PRJ-003628,231,INST-0176,L26310801C,970000.0,Po,3,2026,Ministria e Brendshme,Kapitulli 1,,Qendrore,Shkodër,Financim i huaj
ANG-0000776,KontratëNr-0000777,PRJ-003629,231,INST-0621,L53512601D,91042.0,Po,3,2026,Ministria e Bujqësisë dhe Zhvillimit Rural,Kapitulli 1,,SHA,Fier,Buxheti i Shtetit
ANG-0000777,KontratëNr-0000778,PRJ-003617,230,INST-0578,K12201002T,905000.0,Po,3,2026,Ministria e Bujqësisë dhe Zhvillimit Rural,Kapitulli 7,,Qendrore,Durrës,Financim i huaj
ANG-0000778,KontratëNr-0000779,PRJ-003618,231,INST-0338,L92230027U,38923000.0,Po,3,2026,Ministria e Shëndetësisë dhe Mbrojtjes Sociale,Kapitulli 2,,SHA,Elbasan,Buxheti i Shtetit
ANG-0000779,KontratëNr-0000780,PRJ-003620,230,INST-0172,M42626404R,680000.0,Po,3,2026,Ministria e Shëndetësisë dhe Mbrojtjes Sociale,Kapitulli 1,,Vendore,Durrës,Financim i huaj
ANG-0000780,KontratëNr-0000781,PRJ-003619,230,INST-0404,K62320012O,30000.0,Po,3,2026,Ministria e Bujqësisë dhe Zhvillimit Rural,Kapitulli 4,,Qendrore,Vlorë,Financim i huaj
ANG-0000781,KontratëNr-0000782,PRJ-003613,231,INST-0151,M22421024U,6840.0,Po,3,2026,Ministria e Bujqësisë dhe Zhvillimit Rural,Kapitulli 6,,SHA,Korçë,Të ardhura të trashiguara
ANG-0000782,KontratëNr-0000783,PRJ-003614,231,INST-0915,L31626002T,43333.33,Po,3,2026,Ministria e Shëndetësisë dhe Mbrojtjes Sociale,Kapitulli 1,,SHA,Tiranë,Buxheti i Shtetit
ANG-0000783,KontratëNr-0000784,PRJ-003611,231,INST-0136,K33919034K,100000.0,Po,3,2026,Ministria e Shëndetësisë dhe Mbrojtjes Sociale,Kapitulli 4,,Qendrore,Durrës,Financim i huaj
ANG-0000784,KontratëNr-0000785,PRJ-003600,231,INST-0456,M12420009R,96000.0,Po,3,2026,Ministria e Bujqësisë dhe Zhvillimit Rural,Kapitulli 5,,Vendore,Shkodër,Buxheti i Shtetit
ANG-0000785,KontratëNr-0000786,PRJ-003601,231,INST-0157,L64425401K,388500.0,Po,3,2026,Ministria e Bujqësisë dhe Zhvillimit Rural,Kapitulli 3,,Vendore,Durrës,Të ardhura të trashiguara
ANG-0000786,KontratëNr-0000787,PRJ-003604,230,INST-0621,L92019017V,825000.0,Po,3,2026,Ministria e Arsimit dhe Sportit,Kapitulli 1,,Vendore,Elbasan,Financim i huaj
ANG-0000787,KontratëNr-0000788,PRJ-003599,231,INST-0507,M01714005H,496831.0,Po,3,2026,Ministria e Brendshme,Kapitulli 2,,SHA,Shkodër,Financim i huaj
ANG-0000788,KontratëNr-0000789,PRJ-003602,231,INST-0621,L11424007S,980000.0,Po,3,2026,Ministria e Arsimit dhe Sportit,Kapitulli 2,,Qendrore,Fier,Buxheti i Shtetit
ANG-0000789,KontratëNr-0000790,PRJ-003608,230,INST-0336,L42206505K,490500.0,Po,3,2026,Ministria e Arsimit dhe Sportit,Kapitulli 2,,Vendore,Elbasan,Financim i huaj
ANG-0000790,KontratëNr-0000791,PRJ-003609,230,INST-0915,L92204011T,300000.0,Po,3,2026,Ministria e Bujqësisë dhe Zhvillimit Rural,Kapitulli 1,,Qendrore,Fier,Financim i huaj
ANG-0000791,KontratëNr-0000792,PRJ-003596,230,INST-0621,M46915401B,155000.0,Po,3,2026,Ministria e Brendshme,Kapitulli 1,,Qendrore,Tiranë,Buxheti i Shtetit
ANG-0000792,KontratëNr-0000793,PRJ-003597,231,INST-0621,L36331601E,58333.33,Po,3,2026,Ministria e Financave dhe Ekonomisë,Kapitulli 2,,SHA,Shkodër,Buxheti i Shtetit
ANG-0000793,KontratëNr-0000794,PRJ-003598,231,INST-0621,K72218022J,812200.0,Po,3,2026,Ministria e Bujqësisë dhe Zhvillimit Rural,Kapitulli 2,,Qendrore,Durrës,Buxheti i Shtetit
ANG-0000794,KontratëNr-0000795,PRJ-003606,231,INST-0170,J64103483H,1506000.0,Po,3,2026,Ministria e Financave dhe Ekonomisë,Kapitulli 3,,Vendore,Durrës,Financim i huaj
ANG-0000795,KontratëNr-0000796,PRJ-003607,230,INST-0535,,0.0,Po,3,2026,Ministria e Arsimit dhe Sportit,Kapitulli 2,,SHA,Elbasan,Buxheti i Shtetit
ANG-0000796,KontratëNr-0000797,PRJ-003605,231,INST-0148,K73609801E,738000.0,Po,3,2026,Ministria e Bujqësisë dhe Zhvillimit Rural,Kapitulli 5,,Qendrore,Korçë,Buxheti i Shtetit
ANG-0000797,KontratëNr-0000798,PRJ-003589,230,INST-0172,K31915018E,549000.0,Po,3,2026,Ministria e Infrastruktures dhe Energjisë,Kapitulli 5,,SHA,Vlorë,Financim i huaj
ANG-0000798,,PRJ-003591,231,INST-0172,K31503045V,2944.5,Po,3,2026,Ministria e Arsimit dhe Sportit,Kapitulli 7,,Vendore,Elbasan,Buxheti i Shtetit
ANG-0000799,KontratëNr-0000800,PRJ-003592,231,INST-0172,K72218022J,318750.0,Po,3,2026,Ministria e Arsimit dhe Sportit,Kapitulli 4,,SHA,Durrës,Buxheti i Shtetit
ANG-0000800,KontratëNr-0000801,PRJ-003593,230,INST-0171,M41926023G,8179900.0,Po,3,2026,Ministria e Shëndetësisë dhe Mbrojtjes Sociale,Kapitulli 7,,Vendore,Durrës,Të ardhura të trashiguara
ANG-0000801,KontratëNr-0000802,PRJ-003594,231,INST-0621,K37811672A,24558.33,Po,3,2026,Ministria e Financave dhe Ekonomisë,Kapitulli 7,,Vendore,Durrës,Buxheti i Shtetit
ANG-0000802,KontratëNr-0000803,PRJ-003595,230,INST-0172,K31503045V,211750.0,Po,3,2026,Ministria e Shëndetësisë dhe Mbrojtjes Sociale,Kapitulli 1,,SHA,Vlorë,Financim i huaj
ANG-0000803,KontratëNr-0000804,PRJ-003574,231,INST-0337,L01606034A,81083.34,Po,3,2026,Ministria e Financave dhe Ekonomisë,Kapitulli 4,,Qendrore,Durrës,Të ardhura të trashiguara
ANG-0000804,KontratëNr-0000805,PRJ-003575,231,INST-0366,K42108801C,100000.0,Po,3,2026,Ministria e Infrastruktures dhe Energjisë,Kapitulli 6,,Qendrore,Durrës,Buxheti i Shtetit
ANG-0000805,KontratëNr-0000806,PRJ-003577,231,INST-0562,M12127026K,100000.0,Po,3,2026,Ministria e Infrastruktures dhe Energjisë,Kapitulli 6,,SHA,Vlorë,Financim i huaj
ANG-0000806,KontratëNr-0000807,PRJ-003578,231,INST-0562,K01514009I,950000.0,Po,3,2026,Ministria e Bujqësisë dhe Zhvillimit Rural,Kapitulli 2,,Qendrore,Fier,Buxheti i Shtetit
ANG-0000807,KontratëNr-0000808,PRJ-003579,231,INST-0562,M26620203T,344200.0,Po,3,2026,Ministria e Shëndetësisë dhe Mbrojtjes Sociale,Kapitulli 5,,SHA,Elbasan,Buxheti i Shtetit
ANG-0000808,KontratëNr-0000809,PRJ-003581,230,INST-0915,M36507003J,100000.0,Po,3,2026,Ministria e Bujqësisë dhe Zhvillimit Rural,Kapitulli 7,,SHA,Korçë,Buxheti i Shtetit
ANG-0000809,KontratëNr-0000810,PRJ-003582,230,INST-1002,J61825037N,135000.0,Po,3,2026,Ministria e Infrastruktures dhe Energjisë,Kapitulli 7,,Qendrore,Tiranë,Financim i huaj
ANG-0000810,KontratëNr-0000811,PRJ-003584,231,INST-0172,K12023001A,267000.0,Po,3,2026,Ministria e Bujqësisë dhe Zhvillimit Rural,Kapitulli 5,,Vendore,Korçë,Të ardhura të trashiguara
ANG-0000811,KontratëNr-0000812,PRJ-003576,231,INST-0337,K31419099E,14333.0,Po,3,2026,Ministria e Bujqësisë dhe Zhvillimit Rural,Kapitulli 3,,SHA,Durrës,Të ardhura të trashiguara
ANG-0000812,KontratëNr-0000813,PRJ-003569,231,INST-0621,J61905015B,200000.0,Po,3,2026,Ministria e Financave dhe Ekonomisë,Kapitulli 6,,Qendrore,Vlorë,Financim i huaj
ANG-0000813,KontratëNr-0000814,PRJ-003557,231,INST-0172,L71306509A,99.71,Po,3,2026,Ministria e Arsimit dhe Sportit,Kapitulli 6,,Qendrore,Elbasan,Buxheti i Shtetit
ANG-0000814,KontratëNr-0000815,PRJ-003563,231,INST-0621,M07108401J,238900.0,Po,3,2026,Ministria e Shëndetësisë dhe Mbrojtjes Sociale,Kapitulli 3,,Vendore,Fier,Të ardhura të trashiguara
ANG-0000815,,PRJ-003559,230,INST-0915,K36306784K,398989.0,Po,3,2026,Ministria e Financave dhe Ekonomisë,Kapitulli 5,,SHA,Korçë,Financim i huaj
ANG-0000816,,PRJ-003561,230,INST-0155,K21505002B,389000.0,Po,3,2026,Ministria e Brendshme,Kapitulli 1,,SHA,Shkodër,Financim i huaj
ANG-0000817,KontratëNr-0000818,PRJ-003562,230,INST-0337,J62426002Q,89000.0,Po,3,2026,Ministria e Bujqësisë dhe Zhvillimit Rural,Kapitulli 4,,SHA,Durrës,Të ardhura të trashiguara
ANG-0000818,,PRJ-003570,231,INST-0337,K37509245G,100000.0,Po,3,2026,Ministria e Financave dhe Ekonomisë,Kapitulli 5,,Qendrore,Vlorë,Buxheti i Shtetit
ANG-0000819,KontratëNr-0000820,PRJ-003564,230,INST-0621,L31827001A,80000.0,Po,3,2026,Ministria e Financave dhe Ekonomisë,Kapitulli 1,,Vendore,Vlorë,Financim i huaj
ANG-0000820,KontratëNr-0000821,PRJ-003565,230,INST-0621,L81620002R,220000.0,Po,3,2026,Ministria e Shëndetësisë dhe Mbrojtjes Sociale,Kapitulli 1,,SHA,Fier,Buxheti i Shtetit
ANG-0000821,KontratëNr-0000822,PRJ-003566,230,INST-0154,K66801001T,500000.0,Po,3,2026,Ministria e Infrastruktures dhe Energjisë,Kapitulli 4,,Qendrore,Durrës,Buxheti i Shtetit
ANG-0000822,KontratëNr-0000823,PRJ-003567,230,INST-0506,L12407012R,326900.0,Po,3,2026,Ministria e Arsimit dhe Sportit,Kapitulli 3,,SHA,Elbasan,Të ardhura të trashiguara
ANG-0000823,,PRJ-003568,231,INST-0148,L01508026P,98000.0,Po,3,2026,Ministria e Arsimit dhe Sportit,Kapitulli 5,,Qendrore,Tiranë,Financim i huaj
ANG-0000824,KontratëNr-0000825,PRJ-003545,230,INST-0915,L42605202V,50000.0,Po,3,2026,Ministria e Arsimit dhe Sportit,Kapitulli 7,,Vendore,Vlorë,Financim i huaj
ANG-0000825,KontratëNr-0000826,PRJ-003546,230,INST-0151,K71509006M,98333.3,Po,3,2026,Ministria e Infrastruktures dhe Energjisë,Kapitulli 2,,Qendrore,Korçë,Buxheti i Shtetit
ANG-0000826,KontratëNr-0000827,PRJ-003548,231,INST-0337,M52207043A,100000.0,Po,3,2026,Ministria e Brendshme,Kapitulli 3,,Vendore,Vlorë,Financim i huaj
ANG-0000827,KontratëNr-0000828,PRJ-003553,231,INST-0918,M22421024U,38900.0,Po,3,2026,Ministria e Arsimit dhe Sportit,Kapitulli 3,,SHA,Fier,Buxheti i Shtetit
ANG-0000828,KontratëNr-0000829,PRJ-003554,230,INST-0621,K21405001N,11600.0,Po,3,2026,Ministria e Shëndetësisë dhe Mbrojtjes Sociale,Kapitulli 3,,SHA,Shkodër,Buxheti i Shtetit
ANG-0000829,KontratëNr-0000830,PRJ-003550,230,INST-0496,M37218005E,99200.0,Po,3,2026,Ministria e Financave dhe Ekonomisë,Kapitulli 2,,Vendore,Fier,Të ardhura të trashiguara
ANG-0000830,KontratëNr-0000831,PRJ-003552,230,INST-0496,K62320012O,23500.0,Po,3,2026,Ministria e Shëndetësisë dhe Mbrojtjes Sociale,Kapitulli 3,,SHA,Durrës,Financim i huaj
ANG-0000831,KontratëNr-0000832,PRJ-003547,230,INST-0436,K41425042N,500000.0,Po,3,2026,Ministria e Financave dhe Ekonomisë,Kapitulli 6,,Qendrore,Elbasan,Buxheti i Shtetit
ANG-0000832,KontratëNr-0000833,PRJ-003530,230,INST-0621,M22420031V,64000.0,Po,3,2026,Ministria e Infrastruktures dhe Energjisë,Kapitulli 6,,Qendrore,Durrës,Buxheti i Shtetit
ANG-0000833,KontratëNr-0000834,PRJ-003537,230,INST-0129,K32312501J,29820.0,Po,3,2026,Ministria e Infrastruktures dhe Energjisë,Kapitulli 4,,Vendore,Fier,Buxheti i Shtetit
ANG-0000834,KontratëNr-0000835,PRJ-003531,230,INST-0915,K21702007J,99870.0,Po,3,2026,Ministria e Financave dhe Ekonomisë,Kapitulli 6,,Qendrore,Korçë,Të ardhura të trashiguara
ANG-0000835,KontratëNr-0000836,PRJ-003538,231,INST-0122,M51615504N,43333.0,Po,3,2026,Ministria e Infrastruktures dhe Energjisë,Kapitulli 7,,SHA,Durrës,Buxheti i Shtetit
ANG-0000836,KontratëNr-0000837,PRJ-003539,230,INST-0122,M22421024U,819000.0,Po,3,2026,Ministria e Arsimit dhe Sportit,Kapitulli 4,,SHA,Vlorë,Financim i huaj
ANG-0000837,KontratëNr-0000838,PRJ-003533,230,INST-0621,J62426002Q,243700.0,Po,3,2026,Ministria e Infrastruktures dhe Energjisë,Kapitulli 7,,SHA,Vlorë,Të ardhura të trashiguara
ANG-0000838,KontratëNr-0000839,PRJ-003536,231,INST-0337,K94405601Q,81666.0,Po,3,2026,Ministria e Bujqësisë dhe Zhvillimit Rural,Kapitulli 1,,Qendrore,Durrës,Buxheti i Shtetit
ANG-0000839,KontratëNr-0000840,PRJ-003540,231,INST-0575,M56830202B,240500.0,Po,3,2026,Ministria e Arsimit dhe Sportit,Kapitulli 3,,Vendore,Korçë,Buxheti i Shtetit
ANG-0000840,KontratëNr-0000841,PRJ-003541,230,INST-0575,L12107043O,88027.0,Po,3,2026,Ministria e Financave dhe Ekonomisë,Kapitulli 5,,Vendore,Elbasan,Financim i huaj
ANG-0000841,KontratëNr-0000842,PRJ-003543,230,INST-0243,M02325002F,16023700.0,Po,3,2026,Ministria e Infrastruktures dhe Energjisë,Kapitulli 4,,Qendrore,Shkodër,Buxheti i Shtetit
ANG-0000842,KontratëNr-0000843,PRJ-003532,231,INST-0158,M11313029O,467890.0,Po,3,2026,Ministria e Brendshme,Kapitulli 4,,Qendrore,Fier,Buxheti i Shtetit
ANG-0000843,KontratëNr-0000844,PRJ-003534,231,INST-0169,K21731001O,72900.0,Po,3,2026,Ministria e Infrastruktures dhe Energjisë,Kapitulli 5,,Vendore,Durrës,Financim i huaj
ANG-0000844,KontratëNr-0000845,PRJ-003535,231,INST-0169,K76317905K,1000000.0,Po,3,2026,Ministria e Arsimit dhe Sportit,Kapitulli 2,,SHA,Fier,Financim i huaj
ANG-0000845,KontratëNr-0000846,PRJ-003529,231,INST-0621,M61503062Q,318000.0,Po,3,2026,Ministria e Bujqësisë dhe Zhvillimit Rural,Kapitulli 4,,Qendrore,Shkodër,Financim i huaj
ANG-0000846,KontratëNr-0000847,PRJ-003514,230,INST-0621,K41420001V,30000.0,Po,4,2026,Ministria e Arsimit dhe Sportit,Kapitulli 4,,Qendrore,Korçë,Buxheti i Shtetit
ANG-0000847,,PRJ-003515,231,INST-0574,K71707007Q,328400.0,Po,4,2026,Ministria e Shëndetësisë dhe Mbrojtjes Sociale,Kapitulli 6,,Qendrore,Durrës,Financim i huaj
ANG-0000848,KontratëNr-0000849,PRJ-003516,230,INST-0653,M02130025Q,366000.0,Po,4,2026,Ministria e Shëndetësisë dhe Mbrojtjes Sociale,Kapitulli 7,,SHA,Vlorë,Buxheti i Shtetit
ANG-0000849,KontratëNr-0000850,PRJ-003517,230,INST-0566,K42701205E,895000.0,Po,4,2026,Ministria e Bujqësisë dhe Zhvillimit Rural,Kapitulli 6,,Vendore,Durrës,Financim i huaj
ANG-0000850,KontratëNr-0000851,PRJ-003523,230,INST-0621,K82529403A,1795000.0,Po,4,2026,Ministria e Financave dhe Ekonomisë,Kapitulli 6,,SHA,Shkodër,Buxheti i Shtetit
ANG-0000851,KontratëNr-0000852,PRJ-003524,231,INST-0621,L28029301Q,308740.0,Po,4,2026,Ministria e Infrastruktures dhe Energjisë,Kapitulli 1,,Vendore,Vlorë,Buxheti i Shtetit
ANG-0000852,KontratëNr-0000853,PRJ-003519,231,INST-0621,M28717102U,544500.0,Po,4,2026,Ministria e Financave dhe Ekonomisë,Kapitulli 2,,Qendrore,Vlorë,Buxheti i Shtetit
ANG-0000853,KontratëNr-0000854,PRJ-003520,231,INST-0621,K42108801C,797500.0,Po,4,2026,Ministria e Infrastruktures dhe Energjisë,Kapitulli 7,,SHA,Tiranë,Buxheti i Shtetit
ANG-0000854,,PRJ-003521,231,INST-0621,L71821024L,505000.0,Po,4,2026,Ministria e Brendshme,Kapitulli 4,,SHA,Shkodër,Të ardhura të trashiguara
ANG-0000855,KontratëNr-0000856,PRJ-003518,230,INST-0089,M52317021A,199980.0,Po,4,2026,Ministria e Bujqësisë dhe Zhvillimit Rural,Kapitulli 3,,SHA,Fier,Buxheti i Shtetit
ANG-0000856,KontratëNr-0000857,PRJ-003525,230,INST-0154,K71707007Q,1180000.0,Po,4,2026,Ministria e Financave dhe Ekonomisë,Kapitulli 4,,SHA,Durrës,Buxheti i Shtetit
ANG-0000857,KontratëNr-0000858,PRJ-003526,231,INST-0337,L31714005J,77000.0,Po,4,2026,Ministria e Infrastruktures dhe Energjisë,Kapitulli 1,,Vendore,Durrës,Të ardhura të trashiguara
ANG-0000858,KontratëNr-0000859,PRJ-003527,230,INST-0404,K81503063B,333329.0,Po,4,2026,Ministria e Brendshme,Kapitulli 5,,SHA,Vlorë,Buxheti i Shtetit
ANG-0000859,KontratëNr-0000860,PRJ-003500,230,INST-0621,L26521001P,99708.0,Po,4,2026,Ministria e Shëndetësisë dhe Mbrojtjes Sociale,Kapitulli 6,,Qendrore,Tiranë,Të ardhura të trashiguara
ANG-0000860,,PRJ-003507,231,INST-0456,L31902011A,160000.0,Po,4,2026,Ministria e Brendshme,Kapitulli 6,,SHA,Korçë,Financim i huaj
ANG-0000861,KontratëNr-0000862,PRJ-003510,230,INST-0621,K83714004J,98000.0,Po,4,2026,Ministria e Bujqësisë dhe Zhvillimit Rural,Kapitulli 4,,Vendore,Fier,Të ardhura të trashiguara
ANG-0000862,KontratëNr-0000863,PRJ-003508,231,INST-0621,L06503004Q,100000.0,Po,4,2026,Ministria e Infrastruktures dhe Energjisë,Kapitulli 4,,Qendrore,Shkodër,Financim i huaj
ANG-0000863,KontratëNr-0000864,PRJ-003509,231,INST-0578,L41726016Q,166666.5,Po,4,2026,Ministria e Infrastruktures dhe Energjisë,Kapitulli 5,,Vendore,Durrës,Financim i huaj
ANG-0000864,KontratëNr-0000865,PRJ-003512,230,INST-0621,J91809007H,11004103.0,Po,4,2026,Ministria e Financave dhe Ekonomisë,Kapitulli 2,,SHA,Fier,Të ardhura të trashiguara
ANG-0000865,KontratëNr-0000866,PRJ-003502,231,INST-0621,L52222034F,219800.0,Po,4,2026,Ministria e Financave dhe Ekonomisë,Kapitulli 6,,Qendrore,Durrës,Buxheti i Shtetit
ANG-0000866,KontratëNr-0000867,PRJ-003505,230,INST-0621,L71325019D,28600.0,Po,4,2026,Ministria e Infrastruktures dhe Energjisë,Kapitulli 4,,Qendrore,Durrës,Të ardhura të trashiguara
ANG-0000867,KontratëNr-0000868,PRJ-003506,230,INST-0621,M32113053I,241300.0,Po,4,2026,Ministria e Bujqësisë dhe Zhvillimit Rural,Kapitulli 4,,Qendrore,Vlorë,Financim i huaj
ANG-0000868,KontratëNr-0000869,PRJ-003501,230,INST-0562,,0.0,Po,4,2026,Ministria e Infrastruktures dhe Energjisë,Kapitulli 1,,SHA,Vlorë,Buxheti i Shtetit
ANG-0000869,KontratëNr-0000870,PRJ-003511,231,INST-0008,L71821024L,24500.0,Po,4,2026,Ministria e Shëndetësisë dhe Mbrojtjes Sociale,Kapitulli 4,,Qendrore,Durrës,Të ardhura të trashiguara
ANG-0000870,KontratëNr-0000871,PRJ-003485,230,INST-0621,M42126503A,49700.0,Po,4,2026,Ministria e Brendshme,Kapitulli 3,,Vendore,Tiranë,Financim i huaj
ANG-0000871,KontratëNr-0000872,PRJ-003491,231,INST-0053,M22318016L,785000.0,Po,4,2026,Ministria e Brendshme,Kapitulli 2,,Vendore,Korçë,Buxheti i Shtetit
ANG-0000872,KontratëNr-0000873,PRJ-003496,230,INST-0132,L32622601G,249200.0,Po,4,2026,Ministria e Infrastruktures dhe Energjisë,Kapitulli 1,,Qendrore,Elbasan,Financim i huaj
ANG-0000873,KontratëNr-0000874,PRJ-003484,231,INST-0337,J61924005U,794000.0,Po,4,2026,Ministria e Bujqësisë dhe Zhvillimit Rural,Kapitulli 7,,SHA,Tiranë,Buxheti i Shtetit
ANG-0000874,KontratëNr-0000875,PRJ-003489,230,INST-0102,K42108801C,23606.0,Po,4,2026,Ministria e Bujqësisë dhe Zhvillimit Rural,Kapitulli 7,,Qendrore,Tiranë,Financim i huaj
ANG-0000875,KontratëNr-0000876,PRJ-003492,230,INST-0337,J87602809S,3622264.0,Po,4,2026,Ministria e Brendshme,Kapitulli 7,,Vendore,Tiranë,Buxheti i Shtetit
ANG-0000876,KontratëNr-0000877,PRJ-003494,231,INST-0579,K01515004T,648000.0,Po,4,2026,Ministria e Financave dhe Ekonomisë,Kapitulli 1,,SHA,Tiranë,Financim i huaj
ANG-0000877,KontratëNr-0000878,PRJ-003493,230,INST-0535,K01529003M,406250.0,Po,4,2026,Ministria e Arsimit dhe Sportit,Kapitulli 5,,Vendore,Vlorë,Buxheti i Shtetit
ANG-0000878,KontratëNr-0000879,PRJ-003495,230,INST-0337,L62311016C,1258200.0,Po,4,2026,Ministria e Financave dhe Ekonomisë,Kapitulli 5,,Vendore,Durrës,Buxheti i Shtetit
ANG-0000879,KontratëNr-0000880,PRJ-003488,231,INST-0257,K41420001V,51500.0,Po,4,2026,Ministria e Brendshme,Kapitulli 1,,SHA,Elbasan,Financim i huaj
ANG-0000880,KontratëNr-0000881,PRJ-003497,230,INST-0169,K11715005L,100000.0,Po,4,2026,Ministria e Financave dhe Ekonomisë,Kapitulli 6,,Qendrore,Korçë,Buxheti i Shtetit
ANG-0000881,KontratëNr-0000882,PRJ-003487,230,INST-0404,L92605407J,1995000.0,Po,4,2026,Ministria e Bujqësisë dhe Zhvillimit Rural,Kapitulli 2,,Qendrore,Durrës,Financim i huaj
ANG-0000882,KontratëNr-0000883,PRJ-003490,231,INST-0144,J61817047D,5990.0,Po,4,2026,Ministria e Shëndetësisë dhe Mbrojtjes Sociale,Kapitulli 4,,Qendrore,Korçë,Buxheti i Shtetit
ANG-0000883,KontratëNr-0000884,PRJ-003479,230,INST-0621,J61904061W,127862.9,Po,4,2026,Ministria e Arsimit dhe Sportit,Kapitulli 3,,Vendore,Durrës,Buxheti i Shtetit
ANG-0000884,,PRJ-003480,231,INST-0621,M17305701T,226737.0,Po,4,2026,Ministria e Shëndetësisë dhe Mbrojtjes Sociale,Kapitulli 7,,Qendrore,Korçë,Buxheti i Shtetit
ANG-0000885,KontratëNr-0000886,PRJ-003481,231,INST-0621,L22203042N,4360200.0,Po,4,2026,Ministria e Arsimit dhe Sportit,Kapitulli 4,,Qendrore,Fier,Buxheti i Shtetit
ANG-0000886,KontratëNr-0000887,PRJ-003482,231,INST-0621,J64103483H,95950.0,Po,4,2026,Ministria e Infrastruktures dhe Energjisë,Kapitulli 3,,SHA,Elbasan,Buxheti i Shtetit
ANG-0000887,KontratëNr-0000888,PRJ-003483,230,INST-0621,M42216504H,846000.0,Po,4,2026,Ministria e Shëndetësisë dhe Mbrojtjes Sociale,Kapitulli 6,,SHA,Shkodër,Buxheti i Shtetit
ANG-0000888,KontratëNr-0000889,PRJ-003478,231,INST-0668,L41629009A,980000.0,Po,4,2026,Ministria e Infrastruktures dhe Energjisë,Kapitulli 2,,Vendore,Shkodër,Të ardhura të trashiguara
ANG-0000889,KontratëNr-0000890,PRJ-003471,230,INST-0636,K52115005W,184334.0,Po,4,2026,Ministria e Shëndetësisë dhe Mbrojtjes Sociale,Kapitulli 3,,Qendrore,Tiranë,Të ardhura të trashiguara
ANG-0000890,KontratëNr-0000891,PRJ-003469,231,INST-0578,K52115005W,521700.0,Po,4,2026,Ministria e Arsimit dhe Sportit,Kapitulli 2,,SHA,Korçë,Buxheti i Shtetit
ANG-0000891,KontratëNr-0000892,PRJ-003472,231,INST-0621,K02003001O,46320840.0,Po,4,2026,Ministria e Financave dhe Ekonomisë,Kapitulli 4,,Qendrore,Korçë,Të ardhura të trashiguara
ANG-0000892,KontratëNr-0000893,PRJ-003473,230,INST-0621,K64112603J,100000.0,Po,4,2026,Ministria e Arsimit dhe Sportit,Kapitulli 7,,Vendore,Tiranë,Financim i huaj
ANG-0000893,,PRJ-003474,231,INST-0855,J88730334W,46420.0,Po,4,2026,Ministria e Bujqësisë dhe Zhvillimit Rural,Kapitulli 2,,SHA,Vlorë,Të ardhura të trashiguara
ANG-0000894,KontratëNr-0000895,PRJ-003470,230,INST-0144,,0.0,Po,4,2026,Ministria e Bujqësisë dhe Zhvillimit Rural,Kapitulli 5,,Qendrore,Vlorë,Të ardhura të trashiguara
ANG-0000895,KontratëNr-0000896,PRJ-003443,230,INST-0621,L41817014E,224200.0,Po,4,2026,Ministria e Financave dhe Ekonomisë,Kapitulli 5,,Vendore,Vlorë,Financim i huaj
ANG-0000896,KontratëNr-0000897,PRJ-003442,231,INST-0563,L71417022J,506300.0,Po,4,2026,Ministria e Brendshme,Kapitulli 7,,Qendrore,Shkodër,Të ardhura të trashiguara
ANG-0000897,KontratëNr-0000898,PRJ-003440,231,INST-0561,K31505091L,98667.0,Po,4,2026,Ministria e Brendshme,Kapitulli 2,,Vendore,Korçë,Të ardhura të trashiguara
ANG-0000898,KontratëNr-0000899,PRJ-003445,230,INST-0496,L31518004P,100000.0,Po,4,2026,Ministria e Shëndetësisë dhe Mbrojtjes Sociale,Kapitulli 7,,Vendore,Durrës,Financim i huaj
ANG-0000899,KontratëNr-0000900,PRJ-003465,230,INST-0621,K24010212N,1666156.0,Po,4,2026,Ministria e Shëndetësisë dhe Mbrojtjes Sociale,Kapitulli 3,,Qendrore,Tiranë,Buxheti i Shtetit
ANG-0000900,KontratëNr-0000901,PRJ-003444,230,INST-0148,K13909401G,916386.0,Po,4,2026,Ministria e Infrastruktures dhe Energjisë,Kapitulli 5,,SHA,Elbasan,Buxheti i Shtetit
ANG-0000901,KontratëNr-0000902,PRJ-003448,231,INST-0148,K81503063B,550156.5,Po,4,2026,Ministria e Bujqësisë dhe Zhvillimit Rural,Kapitulli 5,,Vendore,Elbasan,Të ardhura të trashiguara
ANG-0000902,,PRJ-003434,230,INST-0151,J66902033R,99900.0,Po,4,2026,Ministria e Shëndetësisë dhe Mbrojtjes Sociale,Kapitulli 2,,Qendrore,Vlorë,Buxheti i Shtetit
ANG-0000903,KontratëNr-0000904,PRJ-003435,230,INST-0135,J66902033R,99900.0,Po,4,2026,Ministria e Infrastruktures dhe Energjisë,Kapitulli 2,,Vendore,Durrës,Të ardhura të trashiguara
ANG-0000904,KontratëNr-0000905,PRJ-003436,231,INST-0621,J66902033R,99900.0,Po,4,2026,Ministria e Financave dhe Ekonomisë,Kapitulli 5,,SHA,Elbasan,Të ardhura të trashiguara
ANG-0000905,KontratëNr-0000906,PRJ-003431,231,INST-0915,K12201002T,185464.0,Po,4,2026,Ministria e Bujqësisë dhe Zhvillimit Rural,Kapitulli 4,,Vendore,Durrës,Buxheti i Shtetit
ANG-0000906,KontratëNr-0000907,PRJ-003433,230,INST-0575,L66403006M,98315.0,Po,4,2026,Ministria e Shëndetësisë dhe Mbrojtjes Sociale,Kapitulli 1,,Qendrore,Durrës,Buxheti i Shtetit
ANG-0000907,KontratëNr-0000908,PRJ-003432,231,INST-0588,K44125003N,873463.0,Po,4,2026,Ministria e Arsimit dhe Sportit,Kapitulli 6,,Qendrore,Fier,Buxheti i Shtetit
ANG-0000908,KontratëNr-0000909,PRJ-003411,230,INST-0157,M28204502K,29800.0,Po,4,2026,Ministria e Arsimit dhe Sportit,Kapitulli 3,,Qendrore,Durrës,Financim i huaj
ANG-0000909,KontratëNr-0000910,PRJ-003412,230,INST-0653,M11902021F,98698.0,Po,4,2026,Ministria e Shëndetësisë dhe Mbrojtjes Sociale,Kapitulli 6,,SHA,Elbasan,Buxheti i Shtetit
ANG-0000910,KontratëNr-0000911,PRJ-003414,230,INST-0172,L12107043O,183825.0,Po,4,2026,Ministria e Bujqësisë dhe Zhvillimit Rural,Kapitulli 7,,SHA,Korçë,Financim i huaj
ANG-0000911,KontratëNr-0000912,PRJ-003415,230,INST-0172,J62426002Q,765000.0,Po,4,2026,Ministria e Brendshme,Kapitulli 7,,SHA,Shkodër,Buxheti i Shtetit
ANG-0000912,KontratëNr-0000913,PRJ-003416,231,INST-0172,L91418502J,555555.0,Po,4,2026,Ministria e Brendshme,Kapitulli 3,,Qendrore,Vlorë,Të ardhura të trashiguara
ANG-0000913,KontratëNr-0000914,PRJ-003417,231,INST-0172,J62426002Q,549700.0,Po,4,2026,Ministria e Financave dhe Ekonomisë,Kapitulli 3,,Vendore,Durrës,Buxheti i Shtetit
ANG-0000914,KontratëNr-0000915,PRJ-003428,230,INST-0626,M31823508U,100000.0,Po,4,2026,Ministria e Bujqësisë dhe Zhvillimit Rural,Kapitulli 7,,Vendore,Vlorë,Buxheti i Shtetit
ANG-0000915,KontratëNr-0000916,PRJ-003421,231,INST-0621,K31419099E,995666.67,Po,4,2026,Ministria e Infrastruktures dhe Energjisë,Kapitulli 6,,SHA,Tiranë,Financim i huaj
ANG-0000916,KontratëNr-0000917,PRJ-003423,230,INST-0621,L03614803Q,49200.0,Po,4,2026,Ministria e Bujqësisë dhe Zhvillimit Rural,Kapitulli 1,,SHA,Elbasan,Të ardhura të trashiguara
ANG-0000917,KontratëNr-0000918,PRJ-003424,231,INST-0621,K73617203B,98000.0,Po,4,2026,Ministria e Arsimit dhe Sportit,Kapitulli 6,,Qendrore,Elbasan,Financim i huaj
ANG-0000918,KontratëNr-0000919,PRJ-003425,231,INST-0621,L82009013H,235000.0,Po,4,2026,Ministria e Bujqësisë dhe Zhvillimit Rural,Kapitulli 2,,Vendore,Tiranë,Të ardhura të trashiguara
ANG-0000919,KontratëNr-0000920,PRJ-003413,231,INST-0131,K31503045V,55840.0,Po,4,2026,Ministria e Brendshme,Kapitulli 1,,SHA,Fier,Buxheti i Shtetit
ANG-0000920,KontratëNr-0000921,PRJ-003418,230,INST-0621,K33729014R,95000.0,Po,4,2026,Ministria e Infrastruktures dhe Energjisë,Kapitulli 1,,SHA,Durrës,Buxheti i Shtetit
ANG-0000921,KontratëNr-0000922,PRJ-003419,231,INST-0621,L97006001D,427600.0,Po,4,2026,Ministria e Brendshme,Kapitulli 3,,Qendrore,Shkodër,Buxheti i Shtetit
ANG-0000922,KontratëNr-0000923,PRJ-003420,231,INST-0621,M41716029V,144900.0,Po,4,2026,Ministria e Arsimit dhe Sportit,Kapitulli 5,,Qendrore,Fier,Financim i huaj
ANG-0000923,KontratëNr-0000924,PRJ-003429,230,INST-0243,K42701205E,330000.0,Po,4,2026,Ministria e Infrastruktures dhe Energjisë,Kapitulli 1,,Vendore,Elbasan,Të ardhura të trashiguara
ANG-0000924,KontratëNr-0000925,PRJ-003427,231,INST-0066,K67120001D,99999.0,Po,4,2026,Ministria e Infrastruktures dhe Energjisë,Kapitulli 2,,Qendrore,Tiranë,Të ardhura të trashiguara
ANG-0000925,KontratëNr-0000926,PRJ-003405,231,INST-0558,J97426201K,341667.0,Po,4,2026,Ministria e Bujqësisë dhe Zhvillimit Rural,Kapitulli 1,,SHA,Korçë,Financim i huaj
ANG-0000926,KontratëNr-0000927,PRJ-003406,231,INST-0558,M21517002R,225000.0,Po,4,2026,Ministria e Shëndetësisë dhe Mbrojtjes Sociale,Kapitulli 5,,Vendore,Tiranë,Financim i huaj
ANG-0000927,KontratëNr-0000928,PRJ-003410,230,INST-0446,M39807401J,97500.0,Po,4,2026,Ministria e Infrastruktures dhe Energjisë,Kapitulli 7,,SHA,Elbasan,Të ardhura të trashiguara
ANG-0000928,KontratëNr-0000929,PRJ-003407,231,INST-0579,M01718023C,500000.0,Po,4,2026,Ministria e Financave dhe Ekonomisë,Kapitulli 1,,Vendore,Elbasan,Buxheti i Shtetit
ANG-0000929,KontratëNr-0000930,PRJ-003409,230,INST-0575,M22108021O,99000.0,Po,4,2026,Ministria e Shëndetësisë dhe Mbrojtjes Sociale,Kapitulli 6,,Vendore,Vlorë,Të ardhura të trashiguara
ANG-0000930,KontratëNr-0000931,PRJ-003408,230,INST-0061,L51714014K,297300.0,Po,4,2026,Ministria e Bujqësisë dhe Zhvillimit Rural,Kapitulli 7,,Vendore,Shkodër,Të ardhura të trashiguara
ANG-0000931,KontratëNr-0000932,PRJ-003398,230,INST-0621,K36805204D,210000.0,Po,4,2026,Ministria e Bujqësisë dhe Zhvillimit Rural,Kapitulli 7,,SHA,Durrës,Të ardhura të trashiguara
ANG-0000932,KontratëNr-0000933,PRJ-003395,230,INST-0621,K32802421F,100000.0,Po,4,2026,Ministria e Bujqësisë dhe Zhvillimit Rural,Kapitulli 4,,Qendrore,Elbasan,Buxheti i Shtetit
ANG-0000933,KontratëNr-0000934,PRJ-003396,230,INST-0621,L52208070A,564000.0,Po,4,2026,Ministria e Infrastruktures dhe Energjisë,Kapitulli 3,,Qendrore,Fier,Buxheti i Shtetit
ANG-0000934,KontratëNr-0000935,PRJ-003392,231,INST-0578,K81811016Q,92000.0,Po,4,2026,Ministria e Arsimit dhe Sportit,Kapitulli 4,,Qendrore,Elbasan,Buxheti i Shtetit
ANG-0000935,KontratëNr-0000936,PRJ-003397,230,INST-0621,K81324039M,4650000.0,Po,4,2026,Ministria e Infrastruktures dhe Energjisë,Kapitulli 7,,Qendrore,Vlorë,Buxheti i Shtetit
ANG-0000936,KontratëNr-0000937,PRJ-003402,230,INST-0131,L61321012S,96715.0,Po,4,2026,Ministria e Brendshme,Kapitulli 2,,Vendore,Elbasan,Financim i huaj
ANG-0000937,KontratëNr-0000938,PRJ-003403,230,INST-0131,L78006801F,24605010.0,Po,4,2026,Ministria e Brendshme,Kapitulli 3,,SHA,Vlorë,Financim i huaj
ANG-0000938,KontratëNr-0000939,PRJ-003393,230,INST-0621,K24005001H,138000.0,Po,4,2026,Ministria e Bujqësisë dhe Zhvillimit Rural,Kapitulli 6,,Vendore,Fier,Financim i huaj
ANG-0000939,KontratëNr-0000940,PRJ-003399,231,INST-0591,L73119201E,99000.0,Po,4,2026,Ministria e Bujqësisë dhe Zhvillimit Rural,Kapitulli 5,,Vendore,Tiranë,Financim i huaj
ANG-0000940,KontratëNr-0000941,PRJ-003401,230,INST-0535,L42103023G,487600.0,Po,4,2026,Ministria e Financave dhe Ekonomisë,Kapitulli 2,,Vendore,Elbasan,Financim i huaj
ANG-0000941,KontratëNr-0000942,PRJ-003404,231,INST-0535,L61423023A,99500.0,Po,4,2026,Ministria e Infrastruktures dhe Energjisë,Kapitulli 4,,Vendore,Vlorë,Buxheti i Shtetit
ANG-0000942,KontratëNr-0000943,PRJ-003386,231,INST-0126,M06411202E,19586.62,Po,4,2026,Ministria e Brendshme,Kapitulli 1,,Qendrore,Elbasan,Financim i huaj
ANG-0000943,KontratëNr-0000944,PRJ-003390,230,INST-0126,J72124001N,500000.0,Po,4,2026,Ministria e Arsimit dhe Sportit,Kapitulli 6,,SHA,Durrës,Buxheti i Shtetit
ANG-0000944,KontratëNr-0000945,PRJ-003387,231,INST-0134,J72124001N,100000.0,Po,4,2026,Ministria e Brendshme,Kapitulli 6,,Qendrore,Vlorë,Buxheti i Shtetit
ANG-0000945,KontratëNr-0000946,PRJ-003388,230,INST-0167,K76926201W,175000.0,Po,4,2026,Ministria e Infrastruktures dhe Energjisë,Kapitulli 5,,Qendrore,Durrës,Buxheti i Shtetit
ANG-0000946,KontratëNr-0000947,PRJ-003385,230,INST-0043,M12127026K,865900.0,Po,4,2026,Ministria e Arsimit dhe Sportit,Kapitulli 4,,SHA,Tiranë,Financim i huaj
ANG-0000947,KontratëNr-0000948,PRJ-003391,230,INST-0175,M53125601L,688000.0,Po,4,2026,Ministria e Arsimit dhe Sportit,Kapitulli 6,,SHA,Fier,Të ardhura të trashiguara
ANG-0000948,KontratëNr-0000949,PRJ-003382,230,INST-0337,L81506043D,1237771.0,Po,4,2026,Ministria e Infrastruktures dhe Energjisë,Kapitulli 7,,SHA,Vlorë,Financim i huaj
ANG-0000949,KontratëNr-0000950,PRJ-003383,230,INST-0337,K71617011W,63600.0,Po,4,2026,Ministria e Financave dhe Ekonomisë,Kapitulli 5,,Qendrore,Vlorë,Të ardhura të trashiguara
ANG-0000950,KontratëNr-0000951,PRJ-003384,231,INST-0337,L97006001D,244600.0,Po,4,2026,Ministria e Bujqësisë dhe Zhvillimit Rural,Kapitulli 7,,Qendrore,Shkodër,Të ardhura të trashiguara
ANG-0000951,KontratëNr-0000952,PRJ-003389,231,INST-0243,J62426002Q,886997.6,Po,4,2026,Ministria e Arsimit dhe Sportit,Kapitulli 3,,Vendore,Durrës,Buxheti i Shtetit
ANG-0000952,KontratëNr-0000953,PRJ-003363,230,INST-0653,K91712015L,558333.0,Po,4,2026,Ministria e Shëndetësisë dhe Mbrojtjes Sociale,Kapitulli 3,,Vendore,Elbasan,Buxheti i Shtetit
ANG-0000953,KontratëNr-0000954,PRJ-003373,230,INST-0566,M52311039R,268800.0,Po,4,2026,Ministria e Bujqësisë dhe Zhvillimit Rural,Kapitulli 4,,SHA,Shkodër,Buxheti i Shtetit
ANG-0000954,KontratëNr-0000955,PRJ-003375,231,INST-0558,J62426002Q,449700.0,Po,4,2026,Ministria e Financave dhe Ekonomisë,Kapitulli 7,,Qendrore,Fier,Të ardhura të trashiguara
ANG-0000955,KontratëNr-0000956,PRJ-003376,230,INST-0099,,0.0,Po,4,2026,Ministria e Infrastruktures dhe Energjisë,Kapitulli 7,,Qendrore,Durrës,Të ardhura të trashiguara
ANG-0000956,KontratëNr-0000957,PRJ-003377,231,INST-0099,L71731025U,732000.0,Po,4,2026,Ministria e Bujqësisë dhe Zhvillimit Rural,Kapitulli 7,,SHA,Korçë,Buxheti i Shtetit
ANG-0000957,,PRJ-003378,230,INST-0099,K62202046U,1579040.0,Po,4,2026,Ministria e Brendshme,Kapitulli 1,,Vendore,Korçë,Buxheti i Shtetit
ANG-0000958,KontratëNr-0000959,PRJ-003379,231,INST-0099,K72218022J,122350.0,Po,4,2026,Ministria e Infrastruktures dhe Energjisë,Kapitulli 7,,Vendore,Korçë,Të ardhura të trashiguara
ANG-0000959,KontratëNr-0000960,PRJ-003380,230,INST-0099,K71617011W,95000.0,Po,4,2026,Ministria e Brendshme,Kapitulli 4,,Vendore,Durrës,Buxheti i Shtetit
ANG-0000960,KontratëNr-0000961,PRJ-003371,230,INST-0621,L01717030C,227488.73,Po,4,2026,Ministria e Arsimit dhe Sportit,Kapitulli 2,,SHA,Shkodër,Financim i huaj
ANG-0000961,,PRJ-003362,230,INST-0961,M27528201T,99745.0,Po,4,2026,Ministria e Infrastruktures dhe Energjisë,Kapitulli 2,,Vendore,Tiranë,Buxheti i Shtetit
ANG-0000962,KontratëNr-0000963,PRJ-003374,230,INST-0089,K41315003J,350000.0,Po,4,2026,Ministria e Financave dhe Ekonomisë,Kapitulli 2,,Qendrore,Korçë,Buxheti i Shtetit
ANG-0000963,KontratëNr-0000964,PRJ-003372,230,INST-0404,K71616042A,14000.0,Po,4,2026,Ministria e Arsimit dhe Sportit,Kapitulli 2,,Qendrore,Tiranë,Të ardhura të trashiguara
ANG-0000964,KontratëNr-0000965,PRJ-003353,230,INST-0585,L81325026K,70000.0,Po,4,2026,Ministria e Arsimit dhe Sportit,Kapitulli 4,,Qendrore,Tiranë,Buxheti i Shtetit
ANG-0000965,KontratëNr-0000966,PRJ-003356,231,INST-0157,M32113053I,842100.0,Po,4,2026,Ministria e Shëndetësisë dhe Mbrojtjes Sociale,Kapitulli 2,,SHA,Fier,Buxheti i Shtetit
ANG-0000966,KontratëNr-0000967,PRJ-003357,230,INST-0621,M44225001C,1420000.0,Po,4,2026,Ministria e Bujqësisë dhe Zhvillimit Rural,Kapitulli 5,,SHA,Vlorë,Buxheti i Shtetit
ANG-0000967,KontratëNr-0000968,PRJ-003358,230,INST-0621,J71826005F,200790.0,Po,4,2026,Ministria e Bujqësisë dhe Zhvillimit Rural,Kapitulli 1,,SHA,Durrës,Të ardhura të trashiguara
ANG-0000968,KontratëNr-0000969,PRJ-003359,231,INST-0621,L01322018T,286655.0,Po,4,2026,Ministria e Shëndetësisë dhe Mbrojtjes Sociale,Kapitulli 2,,Vendore,Elbasan,Buxheti i Shtetit
ANG-0000969,KontratëNr-0000970,PRJ-003350,230,INST-0621,J71826005F,204418.0,Po,4,2026,Ministria e Bujqësisë dhe Zhvillimit Rural,Kapitulli 1,,Qendrore,Elbasan,Buxheti i Shtetit
ANG-0000970,KontratëNr-0000971,PRJ-003351,230,INST-0621,L12107043O,118605.0,Po,4,2026,Ministria e Arsimit dhe Sportit,Kapitulli 1,,SHA,Elbasan,Të ardhura të trashiguara
ANG-0000971,KontratëNr-0000972,PRJ-003352,230,INST-0621,L01322018T,219441.0,Po,4,2026,Ministria e Shëndetësisë dhe Mbrojtjes Sociale,Kapitulli 6,,Vendore,Shkodër,Të ardhura të trashiguara
ANG-0000972,KontratëNr-0000973,PRJ-003349,231,INST-1002,K72228008B,49134.4,Po,4,2026,Ministria e Financave dhe Ekonomisë,Kapitulli 6,,Vendore,Vlorë,Financim i huaj
ANG-0000973,,PRJ-003355,230,INST-1002,K62202046U,34800.0,Po,4,2026,Ministria e Infrastruktures dhe Energjisë,Kapitulli 5,,Qendrore,Vlorë,Buxheti i Shtetit
ANG-0000974,KontratëNr-0000975,PRJ-003354,230,INST-0565,L62311016C,65000.0,Po,4,2026,Ministria e Bujqësisë dhe Zhvillimit Rural,Kapitulli 6,,SHA,Vlorë,Buxheti i Shtetit
ANG-0000975,KontratëNr-0000976,PRJ-003348,231,INST-0148,K76926201W,1790000.0,Po,4,2026,Ministria e Arsimit dhe Sportit,Kapitulli 2,,Qendrore,Durrës,Financim i huaj
ANG-0000976,KontratëNr-0000977,PRJ-003341,231,INST-0654,K41420001V,9190.0,Po,4,2026,Ministria e Arsimit dhe Sportit,Kapitulli 1,,Vendore,Durrës,Të ardhura të trashiguara
ANG-0000977,,PRJ-003340,231,INST-0621,L51330015R,97000.0,Po,4,2026,Ministria e Arsimit dhe Sportit,Kapitulli 4,,Vendore,Korçë,Financim i huaj
ANG-0000978,KontratëNr-0000979,PRJ-003336,231,INST-1002,L62113033T,90000.0,Po,4,2026,Ministria e Brendshme,Kapitulli 4,,Vendore,Shkodër,Buxheti i Shtetit
ANG-0000979,KontratëNr-0000980,PRJ-003337,230,INST-0934,K31503045V,8262.0,Po,4,2026,Ministria e Arsimit dhe Sportit,Kapitulli 7,,Vendore,Shkodër,Buxheti i Shtetit
ANG-0000980,KontratëNr-0000981,PRJ-003338,231,INST-0102,L51714014K,98000.0,Po,4,2026,Ministria e Arsimit dhe Sportit,Kapitulli 3,,Vendore,Durrës,Buxheti i Shtetit
ANG-0000981,KontratëNr-0000982,PRJ-003342,231,INST-0135,,0.0,Po,4,2026,Ministria e Infrastruktures dhe Energjisë,Kapitulli 7,,Qendrore,Vlorë,Buxheti i Shtetit
ANG-0000982,KontratëNr-0000983,PRJ-003343,230,INST-0665,L82216026K,33333.0,Po,4,2026,Ministria e Infrastruktures dhe Energjisë,Kapitulli 2,,Qendrore,Fier,Financim i huaj
ANG-0000983,KontratëNr-0000984,PRJ-003344,231,INST-0621,K61516506H,550000.0,Po,4,2026,Ministria e Shëndetësisë dhe Mbrojtjes Sociale,Kapitulli 1,,SHA,Elbasan,Buxheti i Shtetit
ANG-0000984,KontratëNr-0000985,PRJ-003345,231,INST-0535,J61901194M,297000.0,Po,4,2026,Ministria e Financave dhe Ekonomisë,Kapitulli 1,,Qendrore,Korçë,Financim i huaj
ANG-0000985,KontratëNr-0000986,PRJ-003329,231,INST-0621,L56306204T,100000.0,Po,4,2026,Ministria e Shëndetësisë dhe Mbrojtjes Sociale,Kapitulli 7,,Vendore,Korçë,Të ardhura të trashiguara
ANG-0000986,KontratëNr-0000987,PRJ-003321,230,INST-0621,K66503204K,55000.0,Po,4,2026,Ministria e Shëndetësisë dhe Mbrojtjes Sociale,Kapitulli 5,,Vendore,Vlorë,Buxheti i Shtetit
ANG-0000987,KontratëNr-0000988,PRJ-003322,231,INST-0621,K32718419B,98342.0,Po,4,2026,Ministria e Shëndetësisë dhe Mbrojtjes Sociale,Kapitulli 4,,SHA,Durrës,Të ardhura të trashiguara
ANG-0000988,,PRJ-003323,231,INST-0621,L24302003S,89870.3,Po,4,2026,Ministria e Shëndetësisë dhe Mbrojtjes Sociale,Kapitulli 7,,Qendrore,Tiranë,Buxheti i Shtetit
ANG-0000989,KontratëNr-0000990,PRJ-003316,231,INST-0621,M34320803U,112666.0,Po,4,2026,Ministria e Shëndetësisë dhe Mbrojtjes Sociale,Kapitulli 3,,Qendrore,Durrës,Financim i huaj
ANG-0000990,KontratëNr-0000991,PRJ-003317,230,INST-0578,L13718404B,40950.0,Po,4,2026,Ministria e Shëndetësisë dhe Mbrojtjes Sociale,Kapitulli 7,,SHA,Durrës,Të ardhura të trashiguara
ANG-0000991,KontratëNr-0000992,PRJ-003319,230,INST-0957,J81921001V,94500.0,Po,4,2026,Ministria e Arsimit dhe Sportit,Kapitulli 1,,Qendrore,Korçë,Buxheti i Shtetit
ANG-0000992,KontratëNr-0000993,PRJ-003330,230,INST-0961,K31503024W,280000.0,Po,4,2026,Ministria e Bujqësisë dhe Zhvillimit Rural,Kapitulli 7,,SHA,Durrës,Buxheti i Shtetit
ANG-0000993,KontratëNr-0000994,PRJ-003288,230,INST-0332,K61516506H,97200.0,Po,4,2026,Ministria e Infrastruktures dhe Energjisë,Kapitulli 3,,SHA,Vlorë,Buxheti i Shtetit
ANG-0000994,KontratëNr-0000995,PRJ-003290,230,INST-0921,K62320012O,34200.0,Po,4,2026,Ministria e Arsimit dhe Sportit,Kapitulli 7,,Qendrore,Durrës,Buxheti i Shtetit
ANG-0000995,KontratëNr-0000996,PRJ-003291,230,INST-0430,K46524021W,56333.0,Po,4,2026,Ministria e Arsimit dhe Sportit,Kapitulli 4,,SHA,Tiranë,Financim i huaj
ANG-0000996,KontratëNr-0000997,PRJ-003294,231,INST-0126,L47401203N,167000.0,Po,4,2026,Ministria e Infrastruktures dhe Energjisë,Kapitulli 7,,SHA,Vlorë,Buxheti i Shtetit
ANG-0000997,KontratëNr-0000998,PRJ-003292,230,INST-0563,K62320012O,52000.0,Po,4,2026,Ministria e Shëndetësisë dhe Mbrojtjes Sociale,Kapitulli 7,,Qendrore,Elbasan,Të ardhura të trashiguara
ANG-0000998,KontratëNr-0000999,PRJ-003300,230,INST-0961,M13817805J,2929480.0,Po,4,2026,Ministria e Brendshme,Kapitulli 2,,Vendore,Vlorë,Financim i huaj
ANG-0000999,KontratëNr-0001000,PRJ-003289,231,INST-0136,L03114402P,91000.0,Po,4,2026,Ministria e Shëndetësisë dhe Mbrojtjes Sociale,Kapitulli 7,,Qendrore,Elbasan,Financim i huaj
ANG-0001000,KontratëNr-0001001,PRJ-003295,231,INST-0170,L42611001I,99000.0,Po,4,2026,Ministria e Brendshme,Kapitulli 2,,SHA,Durrës,Buxheti i Shtetit
ANG-0001001,KontratëNr-0001002,PRJ-003302,230,INST-0136,K62320012O,14000.0,Po,4,2026,Ministria e Brendshme,Kapitulli 5,,SHA,Shkodër,Të ardhura të trashiguara
ANG-0001002,KontratëNr-0001003,PRJ-003287,231,INST-0621,K62320012O,29000.0,Po,4,2026,Ministria e Brendshme,Kapitulli 7,,SHA,Korçë,Financim i huaj
ANG-0001003,KontratëNr-0001004,PRJ-003298,231,INST-0623,K62320012O,34200.0,Po,4,2026,Ministria e Brendshme,Kapitulli 1,,Qendrore,Shkodër,Financim i huaj
ANG-0001004,KontratëNr-0001005,PRJ-003296,230,INST-0317,M43822401E,96000.0,Po,4,2026,Ministria e Brendshme,Kapitulli 4,,SHA,Vlorë,Financim i huaj
ANG-0001005,KontratëNr-0001006,PRJ-003278,230,INST-0157,L62415503B,100000.0,Po,4,2026,Ministria e Shëndetësisë dhe Mbrojtjes Sociale,Kapitulli 3,,Qendrore,Shkodër,Buxheti i Shtetit
ANG-0001006,KontratëNr-0001007,PRJ-003279,230,INST-1004,K42003004T,378000.0,Po,4,2026,Ministria e Bujqësisë dhe Zhvillimit Rural,Kapitulli 5,,SHA,Tiranë,Financim i huaj
ANG-0001007,KontratëNr-0001008,PRJ-003282,230,INST-0131,J62903413B,347000.0,Po,4,2026,Ministria e Shëndetësisë dhe Mbrojtjes Sociale,Kapitulli 3,,SHA,Tiranë,Të ardhura të trashiguara
ANG-0001008,KontratëNr-0001009,PRJ-003277,231,INST-0621,K66801001T,99.9,Po,4,2026,Ministria e Infrastruktures dhe Energjisë,Kapitulli 1,,Vendore,Korçë,Financim i huaj
ANG-0001009,,PRJ-003264,231,INST-0126,M04508201D,100000.0,Po,5,2026,Ministria e Infrastruktures dhe Energjisë,Kapitulli 2,,Qendrore,Elbasan,Financim i huaj
ANG-0001010,KontratëNr-0001011,PRJ-003273,231,INST-0157,M02415002E,100000.0,Po,5,2026,Ministria e Brendshme,Kapitulli 4,,Vendore,Fier,Të ardhura të trashiguara
ANG-0001011,KontratëNr-0001012,PRJ-003263,230,INST-0621,L21420002F,788800.0,Po,5,2026,Ministria e Shëndetësisë dhe Mbrojtjes Sociale,Kapitulli 7,,Vendore,Vlorë,Buxheti i Shtetit
ANG-0001012,KontratëNr-0001013,PRJ-003261,231,INST-0621,J72124001N,62000.0,Po,5,2026,Ministria e Shëndetësisë dhe Mbrojtjes Sociale,Kapitulli 5,,SHA,Elbasan,Buxheti i Shtetit
ANG-0001013,KontratëNr-0001014,PRJ-003262,231,INST-0057,J62903318M,727000.0,Po,5,2026,Ministria e Bujqësisë dhe Zhvillimit Rural,Kapitulli 3,,Qendrore,Korçë,Buxheti i Shtetit
ANG-0001014,KontratëNr-0001015,PRJ-003270,231,INST-0057,M61503062Q,99800.0,Po,5,2026,Ministria e Arsimit dhe Sportit,Kapitulli 3,,Qendrore,Elbasan,Financim i huaj
ANG-0001015,KontratëNr-0001016,PRJ-003265,231,INST-0621,K41926801W,2962000.0,Po,5,2026,Ministria e Bujqësisë dhe Zhvillimit Rural,Kapitulli 1,,SHA,Korçë,Të ardhura të trashiguara
ANG-0001016,KontratëNr-0001017,PRJ-003267,231,INST-0146,M02012007R,66800.0,Po,5,2026,Ministria e Infrastruktures dhe Energjisë,Kapitulli 5,,SHA,Elbasan,Buxheti i Shtetit
ANG-0001017,KontratëNr-0001018,PRJ-003268,231,INST-0118,K21405001N,130500.0,Po,5,2026,Ministria e Bujqësisë dhe Zhvillimit Rural,Kapitulli 2,,Qendrore,Fier,Financim i huaj
ANG-0001018,KontratëNr-0001019,PRJ-003272,231,INST-0337,K81608040O,139957173.19,Po,5,2026,Ministria e Financave dhe Ekonomisë,Kapitulli 6,,Qendrore,Tiranë,Financim i huaj
ANG-0001019,KontratëNr-0001020,PRJ-003269,231,INST-0565,L92605407J,938520.0,Po,5,2026,Ministria e Financave dhe Ekonomisë,Kapitulli 7,,SHA,Korçë,Buxheti i Shtetit
ANG-0001020,KontratëNr-0001021,PRJ-003246,231,INST-0621,J71424020D,693000.0,Po,5,2026,Ministria e Arsimit dhe Sportit,Kapitulli 7,,SHA,Korçë,Të ardhura të trashiguara
ANG-0001021,KontratëNr-0001022,PRJ-003240,231,INST-0122,K31908022U,100000.0,Po,5,2026,Ministria e Arsimit dhe Sportit,Kapitulli 2,,Vendore,Fier,Të ardhura të trashiguara
ANG-0001022,KontratëNr-0001023,PRJ-003243,230,INST-0134,M52311020H,100000.0,Po,5,2026,Ministria e Bujqësisë dhe Zhvillimit Rural,Kapitulli 5,,Qendrore,Durrës,Financim i huaj
ANG-0001023,KontratëNr-0001024,PRJ-003247,230,INST-0337,M12127026K,100000.0,Po,5,2026,Ministria e Arsimit dhe Sportit,Kapitulli 4,,SHA,Vlorë,Financim i huaj
ANG-0001024,,PRJ-003249,231,INST-0621,M51819020O,295518.96,Po,5,2026,Ministria e Financave dhe Ekonomisë,Kapitulli 4,,SHA,Vlorë,Financim i huaj
ANG-0001025,KontratëNr-0001026,PRJ-003250,230,INST-0621,K62320012O,15500.0,Po,5,2026,Ministria e Arsimit dhe Sportit,Kapitulli 6,,SHA,Shkodër,Të ardhura të trashiguara
ANG-0001026,KontratëNr-0001027,PRJ-003251,230,INST-0621,K62320012O,18500.0,Po,5,2026,Ministria e Shëndetësisë dhe Mbrojtjes Sociale,Kapitulli 1,,Vendore,Shkodër,Të ardhura të trashiguara
ANG-0001027,KontratëNr-0001028,PRJ-003238,230,INST-0102,K62320012O,3500.0,Po,5,2026,Ministria e Bujqësisë dhe Zhvillimit Rural,Kapitulli 6,,Vendore,Korçë,Buxheti i Shtetit
ANG-0001028,KontratëNr-0001029,PRJ-003248,230,INST-0579,M21318047P,99900.0,Po,5,2026,Ministria e Shëndetësisë dhe Mbrojtjes Sociale,Kapitulli 1,,SHA,Tiranë,Financim i huaj
ANG-0001029,KontratëNr-0001030,PRJ-003241,231,INST-0144,M04705801H,98433.0,Po,5,2026,Ministria e Financave dhe Ekonomisë,Kapitulli 2,,Vendore,Elbasan,Financim i huaj
ANG-0001030,KontratëNr-0001031,PRJ-003244,231,INST-0621,M52311039R,199955.0,Po,5,2026,Ministria e Arsimit dhe Sportit,Kapitulli 7,,SHA,Tiranë,Të ardhura të trashiguara
ANG-0001031,KontratëNr-0001032,PRJ-003245,230,INST-0496,L93403601F,1278000.0,Po,5,2026,Ministria e Financave dhe Ekonomisë,Kapitulli 5,,SHA,Korçë,Të ardhura të trashiguara
ANG-0001032,,PRJ-003254,230,INST-0148,K51408016J,6450685.0,Po,5,2026,Ministria e Arsimit dhe Sportit,Kapitulli 3,,Qendrore,Tiranë,Të ardhura të trashiguara
ANG-0001033,KontratëNr-0001034,PRJ-003253,231,INST-0148,J91809007H,975100.0,Po,5,2026,Ministria e Brendshme,Kapitulli 5,,SHA,Fier,Buxheti i Shtetit
ANG-0001034,KontratëNr-0001035,PRJ-003226,230,INST-0566,M01816021C,15300.0,Po,5,2026,Ministria e Infrastruktures dhe Energjisë,Kapitulli 7,,Vendore,Durrës,Financim i huaj
ANG-0001035,KontratëNr-0001036,PRJ-003222,230,INST-0172,K26625601E,866800.0,Po,5,2026,Ministria e Shëndetësisë dhe Mbrojtjes Sociale,Kapitulli 3,,SHA,Elbasan,Të ardhura të trashiguara
ANG-0001036,KontratëNr-0001037,PRJ-003223,231,INST-0172,M66624209A,200000.0,Po,5,2026,Ministria e Bujqësisë dhe Zhvillimit Rural,Kapitulli 5,,SHA,Tiranë,Buxheti i Shtetit
ANG-0001037,KontratëNr-0001038,PRJ-003224,231,INST-0172,J72124001N,100000.0,Po,5,2026,Ministria e Bujqësisë dhe Zhvillimit Rural,Kapitulli 2,,Qendrore,Tiranë,Buxheti i Shtetit
ANG-0001038,KontratëNr-0001039,PRJ-003228,230,INST-0172,L01717030C,24318.5,Po,5,2026,Ministria e Infrastruktures dhe Energjisë,Kapitulli 5,,Vendore,Durrës,Financim i huaj
ANG-0001039,KontratëNr-0001040,PRJ-003221,230,INST-0083,K42108801C,29997.0,Po,5,2026,Ministria e Infrastruktures dhe Energjisë,Kapitulli 2,,SHA,Fier,Financim i huaj
ANG-0001040,,PRJ-003225,231,INST-0569,L47307701I,99872.0,Po,5,2026,Ministria e Bujqësisë dhe Zhvillimit Rural,Kapitulli 5,,Qendrore,Durrës,Buxheti i Shtetit
ANG-0001041,KontratëNr-0001042,PRJ-003232,231,INST-0124,K33715699K,120000.0,Po,5,2026,Ministria e Bujqësisë dhe Zhvillimit Rural,Kapitulli 5,,Qendrore,Shkodër,Të ardhura të trashiguara
ANG-0001042,,PRJ-003227,230,INST-0364,J61901094G,350000.0,Po,5,2026,Ministria e Brendshme,Kapitulli 3,,Vendore,Fier,Të ardhura të trashiguara
ANG-0001043,,PRJ-003230,230,INST-0148,L82007020D,33000.0,Po,5,2026,Ministria e Shëndetësisë dhe Mbrojtjes Sociale,Kapitulli 1,,Qendrore,Fier,Buxheti i Shtetit
ANG-0001044,KontratëNr-0001045,PRJ-003235,231,INST-0148,K71707007Q,13480000.0,Po,5,2026,Ministria e Bujqësisë dhe Zhvillimit Rural,Kapitulli 6,,Qendrore,Vlorë,Të ardhura të trashiguara
ANG-0001045,KontratëNr-0001046,PRJ-003229,231,INST-0148,M46915401B,104166.5,Po,5,2026,Ministria e Brendshme,Kapitulli 1,,Vendore,Vlorë,Financim i huaj
ANG-0001046,,PRJ-003209,230,INST-0172,L01606034A,75000.0,Po,5,2026,Ministria e Arsimit dhe Sportit,Kapitulli 1,,Qendrore,Durrës,Të ardhura të trashiguara
ANG-0001047,KontratëNr-0001048,PRJ-003210,231,INST-0655,J61814110J,33000.0,Po,5,2026,Ministria e Shëndetësisë dhe Mbrojtjes Sociale,Kapitulli 7,,Vendore,Fier,Të ardhura të trashiguara
ANG-0001048,KontratëNr-0001049,PRJ-003213,230,INST-0136,L01508026P,127800.0,Po,5,2026,Ministria e Arsimit dhe Sportit,Kapitulli 4,,Vendore,Korçë,Financim i huaj
ANG-0001049,KontratëNr-0001050,PRJ-003215,230,INST-0569,,0.0,Po,5,2026,Ministria e Arsimit dhe Sportit,Kapitulli 2,,SHA,Durrës,Financim i huaj
ANG-0001050,,PRJ-003211,231,INST-0148,J71907014E,166666.67,Po,5,2026,Ministria e Shëndetësisë dhe Mbrojtjes Sociale,Kapitulli 5,,Vendore,Fier,Buxheti i Shtetit
ANG-0001051,KontratëNr-0001052,PRJ-003212,230,INST-0148,K56511202K,21750.0,Po,5,2026,Ministria e Arsimit dhe Sportit,Kapitulli 4,,Qendrore,Tiranë,Buxheti i Shtetit
ANG-0001052,KontratëNr-0001053,PRJ-003204,231,INST-0574,M44805601C,40000.0,Po,5,2026,Ministria e Arsimit dhe Sportit,Kapitulli 3,,Qendrore,Vlorë,Të ardhura të trashiguara
ANG-0001053,KontratëNr-0001054,PRJ-003207,231,INST-0098,J61905015B,16443000.0,Po,5,2026,Ministria e Bujqësisë dhe Zhvillimit Rural,Kapitulli 5,,Vendore,Tiranë,Të ardhura të trashiguara
ANG-0001054,KontratëNr-0001055,PRJ-003208,230,INST-0098,M42026032D,440000.0,Po,5,2026,Ministria e Bujqësisë dhe Zhvillimit Rural,Kapitulli 1,,SHA,Tiranë,Të ardhura të trashiguara
ANG-0001055,,PRJ-003203,230,INST-0621,K32621406F,99900.0,Po,5,2026,Ministria e Shëndetësisë dhe Mbrojtjes Sociale,Kapitulli 2,,Vendore,Vlorë,Financim i huaj
ANG-0001056,KontratëNr-0001057,PRJ-003206,231,INST-0136,M01323508C,5930000.0,Po,5,2026,Ministria e Brendshme,Kapitulli 4,,Qendrore,Elbasan,Buxheti i Shtetit
ANG-0001057,KontratëNr-0001058,PRJ-003189,231,INST-0621,J61814028F,3920.0,Po,5,2026,Ministria e Bujqësisë dhe Zhvillimit Rural,Kapitulli 7,,Qendrore,Fier,Të ardhura të trashiguara
ANG-0001058,KontratëNr-0001059,PRJ-003183,230,INST-0624,K41510041C,816000.0,Po,5,2026,Ministria e Financave dhe Ekonomisë,Kapitulli 7,,Vendore,Fier,Buxheti i Shtetit
ANG-0001059,KontratëNr-0001060,PRJ-003191,230,INST-0126,K66801001T,162763.0,Po,5,2026,Ministria e Financave dhe Ekonomisë,Kapitulli 7,,SHA,Vlorë,Financim i huaj
ANG-0001060,KontratëNr-0001061,PRJ-003199,230,INST-0242,M33506403A,100000.0,Po,5,2026,Ministria e Arsimit dhe Sportit,Kapitulli 7,,Vendore,Tiranë,Të ardhura të trashiguara
ANG-0001061,KontratëNr-0001062,PRJ-003193,230,INST-0172,K41420001V,23095.0,Po,5,2026,Ministria e Shëndetësisë dhe Mbrojtjes Sociale,Kapitulli 7,,SHA,Shkodër,Të ardhura të trashiguara
ANG-0001062,KontratëNr-0001063,PRJ-003197,230,INST-0621,K62320012O,10000.0,Po,5,2026,Ministria e Arsimit dhe Sportit,Kapitulli 7,,SHA,Fier,Të ardhura të trashiguara
ANG-0001063,KontratëNr-0001064,PRJ-003185,231,INST-0915,K62320012O,70000.0,Po,5,2026,Ministria e Financave dhe Ekonomisë,Kapitulli 4,,Qendrore,Vlorë,Financim i huaj
ANG-0001064,KontratëNr-0001065,PRJ-003190,231,INST-0337,M52320014I,92300.0,Po,5,2026,Ministria e Brendshme,Kapitulli 3,,Vendore,Durrës,Buxheti i Shtetit
ANG-0001065,KontratëNr-0001066,PRJ-003184,230,INST-0579,L61424012N,72500.0,Po,5,2026,Ministria e Infrastruktures dhe Energjisë,Kapitulli 6,,Vendore,Vlorë,Buxheti i Shtetit
ANG-0001066,KontratëNr-0001067,PRJ-003186,231,INST-0141,K41420001V,77400.0,Po,5,2026,Ministria e Infrastruktures dhe Energjisë,Kapitulli 2,,Qendrore,Shkodër,Të ardhura të trashiguara
ANG-0001067,KontratëNr-0001068,PRJ-003187,230,INST-0098,J72124001N,610003.0,Po,5,2026,Ministria e Shëndetësisë dhe Mbrojtjes Sociale,Kapitulli 7,,Qendrore,Durrës,Financim i huaj
ANG-0001068,KontratëNr-0001069,PRJ-003195,231,INST-0587,L13405401S,328000.0,Po,5,2026,Ministria e Arsimit dhe Sportit,Kapitulli 2,,Vendore,Durrës,Financim i huaj
ANG-0001069,,PRJ-003188,231,INST-0257,J91907002G,16000.0,Po,5,2026,Ministria e Shëndetësisë dhe Mbrojtjes Sociale,Kapitulli 2,,Vendore,Fier,Të ardhura të trashiguara
ANG-0001070,KontratëNr-0001071,PRJ-003160,231,INST-1011,L96611004A,219000.0,Po,5,2026,Ministria e Financave dhe Ekonomisë,Kapitulli 2,,Vendore,Vlorë,Buxheti i Shtetit
ANG-0001071,KontratëNr-0001072,PRJ-003163,231,INST-0621,L96611004A,297500.0,Po,5,2026,Ministria e Financave dhe Ekonomisë,Kapitulli 4,,Vendore,Fier,Financim i huaj
ANG-0001072,KontratëNr-0001073,PRJ-003167,231,INST-0517,M51713014G,99750.0,Po,5,2026,Ministria e Brendshme,Kapitulli 1,,SHA,Durrës,Financim i huaj
ANG-0001073,KontratëNr-0001074,PRJ-003177,230,INST-0172,M02415002E,677800.0,Po,5,2026,Ministria e Arsimit dhe Sportit,Kapitulli 4,,Vendore,Elbasan,Financim i huaj
ANG-0001074,KontratëNr-0001075,PRJ-003162,230,INST-0621,M22702001L,15200.0,Po,5,2026,Ministria e Shëndetësisë dhe Mbrojtjes Sociale,Kapitulli 7,,SHA,Durrës,Buxheti i Shtetit
ANG-0001075,KontratëNr-0001076,PRJ-003172,231,INST-0621,M22421024U,689000.0,Po,5,2026,Ministria e Infrastruktures dhe Energjisë,Kapitulli 2,,Vendore,Korçë,Buxheti i Shtetit
ANG-0001076,KontratëNr-0001077,PRJ-003173,230,INST-0621,J61814028F,156150.0,Po,5,2026,Ministria e Arsimit dhe Sportit,Kapitulli 4,,SHA,Vlorë,Të ardhura të trashiguara
ANG-0001077,KontratëNr-0001078,PRJ-003174,231,INST-0342,M02415002E,99500.0,Po,5,2026,Ministria e Shëndetësisë dhe Mbrojtjes Sociale,Kapitulli 1,,Qendrore,Shkodër,Të ardhura të trashiguara
ANG-0001078,KontratëNr-0001079,PRJ-003176,231,INST-0134,M32520404G,96458.0,Po,5,2026,Ministria e Infrastruktures dhe Energjisë,Kapitulli 6,,Qendrore,Fier,Të ardhura të trashiguara
ANG-0001079,KontratëNr-0001080,PRJ-003165,231,INST-0124,J62426002Q,79166.0,Po,5,2026,Ministria e Bujqësisë dhe Zhvillimit Rural,Kapitulli 1,,SHA,Shkodër,Të ardhura të trashiguara
ANG-0001080,KontratëNr-0001081,PRJ-003166,230,INST-0124,K62320012O,21000.0,Po,5,2026,Ministria e Bujqësisë dhe Zhvillimit Rural,Kapitulli 4,,Qendrore,Durrës,Të ardhura të trashiguara
ANG-0001081,KontratëNr-0001082,PRJ-003168,231,INST-0621,L72322004M,4375000.0,Po,5,2026,Ministria e Infrastruktures dhe Energjisë,Kapitulli 3,,Vendore,Vlorë,Financim i huaj
ANG-0001082,KontratëNr-0001083,PRJ-003169,231,INST-0102,J98009202P,96450.0,Po,5,2026,Ministria e Bujqësisë dhe Zhvillimit Rural,Kapitulli 2,,SHA,Elbasan,Të ardhura të trashiguara
ANG-0001083,KontratëNr-0001084,PRJ-003170,231,INST-0175,K62320012O,34200.0,Po,5,2026,Ministria e Arsimit dhe Sportit,Kapitulli 1,,SHA,Shkodër,Financim i huaj
ANG-0001084,KontratëNr-0001085,PRJ-003179,231,INST-0136,K11501002D,197000.0,Po,5,2026,Ministria e Brendshme,Kapitulli 1,,SHA,Durrës,Financim i huaj
ANG-0001085,KontratëNr-0001086,PRJ-003178,231,INST-0621,K11715005L,51333.0,Po,5,2026,Ministria e Bujqësisë dhe Zhvillimit Rural,Kapitulli 4,,Qendrore,Korçë,Buxheti i Shtetit
ANG-0001086,KontratëNr-0001087,PRJ-003180,230,INST-0148,K46811001V,298000.0,Po,5,2026,Ministria e Bujqësisë dhe Zhvillimit Rural,Kapitulli 3,,Vendore,Elbasan,Të ardhura të trashiguara
ANG-0001087,KontratëNr-0001088,PRJ-003175,231,INST-0404,K31803032W,99991.0,Po,5,2026,Ministria e Bujqësisë dhe Zhvillimit Rural,Kapitulli 2,,Qendrore,Shkodër,Buxheti i Shtetit
ANG-0001088,KontratëNr-0001089,PRJ-003147,230,INST-0338,K91530017T,1164000.0,Po,5,2026,Ministria e Arsimit dhe Sportit,Kapitulli 3,,Vendore,Tiranë,Financim i huaj
ANG-0001089,KontratëNr-0001090,PRJ-003150,230,INST-0172,L46317601E,29600.0,Po,5,2026,Ministria e Infrastruktures dhe Energjisë,Kapitulli 7,,Qendrore,Elbasan,Financim i huaj
ANG-0001090,KontratëNr-0001091,PRJ-003143,231,INST-0151,K51611059N,347580.0,Po,5,2026,Ministria e Bujqësisë dhe Zhvillimit Rural,Kapitulli 3,,Vendore,Vlorë,Buxheti i Shtetit
ANG-0001091,KontratëNr-0001092,PRJ-003145,230,INST-0151,L82428011G,89000.0,Po,5,2026,Ministria e Shëndetësisë dhe Mbrojtjes Sociale,Kapitulli 3,,Vendore,Vlorë,Buxheti i Shtetit
ANG-0001092,KontratëNr-0001093,PRJ-003146,231,INST-0151,J72124001N,300000.0,Po,5,2026,Ministria e Bujqësisë dhe Zhvillimit Rural,Kapitulli 4,,Vendore,Shkodër,Të ardhura të trashiguara
ANG-0001093,KontratëNr-0001094,PRJ-003149,231,INST-0057,L71325019D,131500.0,Po,5,2026,Ministria e Arsimit dhe Sportit,Kapitulli 6,,Vendore,Tiranë,Buxheti i Shtetit
ANG-0001094,,PRJ-003142,230,INST-0915,L71619028E,352000.0,Po,5,2026,Ministria e Brendshme,Kapitulli 1,,Qendrore,Shkodër,Të ardhura të trashiguara
ANG-0001095,KontratëNr-0001096,PRJ-003155,230,INST-0136,K11324003F,50000.0,Po,5,2026,Ministria e Bujqësisë dhe Zhvillimit Rural,Kapitulli 1,,Vendore,Elbasan,Financim i huaj
ANG-0001096,KontratëNr-0001097,PRJ-003148,230,INST-0364,K58615301M,499000.0,Po,5,2026,Ministria e Arsimit dhe Sportit,Kapitulli 7,,SHA,Vlorë,Të ardhura të trashiguara
ANG-0001097,KontratëNr-0001098,PRJ-003153,231,INST-0621,,0.0,Po,5,2026,Ministria e Arsimit dhe Sportit,Kapitulli 7,,Vendore,Vlorë,Të ardhura të trashiguara
ANG-0001098,KontratëNr-0001099,PRJ-003154,230,INST-0572,K31520054N,469670.0,Po,5,2026,Ministria e Financave dhe Ekonomisë,Kapitulli 1,,Vendore,Durrës,Të ardhura të trashiguara
ANG-0001099,KontratëNr-0001100,PRJ-003151,230,INST-1004,M52311039R,99500.0,Po,5,2026,Ministria e Shëndetësisë dhe Mbrojtjes Sociale,Kapitulli 5,,Vendore,Vlorë,Buxheti i Shtetit
ANG-0001100,KontratëNr-0001101,PRJ-003126,230,INST-0621,M48110601O,199800.0,Po,5,2026,Ministria e Shëndetësisë dhe Mbrojtjes Sociale,Kapitulli 4,,Vendore,Shkodër,Të ardhura të trashiguara
ANG-0001101,KontratëNr-0001102,PRJ-003127,231,INST-0621,K31422501O,83333.33,Po,5,2026,Ministria e Brendshme,Kapitulli 4,,Qendrore,Korçë,Buxheti i Shtetit
ANG-0001102,KontratëNr-0001103,PRJ-003128,231,INST-0621,L21708012H,158000.0,Po,5,2026,Ministria e Arsimit dhe Sportit,Kapitulli 4,,SHA,Elbasan,Të ardhura të trashiguara
ANG-0001103,KontratëNr-0001104,PRJ-003133,231,INST-0621,K42108801C,540000.0,Po,5,2026,Ministria e Shëndetësisë dhe Mbrojtjes Sociale,Kapitulli 7,,SHA,Elbasan,Buxheti i Shtetit
ANG-0001104,KontratëNr-0001105,PRJ-003134,231,INST-0621,K33715699K,92000.0,Po,5,2026,Ministria e Brendshme,Kapitulli 3,,SHA,Tiranë,Financim i huaj
ANG-0001105,KontratëNr-0001106,PRJ-003135,230,INST-0621,M28717102U,695000.0,Po,5,2026,Ministria e Infrastruktures dhe Energjisë,Kapitulli 3,,Qendrore,Korçë,Buxheti i Shtetit
ANG-0001106,KontratëNr-0001107,PRJ-003120,231,INST-0156,K31527625C,49572.0,Po,5,2026,Ministria e Shëndetësisë dhe Mbrojtjes Sociale,Kapitulli 3,,Qendrore,Vlorë,Buxheti i Shtetit
ANG-0001107,KontratëNr-0001108,PRJ-003125,231,INST-0915,M02403014N,236960.0,Po,5,2026,Ministria e Infrastruktures dhe Energjisë,Kapitulli 2,,SHA,Elbasan,Të ardhura të trashiguara
ANG-0001108,KontratëNr-0001109,PRJ-003123,230,INST-0621,K82231003A,186000.0,Po,5,2026,Ministria e Brendshme,Kapitulli 7,,Qendrore,Shkodër,Financim i huaj
ANG-0001109,KontratëNr-0001110,PRJ-003130,230,INST-0562,J64103483H,5325000.0,Po,5,2026,Ministria e Bujqësisë dhe Zhvillimit Rural,Kapitulli 6,,Vendore,Durrës,Financim i huaj
ANG-0001110,KontratëNr-0001111,PRJ-003136,230,INST-0985,M31904013D,675500.0,Po,5,2026,Ministria e Arsimit dhe Sportit,Kapitulli 4,,Qendrore,Tiranë,Financim i huaj
ANG-0001111,KontratëNr-0001112,PRJ-003124,231,INST-0621,L21319037M,368499.0,Po,5,2026,Ministria e Bujqësisë dhe Zhvillimit Rural,Kapitulli 1,,SHA,Fier,Financim i huaj
ANG-0001112,,PRJ-003131,231,INST-0337,L81501042Q,218800.0,Po,5,2026,Ministria e Shëndetësisë dhe Mbrojtjes Sociale,Kapitulli 1,,Vendore,Vlorë,Buxheti i Shtetit
ANG-0001113,,PRJ-003132,230,INST-0516,K32922204O,83100.0,Po,5,2026,Ministria e Arsimit dhe Sportit,Kapitulli 2,,Qendrore,Durrës,Të ardhura të trashiguara
ANG-0001114,KontratëNr-0001115,PRJ-003101,231,INST-0558,J66902033R,99790.0,Po,5,2026,Ministria e Brendshme,Kapitulli 4,,Vendore,Fier,Të ardhura të trashiguara
ANG-0001115,KontratëNr-0001116,PRJ-003107,231,INST-1035,M52317021A,239000.0,Po,5,2026,Ministria e Infrastruktures dhe Energjisë,Kapitulli 6,,SHA,Durrës,Të ardhura të trashiguara
ANG-0001116,,PRJ-003104,230,INST-0621,J61901033C,4830.0,Po,5,2026,Ministria e Infrastruktures dhe Energjisë,Kapitulli 7,,SHA,Tiranë,Financim i huaj
ANG-0001117,KontratëNr-0001118,PRJ-003106,230,INST-0915,M48110601O,100000.0,Po,5,2026,Ministria e Brendshme,Kapitulli 3,,SHA,Tiranë,Buxheti i Shtetit
ANG-0001118,,PRJ-003111,230,INST-0065,K92201080V,108760.0,Po,5,2026,Ministria e Shëndetësisë dhe Mbrojtjes Sociale,Kapitulli 1,,SHA,Fier,Të ardhura të trashiguara
ANG-0001119,KontratëNr-0001120,PRJ-003095,231,INST-0621,K32801212M,260000.0,Po,5,2026,Ministria e Arsimit dhe Sportit,Kapitulli 5,,SHA,Korçë,Të ardhura të trashiguara
ANG-0001120,KontratëNr-0001121,PRJ-003099,230,INST-0102,J66902033R,100000.0,Po,5,2026,Ministria e Financave dhe Ekonomisë,Kapitulli 1,,Vendore,Elbasan,Financim i huaj
ANG-0001121,KontratëNr-0001122,PRJ-003100,231,INST-0131,,0.0,Po,5,2026,Ministria e Infrastruktures dhe Energjisë,Kapitulli 1,,Vendore,Korçë,Financim i huaj
ANG-0001122,KontratëNr-0001123,PRJ-003102,230,INST-0544,K91628009V,33750.0,Po,5,2026,Ministria e Infrastruktures dhe Energjisë,Kapitulli 4,,Qendrore,Korçë,Financim i huaj
ANG-0001123,KontratëNr-0001124,PRJ-003109,230,INST-0175,,0.0,Po,5,2026,Ministria e Brendshme,Kapitulli 6,,Vendore,Tiranë,Buxheti i Shtetit
ANG-0001124,KontratëNr-0001125,PRJ-003115,230,INST-0915,L12107043O,528815.0,Po,5,2026,Ministria e Financave dhe Ekonomisë,Kapitulli 7,,Qendrore,Vlorë,Financim i huaj
ANG-0001125,KontratëNr-0001126,PRJ-003105,231,INST-0404,M46615005A,2221000.0,Po,5,2026,Ministria e Brendshme,Kapitulli 4,,SHA,Elbasan,Financim i huaj
ANG-0001126,KontratëNr-0001127,PRJ-003110,230,INST-1004,K31503045V,68850.0,Po,5,2026,Ministria e Infrastruktures dhe Energjisë,Kapitulli 2,,Qendrore,Korçë,Të ardhura të trashiguara
ANG-0001127,KontratëNr-0001128,PRJ-003103,231,INST-1005,M52307052B,900000.0,Po,5,2026,Ministria e Brendshme,Kapitulli 1,,Vendore,Vlorë,Financim i huaj
ANG-0001128,,PRJ-003098,230,INST-0084,L72411009A,54000.0,Po,5,2026,Ministria e Arsimit dhe Sportit,Kapitulli 3,,Qendrore,Durrës,Të ardhura të trashiguara
ANG-0001129,KontratëNr-0001130,PRJ-003075,230,INST-0098,K61704005H,8000.0,Po,5,2026,Ministria e Shëndetësisë dhe Mbrojtjes Sociale,Kapitulli 7,,Qendrore,Tiranë,Financim i huaj
ANG-0001130,KontratëNr-0001131,PRJ-003079,231,INST-0566,K92201080V,54380.0,Po,5,2026,Ministria e Bujqësisë dhe Zhvillimit Rural,Kapitulli 6,,Qendrore,Tiranë,Buxheti i Shtetit
ANG-0001131,KontratëNr-0001132,PRJ-003082,231,INST-0621,L72713403S,41666.0,Po,5,2026,Ministria e Arsimit dhe Sportit,Kapitulli 1,,SHA,Vlorë,Buxheti i Shtetit
ANG-0001132,KontratëNr-0001133,PRJ-003085,231,INST-0621,K92201080V,54380.0,Po,5,2026,Ministria e Infrastruktures dhe Energjisë,Kapitulli 7,,Qendrore,Korçë,Financim i huaj
ANG-0001133,KontratëNr-0001134,PRJ-003092,230,INST-0963,K31915018E,630000.0,Po,5,2026,Ministria e Financave dhe Ekonomisë,Kapitulli 5,,SHA,Durrës,Të ardhura të trashiguara
ANG-0001134,KontratëNr-0001135,PRJ-003083,231,INST-0915,K14107001T,1584000.0,Po,5,2026,Ministria e Shëndetësisë dhe Mbrojtjes Sociale,Kapitulli 3,,SHA,Shkodër,Buxheti i Shtetit
ANG-0001135,KontratëNr-0001136,PRJ-003084,231,INST-0122,K84602001Q,99500.0,Po,5,2026,Ministria e Arsimit dhe Sportit,Kapitulli 2,,Qendrore,Korçë,Financim i huaj
ANG-0001136,KontratëNr-0001137,PRJ-003090,231,INST-0624,L32222023L,289000.0,Po,5,2026,Ministria e Financave dhe Ekonomisë,Kapitulli 2,,Qendrore,Tiranë,Të ardhura të trashiguara
ANG-0001137,KontratëNr-0001138,PRJ-003078,230,INST-0985,,0.0,Po,5,2026,Ministria e Brendshme,Kapitulli 6,,Qendrore,Fier,Buxheti i Shtetit
ANG-0001138,KontratëNr-0001139,PRJ-003087,231,INST-0624,L96611004A,95833.0,Po,5,2026,Ministria e Shëndetësisë dhe Mbrojtjes Sociale,Kapitulli 5,,Vendore,Tiranë,Financim i huaj
ANG-0001139,,PRJ-003088,231,INST-0624,J62426002Q,589700.0,Po,5,2026,Ministria e Arsimit dhe Sportit,Kapitulli 5,,Vendore,Vlorë,Financim i huaj
ANG-0001140,KontratëNr-0001141,PRJ-003089,231,INST-0624,L92019017V,349500.0,Po,5,2026,Ministria e Financave dhe Ekonomisë,Kapitulli 2,,SHA,Tiranë,Buxheti i Shtetit
ANG-0001141,KontratëNr-0001142,PRJ-003067,231,INST-0424,K21405001N,135600.0,Po,5,2026,Ministria e Bujqësisë dhe Zhvillimit Rural,Kapitulli 2,,Qendrore,Shkodër,Financim i huaj
ANG-0001142,,PRJ-003056,230,INST-0961,L92019017V,748000.0,Po,5,2026,Ministria e Financave dhe Ekonomisë,Kapitulli 3,,SHA,Shkodër,Të ardhura të trashiguara
ANG-0001143,KontratëNr-0001144,PRJ-003060,230,INST-0061,M52311039R,159900.0,Po,5,2026,Ministria e Arsimit dhe Sportit,Kapitulli 7,,SHA,Vlorë,Financim i huaj
ANG-0001144,KontratëNr-0001145,PRJ-003061,231,INST-0061,M22422501R,136000.0,Po,5,2026,Ministria e Infrastruktures dhe Energjisë,Kapitulli 3,,Qendrore,Shkodër,Financim i huaj
ANG-0001145,KontratëNr-0001146,PRJ-003065,230,INST-0172,L18328201N,24.9,Po,5,2026,Ministria e Shëndetësisë dhe Mbrojtjes Sociale,Kapitulli 1,,SHA,Fier,Financim i huaj
ANG-0001146,KontratëNr-0001147,PRJ-003091,230,INST-0624,J61909041K,22000.0,Po,5,2026,Ministria e Shëndetësisë dhe Mbrojtjes Sociale,Kapitulli 1,,Vendore,Elbasan,Buxheti i Shtetit
ANG-0001147,KontratëNr-0001148,PRJ-003057,230,INST-0102,L26521001P,100000.0,Po,5,2026,Ministria e Arsimit dhe Sportit,Kapitulli 6,,Qendrore,Tiranë,Buxheti i Shtetit
ANG-0001148,KontratëNr-0001149,PRJ-003068,231,INST-0453,M31417021V,1780000.0,Po,5,2026,Ministria e Shëndetësisë dhe Mbrojtjes Sociale,Kapitulli 4,,SHA,Fier,Financim i huaj
ANG-0001149,KontratëNr-0001150,PRJ-003039,231,INST-0621,L62302021Q,449000.0,Po,5,2026,Ministria e Financave dhe Ekonomisë,Kapitulli 2,,Vendore,Durrës,Të ardhura të trashiguara
ANG-0001150,KontratëNr-0001151,PRJ-003040,230,INST-0621,K41531001K,1852435.29,Po,5,2026,Ministria e Financave dhe Ekonomisë,Kapitulli 5,,SHA,Tiranë,Financim i huaj
ANG-0001151,KontratëNr-0001152,PRJ-003041,230,INST-0621,M62717203D,99382.0,Po,5,2026,Ministria e Financave dhe Ekonomisë,Kapitulli 3,,SHA,Vlorë,Të ardhura të trashiguara
ANG-0001152,KontratëNr-0001153,PRJ-003043,231,INST-0621,M32113053I,360000.0,Po,5,2026,Ministria e Shëndetësisë dhe Mbrojtjes Sociale,Kapitulli 1,,SHA,Vlorë,Të ardhura të trashiguara
ANG-0001153,KontratëNr-0001154,PRJ-003046,231,INST-0133,L64425401K,594000.0,Po,5,2026,Ministria e Bujqësisë dhe Zhvillimit Rural,Kapitulli 6,,SHA,Korçë,Financim i huaj
ANG-0001154,KontratëNr-0001155,PRJ-003044,230,INST-0621,K66607001U,874347.29,Po,5,2026,Ministria e Financave dhe Ekonomisë,Kapitulli 3,,Vendore,Durrës,Financim i huaj
ANG-0001155,KontratëNr-0001156,PRJ-003037,231,INST-0113,J62426002Q,99789.0,Po,5,2026,Ministria e Financave dhe Ekonomisë,Kapitulli 4,,Qendrore,Elbasan,Të ardhura të trashiguara
ANG-0001156,KontratëNr-0001157,PRJ-003047,230,INST-0915,J72124001N,650000.0,Po,5,2026,Ministria e Arsimit dhe Sportit,Kapitulli 2,,Vendore,Elbasan,Buxheti i Shtetit
ANG-0001157,KontratëNr-0001158,PRJ-003058,231,INST-0561,L52027085V,709030.0,Po,5,2026,Ministria e Brendshme,Kapitulli 3,,Qendrore,Durrës,Financim i huaj
ANG-0001158,,PRJ-003042,230,INST-0968,K36528217C,183600.0,Po,5,2026,Ministria e Shëndetësisë dhe Mbrojtjes Sociale,Kapitulli 1,,SHA,Vlorë,Të ardhura të trashiguara
ANG-0001159,KontratëNr-0001160,PRJ-003023,231,INST-0624,K11501002D,443000.0,Po,5,2026,Ministria e Financave dhe Ekonomisë,Kapitulli 3,,Qendrore,Vlorë,Financim i huaj
ANG-0001160,KontratëNr-0001161,PRJ-003027,231,INST-0621,J84015104A,820000.0,Po,5,2026,Ministria e Arsimit dhe Sportit,Kapitulli 6,,SHA,Tiranë,Financim i huaj
ANG-0001161,KontratëNr-0001162,PRJ-003028,231,INST-0621,L52020002V,750000.0,Po,5,2026,Ministria e Infrastruktures dhe Energjisë,Kapitulli 1,,Qendrore,Elbasan,Buxheti i Shtetit
ANG-0001162,KontratëNr-0001163,PRJ-003029,231,INST-0621,K31503045V,398800.0,Po,5,2026,Ministria e Arsimit dhe Sportit,Kapitulli 5,,Qendrore,Fier,Buxheti i Shtetit
ANG-0001163,KontratëNr-0001164,PRJ-003030,231,INST-0621,M46915401B,225000.0,Po,5,2026,Ministria e Brendshme,Kapitulli 7,,Vendore,Korçë,Financim i huaj
ANG-0001164,KontratëNr-0001165,PRJ-003008,231,INST-0915,L82203011N,99166.0,Po,5,2026,Ministria e Bujqësisë dhe Zhvillimit Rural,Kapitulli 6,,Qendrore,Fier,Financim i huaj
ANG-0001165,KontratëNr-0001166,PRJ-003013,231,INST-0578,J61825037N,217500.0,Po,5,2026,Ministria e Arsimit dhe Sportit,Kapitulli 3,,Vendore,Elbasan,Buxheti i Shtetit
ANG-0001166,,PRJ-003016,231,INST-0621,L31714005J,406125.0,Po,5,2026,Ministria e Arsimit dhe Sportit,Kapitulli 5,,Vendore,Durrës,Buxheti i Shtetit
ANG-0001167,KontratëNr-0001168,PRJ-003017,231,INST-0621,K41420001V,534000.0,Po,5,2026,Ministria e Shëndetësisë dhe Mbrojtjes Sociale,Kapitulli 6,,SHA,Fier,Të ardhura të trashiguara
ANG-0001168,KontratëNr-0001169,PRJ-003018,231,INST-0621,M42411028E,640000.0,Po,5,2026,Ministria e Shëndetësisë dhe Mbrojtjes Sociale,Kapitulli 2,,SHA,Tiranë,Financim i huaj
ANG-0001169,KontratëNr-0001170,PRJ-003019,231,INST-0621,K53717806Q,898800.0,Po,5,2026,Ministria e Financave dhe Ekonomisë,Kapitulli 4,,SHA,Shkodër,Të ardhura të trashiguara
ANG-0001170,KontratëNr-0001171,PRJ-003020,231,INST-0621,L51609014F,30000.0,Po,5,2026,Ministria e Brendshme,Kapitulli 5,,Vendore,Elbasan,Financim i huaj
ANG-0001171,KontratëNr-0001172,PRJ-003021,230,INST-0621,J72124001N,300000.0,Po,5,2026,Ministria e Shëndetësisë dhe Mbrojtjes Sociale,Kapitulli 6,,SHA,Durrës,Financim i huaj
ANG-0001172,KontratëNr-0001173,PRJ-003009,231,INST-1002,L32622601G,665200.0,Po,5,2026,Ministria e Financave dhe Ekonomisë,Kapitulli 5,,Vendore,Korçë,Të ardhura të trashiguara
ANG-0001173,KontratëNr-0001174,PRJ-003010,230,INST-1010,M12519002F,24750.0,Po,5,2026,Ministria e Arsimit dhe Sportit,Kapitulli 3,,Vendore,Vlorë,Të ardhura të trashiguara
ANG-0001174,KontratëNr-0001175,PRJ-003014,230,INST-0579,L92112031B,192759.0,Po,5,2026,Ministria e Shëndetësisë dhe Mbrojtjes Sociale,Kapitulli 4,,Qendrore,Elbasan,Buxheti i Shtetit
ANG-0001175,KontratëNr-0001176,PRJ-003022,231,INST-0172,K91530017T,20800.0,Po,5,2026,Ministria e Brendshme,Kapitulli 1,,Qendrore,Korçë,Buxheti i Shtetit
ANG-0001176,KontratëNr-0001177,PRJ-003026,230,INST-0170,K41420001V,806500.0,Po,5,2026,Ministria e Bujqësisë dhe Zhvillimit Rural,Kapitulli 6,,SHA,Fier,Buxheti i Shtetit
ANG-0001177,KontratëNr-0001178,PRJ-003007,231,INST-0621,K42108801C,18898.0,Po,5,2026,Ministria e Shëndetësisë dhe Mbrojtjes Sociale,Kapitulli 6,,Qendrore,Korçë,Buxheti i Shtetit
ANG-0001178,KontratëNr-0001179,PRJ-003015,230,INST-0141,J91809007H,23717.0,Po,5,2026,Ministria e Shëndetësisë dhe Mbrojtjes Sociale,Kapitulli 4,,Vendore,Tiranë,Financim i huaj
ANG-0001179,KontratëNr-0001180,PRJ-003031,230,INST-0535,K41420001V,172000.0,Po,5,2026,Ministria e Bujqësisë dhe Zhvillimit Rural,Kapitulli 1,,Vendore,Vlorë,Të ardhura të trashiguara
ANG-0001180,,PRJ-002999,231,INST-0621,L71421032N,223700.0,Po,5,2026,Ministria e Infrastruktures dhe Energjisë,Kapitulli 5,,Vendore,Fier,Të ardhura të trashiguara
ANG-0001181,KontratëNr-0001182,PRJ-002988,231,INST-0624,K31528061N,92640.0,Po,5,2026,Ministria e Bujqësisë dhe Zhvillimit Rural,Kapitulli 6,,SHA,Elbasan,Buxheti i Shtetit
ANG-0001182,KontratëNr-0001183,PRJ-002998,230,INST-0099,K31521059M,595000.0,Po,5,2026,Ministria e Bujqësisë dhe Zhvillimit Rural,Kapitulli 6,,Vendore,Fier,Të ardhura të trashiguara
ANG-0001183,KontratëNr-0001184,PRJ-003000,231,INST-0099,J71907014E,248692.59,Po,5,2026,Ministria e Bujqësisë dhe Zhvillimit Rural,Kapitulli 7,,Qendrore,Korçë,Të ardhura të trashiguara
ANG-0001184,KontratëNr-0001185,PRJ-002987,230,INST-0098,,0.0,Po,5,2026,Ministria e Shëndetësisë dhe Mbrojtjes Sociale,Kapitulli 7,,Qendrore,Korçë,Të ardhura të trashiguara
ANG-0001185,KontratëNr-0001186,PRJ-002990,230,INST-0621,L82008020I,650000.0,Po,5,2026,Ministria e Brendshme,Kapitulli 1,,SHA,Tiranë,Financim i huaj
ANG-0001186,KontratëNr-0001187,PRJ-002992,230,INST-0621,L93303210A,120000.0,Po,5,2026,Ministria e Shëndetësisë dhe Mbrojtjes Sociale,Kapitulli 5,,Vendore,Durrës,Buxheti i Shtetit
ANG-0001187,KontratëNr-0001188,PRJ-002993,230,INST-0621,L01606034A,98000.0,Po,5,2026,Ministria e Arsimit dhe Sportit,Kapitulli 5,,Vendore,Korçë,Të ardhura të trashiguara
ANG-0001188,KontratëNr-0001189,PRJ-002994,231,INST-0621,M11721013L,5792.57,Po,5,2026,Ministria e Brendshme,Kapitulli 3,,SHA,Korçë,Financim i huaj
ANG-0001189,KontratëNr-0001190,PRJ-003001,230,INST-0098,,0.0,Po,5,2026,Ministria e Shëndetësisë dhe Mbrojtjes Sociale,Kapitulli 7,,Vendore,Tiranë,Financim i huaj
ANG-0001190,KontratëNr-0001191,PRJ-002995,231,INST-0655,K61516506H,373566.0,Po,5,2026,Ministria e Bujqësisë dhe Zhvillimit Rural,Kapitulli 7,,SHA,Shkodër,Të ardhura të trashiguara
ANG-0001191,KontratëNr-0001192,PRJ-002997,230,INST-0965,L41628006Q,84980.0,Po,5,2026,Ministria e Bujqësisë dhe Zhvillimit Rural,Kapitulli 5,,Qendrore,Tiranë,Buxheti i Shtetit
ANG-0001192,KontratëNr-0001193,PRJ-003012,231,INST-0139,L62302021Q,76850.0,Po,5,2026,Ministria e Brendshme,Kapitulli 5,,Vendore,Tiranë,Të ardhura të trashiguara
ANG-0001193,KontratëNr-0001194,PRJ-002986,231,INST-0621,L71715003C,295500.0,Po,5,2026,Ministria e Financave dhe Ekonomisë,Kapitulli 1,,Vendore,Korçë,Buxheti i Shtetit
ANG-0001194,KontratëNr-0001195,PRJ-002996,231,INST-0337,L51518015J,99636.0,Po,5,2026,Ministria e Infrastruktures dhe Energjisë,Kapitulli 4,,SHA,Shkodër,Financim i huaj
ANG-0001195,KontratëNr-0001196,PRJ-003011,230,INST-0139,K61611004I,11500.0,Po,5,2026,Ministria e Shëndetësisë dhe Mbrojtjes Sociale,Kapitulli 7,,SHA,Shkodër,Financim i huaj
ANG-0001196,KontratëNr-0001197,PRJ-002991,230,INST-0922,L64704601S,146900.0,Po,5,2026,Ministria e Financave dhe Ekonomisë,Kapitulli 1,,Qendrore,Elbasan,Të ardhura të trashiguara
ANG-0001197,,PRJ-002963,231,INST-0336,K11807008V,585044.0,Po,5,2026,Ministria e Shëndetësisë dhe Mbrojtjes Sociale,Kapitulli 5,,Vendore,Vlorë,Të ardhura të trashiguara
ANG-0001198,KontratëNr-0001199,PRJ-002967,231,INST-0099,L97818502K,100000.0,Po,5,2026,Ministria e Arsimit dhe Sportit,Kapitulli 1,,Qendrore,Elbasan,Financim i huaj
ANG-0001199,KontratëNr-0001200,PRJ-002968,230,INST-0099,K32621406F,168990.0,Po,5,2026,Ministria e Shëndetësisë dhe Mbrojtjes Sociale,Kapitulli 4,,Vendore,Vlorë,Financim i huaj
ANG-0001200,KontratëNr-0001201,PRJ-002969,231,INST-0099,J91524502R,166781000.0,Po,5,2026,Ministria e Bujqësisë dhe Zhvillimit Rural,Kapitulli 4,,SHA,Shkodër,Financim i huaj
ANG-0001201,KontratëNr-0001202,PRJ-002970,231,INST-0099,M31625003A,362000.0,Po,5,2026,Ministria e Bujqësisë dhe Zhvillimit Rural,Kapitulli 1,,Qendrore,Durrës,Financim i huaj
ANG-0001202,KontratëNr-0001203,PRJ-002971,230,INST-0099,L91418502J,187500.01,Po,5,2026,Ministria e Brendshme,Kapitulli 4,,SHA,Fier,Financim i huaj
ANG-0001203,KontratëNr-0001204,PRJ-002975,230,INST-0574,J72603129H,980000.0,Po,5,2026,Ministria e Shëndetësisë dhe Mbrojtjes Sociale,Kapitulli 2,,SHA,Vlorë,Financim i huaj
ANG-0001204,,PRJ-002976,231,INST-0621,K16604717F,221900.0,Po,5,2026,Ministria e Shëndetësisë dhe Mbrojtjes Sociale,Kapitulli 7,,SHA,Shkodër,Financim i huaj
ANG-0001205,KontratëNr-0001206,PRJ-002977,231,INST-0621,M02415002E,708600.0,Po,5,2026,Ministria e Bujqësisë dhe Zhvillimit Rural,Kapitulli 6,,Qendrore,Vlorë,Financim i huaj
ANG-0001206,KontratëNr-0001207,PRJ-002978,231,INST-0621,K66801001T,990000.0,Po,5,2026,Ministria e Bujqësisë dhe Zhvillimit Rural,Kapitulli 5,,SHA,Vlorë,Të ardhura të trashiguara
ANG-0001207,KontratëNr-0001208,PRJ-002979,231,INST-0621,K41926801W,980000.0,Po,5,2026,Ministria e Financave dhe Ekonomisë,Kapitulli 7,,Qendrore,Elbasan,Buxheti i Shtetit
ANG-0001208,KontratëNr-0001209,PRJ-002980,231,INST-0621,K31329048I,1645300.0,Po,5,2026,Ministria e Arsimit dhe Sportit,Kapitulli 3,,Vendore,Korçë,Buxheti i Shtetit
ANG-0001209,KontratëNr-0001210,PRJ-002981,230,INST-0134,M53319201J,615450.0,Po,5,2026,Ministria e Infrastruktures dhe Energjisë,Kapitulli 6,,SHA,Tiranë,Financim i huaj
ANG-0001210,KontratëNr-0001211,PRJ-002973,231,INST-0621,J62426002Q,83000.0,Po,5,2026,Ministria e Shëndetësisë dhe Mbrojtjes Sociale,Kapitulli 1,,Vendore,Fier,Të ardhura të trashiguara
ANG-0001211,KontratëNr-0001212,PRJ-002961,230,INST-1002,K41425042N,110000.0,Po,5,2026,Ministria e Financave dhe Ekonomisë,Kapitulli 5,,Qendrore,Fier,Financim i huaj
ANG-0001212,KontratëNr-0001213,PRJ-002964,230,INST-1002,K32725211G,175200.0,Po,5,2026,Ministria e Arsimit dhe Sportit,Kapitulli 6,,SHA,Vlorë,Financim i huaj
ANG-0001213,,PRJ-002966,230,INST-0621,M52223043K,785000.0,Po,5,2026,Ministria e Infrastruktures dhe Energjisë,Kapitulli 4,,Qendrore,Durrës,Buxheti i Shtetit
ANG-0001214,KontratëNr-0001215,PRJ-002972,231,INST-0621,M52116034T,290000.0,Po,5,2026,Ministria e Infrastruktures dhe Energjisë,Kapitulli 5,,Vendore,Vlorë,Financim i huaj
ANG-0001215,KontratëNr-0001216,PRJ-002965,230,INST-0057,L57213019T,69864.0,Po,5,2026,Ministria e Brendshme,Kapitulli 1,,Qendrore,Vlorë,Buxheti i Shtetit
ANG-0001216,KontratëNr-0001217,PRJ-002962,230,INST-0404,L13329801V,3053501.0,Po,5,2026,Ministria e Infrastruktures dhe Energjisë,Kapitulli 1,,Vendore,Vlorë,Të ardhura të trashiguara
ANG-0001217,KontratëNr-0001218,PRJ-002952,231,INST-0963,L21305035S,73357.92,Po,5,2026,Ministria e Shëndetësisë dhe Mbrojtjes Sociale,Kapitulli 5,,Qendrore,Tiranë,Buxheti i Shtetit
ANG-0001218,KontratëNr-0001219,PRJ-002954,231,INST-0129,M61402506F,119000.0,Po,5,2026,Ministria e Infrastruktures dhe Energjisë,Kapitulli 5,,SHA,Tiranë,Financim i huaj
ANG-0001219,KontratëNr-0001220,PRJ-002957,230,INST-0057,J64103475Q,7175675.0,Po,5,2026,Ministria e Bujqësisë dhe Zhvillimit Rural,Kapitulli 3,,Vendore,Korçë,Të ardhura të trashiguara
ANG-0001220,KontratëNr-0001221,PRJ-002956,231,INST-0453,J61901194M,100000.0,Po,5,2026,Ministria e Bujqësisë dhe Zhvillimit Rural,Kapitulli 5,,Vendore,Shkodër,Financim i huaj
ANG-0001221,,PRJ-002955,230,INST-0559,K81503063B,20204.0,Po,5,2026,Ministria e Financave dhe Ekonomisë,Kapitulli 1,,Qendrore,Shkodër,Të ardhura të trashiguara
ANG-0001222,KontratëNr-0001223,PRJ-002945,230,INST-0157,M52610204S,99900.0,Po,5,2026,Ministria e Financave dhe Ekonomisë,Kapitulli 5,,SHA,Korçë,Financim i huaj
ANG-0001223,KontratëNr-0001224,PRJ-002947,230,INST-0621,K61920009K,83333.0,Po,5,2026,Ministria e Infrastruktures dhe Energjisë,Kapitulli 6,,Vendore,Tiranë,Buxheti i Shtetit
ANG-0001224,KontratëNr-0001225,PRJ-002948,231,INST-0621,M52402068L,500000.0,Po,5,2026,Ministria e Financave dhe Ekonomisë,Kapitulli 2,,Vendore,Shkodër,Buxheti i Shtetit
ANG-0001225,KontratëNr-0001226,PRJ-002949,230,INST-0621,L47401203N,499987.0,Po,5,2026,Ministria e Financave dhe Ekonomisë,Kapitulli 4,,Vendore,Korçë,Buxheti i Shtetit
ANG-0001226,KontratëNr-0001227,PRJ-002925,230,INST-0621,M21611022E,36500.0,Po,5,2026,Ministria e Arsimit dhe Sportit,Kapitulli 3,,Qendrore,Fier,Të ardhura të trashiguara
ANG-0001227,KontratëNr-0001228,PRJ-002928,230,INST-0621,M41707006H,559000.0,Po,5,2026,Ministria e Bujqësisë dhe Zhvillimit Rural,Kapitulli 6,,Vendore,Tiranë,Buxheti i Shtetit
ANG-0001228,,PRJ-002941,231,INST-0621,M04619001D,66432.04,Po,5,2026,Ministria e Bujqësisë dhe Zhvillimit Rural,Kapitulli 6,,SHA,Vlorë,Financim i huaj
ANG-0001229,KontratëNr-0001230,PRJ-002942,230,INST-0621,L51622005C,104167.0,Po,5,2026,Ministria e Arsimit dhe Sportit,Kapitulli 5,,Qendrore,Durrës,Buxheti i Shtetit
ANG-0001230,,PRJ-002943,230,INST-0342,K82231003A,150000.0,Po,5,2026,Ministria e Shëndetësisë dhe Mbrojtjes Sociale,Kapitulli 5,,Vendore,Vlorë,Të ardhura të trashiguara
ANG-0001231,KontratëNr-0001232,PRJ-002944,230,INST-1005,K91628009V,5950.0,Po,5,2026,Ministria e Infrastruktures dhe Energjisë,Kapitulli 6,,SHA,Korçë,Financim i huaj
ANG-0001232,KontratëNr-0001233,PRJ-002946,230,INST-0621,K41420001V,14418.0,Po,5,2026,Ministria e Infrastruktures dhe Energjisë,Kapitulli 5,,Qendrore,Tiranë,Buxheti i Shtetit
ANG-0001233,KontratëNr-0001234,PRJ-002910,231,INST-0621,,0.0,Po,5,2026,Ministria e Arsimit dhe Sportit,Kapitulli 7,,SHA,Tiranë,Financim i huaj
ANG-0001234,,PRJ-002911,231,INST-0621,L96611004A,66666.0,Po,5,2026,Ministria e Financave dhe Ekonomisë,Kapitulli 2,,Qendrore,Elbasan,Buxheti i Shtetit
ANG-0001235,KontratëNr-0001236,PRJ-002913,230,INST-0157,L64214802E,175000.0,Po,5,2026,Ministria e Shëndetësisë dhe Mbrojtjes Sociale,Kapitulli 5,,Qendrore,Elbasan,Buxheti i Shtetit
ANG-0001236,KontratëNr-0001237,PRJ-002915,231,INST-0099,J63423463I,30410242.0,Po,5,2026,Ministria e Shëndetësisë dhe Mbrojtjes Sociale,Kapitulli 6,,SHA,Shkodër,Të ardhura të trashiguara
ANG-0001237,,PRJ-002908,230,INST-0982,K32203002I,420650.0,Po,5,2026,Ministria e Arsimit dhe Sportit,Kapitulli 7,,Vendore,Elbasan,Buxheti i Shtetit
ANG-0001238,KontratëNr-0001239,PRJ-002914,231,INST-0965,J61814009W,323600.0,Po,5,2026,Ministria e Financave dhe Ekonomisë,Kapitulli 4,,Qendrore,Vlorë,Të ardhura të trashiguara
ANG-0001239,KontratëNr-0001240,PRJ-002916,230,INST-0332,K16604717F,305000.0,Po,5,2026,Ministria e Shëndetësisë dhe Mbrojtjes Sociale,Kapitulli 1,,Qendrore,Vlorë,Buxheti i Shtetit
ANG-0001240,KontratëNr-0001241,PRJ-002909,231,INST-0496,L71325019D,236402.0,Po,5,2026,Ministria e Infrastruktures dhe Energjisë,Kapitulli 3,,Vendore,Vlorë,Të ardhura të trashiguara
ANG-0001241,,PRJ-002912,230,INST-1004,K67917806I,309500.0,Po,5,2026,Ministria e Arsimit dhe Sportit,Kapitulli 5,,Qendrore,Tiranë,Buxheti i Shtetit
ANG-0001242,KontratëNr-0001243,PRJ-002888,230,INST-0636,L71921002H,36250.0,Po,5,2026,Ministria e Bujqësisë dhe Zhvillimit Rural,Kapitulli 5,,Qendrore,Vlorë,Financim i huaj
ANG-0001243,KontratëNr-0001244,PRJ-002889,231,INST-0624,K12201002T,142400.0,Po,5,2026,Ministria e Infrastruktures dhe Energjisë,Kapitulli 2,,Qendrore,Tiranë,Financim i huaj
ANG-0001244,,PRJ-002892,230,INST-0057,L73622401A,97583.0,Po,5,2026,Ministria e Infrastruktures dhe Energjisë,Kapitulli 7,,Qendrore,Korçë,Të ardhura të trashiguara
ANG-0001245,KontratëNr-0001246,PRJ-002895,230,INST-0621,K62320012O,14000.0,Po,5,2026,Ministria e Bujqësisë dhe Zhvillimit Rural,Kapitulli 1,,Qendrore,Shkodër,Të ardhura të trashiguara
ANG-0001246,KontratëNr-0001247,PRJ-002899,231,INST-0624,M48110601O,99000.0,Po,5,2026,Ministria e Bujqësisë dhe Zhvillimit Rural,Kapitulli 7,,Vendore,Elbasan,Financim i huaj
ANG-0001247,KontratëNr-0001248,PRJ-002900,230,INST-0624,K36306934K,23333.0,Po,5,2026,Ministria e Bujqësisë dhe Zhvillimit Rural,Kapitulli 1,,Vendore,Tiranë,Të ardhura të trashiguara
ANG-0001248,KontratëNr-0001249,PRJ-002901,230,INST-0624,K47103804L,6348434.19,Po,5,2026,Ministria e Shëndetësisë dhe Mbrojtjes Sociale,Kapitulli 1,,Qendrore,Fier,Buxheti i Shtetit
ANG-0001249,,PRJ-002894,230,INST-0621,J97201201R,99900.0,Po,5,2026,Ministria e Shëndetësisë dhe Mbrojtjes Sociale,Kapitulli 5,,Qendrore,Elbasan,Të ardhura të trashiguara
ANG-0001250,KontratëNr-0001251,PRJ-002893,230,INST-0134,K11324003F,349000.0,Po,5,2026,Ministria e Brendshme,Kapitulli 3,,Vendore,Durrës,Financim i huaj
ANG-0001251,KontratëNr-0001252,PRJ-002891,230,INST-1007,M02012007R,126800.0,Po,5,2026,Ministria e Infrastruktures dhe Energjisë,Kapitulli 5,,Vendore,Durrës,Të ardhura të trashiguara
ANG-0001252,KontratëNr-0001253,PRJ-002896,231,INST-0562,K66801001T,404700.0,Po,5,2026,Ministria e Shëndetësisë dhe Mbrojtjes Sociale,Kapitulli 5,,Qendrore,Fier,Të ardhura të trashiguara
ANG-0001253,KontratëNr-0001254,PRJ-002897,231,INST-0961,K31528061N,494000.0,Po,5,2026,Ministria e Bujqësisë dhe Zhvillimit Rural,Kapitulli 4,,Qendrore,Tiranë,Buxheti i Shtetit
ANG-0001254,KontratëNr-0001255,PRJ-002898,230,INST-0621,K62320012O,41000.0,Po,5,2026,Ministria e Arsimit dhe Sportit,Kapitulli 7,,Vendore,Shkodër,Buxheti i Shtetit
ANG-0001255,KontratëNr-0001256,PRJ-002890,230,INST-0916,L01508026P,16000.0,Po,5,2026,Ministria e Brendshme,Kapitulli 4,,Vendore,Elbasan,Të ardhura të trashiguara
ANG-0001256,KontratëNr-0001257,PRJ-002861,231,INST-1011,L01508005Q,244000.0,Po,5,2026,Ministria e Infrastruktures dhe Energjisë,Kapitulli 2,,SHA,Korçë,Buxheti i Shtetit
ANG-0001257,KontratëNr-0001258,PRJ-002865,231,INST-0566,K32508805W,100000.0,Po,5,2026,Ministria e Arsimit dhe Sportit,Kapitulli 1,,Qendrore,Korçë,Financim i huaj
ANG-0001258,KontratëNr-0001259,PRJ-002866,230,INST-0566,K31528061N,156000.0,Po,5,2026,Ministria e Brendshme,Kapitulli 7,,SHA,Shkodër,Financim i huaj
ANG-0001259,,PRJ-002867,231,INST-0566,K66801001T,284375.0,Po,6,2026,Ministria e Bujqësisë dhe Zhvillimit Rural,Kapitulli 3,,Vendore,Vlorë,Buxheti i Shtetit
ANG-0001260,KontratëNr-0001261,PRJ-002868,230,INST-0566,K41420001V,62500.0,Po,6,2026,Ministria e Financave dhe Ekonomisë,Kapitulli 5,,Qendrore,Korçë,Të ardhura të trashiguara
ANG-0001261,KontratëNr-0001262,PRJ-002877,231,INST-0621,K16513001T,180000.0,Po,6,2026,Ministria e Brendshme,Kapitulli 6,,SHA,Tiranë,Buxheti i Shtetit
ANG-0001262,KontratëNr-0001263,PRJ-002880,230,INST-0928,L62311016C,103900.0,Po,6,2026,Ministria e Brendshme,Kapitulli 5,,Vendore,Fier,Financim i huaj
ANG-0001263,KontratëNr-0001264,PRJ-002874,230,INST-0621,L96611004A,319000.0,Po,6,2026,Ministria e Shëndetësisë dhe Mbrojtjes Sociale,Kapitulli 7,,SHA,Fier,Buxheti i Shtetit
ANG-0001264,KontratëNr-0001265,PRJ-002879,230,INST-0626,K33710769Q,14976.0,Po,6,2026,Ministria e Arsimit dhe Sportit,Kapitulli 7,,SHA,Vlorë,Buxheti i Shtetit
ANG-0001265,KontratëNr-0001266,PRJ-002862,231,INST-0453,M21517029S,58900.0,Po,6,2026,Ministria e Brendshme,Kapitulli 1,,SHA,Durrës,Të ardhura të trashiguara
ANG-0001266,KontratëNr-0001267,PRJ-002863,230,INST-0065,L32405034Q,275000.0,Po,6,2026,Ministria e Arsimit dhe Sportit,Kapitulli 5,,Vendore,Shkodër,Buxheti i Shtetit
ANG-0001267,KontratëNr-0001268,PRJ-002871,230,INST-0169,K82731805K,15333336.0,Po,6,2026,Ministria e Arsimit dhe Sportit,Kapitulli 1,,SHA,Tiranë,Financim i huaj
ANG-0001268,KontratëNr-0001269,PRJ-002873,231,INST-0925,M52311039R,117700.0,Po,6,2026,Ministria e Bujqësisë dhe Zhvillimit Rural,Kapitulli 4,,Qendrore,Fier,Financim i huaj
ANG-0001269,KontratëNr-0001270,PRJ-002875,231,INST-0961,L32224041T,98000.0,Po,6,2026,Ministria e Arsimit dhe Sportit,Kapitulli 7,,SHA,Korçë,Buxheti i Shtetit
ANG-0001270,,PRJ-002876,231,INST-0175,L47201206I,100000.0,Po,6,2026,Ministria e Arsimit dhe Sportit,Kapitulli 2,,SHA,Korçë,Të ardhura të trashiguara
ANG-0001271,KontratëNr-0001272,PRJ-002878,231,INST-0569,L87201401H,2480000.0,Po,6,2026,Ministria e Brendshme,Kapitulli 7,,Vendore,Elbasan,Financim i huaj
ANG-0001272,KontratëNr-0001273,PRJ-002882,231,INST-0175,M51310002C,617000.0,Po,6,2026,Ministria e Shëndetësisë dhe Mbrojtjes Sociale,Kapitulli 6,,Qendrore,Korçë,Të ardhura të trashiguara
ANG-0001273,KontratëNr-0001274,PRJ-002857,231,INST-0364,M52213505B,79980.0,Po,6,2026,Ministria e Financave dhe Ekonomisë,Kapitulli 5,,Qendrore,Elbasan,Financim i huaj
ANG-0001274,KontratëNr-0001275,PRJ-002859,230,INST-0364,K36306934K,60000.0,Po,6,2026,Ministria e Arsimit dhe Sportit,Kapitulli 4,,Qendrore,Fier,Të ardhura të trashiguara
ANG-0001275,KontratëNr-0001276,PRJ-002860,231,INST-0364,M26620203T,178200.0,Po,6,2026,Ministria e Infrastruktures dhe Energjisë,Kapitulli 1,,SHA,Vlorë,Buxheti i Shtetit
ANG-0001276,KontratëNr-0001277,PRJ-002864,231,INST-0364,K62320012O,285500.0,Po,6,2026,Ministria e Financave dhe Ekonomisë,Kapitulli 4,,SHA,Durrës,Të ardhura të trashiguara
ANG-0001277,KontratëNr-0001278,PRJ-002869,230,INST-0056,K31516061W,97458.33,Po,6,2026,Ministria e Arsimit dhe Sportit,Kapitulli 2,,Vendore,Durrës,Të ardhura të trashiguara
ANG-0001278,KontratëNr-0001279,PRJ-002872,230,INST-0535,L82008020I,470000.0,Po,6,2026,Ministria e Arsimit dhe Sportit,Kapitulli 7,,Vendore,Shkodër,Të ardhura të trashiguara
ANG-0001279,KontratëNr-0001280,PRJ-002881,230,INST-0960,M01419502G,96900.0,Po,6,2026,Ministria e Infrastruktures dhe Energjisë,Kapitulli 5,,Qendrore,Fier,Të ardhura të trashiguara
ANG-0001280,KontratëNr-0001281,PRJ-002842,231,INST-0057,K21511002I,306150.0,Po,6,2026,Ministria e Brendshme,Kapitulli 7,,Vendore,Fier,Financim i huaj
ANG-0001281,KontratëNr-0001282,PRJ-002852,230,INST-0126,M21517029S,334900.0,Po,6,2026,Ministria e Financave dhe Ekonomisë,Kapitulli 4,,SHA,Durrës,Financim i huaj
ANG-0001282,KontratëNr-0001283,PRJ-002850,230,INST-0098,L42215015J,21250.0,Po,6,2026,Ministria e Bujqësisë dhe Zhvillimit Rural,Kapitulli 6,,Vendore,Durrës,Të ardhura të trashiguara
ANG-0001283,,PRJ-002851,230,INST-0098,J62903750A,620000.0,Po,6,2026,Ministria e Brendshme,Kapitulli 6,,Qendrore,Elbasan,Financim i huaj
ANG-0001284,KontratëNr-0001285,PRJ-002841,231,INST-0044,K91425009A,299730.0,Po,6,2026,Ministria e Bujqësisë dhe Zhvillimit Rural,Kapitulli 1,,SHA,Fier,Të ardhura të trashiguara
ANG-0001285,KontratëNr-0001286,PRJ-002844,230,INST-0621,L01508026P,59650.0,Po,6,2026,Ministria e Shëndetësisë dhe Mbrojtjes Sociale,Kapitulli 5,,SHA,Tiranë,Buxheti i Shtetit
ANG-0001286,KontratëNr-0001287,PRJ-002845,231,INST-0621,K01529003M,30000.0,Po,6,2026,Ministria e Infrastruktures dhe Energjisë,Kapitulli 1,,Vendore,Tiranë,Të ardhura të trashiguara
ANG-0001287,KontratëNr-0001288,PRJ-002853,230,INST-0136,K91530017T,28600.0,Po,6,2026,Ministria e Arsimit dhe Sportit,Kapitulli 6,,Qendrore,Fier,Buxheti i Shtetit
ANG-0001288,KontratëNr-0001289,PRJ-002854,230,INST-0136,L91323013Q,95.0,Po,6,2026,Ministria e Financave dhe Ekonomisë,Kapitulli 5,,Vendore,Korçë,Buxheti i Shtetit
ANG-0001289,KontratëNr-0001290,PRJ-002848,230,INST-0889,K87628701K,409237.88,Po,6,2026,Ministria e Bujqësisë dhe Zhvillimit Rural,Kapitulli 4,,Qendrore,Elbasan,Buxheti i Shtetit
ANG-0001290,KontratëNr-0001291,PRJ-002849,231,INST-0621,L91612011A,4950.0,Po,6,2026,Ministria e Brendshme,Kapitulli 7,,SHA,Durrës,Buxheti i Shtetit
ANG-0001291,KontratëNr-0001292,PRJ-002846,230,INST-0436,K99302401T,99000.0,Po,6,2026,Ministria e Brendshme,Kapitulli 4,,SHA,Tiranë,Financim i huaj
ANG-0001292,KontratëNr-0001293,PRJ-002830,231,INST-0624,L41726016Q,368400.0,Po,6,2026,Ministria e Arsimit dhe Sportit,Kapitulli 3,,Vendore,Durrës,Financim i huaj
ANG-0001293,KontratëNr-0001294,PRJ-002826,231,INST-0151,K66801001T,467500.0,Po,6,2026,Ministria e Bujqësisë dhe Zhvillimit Rural,Kapitulli 3,,Qendrore,Tiranë,Buxheti i Shtetit
ANG-0001294,KontratëNr-0001295,PRJ-002832,230,INST-0134,K71819029R,12500.0,Po,6,2026,Ministria e Arsimit dhe Sportit,Kapitulli 1,,Vendore,Durrës,Buxheti i Shtetit
ANG-0001295,KontratëNr-0001296,PRJ-002827,231,INST-0061,L81512021D,399990.0,Po,6,2026,Ministria e Arsimit dhe Sportit,Kapitulli 5,,SHA,Durrës,Buxheti i Shtetit
ANG-0001296,KontratëNr-0001297,PRJ-002824,230,INST-0337,J61814028F,24500.0,Po,6,2026,Ministria e Financave dhe Ekonomisë,Kapitulli 6,,Vendore,Vlorë,Buxheti i Shtetit
ANG-0001297,KontratëNr-0001298,PRJ-002816,230,INST-0621,J91809007H,630000.0,Po,6,2026,Ministria e Arsimit dhe Sportit,Kapitulli 3,,Vendore,Korçë,Financim i huaj
ANG-0001298,KontratëNr-0001299,PRJ-002815,231,INST-0151,J66902008N,368900.0,Po,6,2026,Ministria e Infrastruktures dhe Energjisë,Kapitulli 5,,Qendrore,Shkodër,Financim i huaj
ANG-0001299,,PRJ-002817,230,INST-0338,M41824506K,589900.0,Po,6,2026,Ministria e Brendshme,Kapitulli 4,,Qendrore,Korçë,Financim i huaj
ANG-0001300,KontratëNr-0001301,PRJ-002818,230,INST-0135,K13909401G,243600.0,Po,6,2026,Ministria e Financave dhe Ekonomisë,Kapitulli 7,,Qendrore,Shkodër,Buxheti i Shtetit
ANG-0001301,KontratëNr-0001302,PRJ-002819,230,INST-0168,M51812029F,99800.0,Po,6,2026,Ministria e Financave dhe Ekonomisë,Kapitulli 7,,SHA,Shkodër,Të ardhura të trashiguara
ANG-0001302,KontratëNr-0001303,PRJ-002820,230,INST-0156,K62320012O,43750.0,Po,6,2026,Ministria e Bujqësisë dhe Zhvillimit Rural,Kapitulli 6,,Vendore,Durrës,Buxheti i Shtetit
ANG-0001303,KontratëNr-0001304,PRJ-002814,230,INST-0436,K62320012O,91000.0,Po,6,2026,Ministria e Arsimit dhe Sportit,Kapitulli 2,,SHA,Elbasan,Buxheti i Shtetit
ANG-0001304,KontratëNr-0001305,PRJ-002793,230,INST-0621,K74623801H,8000.0,Po,6,2026,Ministria e Arsimit dhe Sportit,Kapitulli 7,,SHA,Korçë,Financim i huaj
ANG-0001305,KontratëNr-0001306,PRJ-002792,230,INST-0057,,0.0,Po,6,2026,Ministria e Brendshme,Kapitulli 7,,Vendore,Tiranë,Financim i huaj
ANG-0001306,KontratëNr-0001307,PRJ-002799,230,INST-0057,K82215016U,59000.0,Po,6,2026,Ministria e Brendshme,Kapitulli 1,,Vendore,Elbasan,Buxheti i Shtetit
ANG-0001307,KontratëNr-0001308,PRJ-002802,231,INST-0172,J62426002Q,249900.0,Po,6,2026,Ministria e Infrastruktures dhe Energjisë,Kapitulli 7,,SHA,Elbasan,Të ardhura të trashiguara
ANG-0001308,,PRJ-002794,230,INST-0156,M44805601C,50000.0,Po,6,2026,Ministria e Financave dhe Ekonomisë,Kapitulli 5,,SHA,Fier,Të ardhura të trashiguara
ANG-0001309,,PRJ-002798,230,INST-0563,J61813529P,534499.0,Po,6,2026,Ministria e Bujqësisë dhe Zhvillimit Rural,Kapitulli 7,,SHA,Elbasan,Financim i huaj
ANG-0001310,KontratëNr-0001311,PRJ-002804,231,INST-0915,J99016203O,23827991.0,Po,6,2026,Ministria e Arsimit dhe Sportit,Kapitulli 7,,Vendore,Tiranë,Buxheti i Shtetit
ANG-0001311,KontratëNr-0001312,PRJ-002796,230,INST-0961,L01325010Q,91500.0,Po,6,2026,Ministria e Arsimit dhe Sportit,Kapitulli 5,,SHA,Elbasan,Buxheti i Shtetit
ANG-0001312,,PRJ-002800,231,INST-0169,M11714046V,99000.0,Po,6,2026,Ministria e Financave dhe Ekonomisë,Kapitulli 5,,Vendore,Elbasan,Buxheti i Shtetit
ANG-0001313,KontratëNr-0001314,PRJ-002797,231,INST-0337,K42108801C,99.17,Po,6,2026,Ministria e Financave dhe Ekonomisë,Kapitulli 3,,SHA,Tiranë,Buxheti i Shtetit
ANG-0001314,KontratëNr-0001315,PRJ-002795,231,INST-0922,L41307020G,215000.0,Po,6,2026,Ministria e Financave dhe Ekonomisë,Kapitulli 5,,Qendrore,Elbasan,Të ardhura të trashiguara
ANG-0001315,KontratëNr-0001316,PRJ-002777,230,INST-0621,J87602809S,41645704.8,Po,6,2026,Ministria e Financave dhe Ekonomisë,Kapitulli 2,,SHA,Elbasan,Financim i huaj
ANG-0001316,KontratëNr-0001317,PRJ-002774,230,INST-0621,L13726601G,67000.0,Po,6,2026,Ministria e Bujqësisë dhe Zhvillimit Rural,Kapitulli 3,,Vendore,Korçë,Financim i huaj
ANG-0001317,KontratëNr-0001318,PRJ-002778,230,INST-0621,L11326001A,145550.0,Po,6,2026,Ministria e Shëndetësisë dhe Mbrojtjes Sociale,Kapitulli 7,,Qendrore,Vlorë,Financim i huaj
ANG-0001318,KontratëNr-0001319,PRJ-002779,231,INST-0621,L13726601G,67000.0,Po,6,2026,Ministria e Bujqësisë dhe Zhvillimit Rural,Kapitulli 6,,Qendrore,Tiranë,Financim i huaj
ANG-0001319,KontratëNr-0001320,PRJ-002780,230,INST-0621,L11326001A,139550.0,Po,6,2026,Ministria e Brendshme,Kapitulli 3,,Vendore,Korçë,Të ardhura të trashiguara
ANG-0001320,KontratëNr-0001321,PRJ-002782,230,INST-0172,M01321501F,48800.0,Po,6,2026,Ministria e Brendshme,Kapitulli 3,,Vendore,Shkodër,Buxheti i Shtetit
ANG-0001321,,PRJ-002771,231,INST-0621,M11313029O,200000.0,Po,6,2026,Ministria e Arsimit dhe Sportit,Kapitulli 7,,SHA,Vlorë,Financim i huaj
ANG-0001322,KontratëNr-0001323,PRJ-002772,230,INST-0621,K62320012O,3500.0,Po,6,2026,Ministria e Brendshme,Kapitulli 1,,Qendrore,Elbasan,Buxheti i Shtetit
ANG-0001323,KontratëNr-0001324,PRJ-002776,231,INST-0961,K46523066Q,115200.0,Po,6,2026,Ministria e Brendshme,Kapitulli 4,,Vendore,Vlorë,Të ardhura të trashiguara
ANG-0001324,KontratëNr-0001325,PRJ-002773,231,INST-0337,L58604901R,43750.0,Po,6,2026,Ministria e Financave dhe Ekonomisë,Kapitulli 4,,Vendore,Tiranë,Të ardhura të trashiguara
ANG-0001325,KontratëNr-0001326,PRJ-002781,231,INST-0156,L82916601N,250000.0,Po,6,2026,Ministria e Infrastruktures dhe Energjisë,Kapitulli 7,,Qendrore,Fier,Financim i huaj
ANG-0001326,KontratëNr-0001327,PRJ-002748,230,INST-0126,M22702001L,99230.0,Po,6,2026,Ministria e Infrastruktures dhe Energjisë,Kapitulli 2,,Qendrore,Fier,Të ardhura të trashiguara
ANG-0001327,KontratëNr-0001328,PRJ-002752,230,INST-0621,L71325019D,198500.0,Po,6,2026,Ministria e Arsimit dhe Sportit,Kapitulli 7,,SHA,Fier,Financim i huaj
ANG-0001328,KontratëNr-0001329,PRJ-002755,230,INST-0621,L91418502J,135000.0,Po,6,2026,Ministria e Brendshme,Kapitulli 1,,Qendrore,Durrës,Financim i huaj
ANG-0001329,KontratëNr-0001330,PRJ-002751,231,INST-0621,K12201002T,182482.0,Po,6,2026,Ministria e Arsimit dhe Sportit,Kapitulli 6,,Vendore,Shkodër,Buxheti i Shtetit
ANG-0001330,KontratëNr-0001331,PRJ-002756,230,INST-0172,M31316031U,216500.0,Po,6,2026,Ministria e Arsimit dhe Sportit,Kapitulli 4,,SHA,Tiranë,Të ardhura të trashiguara
ANG-0001331,KontratëNr-0001332,PRJ-002757,231,INST-0136,K31528061N,54240.0,Po,6,2026,Ministria e Shëndetësisë dhe Mbrojtjes Sociale,Kapitulli 4,,Qendrore,Fier,Buxheti i Shtetit
ANG-0001332,KontratëNr-0001333,PRJ-002747,231,INST-0337,L76414203K,13467.0,Po,6,2026,Ministria e Arsimit dhe Sportit,Kapitulli 6,,Qendrore,Tiranë,Financim i huaj
ANG-0001333,KontratëNr-0001334,PRJ-002744,230,INST-0970,J91329003O,204200.0,Po,6,2026,Ministria e Arsimit dhe Sportit,Kapitulli 5,,Qendrore,Korçë,Financim i huaj
ANG-0001334,KontratëNr-0001335,PRJ-002745,231,INST-0970,L76513002L,99900.0,Po,6,2026,Ministria e Bujqësisë dhe Zhvillimit Rural,Kapitulli 1,,SHA,Tiranë,Financim i huaj
ANG-0001335,KontratëNr-0001336,PRJ-002746,231,INST-0970,J61901194M,100000.0,Po,6,2026,Ministria e Bujqësisë dhe Zhvillimit Rural,Kapitulli 7,,SHA,Elbasan,Të ardhura të trashiguara
ANG-0001336,KontratëNr-0001337,PRJ-002749,230,INST-0148,M06916701U,99700.0,Po,6,2026,Ministria e Arsimit dhe Sportit,Kapitulli 2,,SHA,Elbasan,Financim i huaj
ANG-0001337,KontratëNr-0001338,PRJ-002731,230,INST-0621,L22218008Q,218000.0,Po,6,2026,Ministria e Shëndetësisë dhe Mbrojtjes Sociale,Kapitulli 5,,Vendore,Korçë,Të ardhura të trashiguara
ANG-0001338,KontratëNr-0001339,PRJ-002732,231,INST-0087,K21405001N,19050.0,Po,6,2026,Ministria e Financave dhe Ekonomisë,Kapitulli 1,,Vendore,Shkodër,Financim i huaj
ANG-0001339,KontratëNr-0001340,PRJ-002733,231,INST-0424,K41926801W,29569.0,Po,6,2026,Ministria e Financave dhe Ekonomisë,Kapitulli 4,,Vendore,Tiranë,Buxheti i Shtetit
ANG-0001340,KontratëNr-0001341,PRJ-002734,231,INST-0424,M32407021T,469900.0,Po,6,2026,Ministria e Shëndetësisë dhe Mbrojtjes Sociale,Kapitulli 2,,Qendrore,Korçë,Të ardhura të trashiguara
ANG-0001341,KontratëNr-0001342,PRJ-002735,230,INST-0424,M51414009M,522336.11,Po,6,2026,Ministria e Infrastruktures dhe Energjisë,Kapitulli 4,,Qendrore,Durrës,Financim i huaj
ANG-0001342,KontratëNr-0001343,PRJ-002736,231,INST-0963,J72124001N,250000.0,Po,6,2026,Ministria e Financave dhe Ekonomisë,Kapitulli 6,,SHA,Korçë,Financim i huaj
ANG-0001343,KontratëNr-0001344,PRJ-002737,230,INST-0566,M42203017M,248000.0,Po,6,2026,Ministria e Arsimit dhe Sportit,Kapitulli 6,,Vendore,Durrës,Buxheti i Shtetit
ANG-0001344,KontratëNr-0001345,PRJ-002738,231,INST-1035,L82029503P,142000.0,Po,6,2026,Ministria e Infrastruktures dhe Energjisë,Kapitulli 3,,SHA,Durrës,Buxheti i Shtetit
ANG-0001345,KontratëNr-0001346,PRJ-002739,230,INST-0424,M11313029O,1229780.0,Po,6,2026,Ministria e Infrastruktures dhe Energjisë,Kapitulli 1,,SHA,Vlorë,Buxheti i Shtetit
ANG-0001346,KontratëNr-0001347,PRJ-002740,230,INST-0969,J66902033R,99900.0,Po,6,2026,Ministria e Brendshme,Kapitulli 3,,Qendrore,Korçë,Financim i huaj
ANG-0001347,KontratëNr-0001348,PRJ-002685,230,INST-0621,M32107014E,120835.0,Po,6,2026,Ministria e Infrastruktures dhe Energjisë,Kapitulli 4,,Qendrore,Korçë,Të ardhura të trashiguara
ANG-0001348,KontratëNr-0001349,PRJ-002686,231,INST-0621,K24010212N,445060.0,Po,6,2026,Ministria e Bujqësisë dhe Zhvillimit Rural,Kapitulli 5,,SHA,Fier,Buxheti i Shtetit
ANG-0001349,KontratëNr-0001350,PRJ-002687,231,INST-0621,M02403014N,889820.0,Po,6,2026,Ministria e Bujqësisë dhe Zhvillimit Rural,Kapitulli 1,,SHA,Shkodër,Buxheti i Shtetit
ANG-0001350,KontratëNr-0001351,PRJ-002692,230,INST-0621,K62404012G,488000.0,Po,6,2026,Ministria e Financave dhe Ekonomisë,Kapitulli 7,,Qendrore,Durrës,Financim i huaj
ANG-0001351,KontratëNr-0001352,PRJ-002695,231,INST-0621,K71707007Q,1944000.0,Po,6,2026,Ministria e Arsimit dhe Sportit,Kapitulli 5,,Qendrore,Vlorë,Të ardhura të trashiguara
ANG-0001352,KontratëNr-0001353,PRJ-002699,231,INST-0621,L87312201H,271939.63,Po,6,2026,Ministria e Shëndetësisë dhe Mbrojtjes Sociale,Kapitulli 3,,Vendore,Vlorë,Buxheti i Shtetit
ANG-0001353,KontratëNr-0001354,PRJ-002701,231,INST-0621,M46915401B,429990.0,Po,6,2026,Ministria e Shëndetësisë dhe Mbrojtjes Sociale,Kapitulli 7,,Vendore,Vlorë,Të ardhura të trashiguara
ANG-0001354,KontratëNr-0001355,PRJ-002704,230,INST-0621,K01421002H,186550.0,Po,6,2026,Ministria e Brendshme,Kapitulli 3,,SHA,Shkodër,Të ardhura të trashiguara
ANG-0001355,KontratëNr-0001356,PRJ-002707,231,INST-0621,J91809007H,480000.0,Po,6,2026,Ministria e Infrastruktures dhe Energjisë,Kapitulli 2,,Qendrore,Vlorë,Buxheti i Shtetit
ANG-0001356,KontratëNr-0001357,PRJ-002708,230,INST-0621,L48720101F,720000.0,Po,6,2026,Ministria e Bujqësisë dhe Zhvillimit Rural,Kapitulli 6,,Qendrore,Elbasan,Buxheti i Shtetit
ANG-0001357,KontratëNr-0001358,PRJ-002718,230,INST-0621,L12107043O,143760.0,Po,6,2026,Ministria e Shëndetësisë dhe Mbrojtjes Sociale,Kapitulli 2,,Qendrore,Elbasan,Buxheti i Shtetit
ANG-0001358,KontratëNr-0001359,PRJ-002728,230,INST-0621,K87706601M,15452724.6,Po,6,2026,Ministria e Bujqësisë dhe Zhvillimit Rural,Kapitulli 7,,Vendore,Vlorë,Të ardhura të trashiguara
ANG-0001359,KontratëNr-0001360,PRJ-002729,230,INST-0621,L82203011N,735000.0,Po,6,2026,Ministria e Shëndetësisë dhe Mbrojtjes Sociale,Kapitulli 1,,Qendrore,Fier,Të ardhura të trashiguara
ANG-0001360,KontratëNr-0001361,PRJ-002730,231,INST-0621,M47005702V,632000.0,Po,6,2026,Ministria e Bujqësisë dhe Zhvillimit Rural,Kapitulli 5,,Vendore,Vlorë,Buxheti i Shtetit
ANG-0001361,KontratëNr-0001362,PRJ-002684,230,INST-0407,M48110601O,158900.0,Po,6,2026,Ministria e Shëndetësisë dhe Mbrojtjes Sociale,Kapitulli 2,,Vendore,Durrës,Buxheti i Shtetit
ANG-0001362,KontratëNr-0001363,PRJ-002395,230,INST-0126,,0.0,Po,6,2026,Ministria e Brendshme,Kapitulli 5,,SHA,Korçë,Financim i huaj
ANG-0001363,KontratëNr-0001364,PRJ-002396,231,INST-0126,L87312201H,4128.5,Po,6,2026,Ministria e Brendshme,Kapitulli 5,,SHA,Fier,Buxheti i Shtetit
ANG-0001364,,PRJ-002399,231,INST-0621,K81607050Q,28278.0,Po,6,2026,Ministria e Bujqësisë dhe Zhvillimit Rural,Kapitulli 7,,Qendrore,Durrës,Buxheti i Shtetit
ANG-0001365,KontratëNr-0001366,PRJ-002400,231,INST-0621,L41726016Q,30000.0,Po,6,2026,Ministria e Infrastruktures dhe Energjisë,Kapitulli 7,,Qendrore,Tiranë,Financim i huaj
ANG-0001366,KontratëNr-0001367,PRJ-002401,230,INST-0621,,0.0,Po,6,2026,Ministria e Financave dhe Ekonomisë,Kapitulli 6,,SHA,Shkodër,Buxheti i Shtetit
ANG-0001367,KontratëNr-0001368,PRJ-002402,231,INST-0621,M47005702V,15000.0,Po,6,2026,Ministria e Shëndetësisë dhe Mbrojtjes Sociale,Kapitulli 2,,SHA,Vlorë,Financim i huaj
ANG-0001368,KontratëNr-0001369,PRJ-002403,231,INST-0621,K81607050Q,741.7,Po,6,2026,Ministria e Shëndetësisë dhe Mbrojtjes Sociale,Kapitulli 4,,Vendore,Korçë,Financim i huaj
ANG-0001369,KontratëNr-0001370,PRJ-002404,231,INST-0621,K72228008B,12168.0,Po,6,2026,Ministria e Bujqësisë dhe Zhvillimit Rural,Kapitulli 6,,SHA,Shkodër,Të ardhura të trashiguara
ANG-0001370,KontratëNr-0001371,PRJ-002405,230,INST-0621,L78611901I,97075.0,Po,6,2026,Ministria e Infrastruktures dhe Energjisë,Kapitulli 3,,Qendrore,Elbasan,Buxheti i Shtetit
ANG-0001371,KontratëNr-0001372,PRJ-002406,230,INST-0621,L71715003C,440000.0,Po,6,2026,Ministria e Infrastruktures dhe Energjisë,Kapitulli 2,,Vendore,Shkodër,Financim i huaj
ANG-0001372,KontratëNr-0001373,PRJ-002407,230,INST-0621,M07214203A,934000.0,Po,6,2026,Ministria e Bujqësisë dhe Zhvillimit Rural,Kapitulli 3,,Vendore,Elbasan,Të ardhura të trashiguara
ANG-0001373,KontratëNr-0001374,PRJ-002408,231,INST-0621,M53319201J,85000.0,Po,6,2026,Ministria e Shëndetësisë dhe Mbrojtjes Sociale,Kapitulli 2,,Vendore,Vlorë,Financim i huaj
ANG-0001374,KontratëNr-0001375,PRJ-002409,230,INST-0621,L59522404I,99500.0,Po,6,2026,Ministria e Arsimit dhe Sportit,Kapitulli 5,,Vendore,Shkodër,Financim i huaj
ANG-0001375,KontratëNr-0001376,PRJ-002410,230,INST-0621,K99003403I,81100.0,Po,6,2026,Ministria e Shëndetësisë dhe Mbrojtjes Sociale,Kapitulli 7,,Vendore,Fier,Të ardhura të trashiguara
ANG-0001376,KontratëNr-0001377,PRJ-002411,231,INST-0621,K92201080V,271900.0,Po,6,2026,Ministria e Bujqësisë dhe Zhvillimit Rural,Kapitulli 4,,Vendore,Durrës,Të ardhura të trashiguara
ANG-0001377,,PRJ-002412,231,INST-0621,M57122701K,499000.0,Po,6,2026,Ministria e Shëndetësisë dhe Mbrojtjes Sociale,Kapitulli 7,,SHA,Fier,Financim i huaj
ANG-0001378,KontratëNr-0001379,PRJ-002413,231,INST-0621,L01717030C,18248.0,Po,6,2026,Ministria e Brendshme,Kapitulli 1,,SHA,Korçë,Të ardhura të trashiguara
ANG-0001379,KontratëNr-0001380,PRJ-002414,230,INST-0621,L81912032H,350000.0,Po,6,2026,Ministria e Arsimit dhe Sportit,Kapitulli 4,,Vendore,Fier,Financim i huaj
ANG-0001380,KontratëNr-0001381,PRJ-002415,230,INST-0621,M11415504D,83600.0,Po,6,2026,Ministria e Brendshme,Kapitulli 3,,Qendrore,Fier,Buxheti i Shtetit
ANG-0001381,,PRJ-002416,231,INST-0621,L92318009L,102340.0,Po,6,2026,Ministria e Financave dhe Ekonomisë,Kapitulli 2,,Vendore,Elbasan,Të ardhura të trashiguara
ANG-0001382,KontratëNr-0001383,PRJ-002417,230,INST-0621,M42927603M,50000.0,Po,6,2026,Ministria e Brendshme,Kapitulli 4,,Vendore,Vlorë,Financim i huaj
ANG-0001383,KontratëNr-0001384,PRJ-002418,231,INST-0621,J66902033R,99600.0,Po,6,2026,Ministria e Brendshme,Kapitulli 1,,SHA,Vlorë,Financim i huaj
ANG-0001384,KontratëNr-0001385,PRJ-002419,231,INST-0621,L76414203K,61800.0,Po,6,2026,Ministria e Brendshme,Kapitulli 1,,Vendore,Korçë,Të ardhura të trashiguara
ANG-0001385,KontratëNr-0001386,PRJ-002420,230,INST-0621,M52213505B,219800.0,Po,6,2026,Ministria e Brendshme,Kapitulli 7,,SHA,Fier,Të ardhura të trashiguara
ANG-0001386,KontratëNr-0001387,PRJ-002421,231,INST-0621,M41427008A,35000.0,Po,6,2026,Ministria e Financave dhe Ekonomisë,Kapitulli 5,,Vendore,Korçë,Buxheti i Shtetit
ANG-0001387,KontratëNr-0001388,PRJ-002422,231,INST-0621,L81325020I,29083.0,Po,6,2026,Ministria e Brendshme,Kapitulli 5,,Vendore,Fier,Financim i huaj
ANG-0001388,,PRJ-002423,230,INST-0621,,0.0,Po,6,2026,Ministria e Arsimit dhe Sportit,Kapitulli 7,,Qendrore,Shkodër,Të ardhura të trashiguara
ANG-0001389,,PRJ-002424,231,INST-0621,K91329017I,98500.0,Po,6,2026,Ministria e Arsimit dhe Sportit,Kapitulli 3,,Qendrore,Korçë,Financim i huaj
ANG-0001390,KontratëNr-0001391,PRJ-002425,231,INST-0621,L12107043O,90946.0,Po,6,2026,Ministria e Bujqësisë dhe Zhvillimit Rural,Kapitulli 6,,SHA,Elbasan,Buxheti i Shtetit
ANG-0001391,KontratëNr-0001392,PRJ-002426,230,INST-0621,L81722022V,144800.0,Po,6,2026,Ministria e Infrastruktures dhe Energjisë,Kapitulli 6,,Vendore,Elbasan,Të ardhura të trashiguara
ANG-0001392,KontratëNr-0001393,PRJ-002427,230,INST-0621,K91413010N,3195525.0,Po,6,2026,Ministria e Brendshme,Kapitulli 1,,Qendrore,Vlorë,Financim i huaj
ANG-0001393,KontratëNr-0001394,PRJ-002428,230,INST-0621,L91616027G,3296552.0,Po,6,2026,Ministria e Bujqësisë dhe Zhvillimit Rural,Kapitulli 7,,Vendore,Vlorë,Financim i huaj
ANG-0001394,KontratëNr-0001395,PRJ-002429,230,INST-0621,L21931014G,151200.0,Po,6,2026,Ministria e Arsimit dhe Sportit,Kapitulli 4,,Qendrore,Elbasan,Të ardhura të trashiguara
ANG-0001395,KontratëNr-0001396,PRJ-002430,230,INST-0621,K63121801C,1700.0,Po,6,2026,Ministria e Arsimit dhe Sportit,Kapitulli 2,,Vendore,Shkodër,Të ardhura të trashiguara
ANG-0001396,KontratëNr-0001397,PRJ-002431,230,INST-0621,L22203042N,9767620.0,Po,6,2026,Ministria e Infrastruktures dhe Energjisë,Kapitulli 4,,Qendrore,Durrës,Të ardhura të trashiguara
ANG-0001397,KontratëNr-0001398,PRJ-002432,230,INST-0621,M56320006C,777777.0,Po,6,2026,Ministria e Bujqësisë dhe Zhvillimit Rural,Kapitulli 5,,Qendrore,Tiranë,Buxheti i Shtetit
ANG-0001398,,PRJ-002433,231,INST-0621,L32320008H,23500.0,Po,6,2026,Ministria e Bujqësisë dhe Zhvillimit Rural,Kapitulli 5,,SHA,Korçë,Buxheti i Shtetit
ANG-0001399,KontratëNr-0001400,PRJ-002434,231,INST-0621,M42216504H,298000.0,Po,6,2026,Ministria e Shëndetësisë dhe Mbrojtjes Sociale,Kapitulli 4,,Qendrore,Korçë,Buxheti i Shtetit
ANG-0001400,KontratëNr-0001401,PRJ-002435,231,INST-0621,L72203065K,289294.4,Po,6,2026,Ministria e Bujqësisë dhe Zhvillimit Rural,Kapitulli 5,,Qendrore,Durrës,Financim i huaj
ANG-0001401,KontratëNr-0001402,PRJ-002436,231,INST-0621,M41707006H,3128000.0,Po,6,2026,Ministria e Arsimit dhe Sportit,Kapitulli 1,,Qendrore,Korçë,Të ardhura të trashiguara
ANG-0001402,,PRJ-002437,231,INST-0621,K62721401R,4535502.0,Po,6,2026,Ministria e Bujqësisë dhe Zhvillimit Rural,Kapitulli 1,,SHA,Elbasan,Të ardhura të trashiguara
ANG-0001403,KontratëNr-0001404,PRJ-002438,231,INST-0621,M01927023H,4846412.0,Po,6,2026,Ministria e Financave dhe Ekonomisë,Kapitulli 5,,SHA,Tiranë,Buxheti i Shtetit
ANG-0001404,KontratëNr-0001405,PRJ-002439,230,INST-0621,K24005001H,255000.0,Po,6,2026,Ministria e Infrastruktures dhe Energjisë,Kapitulli 3,,Qendrore,Fier,Të ardhura të trashiguara
ANG-0001405,,PRJ-002440,230,INST-0621,L72203065K,344150.07,Po,6,2026,Ministria e Financave dhe Ekonomisë,Kapitulli 6,,Qendrore,Fier,Të ardhura të trashiguara
ANG-0001406,KontratëNr-0001407,PRJ-002441,230,INST-0621,J68028214P,99670.0,Po,6,2026,Ministria e Financave dhe Ekonomisë,Kapitulli 5,,Vendore,Tiranë,Buxheti i Shtetit
ANG-0001407,KontratëNr-0001408,PRJ-002442,231,INST-0621,K51408016J,99700.0,Po,6,2026,Ministria e Brendshme,Kapitulli 3,,Qendrore,Korçë,Të ardhura të trashiguara
ANG-0001408,KontratëNr-0001409,PRJ-002444,231,INST-0621,K31528061N,59520.0,Po,6,2026,Ministria e Bujqësisë dhe Zhvillimit Rural,Kapitulli 1,,SHA,Korçë,Financim i huaj
ANG-0001409,,PRJ-002445,230,INST-0621,L42314005A,72000.0,Po,6,2026,Ministria e Arsimit dhe Sportit,Kapitulli 4,,Vendore,Shkodër,Financim i huaj
ANG-0001410,KontratëNr-0001411,PRJ-002446,230,INST-0621,K66607001U,266651.0,Po,6,2026,Ministria e Shëndetësisë dhe Mbrojtjes Sociale,Kapitulli 7,,SHA,Durrës,Buxheti i Shtetit
ANG-0001411,KontratëNr-0001412,PRJ-002447,230,INST-0621,L12107043O,154722.0,Po,6,2026,Ministria e Brendshme,Kapitulli 1,,Vendore,Shkodër,Financim i huaj
ANG-0001412,KontratëNr-0001413,PRJ-002448,231,INST-0621,K41420001V,23095.0,Po,6,2026,Ministria e Shëndetësisë dhe Mbrojtjes Sociale,Kapitulli 5,,Qendrore,Shkodër,Të ardhura të trashiguara
ANG-0001413,KontratëNr-0001414,PRJ-002449,230,INST-0621,L01606034A,395000.0,Po,6,2026,Ministria e Shëndetësisë dhe Mbrojtjes Sociale,Kapitulli 4,,Qendrore,Fier,Financim i huaj
ANG-0001414,KontratëNr-0001415,PRJ-002450,230,INST-0621,K42108801C,489500.0,Po,6,2026,Ministria e Financave dhe Ekonomisë,Kapitulli 6,,SHA,Durrës,Buxheti i Shtetit
ANG-0001415,KontratëNr-0001416,PRJ-002451,231,INST-0621,M13011803I,85800.0,Po,6,2026,Ministria e Bujqësisë dhe Zhvillimit Rural,Kapitulli 1,,Qendrore,Korçë,Buxheti i Shtetit
ANG-0001416,KontratëNr-0001417,PRJ-002452,230,INST-0621,M02403014N,165600.0,Po,6,2026,Ministria e Brendshme,Kapitulli 4,,Qendrore,Elbasan,Të ardhura të trashiguara
ANG-0001417,KontratëNr-0001418,PRJ-002453,230,INST-0621,L82729403H,48600.0,Po,6,2026,Ministria e Infrastruktures dhe Energjisë,Kapitulli 7,,Qendrore,Vlorë,Buxheti i Shtetit
ANG-0001418,KontratëNr-0001419,PRJ-002454,231,INST-0621,K82231003A,56700.0,Po,6,2026,Ministria e Arsimit dhe Sportit,Kapitulli 6,,Qendrore,Tiranë,Të ardhura të trashiguara
ANG-0001419,KontratëNr-0001420,PRJ-002455,231,INST-0621,K47414042Q,38636.37,Po,6,2026,Ministria e Bujqësisë dhe Zhvillimit Rural,Kapitulli 3,,Qendrore,Shkodër,Financim i huaj
ANG-0001420,KontratëNr-0001421,PRJ-002456,231,INST-0621,L01305031H,44500.0,Po,6,2026,Ministria e Infrastruktures dhe Energjisë,Kapitulli 6,,SHA,Fier,Financim i huaj
ANG-0001421,KontratëNr-0001422,PRJ-002457,230,INST-0621,K71606006A,17400000.0,Po,6,2026,Ministria e Shëndetësisë dhe Mbrojtjes Sociale,Kapitulli 7,,Qendrore,Vlorë,Financim i huaj
ANG-0001422,KontratëNr-0001423,PRJ-002458,230,INST-0621,J77304712J,18220598.0,Po,6,2026,Ministria e Financave dhe Ekonomisë,Kapitulli 3,,SHA,Korçë,Të ardhura të trashiguara
ANG-0001423,KontratëNr-0001424,PRJ-002459,231,INST-0621,L62113033T,90000.0,Po,6,2026,Ministria e Brendshme,Kapitulli 2,,Vendore,Shkodër,Financim i huaj
ANG-0001424,KontratëNr-0001425,PRJ-002460,230,INST-0621,L93309201I,819000.0,Po,6,2026,Ministria e Bujqësisë dhe Zhvillimit Rural,Kapitulli 5,,Qendrore,Shkodër,Të ardhura të trashiguara
ANG-0001425,KontratëNr-0001426,PRJ-002461,231,INST-0621,K62220004U,5108300.0,Po,6,2026,Ministria e Brendshme,Kapitulli 7,,Qendrore,Korçë,Financim i huaj
ANG-0001426,KontratëNr-0001427,PRJ-002462,230,INST-0621,K01417001C,409000.0,Po,6,2026,Ministria e Bujqësisë dhe Zhvillimit Rural,Kapitulli 2,,Vendore,Vlorë,Financim i huaj
ANG-0001427,KontratëNr-0001428,PRJ-002463,230,INST-0621,K81323024G,750000.0,Po,6,2026,Ministria e Bujqësisë dhe Zhvillimit Rural,Kapitulli 6,,Qendrore,Tiranë,Buxheti i Shtetit
ANG-0001428,KontratëNr-0001429,PRJ-002464,230,INST-0621,J76705047U,42493500.0,Po,6,2026,Ministria e Brendshme,Kapitulli 5,,Vendore,Durrës,Buxheti i Shtetit
ANG-0001429,KontratëNr-0001430,PRJ-002465,230,INST-0621,L13727001V,498000.0,Po,6,2026,Ministria e Arsimit dhe Sportit,Kapitulli 7,,Vendore,Fier,Buxheti i Shtetit
ANG-0001430,KontratëNr-0001431,PRJ-002466,231,INST-0621,L61621027F,419600.0,Po,6,2026,Ministria e Bujqësisë dhe Zhvillimit Rural,Kapitulli 6,,Vendore,Shkodër,Financim i huaj
ANG-0001431,KontratëNr-0001432,PRJ-002467,231,INST-0621,L32403002P,83885.0,Po,6,2026,Ministria e Financave dhe Ekonomisë,Kapitulli 6,,Qendrore,Durrës,Të ardhura të trashiguara
ANG-0001432,,PRJ-002468,231,INST-0621,K37508925G,82694.0,Po,6,2026,Ministria e Infrastruktures dhe Energjisë,Kapitulli 6,,SHA,Korçë,Të ardhura të trashiguara
ANG-0001433,KontratëNr-0001434,PRJ-002469,231,INST-0621,K11807008V,28180.0,Po,6,2026,Ministria e Financave dhe Ekonomisë,Kapitulli 3,,Qendrore,Elbasan,Financim i huaj
ANG-0001434,KontratëNr-0001435,PRJ-002470,230,INST-0621,L21508008T,11384.0,Po,6,2026,Ministria e Brendshme,Kapitulli 3,,SHA,Tiranë,Buxheti i Shtetit
ANG-0001435,KontratëNr-0001436,PRJ-002471,231,INST-0621,M01922021M,100000.0,Po,6,2026,Ministria e Financave dhe Ekonomisë,Kapitulli 7,,Vendore,Vlorë,Financim i huaj
ANG-0001436,KontratëNr-0001437,PRJ-002472,231,INST-0621,L51704017H,489000.0,Po,6,2026,Ministria e Arsimit dhe Sportit,Kapitulli 5,,Vendore,Shkodër,Buxheti i Shtetit
ANG-0001437,KontratëNr-0001438,PRJ-002473,230,INST-0621,M02123033S,368000.0,Po,6,2026,Ministria e Shëndetësisë dhe Mbrojtjes Sociale,Kapitulli 3,,SHA,Tiranë,Financim i huaj
ANG-0001438,KontratëNr-0001439,PRJ-002474,230,INST-0621,J64103422D,216050.0,Po,6,2026,Ministria e Brendshme,Kapitulli 5,,SHA,Vlorë,Buxheti i Shtetit
ANG-0001439,KontratëNr-0001440,PRJ-002475,231,INST-0621,K91530017T,89000.0,Po,6,2026,Ministria e Shëndetësisë dhe Mbrojtjes Sociale,Kapitulli 7,,Qendrore,Korçë,Të ardhura të trashiguara
ANG-0001440,KontratëNr-0001441,PRJ-002476,231,INST-0621,K91530017T,205500.0,Po,6,2026,Ministria e Brendshme,Kapitulli 5,,Qendrore,Korçë,Buxheti i Shtetit
ANG-0001441,KontratëNr-0001442,PRJ-002477,230,INST-0621,M52415044H,72000.0,Po,6,2026,Ministria e Infrastruktures dhe Energjisë,Kapitulli 5,,Qendrore,Tiranë,Financim i huaj
ANG-0001442,KontratëNr-0001443,PRJ-002478,231,INST-0621,L82307007I,279000.0,Po,6,2026,Ministria e Bujqësisë dhe Zhvillimit Rural,Kapitulli 6,,Vendore,Fier,Financim i huaj
ANG-0001443,KontratëNr-0001444,PRJ-002479,231,INST-0621,J91809007H,1974000.0,Po,6,2026,Ministria e Bujqësisë dhe Zhvillimit Rural,Kapitulli 5,,SHA,Durrës,Të ardhura të trashiguara
ANG-0001444,KontratëNr-0001445,PRJ-002480,230,INST-0621,M42614002J,111166.5,Po,6,2026,Ministria e Shëndetësisë dhe Mbrojtjes Sociale,Kapitulli 1,,Qendrore,Elbasan,Të ardhura të trashiguara
ANG-0001445,,PRJ-002481,231,INST-0621,L97124201Q,350000.0,Po,6,2026,Ministria e Shëndetësisë dhe Mbrojtjes Sociale,Kapitulli 2,,SHA,Durrës,Të ardhura të trashiguara
ANG-0001446,KontratëNr-0001447,PRJ-002482,230,INST-0621,M22307015R,120000.0,Po,6,2026,Ministria e Arsimit dhe Sportit,Kapitulli 4,,Qendrore,Tiranë,Buxheti i Shtetit
ANG-0001447,KontratëNr-0001448,PRJ-002483,230,INST-0621,L41313009C,255000.0,Po,6,2026,Ministria e Shëndetësisë dhe Mbrojtjes Sociale,Kapitulli 6,,Vendore,Durrës,Buxheti i Shtetit
ANG-0001448,KontratëNr-0001449,PRJ-002484,230,INST-0621,M11307042L,737000.0,Po,6,2026,Ministria e Financave dhe Ekonomisë,Kapitulli 5,,SHA,Tiranë,Buxheti i Shtetit
ANG-0001449,KontratëNr-0001450,PRJ-002485,231,INST-0621,M22226027R,273536.49,Po,6,2026,Ministria e Infrastruktures dhe Energjisë,Kapitulli 3,,Vendore,Shkodër,Financim i huaj
ANG-0001450,KontratëNr-0001451,PRJ-002486,230,INST-0621,K31404135W,230000.0,Po,6,2026,Ministria e Bujqësisë dhe Zhvillimit Rural,Kapitulli 5,,SHA,Vlorë,Buxheti i Shtetit
ANG-0001451,KontratëNr-0001452,PRJ-002487,231,INST-0621,J91419001U,970800.0,Po,6,2026,Ministria e Financave dhe Ekonomisë,Kapitulli 3,,Qendrore,Tiranë,Financim i huaj
ANG-0001452,,PRJ-002488,231,INST-0621,L03109001E,98100.0,Po,6,2026,Ministria e Financave dhe Ekonomisë,Kapitulli 2,,Qendrore,Shkodër,Financim i huaj
ANG-0001453,KontratëNr-0001454,PRJ-002489,230,INST-0621,L01606034A,229000.0,Po,6,2026,Ministria e Shëndetësisë dhe Mbrojtjes Sociale,Kapitulli 1,,Qendrore,Tiranë,Të ardhura të trashiguara
ANG-0001454,KontratëNr-0001455,PRJ-002490,231,INST-0621,M53319201J,122500.0,Po,6,2026,Ministria e Arsimit dhe Sportit,Kapitulli 5,,Vendore,Fier,Financim i huaj
ANG-0001455,KontratëNr-0001456,PRJ-002491,230,INST-0621,M22318016L,83000.0,Po,6,2026,Ministria e Bujqësisë dhe Zhvillimit Rural,Kapitulli 1,,Vendore,Tiranë,Të ardhura të trashiguara
ANG-0001456,KontratëNr-0001457,PRJ-002492,230,INST-0621,J88730334W,169368.0,Po,6,2026,Ministria e Financave dhe Ekonomisë,Kapitulli 7,,Vendore,Vlorë,Buxheti i Shtetit
ANG-0001457,KontratëNr-0001458,PRJ-002493,231,INST-0621,,0.0,Po,6,2026,Ministria e Arsimit dhe Sportit,Kapitulli 5,,Vendore,Elbasan,Financim i huaj
ANG-0001458,KontratëNr-0001459,PRJ-002494,231,INST-0621,M11307042L,423999.0,Po,6,2026,Ministria e Arsimit dhe Sportit,Kapitulli 3,,SHA,Shkodër,Buxheti i Shtetit
ANG-0001459,KontratëNr-0001460,PRJ-002495,230,INST-0621,M42203017M,310000.0,Po,6,2026,Ministria e Infrastruktures dhe Energjisë,Kapitulli 2,,SHA,Shkodër,Të ardhura të trashiguara
ANG-0001460,KontratëNr-0001461,PRJ-002496,230,INST-0621,K31523078F,736800.0,Po,6,2026,Ministria e Arsimit dhe Sportit,Kapitulli 1,,Qendrore,Elbasan,Financim i huaj
ANG-0001461,KontratëNr-0001462,PRJ-002497,230,INST-0621,J74304623M,399000.0,Po,6,2026,Ministria e Financave dhe Ekonomisë,Kapitulli 6,,Vendore,Shkodër,Buxheti i Shtetit
ANG-0001462,KontratëNr-0001463,PRJ-002498,230,INST-0621,L51712008C,98500.0,Po,6,2026,Ministria e Brendshme,Kapitulli 7,,SHA,Shkodër,Të ardhura të trashiguara
ANG-0001463,,PRJ-002499,231,INST-0621,L98819501J,3376886.62,Po,6,2026,Ministria e Bujqësisë dhe Zhvillimit Rural,Kapitulli 5,,SHA,Vlorë,Të ardhura të trashiguara
ANG-0001464,KontratëNr-0001465,PRJ-002500,230,INST-0621,K01529003M,183333.5,Po,6,2026,Ministria e Shëndetësisë dhe Mbrojtjes Sociale,Kapitulli 5,,SHA,Tiranë,Financim i huaj
ANG-0001465,KontratëNr-0001466,PRJ-002501,231,INST-0621,K42611766Q,99240.0,Po,6,2026,Ministria e Shëndetësisë dhe Mbrojtjes Sociale,Kapitulli 6,,SHA,Durrës,Buxheti i Shtetit
ANG-0001466,KontratëNr-0001467,PRJ-002502,230,INST-0621,K52115005W,108000.0,Po,6,2026,Ministria e Brendshme,Kapitulli 6,,SHA,Tiranë,Financim i huaj
ANG-0001467,KontratëNr-0001468,PRJ-002503,231,INST-0621,L92119032V,309000.0,Po,6,2026,Ministria e Infrastruktures dhe Energjisë,Kapitulli 2,,SHA,Elbasan,Të ardhura të trashiguara
ANG-0001468,KontratëNr-0001469,PRJ-002504,230,INST-0621,M02415002E,297000.0,Po,6,2026,Ministria e Bujqësisë dhe Zhvillimit Rural,Kapitulli 1,,Qendrore,Elbasan,Të ardhura të trashiguara
ANG-0001469,KontratëNr-0001470,PRJ-002505,231,INST-0621,L71421032N,219000.0,Po,6,2026,Ministria e Brendshme,Kapitulli 2,,SHA,Vlorë,Të ardhura të trashiguara
ANG-0001470,KontratëNr-0001471,PRJ-002506,231,INST-0621,L64425401K,458334.0,Po,6,2026,Ministria e Financave dhe Ekonomisë,Kapitulli 2,,SHA,Tiranë,Të ardhura të trashiguara
ANG-0001471,KontratëNr-0001472,PRJ-002507,231,INST-0621,J61905015B,155250.0,Po,6,2026,Ministria e Brendshme,Kapitulli 3,,SHA,Tiranë,Financim i huaj
ANG-0001472,,PRJ-002508,230,INST-0621,J74517205P,750000.0,Po,6,2026,Ministria e Financave dhe Ekonomisë,Kapitulli 6,,SHA,Durrës,Financim i huaj
ANG-0001473,,PRJ-002509,231,INST-0621,L21508008T,4494.0,Po,6,2026,Ministria e Brendshme,Kapitulli 4,,Qendrore,Tiranë,Buxheti i Shtetit
ANG-0001474,KontratëNr-0001475,PRJ-002510,230,INST-0621,L81603023A,139567.76,Po,6,2026,Ministria e Infrastruktures dhe Energjisë,Kapitulli 7,,Qendrore,Elbasan,Financim i huaj
ANG-0001475,KontratëNr-0001476,PRJ-002511,231,INST-0621,K04005080H,957300.0,Po,6,2026,Ministria e Arsimit dhe Sportit,Kapitulli 2,,SHA,Shkodër,Buxheti i Shtetit
ANG-0001476,KontratëNr-0001477,PRJ-002512,231,INST-0621,M42411028E,570000.0,Po,6,2026,Ministria e Financave dhe Ekonomisë,Kapitulli 3,,Vendore,Elbasan,Të ardhura të trashiguara
ANG-0001477,,PRJ-002513,231,INST-0621,J64103483H,640000.0,Po,6,2026,Ministria e Brendshme,Kapitulli 4,,SHA,Korçë,Buxheti i Shtetit
ANG-0001478,KontratëNr-0001479,PRJ-002514,230,INST-0621,M02415002E,547950.0,Po,6,2026,Ministria e Arsimit dhe Sportit,Kapitulli 2,,Qendrore,Korçë,Buxheti i Shtetit
ANG-0001479,KontratëNr-0001480,PRJ-002515,231,INST-0621,K62320012O,43700.0,Po,6,2026,Ministria e Bujqësisë dhe Zhvillimit Rural,Kapitulli 1,,Vendore,Durrës,Financim i huaj
ANG-0001480,KontratëNr-0001481,PRJ-002516,230,INST-0621,L41726016Q,199529.0,Po,6,2026,Ministria e Infrastruktures dhe Energjisë,Kapitulli 5,,SHA,Fier,Të ardhura të trashiguara
ANG-0001481,KontratëNr-0001482,PRJ-002517,231,INST-0621,J66702510D,800000.0,Po,6,2026,Ministria e Shëndetësisë dhe Mbrojtjes Sociale,Kapitulli 1,,Qendrore,Fier,Të ardhura të trashiguara
ANG-0001482,KontratëNr-0001483,PRJ-002518,231,INST-0621,M68817201C,150000.0,Po,6,2026,Ministria e Financave dhe Ekonomisë,Kapitulli 6,,Vendore,Vlorë,Buxheti i Shtetit
ANG-0001483,KontratëNr-0001484,PRJ-002519,231,INST-0621,K89016401K,260000.0,Po,6,2026,Ministria e Arsimit dhe Sportit,Kapitulli 1,,Vendore,Shkodër,Buxheti i Shtetit
ANG-0001484,KontratëNr-0001485,PRJ-002520,230,INST-0621,L92112031B,748370.53,Po,6,2026,Ministria e Infrastruktures dhe Energjisë,Kapitulli 2,,Vendore,Elbasan,Financim i huaj
ANG-0001485,KontratëNr-0001486,PRJ-002521,230,INST-0621,M26620203T,449995.0,Po,6,2026,Ministria e Brendshme,Kapitulli 3,,Qendrore,Durrës,Të ardhura të trashiguara
ANG-0001486,KontratëNr-0001487,PRJ-002522,231,INST-0621,K91530017T,50400.0,Po,6,2026,Ministria e Infrastruktures dhe Energjisë,Kapitulli 6,,SHA,Elbasan,Financim i huaj
ANG-0001487,KontratëNr-0001488,PRJ-002523,231,INST-0621,M11313029O,286420.0,Po,6,2026,Ministria e Financave dhe Ekonomisë,Kapitulli 3,,Qendrore,Durrës,Financim i huaj
ANG-0001488,KontratëNr-0001489,PRJ-002525,231,INST-0621,K33715699K,95400.0,Po,6,2026,Ministria e Infrastruktures dhe Energjisë,Kapitulli 3,,SHA,Korçë,Të ardhura të trashiguara
ANG-0001489,KontratëNr-0001490,PRJ-002526,231,INST-0621,J82916489E,90288606.0,Po,6,2026,Ministria e Arsimit dhe Sportit,Kapitulli 1,,Vendore,Shkodër,Financim i huaj
ANG-0001490,KontratëNr-0001491,PRJ-002527,231,INST-0621,K31518077S,57500.0,Po,6,2026,Ministria e Brendshme,Kapitulli 5,,Vendore,Shkodër,Të ardhura të trashiguara
ANG-0001491,KontratëNr-0001492,PRJ-002528,231,INST-0621,K81323024G,465000.0,Po,6,2026,Ministria e Infrastruktures dhe Energjisë,Kapitulli 2,,Qendrore,Vlorë,Të ardhura të trashiguara
ANG-0001492,KontratëNr-0001493,PRJ-002529,231,INST-0621,K49322502N,153891439.52,Po,6,2026,Ministria e Shëndetësisë dhe Mbrojtjes Sociale,Kapitulli 4,,SHA,Shkodër,Buxheti i Shtetit
ANG-0001493,KontratëNr-0001494,PRJ-002530,231,INST-0621,L42215015J,100000.0,Po,6,2026,Ministria e Financave dhe Ekonomisë,Kapitulli 1,,SHA,Tiranë,Të ardhura të trashiguara
ANG-0001494,KontratëNr-0001495,PRJ-002531,230,INST-0621,L72926601Q,802500.0,Po,6,2026,Ministria e Infrastruktures dhe Energjisë,Kapitulli 1,,Qendrore,Elbasan,Buxheti i Shtetit
ANG-0001495,KontratëNr-0001496,PRJ-002532,230,INST-0621,M22307015R,27500.0,Po,6,2026,Ministria e Bujqësisë dhe Zhvillimit Rural,Kapitulli 5,,Qendrore,Durrës,Të ardhura të trashiguara
ANG-0001496,KontratëNr-0001497,PRJ-002533,230,INST-0621,L31804009R,856525.27,Po,6,2026,Ministria e Bujqësisë dhe Zhvillimit Rural,Kapitulli 2,,Qendrore,Vlorë,Financim i huaj
ANG-0001497,KontratëNr-0001498,PRJ-002534,231,INST-0621,L19008502B,680867.41,Po,6,2026,Ministria e Bujqësisë dhe Zhvillimit Rural,Kapitulli 1,,SHA,Fier,Buxheti i Shtetit
ANG-0001498,KontratëNr-0001499,PRJ-002535,231,INST-0621,K31528061N,116400.0,Po,6,2026,Ministria e Brendshme,Kapitulli 4,,Vendore,Fier,Buxheti i Shtetit
ANG-0001499,KontratëNr-0001500,PRJ-002536,231,INST-0621,K52112501F,20833.0,Po,6,2026,Ministria e Financave dhe Ekonomisë,Kapitulli 5,,Vendore,Vlorë,Financim i huaj
ANG-0001500,KontratëNr-0001501,PRJ-002537,230,INST-0621,L21621001I,240000.0,Po,6,2026,Ministria e Infrastruktures dhe Energjisë,Kapitulli 5,,SHA,Korçë,Të ardhura të trashiguara
ANG-0001501,KontratëNr-0001502,PRJ-002538,230,INST-0621,M42203017M,750000.0,Po,6,2026,Ministria e Financave dhe Ekonomisë,Kapitulli 4,,Qendrore,Durrës,Buxheti i Shtetit
ANG-0001502,KontratëNr-0001503,PRJ-002539,231,INST-0621,M11408020M,99733.33,Po,6,2026,Ministria e Infrastruktures dhe Energjisë,Kapitulli 4,,SHA,Fier,Financim i huaj
ANG-0001503,KontratëNr-0001504,PRJ-002540,230,INST-0621,L71921002H,14850.0,Po,6,2026,Ministria e Arsimit dhe Sportit,Kapitulli 3,,SHA,Vlorë,Të ardhura të trashiguara
ANG-0001504,,PRJ-002541,231,INST-0621,K86418203H,494000.0,Po,6,2026,Ministria e Infrastruktures dhe Energjisë,Kapitulli 4,,SHA,Fier,Të ardhura të trashiguara
ANG-0001505,KontratëNr-0001506,PRJ-002542,231,INST-0621,L51603008A,83105.0,Po,6,2026,Ministria e Infrastruktures dhe Energjisë,Kapitulli 4,,Vendore,Shkodër,Buxheti i Shtetit
ANG-0001506,KontratëNr-0001507,PRJ-002543,231,INST-0621,J97426216L,125000.0,Po,6,2026,Ministria e Brendshme,Kapitulli 5,,Vendore,Tiranë,Buxheti i Shtetit
ANG-0001507,KontratëNr-0001508,PRJ-002545,231,INST-0132,L31903003N,80000.0,Po,6,2026,Ministria e Shëndetësisë dhe Mbrojtjes Sociale,Kapitulli 4,,Vendore,Shkodër,Financim i huaj
ANG-0001508,KontratëNr-0001509,PRJ-002550,231,INST-1035,M52311039R,99700.0,Po,6,2026,Ministria e Financave dhe Ekonomisë,Kapitulli 7,,Vendore,Elbasan,Buxheti i Shtetit
ANG-0001509,KontratëNr-0001510,PRJ-002553,231,INST-1035,J61813529P,460416.67,Po,6,2026,Ministria e Shëndetësisë dhe Mbrojtjes Sociale,Kapitulli 6,,SHA,Shkodër,Financim i huaj
ANG-0001510,KontratëNr-0001511,PRJ-002621,230,INST-0621,K51612031J,21000.0,Po,6,2026,Ministria e Financave dhe Ekonomisë,Kapitulli 3,,Vendore,Durrës,Financim i huaj
ANG-0001511,KontratëNr-0001512,PRJ-002670,230,INST-0172,K61617040L,945520.0,Po,6,2026,Ministria e Brendshme,Kapitulli 4,,Qendrore,Elbasan,Buxheti i Shtetit
ANG-0001512,,PRJ-002544,231,INST-0621,J61813529P,1586000.0,Po,6,2026,Ministria e Infrastruktures dhe Energjisë,Kapitulli 2,,SHA,Shkodër,Financim i huaj
ANG-0001513,KontratëNr-0001514,PRJ-002546,230,INST-0621,L71921002H,36000.0,Po,6,2026,Ministria e Infrastruktures dhe Energjisë,Kapitulli 6,,Vendore,Shkodër,Të ardhura të trashiguara
ANG-0001514,KontratëNr-0001515,PRJ-002547,231,INST-0621,L81316021R,230000.0,Po,6,2026,Ministria e Brendshme,Kapitulli 5,,SHA,Tiranë,Të ardhura të trashiguara
ANG-0001515,KontratëNr-0001516,PRJ-002548,231,INST-0621,K31908022U,100000.0,Po,6,2026,Ministria e Infrastruktures dhe Energjisë,Kapitulli 7,,Vendore,Tiranë,Buxheti i Shtetit
ANG-0001516,KontratëNr-0001517,PRJ-002549,230,INST-0621,K42108801C,990000.0,Po,6,2026,Ministria e Brendshme,Kapitulli 7,,Qendrore,Vlorë,Financim i huaj
ANG-0001517,KontratëNr-0001518,PRJ-002551,231,INST-0621,M52307052B,980000.0,Po,6,2026,Ministria e Shëndetësisë dhe Mbrojtjes Sociale,Kapitulli 2,,Vendore,Durrës,Buxheti i Shtetit
ANG-0001518,KontratëNr-0001519,PRJ-002554,231,INST-0621,M61418057G,279000.0,Po,6,2026,Ministria e Shëndetësisë dhe Mbrojtjes Sociale,Kapitulli 5,,Vendore,Vlorë,Të ardhura të trashiguara
ANG-0001519,KontratëNr-0001520,PRJ-002555,231,INST-0621,L41306506T,100000.0,Po,6,2026,Ministria e Infrastruktures dhe Energjisë,Kapitulli 5,,SHA,Fier,Buxheti i Shtetit
ANG-0001520,KontratëNr-0001521,PRJ-002556,231,INST-0621,K41914024V,4116700.0,Po,6,2026,Ministria e Infrastruktures dhe Energjisë,Kapitulli 1,,Vendore,Shkodër,Buxheti i Shtetit
ANG-0001521,KontratëNr-0001522,PRJ-002557,231,INST-0621,K31908022U,100000.0,Po,6,2026,Ministria e Bujqësisë dhe Zhvillimit Rural,Kapitulli 5,,SHA,Shkodër,Buxheti i Shtetit
ANG-0001522,KontratëNr-0001523,PRJ-002558,230,INST-0621,M21517029S,670000.0,Po,6,2026,Ministria e Brendshme,Kapitulli 6,,Qendrore,Korçë,Të ardhura të trashiguara
ANG-0001523,,PRJ-002559,231,INST-0621,K31412087P,78470.0,Po,6,2026,Ministria e Shëndetësisë dhe Mbrojtjes Sociale,Kapitulli 4,,Vendore,Korçë,Financim i huaj
ANG-0001524,KontratëNr-0001525,PRJ-002560,230,INST-0621,L61321012S,99000.0,Po,6,2026,Ministria e Brendshme,Kapitulli 5,,SHA,Elbasan,Buxheti i Shtetit
ANG-0001525,KontratëNr-0001526,PRJ-002561,231,INST-0621,K32203002I,2377660.0,Po,6,2026,Ministria e Arsimit dhe Sportit,Kapitulli 2,,Vendore,Durrës,Financim i huaj
ANG-0001526,KontratëNr-0001527,PRJ-002562,231,INST-0621,L31714005J,53900.0,Po,6,2026,Ministria e Financave dhe Ekonomisë,Kapitulli 4,,Vendore,Fier,Financim i huaj
ANG-0001527,KontratëNr-0001528,PRJ-002563,231,INST-0621,L91418502J,40000.0,Po,6,2026,Ministria e Brendshme,Kapitulli 7,,Qendrore,Durrës,Të ardhura të trashiguara
ANG-0001528,KontratëNr-0001529,PRJ-002564,231,INST-0621,M58926201D,49770.0,Po,6,2026,Ministria e Infrastruktures dhe Energjisë,Kapitulli 1,,Qendrore,Tiranë,Buxheti i Shtetit
ANG-0001529,KontratëNr-0001530,PRJ-002565,230,INST-0621,L12212026G,39000.0,Po,6,2026,Ministria e Brendshme,Kapitulli 4,,Vendore,Shkodër,Buxheti i Shtetit
ANG-0001530,KontratëNr-0001531,PRJ-002566,231,INST-0621,M61718005K,338000.0,Po,6,2026,Ministria e Shëndetësisë dhe Mbrojtjes Sociale,Kapitulli 5,,Qendrore,Fier,Të ardhura të trashiguara
ANG-0001531,KontratëNr-0001532,PRJ-002567,231,INST-0621,K21405001N,55000.0,Po,6,2026,Ministria e Bujqësisë dhe Zhvillimit Rural,Kapitulli 5,,Vendore,Fier,Buxheti i Shtetit
ANG-0001532,KontratëNr-0001533,PRJ-002568,231,INST-0621,L58317905N,74400.0,Po,6,2026,Ministria e Bujqësisë dhe Zhvillimit Rural,Kapitulli 7,,Vendore,Elbasan,Buxheti i Shtetit
ANG-0001533,KontratëNr-0001534,PRJ-002569,231,INST-0621,M21324046O,289000.0,Po,6,2026,Ministria e Arsimit dhe Sportit,Kapitulli 1,,Vendore,Shkodër,Financim i huaj
ANG-0001534,KontratëNr-0001535,PRJ-002570,231,INST-0621,K01514009I,108000.0,Po,6,2026,Ministria e Arsimit dhe Sportit,Kapitulli 5,,SHA,Vlorë,Buxheti i Shtetit
ANG-0001535,KontratëNr-0001536,PRJ-002571,231,INST-0621,J97426216L,143000.0,Po,6,2026,Ministria e Financave dhe Ekonomisë,Kapitulli 6,,SHA,Durrës,Të ardhura të trashiguara
ANG-0001536,KontratëNr-0001537,PRJ-002572,231,INST-0621,J66703306O,21420328.0,Po,6,2026,Ministria e Shëndetësisë dhe Mbrojtjes Sociale,Kapitulli 2,,Vendore,Fier,Financim i huaj
ANG-0001537,KontratëNr-0001538,PRJ-002573,231,INST-0621,L74320602D,37900.0,Po,6,2026,Ministria e Brendshme,Kapitulli 7,,Vendore,Vlorë,Financim i huaj
ANG-0001538,KontratëNr-0001539,PRJ-002574,231,INST-0621,M07108401J,147790.0,Po,6,2026,Ministria e Infrastruktures dhe Energjisë,Kapitulli 4,,Qendrore,Durrës,Të ardhura të trashiguara
ANG-0001539,KontratëNr-0001540,PRJ-002575,231,INST-0621,K72022032H,99957.24,Po,6,2026,Ministria e Shëndetësisë dhe Mbrojtjes Sociale,Kapitulli 6,,SHA,Elbasan,Të ardhura të trashiguara
ANG-0001540,KontratëNr-0001541,PRJ-002576,231,INST-0621,L94131401L,98800.0,Po,6,2026,Ministria e Arsimit dhe Sportit,Kapitulli 3,,Vendore,Tiranë,Buxheti i Shtetit
ANG-0001541,KontratëNr-0001542,PRJ-002577,231,INST-0621,K66501003D,8250.0,Po,6,2026,Ministria e Brendshme,Kapitulli 2,,SHA,Shkodër,Financim i huaj
ANG-0001542,,PRJ-002578,230,INST-0621,M52213505B,116666.5,Po,6,2026,Ministria e Brendshme,Kapitulli 5,,SHA,Shkodër,Buxheti i Shtetit
ANG-0001543,KontratëNr-0001544,PRJ-002579,230,INST-0621,M01321501F,268000.0,Po,6,2026,Ministria e Arsimit dhe Sportit,Kapitulli 4,,Qendrore,Tiranë,Të ardhura të trashiguara
ANG-0001544,,PRJ-002580,231,INST-0621,M11614004U,55000.0,Po,6,2026,Ministria e Infrastruktures dhe Energjisë,Kapitulli 6,,Qendrore,Durrës,Financim i huaj
ANG-0001545,KontratëNr-0001546,PRJ-002581,231,INST-0621,L31714005J,944825.0,Po,6,2026,Ministria e Financave dhe Ekonomisë,Kapitulli 6,,SHA,Durrës,Të ardhura të trashiguara
ANG-0001546,KontratëNr-0001547,PRJ-002582,231,INST-0621,L62412026R,780000.0,Po,6,2026,Ministria e Brendshme,Kapitulli 5,,SHA,Durrës,Financim i huaj
ANG-0001547,KontratëNr-0001548,PRJ-002583,231,INST-0621,K59723504B,1790340.0,Po,6,2026,Ministria e Financave dhe Ekonomisë,Kapitulli 6,,Qendrore,Durrës,Buxheti i Shtetit
ANG-0001548,KontratëNr-0001549,PRJ-002584,231,INST-0621,K62202046U,296070.0,Po,6,2026,Ministria e Bujqësisë dhe Zhvillimit Rural,Kapitulli 4,,Qendrore,Fier,Të ardhura të trashiguara
ANG-0001549,KontratëNr-0001550,PRJ-002585,230,INST-0621,L31714005J,54150.0,Po,6,2026,Ministria e Brendshme,Kapitulli 3,,SHA,Tiranë,Financim i huaj
ANG-0001550,KontratëNr-0001551,PRJ-002586,231,INST-0621,L92119032V,930000.0,Po,6,2026,Ministria e Brendshme,Kapitulli 4,,Vendore,Fier,Të ardhura të trashiguara
ANG-0001551,,PRJ-002587,230,INST-0621,L71407038O,150000.0,Po,6,2026,Ministria e Infrastruktures dhe Energjisë,Kapitulli 5,,Qendrore,Elbasan,Buxheti i Shtetit
ANG-0001552,KontratëNr-0001553,PRJ-002588,231,INST-0621,K92402036A,858000.0,Po,6,2026,Ministria e Shëndetësisë dhe Mbrojtjes Sociale,Kapitulli 4,,Qendrore,Vlorë,Financim i huaj
ANG-0001553,KontratëNr-0001554,PRJ-002589,230,INST-0621,J62903384G,48899435.23,Po,6,2026,Ministria e Bujqësisë dhe Zhvillimit Rural,Kapitulli 6,,Vendore,Vlorë,Buxheti i Shtetit
ANG-0001554,KontratëNr-0001555,PRJ-002590,231,INST-0621,K97718101U,98640.0,Po,6,2026,Ministria e Infrastruktures dhe Energjisë,Kapitulli 3,,Vendore,Tiranë,Të ardhura të trashiguara
ANG-0001555,KontratëNr-0001556,PRJ-002591,231,INST-0621,K91530017T,15600.0,Po,6,2026,Ministria e Bujqësisë dhe Zhvillimit Rural,Kapitulli 6,,SHA,Korçë,Buxheti i Shtetit
ANG-0001556,KontratëNr-0001557,PRJ-002592,231,INST-0621,M03116403L,99000.0,Po,6,2026,Ministria e Brendshme,Kapitulli 5,,Vendore,Vlorë,Të ardhura të trashiguara
ANG-0001557,KontratëNr-0001558,PRJ-002593,230,INST-0621,K21710002J,1138790.0,Po,6,2026,Ministria e Brendshme,Kapitulli 2,,Qendrore,Vlorë,Financim i huaj
ANG-0001558,KontratëNr-0001559,PRJ-002594,231,INST-0621,K11715005L,613992.0,Po,6,2026,Ministria e Infrastruktures dhe Energjisë,Kapitulli 1,,Vendore,Elbasan,Buxheti i Shtetit
ANG-0001559,KontratëNr-0001560,PRJ-002595,230,INST-0621,K06605226B,5000000.0,Po,6,2026,Ministria e Bujqësisë dhe Zhvillimit Rural,Kapitulli 3,,Vendore,Vlorë,Financim i huaj
ANG-0001560,KontratëNr-0001561,PRJ-002596,231,INST-0621,K31419099E,66666.67,Po,6,2026,Ministria e Shëndetësisë dhe Mbrojtjes Sociale,Kapitulli 3,,Qendrore,Korçë,Të ardhura të trashiguara
ANG-0001561,KontratëNr-0001562,PRJ-002597,231,INST-0621,L97006001D,148600.0,Po,6,2026,Ministria e Bujqësisë dhe Zhvillimit Rural,Kapitulli 5,,Qendrore,Fier,Buxheti i Shtetit
ANG-0001562,KontratëNr-0001563,PRJ-002598,230,INST-0621,M58408601O,245000.0,Po,6,2026,Ministria e Shëndetësisë dhe Mbrojtjes Sociale,Kapitulli 5,,Qendrore,Vlorë,Buxheti i Shtetit
ANG-0001563,,PRJ-002599,230,INST-0621,J61806015D,72800.0,Po,6,2026,Ministria e Bujqësisë dhe Zhvillimit Rural,Kapitulli 3,,Qendrore,Durrës,Të ardhura të trashiguara
ANG-0001564,KontratëNr-0001565,PRJ-002600,230,INST-0621,L47401203N,99987.0,Po,6,2026,Ministria e Shëndetësisë dhe Mbrojtjes Sociale,Kapitulli 7,,Vendore,Korçë,Financim i huaj
ANG-0001565,KontratëNr-0001566,PRJ-002601,230,INST-0621,L11424007S,920000.0,Po,6,2026,Ministria e Bujqësisë dhe Zhvillimit Rural,Kapitulli 7,,Vendore,Tiranë,Financim i huaj
ANG-0001566,KontratëNr-0001567,PRJ-002602,230,INST-0621,K32802228D,12000.0,Po,6,2026,Ministria e Arsimit dhe Sportit,Kapitulli 6,,SHA,Vlorë,Buxheti i Shtetit
ANG-0001567,KontratëNr-0001568,PRJ-002603,231,INST-0621,K21912001R,11058.0,Po,6,2026,Ministria e Financave dhe Ekonomisë,Kapitulli 6,,Qendrore,Elbasan,Financim i huaj
ANG-0001568,KontratëNr-0001569,PRJ-002604,230,INST-0621,K36608208V,139250.0,Po,6,2026,Ministria e Financave dhe Ekonomisë,Kapitulli 4,,SHA,Fier,Të ardhura të trashiguara
ANG-0001569,KontratëNr-0001570,PRJ-002605,230,INST-0621,L01606034A,300600.0,Po,6,2026,Ministria e Bujqësisë dhe Zhvillimit Rural,Kapitulli 1,,Qendrore,Fier,Buxheti i Shtetit
ANG-0001570,KontratëNr-0001571,PRJ-002606,230,INST-0621,L81329024O,859000.0,Po,6,2026,Ministria e Financave dhe Ekonomisë,Kapitulli 5,,Vendore,Elbasan,Buxheti i Shtetit
ANG-0001571,,PRJ-002607,230,INST-0621,M01804013U,952000.0,Po,6,2026,Ministria e Shëndetësisë dhe Mbrojtjes Sociale,Kapitulli 4,,Qendrore,Shkodër,Të ardhura të trashiguara
ANG-0001572,KontratëNr-0001573,PRJ-002608,230,INST-0621,K71821009N,777000.0,Po,6,2026,Ministria e Brendshme,Kapitulli 3,,Qendrore,Shkodër,Të ardhura të trashiguara
ANG-0001573,KontratëNr-0001574,PRJ-002609,230,INST-0621,K42003004T,857380.0,Po,6,2026,Ministria e Infrastruktures dhe Energjisë,Kapitulli 5,,SHA,Tiranë,Të ardhura të trashiguara
ANG-0001574,KontratëNr-0001575,PRJ-002610,230,INST-0621,L51712008C,614593.0,Po,6,2026,Ministria e Brendshme,Kapitulli 7,,Qendrore,Shkodër,Të ardhura të trashiguara
ANG-0001575,KontratëNr-0001576,PRJ-002611,230,INST-0621,M21403031D,95000.0,Po,6,2026,Ministria e Shëndetësisë dhe Mbrojtjes Sociale,Kapitulli 6,,Vendore,Fier,Buxheti i Shtetit
ANG-0001576,KontratëNr-0001577,PRJ-002612,230,INST-0621,K62320012O,33500.0,Po,6,2026,Ministria e Infrastruktures dhe Energjisë,Kapitulli 3,,Qendrore,Shkodër,Financim i huaj
ANG-0001577,KontratëNr-0001578,PRJ-002613,230,INST-0621,K62320012O,93000.0,Po,6,2026,Ministria e Shëndetësisë dhe Mbrojtjes Sociale,Kapitulli 2,,Vendore,Elbasan,Buxheti i Shtetit
ANG-0001578,,PRJ-002614,230,INST-0621,L92207009A,609000.0,Po,6,2026,Ministria e Bujqësisë dhe Zhvillimit Rural,Kapitulli 1,,SHA,Shkodër,Të ardhura të trashiguara
ANG-0001579,,PRJ-002615,231,INST-0621,L96611004A,100000.0,Po,6,2026,Ministria e Infrastruktures dhe Energjisë,Kapitulli 4,,SHA,Vlorë,Të ardhura të trashiguara
ANG-0001580,,PRJ-002616,231,INST-0621,K31412087P,228470.0,Po,6,2026,Ministria e Financave dhe Ekonomisë,Kapitulli 3,,Vendore,Korçë,Të ardhura të trashiguara
ANG-0001581,KontratëNr-0001582,PRJ-002617,231,INST-0621,L61605043A,923552.0,Po,6,2026,Ministria e Shëndetësisë dhe Mbrojtjes Sociale,Kapitulli 5,,Vendore,Durrës,Financim i huaj
ANG-0001582,,PRJ-002618,231,INST-0621,L22117021M,273360.0,Po,6,2026,Ministria e Bujqësisë dhe Zhvillimit Rural,Kapitulli 1,,Qendrore,Elbasan,Të ardhura të trashiguara
ANG-0001583,KontratëNr-0001584,PRJ-002619,230,INST-0621,M21422008S,99500.0,Po,6,2026,Ministria e Financave dhe Ekonomisë,Kapitulli 7,,Qendrore,Shkodër,Financim i huaj
ANG-0001584,KontratëNr-0001585,PRJ-002620,231,INST-0621,M52213505B,498798.5,Po,6,2026,Ministria e Arsimit dhe Sportit,Kapitulli 7,,SHA,Korçë,Buxheti i Shtetit
ANG-0001585,KontratëNr-0001586,PRJ-002622,230,INST-0621,L83908002Q,149500.0,Po,6,2026,Ministria e Bujqësisë dhe Zhvillimit Rural,Kapitulli 2,,SHA,Vlorë,Financim i huaj
ANG-0001586,KontratëNr-0001587,PRJ-002623,231,INST-0621,M31423002A,99667.0,Po,6,2026,Ministria e Brendshme,Kapitulli 7,,SHA,Fier,Buxheti i Shtetit
ANG-0001587,KontratëNr-0001588,PRJ-002624,231,INST-0621,L12107043O,89600.0,Po,6,2026,Ministria e Financave dhe Ekonomisë,Kapitulli 7,,SHA,Elbasan,Të ardhura të trashiguara
ANG-0001588,KontratëNr-0001589,PRJ-002625,230,INST-0621,J62426002Q,189700.0,Po,6,2026,Ministria e Shëndetësisë dhe Mbrojtjes Sociale,Kapitulli 6,,Qendrore,Korçë,Buxheti i Shtetit
ANG-0001589,,PRJ-002626,231,INST-0621,L91418502J,333120.0,Po,6,2026,Ministria e Arsimit dhe Sportit,Kapitulli 6,,SHA,Vlorë,Buxheti i Shtetit
ANG-0001590,KontratëNr-0001591,PRJ-002627,230,INST-0621,J91809007H,911053.0,Po,6,2026,Ministria e Infrastruktures dhe Energjisë,Kapitulli 1,,SHA,Elbasan,Buxheti i Shtetit
ANG-0001591,KontratëNr-0001592,PRJ-002628,231,INST-0621,M51321047K,98700.0,Po,6,2026,Ministria e Shëndetësisë dhe Mbrojtjes Sociale,Kapitulli 4,,Vendore,Elbasan,Financim i huaj
ANG-0001592,KontratëNr-0001593,PRJ-002629,230,INST-0621,K72228008B,51200.8,Po,6,2026,Ministria e Arsimit dhe Sportit,Kapitulli 2,,SHA,Elbasan,Financim i huaj
ANG-0001593,,PRJ-002630,230,INST-0621,L91323013Q,706250.0,Po,6,2026,Ministria e Shëndetësisë dhe Mbrojtjes Sociale,Kapitulli 1,,Vendore,Durrës,Të ardhura të trashiguara
ANG-0001594,,PRJ-002631,231,INST-0621,J91801004M,125000.0,Po,6,2026,Ministria e Brendshme,Kapitulli 2,,SHA,Elbasan,Buxheti i Shtetit
ANG-0001595,KontratëNr-0001596,PRJ-002632,230,INST-0621,M02415002E,824200.0,Po,6,2026,Ministria e Financave dhe Ekonomisë,Kapitulli 3,,SHA,Tiranë,Financim i huaj
ANG-0001596,KontratëNr-0001597,PRJ-002633,231,INST-0621,K31503045V,121500.0,Po,6,2026,Ministria e Infrastruktures dhe Energjisë,Kapitulli 1,,Vendore,Vlorë,Financim i huaj
ANG-0001597,KontratëNr-0001598,PRJ-002634,230,INST-0621,,0.0,Po,6,2026,Ministria e Shëndetësisë dhe Mbrojtjes Sociale,Kapitulli 4,,SHA,Korçë,Të ardhura të trashiguara
ANG-0001598,KontratëNr-0001599,PRJ-002635,231,INST-0621,K11324003F,875000.0,Po,6,2026,Ministria e Arsimit dhe Sportit,Kapitulli 4,,Vendore,Korçë,Buxheti i Shtetit
ANG-0001599,KontratëNr-0001600,PRJ-002636,231,INST-0621,K91530017T,457500.0,Po,6,2026,Ministria e Shëndetësisë dhe Mbrojtjes Sociale,Kapitulli 2,,SHA,Shkodër,Buxheti i Shtetit
ANG-0001600,KontratëNr-0001601,PRJ-002637,230,INST-0621,M26620203T,289500.0,Po,6,2026,Ministria e Infrastruktures dhe Energjisë,Kapitulli 4,,SHA,Elbasan,Të ardhura të trashiguara
ANG-0001601,,PRJ-002638,231,INST-0621,L64425401K,172500.0,Po,6,2026,Ministria e Infrastruktures dhe Energjisë,Kapitulli 3,,Vendore,Durrës,Të ardhura të trashiguara
ANG-0001602,KontratëNr-0001603,PRJ-002639,231,INST-0621,J62426002Q,267000.0,Po,6,2026,Ministria e Financave dhe Ekonomisë,Kapitulli 4,,SHA,Vlorë,Financim i huaj
ANG-0001603,KontratëNr-0001604,PRJ-002640,231,INST-0621,L72203065K,842675.21,Po,6,2026,Ministria e Shëndetësisë dhe Mbrojtjes Sociale,Kapitulli 1,,SHA,Elbasan,Të ardhura të trashiguara
ANG-0001604,KontratëNr-0001605,PRJ-002641,231,INST-0621,K31503045V,216000.0,Po,6,2026,Ministria e Arsimit dhe Sportit,Kapitulli 1,,Vendore,Elbasan,Financim i huaj
ANG-0001605,KontratëNr-0001606,PRJ-002642,231,INST-0621,M12304005R,7541373.0,Po,6,2026,Ministria e Shëndetësisë dhe Mbrojtjes Sociale,Kapitulli 2,,SHA,Korçë,Buxheti i Shtetit
ANG-0001606,KontratëNr-0001607,PRJ-002643,231,INST-0621,J71826005F,912920.71,Po,6,2026,Ministria e Brendshme,Kapitulli 4,,Qendrore,Shkodër,Financim i huaj
ANG-0001607,KontratëNr-0001608,PRJ-002644,231,INST-0621,J72124001N,62500.0,Po,6,2026,Ministria e Bujqësisë dhe Zhvillimit Rural,Kapitulli 1,,Qendrore,Shkodër,Financim i huaj
ANG-0001608,KontratëNr-0001609,PRJ-002645,230,INST-0621,L61901013N,98981.65,Po,6,2026,Ministria e Arsimit dhe Sportit,Kapitulli 6,,Vendore,Shkodër,Buxheti i Shtetit
ANG-0001609,KontratëNr-0001610,PRJ-002646,230,INST-0621,L87812902D,784000.0,Po,6,2026,Ministria e Brendshme,Kapitulli 6,,SHA,Fier,Financim i huaj
ANG-0001610,KontratëNr-0001611,PRJ-002647,231,INST-0621,L61901013N,5976.81,Po,6,2026,Ministria e Arsimit dhe Sportit,Kapitulli 7,,Vendore,Korçë,Buxheti i Shtetit
ANG-0001611,KontratëNr-0001612,PRJ-002648,230,INST-0621,L52208070A,924000.0,Po,6,2026,Ministria e Infrastruktures dhe Energjisë,Kapitulli 5,,SHA,Fier,Të ardhura të trashiguara
ANG-0001612,KontratëNr-0001613,PRJ-002649,230,INST-0621,K21912001R,405000.0,Po,6,2026,Ministria e Arsimit dhe Sportit,Kapitulli 7,,SHA,Korçë,Të ardhura të trashiguara
ANG-0001613,KontratëNr-0001614,PRJ-002650,231,INST-0621,K01515004T,989485.0,Po,6,2026,Ministria e Brendshme,Kapitulli 4,,SHA,Elbasan,Të ardhura të trashiguara
ANG-0001614,KontratëNr-0001615,PRJ-002651,231,INST-0621,K31503045V,1026920.0,Po,6,2026,Ministria e Shëndetësisë dhe Mbrojtjes Sociale,Kapitulli 3,,SHA,Tiranë,Të ardhura të trashiguara
ANG-0001615,,PRJ-002652,231,INST-0621,K57123001R,250000.0,Po,6,2026,Ministria e Arsimit dhe Sportit,Kapitulli 2,,SHA,Tiranë,Buxheti i Shtetit
ANG-0001616,,PRJ-002653,230,INST-0621,L71920001R,350000.0,Po,6,2026,Ministria e Arsimit dhe Sportit,Kapitulli 7,,Vendore,Durrës,Financim i huaj
ANG-0001617,KontratëNr-0001618,PRJ-002654,230,INST-0621,L91708008J,545705.0,Po,6,2026,Ministria e Financave dhe Ekonomisë,Kapitulli 5,,SHA,Fier,Buxheti i Shtetit
ANG-0001618,KontratëNr-0001619,PRJ-002655,230,INST-0621,L41726016Q,224000.0,Po,6,2026,Ministria e Brendshme,Kapitulli 4,,Vendore,Korçë,Buxheti i Shtetit
ANG-0001619,KontratëNr-0001620,PRJ-002656,230,INST-0621,L81722022V,100000.0,Po,6,2026,Ministria e Brendshme,Kapitulli 7,,Vendore,Korçë,Financim i huaj
ANG-0001620,,PRJ-002657,230,INST-0621,L74320602D,79500.0,Po,6,2026,Ministria e Bujqësisë dhe Zhvillimit Rural,Kapitulli 3,,Vendore,Vlorë,Financim i huaj
ANG-0001621,KontratëNr-0001622,PRJ-002658,230,INST-0621,K31520054N,1092760.9,Po,6,2026,Ministria e Arsimit dhe Sportit,Kapitulli 1,,Vendore,Fier,Të ardhura të trashiguara
ANG-0001622,KontratëNr-0001623,PRJ-002659,231,INST-0621,K36310782O,249970.0,Po,6,2026,Ministria e Bujqësisë dhe Zhvillimit Rural,Kapitulli 7,,SHA,Vlorë,Të ardhura të trashiguara
ANG-0001623,KontratëNr-0001624,PRJ-002660,230,INST-0621,L51518015J,99905.0,Po,6,2026,Ministria e Financave dhe Ekonomisë,Kapitulli 4,,SHA,Shkodër,Buxheti i Shtetit
ANG-0001624,KontratëNr-0001625,PRJ-002661,230,INST-0621,K57123001R,370000.0,Po,6,2026,Ministria e Financave dhe Ekonomisë,Kapitulli 1,,SHA,Fier,Financim i huaj
ANG-0001625,KontratëNr-0001626,PRJ-002663,230,INST-0621,K21912001R,136930.0,Po,6,2026,Ministria e Infrastruktures dhe Energjisë,Kapitulli 7,,Vendore,Durrës,Të ardhura të trashiguara
ANG-0001626,KontratëNr-0001627,PRJ-002664,230,INST-0621,L21305035S,137019.67,Po,6,2026,Ministria e Bujqësisë dhe Zhvillimit Rural,Kapitulli 7,,Vendore,Durrës,Buxheti i Shtetit
ANG-0001627,KontratëNr-0001628,PRJ-002665,231,INST-0621,K82015004O,192000.0,Po,6,2026,Ministria e Financave dhe Ekonomisë,Kapitulli 4,,Qendrore,Korçë,Të ardhura të trashiguara
ANG-0001628,KontratëNr-0001629,PRJ-002666,231,INST-0621,K81503063B,917000.0,Po,6,2026,Ministria e Infrastruktures dhe Energjisë,Kapitulli 7,,Vendore,Vlorë,Financim i huaj
ANG-0001629,KontratëNr-0001630,PRJ-002667,231,INST-0621,,0.0,Po,6,2026,Ministria e Infrastruktures dhe Energjisë,Kapitulli 4,,Vendore,Fier,Të ardhura të trashiguara
ANG-0001630,KontratëNr-0001631,PRJ-002668,231,INST-0621,L12107043O,262328.0,Po,6,2026,Ministria e Shëndetësisë dhe Mbrojtjes Sociale,Kapitulli 6,,SHA,Shkodër,Financim i huaj
ANG-0001631,KontratëNr-0001632,PRJ-002669,230,INST-0621,L26310801C,96910335.41,Po,6,2026,Ministria e Infrastruktures dhe Energjisë,Kapitulli 3,,Vendore,Vlorë,Të ardhura të trashiguara
ANG-0001632,KontratëNr-0001633,PRJ-002676,230,INST-0621,L97006001D,247600.0,Po,6,2026,Ministria e Arsimit dhe Sportit,Kapitulli 4,,Qendrore,Korçë,Buxheti i Shtetit
ANG-0001633,KontratëNr-0001634,PRJ-002677,230,INST-0621,M61510028C,171500.0,Po,6,2026,Ministria e Financave dhe Ekonomisë,Kapitulli 3,,SHA,Vlorë,Financim i huaj
ANG-0001634,KontratëNr-0001635,PRJ-002443,230,INST-0655,,0.0,Po,6,2026,Ministria e Arsimit dhe Sportit,Kapitulli 2,,SHA,Korçë,Të ardhura të trashiguara
ANG-0001635,KontratëNr-0001636,PRJ-002671,231,INST-0957,L64506003C,7369822.0,Po,6,2026,Ministria e Shëndetësisë dhe Mbrojtjes Sociale,Kapitulli 1,,SHA,Korçë,Të ardhura të trashiguara
ANG-0001636,KontratëNr-0001637,PRJ-002672,230,INST-0337,L21319037M,24800000.0,Po,6,2026,Ministria e Infrastruktures dhe Energjisë,Kapitulli 1,,Vendore,Tiranë,Financim i huaj
ANG-0001637,KontratëNr-0001638,PRJ-002662,231,INST-0915,J61813529P,2200000.0,Po,6,2026,Ministria e Arsimit dhe Sportit,Kapitulli 2,,SHA,Korçë,Financim i huaj
ANG-0001638,KontratëNr-0001639,PRJ-002379,231,INST-0621,M01321501F,67000.0,Po,6,2026,Ministria e Shëndetësisë dhe Mbrojtjes Sociale,Kapitulli 1,,SHA,Shkodër,Financim i huaj
ANG-0001639,KontratëNr-0001640,PRJ-002389,231,INST-0172,L32222023L,39000.0,Po,6,2026,Ministria e Financave dhe Ekonomisë,Kapitulli 7,,Vendore,Vlorë,Financim i huaj
ANG-0001640,KontratëNr-0001641,PRJ-002393,231,INST-0126,K71412003A,122180630.0,Po,6,2026,Ministria e Bujqësisë dhe Zhvillimit Rural,Kapitulli 5,,Qendrore,Durrës,Financim i huaj
ANG-0001641,KontratëNr-0001642,PRJ-002376,231,INST-0621,K31503045V,138588.0,Po,6,2026,Ministria e Shëndetësisë dhe Mbrojtjes Sociale,Kapitulli 4,,SHA,Elbasan,Buxheti i Shtetit
ANG-0001642,KontratëNr-0001643,PRJ-002387,231,INST-0621,J91801003E,125000.0,Po,6,2026,Ministria e Infrastruktures dhe Energjisë,Kapitulli 2,,SHA,Vlorë,Buxheti i Shtetit
ANG-0001643,KontratëNr-0001644,PRJ-002372,230,INST-0957,L91612011A,59400.0,Po,6,2026,Ministria e Financave dhe Ekonomisë,Kapitulli 1,,Vendore,Fier,Financim i huaj
ANG-0001644,KontratëNr-0001645,PRJ-002383,230,INST-0337,M31516511T,70000.0,Po,6,2026,Ministria e Infrastruktures dhe Energjisë,Kapitulli 7,,Vendore,Elbasan,Të ardhura të trashiguara
ANG-0001645,KontratëNr-0001646,PRJ-002373,230,INST-0621,L64214802E,408750.0,Po,6,2026,Ministria e Arsimit dhe Sportit,Kapitulli 7,,Qendrore,Tiranë,Të ardhura të trashiguara
ANG-0001646,KontratëNr-0001647,PRJ-002374,231,INST-0621,M41824506K,499999.0,Po,6,2026,Ministria e Infrastruktures dhe Energjisë,Kapitulli 5,,Qendrore,Durrës,Buxheti i Shtetit
ANG-0001647,KontratëNr-0001648,PRJ-002375,231,INST-0621,L21305035S,130031.33,Po,6,2026,Ministria e Financave dhe Ekonomisë,Kapitulli 1,,Vendore,Elbasan,Buxheti i Shtetit
ANG-0001648,KontratëNr-0001649,PRJ-002380,231,INST-0172,L01717030C,28897.0,Po,6,2026,Ministria e Financave dhe Ekonomisë,Kapitulli 1,,SHA,Durrës,Të ardhura të trashiguara
ANG-0001649,,PRJ-002384,231,INST-1007,K21912001R,90000.0,Po,6,2026,Ministria e Shëndetësisë dhe Mbrojtjes Sociale,Kapitulli 6,,Qendrore,Elbasan,Buxheti i Shtetit
ANG-0001650,,PRJ-002385,231,INST-0961,K82008005K,96000.0,Po,6,2026,Ministria e Infrastruktures dhe Energjisë,Kapitulli 5,,Vendore,Korçë,Buxheti i Shtetit
ANG-0001651,KontratëNr-0001652,PRJ-002386,230,INST-0575,K51615512C,929600.0,Po,6,2026,Ministria e Bujqësisë dhe Zhvillimit Rural,Kapitulli 1,,SHA,Vlorë,Të ardhura të trashiguara
ANG-0001652,KontratëNr-0001653,PRJ-002388,231,INST-0573,K61731002D,849205.96,Po,6,2026,Ministria e Infrastruktures dhe Energjisë,Kapitulli 2,,Qendrore,Tiranë,Të ardhura të trashiguara
ANG-0001653,KontratëNr-0001654,PRJ-002394,230,INST-0118,J91329003O,555684.0,Po,6,2026,Ministria e Brendshme,Kapitulli 3,,Vendore,Elbasan,Buxheti i Shtetit
ANG-0001654,KontratëNr-0001655,PRJ-002392,230,INST-1004,M11307042L,99863.0,Po,6,2026,Ministria e Infrastruktures dhe Energjisë,Kapitulli 1,,Vendore,Durrës,Të ardhura të trashiguara
ANG-0001655,,PRJ-002341,231,INST-0621,L61704504H,99000.0,Po,6,2026,Ministria e Brendshme,Kapitulli 4,,SHA,Vlorë,Financim i huaj
ANG-0001656,KontratëNr-0001657,PRJ-002343,231,INST-0915,L02904408M,690000.0,Po,6,2026,Ministria e Brendshme,Kapitulli 3,,Vendore,Shkodër,Financim i huaj
ANG-0001657,KontratëNr-0001658,PRJ-002344,230,INST-0915,L72203025F,175000.0,Po,6,2026,Ministria e Shëndetësisë dhe Mbrojtjes Sociale,Kapitulli 3,,SHA,Korçë,Financim i huaj
ANG-0001658,KontratëNr-0001659,PRJ-002347,231,INST-0464,M31625003A,98000.0,Po,6,2026,Ministria e Brendshme,Kapitulli 4,,SHA,Tiranë,Buxheti i Shtetit
ANG-0001659,KontratëNr-0001660,PRJ-002352,231,INST-0121,L41629009A,289000.0,Po,6,2026,Ministria e Arsimit dhe Sportit,Kapitulli 5,,Vendore,Fier,Të ardhura të trashiguara
ANG-0001660,KontratëNr-0001661,PRJ-002353,231,INST-0121,L92318009L,948120.0,Po,6,2026,Ministria e Brendshme,Kapitulli 1,,Vendore,Elbasan,Financim i huaj
ANG-0001661,KontratëNr-0001662,PRJ-002354,231,INST-0121,K61731002D,11628788.44,Po,6,2026,Ministria e Brendshme,Kapitulli 4,,Qendrore,Tiranë,Buxheti i Shtetit
ANG-0001662,KontratëNr-0001663,PRJ-002355,231,INST-0121,L32403002P,209800.0,Po,6,2026,Ministria e Brendshme,Kapitulli 7,,Vendore,Durrës,Buxheti i Shtetit
ANG-0001663,KontratëNr-0001664,PRJ-002349,231,INST-0925,L82008020I,412978.0,Po,6,2026,Ministria e Shëndetësisë dhe Mbrojtjes Sociale,Kapitulli 3,,Vendore,Vlorë,Të ardhura të trashiguara
ANG-0001664,KontratëNr-0001665,PRJ-002350,231,INST-0925,L01322018T,95422.0,Po,6,2026,Ministria e Arsimit dhe Sportit,Kapitulli 3,,Qendrore,Elbasan,Të ardhura të trashiguara
ANG-0001665,KontratëNr-0001666,PRJ-002351,231,INST-0925,L87931901B,50000.0,Po,6,2026,Ministria e Financave dhe Ekonomisë,Kapitulli 7,,Qendrore,Fier,Buxheti i Shtetit
ANG-0001666,KontratëNr-0001667,PRJ-002356,230,INST-0089,L53316602C,95000.0,Po,6,2026,Ministria e Brendshme,Kapitulli 5,,SHA,Korçë,Buxheti i Shtetit
ANG-0001667,KontratëNr-0001668,PRJ-002358,231,INST-0136,K71625019L,99000.0,Po,6,2026,Ministria e Infrastruktures dhe Energjisë,Kapitulli 5,,SHA,Durrës,Të ardhura të trashiguara
ANG-0001668,KontratëNr-0001669,PRJ-002359,230,INST-0652,L38515201C,100000.0,Po,6,2026,Ministria e Shëndetësisë dhe Mbrojtjes Sociale,Kapitulli 2,,SHA,Fier,Buxheti i Shtetit
ANG-0001669,KontratëNr-0001670,PRJ-002360,231,INST-0958,J67902012U,99000.0,Po,6,2026,Ministria e Financave dhe Ekonomisë,Kapitulli 4,,SHA,Durrës,Buxheti i Shtetit
ANG-0001670,KontratëNr-0001671,PRJ-002362,231,INST-0958,J67902012U,549000.0,Po,6,2026,Ministria e Shëndetësisë dhe Mbrojtjes Sociale,Kapitulli 7,,SHA,Shkodër,Të ardhura të trashiguara
ANG-0001671,KontratëNr-0001672,PRJ-002345,231,INST-0405,L38515201C,100000.0,Po,6,2026,Ministria e Infrastruktures dhe Energjisë,Kapitulli 4,,SHA,Tiranë,Buxheti i Shtetit
ANG-0001672,KontratëNr-0001673,PRJ-002361,231,INST-1004,K32725211G,219200.0,Po,6,2026,Ministria e Brendshme,Kapitulli 7,,Vendore,Tiranë,Financim i huaj
ANG-0001673,KontratëNr-0001674,PRJ-002321,231,INST-0507,L51419022R,311100.0,Po,6,2026,Ministria e Brendshme,Kapitulli 5,,Vendore,Vlorë,Buxheti i Shtetit
ANG-0001674,,PRJ-002319,230,INST-0621,,0.0,Po,6,2026,Ministria e Financave dhe Ekonomisë,Kapitulli 7,,Qendrore,Durrës,Të ardhura të trashiguara
ANG-0001675,KontratëNr-0001676,PRJ-002320,231,INST-0172,L87219004F,97000.0,Po,6,2026,Ministria e Shëndetësisë dhe Mbrojtjes Sociale,Kapitulli 5,,Vendore,Korçë,Të ardhura të trashiguara
ANG-0001676,KontratëNr-0001677,PRJ-002316,231,INST-0621,L31615017L,6728520.0,Po,6,2026,Ministria e Arsimit dhe Sportit,Kapitulli 3,,SHA,Shkodër,Të ardhura të trashiguara
ANG-0001677,KontratëNr-0001678,PRJ-002317,231,INST-0621,K11723003M,100000.0,Po,6,2026,Ministria e Brendshme,Kapitulli 3,,Vendore,Vlorë,Buxheti i Shtetit
ANG-0001678,KontratëNr-0001679,PRJ-002318,230,INST-0169,J97426216L,99300.0,Po,6,2026,Ministria e Financave dhe Ekonomisë,Kapitulli 2,,SHA,Elbasan,Të ardhura të trashiguara
ANG-0001679,KontratëNr-0001680,PRJ-002323,230,INST-0168,M24716802D,1628000.0,Po,6,2026,Ministria e Shëndetësisë dhe Mbrojtjes Sociale,Kapitulli 1,,SHA,Tiranë,Financim i huaj
ANG-0001680,KontratëNr-0001681,PRJ-002324,230,INST-1012,M33326401I,52333.0,Po,6,2026,Ministria e Financave dhe Ekonomisë,Kapitulli 6,,Vendore,Shkodër,Buxheti i Shtetit
ANG-0001681,KontratëNr-0001682,PRJ-002325,230,INST-0578,L71421032N,827000.0,Po,6,2026,Ministria e Bujqësisë dhe Zhvillimit Rural,Kapitulli 4,,Qendrore,Tiranë,Të ardhura të trashiguara
ANG-0001682,KontratëNr-0001683,PRJ-002330,230,INST-0172,L52606201T,738000.0,Po,6,2026,Ministria e Financave dhe Ekonomisë,Kapitulli 5,,Vendore,Shkodër,Financim i huaj
ANG-0001683,KontratëNr-0001684,PRJ-002332,231,INST-1012,K41420001V,489350.0,Po,6,2026,Ministria e Shëndetësisë dhe Mbrojtjes Sociale,Kapitulli 1,,Qendrore,Korçë,Financim i huaj
ANG-0001684,KontratëNr-0001685,PRJ-002334,231,INST-0172,L12510413V,2758275.0,Po,6,2026,Ministria e Bujqësisë dhe Zhvillimit Rural,Kapitulli 5,,SHA,Fier,Financim i huaj
ANG-0001685,KontratëNr-0001686,PRJ-002322,231,INST-0621,,0.0,Po,6,2026,Ministria e Financave dhe Ekonomisë,Kapitulli 1,,Vendore,Fier,Të ardhura të trashiguara
ANG-0001686,KontratëNr-0001687,PRJ-002288,230,INST-0963,M01321501F,98700.0,Po,6,2026,Ministria e Financave dhe Ekonomisë,Kapitulli 6,,SHA,Elbasan,Buxheti i Shtetit
ANG-0001687,KontratëNr-0001688,PRJ-002291,231,INST-0099,L81325026K,82800.0,Po,6,2026,Ministria e Infrastruktures dhe Energjisë,Kapitulli 2,,Vendore,Elbasan,Buxheti i Shtetit
ANG-0001688,KontratëNr-0001689,PRJ-002294,230,INST-0142,K31528061N,42000.0,Po,6,2026,Ministria e Brendshme,Kapitulli 4,,SHA,Tiranë,Buxheti i Shtetit
ANG-0001689,KontratëNr-0001690,PRJ-002296,231,INST-1035,M09801601L,41667.0,Po,6,2026,Ministria e Shëndetësisë dhe Mbrojtjes Sociale,Kapitulli 7,,Qendrore,Tiranë,Të ardhura të trashiguara
ANG-0001690,KontratëNr-0001691,PRJ-002297,230,INST-1035,J71519004W,690000.0,Po,6,2026,Ministria e Brendshme,Kapitulli 7,,Qendrore,Korçë,Buxheti i Shtetit
ANG-0001691,KontratëNr-0001692,PRJ-002298,231,INST-1035,M51602049J,97000.0,Po,6,2026,Ministria e Financave dhe Ekonomisë,Kapitulli 7,,Vendore,Fier,Të ardhura të trashiguara
ANG-0001692,KontratëNr-0001693,PRJ-002299,231,INST-0621,M51602049J,244000.0,Po,6,2026,Ministria e Arsimit dhe Sportit,Kapitulli 5,,Qendrore,Durrës,Financim i huaj
ANG-0001693,KontratëNr-0001694,PRJ-002300,231,INST-0099,L92204011T,98890.0,Po,6,2026,Ministria e Financave dhe Ekonomisë,Kapitulli 4,,Vendore,Vlorë,Të ardhura të trashiguara
ANG-0001694,KontratëNr-0001695,PRJ-002292,231,INST-0098,M03002001N,798190.0,Po,6,2026,Ministria e Arsimit dhe Sportit,Kapitulli 2,,Qendrore,Fier,Financim i huaj
ANG-0001695,KontratëNr-0001696,PRJ-002279,230,INST-0621,L61606040D,37062.5,Po,6,2026,Ministria e Arsimit dhe Sportit,Kapitulli 7,,Vendore,Tiranë,Financim i huaj
ANG-0001696,KontratëNr-0001697,PRJ-002282,231,INST-0960,J61826012K,81268.15,Po,6,2026,Ministria e Shëndetësisë dhe Mbrojtjes Sociale,Kapitulli 4,,Qendrore,Fier,Të ardhura të trashiguara
ANG-0001697,KontratëNr-0001698,PRJ-002301,231,INST-0122,M52213505B,698000.0,Po,6,2026,Ministria e Bujqësisë dhe Zhvillimit Rural,Kapitulli 1,,Vendore,Vlorë,Të ardhura të trashiguara
ANG-0001698,KontratëNr-0001699,PRJ-002305,230,INST-0337,K31610091Q,99920.0,Po,6,2026,Ministria e Financave dhe Ekonomisë,Kapitulli 1,,SHA,Tiranë,Buxheti i Shtetit
ANG-0001699,KontratëNr-0001700,PRJ-002285,230,INST-0579,K31528061N,92000.0,Po,6,2026,Ministria e Financave dhe Ekonomisë,Kapitulli 5,,Qendrore,Elbasan,Financim i huaj
ANG-0001700,KontratëNr-0001701,PRJ-002286,231,INST-0579,L01325010Q,221000.0,Po,6,2026,Ministria e Bujqësisë dhe Zhvillimit Rural,Kapitulli 7,,SHA,Shkodër,Financim i huaj
ANG-0001701,,PRJ-002295,230,INST-0146,M57403204K,970000.0,Po,6,2026,Ministria e Financave dhe Ekonomisë,Kapitulli 1,,SHA,Fier,Të ardhura të trashiguara
ANG-0001702,KontratëNr-0001703,PRJ-002302,230,INST-0175,L51706022H,16800000.0,Po,6,2026,Ministria e Infrastruktures dhe Energjisë,Kapitulli 5,,Qendrore,Vlorë,Financim i huaj
ANG-0001703,,PRJ-002303,231,INST-0175,L62205052L,296091000.0,Po,6,2026,Ministria e Shëndetësisë dhe Mbrojtjes Sociale,Kapitulli 4,,Vendore,Durrës,Buxheti i Shtetit
ANG-0001704,KontratëNr-0001705,PRJ-002304,230,INST-0175,L41825004O,159650.0,Po,6,2026,Ministria e Brendshme,Kapitulli 7,,Vendore,Vlorë,Buxheti i Shtetit
ANG-0001705,KontratëNr-0001706,PRJ-002281,231,INST-0970,L42206505K,113500.0,Po,6,2026,Ministria e Bujqësisë dhe Zhvillimit Rural,Kapitulli 6,,SHA,Korçë,Të ardhura të trashiguara
ANG-0001706,KontratëNr-0001707,PRJ-002289,231,INST-0144,K11807008V,1300905.0,Po,6,2026,Ministria e Financave dhe Ekonomisë,Kapitulli 4,,Vendore,Durrës,Buxheti i Shtetit
ANG-0001707,KontratëNr-0001708,PRJ-002306,230,INST-0123,K97730102T,1957150.0,Po,6,2026,Ministria e Brendshme,Kapitulli 4,,SHA,Tiranë,Financim i huaj
ANG-0001708,KontratëNr-0001709,PRJ-002239,230,INST-0621,K31528061N,559000.0,Po,6,2026,Ministria e Bujqësisë dhe Zhvillimit Rural,Kapitulli 6,,SHA,Tiranë,Të ardhura të trashiguara
ANG-0001709,KontratëNr-0001710,PRJ-002268,230,INST-0963,J61827062E,5145200.0,Po,6,2026,Ministria e Infrastruktures dhe Energjisë,Kapitulli 2,,Qendrore,Durrës,Buxheti i Shtetit
ANG-0001710,KontratëNr-0001711,PRJ-002269,230,INST-0624,M22318016L,479500.0,Po,6,2026,Ministria e Bujqësisë dhe Zhvillimit Rural,Kapitulli 7,,Vendore,Fier,Financim i huaj
ANG-0001711,,PRJ-002270,230,INST-0621,K31510153H,1144500.0,Po,6,2026,Ministria e Infrastruktures dhe Energjisë,Kapitulli 2,,Qendrore,Tiranë,Buxheti i Shtetit
ANG-0001712,KontratëNr-0001713,PRJ-002271,230,INST-0621,K97006004D,16990000.0,Po,6,2026,Ministria e Shëndetësisë dhe Mbrojtjes Sociale,Kapitulli 7,,SHA,Shkodër,Të ardhura të trashiguara
ANG-0001713,KontratëNr-0001714,PRJ-002272,230,INST-0621,L97006001D,99600.0,Po,6,2026,Ministria e Bujqësisë dhe Zhvillimit Rural,Kapitulli 2,,Qendrore,Durrës,Financim i huaj
ANG-0001714,KontratëNr-0001715,PRJ-002274,231,INST-0424,L62513212V,56150.0,Po,6,2026,Ministria e Financave dhe Ekonomisë,Kapitulli 3,,Vendore,Elbasan,Financim i huaj
ANG-0001715,KontratëNr-0001716,PRJ-002240,230,INST-0621,J66902026L,206947.0,Po,6,2026,Ministria e Shëndetësisë dhe Mbrojtjes Sociale,Kapitulli 4,,Vendore,Tiranë,Të ardhura të trashiguara
ANG-0001716,KontratëNr-0001717,PRJ-002267,231,INST-0621,J71907014E,424000.0,Po,6,2026,Ministria e Financave dhe Ekonomisë,Kapitulli 2,,Vendore,Fier,Të ardhura të trashiguara
ANG-0001717,KontratëNr-0001718,PRJ-002235,231,INST-0621,L81924026A,428000.0,Po,6,2026,Ministria e Arsimit dhe Sportit,Kapitulli 3,,Vendore,Elbasan,Buxheti i Shtetit
ANG-0001718,KontratëNr-0001719,PRJ-002237,230,INST-0587,J91907002G,293000.0,Po,6,2026,Ministria e Shëndetësisë dhe Mbrojtjes Sociale,Kapitulli 2,,SHA,Vlorë,Të ardhura të trashiguara
ANG-0001719,KontratëNr-0001720,PRJ-002254,230,INST-0621,K41602074K,99000.0,Po,6,2026,Ministria e Shëndetësisë dhe Mbrojtjes Sociale,Kapitulli 1,,Vendore,Fier,Buxheti i Shtetit
ANG-0001720,KontratëNr-0001721,PRJ-002264,230,INST-0621,L41817014E,812300.0,Po,6,2026,Ministria e Financave dhe Ekonomisë,Kapitulli 4,,Qendrore,Shkodër,Financim i huaj
ANG-0001721,KontratëNr-0001722,PRJ-002265,230,INST-0621,M41810021A,17675.0,Po,6,2026,Ministria e Financave dhe Ekonomisë,Kapitulli 4,,Vendore,Elbasan,Financim i huaj
ANG-0001722,KontratëNr-0001723,PRJ-002275,230,INST-1004,L92406016G,15000.0,Po,6,2026,Ministria e Brendshme,Kapitulli 6,,Qendrore,Elbasan,Të ardhura të trashiguara
ANG-0001723,KontratëNr-0001724,PRJ-002217,230,INST-0456,M11417503F,976199.36,Po,6,2026,Ministria e Financave dhe Ekonomisë,Kapitulli 6,,Qendrore,Korçë,Financim i huaj
ANG-0001724,KontratëNr-0001725,PRJ-002218,230,INST-1011,L71325019D,88606.0,Po,6,2026,Ministria e Infrastruktures dhe Energjisë,Kapitulli 4,,Qendrore,Vlorë,Financim i huaj
ANG-0001725,,PRJ-002219,230,INST-0128,L52208070A,100000.0,Po,6,2026,Ministria e Infrastruktures dhe Energjisë,Kapitulli 3,,SHA,Korçë,Të ardhura të trashiguara
ANG-0001726,KontratëNr-0001727,PRJ-002220,231,INST-0456,L71907025V,785000.0,Po,6,2026,Ministria e Brendshme,Kapitulli 4,,Qendrore,Fier,Financim i huaj
ANG-0001727,KontratëNr-0001728,PRJ-002222,230,INST-0621,M12910801M,88400.0,Po,6,2026,Ministria e Bujqësisë dhe Zhvillimit Rural,Kapitulli 6,,Vendore,Vlorë,Të ardhura të trashiguara
ANG-0001728,KontratëNr-0001729,PRJ-002229,230,INST-0963,L22218008Q,253200.0,Po,6,2026,Ministria e Infrastruktures dhe Energjisë,Kapitulli 1,,Vendore,Durrës,Financim i huaj
ANG-0001729,KontratëNr-0001730,PRJ-002225,230,INST-0098,M12218017P,99770.0,Po,6,2026,Ministria e Arsimit dhe Sportit,Kapitulli 7,,Vendore,Korçë,Të ardhura të trashiguara
ANG-0001730,KontratëNr-0001731,PRJ-002231,230,INST-0172,L82428011G,188541.67,Po,6,2026,Ministria e Brendshme,Kapitulli 6,,Vendore,Tiranë,Financim i huaj
ANG-0001731,KontratëNr-0001732,PRJ-002216,230,INST-0575,K01515004T,405000.0,Po,6,2026,Ministria e Arsimit dhe Sportit,Kapitulli 4,,Vendore,Tiranë,Buxheti i Shtetit
ANG-0001732,KontratëNr-0001733,PRJ-002226,230,INST-0122,L32222023L,279000.0,Po,6,2026,Ministria e Shëndetësisë dhe Mbrojtjes Sociale,Kapitulli 2,,Vendore,Elbasan,Të ardhura të trashiguara
ANG-0001733,KontratëNr-0001734,PRJ-002227,231,INST-0173,J71406006Q,236000.0,Po,6,2026,Ministria e Bujqësisë dhe Zhvillimit Rural,Kapitulli 3,,Vendore,Fier,Të ardhura të trashiguara
ANG-0001734,,PRJ-002230,231,INST-0958,K41510041C,339000.0,Po,6,2026,Ministria e Brendshme,Kapitulli 7,,Qendrore,Vlorë,Financim i huaj
ANG-0001735,KontratëNr-0001736,PRJ-002233,230,INST-0134,L51419022R,389000.0,Po,6,2026,Ministria e Brendshme,Kapitulli 4,,Qendrore,Vlorë,Financim i huaj
ANG-0001736,KontratëNr-0001737,PRJ-002215,230,INST-0621,K01515004T,13.7,Po,6,2026,Ministria e Brendshme,Kapitulli 2,,Vendore,Tiranë,Buxheti i Shtetit
ANG-0001737,,PRJ-002221,231,INST-0915,K21912001R,405000.0,Po,6,2026,Ministria e Infrastruktures dhe Energjisë,Kapitulli 5,,SHA,Shkodër,Financim i huaj
ANG-0001738,KontratëNr-0001739,PRJ-002223,230,INST-0006,K84616001R,285000.0,Po,6,2026,Ministria e Bujqësisë dhe Zhvillimit Rural,Kapitulli 3,,Vendore,Korçë,Buxheti i Shtetit
ANG-0001739,KontratëNr-0001740,PRJ-002228,230,INST-0175,M28717102U,920000.0,Po,6,2026,Ministria e Bujqësisë dhe Zhvillimit Rural,Kapitulli 7,,Qendrore,Vlorë,Të ardhura të trashiguara
ANG-0001740,,PRJ-002224,231,INST-1004,J61901194M,696000.0,Po,6,2026,Ministria e Arsimit dhe Sportit,Kapitulli 1,,Qendrore,Durrës,Të ardhura të trashiguara
ANG-0001741,KontratëNr-0001742,PRJ-002232,231,INST-0516,L71619028E,662000.0,Po,6,2026,Ministria e Infrastruktures dhe Energjisë,Kapitulli 2,,Qendrore,Fier,Të ardhura të trashiguara
ANG-0001742,KontratëNr-0001743,PRJ-002198,230,INST-0057,L01606034A,735900.0,Po,6,2026,Ministria e Brendshme,Kapitulli 4,,Qendrore,Shkodër,Financim i huaj
ANG-0001743,KontratëNr-0001744,PRJ-002199,230,INST-0962,,0.0,Po,6,2026,Ministria e Brendshme,Kapitulli 5,,Vendore,Vlorë,Buxheti i Shtetit
ANG-0001744,KontratëNr-0001745,PRJ-002207,230,INST-0621,M11707049K,80000.0,Po,6,2026,Ministria e Infrastruktures dhe Energjisë,Kapitulli 1,,Qendrore,Elbasan,Buxheti i Shtetit
ANG-0001745,KontratëNr-0001746,PRJ-002209,231,INST-0127,,0.0,Po,6,2026,Ministria e Brendshme,Kapitulli 5,,SHA,Elbasan,Buxheti i Shtetit
ANG-0001746,KontratëNr-0001747,PRJ-002210,230,INST-0565,L02904408M,399000.0,Po,6,2026,Ministria e Infrastruktures dhe Energjisë,Kapitulli 4,,Qendrore,Vlorë,Të ardhura të trashiguara
ANG-0001747,KontratëNr-0001748,PRJ-002211,231,INST-0172,J62903750A,83500.0,Po,6,2026,Ministria e Brendshme,Kapitulli 6,,Vendore,Shkodër,Buxheti i Shtetit
ANG-0001748,KontratëNr-0001749,PRJ-002190,230,INST-0134,L52222066T,16606.67,Po,6,2026,Ministria e Arsimit dhe Sportit,Kapitulli 5,,Vendore,Korçë,Buxheti i Shtetit
ANG-0001749,KontratëNr-0001750,PRJ-002192,231,INST-0151,K31503045V,279200.0,Po,6,2026,Ministria e Bujqësisë dhe Zhvillimit Rural,Kapitulli 3,,SHA,Vlorë,Financim i huaj
ANG-0001750,KontratëNr-0001751,PRJ-002201,231,INST-0450,M21628036N,135000.0,Po,6,2026,Ministria e Infrastruktures dhe Energjisë,Kapitulli 5,,SHA,Tiranë,Buxheti i Shtetit
ANG-0001751,KontratëNr-0001752,PRJ-002212,230,INST-0151,L91418502J,212000.0,Po,6,2026,Ministria e Financave dhe Ekonomisë,Kapitulli 7,,Vendore,Korçë,Buxheti i Shtetit
ANG-0001752,KontratëNr-0001753,PRJ-002193,230,INST-1010,L51523001S,1474000.0,Po,6,2026,Ministria e Arsimit dhe Sportit,Kapitulli 2,,SHA,Tiranë,Financim i huaj
ANG-0001753,KontratëNr-0001754,PRJ-002194,230,INST-0176,L82007020D,33000.0,Po,6,2026,Ministria e Arsimit dhe Sportit,Kapitulli 3,,SHA,Elbasan,Financim i huaj
ANG-0001754,KontratëNr-0001755,PRJ-002195,231,INST-0176,L71715003C,527340.0,Po,6,2026,Ministria e Brendshme,Kapitulli 7,,Vendore,Tiranë,Të ardhura të trashiguara
ANG-0001755,KontratëNr-0001756,PRJ-002196,231,INST-0176,K38228162J,99940.0,Po,6,2026,Ministria e Arsimit dhe Sportit,Kapitulli 3,,Qendrore,Korçë,Financim i huaj
ANG-0001756,KontratëNr-0001757,PRJ-002202,231,INST-1004,M57122701K,898000.0,Po,6,2026,Ministria e Financave dhe Ekonomisë,Kapitulli 6,,SHA,Elbasan,Buxheti i Shtetit
ANG-0001757,KontratëNr-0001758,PRJ-002205,231,INST-0098,K91810005U,10657948.8,Po,6,2026,Ministria e Bujqësisë dhe Zhvillimit Rural,Kapitulli 7,,Vendore,Durrës,Financim i huaj
ANG-0001758,KontratëNr-0001759,PRJ-002191,231,INST-0965,K82231003A,11600.0,Po,6,2026,Ministria e Brendshme,Kapitulli 1,,Vendore,Vlorë,Të ardhura të trashiguara
ANG-0001759,KontratëNr-0001760,PRJ-002200,230,INST-1004,M11313029O,1198247.0,Po,6,2026,Ministria e Bujqësisë dhe Zhvillimit Rural,Kapitulli 7,,SHA,Vlorë,Të ardhura të trashiguara
ANG-0001760,KontratëNr-0001761,PRJ-002204,230,INST-0621,L71715003C,98930.0,Po,6,2026,Ministria e Brendshme,Kapitulli 6,,SHA,Shkodër,Financim i huaj
ANG-0001761,,PRJ-002206,230,INST-0621,L71715003C,80000.0,Po,6,2026,Ministria e Arsimit dhe Sportit,Kapitulli 4,,Vendore,Durrës,Financim i huaj
ANG-0001762,KontratëNr-0001763,PRJ-002197,230,INST-0591,M01511008K,93000.0,Po,6,2026,Ministria e Brendshme,Kapitulli 5,,SHA,Elbasan,Financim i huaj
ANG-0001763,KontratëNr-0001764,PRJ-002175,231,INST-0087,K71707007Q,104167.0,Po,6,2026,Ministria e Financave dhe Ekonomisë,Kapitulli 4,,Qendrore,Vlorë,Të ardhura të trashiguara
ANG-0001764,KontratëNr-0001765,PRJ-002176,230,INST-0234,L51419022R,350100.0,Po,6,2026,Ministria e Bujqësisë dhe Zhvillimit Rural,Kapitulli 4,,Qendrore,Durrës,Të ardhura të trashiguara
ANG-0001765,KontratëNr-0001766,PRJ-002182,231,INST-0480,K67120001D,84900.0,Po,6,2026,Ministria e Shëndetësisë dhe Mbrojtjes Sociale,Kapitulli 2,,SHA,Tiranë,Buxheti i Shtetit
ANG-0001766,KontratëNr-0001767,PRJ-002184,230,INST-0424,M02415002E,348900.0,Po,6,2026,Ministria e Brendshme,Kapitulli 2,,SHA,Shkodër,Të ardhura të trashiguara
ANG-0001767,KontratëNr-0001768,PRJ-002186,230,INST-0098,L71325019D,23847.0,Po,6,2026,Ministria e Brendshme,Kapitulli 5,,Vendore,Vlorë,Financim i huaj
ANG-0001768,KontratëNr-0001769,PRJ-002180,231,INST-0151,K62320012O,39500.0,Po,6,2026,Ministria e Brendshme,Kapitulli 6,,Qendrore,Fier,Të ardhura të trashiguara
ANG-0001769,KontratëNr-0001770,PRJ-002178,230,INST-0169,L22205001K,16000.0,Po,6,2026,Ministria e Financave dhe Ekonomisë,Kapitulli 7,,Qendrore,Elbasan,Financim i huaj
ANG-0001770,KontratëNr-0001771,PRJ-002185,231,INST-0915,M32303056L,182000.0,Po,6,2026,Ministria e Infrastruktures dhe Energjisë,Kapitulli 3,,SHA,Fier,Buxheti i Shtetit
ANG-0001771,KontratëNr-0001772,PRJ-002177,230,INST-0621,L21708012H,199000.0,Po,6,2026,Ministria e Bujqësisë dhe Zhvillimit Rural,Kapitulli 7,,Vendore,Fier,Të ardhura të trashiguara
ANG-0001772,KontratëNr-0001773,PRJ-002181,231,INST-0621,K62721401R,171000.0,Po,6,2026,Ministria e Shëndetësisë dhe Mbrojtjes Sociale,Kapitulli 5,,Vendore,Tiranë,Financim i huaj
ANG-0001773,KontratëNr-0001774,PRJ-002183,230,INST-0543,K12201002T,78503.0,Po,6,2026,Ministria e Bujqësisë dhe Zhvillimit Rural,Kapitulli 3,,Vendore,Korçë,Financim i huaj
ANG-0001774,KontratëNr-0001775,PRJ-002155,231,INST-1035,K87629701P,33166.0,Po,6,2026,Ministria e Arsimit dhe Sportit,Kapitulli 1,,Qendrore,Durrës,Financim i huaj
ANG-0001775,KontratëNr-0001776,PRJ-002160,230,INST-0574,L82309028R,690000.0,Po,6,2026,Ministria e Financave dhe Ekonomisë,Kapitulli 4,,Qendrore,Korçë,Të ardhura të trashiguara
ANG-0001776,KontratëNr-0001777,PRJ-002162,231,INST-0099,K62320012O,14000.0,Po,6,2026,Ministria e Arsimit dhe Sportit,Kapitulli 6,,Qendrore,Elbasan,Buxheti i Shtetit
ANG-0001777,KontratëNr-0001778,PRJ-002163,230,INST-0099,M56511001P,400000.0,Po,6,2026,Ministria e Infrastruktures dhe Energjisë,Kapitulli 6,,Qendrore,Fier,Të ardhura të trashiguara
ANG-0001778,KontratëNr-0001779,PRJ-002164,230,INST-0099,K62320012O,51500.0,Po,6,2026,Ministria e Shëndetësisë dhe Mbrojtjes Sociale,Kapitulli 2,,SHA,Fier,Të ardhura të trashiguara
ANG-0001779,KontratëNr-0001780,PRJ-002165,230,INST-0099,K62320012O,34000.0,Po,6,2026,Ministria e Infrastruktures dhe Energjisë,Kapitulli 4,,SHA,Korçë,Buxheti i Shtetit
ANG-0001780,,PRJ-002166,230,INST-0099,L74320602D,149500.0,Po,6,2026,Ministria e Financave dhe Ekonomisë,Kapitulli 5,,SHA,Elbasan,Buxheti i Shtetit
ANG-0001781,KontratëNr-0001782,PRJ-002167,230,INST-0921,L87218003P,99900.0,Po,6,2026,Ministria e Infrastruktures dhe Energjisë,Kapitulli 5,,Qendrore,Vlorë,Të ardhura të trashiguara
ANG-0001782,KontratëNr-0001783,PRJ-002170,230,INST-0172,L96611004A,45250.0,Po,6,2026,Ministria e Arsimit dhe Sportit,Kapitulli 7,,Vendore,Durrës,Financim i huaj
ANG-0001783,KontratëNr-0001784,PRJ-002154,230,INST-0167,K62320012O,62000.0,Po,6,2026,Ministria e Shëndetësisë dhe Mbrojtjes Sociale,Kapitulli 3,,Vendore,Korçë,Të ardhura të trashiguara
ANG-0001784,KontratëNr-0001785,PRJ-002156,231,INST-0151,,0.0,Po,6,2026,Ministria e Financave dhe Ekonomisë,Kapitulli 5,,Qendrore,Durrës,Të ardhura të trashiguara
ANG-0001785,KontratëNr-0001786,PRJ-002158,231,INST-0563,J71406006Q,57500.0,Po,6,2026,Ministria e Financave dhe Ekonomisë,Kapitulli 2,,Vendore,Korçë,Të ardhura të trashiguara
ANG-0001786,KontratëNr-0001787,PRJ-002161,230,INST-0621,K33715699K,650000.0,Po,6,2026,Ministria e Brendshme,Kapitulli 7,,SHA,Elbasan,Të ardhura të trashiguara
ANG-0001787,KontratëNr-0001788,PRJ-002169,230,INST-0122,M02415002E,498000.0,Po,6,2026,Ministria e Bujqësisë dhe Zhvillimit Rural,Kapitulli 5,,Vendore,Vlorë,Buxheti i Shtetit
ANG-0001788,KontratëNr-0001789,PRJ-002157,231,INST-1002,M46915401B,104166.5,Po,6,2026,Ministria e Bujqësisë dhe Zhvillimit Rural,Kapitulli 3,,Vendore,Vlorë,Financim i huaj
ANG-0001789,KontratëNr-0001790,PRJ-002172,230,INST-0135,L96611004A,100000.0,Po,6,2026,Ministria e Financave dhe Ekonomisë,Kapitulli 4,,SHA,Tiranë,Të ardhura të trashiguara
ANG-0001790,KontratëNr-0001791,PRJ-002159,231,INST-0567,L96611004A,100000.0,Po,6,2026,Ministria e Bujqësisë dhe Zhvillimit Rural,Kapitulli 5,,Vendore,Shkodër,Financim i huaj
ANG-0001791,KontratëNr-0001792,PRJ-002171,230,INST-0148,L72322004M,12110000.0,Po,6,2026,Ministria e Shëndetësisë dhe Mbrojtjes Sociale,Kapitulli 1,,Qendrore,Tiranë,Financim i huaj
ANG-0001792,KontratëNr-0001793,PRJ-002168,230,INST-0535,K32515185C,99000.0,Po,6,2026,Ministria e Arsimit dhe Sportit,Kapitulli 2,,Qendrore,Shkodër,Financim i huaj
ANG-0001793,,PRJ-002123,230,INST-0127,L72203065K,870864.98,Po,6,2026,Ministria e Arsimit dhe Sportit,Kapitulli 2,,Vendore,Fier,Buxheti i Shtetit
ANG-0001794,KontratëNr-0001795,PRJ-002127,231,INST-0621,K72113010E,1217191.36,Po,6,2026,Ministria e Infrastruktures dhe Energjisë,Kapitulli 2,,SHA,Durrës,Të ardhura të trashiguara
ANG-0001795,KontratëNr-0001796,PRJ-002128,231,INST-0621,L71325019D,199480.0,Po,6,2026,Ministria e Shëndetësisë dhe Mbrojtjes Sociale,Kapitulli 4,,Vendore,Korçë,Buxheti i Shtetit
ANG-0001796,KontratëNr-0001797,PRJ-002129,231,INST-0621,M57122701K,144000.0,Po,6,2026,Ministria e Arsimit dhe Sportit,Kapitulli 5,,SHA,Tiranë,Financim i huaj
ANG-0001797,KontratëNr-0001798,PRJ-002130,231,INST-0243,L01914003T,201325.0,Po,6,2026,Ministria e Arsimit dhe Sportit,Kapitulli 4,,Qendrore,Korçë,Buxheti i Shtetit
ANG-0001798,KontratëNr-0001799,PRJ-002131,231,INST-0243,J97426216L,304000.0,Po,6,2026,Ministria e Arsimit dhe Sportit,Kapitulli 1,,SHA,Tiranë,Të ardhura të trashiguara
ANG-0001799,KontratëNr-0001800,PRJ-002132,231,INST-0243,K37507919D,33330.0,Po,6,2026,Ministria e Brendshme,Kapitulli 7,,Vendore,Vlorë,Të ardhura të trashiguara
ANG-0001800,KontratëNr-0001801,PRJ-002133,231,INST-0243,L96611004A,83100.0,Po,6,2026,Ministria e Bujqësisë dhe Zhvillimit Rural,Kapitulli 1,,SHA,Durrës,Financim i huaj
ANG-0001801,KontratëNr-0001802,PRJ-002134,230,INST-0243,K37507919D,33320.0,Po,6,2026,Ministria e Bujqësisë dhe Zhvillimit Rural,Kapitulli 1,,Qendrore,Fier,Buxheti i Shtetit
ANG-0001802,KontratëNr-0001803,PRJ-002135,230,INST-0243,M41707006H,270000.0,Po,6,2026,Ministria e Arsimit dhe Sportit,Kapitulli 5,,SHA,Vlorë,Buxheti i Shtetit
ANG-0001803,KontratëNr-0001804,PRJ-002136,230,INST-0243,M19305501L,899990.0,Po,6,2026,Ministria e Bujqësisë dhe Zhvillimit Rural,Kapitulli 1,,Vendore,Korçë,Buxheti i Shtetit
ANG-0001804,KontratëNr-0001805,PRJ-002137,231,INST-0243,,0.0,Po,6,2026,Ministria e Arsimit dhe Sportit,Kapitulli 3,,SHA,Elbasan,Financim i huaj
ANG-0001805,KontratëNr-0001806,PRJ-002138,231,INST-0243,M41406021N,1210000.0,Po,6,2026,Ministria e Arsimit dhe Sportit,Kapitulli 1,,Vendore,Korçë,Financim i huaj
ANG-0001806,KontratëNr-0001807,PRJ-002139,231,INST-0243,L01314031G,1199210.0,Po,6,2026,Ministria e Shëndetësisë dhe Mbrojtjes Sociale,Kapitulli 7,,Vendore,Korçë,Buxheti i Shtetit
ANG-0001807,KontratëNr-0001808,PRJ-002140,230,INST-0243,L97522901O,22943950.0,Po,6,2026,Ministria e Arsimit dhe Sportit,Kapitulli 3,,Vendore,Korçë,Financim i huaj
ANG-0001808,KontratëNr-0001809,PRJ-002141,230,INST-0243,L64425401K,201320.0,Po,6,2026,Ministria e Brendshme,Kapitulli 2,,Vendore,Shkodër,Financim i huaj
ANG-0001809,KontratëNr-0001810,PRJ-002147,230,INST-0134,M46915401B,448500.0,Po,6,2026,Ministria e Financave dhe Ekonomisë,Kapitulli 5,,Qendrore,Tiranë,Financim i huaj
ANG-0001810,KontratëNr-0001811,PRJ-002125,230,INST-0655,K32203002I,50000.0,Po,6,2026,Ministria e Infrastruktures dhe Energjisë,Kapitulli 4,,Qendrore,Shkodër,Buxheti i Shtetit
ANG-0001811,KontratëNr-0001812,PRJ-002120,231,INST-0148,K21622001M,1286555.85,Po,6,2026,Ministria e Arsimit dhe Sportit,Kapitulli 2,,Qendrore,Durrës,Financim i huaj
ANG-0001812,KontratëNr-0001813,PRJ-002143,231,INST-0141,L41629009A,125000.0,Po,6,2026,Ministria e Financave dhe Ekonomisë,Kapitulli 4,,Qendrore,Elbasan,Buxheti i Shtetit
ANG-0001813,KontratëNr-0001814,PRJ-002144,230,INST-0141,M46915401B,476000.0,Po,6,2026,Ministria e Bujqësisë dhe Zhvillimit Rural,Kapitulli 7,,Qendrore,Elbasan,Financim i huaj
ANG-0001814,KontratëNr-0001815,PRJ-002145,231,INST-0141,L87201401H,550000.0,Po,6,2026,Ministria e Shëndetësisë dhe Mbrojtjes Sociale,Kapitulli 1,,Vendore,Korçë,Të ardhura të trashiguara
ANG-0001815,KontratëNr-0001816,PRJ-002121,230,INST-0621,L47228701S,360000.0,Po,6,2026,Ministria e Infrastruktures dhe Energjisë,Kapitulli 1,,Qendrore,Durrës,Buxheti i Shtetit
ANG-0001816,KontratëNr-0001817,PRJ-002149,230,INST-0148,M43520402Q,37800.0,Po,6,2026,Ministria e Financave dhe Ekonomisë,Kapitulli 7,,SHA,Vlorë,Financim i huaj
ANG-0001817,KontratëNr-0001818,PRJ-002126,230,INST-0641,L12107043O,99218.0,Po,6,2026,Ministria e Financave dhe Ekonomisë,Kapitulli 2,,SHA,Durrës,Të ardhura të trashiguara
ANG-0001818,KontratëNr-0001819,PRJ-002142,231,INST-0454,J91419001U,172400.0,Po,6,2026,Ministria e Shëndetësisë dhe Mbrojtjes Sociale,Kapitulli 1,,Qendrore,Vlorë,Të ardhura të trashiguara
ANG-0001819,KontratëNr-0001820,PRJ-002099,230,INST-0057,L51526010J,81200.0,Po,6,2026,Ministria e Brendshme,Kapitulli 1,,Vendore,Tiranë,Financim i huaj
ANG-0001820,KontratëNr-0001821,PRJ-002102,230,INST-0621,M17211205C,249996.0,Po,6,2026,Ministria e Bujqësisë dhe Zhvillimit Rural,Kapitulli 3,,Qendrore,Vlorë,Financim i huaj
ANG-0001821,,PRJ-002104,230,INST-0142,L62102007V,178000.0,Po,6,2026,Ministria e Shëndetësisë dhe Mbrojtjes Sociale,Kapitulli 4,,Qendrore,Korçë,Të ardhura të trashiguara
ANG-0001822,KontratëNr-0001823,PRJ-002105,231,INST-0159,K31803032W,99.79,Po,6,2026,Ministria e Shëndetësisë dhe Mbrojtjes Sociale,Kapitulli 2,,Vendore,Fier,Të ardhura të trashiguara
ANG-0001823,KontratëNr-0001824,PRJ-002103,230,INST-0121,K81607050Q,82994.0,Po,6,2026,Ministria e Shëndetësisë dhe Mbrojtjes Sociale,Kapitulli 7,,SHA,Korçë,Të ardhura të trashiguara
ANG-0001824,KontratëNr-0001825,PRJ-002107,231,INST-0957,M23602001K,98510.0,Po,6,2026,Ministria e Bujqësisë dhe Zhvillimit Rural,Kapitulli 1,,SHA,Fier,Financim i huaj
ANG-0001825,KontratëNr-0001826,PRJ-002108,231,INST-0957,K76926201W,891000.0,Po,6,2026,Ministria e Financave dhe Ekonomisë,Kapitulli 5,,Vendore,Korçë,Financim i huaj
ANG-0001826,KontratëNr-0001827,PRJ-002110,230,INST-0621,M22421024U,699000.0,Po,6,2026,Ministria e Arsimit dhe Sportit,Kapitulli 1,,Qendrore,Durrës,Buxheti i Shtetit
ANG-0001827,,PRJ-002111,231,INST-0621,L81722022V,99400.0,Po,6,2026,Ministria e Arsimit dhe Sportit,Kapitulli 7,,SHA,Fier,Të ardhura të trashiguara
ANG-0001828,KontratëNr-0001829,PRJ-002112,230,INST-0621,K21912001R,54360.0,Po,6,2026,Ministria e Arsimit dhe Sportit,Kapitulli 3,,Qendrore,Elbasan,Financim i huaj
ANG-0001829,KontratëNr-0001830,PRJ-002117,230,INST-0570,L21809501H,1551866.0,Po,6,2026,Ministria e Infrastruktures dhe Energjisë,Kapitulli 5,,Vendore,Durrës,Buxheti i Shtetit
ANG-0001830,KontratëNr-0001831,PRJ-002119,230,INST-0134,M11307042L,313000.0,Po,6,2026,Ministria e Bujqësisë dhe Zhvillimit Rural,Kapitulli 1,,SHA,Vlorë,Të ardhura të trashiguara
ANG-0001831,,PRJ-002100,231,INST-0172,L31714005J,323000.0,Po,6,2026,Ministria e Brendshme,Kapitulli 3,,Qendrore,Durrës,Buxheti i Shtetit
ANG-0001832,KontratëNr-0001833,PRJ-002106,230,INST-0118,L72429007F,769000.0,Po,6,2026,Ministria e Arsimit dhe Sportit,Kapitulli 7,,Qendrore,Korçë,Të ardhura të trashiguara
ANG-0001833,KontratëNr-0001834,PRJ-002116,231,INST-0453,K62320012O,23500.0,Po,6,2026,Ministria e Brendshme,Kapitulli 4,,Vendore,Elbasan,Të ardhura të trashiguara
ANG-0001834,KontratëNr-0001835,PRJ-002118,231,INST-0621,J76705047U,100000.0,Po,6,2026,Ministria e Arsimit dhe Sportit,Kapitulli 2,,Qendrore,Durrës,Buxheti i Shtetit
ANG-0001835,KontratëNr-0001836,PRJ-002115,230,INST-1005,K72417006F,713000.0,Po,6,2026,Ministria e Financave dhe Ekonomisë,Kapitulli 1,,SHA,Tiranë,Të ardhura të trashiguara
ANG-0001836,KontratëNr-0001837,PRJ-002109,230,INST-0454,L01314031G,618300.0,Po,6,2026,Ministria e Infrastruktures dhe Energjisë,Kapitulli 5,,SHA,Elbasan,Të ardhura të trashiguara
ANG-0001837,,PRJ-002085,231,INST-0087,J62426002Q,245000.0,Po,6,2026,Ministria e Arsimit dhe Sportit,Kapitulli 5,,Vendore,Durrës,Të ardhura të trashiguara
ANG-0001838,KontratëNr-0001839,PRJ-002086,230,INST-0424,K31520054N,9229100.0,Po,6,2026,Ministria e Bujqësisë dhe Zhvillimit Rural,Kapitulli 6,,Vendore,Vlorë,Të ardhura të trashiguara
ANG-0001839,KontratëNr-0001840,PRJ-002087,231,INST-1035,M32407021T,407990.0,Po,6,2026,Ministria e Brendshme,Kapitulli 5,,Qendrore,Korçë,Financim i huaj
ANG-0001840,KontratëNr-0001841,PRJ-002089,231,INST-0424,L58310206N,699000.0,Po,6,2026,Ministria e Brendshme,Kapitulli 2,,SHA,Tiranë,Financim i huaj
ANG-0001841,KontratëNr-0001842,PRJ-002083,231,INST-0621,J98009202P,390000.0,Po,6,2026,Ministria e Arsimit dhe Sportit,Kapitulli 6,,Qendrore,Shkodër,Buxheti i Shtetit
ANG-0001842,KontratëNr-0001843,PRJ-002084,230,INST-0621,J61820021C,898775.0,Po,6,2026,Ministria e Bujqësisë dhe Zhvillimit Rural,Kapitulli 2,,Qendrore,Elbasan,Të ardhura të trashiguara
ANG-0001843,KontratëNr-0001844,PRJ-002088,231,INST-0172,K82717204L,67500.0,Po,6,2026,Ministria e Bujqësisë dhe Zhvillimit Rural,Kapitulli 2,,SHA,Vlorë,Financim i huaj
ANG-0001844,KontratëNr-0001845,PRJ-002081,230,INST-0136,J62426002Q,317000.0,Po,6,2026,Ministria e Infrastruktures dhe Energjisë,Kapitulli 4,,SHA,Durrës,Buxheti i Shtetit
ANG-0001845,KontratëNr-0001846,PRJ-002082,230,INST-1007,J62426002Q,208333.0,Po,6,2026,Ministria e Arsimit dhe Sportit,Kapitulli 6,,SHA,Fier,Buxheti i Shtetit
ANG-0001846,KontratëNr-0001847,PRJ-002052,230,INST-0099,L61608005C,100000.0,Po,7,2026,Ministria e Infrastruktures dhe Energjisë,Kapitulli 4,,SHA,Tiranë,Buxheti i Shtetit
ANG-0001847,KontratëNr-0001848,PRJ-002054,230,INST-0172,L21420002F,318800.0,Po,7,2026,Ministria e Brendshme,Kapitulli 6,,Qendrore,Shkodër,Financim i huaj
ANG-0001848,KontratëNr-0001849,PRJ-002055,231,INST-0172,L32622601G,92000.0,Po,7,2026,Ministria e Infrastruktures dhe Energjisë,Kapitulli 3,,Vendore,Elbasan,Financim i huaj
ANG-0001849,,PRJ-002060,231,INST-0098,K72210003J,500000.0,Po,7,2026,Ministria e Shëndetësisë dhe Mbrojtjes Sociale,Kapitulli 5,,SHA,Korçë,Të ardhura të trashiguara
ANG-0001850,KontratëNr-0001851,PRJ-002061,231,INST-0172,L98722401P,680000.0,Po,7,2026,Ministria e Bujqësisë dhe Zhvillimit Rural,Kapitulli 4,,SHA,Korçë,Buxheti i Shtetit
ANG-0001851,KontratëNr-0001852,PRJ-002064,230,INST-0172,L67321201E,465000.0,Po,7,2026,Ministria e Infrastruktures dhe Energjisë,Kapitulli 7,,SHA,Vlorë,Buxheti i Shtetit
ANG-0001852,KontratëNr-0001853,PRJ-002072,231,INST-0172,L64704601S,883400.0,Po,7,2026,Ministria e Brendshme,Kapitulli 3,,Qendrore,Durrës,Financim i huaj
ANG-0001853,KontratëNr-0001854,PRJ-002058,231,INST-0167,J71315004T,946800.0,Po,7,2026,Ministria e Arsimit dhe Sportit,Kapitulli 7,,SHA,Fier,Financim i huaj
ANG-0001854,,PRJ-002067,230,INST-0621,J91419001U,361332.0,Po,7,2026,Ministria e Bujqësisë dhe Zhvillimit Rural,Kapitulli 3,,Vendore,Durrës,Buxheti i Shtetit
ANG-0001855,KontratëNr-0001856,PRJ-002069,230,INST-0121,J62009007F,416970.0,Po,7,2026,Ministria e Infrastruktures dhe Energjisë,Kapitulli 1,,Qendrore,Elbasan,Financim i huaj
ANG-0001856,KontratëNr-0001857,PRJ-002068,230,INST-0561,L63712606E,41666.67,Po,7,2026,Ministria e Financave dhe Ekonomisë,Kapitulli 5,,SHA,Vlorë,Buxheti i Shtetit
ANG-0001857,KontratëNr-0001858,PRJ-002071,230,INST-0591,K01403504J,307472.0,Po,7,2026,Ministria e Shëndetësisë dhe Mbrojtjes Sociale,Kapitulli 2,,Vendore,Tiranë,Financim i huaj
ANG-0001858,KontratëNr-0001859,PRJ-002066,231,INST-1005,L32622601G,236000.0,Po,7,2026,Ministria e Brendshme,Kapitulli 6,,Qendrore,Durrës,Të ardhura të trashiguara
ANG-0001859,KontratëNr-0001860,PRJ-002034,230,INST-1016,L12407012R,1859700.0,Po,7,2026,Ministria e Infrastruktures dhe Energjisë,Kapitulli 2,,Qendrore,Vlorë,Financim i huaj
ANG-0001860,KontratëNr-0001861,PRJ-002035,230,INST-0456,J61905015B,195000.0,Po,7,2026,Ministria e Shëndetësisë dhe Mbrojtjes Sociale,Kapitulli 2,,Qendrore,Durrës,Buxheti i Shtetit
ANG-0001861,KontratëNr-0001862,PRJ-002040,230,INST-0057,L32314016O,100000.0,Po,7,2026,Ministria e Shëndetësisë dhe Mbrojtjes Sociale,Kapitulli 7,,Qendrore,Durrës,Buxheti i Shtetit
ANG-0001862,KontratëNr-0001863,PRJ-002043,230,INST-0098,K11807008V,632000.0,Po,7,2026,Ministria e Brendshme,Kapitulli 1,,SHA,Korçë,Të ardhura të trashiguara
ANG-0001863,KontratëNr-0001864,PRJ-002032,230,INST-0173,K97730102T,1042800.0,Po,7,2026,Ministria e Financave dhe Ekonomisë,Kapitulli 1,,Vendore,Durrës,Buxheti i Shtetit
ANG-0001864,KontratëNr-0001865,PRJ-002038,230,INST-0274,L54424205B,5037000.0,Po,7,2026,Ministria e Shëndetësisë dhe Mbrojtjes Sociale,Kapitulli 7,,Vendore,Shkodër,Të ardhura të trashiguara
ANG-0001865,KontratëNr-0001866,PRJ-002036,231,INST-0915,K21521009W,82350.0,Po,7,2026,Ministria e Arsimit dhe Sportit,Kapitulli 7,,SHA,Durrës,Buxheti i Shtetit
ANG-0001866,KontratëNr-0001867,PRJ-002039,230,INST-0131,L44719002R,55033.33,Po,7,2026,Ministria e Infrastruktures dhe Energjisë,Kapitulli 5,,Vendore,Durrës,Të ardhura të trashiguara
ANG-0001867,KontratëNr-0001868,PRJ-002042,230,INST-0169,330471699,75000.0,Po,7,2026,Ministria e Infrastruktures dhe Energjisë,Kapitulli 3,,Qendrore,Vlorë,Financim i huaj
ANG-0001868,KontratëNr-0001869,PRJ-002028,230,INST-0141,L51309001L,41666.67,Po,7,2026,Ministria e Financave dhe Ekonomisë,Kapitulli 3,,Qendrore,Fier,Financim i huaj
ANG-0001869,KontratëNr-0001870,PRJ-002029,231,INST-0141,K22218003V,560000.0,Po,7,2026,Ministria e Brendshme,Kapitulli 3,,Qendrore,Vlorë,Financim i huaj
ANG-0001870,KontratëNr-0001871,PRJ-002033,230,INST-0970,L92204011T,299000.0,Po,7,2026,Ministria e Infrastruktures dhe Energjisë,Kapitulli 4,,Qendrore,Elbasan,Të ardhura të trashiguara
ANG-0001871,KontratëNr-0001872,PRJ-002037,230,INST-0591,K61610003S,205050.0,Po,7,2026,Ministria e Infrastruktures dhe Energjisë,Kapitulli 3,,SHA,Durrës,Buxheti i Shtetit
ANG-0001872,KontratëNr-0001873,PRJ-002012,231,INST-0098,M52610204S,99800.0,Po,7,2026,Ministria e Bujqësisë dhe Zhvillimit Rural,Kapitulli 3,,SHA,Tiranë,Buxheti i Shtetit
ANG-0001873,KontratëNr-0001874,PRJ-002013,230,INST-0129,K82015004O,400000.0,Po,7,2026,Ministria e Financave dhe Ekonomisë,Kapitulli 6,,SHA,Shkodër,Financim i huaj
ANG-0001874,KontratëNr-0001875,PRJ-002017,230,INST-0132,K91803020F,6885100.0,Po,7,2026,Ministria e Infrastruktures dhe Energjisë,Kapitulli 5,,Qendrore,Fier,Të ardhura të trashiguara
ANG-0001875,KontratëNr-0001876,PRJ-002016,231,INST-0958,M51602049J,83250.0,Po,7,2026,Ministria e Shëndetësisë dhe Mbrojtjes Sociale,Kapitulli 7,,Vendore,Elbasan,Buxheti i Shtetit
ANG-0001876,KontratëNr-0001877,PRJ-002030,231,INST-0156,K31503045V,354350.0,Po,7,2026,Ministria e Financave dhe Ekonomisë,Kapitulli 3,,Vendore,Tiranë,Financim i huaj
ANG-0001877,KontratëNr-0001878,PRJ-002009,231,INST-0124,L61704504H,99000.0,Po,7,2026,Ministria e Shëndetësisë dhe Mbrojtjes Sociale,Kapitulli 2,,Vendore,Fier,Financim i huaj
ANG-0001878,KontratëNr-0001879,PRJ-002010,231,INST-0175,M11712001M,97500.0,Po,7,2026,Ministria e Bujqësisë dhe Zhvillimit Rural,Kapitulli 1,,Qendrore,Tiranë,Buxheti i Shtetit
ANG-0001879,KontratëNr-0001880,PRJ-002015,231,INST-0124,K42611766Q,99000.0,Po,7,2026,Ministria e Bujqësisë dhe Zhvillimit Rural,Kapitulli 2,,Qendrore,Elbasan,Financim i huaj
ANG-0001880,KontratëNr-0001881,PRJ-002019,231,INST-0175,K51407506E,99833.0,Po,7,2026,Ministria e Bujqësisë dhe Zhvillimit Rural,Kapitulli 3,,Vendore,Durrës,Të ardhura të trashiguara
ANG-0001881,KontratëNr-0001882,PRJ-002014,230,INST-0338,K31802096W,99700.0,Po,7,2026,Ministria e Shëndetësisë dhe Mbrojtjes Sociale,Kapitulli 5,,Vendore,Vlorë,Buxheti i Shtetit
ANG-0001882,KontratëNr-0001883,PRJ-001996,230,INST-0128,L12107043O,242115.0,Po,7,2026,Ministria e Bujqësisë dhe Zhvillimit Rural,Kapitulli 7,,Vendore,Durrës,Buxheti i Shtetit
ANG-0001883,KontratëNr-0001884,PRJ-001997,231,INST-0126,J61817047D,6000.0,Po,7,2026,Ministria e Arsimit dhe Sportit,Kapitulli 2,,Qendrore,Elbasan,Buxheti i Shtetit
ANG-0001884,KontratëNr-0001885,PRJ-002000,230,INST-0099,L82203011N,339850.0,Po,7,2026,Ministria e Arsimit dhe Sportit,Kapitulli 4,,Qendrore,Tiranë,Buxheti i Shtetit
ANG-0001885,KontratëNr-0001886,PRJ-002005,230,INST-0319,M52116034T,150000.0,Po,7,2026,Ministria e Bujqësisë dhe Zhvillimit Rural,Kapitulli 6,,SHA,Shkodër,Financim i huaj
ANG-0001886,KontratëNr-0001887,PRJ-002007,231,INST-0235,M17305402J,356000.0,Po,7,2026,Ministria e Bujqësisë dhe Zhvillimit Rural,Kapitulli 3,,SHA,Vlorë,Financim i huaj
ANG-0001887,KontratëNr-0001888,PRJ-002008,231,INST-0098,J61820021C,522480.0,Po,7,2026,Ministria e Shëndetësisë dhe Mbrojtjes Sociale,Kapitulli 5,,Vendore,Vlorë,Buxheti i Shtetit
ANG-0001888,KontratëNr-0001889,PRJ-001994,231,INST-0563,M02130025Q,697000.0,Po,7,2026,Ministria e Shëndetësisë dhe Mbrojtjes Sociale,Kapitulli 6,,Qendrore,Durrës,Financim i huaj
ANG-0001889,KontratëNr-0001890,PRJ-002006,230,INST-0175,L41825004O,153000.0,Po,7,2026,Ministria e Infrastruktures dhe Energjisë,Kapitulli 6,,SHA,Vlorë,Të ardhura të trashiguara
ANG-0001890,KontratëNr-0001891,PRJ-002004,230,INST-0968,M11529014H,100000.0,Po,7,2026,Ministria e Bujqësisë dhe Zhvillimit Rural,Kapitulli 1,,SHA,Tiranë,Buxheti i Shtetit
ANG-0001891,KontratëNr-0001892,PRJ-001993,231,INST-0960,M21621008T,95004.0,Po,7,2026,Ministria e Financave dhe Ekonomisë,Kapitulli 2,,Qendrore,Tiranë,Të ardhura të trashiguara
ANG-0001892,KontratëNr-0001893,PRJ-001999,230,INST-0165,M42216504H,143000.0,Po,7,2026,Ministria e Financave dhe Ekonomisë,Kapitulli 1,,SHA,Vlorë,Buxheti i Shtetit
ANG-0001893,KontratëNr-0001894,PRJ-002002,230,INST-1005,M51714016E,767504.0,Po,7,2026,Ministria e Arsimit dhe Sportit,Kapitulli 4,,Qendrore,Durrës,Buxheti i Shtetit
ANG-0001894,KontratëNr-0001895,PRJ-002003,230,INST-0317,K51501001W,250000.0,Po,7,2026,Ministria e Shëndetësisë dhe Mbrojtjes Sociale,Kapitulli 3,,Qendrore,Durrës,Të ardhura të trashiguara
ANG-0001895,KontratëNr-0001896,PRJ-001983,231,INST-0424,L01314031G,489000.0,Po,7,2026,Ministria e Brendshme,Kapitulli 1,,Vendore,Korçë,Të ardhura të trashiguara
ANG-0001896,KontratëNr-0001897,PRJ-001984,231,INST-0057,M39230601D,708000.0,Po,7,2026,Ministria e Bujqësisë dhe Zhvillimit Rural,Kapitulli 4,,Vendore,Fier,Buxheti i Shtetit
ANG-0001897,KontratëNr-0001898,PRJ-001988,230,INST-0128,L87812902D,416000.0,Po,7,2026,Ministria e Financave dhe Ekonomisë,Kapitulli 4,,Qendrore,Vlorë,Buxheti i Shtetit
ANG-0001898,KontratëNr-0001899,PRJ-001989,230,INST-0566,K87628701K,40922.97,Po,7,2026,Ministria e Bujqësisë dhe Zhvillimit Rural,Kapitulli 7,,Qendrore,Fier,Buxheti i Shtetit
ANG-0001899,KontratëNr-0001900,PRJ-001990,231,INST-0920,J91809007H,348672.0,Po,7,2026,Ministria e Financave dhe Ekonomisë,Kapitulli 7,,Qendrore,Shkodër,Financim i huaj
ANG-0001900,KontratëNr-0001901,PRJ-001986,230,INST-0172,M41707006H,787000.0,Po,7,2026,Ministria e Shëndetësisë dhe Mbrojtjes Sociale,Kapitulli 4,,Vendore,Fier,Buxheti i Shtetit
ANG-0001901,,PRJ-001985,231,INST-0136,J62903318M,236000.0,Po,7,2026,Ministria e Financave dhe Ekonomisë,Kapitulli 2,,Qendrore,Vlorë,Buxheti i Shtetit
ANG-0001902,KontratëNr-0001903,PRJ-001987,231,INST-0135,K31510153H,945000.0,Po,7,2026,Ministria e Financave dhe Ekonomisë,Kapitulli 1,,Qendrore,Korçë,Buxheti i Shtetit
ANG-0001903,KontratëNr-0001904,PRJ-001977,231,INST-0424,L71417022J,400000.0,Po,7,2026,Ministria e Bujqësisë dhe Zhvillimit Rural,Kapitulli 2,,SHA,Tiranë,Buxheti i Shtetit
ANG-0001904,KontratëNr-0001905,PRJ-001969,230,INST-0958,M52617004S,727000.0,Po,7,2026,Ministria e Bujqësisë dhe Zhvillimit Rural,Kapitulli 3,,Qendrore,Shkodër,Të ardhura të trashiguara
ANG-0001905,KontratëNr-0001906,PRJ-001966,231,INST-0961,M42209031I,333333.0,Po,7,2026,Ministria e Infrastruktures dhe Energjisë,Kapitulli 2,,Qendrore,Vlorë,Të ardhura të trashiguara
ANG-0001906,KontratëNr-0001907,PRJ-001967,231,INST-0961,M21517029S,58000.0,Po,7,2026,Ministria e Infrastruktures dhe Energjisë,Kapitulli 6,,Vendore,Tiranë,Të ardhura të trashiguara
ANG-0001907,KontratëNr-0001908,PRJ-001968,231,INST-0961,M07108401J,199000.0,Po,7,2026,Ministria e Financave dhe Ekonomisë,Kapitulli 7,,Vendore,Korçë,Të ardhura të trashiguara
ANG-0001908,KontratëNr-0001909,PRJ-001957,231,INST-0964,M21517029S,12920.0,Po,7,2026,Ministria e Shëndetësisë dhe Mbrojtjes Sociale,Kapitulli 7,,SHA,Shkodër,Të ardhura të trashiguara
ANG-0001909,KontratëNr-0001910,PRJ-001958,231,INST-0342,K33710769Q,41249.0,Po,7,2026,Ministria e Financave dhe Ekonomisë,Kapitulli 5,,Vendore,Fier,Të ardhura të trashiguara
ANG-0001910,,PRJ-001960,231,INST-0150,M11529014H,48000.0,Po,7,2026,Ministria e Brendshme,Kapitulli 1,,SHA,Shkodër,Buxheti i Shtetit
ANG-0001911,KontratëNr-0001912,PRJ-001962,231,INST-0569,K11324003F,935000.0,Po,7,2026,Ministria e Bujqësisë dhe Zhvillimit Rural,Kapitulli 4,,Qendrore,Vlorë,Financim i huaj
ANG-0001912,KontratëNr-0001913,PRJ-001963,231,INST-0124,J61905015B,425000.0,Po,7,2026,Ministria e Shëndetësisë dhe Mbrojtjes Sociale,Kapitulli 1,,SHA,Durrës,Buxheti i Shtetit
ANG-0001913,KontratëNr-0001914,PRJ-001964,230,INST-0123,K22518401P,850000.0,Po,7,2026,Ministria e Infrastruktures dhe Energjisë,Kapitulli 4,,Vendore,Fier,Financim i huaj
ANG-0001914,KontratëNr-0001915,PRJ-001965,231,INST-0169,L76414203K,469900.0,Po,7,2026,Ministria e Bujqësisë dhe Zhvillimit Rural,Kapitulli 1,,Vendore,Durrës,Të ardhura të trashiguara
ANG-0001915,KontratëNr-0001916,PRJ-001970,230,INST-0925,L01606034A,949000.0,Po,7,2026,Ministria e Bujqësisë dhe Zhvillimit Rural,Kapitulli 1,,SHA,Elbasan,Financim i huaj
ANG-0001916,,PRJ-001971,231,INST-0925,J64103422D,51000.0,Po,7,2026,Ministria e Shëndetësisë dhe Mbrojtjes Sociale,Kapitulli 7,,Vendore,Fier,Buxheti i Shtetit
ANG-0001917,KontratëNr-0001918,PRJ-001973,231,INST-0398,J84003411K,95788723.6,Po,7,2026,Ministria e Infrastruktures dhe Energjisë,Kapitulli 4,,SHA,Shkodër,Të ardhura të trashiguara
ANG-0001918,KontratëNr-0001919,PRJ-001961,231,INST-0143,M67509801K,96000.0,Po,7,2026,Ministria e Brendshme,Kapitulli 1,,Qendrore,Tiranë,Financim i huaj
ANG-0001919,KontratëNr-0001920,PRJ-001979,231,INST-0174,K21405001N,11000.0,Po,7,2026,Ministria e Bujqësisë dhe Zhvillimit Rural,Kapitulli 6,,SHA,Korçë,Buxheti i Shtetit
ANG-0001920,KontratëNr-0001921,PRJ-001975,230,INST-0174,L58309521A,164250.0,Po,7,2026,Ministria e Bujqësisë dhe Zhvillimit Rural,Kapitulli 7,,Qendrore,Korçë,Financim i huaj
ANG-0001921,KontratëNr-0001922,PRJ-001959,230,INST-1005,L92605407J,83333.0,Po,7,2026,Ministria e Brendshme,Kapitulli 7,,Qendrore,Elbasan,Buxheti i Shtetit
ANG-0001922,,PRJ-001944,231,INST-0157,M48716101J,78486.0,Po,7,2026,Ministria e Financave dhe Ekonomisë,Kapitulli 2,,Qendrore,Fier,Buxheti i Shtetit
ANG-0001923,,PRJ-001945,231,INST-0157,K81607050Q,41278.0,Po,7,2026,Ministria e Brendshme,Kapitulli 7,,Qendrore,Korçë,Buxheti i Shtetit
ANG-0001924,KontratëNr-0001925,PRJ-001948,231,INST-0336,M51602049J,624000.0,Po,7,2026,Ministria e Shëndetësisë dhe Mbrojtjes Sociale,Kapitulli 1,,SHA,Vlorë,Financim i huaj
ANG-0001925,KontratëNr-0001926,PRJ-001952,231,INST-0132,L01325010Q,430000.0,Po,7,2026,Ministria e Brendshme,Kapitulli 5,,Vendore,Vlorë,Financim i huaj
ANG-0001926,KontratëNr-0001927,PRJ-001951,230,INST-0153,L21319037M,67410.0,Po,7,2026,Ministria e Shëndetësisë dhe Mbrojtjes Sociale,Kapitulli 2,,SHA,Shkodër,Financim i huaj
ANG-0001927,KontratëNr-0001928,PRJ-001943,231,INST-0151,K91410008J,278562.11,Po,7,2026,Ministria e Shëndetësisë dhe Mbrojtjes Sociale,Kapitulli 6,,Qendrore,Fier,Të ardhura të trashiguara
ANG-0001928,KontratëNr-0001929,PRJ-001953,230,INST-0134,M14828001J,99200.0,Po,7,2026,Ministria e Brendshme,Kapitulli 7,,Qendrore,Shkodër,Financim i huaj
ANG-0001929,KontratëNr-0001930,PRJ-001949,230,INST-0586,J87730202A,166400.0,Po,7,2026,Ministria e Shëndetësisë dhe Mbrojtjes Sociale,Kapitulli 7,,Qendrore,Korçë,Të ardhura të trashiguara
ANG-0001930,KontratëNr-0001931,PRJ-001950,230,INST-0586,M61418011A,680750.0,Po,7,2026,Ministria e Shëndetësisë dhe Mbrojtjes Sociale,Kapitulli 4,,Qendrore,Korçë,Financim i huaj
ANG-0001931,KontratëNr-0001932,PRJ-001946,230,INST-0968,K61516506H,239000.0,Po,7,2026,Ministria e Arsimit dhe Sportit,Kapitulli 2,,SHA,Korçë,Buxheti i Shtetit
ANG-0001932,,PRJ-001947,231,INST-0404,L42103023G,492283.5,Po,7,2026,Ministria e Financave dhe Ekonomisë,Kapitulli 3,,Vendore,Shkodër,Buxheti i Shtetit
ANG-0001933,KontratëNr-0001934,PRJ-001928,230,INST-0234,M32407021T,409566.5,Po,7,2026,Ministria e Brendshme,Kapitulli 2,,SHA,Fier,Të ardhura të trashiguara
ANG-0001934,KontratëNr-0001935,PRJ-001931,230,INST-0099,,0.0,Po,7,2026,Ministria e Brendshme,Kapitulli 4,,SHA,Tiranë,Të ardhura të trashiguara
ANG-0001935,KontratëNr-0001936,PRJ-001934,231,INST-0174,K41420001V,903200.0,Po,7,2026,Ministria e Brendshme,Kapitulli 1,,SHA,Elbasan,Financim i huaj
ANG-0001936,KontratëNr-0001937,PRJ-001920,231,INST-0957,J61825037N,104620.0,Po,7,2026,Ministria e Infrastruktures dhe Energjisë,Kapitulli 4,,SHA,Shkodër,Buxheti i Shtetit
ANG-0001937,KontratëNr-0001938,PRJ-001922,230,INST-0915,M16402003C,100000.0,Po,7,2026,Ministria e Arsimit dhe Sportit,Kapitulli 6,,Vendore,Elbasan,Buxheti i Shtetit
ANG-0001938,KontratëNr-0001939,PRJ-001929,231,INST-0156,K74623801H,10000.0,Po,7,2026,Ministria e Shëndetësisë dhe Mbrojtjes Sociale,Kapitulli 1,,Vendore,Vlorë,Buxheti i Shtetit
ANG-0001939,KontratëNr-0001940,PRJ-001930,231,INST-0156,M52617004S,444000.0,Po,7,2026,Ministria e Arsimit dhe Sportit,Kapitulli 3,,SHA,Elbasan,Financim i huaj
ANG-0001940,KontratëNr-0001941,PRJ-001937,231,INST-0961,K34225202T,18435257.46,Po,7,2026,Ministria e Brendshme,Kapitulli 7,,Qendrore,Shkodër,Financim i huaj
ANG-0001941,KontratëNr-0001942,PRJ-001923,231,INST-1007,L82203011N,185925.0,Po,7,2026,Ministria e Arsimit dhe Sportit,Kapitulli 3,,Qendrore,Fier,Buxheti i Shtetit
ANG-0001942,,PRJ-001924,230,INST-0175,L32314016O,100000.0,Po,7,2026,Ministria e Financave dhe Ekonomisë,Kapitulli 2,,Vendore,Fier,Financim i huaj
ANG-0001943,KontratëNr-0001944,PRJ-001925,231,INST-0175,L81325026K,250000.0,Po,7,2026,Ministria e Financave dhe Ekonomisë,Kapitulli 5,,Vendore,Shkodër,Të ardhura të trashiguara
ANG-0001944,KontratëNr-0001945,PRJ-001926,230,INST-0175,K01515004T,166000.0,Po,7,2026,Ministria e Shëndetësisë dhe Mbrojtjes Sociale,Kapitulli 4,,Qendrore,Tiranë,Buxheti i Shtetit
ANG-0001945,KontratëNr-0001946,PRJ-001927,230,INST-0332,K22013001U,3740000.0,Po,7,2026,Ministria e Shëndetësisë dhe Mbrojtjes Sociale,Kapitulli 5,,Qendrore,Vlorë,Të ardhura të trashiguara
ANG-0001946,KontratëNr-0001947,PRJ-001932,230,INST-0136,K31503045V,24875.0,Po,7,2026,Ministria e Brendshme,Kapitulli 1,,SHA,Tiranë,Financim i huaj
ANG-0001947,KontratëNr-0001948,PRJ-001921,231,INST-0970,L32403002P,296884.0,Po,7,2026,Ministria e Arsimit dhe Sportit,Kapitulli 4,,Vendore,Shkodër,Financim i huaj
ANG-0001948,KontratëNr-0001949,PRJ-001935,230,INST-0174,L71821024L,570000.0,Po,7,2026,Ministria e Infrastruktures dhe Energjisë,Kapitulli 2,,Vendore,Elbasan,Financim i huaj
ANG-0001949,KontratëNr-0001950,PRJ-001936,231,INST-0123,,0.0,Po,7,2026,Ministria e Arsimit dhe Sportit,Kapitulli 1,,SHA,Fier,Financim i huaj
ANG-0001950,KontratëNr-0001951,PRJ-001933,231,INST-1005,L87312201H,677895.0,Po,7,2026,Ministria e Brendshme,Kapitulli 4,,SHA,Durrës,Financim i huaj
ANG-0001951,KontratëNr-0001952,PRJ-001908,231,INST-0057,L31714005J,1233800.0,Po,7,2026,Ministria e Infrastruktures dhe Energjisë,Kapitulli 3,,Qendrore,Durrës,Financim i huaj
ANG-0001952,KontratëNr-0001953,PRJ-001909,231,INST-0057,L71715003C,537916.0,Po,7,2026,Ministria e Arsimit dhe Sportit,Kapitulli 7,,SHA,Fier,Të ardhura të trashiguara
ANG-0001953,KontratëNr-0001954,PRJ-001910,230,INST-0057,K21405001N,17400.0,Po,7,2026,Ministria e Arsimit dhe Sportit,Kapitulli 6,,Vendore,Vlorë,Financim i huaj
ANG-0001954,,PRJ-001912,231,INST-0621,M46915401B,355000.0,Po,7,2026,Ministria e Brendshme,Kapitulli 7,,Vendore,Tiranë,Të ardhura të trashiguara
ANG-0001955,KontratëNr-0001956,PRJ-001914,230,INST-0424,K21912001R,116400.0,Po,7,2026,Ministria e Arsimit dhe Sportit,Kapitulli 5,,SHA,Shkodër,Financim i huaj
ANG-0001956,KontratëNr-0001957,PRJ-001915,230,INST-0126,J98009202P,235333.0,Po,7,2026,Ministria e Brendshme,Kapitulli 5,,SHA,Elbasan,Të ardhura të trashiguara
ANG-0001957,KontratëNr-0001958,PRJ-001917,231,INST-0126,J61817045K,350000.0,Po,7,2026,Ministria e Brendshme,Kapitulli 3,,Qendrore,Vlorë,Të ardhura të trashiguara
ANG-0001958,KontratëNr-0001959,PRJ-001882,231,INST-0172,K21912001R,99200.0,Po,7,2026,Ministria e Financave dhe Ekonomisë,Kapitulli 7,,Vendore,Durrës,Financim i huaj
ANG-0001959,KontratëNr-0001960,PRJ-001885,231,INST-0172,L97119401D,325000.0,Po,7,2026,Ministria e Infrastruktures dhe Energjisë,Kapitulli 1,,Qendrore,Fier,Financim i huaj
ANG-0001960,KontratëNr-0001961,PRJ-001886,231,INST-0172,L83725007U,99200.0,Po,7,2026,Ministria e Shëndetësisë dhe Mbrojtjes Sociale,Kapitulli 1,,Vendore,Vlorë,Buxheti i Shtetit
ANG-0001961,KontratëNr-0001962,PRJ-001906,231,INST-0998,L47401203N,500000.0,Po,7,2026,Ministria e Bujqësisë dhe Zhvillimit Rural,Kapitulli 1,,SHA,Korçë,Të ardhura të trashiguara
ANG-0001962,KontratëNr-0001963,PRJ-001888,230,INST-0621,K57123001R,99440.0,Po,7,2026,Ministria e Financave dhe Ekonomisë,Kapitulli 7,,SHA,Fier,Të ardhura të trashiguara
ANG-0001963,KontratëNr-0001964,PRJ-001889,230,INST-0621,M41406021N,990000.0,Po,7,2026,Ministria e Brendshme,Kapitulli 5,,SHA,Durrës,Buxheti i Shtetit
ANG-0001964,KontratëNr-0001965,PRJ-001891,231,INST-0621,J61814028F,108000.0,Po,7,2026,Ministria e Infrastruktures dhe Energjisë,Kapitulli 6,,SHA,Vlorë,Buxheti i Shtetit
ANG-0001965,,PRJ-001895,231,INST-0621,K42108801C,129800.0,Po,7,2026,Ministria e Infrastruktures dhe Energjisë,Kapitulli 2,,Vendore,Tiranë,Buxheti i Shtetit
ANG-0001966,KontratëNr-0001967,PRJ-001896,230,INST-0621,K91628009V,10000.0,Po,7,2026,Ministria e Brendshme,Kapitulli 3,,Vendore,Korçë,Financim i huaj
ANG-0001967,KontratëNr-0001968,PRJ-001902,230,INST-0621,K41420001V,1579320.0,Po,7,2026,Ministria e Shëndetësisë dhe Mbrojtjes Sociale,Kapitulli 3,,SHA,Vlorë,Buxheti i Shtetit
ANG-0001968,KontratëNr-0001969,PRJ-001903,230,INST-0621,J71907014E,180500.0,Po,7,2026,Ministria e Bujqësisë dhe Zhvillimit Rural,Kapitulli 6,,SHA,Vlorë,Buxheti i Shtetit
ANG-0001969,KontratëNr-0001970,PRJ-001904,230,INST-0621,M44506003B,12500000.0,Po,7,2026,Ministria e Arsimit dhe Sportit,Kapitulli 5,,Qendrore,Tiranë,Financim i huaj
ANG-0001970,KontratëNr-0001971,PRJ-001913,231,INST-0464,K32621406F,100000.0,Po,7,2026,Ministria e Bujqësisë dhe Zhvillimit Rural,Kapitulli 4,,SHA,Vlorë,Të ardhura të trashiguara
ANG-0001971,KontratëNr-0001972,PRJ-001881,230,INST-0961,K72105003E,421646.3,Po,7,2026,Ministria e Shëndetësisë dhe Mbrojtjes Sociale,Kapitulli 5,,Qendrore,Fier,Financim i huaj
ANG-0001972,KontratëNr-0001973,PRJ-001907,230,INST-0961,M57521502N,10000.0,Po,7,2026,Ministria e Arsimit dhe Sportit,Kapitulli 2,,Qendrore,Vlorë,Të ardhura të trashiguara
ANG-0001973,KontratëNr-0001974,PRJ-001918,230,INST-0175,J71406006Q,193500.0,Po,7,2026,Ministria e Shëndetësisë dhe Mbrojtjes Sociale,Kapitulli 1,,Vendore,Vlorë,Financim i huaj
ANG-0001974,KontratëNr-0001975,PRJ-001860,230,INST-0057,M42216504H,3485400.0,Po,7,2026,Ministria e Infrastruktures dhe Energjisë,Kapitulli 7,,Vendore,Durrës,Buxheti i Shtetit
ANG-0001975,KontratëNr-0001976,PRJ-001863,230,INST-0128,J63423463I,1500000.0,Po,7,2026,Ministria e Bujqësisë dhe Zhvillimit Rural,Kapitulli 6,,SHA,Shkodër,Financim i huaj
ANG-0001976,KontratëNr-0001977,PRJ-001864,230,INST-0963,M31813031U,99700.0,Po,7,2026,Ministria e Financave dhe Ekonomisë,Kapitulli 5,,Qendrore,Elbasan,Të ardhura të trashiguara
ANG-0001977,,PRJ-001866,230,INST-0566,K42701205E,252437.5,Po,7,2026,Ministria e Infrastruktures dhe Energjisë,Kapitulli 7,,SHA,Shkodër,Buxheti i Shtetit
ANG-0001978,KontratëNr-0001979,PRJ-001867,230,INST-1011,K31510153H,273000.0,Po,7,2026,Ministria e Financave dhe Ekonomisë,Kapitulli 2,,SHA,Fier,Buxheti i Shtetit
ANG-0001979,KontratëNr-0001980,PRJ-001871,231,INST-0574,L87301801L,949000.0,Po,7,2026,Ministria e Financave dhe Ekonomisë,Kapitulli 6,,Vendore,Tiranë,Buxheti i Shtetit
ANG-0001980,KontratëNr-0001981,PRJ-001876,230,INST-1011,L82203011N,118000.0,Po,7,2026,Ministria e Shëndetësisë dhe Mbrojtjes Sociale,Kapitulli 6,,Vendore,Shkodër,Të ardhura të trashiguara
ANG-0001981,KontratëNr-0001982,PRJ-001877,231,INST-0129,M21621046I,392300.0,Po,7,2026,Ministria e Bujqësisë dhe Zhvillimit Rural,Kapitulli 2,,Qendrore,Fier,Buxheti i Shtetit
ANG-0001982,KontratëNr-0001983,PRJ-001861,230,INST-0621,L51706022H,3082920.0,Po,7,2026,Ministria e Arsimit dhe Sportit,Kapitulli 6,,SHA,Fier,Financim i huaj
ANG-0001983,KontratëNr-0001984,PRJ-001869,231,INST-0621,J71519004W,2350000.0,Po,7,2026,Ministria e Infrastruktures dhe Energjisë,Kapitulli 6,,SHA,Durrës,Buxheti i Shtetit
ANG-0001984,KontratëNr-0001985,PRJ-001878,230,INST-0621,J61827062E,2420000.0,Po,7,2026,Ministria e Financave dhe Ekonomisë,Kapitulli 2,,Vendore,Tiranë,Buxheti i Shtetit
ANG-0001985,KontratëNr-0001986,PRJ-001870,231,INST-0621,L92318009L,399500.0,Po,7,2026,Ministria e Infrastruktures dhe Energjisë,Kapitulli 2,,SHA,Durrës,Të ardhura të trashiguara
ANG-0001986,KontratëNr-0001987,PRJ-001874,231,INST-0621,M62617802F,850000.0,Po,7,2026,Ministria e Shëndetësisë dhe Mbrojtjes Sociale,Kapitulli 4,,Qendrore,Korçë,Të ardhura të trashiguara
ANG-0001987,KontratëNr-0001988,PRJ-001862,230,INST-0976,K01410001N,98200.0,Po,7,2026,Ministria e Infrastruktures dhe Energjisë,Kapitulli 7,,Vendore,Shkodër,Financim i huaj
ANG-0001988,KontratëNr-0001989,PRJ-001868,231,INST-0621,K17621104C,82015.0,Po,7,2026,Ministria e Arsimit dhe Sportit,Kapitulli 6,,Vendore,Fier,Financim i huaj
ANG-0001989,KontratëNr-0001990,PRJ-001873,231,INST-0124,M22307015R,324000.0,Po,7,2026,Ministria e Brendshme,Kapitulli 4,,SHA,Shkodër,Të ardhura të trashiguara
ANG-0001990,KontratëNr-0001991,PRJ-001875,231,INST-0170,M12506803T,259000.0,Po,7,2026,Ministria e Arsimit dhe Sportit,Kapitulli 6,,Qendrore,Korçë,Financim i huaj
ANG-0001991,KontratëNr-0001992,PRJ-001872,231,INST-0621,L03202402E,99850.0,Po,7,2026,Ministria e Bujqësisë dhe Zhvillimit Rural,Kapitulli 5,,SHA,Vlorë,Financim i huaj
ANG-0001992,KontratëNr-0001993,PRJ-001859,231,INST-0123,M04710002P,8291.0,Po,7,2026,Ministria e Brendshme,Kapitulli 7,,Vendore,Tiranë,Financim i huaj
ANG-0001993,KontratëNr-0001994,PRJ-001844,230,INST-1016,M52617004S,248999.0,Po,7,2026,Ministria e Arsimit dhe Sportit,Kapitulli 6,,Qendrore,Korçë,Financim i huaj
ANG-0001994,KontratëNr-0001995,PRJ-001845,230,INST-0128,K46523066Q,157500.0,Po,7,2026,Ministria e Bujqësisë dhe Zhvillimit Rural,Kapitulli 3,,SHA,Korçë,Financim i huaj
ANG-0001995,KontratëNr-0001996,PRJ-001846,231,INST-0128,M21307517P,545150.0,Po,7,2026,Ministria e Arsimit dhe Sportit,Kapitulli 3,,SHA,Tiranë,Buxheti i Shtetit
ANG-0001996,KontratëNr-0001997,PRJ-001847,230,INST-0128,J61814028F,151812.5,Po,7,2026,Ministria e Brendshme,Kapitulli 2,,Qendrore,Elbasan,Buxheti i Shtetit
ANG-0001997,KontratëNr-0001998,PRJ-001848,230,INST-0128,K71707007Q,199574.9,Po,7,2026,Ministria e Financave dhe Ekonomisë,Kapitulli 1,,Vendore,Elbasan,Financim i huaj
ANG-0001998,KontratëNr-0001999,PRJ-001849,231,INST-0424,J61905015B,2193000.0,Po,7,2026,Ministria e Shëndetësisë dhe Mbrojtjes Sociale,Kapitulli 2,,Qendrore,Tiranë,Financim i huaj
ANG-0001999,KontratëNr-0002000,PRJ-001854,230,INST-1006,L73810001O,100000.0,Po,7,2026,Ministria e Arsimit dhe Sportit,Kapitulli 2,,Vendore,Fier,Financim i huaj
ANG-0002000,KontratëNr-0002001,PRJ-001855,230,INST-0140,K41420001V,46350.0,Po,7,2026,Ministria e Infrastruktures dhe Energjisë,Kapitulli 6,,Vendore,Fier,Të ardhura të trashiguara
ANG-0002001,,PRJ-001856,231,INST-0099,M52617004S,727000.0,Po,7,2026,Ministria e Brendshme,Kapitulli 6,,SHA,Durrës,Të ardhura të trashiguara
ANG-0002002,KontratëNr-0002003,PRJ-001843,230,INST-0121,M22112502M,95885.0,Po,7,2026,Ministria e Shëndetësisë dhe Mbrojtjes Sociale,Kapitulli 4,,SHA,Shkodër,Buxheti i Shtetit
ANG-0002003,KontratëNr-0002004,PRJ-001851,231,INST-0155,M67509801K,99760.0,Po,7,2026,Ministria e Infrastruktures dhe Energjisë,Kapitulli 5,,Qendrore,Fier,Buxheti i Shtetit
ANG-0002004,KontratëNr-0002005,PRJ-001840,230,INST-0175,K71707007Q,1440000.0,Po,7,2026,Ministria e Financave dhe Ekonomisë,Kapitulli 5,,Vendore,Durrës,Buxheti i Shtetit
ANG-0002005,,PRJ-001865,230,INST-0168,L52031020F,490000.0,Po,7,2026,Ministria e Infrastruktures dhe Energjisë,Kapitulli 7,,Qendrore,Fier,Buxheti i Shtetit
ANG-0002006,KontratëNr-0002007,PRJ-001841,230,INST-0053,M22318016L,242845.0,Po,7,2026,Ministria e Financave dhe Ekonomisë,Kapitulli 7,,SHA,Korçë,Financim i huaj
ANG-0002007,KontratëNr-0002008,PRJ-001853,230,INST-0966,K31610057N,315000.0,Po,7,2026,Ministria e Brendshme,Kapitulli 1,,Vendore,Vlorë,Buxheti i Shtetit
ANG-0002008,,PRJ-001850,230,INST-0515,L52206020B,661000.0,Po,7,2026,Ministria e Infrastruktures dhe Energjisë,Kapitulli 3,,Qendrore,Vlorë,Financim i huaj
ANG-0002009,KontratëNr-0002010,PRJ-001816,231,INST-1035,L41309503K,92173.67,Po,7,2026,Ministria e Infrastruktures dhe Energjisë,Kapitulli 6,,Qendrore,Vlorë,Buxheti i Shtetit
ANG-0002010,KontratëNr-0002011,PRJ-001820,230,INST-0126,M32224025P,659900.0,Po,7,2026,Ministria e Infrastruktures dhe Energjisë,Kapitulli 7,,Qendrore,Fier,Të ardhura të trashiguara
ANG-0002011,KontratëNr-0002012,PRJ-001821,231,INST-1006,L71325019D,19900.0,Po,7,2026,Ministria e Infrastruktures dhe Energjisë,Kapitulli 1,,Qendrore,Vlorë,Buxheti i Shtetit
ANG-0002012,KontratëNr-0002013,PRJ-001823,231,INST-1006,L52407024V,820000.0,Po,7,2026,Ministria e Financave dhe Ekonomisë,Kapitulli 4,,Vendore,Fier,Të ardhura të trashiguara
ANG-0002013,KontratëNr-0002014,PRJ-001824,230,INST-1006,K51612031J,172500.0,Po,7,2026,Ministria e Bujqësisë dhe Zhvillimit Rural,Kapitulli 7,,Vendore,Shkodër,Buxheti i Shtetit
ANG-0002014,KontratëNr-0002015,PRJ-001825,231,INST-0652,K31503045V,14500.0,Po,7,2026,Ministria e Brendshme,Kapitulli 5,,SHA,Tiranë,Të ardhura të trashiguara
ANG-0002015,KontratëNr-0002016,PRJ-001826,230,INST-0624,K92201080V,54380.0,Po,7,2026,Ministria e Arsimit dhe Sportit,Kapitulli 3,,Qendrore,Shkodër,Financim i huaj
ANG-0002016,KontratëNr-0002017,PRJ-001830,231,INST-0099,M42413012F,100000.0,Po,7,2026,Ministria e Bujqësisë dhe Zhvillimit Rural,Kapitulli 1,,Vendore,Korçë,Financim i huaj
ANG-0002017,,PRJ-001828,230,INST-0153,K12201002T,21543.0,Po,7,2026,Ministria e Financave dhe Ekonomisë,Kapitulli 3,,Qendrore,Fier,Buxheti i Shtetit
ANG-0002018,KontratëNr-0002019,PRJ-001815,230,INST-0957,L72429007F,90583.0,Po,7,2026,Ministria e Shëndetësisë dhe Mbrojtjes Sociale,Kapitulli 1,,Qendrore,Korçë,Të ardhura të trashiguara
ANG-0002019,KontratëNr-0002020,PRJ-001817,230,INST-0957,L96611004A,96000.0,Po,7,2026,Ministria e Financave dhe Ekonomisë,Kapitulli 7,,SHA,Vlorë,Buxheti i Shtetit
ANG-0002020,,PRJ-001835,230,INST-0151,M51310002C,248760.0,Po,7,2026,Ministria e Financave dhe Ekonomisë,Kapitulli 1,,SHA,Durrës,Të ardhura të trashiguara
ANG-0002021,,PRJ-001819,230,INST-0170,K97006004D,33333.0,Po,7,2026,Ministria e Shëndetësisë dhe Mbrojtjes Sociale,Kapitulli 3,,Qendrore,Tiranë,Buxheti i Shtetit
ANG-0002022,KontratëNr-0002023,PRJ-001829,230,INST-0146,J62903750A,41750.0,Po,7,2026,Ministria e Brendshme,Kapitulli 1,,SHA,Vlorë,Buxheti i Shtetit
ANG-0002023,KontratëNr-0002024,PRJ-001837,231,INST-0102,K42108801C,250000.0,Po,7,2026,Ministria e Infrastruktures dhe Energjisë,Kapitulli 3,,Vendore,Durrës,Financim i huaj
ANG-0002024,KontratëNr-0002025,PRJ-001838,231,INST-0102,L71325019D,269000.0,Po,7,2026,Ministria e Financave dhe Ekonomisë,Kapitulli 7,,SHA,Durrës,Buxheti i Shtetit
ANG-0002025,KontratëNr-0002026,PRJ-001839,230,INST-0102,K57123001R,82660.0,Po,7,2026,Ministria e Brendshme,Kapitulli 7,,Qendrore,Fier,Të ardhura të trashiguara
ANG-0002026,KontratëNr-0002027,PRJ-001818,231,INST-0434,M22113018T,395229.54,Po,7,2026,Ministria e Arsimit dhe Sportit,Kapitulli 3,,SHA,Shkodër,Financim i huaj
ANG-0002027,KontratëNr-0002028,PRJ-001827,230,INST-0404,M03405001R,57390.0,Po,7,2026,Ministria e Financave dhe Ekonomisë,Kapitulli 2,,Vendore,Shkodër,Të ardhura të trashiguara
ANG-0002028,KontratëNr-0002029,PRJ-001836,230,INST-0591,K71707007Q,778900.0,Po,7,2026,Ministria e Arsimit dhe Sportit,Kapitulli 4,,Qendrore,Vlorë,Të ardhura të trashiguara
ANG-0002029,KontratëNr-0002030,PRJ-001789,230,INST-0621,M32407021T,129169.0,Po,7,2026,Ministria e Shëndetësisë dhe Mbrojtjes Sociale,Kapitulli 4,,Vendore,Elbasan,Buxheti i Shtetit
ANG-0002030,KontratëNr-0002031,PRJ-001797,231,INST-0424,K31823507K,75000.0,Po,7,2026,Ministria e Arsimit dhe Sportit,Kapitulli 7,,Qendrore,Elbasan,Të ardhura të trashiguara
ANG-0002031,,PRJ-001811,230,INST-0126,M28717102U,494500.0,Po,7,2026,Ministria e Financave dhe Ekonomisë,Kapitulli 5,,Vendore,Vlorë,Të ardhura të trashiguara
ANG-0002032,KontratëNr-0002033,PRJ-001813,231,INST-0126,K53717806Q,674100.0,Po,7,2026,Ministria e Bujqësisë dhe Zhvillimit Rural,Kapitulli 5,,Vendore,Shkodër,Financim i huaj
ANG-0002033,KontratëNr-0002034,PRJ-001783,230,INST-0153,L13426006B,367580.0,Po,7,2026,Ministria e Financave dhe Ekonomisë,Kapitulli 2,,Qendrore,Tiranë,Financim i huaj
ANG-0002034,KontratëNr-0002035,PRJ-001814,230,INST-0172,J64103422D,146450.0,Po,7,2026,Ministria e Infrastruktures dhe Energjisë,Kapitulli 1,,Vendore,Shkodër,Të ardhura të trashiguara
ANG-0002035,KontratëNr-0002036,PRJ-001788,230,INST-0621,M22811202K,33000.0,Po,7,2026,Ministria e Bujqësisë dhe Zhvillimit Rural,Kapitulli 2,,SHA,Durrës,Të ardhura të trashiguara
ANG-0002036,KontratëNr-0002037,PRJ-001790,230,INST-0621,L31714005J,102000.0,Po,7,2026,Ministria e Financave dhe Ekonomisë,Kapitulli 2,,Qendrore,Tiranë,Buxheti i Shtetit
ANG-0002037,KontratëNr-0002038,PRJ-001791,231,INST-0621,L49609501T,445000.0,Po,7,2026,Ministria e Bujqësisë dhe Zhvillimit Rural,Kapitulli 4,,Qendrore,Tiranë,Buxheti i Shtetit
ANG-0002038,KontratëNr-0002039,PRJ-001798,230,INST-0155,K42108801C,158136.0,Po,7,2026,Ministria e Infrastruktures dhe Energjisë,Kapitulli 4,,Vendore,Tiranë,Buxheti i Shtetit
ANG-0002039,KontratëNr-0002040,PRJ-001800,230,INST-0121,M01907027I,231000.0,Po,7,2026,Ministria e Financave dhe Ekonomisë,Kapitulli 6,,Vendore,Vlorë,Të ardhura të trashiguara
ANG-0002040,KontratëNr-0002041,PRJ-001801,230,INST-0121,K41926801W,27500.0,Po,7,2026,Ministria e Bujqësisë dhe Zhvillimit Rural,Kapitulli 4,,Qendrore,Korçë,Buxheti i Shtetit
ANG-0002041,KontratëNr-0002042,PRJ-001802,231,INST-0121,L62311016C,449240.0,Po,7,2026,Ministria e Shëndetësisë dhe Mbrojtjes Sociale,Kapitulli 4,,SHA,Elbasan,Buxheti i Shtetit
ANG-0002042,KontratëNr-0002043,PRJ-001807,230,INST-0342,J62903750A,250500.0,Po,7,2026,Ministria e Financave dhe Ekonomisë,Kapitulli 2,,Qendrore,Elbasan,Financim i huaj
ANG-0002043,KontratëNr-0002044,PRJ-001808,230,INST-0342,K62320012O,23500.0,Po,7,2026,Ministria e Bujqësisë dhe Zhvillimit Rural,Kapitulli 2,,Qendrore,Durrës,Buxheti i Shtetit
ANG-0002044,,PRJ-001809,230,INST-0342,L92119032V,99000.0,Po,7,2026,Ministria e Infrastruktures dhe Energjisë,Kapitulli 5,,Vendore,Korçë,Buxheti i Shtetit
ANG-0002045,KontratëNr-0002046,PRJ-001785,231,INST-0135,L86304701S,100000.0,Po,7,2026,Ministria e Financave dhe Ekonomisë,Kapitulli 5,,Vendore,Shkodër,Të ardhura të trashiguara
ANG-0002046,KontratëNr-0002047,PRJ-001793,230,INST-0135,K71718012P,397621.0,Po,7,2026,Ministria e Shëndetësisë dhe Mbrojtjes Sociale,Kapitulli 2,,SHA,Elbasan,Të ardhura të trashiguara
ANG-0002047,KontratëNr-0002048,PRJ-001794,231,INST-1010,M68817201C,500000.0,Po,7,2026,Ministria e Shëndetësisë dhe Mbrojtjes Sociale,Kapitulli 5,,Vendore,Elbasan,Të ardhura të trashiguara
ANG-0002048,KontratëNr-0002049,PRJ-001796,231,INST-0136,M42216504H,2624000.0,Po,7,2026,Ministria e Infrastruktures dhe Energjisë,Kapitulli 3,,SHA,Fier,Të ardhura të trashiguara
ANG-0002049,KontratëNr-0002050,PRJ-001803,230,INST-0159,L64425401K,220000.0,Po,7,2026,Ministria e Bujqësisë dhe Zhvillimit Rural,Kapitulli 1,,Qendrore,Vlorë,Buxheti i Shtetit
ANG-0002050,KontratëNr-0002051,PRJ-001804,231,INST-0159,M68817201C,720000.0,Po,7,2026,Ministria e Financave dhe Ekonomisë,Kapitulli 7,,SHA,Tiranë,Buxheti i Shtetit
ANG-0002051,,PRJ-001805,230,INST-0159,K21710002J,48000.0,Po,7,2026,Ministria e Financave dhe Ekonomisë,Kapitulli 3,,Vendore,Shkodër,Të ardhura të trashiguara
ANG-0002052,KontratëNr-0002053,PRJ-001810,231,INST-0175,K62320012O,23500.0,Po,7,2026,Ministria e Shëndetësisë dhe Mbrojtjes Sociale,Kapitulli 1,,Qendrore,Fier,Të ardhura të trashiguara
ANG-0002053,,PRJ-001787,231,INST-0621,K71821009N,837000.0,Po,7,2026,Ministria e Brendshme,Kapitulli 6,,Vendore,Shkodër,Të ardhura të trashiguara
ANG-0002054,KontratëNr-0002055,PRJ-001812,230,INST-0243,K36609610Q,81253763.0,Po,7,2026,Ministria e Financave dhe Ekonomisë,Kapitulli 5,,Vendore,Shkodër,Financim i huaj
ANG-0002055,KontratëNr-0002056,PRJ-001792,230,INST-0432,L96611004A,421000.0,Po,7,2026,Ministria e Infrastruktures dhe Energjisë,Kapitulli 4,,SHA,Shkodër,Të ardhura të trashiguara
ANG-0002056,,PRJ-001786,230,INST-0568,L96611004A,187500.0,Po,7,2026,Ministria e Arsimit dhe Sportit,Kapitulli 2,,SHA,Elbasan,Buxheti i Shtetit
ANG-0002057,KontratëNr-0002058,PRJ-001740,230,INST-1006,M66812003A,587500.0,Po,7,2026,Ministria e Financave dhe Ekonomisë,Kapitulli 4,,Vendore,Elbasan,Buxheti i Shtetit
ANG-0002058,KontratëNr-0002059,PRJ-001741,231,INST-0456,L96611004A,468500.0,Po,7,2026,Ministria e Infrastruktures dhe Energjisë,Kapitulli 1,,SHA,Korçë,Buxheti i Shtetit
ANG-0002059,KontratëNr-0002060,PRJ-001742,230,INST-0621,L52117125H,82083.0,Po,7,2026,Ministria e Financave dhe Ekonomisë,Kapitulli 1,,SHA,Fier,Financim i huaj
ANG-0002060,KontratëNr-0002061,PRJ-001753,231,INST-0621,L23401003O,986000.0,Po,7,2026,Ministria e Bujqësisë dhe Zhvillimit Rural,Kapitulli 4,,Qendrore,Korçë,Financim i huaj
ANG-0002061,KontratëNr-0002062,PRJ-001754,230,INST-0621,L51808011F,549850.0,Po,7,2026,Ministria e Shëndetësisë dhe Mbrojtjes Sociale,Kapitulli 2,,Vendore,Elbasan,Financim i huaj
ANG-0002062,KontratëNr-0002063,PRJ-001755,230,INST-0621,L57109401S,689000.0,Po,7,2026,Ministria e Shëndetësisë dhe Mbrojtjes Sociale,Kapitulli 4,,Vendore,Tiranë,Financim i huaj
ANG-0002063,,PRJ-001756,231,INST-0621,K36310782O,182950.0,Po,7,2026,Ministria e Infrastruktures dhe Energjisë,Kapitulli 7,,Qendrore,Fier,Financim i huaj
ANG-0002064,KontratëNr-0002065,PRJ-001757,230,INST-0621,K17621104C,930000.0,Po,7,2026,Ministria e Brendshme,Kapitulli 7,,Qendrore,Durrës,Financim i huaj
ANG-0002065,KontratëNr-0002066,PRJ-001766,231,INST-0099,L86506002A,466215.0,Po,7,2026,Ministria e Bujqësisë dhe Zhvillimit Rural,Kapitulli 7,,Vendore,Durrës,Buxheti i Shtetit
ANG-0002066,KontratëNr-0002067,PRJ-001769,231,INST-0962,M31724039V,839499.16,Po,7,2026,Ministria e Bujqësisë dhe Zhvillimit Rural,Kapitulli 4,,Qendrore,Durrës,Financim i huaj
ANG-0002067,KontratëNr-0002068,PRJ-001743,231,INST-0621,K14721001P,755000.0,Po,7,2026,Ministria e Bujqësisë dhe Zhvillimit Rural,Kapitulli 7,,SHA,Korçë,Buxheti i Shtetit
ANG-0002068,KontratëNr-0002069,PRJ-001738,230,INST-0915,L41726016Q,614000.0,Po,7,2026,Ministria e Brendshme,Kapitulli 4,,Vendore,Fier,Financim i huaj
ANG-0002069,KontratëNr-0002070,PRJ-001739,230,INST-0130,L71715003C,661110.0,Po,7,2026,Ministria e Infrastruktures dhe Energjisë,Kapitulli 5,,SHA,Durrës,Të ardhura të trashiguara
ANG-0002070,KontratëNr-0002071,PRJ-001745,230,INST-0940,K87628701K,2808437.67,Po,7,2026,Ministria e Arsimit dhe Sportit,Kapitulli 5,,Qendrore,Shkodër,Të ardhura të trashiguara
ANG-0002071,KontratëNr-0002072,PRJ-001746,230,INST-0940,K44802603B,3196033.33,Po,7,2026,Ministria e Infrastruktures dhe Energjisë,Kapitulli 4,,Vendore,Vlorë,Financim i huaj
ANG-0002072,KontratëNr-0002073,PRJ-001747,230,INST-0940,L92713601Q,303960.0,Po,7,2026,Ministria e Shëndetësisë dhe Mbrojtjes Sociale,Kapitulli 6,,Qendrore,Elbasan,Buxheti i Shtetit
ANG-0002073,KontratëNr-0002074,PRJ-001759,231,INST-0156,L41705503C,100000.0,Po,7,2026,Ministria e Arsimit dhe Sportit,Kapitulli 1,,Vendore,Tiranë,Të ardhura të trashiguara
ANG-0002074,KontratëNr-0002075,PRJ-001767,231,INST-0176,L86304701S,99510.0,Po,7,2026,Ministria e Shëndetësisë dhe Mbrojtjes Sociale,Kapitulli 4,,SHA,Elbasan,Financim i huaj
ANG-0002075,KontratëNr-0002076,PRJ-001770,231,INST-0122,,0.0,Po,7,2026,Ministria e Bujqësisë dhe Zhvillimit Rural,Kapitulli 6,,Vendore,Fier,Buxheti i Shtetit
ANG-0002076,KontratëNr-0002077,PRJ-001760,231,INST-0089,L21410501A,265200.0,Po,7,2026,Ministria e Financave dhe Ekonomisë,Kapitulli 3,,Qendrore,Korçë,Buxheti i Shtetit
ANG-0002077,KontratëNr-0002078,PRJ-001761,230,INST-0172,K12201002T,21543.0,Po,7,2026,Ministria e Infrastruktures dhe Energjisë,Kapitulli 4,,Vendore,Elbasan,Të ardhura të trashiguara
ANG-0002078,KontratëNr-0002079,PRJ-001762,230,INST-0172,M31417021V,3325000.0,Po,7,2026,Ministria e Brendshme,Kapitulli 7,,Qendrore,Korçë,Buxheti i Shtetit
ANG-0002079,KontratëNr-0002080,PRJ-001763,230,INST-0172,M27412402C,3593150.0,Po,7,2026,Ministria e Arsimit dhe Sportit,Kapitulli 3,,Qendrore,Shkodër,Buxheti i Shtetit
ANG-0002080,KontratëNr-0002081,PRJ-001764,231,INST-0172,K46523066Q,108000.0,Po,7,2026,Ministria e Arsimit dhe Sportit,Kapitulli 6,,SHA,Korçë,Financim i huaj
ANG-0002081,KontratëNr-0002082,PRJ-001758,230,INST-0450,K31503045V,178080.0,Po,7,2026,Ministria e Infrastruktures dhe Energjisë,Kapitulli 4,,Vendore,Elbasan,Të ardhura të trashiguara
ANG-0002082,KontratëNr-0002083,PRJ-001744,231,INST-1007,K62202046U,11820.0,Po,7,2026,Ministria e Infrastruktures dhe Energjisë,Kapitulli 5,,SHA,Korçë,Të ardhura të trashiguara
ANG-0002083,KontratëNr-0002084,PRJ-001751,230,INST-0144,L81819025K,4683.0,Po,7,2026,Ministria e Arsimit dhe Sportit,Kapitulli 7,,Vendore,Korçë,Financim i huaj
ANG-0002084,KontratëNr-0002085,PRJ-001752,230,INST-0970,M01308013C,700000.0,Po,7,2026,Ministria e Arsimit dhe Sportit,Kapitulli 3,,Qendrore,Tiranë,Buxheti i Shtetit
ANG-0002085,KontratëNr-0002086,PRJ-001749,230,INST-1007,M42008005I,709725.0,Po,7,2026,Ministria e Arsimit dhe Sportit,Kapitulli 3,,Qendrore,Durrës,Të ardhura të trashiguara
ANG-0002086,,PRJ-001750,231,INST-0565,L51622005C,166667.0,Po,7,2026,Ministria e Shëndetësisë dhe Mbrojtjes Sociale,Kapitulli 4,,Vendore,Vlorë,Të ardhura të trashiguara
ANG-0002087,KontratëNr-0002088,PRJ-001748,230,INST-0916,L72429007F,90649.0,Po,7,2026,Ministria e Financave dhe Ekonomisë,Kapitulli 3,,Qendrore,Durrës,Buxheti i Shtetit
ANG-0002088,KontratëNr-0002089,PRJ-001703,230,INST-0127,K52115005W,173900.0,Po,7,2026,Ministria e Financave dhe Ekonomisë,Kapitulli 2,,SHA,Shkodër,Të ardhura të trashiguara
ANG-0002089,,PRJ-001710,230,INST-0456,M51321047K,198700.0,Po,7,2026,Ministria e Brendshme,Kapitulli 5,,SHA,Fier,Financim i huaj
ANG-0002090,KontratëNr-0002091,PRJ-001718,231,INST-0424,J61814028F,666333.0,Po,7,2026,Ministria e Financave dhe Ekonomisë,Kapitulli 2,,Vendore,Shkodër,Të ardhura të trashiguara
ANG-0002091,KontratëNr-0002092,PRJ-001727,231,INST-0159,K77916947A,3073450.73,Po,7,2026,Ministria e Bujqësisë dhe Zhvillimit Rural,Kapitulli 1,,Vendore,Vlorë,Financim i huaj
ANG-0002092,KontratëNr-0002093,PRJ-001728,231,INST-0099,L82916601N,41550.0,Po,7,2026,Ministria e Brendshme,Kapitulli 5,,Vendore,Fier,Buxheti i Shtetit
ANG-0002093,KontratëNr-0002094,PRJ-001721,231,INST-0621,K66725002G,3728178.0,Po,7,2026,Ministria e Bujqësisë dhe Zhvillimit Rural,Kapitulli 4,,Qendrore,Durrës,Buxheti i Shtetit
ANG-0002094,KontratëNr-0002095,PRJ-001722,230,INST-0621,K62320012O,38000.0,Po,7,2026,Ministria e Arsimit dhe Sportit,Kapitulli 5,,SHA,Vlorë,Financim i huaj
ANG-0002095,KontratëNr-0002096,PRJ-001723,231,INST-0621,K62320012O,7000.0,Po,7,2026,Ministria e Infrastruktures dhe Energjisë,Kapitulli 2,,Vendore,Shkodër,Buxheti i Shtetit
ANG-0002096,KontratëNr-0002097,PRJ-001705,230,INST-0121,K33915001O,49800.0,Po,7,2026,Ministria e Bujqësisë dhe Zhvillimit Rural,Kapitulli 3,,SHA,Korçë,Të ardhura të trashiguara
ANG-0002097,KontratëNr-0002098,PRJ-001708,231,INST-0563,K33915001O,87370.0,Po,7,2026,Ministria e Shëndetësisë dhe Mbrojtjes Sociale,Kapitulli 7,,Qendrore,Shkodër,Të ardhura të trashiguara
ANG-0002098,KontratëNr-0002099,PRJ-001714,230,INST-0134,L21508008T,2468.0,Po,7,2026,Ministria e Shëndetësisë dhe Mbrojtjes Sociale,Kapitulli 5,,Vendore,Vlorë,Financim i huaj
ANG-0002099,KontratëNr-0002100,PRJ-001715,230,INST-0134,L21319037M,29278.0,Po,7,2026,Ministria e Arsimit dhe Sportit,Kapitulli 2,,SHA,Durrës,Buxheti i Shtetit
ANG-0002100,KontratëNr-0002101,PRJ-001716,230,INST-0915,L21708012H,540000.0,Po,7,2026,Ministria e Infrastruktures dhe Energjisë,Kapitulli 4,,Vendore,Tiranë,Financim i huaj
ANG-0002101,KontratëNr-0002102,PRJ-001725,231,INST-0456,M61718005K,215000.0,Po,7,2026,Ministria e Arsimit dhe Sportit,Kapitulli 6,,Qendrore,Tiranë,Të ardhura të trashiguara
ANG-0002102,KontratëNr-0002103,PRJ-001729,230,INST-0122,K41420001V,172250.0,Po,7,2026,Ministria e Infrastruktures dhe Energjisë,Kapitulli 4,,Vendore,Tiranë,Të ardhura të trashiguara
ANG-0002103,KontratëNr-0002104,PRJ-001732,231,INST-0167,J91801004M,948000.0,Po,7,2026,Ministria e Bujqësisë dhe Zhvillimit Rural,Kapitulli 1,,Qendrore,Vlorë,Financim i huaj
ANG-0002104,KontratëNr-0002105,PRJ-001704,231,INST-0621,L81506043D,1219900.0,Po,7,2026,Ministria e Bujqësisë dhe Zhvillimit Rural,Kapitulli 4,,SHA,Fier,Financim i huaj
ANG-0002105,KontratëNr-0002106,PRJ-001709,230,INST-0131,M44008802N,186478.0,Po,7,2026,Ministria e Shëndetësisë dhe Mbrojtjes Sociale,Kapitulli 7,,SHA,Vlorë,Të ardhura të trashiguara
ANG-0002106,KontratëNr-0002107,PRJ-001706,231,INST-0965,J61905015B,198375.0,Po,7,2026,Ministria e Arsimit dhe Sportit,Kapitulli 5,,Vendore,Shkodër,Buxheti i Shtetit
ANG-0002107,KontratëNr-0002108,PRJ-001713,231,INST-0165,L71715003C,299000.0,Po,7,2026,Ministria e Financave dhe Ekonomisë,Kapitulli 4,,Vendore,Durrës,Të ardhura të trashiguara
ANG-0002108,,PRJ-001731,231,INST-0621,K42108801C,75000.0,Po,7,2026,Ministria e Arsimit dhe Sportit,Kapitulli 7,,Qendrore,Vlorë,Financim i huaj
ANG-0002109,KontratëNr-0002110,PRJ-001675,230,INST-0424,L72322004M,5213000.0,Po,7,2026,Ministria e Bujqësisë dhe Zhvillimit Rural,Kapitulli 7,,SHA,Korçë,Të ardhura të trashiguara
ANG-0002110,KontratëNr-0002111,PRJ-001684,230,INST-0173,J88730334W,488912.0,Po,7,2026,Ministria e Infrastruktures dhe Energjisë,Kapitulli 2,,SHA,Vlorë,Buxheti i Shtetit
ANG-0002111,KontratëNr-0002112,PRJ-001695,230,INST-0099,K24305001Q,230000.0,Po,7,2026,Ministria e Bujqësisë dhe Zhvillimit Rural,Kapitulli 7,,Vendore,Durrës,Financim i huaj
ANG-0002112,KontratëNr-0002113,PRJ-001677,231,INST-0621,L02610601M,98000.0,Po,7,2026,Ministria e Shëndetësisë dhe Mbrojtjes Sociale,Kapitulli 6,,SHA,Fier,Financim i huaj
ANG-0002113,KontratëNr-0002114,PRJ-001694,231,INST-0098,M52311039R,100000.0,Po,7,2026,Ministria e Brendshme,Kapitulli 4,,Vendore,Elbasan,Financim i huaj
ANG-0002114,KontratëNr-0002115,PRJ-001674,230,INST-0957,K37509982G,100000.0,Po,7,2026,Ministria e Arsimit dhe Sportit,Kapitulli 5,,Qendrore,Shkodër,Buxheti i Shtetit
ANG-0002115,KontratëNr-0002116,PRJ-001681,231,INST-0957,M01928001F,85000.0,Po,7,2026,Ministria e Bujqësisë dhe Zhvillimit Rural,Kapitulli 6,,Qendrore,Korçë,Financim i huaj
ANG-0002116,KontratëNr-0002117,PRJ-001690,231,INST-0122,L51712008C,589712.0,Po,7,2026,Ministria e Infrastruktures dhe Energjisë,Kapitulli 3,,Vendore,Shkodër,Financim i huaj
ANG-0002117,KontratëNr-0002118,PRJ-001691,230,INST-0122,L01606034A,690000.0,Po,7,2026,Ministria e Bujqësisë dhe Zhvillimit Rural,Kapitulli 3,,SHA,Korçë,Buxheti i Shtetit
ANG-0002118,KontratëNr-0002119,PRJ-001692,231,INST-0122,K51612031J,309895.0,Po,7,2026,Ministria e Shëndetësisë dhe Mbrojtjes Sociale,Kapitulli 7,,Qendrore,Elbasan,Buxheti i Shtetit
ANG-0002119,KontratëNr-0002120,PRJ-001678,230,INST-0655,K32509660R,98000.0,Po,7,2026,Ministria e Shëndetësisë dhe Mbrojtjes Sociale,Kapitulli 3,,Qendrore,Shkodër,Financim i huaj
ANG-0002120,KontratëNr-0002121,PRJ-001682,231,INST-0176,J64103631O,1050315.0,Po,7,2026,Ministria e Financave dhe Ekonomisë,Kapitulli 6,,Qendrore,Elbasan,Të ardhura të trashiguara
ANG-0002121,KontratëNr-0002122,PRJ-001689,231,INST-0398,L51531003F,32883325.0,Po,7,2026,Ministria e Arsimit dhe Sportit,Kapitulli 2,,SHA,Elbasan,Financim i huaj
ANG-0002122,KontratëNr-0002123,PRJ-001696,230,INST-0176,L42103023G,758900.0,Po,7,2026,Ministria e Infrastruktures dhe Energjisë,Kapitulli 3,,SHA,Korçë,Financim i huaj
ANG-0002123,KontratëNr-0002124,PRJ-001698,230,INST-0136,K91530017T,1755816.0,Po,7,2026,Ministria e Arsimit dhe Sportit,Kapitulli 2,,Vendore,Fier,Të ardhura të trashiguara
ANG-0002124,KontratëNr-0002125,PRJ-001699,231,INST-0172,K33710769Q,37666.67,Po,7,2026,Ministria e Bujqësisë dhe Zhvillimit Rural,Kapitulli 6,,SHA,Vlorë,Buxheti i Shtetit
ANG-0002125,KontratëNr-0002126,PRJ-001700,231,INST-0172,K31503002P,82816.68,Po,7,2026,Ministria e Shëndetësisë dhe Mbrojtjes Sociale,Kapitulli 1,,Vendore,Tiranë,Buxheti i Shtetit
ANG-0002126,KontratëNr-0002127,PRJ-001701,231,INST-0172,L61901013N,504869.23,Po,7,2026,Ministria e Shëndetësisë dhe Mbrojtjes Sociale,Kapitulli 6,,SHA,Elbasan,Buxheti i Shtetit
ANG-0002127,KontratëNr-0002128,PRJ-001687,231,INST-0243,K51501001W,5300.0,Po,7,2026,Ministria e Arsimit dhe Sportit,Kapitulli 2,,SHA,Elbasan,Të ardhura të trashiguara
ANG-0002128,KontratëNr-0002129,PRJ-001679,230,INST-0543,L72203025F,73600.0,Po,7,2026,Ministria e Shëndetësisë dhe Mbrojtjes Sociale,Kapitulli 5,,Qendrore,Vlorë,Të ardhura të trashiguara
ANG-0002129,KontratëNr-0002130,PRJ-001676,231,INST-0454,K91530017T,186250.0,Po,7,2026,Ministria e Infrastruktures dhe Energjisë,Kapitulli 1,,Qendrore,Tiranë,Të ardhura të trashiguara
ANG-0002130,KontratëNr-0002131,PRJ-001686,231,INST-0641,M12605004A,96400.0,Po,7,2026,Ministria e Financave dhe Ekonomisë,Kapitulli 3,,Qendrore,Durrës,Të ardhura të trashiguara
ANG-0002131,KontratëNr-0002132,PRJ-001664,230,INST-0098,K51612031J,2550000.0,Po,7,2026,Ministria e Infrastruktures dhe Energjisë,Kapitulli 6,,SHA,Tiranë,Të ardhura të trashiguara
ANG-0002132,KontratëNr-0002133,PRJ-001658,231,INST-0957,J88730334W,186654.0,Po,7,2026,Ministria e Brendshme,Kapitulli 1,,Qendrore,Korçë,Të ardhura të trashiguara
ANG-0002133,KontratëNr-0002134,PRJ-001660,230,INST-0121,J61814028F,84000.0,Po,7,2026,Ministria e Infrastruktures dhe Energjisë,Kapitulli 2,,SHA,Elbasan,Buxheti i Shtetit
ANG-0002134,KontratëNr-0002135,PRJ-001662,230,INST-0134,L42516201T,4166667.0,Po,7,2026,Ministria e Shëndetësisë dhe Mbrojtjes Sociale,Kapitulli 5,,Qendrore,Tiranë,Financim i huaj
ANG-0002135,KontratëNr-0002136,PRJ-001659,231,INST-0958,,0.0,Po,7,2026,Ministria e Shëndetësisë dhe Mbrojtjes Sociale,Kapitulli 5,,SHA,Korçë,Të ardhura të trashiguara
ANG-0002136,KontratëNr-0002137,PRJ-001661,231,INST-0144,J88730334W,392382.0,Po,7,2026,Ministria e Bujqësisë dhe Zhvillimit Rural,Kapitulli 7,,Vendore,Tiranë,Buxheti i Shtetit
ANG-0002137,,PRJ-001666,231,INST-0175,J97426216L,76800.0,Po,7,2026,Ministria e Shëndetësisë dhe Mbrojtjes Sociale,Kapitulli 7,,Vendore,Tiranë,Të ardhura të trashiguara
ANG-0002138,KontratëNr-0002139,PRJ-001669,231,INST-0117,K74010001O,821530.0,Po,7,2026,Ministria e Infrastruktures dhe Energjisë,Kapitulli 6,,SHA,Korçë,Buxheti i Shtetit
ANG-0002139,KontratëNr-0002140,PRJ-001667,230,INST-0968,K71707007Q,644000.0,Po,7,2026,Ministria e Brendshme,Kapitulli 7,,SHA,Elbasan,Financim i huaj
ANG-0002140,KontratëNr-0002141,PRJ-001668,231,INST-0243,L22203042N,1500000.0,Po,7,2026,Ministria e Brendshme,Kapitulli 4,,SHA,Vlorë,Buxheti i Shtetit
ANG-0002141,KontratëNr-0002142,PRJ-001683,230,INST-0139,K21710002J,96000.0,Po,7,2026,Ministria e Brendshme,Kapitulli 3,,Vendore,Shkodër,Të ardhura të trashiguara
ANG-0002142,KontratëNr-0002143,PRJ-001655,230,INST-0970,M51320077D,565000.0,Po,7,2026,Ministria e Shëndetësisë dhe Mbrojtjes Sociale,Kapitulli 2,,SHA,Elbasan,Të ardhura të trashiguara
ANG-0002143,KontratëNr-0002144,PRJ-001656,230,INST-0970,K91530017T,108400.0,Po,7,2026,Ministria e Financave dhe Ekonomisë,Kapitulli 4,,Vendore,Korçë,Buxheti i Shtetit
ANG-0002144,KontratëNr-0002145,PRJ-001657,230,INST-0970,M31904013D,469000.0,Po,7,2026,Ministria e Shëndetësisë dhe Mbrojtjes Sociale,Kapitulli 7,,Qendrore,Vlorë,Të ardhura të trashiguara
ANG-0002145,KontratëNr-0002146,PRJ-001663,231,INST-0591,K91413010N,83333.0,Po,7,2026,Ministria e Brendshme,Kapitulli 3,,Vendore,Durrës,Financim i huaj
ANG-0002146,KontratëNr-0002147,PRJ-001637,230,INST-0456,K91530017T,19396.0,Po,7,2026,Ministria e Infrastruktures dhe Energjisë,Kapitulli 3,,Vendore,Durrës,Të ardhura të trashiguara
ANG-0002147,KontratëNr-0002148,PRJ-001639,231,INST-0161,K92201080V,135950.0,Po,7,2026,Ministria e Shëndetësisë dhe Mbrojtjes Sociale,Kapitulli 4,,SHA,Tiranë,Financim i huaj
ANG-0002148,KontratëNr-0002149,PRJ-001642,230,INST-0621,M11307042L,312000.0,Po,7,2026,Ministria e Financave dhe Ekonomisë,Kapitulli 7,,SHA,Fier,Buxheti i Shtetit
ANG-0002149,KontratëNr-0002150,PRJ-001643,230,INST-0099,L62102007V,49450.0,Po,7,2026,Ministria e Financave dhe Ekonomisë,Kapitulli 1,,Vendore,Korçë,Buxheti i Shtetit
ANG-0002150,KontratëNr-0002151,PRJ-001647,230,INST-0234,K12201002T,125000.0,Po,7,2026,Ministria e Brendshme,Kapitulli 2,,Vendore,Fier,Të ardhura të trashiguara
ANG-0002151,KontratëNr-0002152,PRJ-001641,231,INST-0621,M57122701K,415196.0,Po,7,2026,Ministria e Arsimit dhe Sportit,Kapitulli 4,,SHA,Shkodër,Financim i huaj
ANG-0002152,KontratëNr-0002153,PRJ-001644,231,INST-0621,L82322016N,1601615.0,Po,7,2026,Ministria e Shëndetësisë dhe Mbrojtjes Sociale,Kapitulli 3,,Qendrore,Elbasan,Financim i huaj
ANG-0002153,KontratëNr-0002154,PRJ-001645,230,INST-0621,L82008020I,549000.0,Po,7,2026,Ministria e Arsimit dhe Sportit,Kapitulli 6,,Qendrore,Tiranë,Të ardhura të trashiguara
ANG-0002154,KontratëNr-0002155,PRJ-001646,231,INST-0621,K91530017T,381150.0,Po,7,2026,Ministria e Bujqësisë dhe Zhvillimit Rural,Kapitulli 2,,Qendrore,Elbasan,Financim i huaj
ANG-0002155,KontratëNr-0002156,PRJ-001650,231,INST-0161,K91628009V,182400.0,Po,7,2026,Ministria e Financave dhe Ekonomisë,Kapitulli 7,,Qendrore,Tiranë,Të ardhura të trashiguara
ANG-0002156,KontratëNr-0002157,PRJ-001633,230,INST-0168,L12107043O,158178.0,Po,7,2026,Ministria e Brendshme,Kapitulli 2,,SHA,Durrës,Financim i huaj
ANG-0002157,KontratëNr-0002158,PRJ-001649,231,INST-1014,J61901194M,86000.0,Po,7,2026,Ministria e Shëndetësisë dhe Mbrojtjes Sociale,Kapitulli 7,,Qendrore,Durrës,Të ardhura të trashiguara
ANG-0002158,,PRJ-001636,230,INST-0588,M19305501L,389990.0,Po,7,2026,Ministria e Shëndetësisë dhe Mbrojtjes Sociale,Kapitulli 5,,Vendore,Tiranë,Të ardhura të trashiguara
ANG-0002159,KontratëNr-0002160,PRJ-001635,231,INST-0568,M48110601O,583800.0,Po,7,2026,Ministria e Shëndetësisë dhe Mbrojtjes Sociale,Kapitulli 1,,Vendore,Elbasan,Financim i huaj
ANG-0002160,,PRJ-001630,230,INST-0624,L71921002H,67000.0,Po,7,2026,Ministria e Financave dhe Ekonomisë,Kapitulli 6,,Vendore,Tiranë,Të ardhura të trashiguara
ANG-0002161,KontratëNr-0002162,PRJ-001632,231,INST-0921,L12107043O,127296.0,Po,7,2026,Ministria e Financave dhe Ekonomisë,Kapitulli 1,,Vendore,Vlorë,Financim i huaj
ANG-0002162,KontratëNr-0002163,PRJ-001601,231,INST-0172,M42614002J,755500.0,Po,7,2026,Ministria e Bujqësisë dhe Zhvillimit Rural,Kapitulli 7,,Vendore,Korçë,Buxheti i Shtetit
ANG-0002163,KontratëNr-0002164,PRJ-001602,231,INST-0172,L41629009A,140000.0,Po,7,2026,Ministria e Shëndetësisë dhe Mbrojtjes Sociale,Kapitulli 6,,SHA,Korçë,Financim i huaj
ANG-0002164,KontratëNr-0002165,PRJ-001603,230,INST-0172,,0.0,Po,7,2026,Ministria e Infrastruktures dhe Energjisë,Kapitulli 5,,Vendore,Korçë,Financim i huaj
ANG-0002165,KontratëNr-0002166,PRJ-001604,231,INST-0172,L12407012R,778800.0,Po,7,2026,Ministria e Shëndetësisë dhe Mbrojtjes Sociale,Kapitulli 1,,Vendore,Fier,Të ardhura të trashiguara
ANG-0002166,KontratëNr-0002167,PRJ-001610,230,INST-0621,M57122701K,265000.0,Po,7,2026,Ministria e Infrastruktures dhe Energjisë,Kapitulli 5,,Vendore,Elbasan,Financim i huaj
ANG-0002167,KontratëNr-0002168,PRJ-001611,231,INST-0151,L41628006Q,90000.0,Po,7,2026,Ministria e Bujqësisë dhe Zhvillimit Rural,Kapitulli 6,,Qendrore,Vlorë,Të ardhura të trashiguara
ANG-0002168,KontratëNr-0002169,PRJ-001625,231,INST-0621,M11707049K,3450000.0,Po,7,2026,Ministria e Brendshme,Kapitulli 2,,Vendore,Korçë,Të ardhura të trashiguara
ANG-0002169,KontratëNr-0002170,PRJ-001626,231,INST-0621,M51321047K,399000.0,Po,7,2026,Ministria e Bujqësisë dhe Zhvillimit Rural,Kapitulli 3,,Vendore,Korçë,Të ardhura të trashiguara
ANG-0002170,KontratëNr-0002171,PRJ-001627,230,INST-0621,L42103023G,132500.0,Po,7,2026,Ministria e Arsimit dhe Sportit,Kapitulli 4,,Qendrore,Elbasan,Buxheti i Shtetit
ANG-0002171,KontratëNr-0002172,PRJ-001628,231,INST-0621,J61814028F,21600.0,Po,7,2026,Ministria e Bujqësisë dhe Zhvillimit Rural,Kapitulli 5,,Vendore,Fier,Të ardhura të trashiguara
ANG-0002172,KontratëNr-0002173,PRJ-001605,230,INST-0957,L71821024L,166666.0,Po,7,2026,Ministria e Shëndetësisë dhe Mbrojtjes Sociale,Kapitulli 1,,Qendrore,Durrës,Buxheti i Shtetit
ANG-0002173,,PRJ-001606,230,INST-0456,L71920001R,570000.0,Po,7,2026,Ministria e Infrastruktures dhe Energjisë,Kapitulli 3,,Qendrore,Vlorë,Financim i huaj
ANG-0002174,,PRJ-001607,231,INST-0456,K63113202D,142167.0,Po,7,2026,Ministria e Financave dhe Ekonomisë,Kapitulli 2,,Vendore,Tiranë,Të ardhura të trashiguara
ANG-0002175,KontratëNr-0002176,PRJ-001600,231,INST-0579,M11529014H,99916.0,Po,7,2026,Ministria e Shëndetësisë dhe Mbrojtjes Sociale,Kapitulli 7,,Vendore,Shkodër,Të ardhura të trashiguara
ANG-0002176,KontratëNr-0002177,PRJ-001608,231,INST-1010,L62311016C,27160.0,Po,7,2026,Ministria e Brendshme,Kapitulli 4,,SHA,Elbasan,Të ardhura të trashiguara
ANG-0002177,KontratëNr-0002178,PRJ-001612,230,INST-0215,J66702413V,1732140.0,Po,7,2026,Ministria e Infrastruktures dhe Energjisë,Kapitulli 4,,Qendrore,Elbasan,Financim i huaj
ANG-0002178,KontratëNr-0002179,PRJ-001613,231,INST-0215,J71907014E,776000.0,Po,7,2026,Ministria e Arsimit dhe Sportit,Kapitulli 1,,Qendrore,Durrës,Financim i huaj
ANG-0002179,,PRJ-001614,230,INST-0215,J87602809S,1982840.0,Po,7,2026,Ministria e Bujqësisë dhe Zhvillimit Rural,Kapitulli 3,,Qendrore,Korçë,Të ardhura të trashiguara
ANG-0002180,KontratëNr-0002181,PRJ-001615,230,INST-0215,K57923807W,840000.0,Po,7,2026,Ministria e Brendshme,Kapitulli 6,,Qendrore,Shkodër,Financim i huaj
ANG-0002181,KontratëNr-0002182,PRJ-001616,230,INST-0215,M61503062Q,128000.0,Po,7,2026,Ministria e Arsimit dhe Sportit,Kapitulli 7,,Vendore,Elbasan,Të ardhura të trashiguara
ANG-0002182,KontratëNr-0002183,PRJ-001617,230,INST-0215,K51612031J,181000.0,Po,7,2026,Ministria e Financave dhe Ekonomisë,Kapitulli 3,,Qendrore,Elbasan,Financim i huaj
ANG-0002183,KontratëNr-0002184,PRJ-001618,230,INST-0215,M42113001E,4070000.0,Po,7,2026,Ministria e Infrastruktures dhe Energjisë,Kapitulli 5,,Vendore,Fier,Financim i huaj
ANG-0002184,,PRJ-001619,231,INST-0215,K41420001V,172000.0,Po,7,2026,Ministria e Financave dhe Ekonomisë,Kapitulli 2,,SHA,Elbasan,Buxheti i Shtetit
ANG-0002185,KontratëNr-0002186,PRJ-001620,231,INST-0215,J62009007F,9051000.0,Po,7,2026,Ministria e Shëndetësisë dhe Mbrojtjes Sociale,Kapitulli 3,,SHA,Durrës,Buxheti i Shtetit
ANG-0002186,KontratëNr-0002187,PRJ-001621,231,INST-0215,M42209031I,49930.0,Po,7,2026,Ministria e Brendshme,Kapitulli 3,,Vendore,Elbasan,Të ardhura të trashiguara
ANG-0002187,,PRJ-001622,230,INST-0215,M52213505B,250000.0,Po,7,2026,Ministria e Brendshme,Kapitulli 2,,Qendrore,Elbasan,Financim i huaj
ANG-0002188,KontratëNr-0002189,PRJ-001623,231,INST-0169,L52704802K,99792.0,Po,7,2026,Ministria e Financave dhe Ekonomisë,Kapitulli 3,,Qendrore,Vlorë,Financim i huaj
ANG-0002189,KontratëNr-0002190,PRJ-001624,231,INST-0175,K66801001T,393058.0,Po,7,2026,Ministria e Infrastruktures dhe Energjisë,Kapitulli 1,,Vendore,Durrës,Të ardhura të trashiguara
ANG-0002190,KontratëNr-0002191,PRJ-001629,231,INST-0175,K71717003L,350000.0,Po,7,2026,Ministria e Brendshme,Kapitulli 3,,Vendore,Tiranë,Buxheti i Shtetit
ANG-0002191,,PRJ-001609,230,INST-0560,K33708276F,984000.0,Po,7,2026,Ministria e Bujqësisë dhe Zhvillimit Rural,Kapitulli 2,,Vendore,Korçë,Financim i huaj
ANG-0002192,KontratëNr-0002193,PRJ-001631,230,INST-1004,J61814028F,418281.6,Po,7,2026,Ministria e Shëndetësisë dhe Mbrojtjes Sociale,Kapitulli 5,,SHA,Elbasan,Të ardhura të trashiguara
ANG-0002193,KontratëNr-0002194,PRJ-001575,230,INST-0963,L61621027F,198000.0,Po,7,2026,Ministria e Financave dhe Ekonomisë,Kapitulli 1,,Vendore,Fier,Buxheti i Shtetit
ANG-0002194,KontratëNr-0002195,PRJ-001579,231,INST-0057,L91418502J,400000.0,Po,7,2026,Ministria e Arsimit dhe Sportit,Kapitulli 6,,SHA,Fier,Të ardhura të trashiguara
ANG-0002195,,PRJ-001580,231,INST-0099,K12201002T,827754.0,Po,7,2026,Ministria e Arsimit dhe Sportit,Kapitulli 7,,Vendore,Fier,Të ardhura të trashiguara
ANG-0002196,KontratëNr-0002197,PRJ-001583,231,INST-0242,J62426002Q,255000.0,Po,7,2026,Ministria e Shëndetësisë dhe Mbrojtjes Sociale,Kapitulli 5,,Qendrore,Fier,Të ardhura të trashiguara
ANG-0002197,KontratëNr-0002198,PRJ-001584,230,INST-0456,K81311017J,38000.0,Po,7,2026,Ministria e Shëndetësisë dhe Mbrojtjes Sociale,Kapitulli 5,,Vendore,Shkodër,Të ardhura të trashiguara
ANG-0002198,,PRJ-001585,231,INST-0099,L72322004M,2482000.0,Po,7,2026,Ministria e Financave dhe Ekonomisë,Kapitulli 6,,SHA,Korçë,Financim i huaj
ANG-0002199,KontratëNr-0002200,PRJ-001587,230,INST-0099,M06413702V,94000.0,Po,7,2026,Ministria e Bujqësisë dhe Zhvillimit Rural,Kapitulli 2,,SHA,Vlorë,Buxheti i Shtetit
ANG-0002200,KontratëNr-0002201,PRJ-001588,230,INST-0242,M11718011D,148975.0,Po,7,2026,Ministria e Infrastruktures dhe Energjisë,Kapitulli 4,,Qendrore,Durrës,Buxheti i Shtetit
ANG-0002201,KontratëNr-0002202,PRJ-001581,230,INST-0098,K21405001N,9570.0,Po,7,2026,Ministria e Bujqësisë dhe Zhvillimit Rural,Kapitulli 3,,SHA,Fier,Financim i huaj
ANG-0002202,KontratëNr-0002203,PRJ-001577,231,INST-0964,L71715003C,538050.0,Po,7,2026,Ministria e Financave dhe Ekonomisë,Kapitulli 6,,Vendore,Tiranë,Financim i huaj
ANG-0002203,KontratëNr-0002204,PRJ-001582,230,INST-0172,K36315706P,108000.0,Po,7,2026,Ministria e Arsimit dhe Sportit,Kapitulli 1,,SHA,Tiranë,Buxheti i Shtetit
ANG-0002204,KontratëNr-0002205,PRJ-001586,231,INST-0172,K91530017T,39000.0,Po,7,2026,Ministria e Bujqësisë dhe Zhvillimit Rural,Kapitulli 6,,Qendrore,Elbasan,Financim i huaj
ANG-0002205,KontratëNr-0002206,PRJ-001578,230,INST-0621,K38708310A,230000.0,Po,7,2026,Ministria e Financave dhe Ekonomisë,Kapitulli 4,,Qendrore,Durrës,Buxheti i Shtetit
ANG-0002206,KontratëNr-0002207,PRJ-001589,231,INST-0144,M52311020H,99800.0,Po,7,2026,Ministria e Arsimit dhe Sportit,Kapitulli 2,,Qendrore,Shkodër,Të ardhura të trashiguara
ANG-0002207,KontratëNr-0002208,PRJ-001576,230,INST-0591,L91418502J,130000.0,Po,7,2026,Ministria e Arsimit dhe Sportit,Kapitulli 5,,Qendrore,Fier,Të ardhura të trashiguara
ANG-0002208,KontratëNr-0002209,PRJ-001556,230,INST-0433,L71421032N,567000.0,Po,7,2026,Ministria e Shëndetësisë dhe Mbrojtjes Sociale,Kapitulli 4,,Vendore,Elbasan,Financim i huaj
ANG-0002209,KontratëNr-0002210,PRJ-001557,230,INST-0424,L01322018T,97500.0,Po,7,2026,Ministria e Shëndetësisë dhe Mbrojtjes Sociale,Kapitulli 4,,SHA,Elbasan,Të ardhura të trashiguara
ANG-0002210,KontratëNr-0002211,PRJ-001572,230,INST-0099,L53520801J,255000.0,Po,7,2026,Ministria e Bujqësisë dhe Zhvillimit Rural,Kapitulli 1,,SHA,Vlorë,Të ardhura të trashiguara
ANG-0002211,KontratëNr-0002212,PRJ-001560,230,INST-0098,K51725033B,82250.0,Po,7,2026,Ministria e Bujqësisë dhe Zhvillimit Rural,Kapitulli 7,,Qendrore,Fier,Financim i huaj
ANG-0002212,KontratëNr-0002213,PRJ-001565,230,INST-0172,L81618035G,16658.38,Po,7,2026,Ministria e Shëndetësisë dhe Mbrojtjes Sociale,Kapitulli 1,,Vendore,Durrës,Buxheti i Shtetit
ANG-0002213,KontratëNr-0002214,PRJ-001558,230,INST-0156,J91419001U,158082.75,Po,7,2026,Ministria e Bujqësisë dhe Zhvillimit Rural,Kapitulli 7,,SHA,Korçë,Financim i huaj
ANG-0002214,KontratëNr-0002215,PRJ-001561,230,INST-0162,M62828402T,679500.0,Po,7,2026,Ministria e Brendshme,Kapitulli 7,,Vendore,Tiranë,Të ardhura të trashiguara
ANG-0002215,KontratëNr-0002216,PRJ-001570,231,INST-0163,L51419022R,350100.0,Po,7,2026,Ministria e Arsimit dhe Sportit,Kapitulli 3,,Vendore,Shkodër,Buxheti i Shtetit
ANG-0002216,KontratëNr-0002217,PRJ-001567,231,INST-0144,M51819020O,88303.6,Po,7,2026,Ministria e Infrastruktures dhe Energjisë,Kapitulli 1,,Vendore,Durrës,Financim i huaj
ANG-0002217,KontratëNr-0002218,PRJ-001569,231,INST-0965,M51602507S,598000.0,Po,7,2026,Ministria e Financave dhe Ekonomisë,Kapitulli 6,,Qendrore,Shkodër,Buxheti i Shtetit
ANG-0002218,KontratëNr-0002219,PRJ-001559,231,INST-0436,L62102007V,890000.0,Po,7,2026,Ministria e Bujqësisë dhe Zhvillimit Rural,Kapitulli 4,,SHA,Fier,Financim i huaj
ANG-0002219,KontratëNr-0002220,PRJ-001563,231,INST-0169,M53420402O,648996.0,Po,7,2026,Ministria e Arsimit dhe Sportit,Kapitulli 7,,Vendore,Tiranë,Të ardhura të trashiguara
ANG-0002220,KontratëNr-0002221,PRJ-001562,230,INST-0154,L87812902D,850000.0,Po,7,2026,Ministria e Arsimit dhe Sportit,Kapitulli 6,,Qendrore,Vlorë,Financim i huaj
ANG-0002221,,PRJ-001566,230,INST-0404,K91425009A,930600.0,Po,7,2026,Ministria e Brendshme,Kapitulli 4,,Qendrore,Durrës,Të ardhura të trashiguara
ANG-0002222,KontratëNr-0002223,PRJ-001527,231,INST-0099,K11807008V,222169.0,Po,7,2026,Ministria e Infrastruktures dhe Energjisë,Kapitulli 3,,SHA,Korçë,Financim i huaj
ANG-0002223,KontratëNr-0002224,PRJ-001534,231,INST-0099,M01321501F,100000.0,Po,7,2026,Ministria e Arsimit dhe Sportit,Kapitulli 4,,Qendrore,Vlorë,Buxheti i Shtetit
ANG-0002224,KontratëNr-0002225,PRJ-001537,230,INST-0157,M11501019A,170347.64,Po,7,2026,Ministria e Bujqësisë dhe Zhvillimit Rural,Kapitulli 1,,Qendrore,Fier,Financim i huaj
ANG-0002225,KontratëNr-0002226,PRJ-001539,231,INST-0099,K54103601Q,100000.0,Po,7,2026,Ministria e Shëndetësisë dhe Mbrojtjes Sociale,Kapitulli 1,,SHA,Tiranë,Buxheti i Shtetit
ANG-0002226,,PRJ-001541,230,INST-0433,M52124014A,86666.0,Po,7,2026,Ministria e Arsimit dhe Sportit,Kapitulli 5,,SHA,Vlorë,Financim i huaj
ANG-0002227,KontratëNr-0002228,PRJ-001542,231,INST-0128,L41628006Q,97000.0,Po,7,2026,Ministria e Infrastruktures dhe Energjisë,Kapitulli 1,,Qendrore,Shkodër,Të ardhura të trashiguara
ANG-0002228,KontratëNr-0002229,PRJ-001543,231,INST-0624,L01314031G,1666500.0,Po,7,2026,Ministria e Arsimit dhe Sportit,Kapitulli 3,,Qendrore,Vlorë,Të ardhura të trashiguara
ANG-0002229,,PRJ-001551,231,INST-0237,L81618026H,3950000.0,Po,7,2026,Ministria e Brendshme,Kapitulli 2,,Qendrore,Fier,Buxheti i Shtetit
ANG-0002230,KontratëNr-0002231,PRJ-001555,231,INST-0157,M18929501J,210000.0,Po,7,2026,Ministria e Brendshme,Kapitulli 1,,Vendore,Elbasan,Financim i huaj
ANG-0002231,KontratëNr-0002232,PRJ-001529,231,INST-0153,K52115005W,2009000.0,Po,7,2026,Ministria e Arsimit dhe Sportit,Kapitulli 3,,Qendrore,Durrës,Buxheti i Shtetit
ANG-0002232,,PRJ-001530,231,INST-0153,J61814028F,119250.0,Po,7,2026,Ministria e Bujqësisë dhe Zhvillimit Rural,Kapitulli 7,,SHA,Tiranë,Të ardhura të trashiguara
ANG-0002233,KontratëNr-0002234,PRJ-001531,230,INST-0153,K41420001V,549000.0,Po,7,2026,Ministria e Brendshme,Kapitulli 2,,Qendrore,Elbasan,Buxheti i Shtetit
ANG-0002234,KontratëNr-0002235,PRJ-001545,231,INST-0458,K01529003M,165000.0,Po,7,2026,Ministria e Financave dhe Ekonomisë,Kapitulli 3,,SHA,Korçë,Buxheti i Shtetit
ANG-0002235,KontratëNr-0002236,PRJ-001546,230,INST-0915,K91530017T,24250.0,Po,7,2026,Ministria e Infrastruktures dhe Energjisë,Kapitulli 6,,SHA,Elbasan,Financim i huaj
ANG-0002236,KontratëNr-0002237,PRJ-001552,231,INST-0122,M22527601F,189900.0,Po,7,2026,Ministria e Bujqësisë dhe Zhvillimit Rural,Kapitulli 7,,SHA,Tiranë,Buxheti i Shtetit
ANG-0002237,KontratëNr-0002238,PRJ-001528,231,INST-0162,K64630003J,41667.0,Po,7,2026,Ministria e Shëndetësisë dhe Mbrojtjes Sociale,Kapitulli 7,,SHA,Korçë,Buxheti i Shtetit
ANG-0002238,KontratëNr-0002239,PRJ-001533,230,INST-0147,K41420001V,62400.0,Po,7,2026,Ministria e Financave dhe Ekonomisë,Kapitulli 5,,Vendore,Shkodër,Të ardhura të trashiguara
ANG-0002239,KontratëNr-0002240,PRJ-001536,230,INST-0118,K62320012O,23500.0,Po,7,2026,Ministria e Infrastruktures dhe Energjisë,Kapitulli 7,,SHA,Durrës,Financim i huaj
ANG-0002240,KontratëNr-0002241,PRJ-001549,230,INST-0172,L92318009L,687230.0,Po,7,2026,Ministria e Brendshme,Kapitulli 6,,Qendrore,Elbasan,Të ardhura të trashiguara
ANG-0002241,KontratëNr-0002242,PRJ-001553,230,INST-0239,K42108801C,997757.0,Po,7,2026,Ministria e Bujqësisë dhe Zhvillimit Rural,Kapitulli 5,,Qendrore,Tiranë,Të ardhura të trashiguara
ANG-0002242,KontratëNr-0002243,PRJ-001540,231,INST-0560,L82203011N,670000.0,Po,7,2026,Ministria e Infrastruktures dhe Energjisë,Kapitulli 4,,SHA,Durrës,Buxheti i Shtetit
ANG-0002243,KontratëNr-0002244,PRJ-001535,231,INST-0496,M06411202E,152539.75,Po,7,2026,Ministria e Shëndetësisë dhe Mbrojtjes Sociale,Kapitulli 7,,SHA,Elbasan,Financim i huaj
ANG-0002244,KontratëNr-0002245,PRJ-001544,230,INST-0165,L52208070A,85000.0,Po,7,2026,Ministria e Financave dhe Ekonomisë,Kapitulli 2,,Qendrore,Elbasan,Buxheti i Shtetit
ANG-0002245,KontratëNr-0002246,PRJ-001548,231,INST-0425,M51823037F,735000.0,Po,7,2026,Ministria e Infrastruktures dhe Energjisë,Kapitulli 2,,Qendrore,Durrës,Buxheti i Shtetit
ANG-0002246,KontratëNr-0002247,PRJ-001550,230,INST-0156,M42216504H,500000.0,Po,7,2026,Ministria e Shëndetësisë dhe Mbrojtjes Sociale,Kapitulli 3,,Qendrore,Korçë,Financim i huaj
ANG-0002247,,PRJ-001532,230,INST-0846,L23401003O,40000.0,Po,7,2026,Ministria e Financave dhe Ekonomisë,Kapitulli 7,,Vendore,Tiranë,Buxheti i Shtetit
ANG-0002248,KontratëNr-0002249,PRJ-001538,231,INST-0432,L51825011V,946219.85,Po,7,2026,Ministria e Brendshme,Kapitulli 1,,Vendore,Elbasan,Të ardhura të trashiguara
ANG-0002249,KontratëNr-0002250,PRJ-001547,230,INST-0040,K51425049B,45000.0,Po,7,2026,Ministria e Bujqësisë dhe Zhvillimit Rural,Kapitulli 6,,Vendore,Shkodër,Të ardhura të trashiguara
ANG-0002250,KontratëNr-0002251,PRJ-001511,231,INST-0126,L89619601K,8330.0,Po,7,2026,Ministria e Bujqësisë dhe Zhvillimit Rural,Kapitulli 7,,Qendrore,Fier,Financim i huaj
ANG-0002251,KontratëNr-0002252,PRJ-001512,231,INST-0164,K91530017T,670000.0,Po,7,2026,Ministria e Financave dhe Ekonomisë,Kapitulli 4,,SHA,Korçë,Financim i huaj
ANG-0002252,,PRJ-001516,230,INST-0424,K91628009V,750000.0,Po,7,2026,Ministria e Bujqësisë dhe Zhvillimit Rural,Kapitulli 1,,SHA,Vlorë,Buxheti i Shtetit
ANG-0002253,KontratëNr-0002254,PRJ-001517,230,INST-0127,K21912001R,334360.0,Po,7,2026,Ministria e Bujqësisë dhe Zhvillimit Rural,Kapitulli 6,,SHA,Tiranë,Buxheti i Shtetit
ANG-0002254,KontratëNr-0002255,PRJ-001518,231,INST-0424,L71416010E,920000.0,Po,7,2026,Ministria e Shëndetësisë dhe Mbrojtjes Sociale,Kapitulli 2,,SHA,Durrës,Të ardhura të trashiguara
ANG-0002255,KontratëNr-0002256,PRJ-001519,230,INST-0424,M42216504H,598000.0,Po,7,2026,Ministria e Bujqësisë dhe Zhvillimit Rural,Kapitulli 2,,SHA,Tiranë,Financim i huaj
ANG-0002256,KontratëNr-0002257,PRJ-001520,230,INST-0424,J61814028F,228000.0,Po,7,2026,Ministria e Brendshme,Kapitulli 7,,SHA,Shkodër,Të ardhura të trashiguara
ANG-0002257,KontratëNr-0002258,PRJ-001521,230,INST-0424,K36315706P,139000.0,Po,7,2026,Ministria e Infrastruktures dhe Energjisë,Kapitulli 6,,Vendore,Elbasan,Financim i huaj
ANG-0002258,KontratëNr-0002259,PRJ-001522,230,INST-1016,K51423046N,97476.0,Po,7,2026,Ministria e Arsimit dhe Sportit,Kapitulli 7,,Qendrore,Vlorë,Të ardhura të trashiguara
ANG-0002259,KontratëNr-0002260,PRJ-001523,230,INST-1016,K11715005L,844350.0,Po,7,2026,Ministria e Financave dhe Ekonomisë,Kapitulli 5,,SHA,Shkodër,Buxheti i Shtetit
ANG-0002260,KontratëNr-0002261,PRJ-001524,231,INST-1016,L41628006Q,97900.0,Po,7,2026,Ministria e Infrastruktures dhe Energjisë,Kapitulli 4,,SHA,Vlorë,Të ardhura të trashiguara
ANG-0002261,KontratëNr-0002262,PRJ-001508,230,INST-0915,M23719001G,77000.0,Po,7,2026,Ministria e Bujqësisë dhe Zhvillimit Rural,Kapitulli 1,,SHA,Vlorë,Financim i huaj
ANG-0002262,KontratëNr-0002263,PRJ-001513,230,INST-0134,J91419001U,242700.0,Po,7,2026,Ministria e Arsimit dhe Sportit,Kapitulli 4,,SHA,Tiranë,Të ardhura të trashiguara
ANG-0002263,KontratëNr-0002264,PRJ-001510,230,INST-0131,K42701205E,639000.0,Po,7,2026,Ministria e Bujqësisë dhe Zhvillimit Rural,Kapitulli 2,,Vendore,Korçë,Financim i huaj
ANG-0002264,KontratëNr-0002265,PRJ-001515,231,INST-0337,K62320012O,32200.0,Po,7,2026,Ministria e Brendshme,Kapitulli 3,,Qendrore,Elbasan,Të ardhura të trashiguara
ANG-0002265,KontratëNr-0002266,PRJ-001509,231,INST-0337,L71607034L,78960.0,Po,7,2026,Ministria e Arsimit dhe Sportit,Kapitulli 3,,Vendore,Vlorë,Buxheti i Shtetit
ANG-0002266,KontratëNr-0002267,PRJ-001514,230,INST-0436,K72210003J,400000.0,Po,7,2026,Ministria e Brendshme,Kapitulli 5,,SHA,Korçë,Të ardhura të trashiguara
ANG-0002267,KontratëNr-0002268,PRJ-001525,231,INST-0148,K91530017T,321750.0,Po,7,2026,Ministria e Infrastruktures dhe Energjisë,Kapitulli 1,,Qendrore,Vlorë,Të ardhura të trashiguara
ANG-0002268,KontratëNr-0002269,PRJ-001472,231,INST-0621,M06316001G,93000.0,Po,8,2026,Ministria e Arsimit dhe Sportit,Kapitulli 6,,SHA,Vlorë,Financim i huaj
ANG-0002269,KontratëNr-0002270,PRJ-001473,230,INST-0621,J69102223E,811111.0,Po,8,2026,Ministria e Bujqësisë dhe Zhvillimit Rural,Kapitulli 5,,Qendrore,Elbasan,Financim i huaj
ANG-0002270,KontratëNr-0002271,PRJ-001474,231,INST-0621,K31503045V,423500.0,Po,8,2026,Ministria e Financave dhe Ekonomisë,Kapitulli 5,,Vendore,Shkodër,Të ardhura të trashiguara
ANG-0002271,KontratëNr-0002272,PRJ-001475,230,INST-0921,K23116602P,6132630.0,Po,8,2026,Ministria e Financave dhe Ekonomisë,Kapitulli 4,,SHA,Korçë,Buxheti i Shtetit
ANG-0002272,KontratëNr-0002273,PRJ-001478,231,INST-0621,M41903040T,99375.0,Po,8,2026,Ministria e Bujqësisë dhe Zhvillimit Rural,Kapitulli 4,,SHA,Vlorë,Financim i huaj
ANG-0002273,KontratëNr-0002274,PRJ-001479,230,INST-0621,K31503045V,392509.0,Po,8,2026,Ministria e Bujqësisë dhe Zhvillimit Rural,Kapitulli 4,,SHA,Tiranë,Buxheti i Shtetit
ANG-0002274,KontratëNr-0002275,PRJ-001480,230,INST-0621,K31528061N,203300.0,Po,8,2026,Ministria e Arsimit dhe Sportit,Kapitulli 3,,Vendore,Durrës,Buxheti i Shtetit
ANG-0002275,KontratëNr-0002276,PRJ-001481,231,INST-0057,K91530017T,26500.0,Po,8,2026,Ministria e Brendshme,Kapitulli 5,,SHA,Tiranë,Të ardhura të trashiguara
ANG-0002276,KontratëNr-0002277,PRJ-001484,230,INST-0621,M12409002V,99900.0,Po,8,2026,Ministria e Arsimit dhe Sportit,Kapitulli 5,,Vendore,Tiranë,Buxheti i Shtetit
ANG-0002277,,PRJ-001485,231,INST-0621,K43309402W,3585000.0,Po,8,2026,Ministria e Bujqësisë dhe Zhvillimit Rural,Kapitulli 5,,Qendrore,Vlorë,Financim i huaj
ANG-0002278,KontratëNr-0002279,PRJ-001486,230,INST-0621,K41420001V,872000.0,Po,8,2026,Ministria e Financave dhe Ekonomisë,Kapitulli 3,,SHA,Fier,Financim i huaj
ANG-0002279,KontratëNr-0002280,PRJ-001487,231,INST-0621,L42206505K,100000.0,Po,8,2026,Ministria e Brendshme,Kapitulli 3,,SHA,Tiranë,Financim i huaj
ANG-0002280,KontratëNr-0002281,PRJ-001489,231,INST-0621,L41614018P,87833.0,Po,8,2026,Ministria e Bujqësisë dhe Zhvillimit Rural,Kapitulli 1,,Vendore,Durrës,Buxheti i Shtetit
ANG-0002281,,PRJ-001491,231,INST-0621,K91530017T,1040.0,Po,8,2026,Ministria e Arsimit dhe Sportit,Kapitulli 4,,Vendore,Fier,Buxheti i Shtetit
ANG-0002282,KontratëNr-0002283,PRJ-001492,231,INST-0621,L71421032N,889700.0,Po,8,2026,Ministria e Shëndetësisë dhe Mbrojtjes Sociale,Kapitulli 4,,Vendore,Vlorë,Financim i huaj
ANG-0002283,KontratëNr-0002284,PRJ-001493,231,INST-0621,L27606201D,173000.0,Po,8,2026,Ministria e Infrastruktures dhe Energjisë,Kapitulli 6,,Qendrore,Durrës,Buxheti i Shtetit
ANG-0002284,KontratëNr-0002285,PRJ-001499,231,INST-0424,M22102009L,99500.0,Po,8,2026,Ministria e Brendshme,Kapitulli 5,,SHA,Elbasan,Financim i huaj
ANG-0002285,KontratëNr-0002286,PRJ-001470,230,INST-0156,M27412402C,1621200.0,Po,8,2026,Ministria e Bujqësisë dhe Zhvillimit Rural,Kapitulli 1,,Vendore,Vlorë,Financim i huaj
ANG-0002286,KontratëNr-0002287,PRJ-001476,230,INST-0122,K82430006C,150800.0,Po,8,2026,Ministria e Shëndetësisë dhe Mbrojtjes Sociale,Kapitulli 5,,SHA,Durrës,Buxheti i Shtetit
ANG-0002287,KontratëNr-0002288,PRJ-001494,230,INST-0957,L71715003C,266750.0,Po,8,2026,Ministria e Brendshme,Kapitulli 4,,Qendrore,Korçë,Buxheti i Shtetit
ANG-0002288,KontratëNr-0002289,PRJ-001495,230,INST-0121,M41810021A,322714.0,Po,8,2026,Ministria e Arsimit dhe Sportit,Kapitulli 4,,Vendore,Vlorë,Buxheti i Shtetit
ANG-0002289,KontratëNr-0002290,PRJ-001502,231,INST-0134,K36306784K,198217.0,Po,8,2026,Ministria e Brendshme,Kapitulli 2,,SHA,Tiranë,Buxheti i Shtetit
ANG-0002290,KontratëNr-0002291,PRJ-001503,231,INST-0122,K81503063B,208333.0,Po,8,2026,Ministria e Brendshme,Kapitulli 7,,SHA,Elbasan,Financim i huaj
ANG-0002291,KontratëNr-0002292,PRJ-001469,231,INST-1010,K21912001R,37814.0,Po,8,2026,Ministria e Arsimit dhe Sportit,Kapitulli 1,,Vendore,Elbasan,Financim i huaj
ANG-0002292,KontratëNr-0002293,PRJ-001477,230,INST-0330,L42325017J,514000.0,Po,8,2026,Ministria e Brendshme,Kapitulli 7,,SHA,Fier,Buxheti i Shtetit
ANG-0002293,KontratëNr-0002294,PRJ-001496,230,INST-0621,J84003411K,121582801.91,Po,8,2026,Ministria e Bujqësisë dhe Zhvillimit Rural,Kapitulli 5,,SHA,Korçë,Të ardhura të trashiguara
ANG-0002294,KontratëNr-0002295,PRJ-001501,231,INST-1010,K81503063B,41666.0,Po,8,2026,Ministria e Shëndetësisë dhe Mbrojtjes Sociale,Kapitulli 2,,Vendore,Vlorë,Financim i huaj
ANG-0002295,,PRJ-001482,231,INST-0243,M43709001E,37333.0,Po,8,2026,Ministria e Infrastruktures dhe Energjisë,Kapitulli 1,,SHA,Durrës,Të ardhura të trashiguara
ANG-0002296,KontratëNr-0002297,PRJ-001483,231,INST-0621,K36306784K,263091.07,Po,8,2026,Ministria e Shëndetësisë dhe Mbrojtjes Sociale,Kapitulli 5,,Qendrore,Fier,Financim i huaj
ANG-0002297,KontratëNr-0002298,PRJ-001498,230,INST-0957,K78317002F,310000.0,Po,8,2026,Ministria e Bujqësisë dhe Zhvillimit Rural,Kapitulli 6,,Qendrore,Elbasan,Financim i huaj
ANG-0002298,KontratëNr-0002299,PRJ-001446,231,INST-0621,M47009701K,189000.0,Po,8,2026,Ministria e Shëndetësisë dhe Mbrojtjes Sociale,Kapitulli 2,,SHA,Vlorë,Financim i huaj
ANG-0002299,KontratëNr-0002300,PRJ-001447,230,INST-0099,L21708012H,100000.0,Po,8,2026,Ministria e Financave dhe Ekonomisë,Kapitulli 2,,Vendore,Shkodër,Buxheti i Shtetit
ANG-0002300,KontratëNr-0002301,PRJ-001448,230,INST-0164,K98512601Q,150000.0,Po,8,2026,Ministria e Shëndetësisë dhe Mbrojtjes Sociale,Kapitulli 1,,SHA,Shkodër,Të ardhura të trashiguara
ANG-0002301,KontratëNr-0002302,PRJ-001454,230,INST-1011,M11307042L,717000.0,Po,8,2026,Ministria e Shëndetësisë dhe Mbrojtjes Sociale,Kapitulli 4,,Qendrore,Korçë,Financim i huaj
ANG-0002302,KontratëNr-0002303,PRJ-001459,231,INST-0969,L62102007V,15480.0,Po,8,2026,Ministria e Financave dhe Ekonomisë,Kapitulli 2,,Qendrore,Elbasan,Të ardhura të trashiguara
ANG-0002303,KontratëNr-0002304,PRJ-001460,231,INST-0099,M01920009G,94000.0,Po,8,2026,Ministria e Financave dhe Ekonomisë,Kapitulli 5,,SHA,Durrës,Të ardhura të trashiguara
ANG-0002304,KontratëNr-0002305,PRJ-001462,231,INST-0424,M66425002A,99450.0,Po,8,2026,Ministria e Bujqësisë dhe Zhvillimit Rural,Kapitulli 4,,Vendore,Korçë,Buxheti i Shtetit
ANG-0002305,KontratëNr-0002306,PRJ-001464,231,INST-0161,L62102007V,43200.0,Po,8,2026,Ministria e Shëndetësisë dhe Mbrojtjes Sociale,Kapitulli 2,,Vendore,Elbasan,Financim i huaj
ANG-0002306,KontratëNr-0002307,PRJ-001449,231,INST-0621,L71715003C,526830.0,Po,8,2026,Ministria e Shëndetësisë dhe Mbrojtjes Sociale,Kapitulli 6,,Vendore,Vlorë,Të ardhura të trashiguara
ANG-0002307,KontratëNr-0002308,PRJ-001450,230,INST-0621,K31422029Q,2824319.52,Po,8,2026,Ministria e Brendshme,Kapitulli 2,,Vendore,Korçë,Të ardhura të trashiguara
ANG-0002308,KontratëNr-0002309,PRJ-001451,231,INST-0621,K31418036C,22000.0,Po,8,2026,Ministria e Arsimit dhe Sportit,Kapitulli 4,,Qendrore,Fier,Të ardhura të trashiguara
ANG-0002309,KontratëNr-0002310,PRJ-001452,231,INST-0621,M11307042L,252000.0,Po,8,2026,Ministria e Brendshme,Kapitulli 5,,SHA,Durrës,Të ardhura të trashiguara
ANG-0002310,KontratëNr-0002311,PRJ-001445,231,INST-0958,L51419022R,199900.0,Po,8,2026,Ministria e Financave dhe Ekonomisë,Kapitulli 5,,Qendrore,Elbasan,Buxheti i Shtetit
ANG-0002311,KontratëNr-0002312,PRJ-001457,231,INST-0964,K31418036C,12000.0,Po,8,2026,Ministria e Bujqësisë dhe Zhvillimit Rural,Kapitulli 7,,SHA,Durrës,Buxheti i Shtetit
ANG-0002312,KontratëNr-0002313,PRJ-001458,230,INST-0964,K21518003F,5486300.0,Po,8,2026,Ministria e Bujqësisë dhe Zhvillimit Rural,Kapitulli 2,,Qendrore,Vlorë,Të ardhura të trashiguara
ANG-0002313,KontratëNr-0002314,PRJ-001461,231,INST-1007,J72510467A,3390000.0,Po,8,2026,Ministria e Brendshme,Kapitulli 7,,Vendore,Durrës,Financim i huaj
ANG-0002314,KontratëNr-0002315,PRJ-001456,231,INST-0141,L47707101H,460000.0,Po,8,2026,Ministria e Bujqësisë dhe Zhvillimit Rural,Kapitulli 2,,Vendore,Durrës,Financim i huaj
ANG-0002315,,PRJ-001422,231,INST-0127,M41707006H,438700.0,Po,8,2026,Ministria e Financave dhe Ekonomisë,Kapitulli 2,,SHA,Tiranë,Financim i huaj
ANG-0002316,KontratëNr-0002317,PRJ-001426,231,INST-1016,K63910203U,281062.0,Po,8,2026,Ministria e Arsimit dhe Sportit,Kapitulli 1,,SHA,Durrës,Buxheti i Shtetit
ANG-0002317,KontratëNr-0002318,PRJ-001427,230,INST-1016,J71907014E,172000.0,Po,8,2026,Ministria e Infrastruktures dhe Energjisë,Kapitulli 7,,Vendore,Shkodër,Financim i huaj
ANG-0002318,KontratëNr-0002319,PRJ-001432,230,INST-0456,L71325019D,28600.0,Po,8,2026,Ministria e Infrastruktures dhe Energjisë,Kapitulli 3,,Vendore,Shkodër,Të ardhura të trashiguara
ANG-0002319,KontratëNr-0002320,PRJ-001438,231,INST-0621,M01323012A,11002540.0,Po,8,2026,Ministria e Bujqësisë dhe Zhvillimit Rural,Kapitulli 7,,SHA,Tiranë,Të ardhura të trashiguara
ANG-0002320,,PRJ-001439,231,INST-0621,K81309045E,243900.0,Po,8,2026,Ministria e Bujqësisë dhe Zhvillimit Rural,Kapitulli 7,,SHA,Korçë,Të ardhura të trashiguara
ANG-0002321,KontratëNr-0002322,PRJ-001440,230,INST-0621,J81603002W,26500.0,Po,8,2026,Ministria e Shëndetësisë dhe Mbrojtjes Sociale,Kapitulli 7,,SHA,Korçë,Të ardhura të trashiguara
ANG-0002322,KontratëNr-0002323,PRJ-001431,230,INST-0098,K32731239W,208333.0,Po,8,2026,Ministria e Arsimit dhe Sportit,Kapitulli 3,,Vendore,Shkodër,Buxheti i Shtetit
ANG-0002323,KontratëNr-0002324,PRJ-001435,230,INST-0921,J91809007H,94000.0,Po,8,2026,Ministria e Infrastruktures dhe Energjisë,Kapitulli 6,,SHA,Fier,Të ardhura të trashiguara
ANG-0002324,KontratëNr-0002325,PRJ-001424,230,INST-0915,M66614602J,202555.0,Po,8,2026,Ministria e Arsimit dhe Sportit,Kapitulli 3,,Vendore,Shkodër,Financim i huaj
ANG-0002325,KontratëNr-0002326,PRJ-001455,230,INST-0575,M22421024U,279000.0,Po,8,2026,Ministria e Shëndetësisë dhe Mbrojtjes Sociale,Kapitulli 2,,Vendore,Vlorë,Financim i huaj
ANG-0002326,KontratëNr-0002327,PRJ-001420,231,INST-0958,K42108801C,498200.0,Po,8,2026,Ministria e Arsimit dhe Sportit,Kapitulli 5,,Qendrore,Shkodër,Të ardhura të trashiguara
ANG-0002327,KontratëNr-0002328,PRJ-001430,230,INST-0534,M61417003D,600000.0,Po,8,2026,Ministria e Infrastruktures dhe Energjisë,Kapitulli 3,,Vendore,Durrës,Buxheti i Shtetit
ANG-0002328,KontratëNr-0002329,PRJ-001433,231,INST-0136,L61621027F,997000.0,Po,8,2026,Ministria e Arsimit dhe Sportit,Kapitulli 2,,Vendore,Korçë,Të ardhura të trashiguara
ANG-0002329,KontratëNr-0002330,PRJ-001436,231,INST-1002,M21529042N,99969.0,Po,8,2026,Ministria e Brendshme,Kapitulli 4,,Vendore,Shkodër,Të ardhura të trashiguara
ANG-0002330,KontratëNr-0002331,PRJ-001437,231,INST-0146,L91418502J,60000.0,Po,8,2026,Ministria e Bujqësisë dhe Zhvillimit Rural,Kapitulli 1,,SHA,Durrës,Të ardhura të trashiguara
ANG-0002331,,PRJ-001443,231,INST-0966,M12506803T,96000.0,Po,8,2026,Ministria e Arsimit dhe Sportit,Kapitulli 1,,Qendrore,Korçë,Të ardhura të trashiguara
ANG-0002332,KontratëNr-0002333,PRJ-001441,231,INST-0621,K87628701K,46588.75,Po,8,2026,Ministria e Bujqësisë dhe Zhvillimit Rural,Kapitulli 5,,SHA,Fier,Buxheti i Shtetit
ANG-0002333,KontratëNr-0002334,PRJ-001442,231,INST-0156,M21906013M,95200.0,Po,8,2026,Ministria e Shëndetësisë dhe Mbrojtjes Sociale,Kapitulli 6,,Qendrore,Vlorë,Financim i huaj
ANG-0002334,KontratëNr-0002335,PRJ-001444,230,INST-0165,L92318009L,662560.0,Po,8,2026,Ministria e Shëndetësisë dhe Mbrojtjes Sociale,Kapitulli 7,,Qendrore,Fier,Të ardhura të trashiguara
ANG-0002335,KontratëNr-0002336,PRJ-001425,230,INST-0454,M01321501F,799000.0,Po,8,2026,Ministria e Brendshme,Kapitulli 2,,SHA,Fier,Të ardhura të trashiguara
ANG-0002336,KontratëNr-0002337,PRJ-001434,231,INST-0504,L41726016Q,45833.33,Po,8,2026,Ministria e Brendshme,Kapitulli 3,,SHA,Tiranë,Të ardhura të trashiguara
ANG-0002337,KontratëNr-0002338,PRJ-001408,230,INST-0126,K93018204V,340000.0,Po,8,2026,Ministria e Financave dhe Ekonomisë,Kapitulli 4,,Vendore,Vlorë,Buxheti i Shtetit
ANG-0002338,KontratëNr-0002339,PRJ-001410,231,INST-0057,K31528037R,214555.0,Po,8,2026,Ministria e Bujqësisë dhe Zhvillimit Rural,Kapitulli 6,,SHA,Tiranë,Të ardhura të trashiguara
ANG-0002339,KontratëNr-0002340,PRJ-001416,231,INST-0424,M61718005K,859000.0,Po,8,2026,Ministria e Shëndetësisë dhe Mbrojtjes Sociale,Kapitulli 6,,Vendore,Korçë,Të ardhura të trashiguara
ANG-0002340,KontratëNr-0002341,PRJ-001418,230,INST-0424,M27412402C,749000.0,Po,8,2026,Ministria e Arsimit dhe Sportit,Kapitulli 1,,SHA,Tiranë,Financim i huaj
ANG-0002341,KontratëNr-0002342,PRJ-001413,231,INST-0098,M12127026K,122000.0,Po,8,2026,Ministria e Infrastruktures dhe Energjisë,Kapitulli 6,,Qendrore,Shkodër,Të ardhura të trashiguara
ANG-0002342,KontratëNr-0002343,PRJ-001417,231,INST-0098,L21305035S,378816.0,Po,8,2026,Ministria e Financave dhe Ekonomisë,Kapitulli 7,,Qendrore,Fier,Të ardhura të trashiguara
ANG-0002343,KontratëNr-0002344,PRJ-001411,230,INST-0915,J61820021C,99600.0,Po,8,2026,Ministria e Infrastruktures dhe Energjisë,Kapitulli 7,,Qendrore,Vlorë,Financim i huaj
ANG-0002344,KontratëNr-0002345,PRJ-001414,230,INST-0621,K12201002T,172971.0,Po,8,2026,Ministria e Brendshme,Kapitulli 7,,Qendrore,Shkodër,Të ardhura të trashiguara
ANG-0002345,KontratëNr-0002346,PRJ-001415,230,INST-0424,M41810021A,166732.44,Po,8,2026,Ministria e Financave dhe Ekonomisë,Kapitulli 6,,Vendore,Tiranë,Financim i huaj
ANG-0002346,KontratëNr-0002347,PRJ-001419,231,INST-0621,K37509982G,10950.0,Po,8,2026,Ministria e Financave dhe Ekonomisë,Kapitulli 5,,Vendore,Shkodër,Financim i huaj
ANG-0002347,KontratëNr-0002348,PRJ-001409,231,INST-0568,M28717102U,330000.0,Po,8,2026,Ministria e Infrastruktures dhe Energjisë,Kapitulli 5,,Vendore,Fier,Buxheti i Shtetit
ANG-0002348,KontratëNr-0002349,PRJ-001412,231,INST-0404,M12920001O,99925.0,Po,8,2026,Ministria e Brendshme,Kapitulli 1,,Vendore,Korçë,Financim i huaj
ANG-0002349,KontratëNr-0002350,PRJ-001389,230,INST-0636,K31503045V,99500.0,Po,8,2026,Ministria e Shëndetësisë dhe Mbrojtjes Sociale,Kapitulli 5,,Qendrore,Shkodër,Buxheti i Shtetit
ANG-0002350,KontratëNr-0002351,PRJ-001392,231,INST-0456,L13426006B,390316.0,Po,8,2026,Ministria e Infrastruktures dhe Energjisë,Kapitulli 3,,Vendore,Shkodër,Financim i huaj
ANG-0002351,,PRJ-001394,231,INST-0126,K21912001R,108000.0,Po,8,2026,Ministria e Shëndetësisë dhe Mbrojtjes Sociale,Kapitulli 2,,Vendore,Vlorë,Të ardhura të trashiguara
ANG-0002352,KontratëNr-0002353,PRJ-001396,230,INST-0132,M22307015R,23600.0,Po,8,2026,Ministria e Shëndetësisë dhe Mbrojtjes Sociale,Kapitulli 2,,Vendore,Fier,Të ardhura të trashiguara
ANG-0002353,KontratëNr-0002354,PRJ-001403,230,INST-0132,L06508002C,95000.0,Po,8,2026,Ministria e Financave dhe Ekonomisë,Kapitulli 3,,SHA,Durrës,Të ardhura të trashiguara
ANG-0002354,KontratëNr-0002355,PRJ-001385,231,INST-0915,J61814028F,34700.0,Po,8,2026,Ministria e Brendshme,Kapitulli 6,,Vendore,Shkodër,Të ardhura të trashiguara
ANG-0002355,KontratëNr-0002356,PRJ-001388,231,INST-0915,K11807008V,720000.0,Po,8,2026,Ministria e Financave dhe Ekonomisë,Kapitulli 1,,Vendore,Elbasan,Të ardhura të trashiguara
ANG-0002356,KontratëNr-0002357,PRJ-001404,230,INST-0134,L62102007V,134640.0,Po,8,2026,Ministria e Arsimit dhe Sportit,Kapitulli 3,,SHA,Durrës,Të ardhura të trashiguara
ANG-0002357,KontratëNr-0002358,PRJ-001386,230,INST-0040,L62102007V,123840.0,Po,8,2026,Ministria e Arsimit dhe Sportit,Kapitulli 3,,Vendore,Fier,Buxheti i Shtetit
ANG-0002358,KontratëNr-0002359,PRJ-001387,230,INST-0175,L51714014K,250000.0,Po,8,2026,Ministria e Brendshme,Kapitulli 7,,Qendrore,Vlorë,Të ardhura të trashiguara
ANG-0002359,KontratëNr-0002360,PRJ-001395,231,INST-0146,L92112031B,126950.0,Po,8,2026,Ministria e Brendshme,Kapitulli 2,,SHA,Elbasan,Buxheti i Shtetit
ANG-0002360,,PRJ-001399,230,INST-0118,K31503045V,104700.0,Po,8,2026,Ministria e Shëndetësisë dhe Mbrojtjes Sociale,Kapitulli 4,,Vendore,Fier,Financim i huaj
ANG-0002361,KontratëNr-0002362,PRJ-001405,230,INST-0175,L31714005J,830700.0,Po,8,2026,Ministria e Arsimit dhe Sportit,Kapitulli 1,,Qendrore,Vlorë,Të ardhura të trashiguara
ANG-0002362,KontratëNr-0002363,PRJ-001390,230,INST-0144,L92207009A,1922520.0,Po,8,2026,Ministria e Brendshme,Kapitulli 1,,Vendore,Tiranë,Të ardhura të trashiguara
ANG-0002363,KontratëNr-0002364,PRJ-001391,230,INST-0568,J61814028F,3724.0,Po,8,2026,Ministria e Infrastruktures dhe Energjisë,Kapitulli 6,,Vendore,Durrës,Financim i huaj
ANG-0002364,KontratëNr-0002365,PRJ-001397,231,INST-0436,K91530017T,2700.0,Po,8,2026,Ministria e Shëndetësisë dhe Mbrojtjes Sociale,Kapitulli 7,,Qendrore,Vlorë,Buxheti i Shtetit
ANG-0002365,KontratëNr-0002366,PRJ-001406,230,INST-0174,K52115005W,407944.5,Po,8,2026,Ministria e Infrastruktures dhe Energjisë,Kapitulli 5,,Qendrore,Elbasan,Financim i huaj
ANG-0002366,KontratëNr-0002367,PRJ-001401,231,INST-0115,K51611059N,358333.15,Po,8,2026,Ministria e Brendshme,Kapitulli 4,,Qendrore,Elbasan,Të ardhura të trashiguara
ANG-0002367,KontratëNr-0002368,PRJ-001398,231,INST-1016,M42614002J,24000.0,Po,8,2026,Ministria e Arsimit dhe Sportit,Kapitulli 4,,Vendore,Elbasan,Financim i huaj
ANG-0002368,KontratëNr-0002369,PRJ-001402,230,INST-0535,L51712008C,614774.0,Po,8,2026,Ministria e Financave dhe Ekonomisë,Kapitulli 6,,Qendrore,Tiranë,Të ardhura të trashiguara
ANG-0002369,KontratëNr-0002370,PRJ-001343,231,INST-0119,K92201080V,113000.0,Po,8,2026,Ministria e Bujqësisë dhe Zhvillimit Rural,Kapitulli 4,,Qendrore,Tiranë,Buxheti i Shtetit
ANG-0002370,KontratëNr-0002371,PRJ-001342,230,INST-0172,M22811202K,25000.0,Po,8,2026,Ministria e Shëndetësisë dhe Mbrojtjes Sociale,Kapitulli 7,,SHA,Durrës,Të ardhura të trashiguara
ANG-0002371,KontratëNr-0002372,PRJ-001349,231,INST-0157,K33931040W,77150.0,Po,8,2026,Ministria e Shëndetësisë dhe Mbrojtjes Sociale,Kapitulli 4,,Vendore,Vlorë,Financim i huaj
ANG-0002372,KontratëNr-0002373,PRJ-001353,231,INST-0338,L41629009A,245000.0,Po,8,2026,Ministria e Shëndetësisë dhe Mbrojtjes Sociale,Kapitulli 4,,SHA,Shkodër,Të ardhura të trashiguara
ANG-0002373,KontratëNr-0002374,PRJ-001356,230,INST-0424,M22811202K,28000.0,Po,8,2026,Ministria e Arsimit dhe Sportit,Kapitulli 1,,SHA,Elbasan,Të ardhura të trashiguara
ANG-0002374,,PRJ-001358,231,INST-0046,J67117044Q,837500.0,Po,8,2026,Ministria e Shëndetësisë dhe Mbrojtjes Sociale,Kapitulli 3,,Vendore,Elbasan,Financim i huaj
ANG-0002375,,PRJ-001373,231,INST-0621,L92207009A,229000.0,Po,8,2026,Ministria e Shëndetësisë dhe Mbrojtjes Sociale,Kapitulli 5,,Qendrore,Durrës,Financim i huaj
ANG-0002376,KontratëNr-0002377,PRJ-001375,231,INST-0456,K62721401R,309750.0,Po,8,2026,Ministria e Shëndetësisë dhe Mbrojtjes Sociale,Kapitulli 3,,Vendore,Durrës,Të ardhura të trashiguara
ANG-0002377,KontratëNr-0002378,PRJ-001376,231,INST-0456,M13011803I,799999.0,Po,8,2026,Ministria e Infrastruktures dhe Energjisë,Kapitulli 6,,SHA,Korçë,Buxheti i Shtetit
ANG-0002378,KontratëNr-0002379,PRJ-001377,230,INST-0456,J62426002Q,84000.0,Po,8,2026,Ministria e Brendshme,Kapitulli 4,,Vendore,Tiranë,Të ardhura të trashiguara
ANG-0002379,KontratëNr-0002380,PRJ-001363,231,INST-0621,L62302021Q,387500.0,Po,8,2026,Ministria e Financave dhe Ekonomisë,Kapitulli 5,,Qendrore,Fier,Financim i huaj
ANG-0002380,KontratëNr-0002381,PRJ-001364,230,INST-0621,M52213505B,249800.0,Po,8,2026,Ministria e Bujqësisë dhe Zhvillimit Rural,Kapitulli 2,,Vendore,Tiranë,Të ardhura të trashiguara
ANG-0002381,KontratëNr-0002382,PRJ-001365,231,INST-0621,M42614002J,30000.0,Po,8,2026,Ministria e Shëndetësisë dhe Mbrojtjes Sociale,Kapitulli 6,,Qendrore,Tiranë,Financim i huaj
ANG-0002382,KontratëNr-0002383,PRJ-001367,231,INST-0621,M51714016E,280806.04,Po,8,2026,Ministria e Infrastruktures dhe Energjisë,Kapitulli 1,,Qendrore,Vlorë,Financim i huaj
ANG-0002383,KontratëNr-0002384,PRJ-001368,231,INST-0621,M41406035G,389000.0,Po,8,2026,Ministria e Shëndetësisë dhe Mbrojtjes Sociale,Kapitulli 4,,Qendrore,Fier,Buxheti i Shtetit
ANG-0002384,KontratëNr-0002385,PRJ-001369,231,INST-0621,K36608208V,150920.0,Po,8,2026,Ministria e Brendshme,Kapitulli 2,,Vendore,Korçë,Financim i huaj
ANG-0002385,KontratëNr-0002386,PRJ-001344,230,INST-0337,M52402068L,810000.0,Po,8,2026,Ministria e Bujqësisë dhe Zhvillimit Rural,Kapitulli 2,,Qendrore,Fier,Buxheti i Shtetit
ANG-0002386,,PRJ-001346,231,INST-0435,K41510041C,349000.0,Po,8,2026,Ministria e Bujqësisë dhe Zhvillimit Rural,Kapitulli 6,,Vendore,Tiranë,Financim i huaj
ANG-0002387,KontratëNr-0002388,PRJ-001347,231,INST-0435,M52311020H,100000.0,Po,8,2026,Ministria e Financave dhe Ekonomisë,Kapitulli 1,,SHA,Fier,Të ardhura të trashiguara
ANG-0002388,KontratëNr-0002389,PRJ-001348,231,INST-0435,L56409203G,83166.0,Po,8,2026,Ministria e Infrastruktures dhe Energjisë,Kapitulli 3,,Vendore,Fier,Financim i huaj
ANG-0002389,,PRJ-001354,230,INST-0122,L32402038K,66667.0,Po,8,2026,Ministria e Shëndetësisë dhe Mbrojtjes Sociale,Kapitulli 6,,SHA,Shkodër,Të ardhura të trashiguara
ANG-0002390,,PRJ-001359,231,INST-0621,M28015201K,70000.0,Po,8,2026,Ministria e Arsimit dhe Sportit,Kapitulli 7,,SHA,Elbasan,Financim i huaj
ANG-0002391,KontratëNr-0002392,PRJ-001380,230,INST-0173,K74025003N,1261500.0,Po,8,2026,Ministria e Shëndetësisë dhe Mbrojtjes Sociale,Kapitulli 6,,SHA,Fier,Financim i huaj
ANG-0002392,KontratëNr-0002393,PRJ-001341,230,INST-0621,L41320036L,849900.0,Po,8,2026,Ministria e Shëndetësisë dhe Mbrojtjes Sociale,Kapitulli 7,,Vendore,Vlorë,Buxheti i Shtetit
ANG-0002393,KontratëNr-0002394,PRJ-001350,231,INST-0131,L82916601N,99950.0,Po,8,2026,Ministria e Brendshme,Kapitulli 7,,Qendrore,Korçë,Buxheti i Shtetit
ANG-0002394,KontratëNr-0002395,PRJ-001351,231,INST-0170,L42314005A,132000.0,Po,8,2026,Ministria e Shëndetësisë dhe Mbrojtjes Sociale,Kapitulli 2,,SHA,Tiranë,Të ardhura të trashiguara
ANG-0002395,KontratëNr-0002396,PRJ-001355,230,INST-0162,M42008005I,590825.76,Po,8,2026,Ministria e Shëndetësisë dhe Mbrojtjes Sociale,Kapitulli 7,,Vendore,Fier,Financim i huaj
ANG-0002396,KontratëNr-0002397,PRJ-001370,231,INST-0434,L92019017V,350000.0,Po,8,2026,Ministria e Financave dhe Ekonomisë,Kapitulli 6,,Qendrore,Vlorë,Financim i huaj
ANG-0002397,KontratëNr-0002398,PRJ-001371,230,INST-0434,M61718005K,898700.0,Po,8,2026,Ministria e Arsimit dhe Sportit,Kapitulli 2,,SHA,Vlorë,Financim i huaj
ANG-0002398,KontratëNr-0002399,PRJ-001372,231,INST-0434,M22307015R,79550.0,Po,8,2026,Ministria e Infrastruktures dhe Energjisë,Kapitulli 3,,Qendrore,Elbasan,Financim i huaj
ANG-0002399,KontratëNr-0002400,PRJ-001381,231,INST-0569,K51611059N,395000.0,Po,8,2026,Ministria e Financave dhe Ekonomisë,Kapitulli 1,,Vendore,Tiranë,Buxheti i Shtetit
ANG-0002400,KontratëNr-0002401,PRJ-001382,231,INST-0569,L71607034L,310800.0,Po,8,2026,Ministria e Bujqësisë dhe Zhvillimit Rural,Kapitulli 2,,Qendrore,Tiranë,Financim i huaj
ANG-0002401,KontratëNr-0002402,PRJ-001383,230,INST-0569,L01606034A,194100.0,Po,8,2026,Ministria e Shëndetësisë dhe Mbrojtjes Sociale,Kapitulli 1,,SHA,Vlorë,Buxheti i Shtetit
ANG-0002402,KontratëNr-0002403,PRJ-001400,231,INST-0139,M32407021T,57990.0,Po,8,2026,Ministria e Shëndetësisë dhe Mbrojtjes Sociale,Kapitulli 3,,Qendrore,Durrës,Buxheti i Shtetit
ANG-0002403,KontratëNr-0002404,PRJ-001407,230,INST-0175,L22117021M,47298660.0,Po,8,2026,Ministria e Shëndetësisë dhe Mbrojtjes Sociale,Kapitulli 3,,SHA,Vlorë,Buxheti i Shtetit
ANG-0002404,KontratëNr-0002405,PRJ-001338,231,INST-0150,J74517205P,540000.0,Po,8,2026,Ministria e Arsimit dhe Sportit,Kapitulli 7,,Qendrore,Durrës,Të ardhura të trashiguara
ANG-0002405,KontratëNr-0002406,PRJ-001379,231,INST-0364,J71907014E,188000.0,Po,8,2026,Ministria e Infrastruktures dhe Energjisë,Kapitulli 6,,SHA,Tiranë,Të ardhura të trashiguara
ANG-0002406,KontratëNr-0002407,PRJ-001345,230,INST-0965,M52617004S,499997.0,Po,8,2026,Ministria e Infrastruktures dhe Energjisë,Kapitulli 3,,SHA,Fier,Financim i huaj
ANG-0002407,KontratëNr-0002408,PRJ-001357,230,INST-0621,K01730502W,335000.0,Po,8,2026,Ministria e Brendshme,Kapitulli 1,,SHA,Shkodër,Financim i huaj
ANG-0002408,KontratëNr-0002409,PRJ-001374,231,INST-0621,K44125003N,3468.0,Po,8,2026,Ministria e Brendshme,Kapitulli 1,,Qendrore,Durrës,Financim i huaj
ANG-0002409,KontratëNr-0002410,PRJ-001378,231,INST-0125,K76605201A,500000.0,Po,8,2026,Ministria e Brendshme,Kapitulli 4,,SHA,Shkodër,Të ardhura të trashiguara
ANG-0002410,KontratëNr-0002411,PRJ-001360,231,INST-0084,L41320036L,425880.0,Po,8,2026,Ministria e Brendshme,Kapitulli 3,,Qendrore,Durrës,Të ardhura të trashiguara
ANG-0002411,,PRJ-001361,231,INST-0084,M67509801K,793940.0,Po,8,2026,Ministria e Arsimit dhe Sportit,Kapitulli 3,,Vendore,Tiranë,Buxheti i Shtetit
ANG-0002412,KontratëNr-0002413,PRJ-001362,230,INST-0084,K01529003M,765200.0,Po,8,2026,Ministria e Financave dhe Ekonomisë,Kapitulli 1,,SHA,Elbasan,Të ardhura të trashiguara
ANG-0002413,,PRJ-001329,231,INST-0099,M12506803T,449000.0,Po,8,2026,Ministria e Arsimit dhe Sportit,Kapitulli 7,,Vendore,Fier,Financim i huaj
ANG-0002414,KontratëNr-0002415,PRJ-001334,230,INST-0424,J72111003K,249300.0,Po,8,2026,Ministria e Shëndetësisë dhe Mbrojtjes Sociale,Kapitulli 3,,SHA,Elbasan,Buxheti i Shtetit
ANG-0002415,KontratëNr-0002416,PRJ-001336,230,INST-0969,K44802603B,4461149.0,Po,8,2026,Ministria e Shëndetësisë dhe Mbrojtjes Sociale,Kapitulli 7,,SHA,Durrës,Të ardhura të trashiguara
ANG-0002416,KontratëNr-0002417,PRJ-001320,230,INST-0621,L62206012L,44180.0,Po,8,2026,Ministria e Arsimit dhe Sportit,Kapitulli 7,,Qendrore,Elbasan,Financim i huaj
ANG-0002417,KontratëNr-0002418,PRJ-001321,230,INST-0621,M53125601L,799000.0,Po,8,2026,Ministria e Financave dhe Ekonomisë,Kapitulli 3,,Vendore,Durrës,Buxheti i Shtetit
ANG-0002418,KontratëNr-0002419,PRJ-001323,231,INST-0621,K57123001R,845000.0,Po,8,2026,Ministria e Infrastruktures dhe Energjisë,Kapitulli 6,,Vendore,Vlorë,Buxheti i Shtetit
ANG-0002419,KontratëNr-0002420,PRJ-001330,231,INST-0621,K48130519Q,89000.0,Po,8,2026,Ministria e Arsimit dhe Sportit,Kapitulli 5,,Vendore,Tiranë,Të ardhura të trashiguara
ANG-0002420,KontratëNr-0002421,PRJ-001331,230,INST-0621,L99718401U,99933.0,Po,8,2026,Ministria e Brendshme,Kapitulli 2,,Qendrore,Durrës,Financim i huaj
ANG-0002421,KontratëNr-0002422,PRJ-001332,230,INST-0621,L81506043D,850000.0,Po,8,2026,Ministria e Shëndetësisë dhe Mbrojtjes Sociale,Kapitulli 1,,SHA,Elbasan,Të ardhura të trashiguara
ANG-0002422,KontratëNr-0002423,PRJ-001333,230,INST-0621,K07729920F,826000.0,Po,8,2026,Ministria e Arsimit dhe Sportit,Kapitulli 7,,Qendrore,Vlorë,Financim i huaj
ANG-0002423,KontratëNr-0002424,PRJ-001335,231,INST-0331,K31524101D,98128.0,Po,8,2026,Ministria e Financave dhe Ekonomisë,Kapitulli 1,,Qendrore,Shkodër,Të ardhura të trashiguara
ANG-0002424,KontratëNr-0002425,PRJ-001322,231,INST-0175,J61901194M,449000.0,Po,8,2026,Ministria e Bujqësisë dhe Zhvillimit Rural,Kapitulli 2,,SHA,Durrës,Të ardhura të trashiguara
ANG-0002425,KontratëNr-0002426,PRJ-001352,231,INST-0139,L92228018L,143000.0,Po,8,2026,Ministria e Infrastruktures dhe Energjisë,Kapitulli 6,,SHA,Elbasan,Buxheti i Shtetit
ANG-0002426,KontratëNr-0002427,PRJ-001326,230,INST-0364,M12309034J,96800.0,Po,8,2026,Ministria e Bujqësisë dhe Zhvillimit Rural,Kapitulli 2,,Vendore,Elbasan,Buxheti i Shtetit
ANG-0002427,KontratëNr-0002428,PRJ-001325,231,INST-0330,M21307517P,84150.0,Po,8,2026,Ministria e Infrastruktures dhe Energjisë,Kapitulli 6,,Vendore,Vlorë,Financim i huaj
ANG-0002428,KontratëNr-0002429,PRJ-001327,230,INST-0330,K41926801W,481000.0,Po,8,2026,Ministria e Infrastruktures dhe Energjisë,Kapitulli 2,,Vendore,Fier,Të ardhura të trashiguara
ANG-0002429,KontratëNr-0002430,PRJ-001328,230,INST-0330,M21415501D,95000.0,Po,8,2026,Ministria e Arsimit dhe Sportit,Kapitulli 6,,Qendrore,Fier,Financim i huaj
ANG-0002430,KontratëNr-0002431,PRJ-001289,230,INST-0621,K58510112K,487998.0,Po,8,2026,Ministria e Brendshme,Kapitulli 6,,Vendore,Korçë,Të ardhura të trashiguara
ANG-0002431,KontratëNr-0002432,PRJ-001290,230,INST-0621,M41508003F,242437.39,Po,8,2026,Ministria e Brendshme,Kapitulli 3,,SHA,Durrës,Buxheti i Shtetit
ANG-0002432,,PRJ-001292,230,INST-0621,L64425401K,260000.0,Po,8,2026,Ministria e Infrastruktures dhe Energjisë,Kapitulli 7,,Qendrore,Durrës,Financim i huaj
ANG-0002433,KontratëNr-0002434,PRJ-001293,231,INST-0621,L53520801J,296000.0,Po,8,2026,Ministria e Shëndetësisë dhe Mbrojtjes Sociale,Kapitulli 5,,Vendore,Durrës,Të ardhura të trashiguara
ANG-0002434,KontratëNr-0002435,PRJ-001294,230,INST-0621,L01717030C,225327.94,Po,8,2026,Ministria e Brendshme,Kapitulli 2,,Vendore,Korçë,Financim i huaj
ANG-0002435,KontratëNr-0002436,PRJ-001295,231,INST-0621,J88730334W,231920.0,Po,8,2026,Ministria e Financave dhe Ekonomisë,Kapitulli 1,,Qendrore,Korçë,Financim i huaj
ANG-0002436,KontratëNr-0002437,PRJ-001296,231,INST-0621,M52022023I,188000.0,Po,8,2026,Ministria e Infrastruktures dhe Energjisë,Kapitulli 5,,Qendrore,Korçë,Buxheti i Shtetit
ANG-0002437,KontratëNr-0002438,PRJ-001297,230,INST-0621,L21708012H,135000.0,Po,8,2026,Ministria e Arsimit dhe Sportit,Kapitulli 7,,Vendore,Tiranë,Të ardhura të trashiguara
ANG-0002438,KontratëNr-0002439,PRJ-001298,231,INST-0621,L06801002A,14989.0,Po,8,2026,Ministria e Infrastruktures dhe Energjisë,Kapitulli 4,,Vendore,Durrës,Financim i huaj
ANG-0002439,KontratëNr-0002440,PRJ-001299,230,INST-0621,M21621046I,100000.0,Po,8,2026,Ministria e Infrastruktures dhe Energjisë,Kapitulli 7,,Vendore,Korçë,Buxheti i Shtetit
ANG-0002440,KontratëNr-0002441,PRJ-001300,230,INST-0621,L92019017V,900000.0,Po,8,2026,Ministria e Arsimit dhe Sportit,Kapitulli 1,,Qendrore,Vlorë,Buxheti i Shtetit
ANG-0002441,KontratëNr-0002442,PRJ-001301,231,INST-0621,L97124201Q,350000.0,Po,8,2026,Ministria e Shëndetësisë dhe Mbrojtjes Sociale,Kapitulli 5,,Qendrore,Elbasan,Të ardhura të trashiguara
ANG-0002442,KontratëNr-0002443,PRJ-001302,230,INST-0621,L71715003C,1169560.8,Po,8,2026,Ministria e Financave dhe Ekonomisë,Kapitulli 4,,Vendore,Tiranë,Buxheti i Shtetit
ANG-0002443,KontratëNr-0002444,PRJ-001305,231,INST-0099,J72124001N,75000.0,Po,8,2026,Ministria e Arsimit dhe Sportit,Kapitulli 1,,Vendore,Durrës,Buxheti i Shtetit
ANG-0002444,KontratëNr-0002445,PRJ-001306,231,INST-0129,K61619003R,890000.0,Po,8,2026,Ministria e Financave dhe Ekonomisë,Kapitulli 7,,Vendore,Vlorë,Financim i huaj
ANG-0002445,KontratëNr-0002446,PRJ-001313,231,INST-0921,L01508026P,754000.0,Po,8,2026,Ministria e Financave dhe Ekonomisë,Kapitulli 6,,SHA,Fier,Buxheti i Shtetit
ANG-0002446,KontratëNr-0002447,PRJ-001314,230,INST-0128,K91628009V,133200.0,Po,8,2026,Ministria e Bujqësisë dhe Zhvillimit Rural,Kapitulli 7,,Vendore,Tiranë,Të ardhura të trashiguara
ANG-0002447,KontratëNr-0002448,PRJ-001317,231,INST-0172,M12218017P,209000.0,Po,8,2026,Ministria e Bujqësisë dhe Zhvillimit Rural,Kapitulli 2,,Qendrore,Durrës,Buxheti i Shtetit
ANG-0002448,KontratëNr-0002449,PRJ-001304,231,INST-0156,L01717030C,86643.34,Po,8,2026,Ministria e Bujqësisë dhe Zhvillimit Rural,Kapitulli 7,,Vendore,Vlorë,Të ardhura të trashiguara
ANG-0002449,KontratëNr-0002450,PRJ-001310,231,INST-0122,L82008020I,599000.0,Po,8,2026,Ministria e Infrastruktures dhe Energjisë,Kapitulli 5,,Vendore,Tiranë,Të ardhura të trashiguara
ANG-0002450,KontratëNr-0002451,PRJ-001311,231,INST-0122,L64704601S,100000.0,Po,8,2026,Ministria e Financave dhe Ekonomisë,Kapitulli 3,,Vendore,Fier,Buxheti i Shtetit
ANG-0002451,KontratëNr-0002452,PRJ-001316,231,INST-0134,L72203065K,526238.87,Po,8,2026,Ministria e Bujqësisë dhe Zhvillimit Rural,Kapitulli 2,,Qendrore,Tiranë,Buxheti i Shtetit
ANG-0002452,KontratëNr-0002453,PRJ-001308,231,INST-0169,L91703022T,740000.0,Po,8,2026,Ministria e Brendshme,Kapitulli 7,,Vendore,Fier,Financim i huaj
ANG-0002453,KontratëNr-0002454,PRJ-001312,230,INST-0586,K44802603B,80164.9,Po,8,2026,Ministria e Arsimit dhe Sportit,Kapitulli 2,,Vendore,Tiranë,Të ardhura të trashiguara
ANG-0002454,KontratëNr-0002455,PRJ-001318,230,INST-0586,L74320602D,169500.0,Po,8,2026,Ministria e Bujqësisë dhe Zhvillimit Rural,Kapitulli 6,,Qendrore,Fier,Të ardhura të trashiguara
ANG-0002455,KontratëNr-0002456,PRJ-001303,230,INST-0968,M22307015R,13500.0,Po,8,2026,Ministria e Bujqësisë dhe Zhvillimit Rural,Kapitulli 2,,Vendore,Tiranë,Financim i huaj
ANG-0002456,KontratëNr-0002457,PRJ-001309,230,INST-0889,L21305035S,114114.44,Po,8,2026,Ministria e Brendshme,Kapitulli 1,,SHA,Elbasan,Të ardhura të trashiguara
ANG-0002457,KontratëNr-0002458,PRJ-001307,230,INST-0164,K46524021W,99541.67,Po,8,2026,Ministria e Financave dhe Ekonomisë,Kapitulli 7,,Vendore,Vlorë,Buxheti i Shtetit
ANG-0002458,,PRJ-001315,230,INST-0404,M22318016L,500000.0,Po,8,2026,Ministria e Infrastruktures dhe Energjisë,Kapitulli 7,,SHA,Vlorë,Buxheti i Shtetit
ANG-0002459,KontratëNr-0002460,PRJ-001273,231,INST-0126,L41629009A,339000.0,Po,8,2026,Ministria e Brendshme,Kapitulli 2,,Qendrore,Tiranë,Financim i huaj
ANG-0002460,KontratëNr-0002461,PRJ-001275,231,INST-0138,K62320012O,18000.0,Po,8,2026,Ministria e Bujqësisë dhe Zhvillimit Rural,Kapitulli 5,,Qendrore,Shkodër,Buxheti i Shtetit
ANG-0002461,KontratëNr-0002462,PRJ-001277,231,INST-0126,J67902827A,230100.0,Po,8,2026,Ministria e Infrastruktures dhe Energjisë,Kapitulli 7,,Vendore,Tiranë,Financim i huaj
ANG-0002462,KontratëNr-0002463,PRJ-001287,230,INST-0126,K62320012O,39500.0,Po,8,2026,Ministria e Infrastruktures dhe Energjisë,Kapitulli 6,,Vendore,Korçë,Të ardhura të trashiguara
ANG-0002463,KontratëNr-0002464,PRJ-001276,230,INST-0563,K31528061N,170140.0,Po,8,2026,Ministria e Brendshme,Kapitulli 4,,SHA,Tiranë,Të ardhura të trashiguara
ANG-0002464,KontratëNr-0002465,PRJ-001278,231,INST-0621,L91323013Q,234141.5,Po,8,2026,Ministria e Financave dhe Ekonomisë,Kapitulli 1,,Vendore,Fier,Të ardhura të trashiguara
ANG-0002465,KontratëNr-0002466,PRJ-001279,231,INST-0621,M12409002V,130000.0,Po,8,2026,Ministria e Bujqësisë dhe Zhvillimit Rural,Kapitulli 4,,Qendrore,Korçë,Financim i huaj
ANG-0002466,KontratëNr-0002467,PRJ-001280,230,INST-0621,M41427020S,346700.0,Po,8,2026,Ministria e Brendshme,Kapitulli 2,,Qendrore,Shkodër,Financim i huaj
ANG-0002467,KontratëNr-0002468,PRJ-001284,230,INST-0342,M31913025C,985500.0,Po,8,2026,Ministria e Brendshme,Kapitulli 5,,Vendore,Vlorë,Financim i huaj
ANG-0002468,KontratëNr-0002469,PRJ-001285,230,INST-0621,K11807008V,350000.0,Po,8,2026,Ministria e Infrastruktures dhe Energjisë,Kapitulli 6,,Vendore,Elbasan,Financim i huaj
ANG-0002469,KontratëNr-0002470,PRJ-001243,231,INST-0175,L62513212V,82925.0,Po,8,2026,Ministria e Shëndetësisë dhe Mbrojtjes Sociale,Kapitulli 1,,Vendore,Shkodër,Buxheti i Shtetit
ANG-0002470,KontratëNr-0002471,PRJ-001281,230,INST-0342,,0.0,Po,8,2026,Ministria e Brendshme,Kapitulli 5,,Vendore,Vlorë,Financim i huaj
ANG-0002471,KontratëNr-0002472,PRJ-001286,231,INST-0243,M64010003I,93936.0,Po,8,2026,Ministria e Shëndetësisë dhe Mbrojtjes Sociale,Kapitulli 4,,SHA,Elbasan,Të ardhura të trashiguara
ANG-0002472,KontratëNr-0002473,PRJ-001288,230,INST-0148,J71907014E,318000.0,Po,8,2026,Ministria e Shëndetësisë dhe Mbrojtjes Sociale,Kapitulli 2,,SHA,Durrës,Buxheti i Shtetit
ANG-0002473,KontratëNr-0002474,PRJ-001291,230,INST-0148,J81603002W,7083.0,Po,8,2026,Ministria e Bujqësisë dhe Zhvillimit Rural,Kapitulli 2,,SHA,Durrës,Buxheti i Shtetit
ANG-0002474,KontratëNr-0002475,PRJ-001272,231,INST-0957,K91530017T,312000.0,Po,8,2026,Ministria e Arsimit dhe Sportit,Kapitulli 7,,SHA,Elbasan,Të ardhura të trashiguara
ANG-0002475,KontratëNr-0002476,PRJ-001274,231,INST-0330,K11807008V,2909000.0,Po,8,2026,Ministria e Shëndetësisë dhe Mbrojtjes Sociale,Kapitulli 6,,Qendrore,Durrës,Buxheti i Shtetit
ANG-0002476,KontratëNr-0002477,PRJ-001283,231,INST-0404,M01927023H,250000.0,Po,8,2026,Ministria e Financave dhe Ekonomisë,Kapitulli 2,,Qendrore,Durrës,Të ardhura të trashiguara
ANG-0002477,KontratëNr-0002478,PRJ-001266,231,INST-0119,K62320012O,74400.0,Po,8,2026,Ministria e Arsimit dhe Sportit,Kapitulli 3,,Vendore,Vlorë,Financim i huaj
ANG-0002478,KontratëNr-0002479,PRJ-001254,231,INST-1016,M01310013M,3000000.0,Po,8,2026,Ministria e Arsimit dhe Sportit,Kapitulli 5,,Qendrore,Vlorë,Financim i huaj
ANG-0002479,KontratëNr-0002480,PRJ-001259,231,INST-0446,K11807008V,29245.0,Po,8,2026,Ministria e Financave dhe Ekonomisë,Kapitulli 3,,Qendrore,Tiranë,Buxheti i Shtetit
ANG-0002480,KontratëNr-0002481,PRJ-001260,231,INST-0424,M48110601O,100000.0,Po,8,2026,Ministria e Shëndetësisë dhe Mbrojtjes Sociale,Kapitulli 3,,SHA,Shkodër,Financim i huaj
ANG-0002481,KontratëNr-0002482,PRJ-001261,230,INST-0446,L94017201S,1999338.81,Po,8,2026,Ministria e Shëndetësisë dhe Mbrojtjes Sociale,Kapitulli 5,,Vendore,Durrës,Të ardhura të trashiguara
ANG-0002482,KontratëNr-0002483,PRJ-001262,230,INST-0424,K81531041T,185000.0,Po,8,2026,Ministria e Infrastruktures dhe Energjisë,Kapitulli 4,,Vendore,Vlorë,Financim i huaj
ANG-0002483,KontratëNr-0002484,PRJ-001267,231,INST-0127,M32310015K,54.17,Po,8,2026,Ministria e Shëndetësisë dhe Mbrojtjes Sociale,Kapitulli 1,,Vendore,Korçë,Financim i huaj
ANG-0002484,KontratëNr-0002485,PRJ-001244,230,INST-0957,L34705001H,165000.0,Po,8,2026,Ministria e Arsimit dhe Sportit,Kapitulli 2,,Qendrore,Shkodër,Të ardhura të trashiguara
ANG-0002485,KontratëNr-0002486,PRJ-001250,230,INST-0151,L52031020F,63000.0,Po,8,2026,Ministria e Brendshme,Kapitulli 6,,SHA,Tiranë,Të ardhura të trashiguara
ANG-0002486,KontratëNr-0002487,PRJ-001252,230,INST-0151,K53717806Q,143760.0,Po,8,2026,Ministria e Arsimit dhe Sportit,Kapitulli 1,,Qendrore,Korçë,Financim i huaj
ANG-0002487,KontratëNr-0002488,PRJ-001245,231,INST-0961,K91715006E,58800.0,Po,8,2026,Ministria e Shëndetësisë dhe Mbrojtjes Sociale,Kapitulli 1,,SHA,Tiranë,Buxheti i Shtetit
ANG-0002488,KontratëNr-0002489,PRJ-001242,231,INST-0961,K31412087P,350000.0,Po,8,2026,Ministria e Financave dhe Ekonomisë,Kapitulli 6,,SHA,Durrës,Buxheti i Shtetit
ANG-0002489,KontratëNr-0002490,PRJ-001246,231,INST-0170,M32310015K,80.83,Po,8,2026,Ministria e Financave dhe Ekonomisë,Kapitulli 5,,Qendrore,Vlorë,Të ardhura të trashiguara
ANG-0002490,KontratëNr-0002491,PRJ-001247,231,INST-0580,L93309201I,848000.0,Po,8,2026,Ministria e Financave dhe Ekonomisë,Kapitulli 6,,Qendrore,Shkodër,Të ardhura të trashiguara
ANG-0002491,KontratëNr-0002492,PRJ-001248,230,INST-0168,M42008005I,497267.11,Po,8,2026,Ministria e Brendshme,Kapitulli 5,,Qendrore,Fier,Financim i huaj
ANG-0002492,,PRJ-001249,231,INST-0168,K82015004O,416666.5,Po,8,2026,Ministria e Bujqësisë dhe Zhvillimit Rural,Kapitulli 1,,SHA,Elbasan,Të ardhura të trashiguara
ANG-0002493,KontratëNr-0002494,PRJ-001251,230,INST-0168,J91809007H,559105.0,Po,8,2026,Ministria e Shëndetësisë dhe Mbrojtjes Sociale,Kapitulli 5,,Qendrore,Korçë,Financim i huaj
ANG-0002494,KontratëNr-0002495,PRJ-001253,231,INST-0405,K32725211G,423100.0,Po,8,2026,Ministria e Arsimit dhe Sportit,Kapitulli 7,,SHA,Durrës,Buxheti i Shtetit
ANG-0002495,KontratëNr-0002496,PRJ-001255,231,INST-0581,L74320602D,304500.0,Po,8,2026,Ministria e Infrastruktures dhe Energjisë,Kapitulli 7,,Vendore,Korçë,Të ardhura të trashiguara
ANG-0002496,KontratëNr-0002497,PRJ-001258,230,INST-0405,M41707006H,650000.0,Po,8,2026,Ministria e Infrastruktures dhe Energjisë,Kapitulli 3,,Vendore,Shkodër,Të ardhura të trashiguara
ANG-0002497,KontratëNr-0002498,PRJ-001263,230,INST-0168,J61817047D,6000.0,Po,8,2026,Ministria e Brendshme,Kapitulli 2,,Vendore,Tiranë,Buxheti i Shtetit
ANG-0002498,KontratëNr-0002499,PRJ-001268,230,INST-0118,J61901194M,104000.0,Po,8,2026,Ministria e Arsimit dhe Sportit,Kapitulli 3,,SHA,Fier,Financim i huaj
ANG-0002499,KontratëNr-0002500,PRJ-001269,231,INST-0170,M12521601U,99000.0,Po,8,2026,Ministria e Financave dhe Ekonomisë,Kapitulli 6,,Qendrore,Vlorë,Buxheti i Shtetit
ANG-0002500,KontratëNr-0002501,PRJ-001264,230,INST-0621,J61817063I,996400.0,Po,8,2026,Ministria e Brendshme,Kapitulli 4,,SHA,Vlorë,Financim i huaj
ANG-0002501,KontratëNr-0002502,PRJ-001265,231,INST-0621,K01529003M,125000.0,Po,8,2026,Ministria e Brendshme,Kapitulli 3,,Qendrore,Korçë,Financim i huaj
ANG-0002502,KontratëNr-0002503,PRJ-001257,230,INST-0174,L71619028E,96000.0,Po,8,2026,Ministria e Shëndetësisë dhe Mbrojtjes Sociale,Kapitulli 6,,Qendrore,Vlorë,Financim i huaj
ANG-0002503,KontratëNr-0002504,PRJ-001256,230,INST-0963,K64112206J,440000.0,Po,8,2026,Ministria e Financave dhe Ekonomisë,Kapitulli 7,,Vendore,Tiranë,Buxheti i Shtetit
ANG-0002504,KontratëNr-0002505,PRJ-001208,230,INST-0969,J66702707S,830000.0,Po,8,2026,Ministria e Infrastruktures dhe Energjisë,Kapitulli 5,,Vendore,Korçë,Buxheti i Shtetit
ANG-0002505,KontratëNr-0002506,PRJ-001210,231,INST-0621,M11501034T,99500.0,Po,8,2026,Ministria e Shëndetësisë dhe Mbrojtjes Sociale,Kapitulli 4,,Vendore,Shkodër,Të ardhura të trashiguara
ANG-0002506,KontratëNr-0002507,PRJ-001223,231,INST-0621,K33721008C,229300.0,Po,8,2026,Ministria e Brendshme,Kapitulli 6,,Qendrore,Durrës,Financim i huaj
ANG-0002507,KontratëNr-0002508,PRJ-001224,230,INST-0621,J66902008N,284800.0,Po,8,2026,Ministria e Infrastruktures dhe Energjisë,Kapitulli 5,,Vendore,Durrës,Buxheti i Shtetit
ANG-0002508,KontratëNr-0002509,PRJ-001225,230,INST-0621,K92201080V,34500.0,Po,8,2026,Ministria e Arsimit dhe Sportit,Kapitulli 2,,Vendore,Korçë,Financim i huaj
ANG-0002509,KontratëNr-0002510,PRJ-001226,230,INST-0621,M66320208I,71000.0,Po,8,2026,Ministria e Financave dhe Ekonomisë,Kapitulli 2,,Vendore,Fier,Buxheti i Shtetit
ANG-0002510,KontratëNr-0002511,PRJ-001235,231,INST-0234,K82020005B,73000.0,Po,8,2026,Ministria e Brendshme,Kapitulli 3,,Vendore,Shkodër,Të ardhura të trashiguara
ANG-0002511,KontratëNr-0002512,PRJ-001211,231,INST-0621,L62419007A,96000.0,Po,8,2026,Ministria e Infrastruktures dhe Energjisë,Kapitulli 3,,Vendore,Shkodër,Të ardhura të trashiguara
ANG-0002512,KontratëNr-0002513,PRJ-001214,231,INST-0621,L71715003C,595766.0,Po,8,2026,Ministria e Shëndetësisë dhe Mbrojtjes Sociale,Kapitulli 4,,Qendrore,Shkodër,Të ardhura të trashiguara
ANG-0002513,,PRJ-001215,231,INST-0621,K44125003N,12070.0,Po,8,2026,Ministria e Arsimit dhe Sportit,Kapitulli 1,,SHA,Korçë,Financim i huaj
ANG-0002514,KontratëNr-0002515,PRJ-001230,230,INST-0621,M26620203T,99040.0,Po,8,2026,Ministria e Bujqësisë dhe Zhvillimit Rural,Kapitulli 6,,Qendrore,Vlorë,Të ardhura të trashiguara
ANG-0002515,,PRJ-001231,231,INST-0621,M36509202A,99000.0,Po,8,2026,Ministria e Infrastruktures dhe Energjisë,Kapitulli 6,,Vendore,Durrës,Buxheti i Shtetit
ANG-0002516,KontratëNr-0002517,PRJ-001207,231,INST-0464,L81506043D,479166.5,Po,8,2026,Ministria e Shëndetësisë dhe Mbrojtjes Sociale,Kapitulli 6,,Qendrore,Elbasan,Financim i huaj
ANG-0002517,KontratëNr-0002518,PRJ-001229,231,INST-0570,K33708276F,135000.0,Po,8,2026,Ministria e Bujqësisë dhe Zhvillimit Rural,Kapitulli 5,,Vendore,Durrës,Financim i huaj
ANG-0002518,KontratëNr-0002519,PRJ-001217,231,INST-0135,K81503063B,304000.0,Po,8,2026,Ministria e Shëndetësisë dhe Mbrojtjes Sociale,Kapitulli 5,,Vendore,Durrës,Financim i huaj
ANG-0002519,KontratëNr-0002520,PRJ-001219,231,INST-0131,K92506202E,74666.0,Po,8,2026,Ministria e Arsimit dhe Sportit,Kapitulli 3,,Qendrore,Durrës,Financim i huaj
ANG-0002520,KontratëNr-0002521,PRJ-001220,230,INST-0621,K67917806I,180900.0,Po,8,2026,Ministria e Infrastruktures dhe Energjisë,Kapitulli 1,,Vendore,Tiranë,Të ardhura të trashiguara
ANG-0002521,,PRJ-001221,230,INST-0621,M21320039L,80000.0,Po,8,2026,Ministria e Financave dhe Ekonomisë,Kapitulli 2,,SHA,Vlorë,Buxheti i Shtetit
ANG-0002522,KontratëNr-0002523,PRJ-001222,230,INST-0621,M21621046I,88900.0,Po,8,2026,Ministria e Brendshme,Kapitulli 4,,Vendore,Durrës,Financim i huaj
ANG-0002523,KontratëNr-0002524,PRJ-001227,231,INST-0102,M41911010P,92000.0,Po,8,2026,Ministria e Arsimit dhe Sportit,Kapitulli 4,,Vendore,Vlorë,Buxheti i Shtetit
ANG-0002524,KontratëNr-0002525,PRJ-001228,231,INST-0503,L22319013O,192000.0,Po,8,2026,Ministria e Bujqësisë dhe Zhvillimit Rural,Kapitulli 5,,Qendrore,Elbasan,Financim i huaj
ANG-0002525,KontratëNr-0002526,PRJ-001216,231,INST-0144,K17621104C,430000.0,Po,8,2026,Ministria e Financave dhe Ekonomisë,Kapitulli 3,,SHA,Elbasan,Buxheti i Shtetit
ANG-0002526,KontratëNr-0002527,PRJ-001233,230,INST-0621,K67917806I,756430.0,Po,8,2026,Ministria e Arsimit dhe Sportit,Kapitulli 5,,SHA,Elbasan,Të ardhura të trashiguara
ANG-0002527,KontratëNr-0002528,PRJ-001236,231,INST-0621,L42103023G,541500.0,Po,8,2026,Ministria e Arsimit dhe Sportit,Kapitulli 4,,Qendrore,Vlorë,Buxheti i Shtetit
ANG-0002528,KontratëNr-0002529,PRJ-001209,230,INST-0084,M52311039R,99000.0,Po,8,2026,Ministria e Bujqësisë dhe Zhvillimit Rural,Kapitulli 2,,Vendore,Shkodër,Të ardhura të trashiguara
ANG-0002529,KontratëNr-0002530,PRJ-001166,230,INST-0446,L92112031B,14999.0,Po,8,2026,Ministria e Infrastruktures dhe Energjisë,Kapitulli 5,,SHA,Vlorë,Të ardhura të trashiguara
ANG-0002530,KontratëNr-0002531,PRJ-001202,230,INST-0119,K66801001T,333333.0,Po,8,2026,Ministria e Financave dhe Ekonomisë,Kapitulli 6,,Vendore,Shkodër,Buxheti i Shtetit
ANG-0002531,,PRJ-001163,230,INST-0126,L61611043G,93815.0,Po,8,2026,Ministria e Brendshme,Kapitulli 4,,SHA,Elbasan,Buxheti i Shtetit
ANG-0002532,,PRJ-001165,231,INST-0621,L21319037M,22853.0,Po,8,2026,Ministria e Bujqësisë dhe Zhvillimit Rural,Kapitulli 1,,SHA,Elbasan,Të ardhura të trashiguara
ANG-0002533,KontratëNr-0002534,PRJ-001175,231,INST-0145,M61818031C,331000.0,Po,8,2026,Ministria e Bujqësisë dhe Zhvillimit Rural,Kapitulli 1,,Qendrore,Elbasan,Buxheti i Shtetit
ANG-0002534,KontratëNr-0002535,PRJ-001176,231,INST-0921,L68705501C,46000.0,Po,8,2026,Ministria e Bujqësisë dhe Zhvillimit Rural,Kapitulli 3,,SHA,Shkodër,Të ardhura të trashiguara
ANG-0002535,KontratëNr-0002536,PRJ-001193,231,INST-0621,L22306003L,60000.0,Po,8,2026,Ministria e Brendshme,Kapitulli 4,,Qendrore,Shkodër,Financim i huaj
ANG-0002536,KontratëNr-0002537,PRJ-001194,230,INST-0621,L82729403H,108000.0,Po,8,2026,Ministria e Infrastruktures dhe Energjisë,Kapitulli 4,,SHA,Fier,Të ardhura të trashiguara
ANG-0002537,KontratëNr-0002538,PRJ-001195,230,INST-0621,K66503204K,62300.0,Po,8,2026,Ministria e Arsimit dhe Sportit,Kapitulli 1,,Vendore,Shkodër,Të ardhura të trashiguara
ANG-0002538,KontratëNr-0002539,PRJ-001196,231,INST-0621,M21307517P,186150.0,Po,8,2026,Ministria e Bujqësisë dhe Zhvillimit Rural,Kapitulli 3,,Vendore,Shkodër,Financim i huaj
ANG-0002539,KontratëNr-0002540,PRJ-001197,230,INST-0621,K32720203N,480000.0,Po,8,2026,Ministria e Financave dhe Ekonomisë,Kapitulli 6,,SHA,Durrës,Të ardhura të trashiguara
ANG-0002540,KontratëNr-0002541,PRJ-001198,231,INST-0621,M68818501C,695000.0,Po,8,2026,Ministria e Shëndetësisë dhe Mbrojtjes Sociale,Kapitulli 5,,Qendrore,Shkodër,Buxheti i Shtetit
ANG-0002541,KontratëNr-0002542,PRJ-001201,231,INST-0140,M19305501L,899990.0,Po,8,2026,Ministria e Brendshme,Kapitulli 6,,Qendrore,Durrës,Financim i huaj
ANG-0002542,KontratëNr-0002543,PRJ-001204,231,INST-0242,L42314005A,830000.0,Po,8,2026,Ministria e Financave dhe Ekonomisë,Kapitulli 4,,Vendore,Korçë,Financim i huaj
ANG-0002543,,PRJ-001161,230,INST-0464,J62426002Q,95000.0,Po,8,2026,Ministria e Arsimit dhe Sportit,Kapitulli 4,,Vendore,Fier,Buxheti i Shtetit
ANG-0002544,KontratëNr-0002545,PRJ-001169,230,INST-0173,J91809007H,400000.0,Po,8,2026,Ministria e Brendshme,Kapitulli 4,,SHA,Fier,Të ardhura të trashiguara
ANG-0002545,KontratëNr-0002546,PRJ-001172,231,INST-0164,M68818501C,795000.0,Po,8,2026,Ministria e Shëndetësisë dhe Mbrojtjes Sociale,Kapitulli 3,,SHA,Elbasan,Buxheti i Shtetit
ANG-0002546,KontratëNr-0002547,PRJ-001203,230,INST-0122,L32403002P,20527.0,Po,8,2026,Ministria e Arsimit dhe Sportit,Kapitulli 4,,Vendore,Tiranë,Buxheti i Shtetit
ANG-0002547,KontratëNr-0002548,PRJ-001218,230,INST-0331,L21809501H,520000.0,Po,8,2026,Ministria e Bujqësisë dhe Zhvillimit Rural,Kapitulli 7,,SHA,Korçë,Të ardhura të trashiguara
ANG-0002548,KontratëNr-0002549,PRJ-001158,231,INST-0147,L71416010E,1300000.0,Po,8,2026,Ministria e Financave dhe Ekonomisë,Kapitulli 1,,Qendrore,Durrës,Buxheti i Shtetit
ANG-0002549,KontratëNr-0002550,PRJ-001162,230,INST-0044,K16604201M,676700.0,Po,8,2026,Ministria e Brendshme,Kapitulli 2,,Qendrore,Korçë,Buxheti i Shtetit
ANG-0002550,KontratëNr-0002551,PRJ-001167,231,INST-0572,M52311039R,237000.0,Po,8,2026,Ministria e Brendshme,Kapitulli 6,,Qendrore,Durrës,Financim i huaj
ANG-0002551,KontratëNr-0002552,PRJ-001168,231,INST-0124,M31802011U,700000.0,Po,8,2026,Ministria e Brendshme,Kapitulli 1,,Qendrore,Durrës,Të ardhura të trashiguara
ANG-0002552,KontratëNr-0002553,PRJ-001170,230,INST-0118,K33915001O,35500.0,Po,8,2026,Ministria e Brendshme,Kapitulli 4,,Vendore,Tiranë,Të ardhura të trashiguara
ANG-0002553,KontratëNr-0002554,PRJ-001171,230,INST-1007,M51624039U,633000.0,Po,8,2026,Ministria e Arsimit dhe Sportit,Kapitulli 6,,Vendore,Korçë,Buxheti i Shtetit
ANG-0002554,KontratëNr-0002555,PRJ-001173,231,INST-0513,J81609010U,620000.0,Po,8,2026,Ministria e Financave dhe Ekonomisë,Kapitulli 3,,SHA,Shkodër,Financim i huaj
ANG-0002555,KontratëNr-0002556,PRJ-001177,231,INST-0621,J64103603J,260000.0,Po,8,2026,Ministria e Arsimit dhe Sportit,Kapitulli 7,,Qendrore,Vlorë,Financim i huaj
ANG-0002556,KontratëNr-0002557,PRJ-001178,230,INST-0621,M41819508B,99000.0,Po,8,2026,Ministria e Shëndetësisë dhe Mbrojtjes Sociale,Kapitulli 3,,SHA,Elbasan,Të ardhura të trashiguara
ANG-0002557,KontratëNr-0002558,PRJ-001179,231,INST-0621,J61813529P,1740570.0,Po,8,2026,Ministria e Bujqësisë dhe Zhvillimit Rural,Kapitulli 4,,Qendrore,Shkodër,Financim i huaj
ANG-0002558,KontratëNr-0002559,PRJ-001181,230,INST-0621,M31503048B,100000.0,Po,8,2026,Ministria e Bujqësisë dhe Zhvillimit Rural,Kapitulli 4,,Vendore,Shkodër,Të ardhura të trashiguara
ANG-0002559,KontratëNr-0002560,PRJ-001186,231,INST-0621,M51615505V,327400.0,Po,8,2026,Ministria e Bujqësisë dhe Zhvillimit Rural,Kapitulli 6,,SHA,Korçë,Të ardhura të trashiguara
ANG-0002560,KontratëNr-0002561,PRJ-001187,231,INST-0621,K62202046U,953345.0,Po,8,2026,Ministria e Brendshme,Kapitulli 1,,SHA,Tiranë,Të ardhura të trashiguara
ANG-0002561,KontratëNr-0002562,PRJ-001188,231,INST-0621,L27231201B,90000.0,Po,8,2026,Ministria e Financave dhe Ekonomisë,Kapitulli 5,,SHA,Shkodër,Të ardhura të trashiguara
ANG-0002562,KontratëNr-0002563,PRJ-001189,231,INST-0621,L71715003C,195500.0,Po,8,2026,Ministria e Financave dhe Ekonomisë,Kapitulli 2,,Vendore,Shkodër,Të ardhura të trashiguara
ANG-0002563,KontratëNr-0002564,PRJ-001190,230,INST-0621,K01514009I,199900.0,Po,8,2026,Ministria e Infrastruktures dhe Energjisë,Kapitulli 4,,Vendore,Fier,Buxheti i Shtetit
ANG-0002564,KontratëNr-0002565,PRJ-001191,230,INST-0621,M42026032D,5295500.0,Po,8,2026,Ministria e Infrastruktures dhe Energjisë,Kapitulli 7,,Qendrore,Tiranë,Të ardhura të trashiguara
ANG-0002565,KontratëNr-0002566,PRJ-001199,231,INST-0623,J61813529P,4242400.0,Po,8,2026,Ministria e Shëndetësisë dhe Mbrojtjes Sociale,Kapitulli 7,,Vendore,Fier,Të ardhura të trashiguara
ANG-0002566,,PRJ-001159,230,INST-0621,L82008020I,550000.0,Po,8,2026,Ministria e Financave dhe Ekonomisë,Kapitulli 7,,SHA,Vlorë,Buxheti i Shtetit
ANG-0002567,KontratëNr-0002568,PRJ-001200,231,INST-0144,L71325019D,54000.0,Po,8,2026,Ministria e Shëndetësisë dhe Mbrojtjes Sociale,Kapitulli 7,,Qendrore,Tiranë,Financim i huaj
ANG-0002568,KontratëNr-0002569,PRJ-001160,230,INST-0916,M42614002J,63333.0,Po,8,2026,Ministria e Brendshme,Kapitulli 4,,Vendore,Durrës,Financim i huaj
ANG-0002569,KontratëNr-0002570,PRJ-001205,231,INST-0174,L72316030R,914000.0,Po,8,2026,Ministria e Infrastruktures dhe Energjisë,Kapitulli 7,,SHA,Vlorë,Financim i huaj
ANG-0002570,KontratëNr-0002571,PRJ-001164,231,INST-0404,L76402003H,33333.0,Po,8,2026,Ministria e Financave dhe Ekonomisë,Kapitulli 3,,Qendrore,Korçë,Buxheti i Shtetit
ANG-0002571,KontratëNr-0002572,PRJ-001141,231,INST-0060,L52117022A,894200.0,Po,8,2026,Ministria e Financave dhe Ekonomisë,Kapitulli 7,,Qendrore,Vlorë,Financim i huaj
ANG-0002572,KontratëNr-0002573,PRJ-001142,230,INST-0920,M33506402O,75000.0,Po,8,2026,Ministria e Infrastruktures dhe Energjisë,Kapitulli 3,,Vendore,Fier,Financim i huaj
ANG-0002573,KontratëNr-0002574,PRJ-001150,231,INST-0140,K16604201M,693700.0,Po,8,2026,Ministria e Shëndetësisë dhe Mbrojtjes Sociale,Kapitulli 2,,Vendore,Elbasan,Financim i huaj
ANG-0002574,KontratëNr-0002575,PRJ-001153,230,INST-0238,K67917806I,49170.0,Po,8,2026,Ministria e Bujqësisë dhe Zhvillimit Rural,Kapitulli 7,,Vendore,Vlorë,Të ardhura të trashiguara
ANG-0002575,KontratëNr-0002576,PRJ-001154,231,INST-0145,M21611022E,5000.0,Po,8,2026,Ministria e Financave dhe Ekonomisë,Kapitulli 3,,Qendrore,Durrës,Financim i huaj
ANG-0002576,KontratëNr-0002577,PRJ-001156,230,INST-0126,L01409504R,25000.0,Po,8,2026,Ministria e Bujqësisë dhe Zhvillimit Rural,Kapitulli 1,,Qendrore,Fier,Buxheti i Shtetit
ANG-0002577,KontratëNr-0002578,PRJ-001157,231,INST-0238,L01409504R,28400.0,Po,8,2026,Ministria e Brendshme,Kapitulli 6,,SHA,Elbasan,Financim i huaj
ANG-0002578,KontratëNr-0002579,PRJ-001136,231,INST-0621,J62426002Q,167650.0,Po,8,2026,Ministria e Brendshme,Kapitulli 7,,Vendore,Durrës,Financim i huaj
ANG-0002579,,PRJ-001138,230,INST-0172,L16318701M,245000.0,Po,8,2026,Ministria e Shëndetësisë dhe Mbrojtjes Sociale,Kapitulli 3,,Qendrore,Vlorë,Financim i huaj
ANG-0002580,KontratëNr-0002581,PRJ-001139,231,INST-0172,J61817047D,5000.0,Po,8,2026,Ministria e Bujqësisë dhe Zhvillimit Rural,Kapitulli 2,,Vendore,Elbasan,Të ardhura të trashiguara
ANG-0002581,KontratëNr-0002582,PRJ-001148,230,INST-0098,M52213505B,298000.0,Po,8,2026,Ministria e Shëndetësisë dhe Mbrojtjes Sociale,Kapitulli 5,,Vendore,Tiranë,Të ardhura të trashiguara
ANG-0002582,KontratëNr-0002583,PRJ-001149,231,INST-0175,K81408035S,846000.0,Po,8,2026,Ministria e Brendshme,Kapitulli 4,,Vendore,Elbasan,Të ardhura të trashiguara
ANG-0002583,KontratëNr-0002584,PRJ-001152,231,INST-0175,K31528061N,222300.0,Po,8,2026,Ministria e Infrastruktures dhe Energjisë,Kapitulli 2,,SHA,Korçë,Financim i huaj
ANG-0002584,KontratëNr-0002585,PRJ-001155,230,INST-0398,K36308504V,143000.0,Po,8,2026,Ministria e Arsimit dhe Sportit,Kapitulli 1,,Qendrore,Elbasan,Të ardhura të trashiguara
ANG-0002585,,PRJ-001144,230,INST-0115,M57122701K,72000.0,Po,8,2026,Ministria e Bujqësisë dhe Zhvillimit Rural,Kapitulli 7,,Qendrore,Elbasan,Të ardhura të trashiguara
ANG-0002586,KontratëNr-0002587,PRJ-001143,231,INST-0889,M11417503F,271710.0,Po,8,2026,Ministria e Brendshme,Kapitulli 2,,SHA,Tiranë,Të ardhura të trashiguara
ANG-0002587,KontratëNr-0002588,PRJ-001147,230,INST-0059,M01819501K,92666.0,Po,8,2026,Ministria e Brendshme,Kapitulli 1,,Vendore,Fier,Buxheti i Shtetit
ANG-0002588,KontratëNr-0002589,PRJ-001145,230,INST-0641,M21307517P,76150.0,Po,8,2026,Ministria e Infrastruktures dhe Energjisë,Kapitulli 4,,SHA,Durrës,Financim i huaj
ANG-0002589,KontratëNr-0002590,PRJ-001120,230,INST-0963,L97124201Q,600000.0,Po,8,2026,Ministria e Shëndetësisë dhe Mbrojtjes Sociale,Kapitulli 5,,SHA,Durrës,Buxheti i Shtetit
ANG-0002590,KontratëNr-0002591,PRJ-001121,230,INST-0456,M52213505B,185007.17,Po,8,2026,Ministria e Financave dhe Ekonomisë,Kapitulli 2,,SHA,Shkodër,Financim i huaj
ANG-0002591,KontratëNr-0002592,PRJ-001123,230,INST-0126,J87603505T,25000.0,Po,8,2026,Ministria e Infrastruktures dhe Energjisë,Kapitulli 2,,Qendrore,Korçë,Të ardhura të trashiguara
ANG-0002592,KontratëNr-0002593,PRJ-001125,231,INST-0126,K31528061N,14570.0,Po,8,2026,Ministria e Brendshme,Kapitulli 1,,Qendrore,Elbasan,Financim i huaj
ANG-0002593,KontratëNr-0002594,PRJ-001128,231,INST-0126,L01325010Q,731500.0,Po,8,2026,Ministria e Financave dhe Ekonomisë,Kapitulli 2,,Vendore,Shkodër,Të ardhura të trashiguara
ANG-0002594,KontratëNr-0002595,PRJ-001130,231,INST-0142,L92318009L,762630.0,Po,8,2026,Ministria e Financave dhe Ekonomisë,Kapitulli 6,,Qendrore,Vlorë,Të ardhura të trashiguara
ANG-0002595,KontratëNr-0002596,PRJ-001132,231,INST-0424,K71903025A,95000.0,Po,8,2026,Ministria e Infrastruktures dhe Energjisë,Kapitulli 2,,Vendore,Korçë,Të ardhura të trashiguara
ANG-0002596,KontratëNr-0002597,PRJ-001133,230,INST-0424,L71715003C,661110.0,Po,8,2026,Ministria e Brendshme,Kapitulli 6,,Qendrore,Korçë,Të ardhura të trashiguara
ANG-0002597,KontratëNr-0002598,PRJ-001127,231,INST-0621,M13909001H,98583.0,Po,8,2026,Ministria e Infrastruktures dhe Energjisë,Kapitulli 7,,Vendore,Tiranë,Buxheti i Shtetit
ANG-0002598,KontratëNr-0002599,PRJ-001131,230,INST-0134,K43309402W,985000.0,Po,8,2026,Ministria e Bujqësisë dhe Zhvillimit Rural,Kapitulli 6,,Vendore,Durrës,Buxheti i Shtetit
ANG-0002599,KontratëNr-0002600,PRJ-001134,230,INST-0331,L62302021Q,98000.0,Po,8,2026,Ministria e Infrastruktures dhe Energjisë,Kapitulli 1,,Qendrore,Vlorë,Të ardhura të trashiguara
ANG-0002600,KontratëNr-0002601,PRJ-001117,230,INST-0172,M51321047K,938700.0,Po,8,2026,Ministria e Bujqësisë dhe Zhvillimit Rural,Kapitulli 4,,Vendore,Korçë,Të ardhura të trashiguara
ANG-0002601,KontratëNr-0002602,PRJ-001118,230,INST-0172,J64103422D,89320.0,Po,8,2026,Ministria e Financave dhe Ekonomisë,Kapitulli 2,,SHA,Korçë,Financim i huaj
ANG-0002602,KontratëNr-0002603,PRJ-001119,231,INST-0172,M52311039R,269305.0,Po,8,2026,Ministria e Bujqësisë dhe Zhvillimit Rural,Kapitulli 5,,SHA,Tiranë,Të ardhura të trashiguara
ANG-0002603,KontratëNr-0002604,PRJ-001122,231,INST-0449,K71707007Q,718980.0,Po,8,2026,Ministria e Bujqësisë dhe Zhvillimit Rural,Kapitulli 4,,SHA,Korçë,Buxheti i Shtetit
ANG-0002604,KontratëNr-0002605,PRJ-001129,231,INST-0243,L71325019D,88000.0,Po,8,2026,Ministria e Financave dhe Ekonomisë,Kapitulli 3,,SHA,Fier,Të ardhura të trashiguara
ANG-0002605,KontratëNr-0002606,PRJ-001126,230,INST-0511,M19305501L,649990.0,Po,8,2026,Ministria e Infrastruktures dhe Energjisë,Kapitulli 7,,Vendore,Shkodër,Financim i huaj
ANG-0002606,KontratëNr-0002607,PRJ-001115,231,INST-0509,L81329024O,198000.0,Po,8,2026,Ministria e Brendshme,Kapitulli 7,,Vendore,Shkodër,Të ardhura të trashiguara
ANG-0002607,KontratëNr-0002608,PRJ-001094,231,INST-0624,K41926801W,2200000.0,Po,8,2026,Ministria e Shëndetësisë dhe Mbrojtjes Sociale,Kapitulli 1,,Qendrore,Tiranë,Buxheti i Shtetit
ANG-0002608,KontratëNr-0002609,PRJ-001096,231,INST-0137,J61817045K,125000.0,Po,8,2026,Ministria e Infrastruktures dhe Energjisë,Kapitulli 3,,SHA,Durrës,Buxheti i Shtetit
ANG-0002609,KontratëNr-0002610,PRJ-001098,230,INST-0099,M28717102U,945000.0,Po,8,2026,Ministria e Infrastruktures dhe Energjisë,Kapitulli 3,,SHA,Korçë,Të ardhura të trashiguara
ANG-0002610,,PRJ-001099,230,INST-0099,K29824105N,890000.0,Po,8,2026,Ministria e Shëndetësisë dhe Mbrojtjes Sociale,Kapitulli 1,,Qendrore,Tiranë,Financim i huaj
ANG-0002611,KontratëNr-0002612,PRJ-001100,230,INST-0099,K82015004O,599800.0,Po,8,2026,Ministria e Arsimit dhe Sportit,Kapitulli 2,,Qendrore,Durrës,Të ardhura të trashiguara
ANG-0002612,KontratëNr-0002613,PRJ-001102,230,INST-0099,L01508026P,81250.0,Po,8,2026,Ministria e Shëndetësisë dhe Mbrojtjes Sociale,Kapitulli 7,,SHA,Durrës,Financim i huaj
ANG-0002613,KontratëNr-0002614,PRJ-001111,231,INST-0099,J61827062E,10507390.0,Po,8,2026,Ministria e Infrastruktures dhe Energjisë,Kapitulli 6,,Qendrore,Korçë,Të ardhura të trashiguara
ANG-0002614,KontratëNr-0002615,PRJ-001112,230,INST-0424,J91809007H,120000.0,Po,8,2026,Ministria e Arsimit dhe Sportit,Kapitulli 5,,Vendore,Fier,Të ardhura të trashiguara
ANG-0002615,KontratëNr-0002616,PRJ-001114,230,INST-0099,J88730334W,577558.0,Po,8,2026,Ministria e Financave dhe Ekonomisë,Kapitulli 1,,Qendrore,Korçë,Buxheti i Shtetit
ANG-0002616,KontratëNr-0002617,PRJ-001105,231,INST-0570,M53319201J,274500.0,Po,8,2026,Ministria e Infrastruktures dhe Energjisë,Kapitulli 3,,Qendrore,Korçë,Buxheti i Shtetit
ANG-0002617,KontratëNr-0002618,PRJ-001113,231,INST-0959,K32725211G,295650.0,Po,8,2026,Ministria e Bujqësisë dhe Zhvillimit Rural,Kapitulli 6,,SHA,Elbasan,Buxheti i Shtetit
ANG-0002618,KontratëNr-0002619,PRJ-001110,231,INST-0621,J91601504N,970000.0,Po,8,2026,Ministria e Financave dhe Ekonomisë,Kapitulli 5,,Vendore,Vlorë,Të ardhura të trashiguara
ANG-0002619,KontratëNr-0002620,PRJ-001106,231,INST-0915,K17621104C,1731842.0,Po,8,2026,Ministria e Financave dhe Ekonomisë,Kapitulli 7,,Qendrore,Shkodër,Buxheti i Shtetit
ANG-0002620,KontratëNr-0002621,PRJ-001109,230,INST-0175,L74320602D,393000.0,Po,8,2026,Ministria e Infrastruktures dhe Energjisë,Kapitulli 5,,Vendore,Shkodër,Buxheti i Shtetit
ANG-0002621,,PRJ-001103,230,INST-0968,L62206012L,153000.0,Po,8,2026,Ministria e Financave dhe Ekonomisë,Kapitulli 4,,Vendore,Vlorë,Financim i huaj
ANG-0002622,KontratëNr-0002623,PRJ-001104,230,INST-0968,L32403002P,54207.0,Po,8,2026,Ministria e Bujqësisë dhe Zhvillimit Rural,Kapitulli 1,,SHA,Fier,Buxheti i Shtetit
ANG-0002623,KontratëNr-0002624,PRJ-001101,230,INST-0621,M01321501F,100000.0,Po,8,2026,Ministria e Financave dhe Ekonomisë,Kapitulli 2,,Vendore,Shkodër,Buxheti i Shtetit
ANG-0002624,KontratëNr-0002625,PRJ-001107,231,INST-0568,K12201002T,28335.0,Po,8,2026,Ministria e Bujqësisë dhe Zhvillimit Rural,Kapitulli 1,,Vendore,Tiranë,Financim i huaj
ANG-0002625,KontratëNr-0002626,PRJ-001108,231,INST-0621,K31517091C,35000.0,Po,8,2026,Ministria e Shëndetësisë dhe Mbrojtjes Sociale,Kapitulli 5,,SHA,Tiranë,Financim i huaj
ANG-0002626,KontratëNr-0002627,PRJ-001063,230,INST-0480,M26620203T,249997.0,Po,8,2026,Ministria e Infrastruktures dhe Energjisë,Kapitulli 1,,Qendrore,Elbasan,Të ardhura të trashiguara
ANG-0002627,KontratëNr-0002628,PRJ-001068,230,INST-0132,M11529014H,99630.0,Po,8,2026,Ministria e Shëndetësisë dhe Mbrojtjes Sociale,Kapitulli 7,,Qendrore,Elbasan,Buxheti i Shtetit
ANG-0002628,KontratëNr-0002629,PRJ-001069,230,INST-0087,M12218017P,815000.0,Po,8,2026,Ministria e Financave dhe Ekonomisë,Kapitulli 1,,Vendore,Durrës,Të ardhura të trashiguara
ANG-0002629,KontratëNr-0002630,PRJ-001073,230,INST-0920,K62320012O,160000.0,Po,8,2026,Ministria e Brendshme,Kapitulli 3,,Qendrore,Shkodër,Të ardhura të trashiguara
ANG-0002630,KontratëNr-0002631,PRJ-001074,230,INST-0621,L52320022V,60000.0,Po,8,2026,Ministria e Financave dhe Ekonomisë,Kapitulli 7,,Vendore,Fier,Të ardhura të trashiguara
ANG-0002631,KontratëNr-0002632,PRJ-001082,231,INST-0173,M53319201J,99097.5,Po,8,2026,Ministria e Bujqësisë dhe Zhvillimit Rural,Kapitulli 3,,Qendrore,Fier,Buxheti i Shtetit
ANG-0002632,KontratëNr-0002633,PRJ-001083,231,INST-0332,J61905015B,950000.0,Po,8,2026,Ministria e Arsimit dhe Sportit,Kapitulli 4,,Qendrore,Vlorë,Të ardhura të trashiguara
ANG-0002633,KontratëNr-0002634,PRJ-001088,231,INST-0424,K61516506H,99500.0,Po,8,2026,Ministria e Financave dhe Ekonomisë,Kapitulli 2,,SHA,Fier,Të ardhura të trashiguara
ANG-0002634,KontratëNr-0002635,PRJ-001089,230,INST-0424,J61827076U-OE,14600.0,Po,8,2026,Ministria e Financave dhe Ekonomisë,Kapitulli 4,,Vendore,Elbasan,Buxheti i Shtetit
ANG-0002635,,PRJ-001064,231,INST-0098,L81325008M,490000.0,Po,8,2026,Ministria e Financave dhe Ekonomisë,Kapitulli 3,,Vendore,Korçë,Financim i huaj
ANG-0002636,KontratëNr-0002637,PRJ-001065,231,INST-0151,K36306710v,142000.0,Po,8,2026,Ministria e Bujqësisë dhe Zhvillimit Rural,Kapitulli 7,,Vendore,Tiranë,Financim i huaj
ANG-0002637,KontratëNr-0002638,PRJ-001067,230,INST-0176,M32407021T,359800.0,Po,8,2026,Ministria e Brendshme,Kapitulli 2,,SHA,Fier,Të ardhura të trashiguara
ANG-0002638,KontratëNr-0002639,PRJ-001071,230,INST-0957,K42611766Q,75000.0,Po,8,2026,Ministria e Brendshme,Kapitulli 5,,Vendore,Tiranë,Buxheti i Shtetit
ANG-0002639,KontratëNr-0002640,PRJ-001085,231,INST-0121,K62320012O,206800.0,Po,8,2026,Ministria e Financave dhe Ekonomisë,Kapitulli 5,,Vendore,Fier,Financim i huaj
ANG-0002640,KontratëNr-0002641,PRJ-001090,230,INST-0151,L92019017V,349500.0,Po,8,2026,Ministria e Arsimit dhe Sportit,Kapitulli 6,,Vendore,Shkodër,Të ardhura të trashiguara
ANG-0002641,KontratëNr-0002642,PRJ-001061,230,INST-1012,L47401203N,284500.0,Po,8,2026,Ministria e Shëndetësisë dhe Mbrojtjes Sociale,Kapitulli 1,,Qendrore,Shkodër,Të ardhura të trashiguara
ANG-0002642,,PRJ-001066,230,INST-0170,K33721008C,419900.0,Po,8,2026,Ministria e Financave dhe Ekonomisë,Kapitulli 4,,Qendrore,Korçë,Buxheti i Shtetit
ANG-0002643,KontratëNr-0002644,PRJ-001078,230,INST-0925,K21521009W,345850.0,Po,8,2026,Ministria e Arsimit dhe Sportit,Kapitulli 2,,Qendrore,Elbasan,Financim i huaj
ANG-0002644,KontratëNr-0002645,PRJ-001079,231,INST-0925,K62320012O,103000.0,Po,8,2026,Ministria e Brendshme,Kapitulli 7,,Qendrore,Korçë,Të ardhura të trashiguara
ANG-0002645,KontratëNr-0002646,PRJ-001080,230,INST-0925,M41707006H,110000.0,Po,8,2026,Ministria e Brendshme,Kapitulli 1,,Vendore,Tiranë,Financim i huaj
ANG-0002646,KontratëNr-0002647,PRJ-001086,231,INST-0150,L12107043O,99463.0,Po,8,2026,Ministria e Arsimit dhe Sportit,Kapitulli 6,,SHA,Shkodër,Të ardhura të trashiguara
ANG-0002647,KontratëNr-0002648,PRJ-001062,231,INST-0158,K81503063B,590000.0,Po,8,2026,Ministria e Bujqësisë dhe Zhvillimit Rural,Kapitulli 3,,Vendore,Vlorë,Financim i huaj
ANG-0002648,KontratëNr-0002649,PRJ-001075,230,INST-0364,J61813529P,19.0,Po,8,2026,Ministria e Financave dhe Ekonomisë,Kapitulli 6,,SHA,Shkodër,Financim i huaj
ANG-0002649,KontratëNr-0002650,PRJ-001084,231,INST-0243,K53821602S,245237.96,Po,8,2026,Ministria e Financave dhe Ekonomisë,Kapitulli 6,,SHA,Korçë,Të ardhura të trashiguara
ANG-0002650,KontratëNr-0002651,PRJ-001070,231,INST-0543,K31722069H,115000.0,Po,8,2026,Ministria e Bujqësisë dhe Zhvillimit Rural,Kapitulli 4,,Qendrore,Fier,Buxheti i Shtetit
ANG-0002651,KontratëNr-0002652,PRJ-001077,230,INST-0143,L21319037M,56418.0,Po,8,2026,Ministria e Infrastruktures dhe Energjisë,Kapitulli 5,,Qendrore,Shkodër,Buxheti i Shtetit
ANG-0002652,KontratëNr-0002653,PRJ-001091,230,INST-0148,K82612003J,99500.0,Po,8,2026,Ministria e Shëndetësisë dhe Mbrojtjes Sociale,Kapitulli 4,,SHA,Tiranë,Financim i huaj
ANG-0002653,KontratëNr-0002654,PRJ-001087,231,INST-0148,J62426002Q,115700.0,Po,8,2026,Ministria e Shëndetësisë dhe Mbrojtjes Sociale,Kapitulli 3,,SHA,Korçë,Buxheti i Shtetit
ANG-0002654,KontratëNr-0002655,PRJ-001042,230,INST-0128,L92119032V,99500.0,Po,8,2026,Ministria e Financave dhe Ekonomisë,Kapitulli 6,,Qendrore,Tiranë,Financim i huaj
ANG-0002655,KontratëNr-0002656,PRJ-001043,230,INST-0128,L21319037M,83900.0,Po,8,2026,Ministria e Brendshme,Kapitulli 3,,Vendore,Vlorë,Të ardhura të trashiguara
ANG-0002656,KontratëNr-0002657,PRJ-001044,231,INST-0128,L71715003C,759000.0,Po,8,2026,Ministria e Infrastruktures dhe Energjisë,Kapitulli 6,,SHA,Vlorë,Financim i huaj
ANG-0002657,KontratëNr-0002658,PRJ-001054,230,INST-0173,K36313762P,100000.0,Po,8,2026,Ministria e Shëndetësisë dhe Mbrojtjes Sociale,Kapitulli 6,,Qendrore,Durrës,Buxheti i Shtetit
ANG-0002658,KontratëNr-0002659,PRJ-001055,231,INST-0057,M61718005K,730000.0,Po,8,2026,Ministria e Bujqësisë dhe Zhvillimit Rural,Kapitulli 1,,SHA,Tiranë,Financim i huaj
ANG-0002659,KontratëNr-0002660,PRJ-001056,230,INST-1016,K36310782O,469800.0,Po,8,2026,Ministria e Brendshme,Kapitulli 5,,Vendore,Tiranë,Të ardhura të trashiguara
ANG-0002660,KontratëNr-0002661,PRJ-001035,231,INST-0621,K42108801C,999000.0,Po,8,2026,Ministria e Infrastruktures dhe Energjisë,Kapitulli 1,,Qendrore,Elbasan,Financim i huaj
ANG-0002661,KontratëNr-0002662,PRJ-001041,231,INST-0621,L97119401D,285000.0,Po,8,2026,Ministria e Bujqësisë dhe Zhvillimit Rural,Kapitulli 7,,Qendrore,Fier,Të ardhura të trashiguara
ANG-0002662,KontratëNr-0002663,PRJ-001052,231,INST-0621,L21612025J,410000.0,Po,8,2026,Ministria e Infrastruktures dhe Energjisë,Kapitulli 1,,Vendore,Elbasan,Buxheti i Shtetit
ANG-0002663,KontratëNr-0002664,PRJ-001053,230,INST-0621,K48130527H,922800.0,Po,8,2026,Ministria e Brendshme,Kapitulli 4,,Qendrore,Vlorë,Buxheti i Shtetit
ANG-0002664,KontratëNr-0002665,PRJ-001036,230,INST-0151,K72210003J,690000.0,Po,8,2026,Ministria e Shëndetësisë dhe Mbrojtjes Sociale,Kapitulli 5,,SHA,Vlorë,Financim i huaj
ANG-0002665,KontratëNr-0002666,PRJ-001038,230,INST-0575,J61813529P,5026666.66,Po,8,2026,Ministria e Shëndetësisë dhe Mbrojtjes Sociale,Kapitulli 7,,Qendrore,Fier,Të ardhura të trashiguara
ANG-0002666,KontratëNr-0002667,PRJ-001040,230,INST-0331,K72417006F,93000.0,Po,8,2026,Ministria e Infrastruktures dhe Energjisë,Kapitulli 6,,Qendrore,Tiranë,Buxheti i Shtetit
ANG-0002667,KontratëNr-0002668,PRJ-001039,231,INST-0621,L51712008C,589712.0,Po,8,2026,Ministria e Brendshme,Kapitulli 4,,SHA,Shkodër,Buxheti i Shtetit
ANG-0002668,KontratëNr-0002669,PRJ-001031,231,INST-1017,J61817047D,27500.0,Po,8,2026,Ministria e Infrastruktures dhe Energjisë,Kapitulli 3,,Qendrore,Korçë,Të ardhura të trashiguara
ANG-0002669,KontratëNr-0002670,PRJ-001045,230,INST-0124,L51706022H,3596050.0,Po,8,2026,Ministria e Bujqësisë dhe Zhvillimit Rural,Kapitulli 3,,SHA,Tiranë,Buxheti i Shtetit
ANG-0002670,KontratëNr-0002671,PRJ-001032,231,INST-0965,K61625001I,920000.0,Po,8,2026,Ministria e Brendshme,Kapitulli 4,,SHA,Vlorë,Të ardhura të trashiguara
ANG-0002671,KontratëNr-0002672,PRJ-001034,231,INST-0148,L32403002P,35314.0,Po,8,2026,Ministria e Infrastruktures dhe Energjisë,Kapitulli 6,,Qendrore,Fier,Financim i huaj
ANG-0002672,KontratëNr-0002673,PRJ-001033,230,INST-0621,J64103054Q,2280000.0,Po,8,2026,Ministria e Brendshme,Kapitulli 3,,Qendrore,Korçë,Buxheti i Shtetit
ANG-0002673,KontratëNr-0002674,PRJ-001046,230,INST-0621,K51408016J,6042615.0,Po,8,2026,Ministria e Bujqësisë dhe Zhvillimit Rural,Kapitulli 1,,SHA,Elbasan,Të ardhura të trashiguara
ANG-0002674,,PRJ-001047,230,INST-0621,M22307015R,328990.0,Po,8,2026,Ministria e Infrastruktures dhe Energjisë,Kapitulli 3,,Vendore,Elbasan,Buxheti i Shtetit
ANG-0002675,KontratëNr-0002676,PRJ-001048,230,INST-0621,M61308015B,470000.0,Po,8,2026,Ministria e Infrastruktures dhe Energjisë,Kapitulli 3,,SHA,Shkodër,Financim i huaj
ANG-0002676,KontratëNr-0002677,PRJ-001049,230,INST-0621,M22102009L,430000.0,Po,8,2026,Ministria e Infrastruktures dhe Energjisë,Kapitulli 1,,Vendore,Fier,Financim i huaj
ANG-0002677,KontratëNr-0002678,PRJ-001057,231,INST-0148,L58309521A,239990.0,Po,8,2026,Ministria e Brendshme,Kapitulli 5,,SHA,Fier,Financim i huaj
ANG-0002678,KontratëNr-0002679,PRJ-001037,230,INST-0154,M27412402C,349100.0,Po,8,2026,Ministria e Bujqësisë dhe Zhvillimit Rural,Kapitulli 1,,Qendrore,Korçë,Financim i huaj
ANG-0002679,KontratëNr-0002680,PRJ-001006,230,INST-0128,M41508003F,371051.81,Po,8,2026,Ministria e Brendshme,Kapitulli 5,,Qendrore,Elbasan,Buxheti i Shtetit
ANG-0002680,KontratëNr-0002681,PRJ-001010,230,INST-0621,M48110601O,100200.0,Po,8,2026,Ministria e Infrastruktures dhe Energjisë,Kapitulli 2,,Vendore,Shkodër,Buxheti i Shtetit
ANG-0002681,KontratëNr-0002682,PRJ-001017,230,INST-0166,J62903318M,129600.0,Po,8,2026,Ministria e Infrastruktures dhe Energjisë,Kapitulli 7,,Qendrore,Durrës,Financim i huaj
ANG-0002682,KontratëNr-0002683,PRJ-001020,231,INST-0127,L82203011N,267800.0,Po,8,2026,Ministria e Arsimit dhe Sportit,Kapitulli 3,,SHA,Durrës,Të ardhura të trashiguara
ANG-0002683,KontratëNr-0002684,PRJ-001021,231,INST-0127,M22002001N,683800.0,Po,8,2026,Ministria e Financave dhe Ekonomisë,Kapitulli 6,,SHA,Shkodër,Financim i huaj
ANG-0002684,KontratëNr-0002685,PRJ-001023,230,INST-1016,L92112031B,44526.22,Po,8,2026,Ministria e Financave dhe Ekonomisë,Kapitulli 4,,SHA,Fier,Buxheti i Shtetit
ANG-0002685,KontratëNr-0002686,PRJ-001024,231,INST-0920,M01406012K,35000.0,Po,8,2026,Ministria e Brendshme,Kapitulli 4,,Vendore,Fier,Financim i huaj
ANG-0002686,KontratëNr-0002687,PRJ-001026,230,INST-0126,K31528061N,80840.0,Po,8,2026,Ministria e Bujqësisë dhe Zhvillimit Rural,Kapitulli 5,,Qendrore,Korçë,Të ardhura të trashiguara
ANG-0002687,KontratëNr-0002688,PRJ-001027,230,INST-0424,L51714014K,5000.0,Po,8,2026,Ministria e Shëndetësisë dhe Mbrojtjes Sociale,Kapitulli 7,,Vendore,Vlorë,Të ardhura të trashiguara
ANG-0002688,KontratëNr-0002689,PRJ-001028,230,INST-0238,K31528061N,47000.0,Po,8,2026,Ministria e Shëndetësisë dhe Mbrojtjes Sociale,Kapitulli 7,,Vendore,Korçë,Buxheti i Shtetit
ANG-0002689,KontratëNr-0002690,PRJ-001005,231,INST-0915,K12201002T,426740.0,Po,8,2026,Ministria e Infrastruktures dhe Energjisë,Kapitulli 7,,SHA,Elbasan,Të ardhura të trashiguara
ANG-0002690,KontratëNr-0002691,PRJ-001008,231,INST-0331,K42727403P,285000.0,Po,8,2026,Ministria e Shëndetësisë dhe Mbrojtjes Sociale,Kapitulli 7,,SHA,Elbasan,Financim i huaj
ANG-0002691,KontratëNr-0002692,PRJ-001012,231,INST-0156,L11606503B,122469.0,Po,8,2026,Ministria e Financave dhe Ekonomisë,Kapitulli 6,,Vendore,Tiranë,Financim i huaj
ANG-0002692,KontratëNr-0002693,PRJ-001014,230,INST-0915,K82020005B,219000.0,Po,8,2026,Ministria e Shëndetësisë dhe Mbrojtjes Sociale,Kapitulli 7,,Qendrore,Vlorë,Financim i huaj
ANG-0002693,KontratëNr-0002694,PRJ-001015,230,INST-0151,J98009202P,779000.0,Po,8,2026,Ministria e Bujqësisë dhe Zhvillimit Rural,Kapitulli 4,,SHA,Durrës,Buxheti i Shtetit
ANG-0002694,KontratëNr-0002695,PRJ-001013,230,INST-0586,L91418502J,500000.0,Po,8,2026,Ministria e Bujqësisë dhe Zhvillimit Rural,Kapitulli 1,,SHA,Durrës,Buxheti i Shtetit
ANG-0002695,KontratëNr-0002696,PRJ-001016,230,INST-0131,K62028003A,898660.0,Po,8,2026,Ministria e Shëndetësisë dhe Mbrojtjes Sociale,Kapitulli 3,,Vendore,Tiranë,Të ardhura të trashiguara
ANG-0002696,KontratëNr-0002697,PRJ-001018,231,INST-0164,K37509823M,833924.99,Po,8,2026,Ministria e Bujqësisë dhe Zhvillimit Rural,Kapitulli 1,,SHA,Vlorë,Financim i huaj
ANG-0002697,KontratëNr-0002698,PRJ-001019,230,INST-0172,M22307034A,457178.99,Po,8,2026,Ministria e Shëndetësisë dhe Mbrojtjes Sociale,Kapitulli 7,,Qendrore,Fier,Buxheti i Shtetit
ANG-0002698,KontratëNr-0002699,PRJ-001007,231,INST-0621,M02415002E,295400.0,Po,8,2026,Ministria e Brendshme,Kapitulli 7,,SHA,Durrës,Financim i huaj
ANG-0002699,KontratëNr-0002700,PRJ-001011,231,INST-0082,M41622016R,248000.0,Po,8,2026,Ministria e Bujqësisë dhe Zhvillimit Rural,Kapitulli 4,,Qendrore,Shkodër,Të ardhura të trashiguara
ANG-0002700,,PRJ-001025,230,INST-0156,L61611043G,799000.0,Po,8,2026,Ministria e Bujqësisë dhe Zhvillimit Rural,Kapitulli 1,,Vendore,Durrës,Financim i huaj
ANG-0002701,KontratëNr-0002702,PRJ-001022,230,INST-0317,K31528061N,317000.0,Po,8,2026,Ministria e Brendshme,Kapitulli 2,,Vendore,Durrës,Financim i huaj
ANG-0002702,KontratëNr-0002703,PRJ-001002,230,INST-0119,J72124001N,115000.0,Po,8,2026,Ministria e Bujqësisë dhe Zhvillimit Rural,Kapitulli 6,,Qendrore,Fier,Financim i huaj
ANG-0002703,KontratëNr-0002704,PRJ-000979,230,INST-1016,M22307015R,152990.0,Po,8,2026,Ministria e Arsimit dhe Sportit,Kapitulli 3,,SHA,Elbasan,Të ardhura të trashiguara
ANG-0002704,KontratëNr-0002705,PRJ-000981,230,INST-0965,L82523203F,890000.0,Po,8,2026,Ministria e Infrastruktures dhe Energjisë,Kapitulli 5,,SHA,Elbasan,Financim i huaj
ANG-0002705,KontratëNr-0002706,PRJ-000993,231,INST-0138,M61417003D,230000.0,Po,8,2026,Ministria e Infrastruktures dhe Energjisë,Kapitulli 4,,SHA,Tiranë,Financim i huaj
ANG-0002706,KontratëNr-0002707,PRJ-000995,231,INST-1011,K01410001N,98206.0,Po,8,2026,Ministria e Brendshme,Kapitulli 5,,Qendrore,Shkodër,Buxheti i Shtetit
ANG-0002707,KontratëNr-0002708,PRJ-001001,231,INST-0128,J91809007H,28156.0,Po,8,2026,Ministria e Shëndetësisë dhe Mbrojtjes Sociale,Kapitulli 7,,Vendore,Shkodër,Të ardhura të trashiguara
ANG-0002708,KontratëNr-0002709,PRJ-001003,230,INST-0965,K31528061N,92000.0,Po,8,2026,Ministria e Shëndetësisë dhe Mbrojtjes Sociale,Kapitulli 5,,Qendrore,Tiranë,Të ardhura të trashiguara
ANG-0002709,KontratëNr-0002710,PRJ-000978,231,INST-0621,L97124201Q,250000.0,Po,8,2026,Ministria e Shëndetësisë dhe Mbrojtjes Sociale,Kapitulli 4,,Vendore,Vlorë,Të ardhura të trashiguara
ANG-0002710,KontratëNr-0002711,PRJ-000992,230,INST-0110,J62426002Q,417000.0,Po,8,2026,Ministria e Infrastruktures dhe Energjisë,Kapitulli 3,,Vendore,Shkodër,Financim i huaj
ANG-0002711,KontratëNr-0002712,PRJ-001000,231,INST-0134,M22307015R,20990.0,Po,8,2026,Ministria e Financave dhe Ekonomisë,Kapitulli 7,,Qendrore,Vlorë,Buxheti i Shtetit
ANG-0002712,KontratëNr-0002713,PRJ-000996,231,INST-0172,L01305031H,139200.0,Po,8,2026,Ministria e Brendshme,Kapitulli 5,,Vendore,Durrës,Të ardhura të trashiguara
ANG-0002713,KontratëNr-0002714,PRJ-000980,230,INST-0102,L42206505K,68800.0,Po,8,2026,Ministria e Arsimit dhe Sportit,Kapitulli 4,,SHA,Elbasan,Të ardhura të trashiguara
ANG-0002714,KontratëNr-0002715,PRJ-000987,231,INST-0172,J62426002Q,287000.0,Po,8,2026,Ministria e Infrastruktures dhe Energjisë,Kapitulli 4,,Qendrore,Vlorë,Financim i huaj
ANG-0002715,KontratëNr-0002716,PRJ-000988,231,INST-0131,K71718012P,654380.0,Po,8,2026,Ministria e Arsimit dhe Sportit,Kapitulli 6,,Vendore,Shkodër,Buxheti i Shtetit
ANG-0002716,KontratëNr-0002717,PRJ-000994,231,INST-0131,M21906013M,237500.0,Po,8,2026,Ministria e Brendshme,Kapitulli 3,,Vendore,Elbasan,Buxheti i Shtetit
ANG-0002717,KontratëNr-0002718,PRJ-001004,231,INST-0621,K11715005L,150000.0,Po,8,2026,Ministria e Financave dhe Ekonomisë,Kapitulli 3,,Vendore,Korçë,Buxheti i Shtetit
ANG-0002718,KontratëNr-0002719,PRJ-000999,231,INST-0243,L01717030C,98651.0,Po,8,2026,Ministria e Arsimit dhe Sportit,Kapitulli 7,,SHA,Tiranë,Të ardhura të trashiguara
ANG-0002719,KontratëNr-0002720,PRJ-000984,230,INST-0588,L53512601D,98333.0,Po,8,2026,Ministria e Shëndetësisë dhe Mbrojtjes Sociale,Kapitulli 3,,Vendore,Korçë,Financim i huaj
ANG-0002720,KontratëNr-0002721,PRJ-000985,230,INST-0588,M12309034J,97050.0,Po,8,2026,Ministria e Arsimit dhe Sportit,Kapitulli 5,,Vendore,Tiranë,Të ardhura të trashiguara
ANG-0002721,KontratëNr-0002722,PRJ-000991,230,INST-0963,L41726016Q,124000.0,Po,8,2026,Ministria e Infrastruktures dhe Energjisë,Kapitulli 1,,SHA,Vlorë,Financim i huaj
ANG-0002722,KontratëNr-0002723,PRJ-000998,231,INST-0855,L81512021D,210000.0,Po,8,2026,Ministria e Financave dhe Ekonomisë,Kapitulli 7,,SHA,Durrës,Financim i huaj
ANG-0002723,KontratëNr-0002724,PRJ-000977,231,INST-0241,M22307015R,106990.0,Po,8,2026,Ministria e Financave dhe Ekonomisë,Kapitulli 4,,Vendore,Vlorë,Buxheti i Shtetit
ANG-0002724,KontratëNr-0002725,PRJ-000943,231,INST-0566,L92713601Q,758000.0,Po,8,2026,Ministria e Financave dhe Ekonomisë,Kapitulli 3,,SHA,Fier,Financim i huaj
ANG-0002725,,PRJ-000955,231,INST-0126,J91809007H,175093.0,Po,8,2026,Ministria e Brendshme,Kapitulli 3,,SHA,Elbasan,Buxheti i Shtetit
ANG-0002726,KontratëNr-0002727,PRJ-000956,231,INST-0585,L51419022R,233400.0,Po,8,2026,Ministria e Financave dhe Ekonomisë,Kapitulli 1,,Qendrore,Durrës,Buxheti i Shtetit
ANG-0002727,KontratëNr-0002728,PRJ-000957,230,INST-0127,M22421024U,99800.0,Po,8,2026,Ministria e Arsimit dhe Sportit,Kapitulli 3,,Vendore,Vlorë,Financim i huaj
ANG-0002728,KontratëNr-0002729,PRJ-000958,231,INST-0338,L97006001D,256600.0,Po,8,2026,Ministria e Bujqësisë dhe Zhvillimit Rural,Kapitulli 3,,SHA,Vlorë,Buxheti i Shtetit
ANG-0002729,,PRJ-000963,231,INST-0117,K31528061N,110200.0,Po,8,2026,Ministria e Brendshme,Kapitulli 1,,Vendore,Shkodër,Të ardhura të trashiguara
ANG-0002730,,PRJ-000975,231,INST-0424,L97417204O,80333.0,Po,8,2026,Ministria e Brendshme,Kapitulli 3,,SHA,Shkodër,Financim i huaj
ANG-0002731,KontratëNr-0002732,PRJ-000976,231,INST-0424,M11707049K,99500.0,Po,8,2026,Ministria e Financave dhe Ekonomisë,Kapitulli 4,,Qendrore,Tiranë,Buxheti i Shtetit
ANG-0002732,KontratëNr-0002733,PRJ-000982,230,INST-0174,K31908022U,100000.0,Po,8,2026,Ministria e Arsimit dhe Sportit,Kapitulli 3,,Qendrore,Fier,Të ardhura të trashiguara
ANG-0002733,KontratëNr-0002734,PRJ-000945,231,INST-0621,L52111032A,99500.0,Po,8,2026,Ministria e Financave dhe Ekonomisë,Kapitulli 7,,Qendrore,Durrës,Buxheti i Shtetit
ANG-0002734,KontratëNr-0002735,PRJ-000947,230,INST-0621,K92201080V,934000.0,Po,8,2026,Ministria e Shëndetësisë dhe Mbrojtjes Sociale,Kapitulli 7,,SHA,Tiranë,Të ardhura të trashiguara
ANG-0002735,KontratëNr-0002736,PRJ-000961,230,INST-0167,M63706602M,5246.0,Po,8,2026,Ministria e Shëndetësisë dhe Mbrojtjes Sociale,Kapitulli 6,,Vendore,Shkodër,Financim i huaj
ANG-0002736,,PRJ-000970,230,INST-0151,L96611004A,100000.0,Po,8,2026,Ministria e Shëndetësisë dhe Mbrojtjes Sociale,Kapitulli 7,,SHA,Tiranë,Të ardhura të trashiguara
ANG-0002737,KontratëNr-0002738,PRJ-000971,231,INST-0134,L72203025F,595000.0,Po,8,2026,Ministria e Financave dhe Ekonomisë,Kapitulli 7,,Qendrore,Vlorë,Të ardhura të trashiguara
ANG-0002738,KontratëNr-0002739,PRJ-000972,231,INST-0130,L36807191B,460000.0,Po,8,2026,Ministria e Bujqësisë dhe Zhvillimit Rural,Kapitulli 6,,SHA,Korçë,Financim i huaj
ANG-0002739,KontratëNr-0002740,PRJ-000944,231,INST-1012,M12623003N,99400.0,Po,8,2026,Ministria e Financave dhe Ekonomisë,Kapitulli 2,,Qendrore,Tiranë,Të ardhura të trashiguara
ANG-0002740,KontratëNr-0002741,PRJ-000948,230,INST-0169,M32413030C,2500.0,Po,8,2026,Ministria e Arsimit dhe Sportit,Kapitulli 6,,Vendore,Durrës,Buxheti i Shtetit
ANG-0002741,KontratëNr-0002742,PRJ-000950,230,INST-0164,M22307015R,36200.0,Po,8,2026,Ministria e Infrastruktures dhe Energjisë,Kapitulli 6,,SHA,Vlorë,Buxheti i Shtetit
ANG-0002742,KontratëNr-0002743,PRJ-000954,231,INST-0961,K67127202M,83333.0,Po,8,2026,Ministria e Arsimit dhe Sportit,Kapitulli 7,,SHA,Shkodër,Buxheti i Shtetit
ANG-0002743,KontratëNr-0002744,PRJ-000959,231,INST-0513,K31908022U,99997.0,Po,8,2026,Ministria e Brendshme,Kapitulli 2,,SHA,Tiranë,Buxheti i Shtetit
ANG-0002744,KontratëNr-0002745,PRJ-000960,231,INST-0131,M62911002F,59000.0,Po,8,2026,Ministria e Bujqësisë dhe Zhvillimit Rural,Kapitulli 6,,SHA,Durrës,Të ardhura të trashiguara
ANG-0002745,KontratëNr-0002746,PRJ-000966,230,INST-0169,L32708801U,83075.0,Po,8,2026,Ministria e Brendshme,Kapitulli 6,,Qendrore,Korçë,Buxheti i Shtetit
ANG-0002746,KontratëNr-0002747,PRJ-000967,231,INST-0169,K78317002F,99936.0,Po,8,2026,Ministria e Infrastruktures dhe Energjisë,Kapitulli 1,,Qendrore,Korçë,Financim i huaj
ANG-0002747,KontratëNr-0002748,PRJ-000968,230,INST-0169,M52617004S,83000.0,Po,8,2026,Ministria e Shëndetësisë dhe Mbrojtjes Sociale,Kapitulli 6,,SHA,Shkodër,Të ardhura të trashiguara
ANG-0002748,KontratëNr-0002749,PRJ-000940,230,INST-0150,L92204011T,195000.0,Po,8,2026,Ministria e Arsimit dhe Sportit,Kapitulli 7,,Qendrore,Durrës,Financim i huaj
ANG-0002749,KontratëNr-0002750,PRJ-000951,230,INST-0084,K51612031J,6330.0,Po,8,2026,Ministria e Infrastruktures dhe Energjisë,Kapitulli 6,,Qendrore,Vlorë,Buxheti i Shtetit
ANG-0002750,KontratëNr-0002751,PRJ-000952,231,INST-0084,L91418502J,82500.0,Po,8,2026,Ministria e Infrastruktures dhe Energjisë,Kapitulli 2,,Qendrore,Vlorë,Buxheti i Shtetit
ANG-0002751,KontratëNr-0002752,PRJ-000953,231,INST-0084,L84612401A,20000.0,Po,8,2026,Ministria e Arsimit dhe Sportit,Kapitulli 4,,Qendrore,Durrës,Buxheti i Shtetit
ANG-0002752,KontratëNr-0002753,PRJ-000973,230,INST-0398,M61406059I,96300.0,Po,8,2026,Ministria e Financave dhe Ekonomisë,Kapitulli 1,,Qendrore,Elbasan,Financim i huaj
ANG-0002753,KontratëNr-0002754,PRJ-000941,230,INST-0964,J87603505T,75000.0,Po,8,2026,Ministria e Infrastruktures dhe Energjisë,Kapitulli 3,,Qendrore,Tiranë,Të ardhura të trashiguara
ANG-0002754,KontratëNr-0002755,PRJ-000946,230,INST-0621,K21912001R,6480.0,Po,8,2026,Ministria e Brendshme,Kapitulli 2,,SHA,Korçë,Financim i huaj
ANG-0002755,KontratëNr-0002756,PRJ-000949,231,INST-0655,M22325028A,304000.0,Po,8,2026,Ministria e Infrastruktures dhe Energjisë,Kapitulli 3,,SHA,Tiranë,Të ardhura të trashiguara
ANG-0002756,KontratëNr-0002757,PRJ-000895,230,INST-0957,M57516503T,79250.0,Po,8,2026,Ministria e Brendshme,Kapitulli 4,,Qendrore,Durrës,Financim i huaj
ANG-0002757,KontratëNr-0002758,PRJ-000898,231,INST-0621,K81503063B,251034.75,Po,8,2026,Ministria e Brendshme,Kapitulli 6,,Qendrore,Tiranë,Buxheti i Shtetit
ANG-0002758,KontratëNr-0002759,PRJ-000899,230,INST-0621,K37509289U,840000.0,Po,8,2026,Ministria e Shëndetësisë dhe Mbrojtjes Sociale,Kapitulli 2,,Vendore,Vlorë,Buxheti i Shtetit
ANG-0002759,KontratëNr-0002760,PRJ-000900,230,INST-0621,M52213505B,198000.0,Po,8,2026,Ministria e Arsimit dhe Sportit,Kapitulli 3,,Qendrore,Durrës,Buxheti i Shtetit
ANG-0002760,KontratëNr-0002761,PRJ-000901,230,INST-0621,M02415002E,184600.0,Po,8,2026,Ministria e Financave dhe Ekonomisë,Kapitulli 3,,Qendrore,Korçë,Financim i huaj
ANG-0002761,KontratëNr-0002762,PRJ-000902,231,INST-0621,J62426002Q,94000.0,Po,8,2026,Ministria e Brendshme,Kapitulli 6,,SHA,Tiranë,Financim i huaj
ANG-0002762,KontratëNr-0002763,PRJ-000903,230,INST-0621,J88730334W,184961.0,Po,8,2026,Ministria e Financave dhe Ekonomisë,Kapitulli 5,,Qendrore,Durrës,Financim i huaj
ANG-0002763,KontratëNr-0002764,PRJ-000904,231,INST-0621,M43604204M,358000.0,Po,8,2026,Ministria e Arsimit dhe Sportit,Kapitulli 3,,Vendore,Vlorë,Financim i huaj
ANG-0002764,KontratëNr-0002765,PRJ-000905,230,INST-0621,M42203017M,120000.0,Po,8,2026,Ministria e Brendshme,Kapitulli 4,,SHA,Shkodër,Buxheti i Shtetit
ANG-0002765,KontratëNr-0002766,PRJ-000906,230,INST-0621,K41420001V,97950.0,Po,8,2026,Ministria e Bujqësisë dhe Zhvillimit Rural,Kapitulli 3,,SHA,Shkodër,Të ardhura të trashiguara
ANG-0002766,KontratëNr-0002767,PRJ-000907,230,INST-0621,L41726016Q,97500.0,Po,8,2026,Ministria e Shëndetësisë dhe Mbrojtjes Sociale,Kapitulli 6,,Vendore,Tiranë,Buxheti i Shtetit
ANG-0002767,,PRJ-000908,230,INST-0621,L38505801L,98433.0,Po,8,2026,Ministria e Infrastruktures dhe Energjisë,Kapitulli 4,,Vendore,Durrës,Të ardhura të trashiguara
ANG-0002768,KontratëNr-0002769,PRJ-000909,231,INST-0621,M12312003S,149500.0,Po,9,2026,Ministria e Arsimit dhe Sportit,Kapitulli 6,,Qendrore,Durrës,Të ardhura të trashiguara
ANG-0002769,,PRJ-000910,231,INST-0621,K66801001T,22.0,Po,9,2026,Ministria e Brendshme,Kapitulli 2,,Qendrore,Vlorë,Buxheti i Shtetit
ANG-0002770,KontratëNr-0002771,PRJ-000911,230,INST-0621,L32403002P,47489.0,Po,9,2026,Ministria e Arsimit dhe Sportit,Kapitulli 7,,SHA,Korçë,Të ardhura të trashiguara
ANG-0002771,KontratëNr-0002772,PRJ-000912,231,INST-0621,K91425009A,142940.0,Po,9,2026,Ministria e Financave dhe Ekonomisë,Kapitulli 1,,Qendrore,Korçë,Financim i huaj
ANG-0002772,KontratëNr-0002773,PRJ-000913,230,INST-0621,J61814028F,8750.0,Po,9,2026,Ministria e Shëndetësisë dhe Mbrojtjes Sociale,Kapitulli 5,,Qendrore,Korçë,Buxheti i Shtetit
ANG-0002773,KontratëNr-0002774,PRJ-000914,230,INST-0621,M02403014N,379200.0,Po,9,2026,Ministria e Infrastruktures dhe Energjisë,Kapitulli 1,,Vendore,Vlorë,Buxheti i Shtetit
ANG-0002774,KontratëNr-0002775,PRJ-000915,230,INST-0621,M41406021N,995000.0,Po,9,2026,Ministria e Bujqësisë dhe Zhvillimit Rural,Kapitulli 6,,Qendrore,Korçë,Financim i huaj
ANG-0002775,KontratëNr-0002776,PRJ-000916,230,INST-0621,L71421032N,299000.0,Po,9,2026,Ministria e Bujqësisë dhe Zhvillimit Rural,Kapitulli 7,,Qendrore,Vlorë,Të ardhura të trashiguara
ANG-0002776,KontratëNr-0002777,PRJ-000917,230,INST-0621,M22307015R,989990.0,Po,9,2026,Ministria e Bujqësisë dhe Zhvillimit Rural,Kapitulli 7,,SHA,Korçë,Buxheti i Shtetit
ANG-0002777,KontratëNr-0002778,PRJ-000918,231,INST-0621,L81530012C,760000.0,Po,9,2026,Ministria e Financave dhe Ekonomisë,Kapitulli 7,,Vendore,Korçë,Të ardhura të trashiguara
ANG-0002778,KontratëNr-0002779,PRJ-000919,231,INST-0621,L81512021D,658000.0,Po,9,2026,Ministria e Arsimit dhe Sportit,Kapitulli 7,,SHA,Fier,Buxheti i Shtetit
ANG-0002779,KontratëNr-0002780,PRJ-000920,231,INST-0621,L64425401K,82500.0,Po,9,2026,Ministria e Arsimit dhe Sportit,Kapitulli 4,,Vendore,Korçë,Financim i huaj
ANG-0002780,KontratëNr-0002781,PRJ-000921,230,INST-0621,K31528061N,15700.0,Po,9,2026,Ministria e Shëndetësisë dhe Mbrojtjes Sociale,Kapitulli 2,,Qendrore,Fier,Të ardhura të trashiguara
ANG-0002781,KontratëNr-0002782,PRJ-000923,231,INST-0921,K71707007Q,678000.0,Po,9,2026,Ministria e Brendshme,Kapitulli 1,,SHA,Korçë,Buxheti i Shtetit
ANG-0002782,KontratëNr-0002783,PRJ-000927,230,INST-0920,K31503045V,31062.0,Po,9,2026,Ministria e Financave dhe Ekonomisë,Kapitulli 3,,SHA,Durrës,Buxheti i Shtetit
ANG-0002783,KontratëNr-0002784,PRJ-000939,230,INST-0159,J91419001U,177900.0,Po,9,2026,Ministria e Infrastruktures dhe Energjisë,Kapitulli 6,,Qendrore,Tiranë,Buxheti i Shtetit
ANG-0002784,KontratëNr-0002785,PRJ-000889,231,INST-0621,J91809007H,183786.0,Po,9,2026,Ministria e Infrastruktures dhe Energjisë,Kapitulli 4,,Qendrore,Shkodër,Financim i huaj
ANG-0002785,KontratëNr-0002786,PRJ-000890,230,INST-0621,K36306710v,99933.0,Po,9,2026,Ministria e Bujqësisë dhe Zhvillimit Rural,Kapitulli 4,,SHA,Elbasan,Financim i huaj
ANG-0002786,KontratëNr-0002787,PRJ-000891,230,INST-0621,L51611004I,644890.0,Po,9,2026,Ministria e Shëndetësisë dhe Mbrojtjes Sociale,Kapitulli 6,,Qendrore,Shkodër,Financim i huaj
ANG-0002787,KontratëNr-0002788,PRJ-000892,231,INST-0621,M26620203T,667000.0,Po,9,2026,Ministria e Shëndetësisë dhe Mbrojtjes Sociale,Kapitulli 5,,Vendore,Tiranë,Të ardhura të trashiguara
ANG-0002788,KontratëNr-0002789,PRJ-000896,230,INST-0507,M52617004S,155786.66,Po,9,2026,Ministria e Financave dhe Ekonomisë,Kapitulli 4,,Qendrore,Vlorë,Financim i huaj
ANG-0002789,KontratëNr-0002790,PRJ-000883,230,INST-0331,L12407012R,618800.0,Po,9,2026,Ministria e Arsimit dhe Sportit,Kapitulli 6,,Qendrore,Vlorë,Buxheti i Shtetit
ANG-0002790,,PRJ-000893,230,INST-0331,K71630026T,97000.0,Po,9,2026,Ministria e Shëndetësisë dhe Mbrojtjes Sociale,Kapitulli 2,,SHA,Tiranë,Buxheti i Shtetit
ANG-0002791,KontratëNr-0002792,PRJ-000897,230,INST-0134,L92318009L,123062.0,Po,9,2026,Ministria e Brendshme,Kapitulli 5,,Qendrore,Korçë,Buxheti i Shtetit
ANG-0002792,KontratëNr-0002793,PRJ-000922,231,INST-0330,L32403002P,62790.0,Po,9,2026,Ministria e Financave dhe Ekonomisë,Kapitulli 2,,SHA,Durrës,Financim i huaj
ANG-0002793,KontratëNr-0002794,PRJ-000930,231,INST-0134,K43309402W,909500.0,Po,9,2026,Ministria e Brendshme,Kapitulli 2,,Vendore,Vlorë,Të ardhura të trashiguara
ANG-0002794,KontratëNr-0002795,PRJ-000932,230,INST-0176,M26704001G,745000.0,Po,9,2026,Ministria e Bujqësisë dhe Zhvillimit Rural,Kapitulli 7,,Vendore,Shkodër,Financim i huaj
ANG-0002795,KontratëNr-0002796,PRJ-000934,231,INST-0621,M52213505B,198000.0,Po,9,2026,Ministria e Arsimit dhe Sportit,Kapitulli 5,,Qendrore,Tiranë,Financim i huaj
ANG-0002796,KontratëNr-0002797,PRJ-000935,231,INST-0621,L21305035S,117630.73,Po,9,2026,Ministria e Financave dhe Ekonomisë,Kapitulli 1,,SHA,Tiranë,Buxheti i Shtetit
ANG-0002797,KontratëNr-0002798,PRJ-000936,230,INST-0621,L67508702G,515000.0,Po,9,2026,Ministria e Shëndetësisë dhe Mbrojtjes Sociale,Kapitulli 3,,SHA,Durrës,Financim i huaj
ANG-0002798,KontratëNr-0002799,PRJ-000937,231,INST-0621,M31305029A,103649.61,Po,9,2026,Ministria e Arsimit dhe Sportit,Kapitulli 3,,Vendore,Tiranë,Financim i huaj
ANG-0002799,KontratëNr-0002800,PRJ-000925,231,INST-0172,K91712015L,637000.0,Po,9,2026,Ministria e Infrastruktures dhe Energjisë,Kapitulli 5,,Vendore,Shkodër,Financim i huaj
ANG-0002800,KontratëNr-0002801,PRJ-000938,230,INST-0172,K92201080V,645000.0,Po,9,2026,Ministria e Bujqësisë dhe Zhvillimit Rural,Kapitulli 5,,Vendore,Shkodër,Buxheti i Shtetit
ANG-0002801,KontratëNr-0002802,PRJ-000924,231,INST-0621,J91809007H,23500.0,Po,9,2026,Ministria e Shëndetësisë dhe Mbrojtjes Sociale,Kapitulli 2,,Vendore,Vlorë,Financim i huaj
ANG-0002802,KontratëNr-0002803,PRJ-000931,230,INST-0243,K92201080V,164250.0,Po,9,2026,Ministria e Brendshme,Kapitulli 2,,Qendrore,Shkodër,Buxheti i Shtetit
ANG-0002803,KontratëNr-0002804,PRJ-000894,231,INST-1005,L71731025U,20370.0,Po,9,2026,Ministria e Shëndetësisë dhe Mbrojtjes Sociale,Kapitulli 6,,Vendore,Korçë,Të ardhura të trashiguara
ANG-0002804,KontratëNr-0002805,PRJ-000888,231,INST-0543,L76513701A,100000.0,Po,9,2026,Ministria e Bujqësisë dhe Zhvillimit Rural,Kapitulli 3,,Qendrore,Fier,Të ardhura të trashiguara
ANG-0002805,KontratëNr-0002806,PRJ-000885,230,INST-1004,L71715003C,80000.0,Po,9,2026,Ministria e Financave dhe Ekonomisë,Kapitulli 7,,SHA,Durrës,Buxheti i Shtetit
ANG-0002806,KontratëNr-0002807,PRJ-000886,230,INST-0040,K21912001R,13250.0,Po,9,2026,Ministria e Shëndetësisë dhe Mbrojtjes Sociale,Kapitulli 3,,Qendrore,Elbasan,Financim i huaj
ANG-0002807,,PRJ-000884,230,INST-1004,J61901194M,269000.0,Po,9,2026,Ministria e Infrastruktures dhe Energjisë,Kapitulli 7,,SHA,Vlorë,Financim i huaj
ANG-0002808,KontratëNr-0002809,PRJ-000857,231,INST-0621,J61904061W,29200.0,Po,9,2026,Ministria e Arsimit dhe Sportit,Kapitulli 5,,SHA,Korçë,Buxheti i Shtetit
ANG-0002809,KontratëNr-0002810,PRJ-000858,231,INST-0621,L62311016C,72000.0,Po,9,2026,Ministria e Arsimit dhe Sportit,Kapitulli 1,,SHA,Fier,Të ardhura të trashiguara
ANG-0002810,,PRJ-000860,231,INST-0621,L89226601K,98940.0,Po,9,2026,Ministria e Shëndetësisë dhe Mbrojtjes Sociale,Kapitulli 3,,Vendore,Tiranë,Të ardhura të trashiguara
ANG-0002811,KontratëNr-0002812,PRJ-000861,231,INST-0138,J62426002Q,315700.0,Po,9,2026,Ministria e Infrastruktures dhe Energjisë,Kapitulli 4,,Vendore,Elbasan,Buxheti i Shtetit
ANG-0002812,,PRJ-000864,231,INST-0142,L01508026P,46200.0,Po,9,2026,Ministria e Financave dhe Ekonomisë,Kapitulli 2,,Vendore,Elbasan,Të ardhura të trashiguara
ANG-0002813,KontratëNr-0002814,PRJ-000867,231,INST-0624,L68705501C,486200.0,Po,9,2026,Ministria e Financave dhe Ekonomisë,Kapitulli 5,,SHA,Korçë,Të ardhura të trashiguara
ANG-0002814,KontratëNr-0002815,PRJ-000868,230,INST-0962,M52610204S,248225.0,Po,9,2026,Ministria e Financave dhe Ekonomisë,Kapitulli 3,,Vendore,Tiranë,Të ardhura të trashiguara
ANG-0002815,KontratëNr-0002816,PRJ-000869,231,INST-1016,K31528061N,35625.0,Po,9,2026,Ministria e Financave dhe Ekonomisë,Kapitulli 4,,Vendore,Durrës,Të ardhura të trashiguara
ANG-0002816,KontratëNr-0002817,PRJ-000875,230,INST-0133,J62903750A,50119000.0,Po,9,2026,Ministria e Shëndetësisë dhe Mbrojtjes Sociale,Kapitulli 1,,Vendore,Vlorë,Buxheti i Shtetit
ANG-0002817,KontratëNr-0002818,PRJ-000874,230,INST-0957,M48123101D,97900.0,Po,9,2026,Ministria e Shëndetësisë dhe Mbrojtjes Sociale,Kapitulli 4,,Vendore,Korçë,Buxheti i Shtetit
ANG-0002818,KontratëNr-0002819,PRJ-000877,231,INST-0134,L62204033A,820000.0,Po,9,2026,Ministria e Brendshme,Kapitulli 4,,SHA,Vlorë,Buxheti i Shtetit
ANG-0002819,KontratëNr-0002820,PRJ-000855,231,INST-0958,K62320012O,7000.0,Po,9,2026,Ministria e Bujqësisë dhe Zhvillimit Rural,Kapitulli 1,,SHA,Tiranë,Financim i huaj
ANG-0002820,KontratëNr-0002821,PRJ-000866,230,INST-0586,M19305501L,699990.0,Po,9,2026,Ministria e Infrastruktures dhe Energjisë,Kapitulli 2,,SHA,Fier,Të ardhura të trashiguara
ANG-0002821,KontratëNr-0002822,PRJ-000871,231,INST-0172,M07108401J,149000.0,Po,9,2026,Ministria e Financave dhe Ekonomisë,Kapitulli 7,,Qendrore,Tiranë,Buxheti i Shtetit
ANG-0002822,KontratëNr-0002823,PRJ-000878,231,INST-0569,L21708012H,153000.0,Po,9,2026,Ministria e Brendshme,Kapitulli 6,,Qendrore,Shkodër,Buxheti i Shtetit
ANG-0002823,,PRJ-000879,230,INST-0569,K62320012O,27500.0,Po,9,2026,Ministria e Infrastruktures dhe Energjisë,Kapitulli 1,,Vendore,Korçë,Të ardhura të trashiguara
ANG-0002824,,PRJ-000880,230,INST-0569,K31528061N,25568.0,Po,9,2026,Ministria e Financave dhe Ekonomisë,Kapitulli 3,,Qendrore,Korçë,Financim i huaj
ANG-0002825,KontratëNr-0002826,PRJ-000881,231,INST-0175,M22421024U,669000.0,Po,9,2026,Ministria e Infrastruktures dhe Energjisë,Kapitulli 7,,Vendore,Elbasan,Të ardhura të trashiguara
ANG-0002826,KontratëNr-0002827,PRJ-000882,230,INST-0175,L62316503D,88833.0,Po,9,2026,Ministria e Financave dhe Ekonomisë,Kapitulli 6,,SHA,Fier,Të ardhura të trashiguara
ANG-0002827,KontratëNr-0002828,PRJ-000863,231,INST-0056,M22421024U,969000.0,Po,9,2026,Ministria e Infrastruktures dhe Energjisë,Kapitulli 3,,SHA,Vlorë,Financim i huaj
ANG-0002828,KontratëNr-0002829,PRJ-000876,230,INST-0965,M21517029S,545000.0,Po,9,2026,Ministria e Shëndetësisë dhe Mbrojtjes Sociale,Kapitulli 5,,Vendore,Fier,Financim i huaj
ANG-0002829,KontratëNr-0002830,PRJ-000821,230,INST-0576,L82203011N,490200.0,Po,9,2026,Ministria e Arsimit dhe Sportit,Kapitulli 3,,Qendrore,Elbasan,Financim i huaj
ANG-0002830,KontratëNr-0002831,PRJ-000824,230,INST-1006,K82231003A,34960.0,Po,9,2026,Ministria e Bujqësisë dhe Zhvillimit Rural,Kapitulli 6,,SHA,Shkodër,Buxheti i Shtetit
ANG-0002831,KontratëNr-0002832,PRJ-000825,230,INST-0142,J72124001N,68274.0,Po,9,2026,Ministria e Brendshme,Kapitulli 2,,Vendore,Korçë,Financim i huaj
ANG-0002832,KontratëNr-0002833,PRJ-000828,230,INST-0142,J91809007H,56312.0,Po,9,2026,Ministria e Arsimit dhe Sportit,Kapitulli 6,,SHA,Elbasan,Buxheti i Shtetit
ANG-0002833,KontratëNr-0002834,PRJ-000832,230,INST-0243,L43611201A,933333.0,Po,9,2026,Ministria e Brendshme,Kapitulli 1,,Qendrore,Elbasan,Buxheti i Shtetit
ANG-0002834,KontratëNr-0002835,PRJ-000833,230,INST-0243,M01321501F,51300.0,Po,9,2026,Ministria e Financave dhe Ekonomisë,Kapitulli 7,,Qendrore,Tiranë,Të ardhura të trashiguara
ANG-0002835,KontratëNr-0002836,PRJ-000834,231,INST-0243,M51602049J,174000.0,Po,9,2026,Ministria e Shëndetësisë dhe Mbrojtjes Sociale,Kapitulli 5,,Vendore,Vlorë,Buxheti i Shtetit
ANG-0002836,KontratëNr-0002837,PRJ-000835,231,INST-0243,K81309045E,101975.0,Po,9,2026,Ministria e Shëndetësisë dhe Mbrojtjes Sociale,Kapitulli 1,,Qendrore,Fier,Financim i huaj
ANG-0002837,KontratëNr-0002838,PRJ-000836,231,INST-0243,L77616801C,920000.0,Po,9,2026,Ministria e Shëndetësisë dhe Mbrojtjes Sociale,Kapitulli 4,,Vendore,Fier,Financim i huaj
ANG-0002838,KontratëNr-0002839,PRJ-000837,230,INST-0243,L51327014R,82750.0,Po,9,2026,Ministria e Infrastruktures dhe Energjisë,Kapitulli 4,,Qendrore,Durrës,Financim i huaj
ANG-0002839,KontratëNr-0002840,PRJ-000838,230,INST-0243,L21319037M,165000.0,Po,9,2026,Ministria e Arsimit dhe Sportit,Kapitulli 5,,Vendore,Korçë,Financim i huaj
ANG-0002840,KontratëNr-0002841,PRJ-000839,230,INST-0243,J61827043V,97685.0,Po,9,2026,Ministria e Infrastruktures dhe Energjisë,Kapitulli 7,,Vendore,Vlorë,Buxheti i Shtetit
ANG-0002841,KontratëNr-0002842,PRJ-000841,230,INST-0636,J61814028F,4944625.0,Po,9,2026,Ministria e Bujqësisë dhe Zhvillimit Rural,Kapitulli 2,,SHA,Vlorë,Të ardhura të trashiguara
ANG-0002842,KontratëNr-0002843,PRJ-000842,230,INST-0636,L73622401A,94250.0,Po,9,2026,Ministria e Infrastruktures dhe Energjisë,Kapitulli 6,,Qendrore,Tiranë,Buxheti i Shtetit
ANG-0002843,KontratëNr-0002844,PRJ-000843,230,INST-0636,M51602049J,544000.0,Po,9,2026,Ministria e Arsimit dhe Sportit,Kapitulli 6,,Vendore,Korçë,Financim i huaj
ANG-0002844,KontratëNr-0002845,PRJ-000851,231,INST-0173,M31823508U,148000.0,Po,9,2026,Ministria e Infrastruktures dhe Energjisë,Kapitulli 6,,Qendrore,Vlorë,Buxheti i Shtetit
ANG-0002845,KontratëNr-0002846,PRJ-000830,230,INST-0621,L71921002H,45000.0,Po,9,2026,Ministria e Infrastruktures dhe Energjisë,Kapitulli 7,,Vendore,Elbasan,Financim i huaj
ANG-0002846,KontratëNr-0002847,PRJ-000816,231,INST-0958,M11313501M,500001.0,Po,9,2026,Ministria e Shëndetësisë dhe Mbrojtjes Sociale,Kapitulli 3,,SHA,Durrës,Financim i huaj
ANG-0002847,KontratëNr-0002848,PRJ-000817,230,INST-0958,L31310007Q,26000.0,Po,9,2026,Ministria e Shëndetësisë dhe Mbrojtjes Sociale,Kapitulli 7,,Qendrore,Vlorë,Financim i huaj
ANG-0002848,KontratëNr-0002849,PRJ-000818,230,INST-0131,M42209031I,293000.0,Po,9,2026,Ministria e Infrastruktures dhe Energjisë,Kapitulli 6,,Vendore,Fier,Financim i huaj
ANG-0002849,KontratëNr-0002850,PRJ-000819,231,INST-0330,K42611766Q,99867.0,Po,9,2026,Ministria e Arsimit dhe Sportit,Kapitulli 7,,Qendrore,Korçë,Financim i huaj
ANG-0002850,,PRJ-000820,230,INST-0136,M31823508U,500000.0,Po,9,2026,Ministria e Arsimit dhe Sportit,Kapitulli 7,,Qendrore,Elbasan,Të ardhura të trashiguara
ANG-0002851,KontratëNr-0002852,PRJ-000822,230,INST-0405,M41322509J,687777.0,Po,9,2026,Ministria e Brendshme,Kapitulli 6,,Vendore,Korçë,Të ardhura të trashiguara
ANG-0002852,KontratëNr-0002853,PRJ-000831,231,INST-0961,M12409002V,369990.0,Po,9,2026,Ministria e Infrastruktures dhe Energjisë,Kapitulli 5,,Vendore,Fier,Të ardhura të trashiguara
ANG-0002853,KontratëNr-0002854,PRJ-000844,231,INST-0172,L51419022R,68000.0,Po,9,2026,Ministria e Shëndetësisë dhe Mbrojtjes Sociale,Kapitulli 2,,Vendore,Vlorë,Financim i huaj
ANG-0002854,KontratëNr-0002855,PRJ-000850,231,INST-0364,J61814028F,492500.0,Po,9,2026,Ministria e Shëndetësisë dhe Mbrojtjes Sociale,Kapitulli 7,,Qendrore,Shkodër,Financim i huaj
ANG-0002855,KontratëNr-0002856,PRJ-000815,230,INST-0364,K31528061N,292000.0,Po,9,2026,Ministria e Financave dhe Ekonomisë,Kapitulli 7,,Qendrore,Durrës,Buxheti i Shtetit
ANG-0002856,KontratëNr-0002857,PRJ-000823,231,INST-0337,M02415002E,189600.0,Po,9,2026,Ministria e Financave dhe Ekonomisë,Kapitulli 4,,Vendore,Korçë,Buxheti i Shtetit
ANG-0002857,KontratëNr-0002858,PRJ-000826,230,INST-0562,L12107043O,211252.0,Po,9,2026,Ministria e Infrastruktures dhe Energjisë,Kapitulli 5,,SHA,Korçë,Të ardhura të trashiguara
ANG-0002858,KontratëNr-0002859,PRJ-000829,231,INST-0136,K51612031J,10819.0,Po,9,2026,Ministria e Arsimit dhe Sportit,Kapitulli 7,,Qendrore,Tiranë,Financim i huaj
ANG-0002859,KontratëNr-0002860,PRJ-000814,230,INST-0588,K31528061N,160000.0,Po,9,2026,Ministria e Bujqësisë dhe Zhvillimit Rural,Kapitulli 4,,SHA,Korçë,Të ardhura të trashiguara
ANG-0002860,KontratëNr-0002861,PRJ-000846,231,INST-0967,M54213201B,148900.0,Po,9,2026,Ministria e Brendshme,Kapitulli 5,,Vendore,Fier,Të ardhura të trashiguara
ANG-0002861,KontratëNr-0002862,PRJ-000848,231,INST-0143,K87628701K,35462.27,Po,9,2026,Ministria e Financave dhe Ekonomisë,Kapitulli 4,,Qendrore,Tiranë,Financim i huaj
ANG-0002862,KontratëNr-0002863,PRJ-000827,230,INST-0154,K71707007Q,261000.0,Po,9,2026,Ministria e Brendshme,Kapitulli 3,,Qendrore,Korçë,Të ardhura të trashiguara
ANG-0002863,KontratëNr-0002864,PRJ-000849,230,INST-0123,K72105003E,551018.29,Po,9,2026,Ministria e Shëndetësisë dhe Mbrojtjes Sociale,Kapitulli 3,,Qendrore,Durrës,Buxheti i Shtetit
ANG-0002864,KontratëNr-0002865,PRJ-000749,230,INST-0456,K41420001V,24750.0,Po,9,2026,Ministria e Shëndetësisë dhe Mbrojtjes Sociale,Kapitulli 1,,Qendrore,Fier,Buxheti i Shtetit
ANG-0002865,KontratëNr-0002866,PRJ-000751,231,INST-1016,K31528061N,198000.0,Po,9,2026,Ministria e Bujqësisë dhe Zhvillimit Rural,Kapitulli 1,,Vendore,Vlorë,Të ardhura të trashiguara
ANG-0002866,,PRJ-000753,230,INST-0128,M41508003F,751241.0,Po,9,2026,Ministria e Brendshme,Kapitulli 2,,SHA,Tiranë,Të ardhura të trashiguara
ANG-0002867,KontratëNr-0002868,PRJ-000756,230,INST-0126,L51419022R,530000.0,Po,9,2026,Ministria e Financave dhe Ekonomisë,Kapitulli 1,,Qendrore,Shkodër,Buxheti i Shtetit
ANG-0002868,KontratëNr-0002869,PRJ-000762,231,INST-0164,L91418502J,66666.0,Po,9,2026,Ministria e Financave dhe Ekonomisë,Kapitulli 5,,Vendore,Durrës,Të ardhura të trashiguara
ANG-0002869,KontratëNr-0002870,PRJ-000764,231,INST-0517,L01914003T,1608800.0,Po,9,2026,Ministria e Financave dhe Ekonomisë,Kapitulli 1,,Vendore,Durrës,Financim i huaj
ANG-0002870,KontratëNr-0002871,PRJ-000765,230,INST-0057,L91908002N,69700.0,Po,9,2026,Ministria e Brendshme,Kapitulli 6,,Qendrore,Durrës,Buxheti i Shtetit
ANG-0002871,,PRJ-000791,230,INST-0424,M41707006H,350000.0,Po,9,2026,Ministria e Bujqësisë dhe Zhvillimit Rural,Kapitulli 4,,Vendore,Tiranë,Të ardhura të trashiguara
ANG-0002872,KontratëNr-0002873,PRJ-000792,230,INST-0424,M32210031M,100000.0,Po,9,2026,Ministria e Bujqësisë dhe Zhvillimit Rural,Kapitulli 7,,Qendrore,Durrës,Të ardhura të trashiguara
ANG-0002873,KontratëNr-0002874,PRJ-000793,231,INST-0424,L52606201T,500000.0,Po,9,2026,Ministria e Infrastruktures dhe Energjisë,Kapitulli 3,,SHA,Korçë,Të ardhura të trashiguara
ANG-0002874,KontratëNr-0002875,PRJ-000796,231,INST-0424,K42108801C,775393.0,Po,9,2026,Ministria e Infrastruktures dhe Energjisë,Kapitulli 6,,Qendrore,Fier,Të ardhura të trashiguara
ANG-0002875,KontratëNr-0002876,PRJ-000804,230,INST-0149,L92019017V,675000.0,Po,9,2026,Ministria e Shëndetësisë dhe Mbrojtjes Sociale,Kapitulli 3,,Qendrore,Tiranë,Të ardhura të trashiguara
ANG-0002876,KontratëNr-0002877,PRJ-000810,230,INST-0126,K62022009S,136686.64,Po,9,2026,Ministria e Financave dhe Ekonomisë,Kapitulli 3,,SHA,Korçë,Buxheti i Shtetit
ANG-0002877,KontratëNr-0002878,PRJ-000766,230,INST-0621,K31528061N,190650.0,Po,9,2026,Ministria e Bujqësisë dhe Zhvillimit Rural,Kapitulli 6,,Vendore,Elbasan,Financim i huaj
ANG-0002878,,PRJ-000767,230,INST-0621,K51612031J,253200.0,Po,9,2026,Ministria e Infrastruktures dhe Energjisë,Kapitulli 5,,Vendore,Vlorë,Të ardhura të trashiguara
ANG-0002879,KontratëNr-0002880,PRJ-000768,231,INST-0621,K91530017T,470000.0,Po,9,2026,Ministria e Infrastruktures dhe Energjisë,Kapitulli 3,,Qendrore,Vlorë,Financim i huaj
ANG-0002880,KontratëNr-0002881,PRJ-000769,230,INST-0621,L83415801H,194900.0,Po,9,2026,Ministria e Infrastruktures dhe Energjisë,Kapitulli 7,,SHA,Shkodër,Buxheti i Shtetit
ANG-0002881,KontratëNr-0002882,PRJ-000770,231,INST-0621,K42108801C,704000.0,Po,9,2026,Ministria e Bujqësisë dhe Zhvillimit Rural,Kapitulli 5,,Qendrore,Elbasan,Financim i huaj
ANG-0002882,KontratëNr-0002883,PRJ-000771,230,INST-0621,L21319037M,787600.0,Po,9,2026,Ministria e Financave dhe Ekonomisë,Kapitulli 6,,Qendrore,Shkodër,Financim i huaj
ANG-0002883,KontratëNr-0002884,PRJ-000772,230,INST-0621,L62206012L,72496.0,Po,9,2026,Ministria e Arsimit dhe Sportit,Kapitulli 6,,Vendore,Elbasan,Financim i huaj
ANG-0002884,KontratëNr-0002885,PRJ-000773,230,INST-0621,M22307015R,24100.0,Po,9,2026,Ministria e Brendshme,Kapitulli 3,,Vendore,Korçë,Buxheti i Shtetit
ANG-0002885,KontratëNr-0002886,PRJ-000774,230,INST-0621,M51624039U,225000.0,Po,9,2026,Ministria e Shëndetësisë dhe Mbrojtjes Sociale,Kapitulli 6,,Vendore,Elbasan,Të ardhura të trashiguara
ANG-0002886,KontratëNr-0002887,PRJ-000775,231,INST-0621,K31528061N,103695.0,Po,9,2026,Ministria e Shëndetësisë dhe Mbrojtjes Sociale,Kapitulli 3,,SHA,Fier,Buxheti i Shtetit
ANG-0002887,KontratëNr-0002888,PRJ-000776,230,INST-0621,M52213505B,129800.0,Po,9,2026,Ministria e Shëndetësisë dhe Mbrojtjes Sociale,Kapitulli 4,,Qendrore,Durrës,Të ardhura të trashiguara
ANG-0002888,KontratëNr-0002889,PRJ-000777,231,INST-0621,L77419701F,368000.0,Po,9,2026,Ministria e Brendshme,Kapitulli 7,,Qendrore,Korçë,Të ardhura të trashiguara
ANG-0002889,KontratëNr-0002890,PRJ-000778,230,INST-0621,K01410001N,98205.83,Po,9,2026,Ministria e Brendshme,Kapitulli 3,,Qendrore,Korçë,Buxheti i Shtetit
ANG-0002890,KontratëNr-0002891,PRJ-000779,230,INST-0621,M01903009N,61944.56,Po,9,2026,Ministria e Infrastruktures dhe Energjisë,Kapitulli 1,,Vendore,Elbasan,Të ardhura të trashiguara
ANG-0002891,KontratëNr-0002892,PRJ-000780,230,INST-0621,J91809007H,198161.0,Po,9,2026,Ministria e Brendshme,Kapitulli 7,,Qendrore,Durrës,Buxheti i Shtetit
ANG-0002892,KontratëNr-0002893,PRJ-000781,231,INST-0621,L12107043O,178565.0,Po,9,2026,Ministria e Arsimit dhe Sportit,Kapitulli 2,,Vendore,Fier,Financim i huaj
ANG-0002893,KontratëNr-0002894,PRJ-000782,230,INST-0621,J72124001N,45000.0,Po,9,2026,Ministria e Arsimit dhe Sportit,Kapitulli 5,,SHA,Durrës,Buxheti i Shtetit
ANG-0002894,KontratëNr-0002895,PRJ-000783,231,INST-0621,K62115018I,74000.0,Po,9,2026,Ministria e Arsimit dhe Sportit,Kapitulli 6,,SHA,Shkodër,Financim i huaj
ANG-0002895,KontratëNr-0002896,PRJ-000784,231,INST-0621,K31427035Q,250000.0,Po,9,2026,Ministria e Arsimit dhe Sportit,Kapitulli 4,,Qendrore,Tiranë,Të ardhura të trashiguara
ANG-0002896,KontratëNr-0002897,PRJ-000785,231,INST-0621,L71325019D,29300.0,Po,9,2026,Ministria e Shëndetësisë dhe Mbrojtjes Sociale,Kapitulli 4,,Qendrore,Durrës,Të ardhura të trashiguara
ANG-0002897,KontratëNr-0002898,PRJ-000786,231,INST-0621,K12201002T,159000.0,Po,9,2026,Ministria e Financave dhe Ekonomisë,Kapitulli 3,,SHA,Shkodër,Të ardhura të trashiguara
ANG-0002898,KontratëNr-0002899,PRJ-000787,230,INST-0621,J72124001N,222000.0,Po,9,2026,Ministria e Infrastruktures dhe Energjisë,Kapitulli 6,,Vendore,Shkodër,Të ardhura të trashiguara
ANG-0002899,,PRJ-000788,230,INST-0621,K42108801C,268000.0,Po,9,2026,Ministria e Bujqësisë dhe Zhvillimit Rural,Kapitulli 4,,Qendrore,Tiranë,Financim i huaj
ANG-0002900,KontratëNr-0002901,PRJ-000789,230,INST-0621,M28717102U,469500.0,Po,9,2026,Ministria e Financave dhe Ekonomisë,Kapitulli 3,,Vendore,Tiranë,Financim i huaj
ANG-0002901,,PRJ-000794,230,INST-0098,K31528061N,142000.0,Po,9,2026,Ministria e Bujqësisë dhe Zhvillimit Rural,Kapitulli 4,,Qendrore,Fier,Financim i huaj
ANG-0002902,KontratëNr-0002903,PRJ-000797,230,INST-0160,K31528061N,44175.0,Po,9,2026,Ministria e Financave dhe Ekonomisë,Kapitulli 7,,SHA,Fier,Financim i huaj
ANG-0002903,KontratëNr-0002904,PRJ-000754,230,INST-0888,J71907014E,274000.0,Po,9,2026,Ministria e Financave dhe Ekonomisë,Kapitulli 6,,SHA,Shkodër,Të ardhura të trashiguara
ANG-0002904,KontratëNr-0002905,PRJ-000755,230,INST-0562,J62426002Q,125600.0,Po,9,2026,Ministria e Infrastruktures dhe Energjisë,Kapitulli 7,,SHA,Durrës,Financim i huaj
ANG-0002905,KontratëNr-0002906,PRJ-000757,230,INST-0170,K12201002T,22365.0,Po,9,2026,Ministria e Brendshme,Kapitulli 5,,Qendrore,Tiranë,Të ardhura të trashiguara
ANG-0002906,KontratëNr-0002907,PRJ-000760,231,INST-0168,L63204002T,66500.0,Po,9,2026,Ministria e Bujqësisë dhe Zhvillimit Rural,Kapitulli 5,,Vendore,Vlorë,Financim i huaj
ANG-0002907,KontratëNr-0002908,PRJ-000763,231,INST-0123,K91425009A,27300.0,Po,9,2026,Ministria e Infrastruktures dhe Energjisë,Kapitulli 4,,Vendore,Tiranë,Buxheti i Shtetit
ANG-0002908,KontratëNr-0002909,PRJ-000799,231,INST-0175,K71707007Q,624200.0,Po,9,2026,Ministria e Financave dhe Ekonomisë,Kapitulli 3,,Qendrore,Durrës,Buxheti i Shtetit
ANG-0002909,KontratëNr-0002910,PRJ-000800,231,INST-0621,L43611201A,23641667.0,Po,9,2026,Ministria e Shëndetësisë dhe Mbrojtjes Sociale,Kapitulli 2,,SHA,Elbasan,Të ardhura të trashiguara
ANG-0002910,KontratëNr-0002911,PRJ-000801,230,INST-0621,K42108801C,539000.0,Po,9,2026,Ministria e Bujqësisë dhe Zhvillimit Rural,Kapitulli 1,,Qendrore,Fier,Financim i huaj
ANG-0002911,KontratëNr-0002912,PRJ-000802,231,INST-0621,L32403002P,45300.0,Po,9,2026,Ministria e Bujqësisë dhe Zhvillimit Rural,Kapitulli 1,,Qendrore,Vlorë,Buxheti i Shtetit
ANG-0002912,KontratëNr-0002913,PRJ-000803,230,INST-0621,J66902033R,100000.0,Po,9,2026,Ministria e Brendshme,Kapitulli 2,,SHA,Korçë,Buxheti i Shtetit
ANG-0002913,KontratëNr-0002914,PRJ-000805,230,INST-0240,K82231003A,68800.0,Po,9,2026,Ministria e Bujqësisë dhe Zhvillimit Rural,Kapitulli 1,,Vendore,Vlorë,Të ardhura të trashiguara
ANG-0002914,KontratëNr-0002915,PRJ-000806,231,INST-0240,L62102007V,83000.0,Po,9,2026,Ministria e Bujqësisë dhe Zhvillimit Rural,Kapitulli 7,,Qendrore,Vlorë,Të ardhura të trashiguara
ANG-0002915,KontratëNr-0002916,PRJ-000807,230,INST-0240,K31418036C,24000.0,Po,9,2026,Ministria e Infrastruktures dhe Energjisë,Kapitulli 4,,Qendrore,Shkodër,Të ardhura të trashiguara
ANG-0002916,KontratëNr-0002917,PRJ-000808,230,INST-0240,L61329010T,96620.0,Po,9,2026,Ministria e Bujqësisë dhe Zhvillimit Rural,Kapitulli 7,,SHA,Durrës,Buxheti i Shtetit
ANG-0002917,KontratëNr-0002918,PRJ-000809,230,INST-0240,L71325019D,340000.0,Po,9,2026,Ministria e Infrastruktures dhe Energjisë,Kapitulli 3,,Vendore,Shkodër,Financim i huaj
ANG-0002918,KontratëNr-0002919,PRJ-000750,230,INST-0338,M31813031U,70000.0,Po,9,2026,Ministria e Infrastruktures dhe Energjisë,Kapitulli 2,,Vendore,Korçë,Financim i huaj
ANG-0002919,KontratëNr-0002920,PRJ-000759,231,INST-0965,L32403002P,11453.0,Po,9,2026,Ministria e Arsimit dhe Sportit,Kapitulli 6,,Qendrore,Shkodër,Financim i huaj
ANG-0002920,KontratëNr-0002921,PRJ-000752,231,INST-0116,K37506202I,99840.0,Po,9,2026,Ministria e Brendshme,Kapitulli 7,,Vendore,Shkodër,Buxheti i Shtetit
ANG-0002921,KontratëNr-0002922,PRJ-000758,231,INST-0429,M02403014N,71990.0,Po,9,2026,Ministria e Financave dhe Ekonomisë,Kapitulli 1,,SHA,Vlorë,Buxheti i Shtetit
ANG-0002922,KontratëNr-0002923,PRJ-000790,230,INST-0964,K31611085A,50500.0,Po,9,2026,Ministria e Financave dhe Ekonomisë,Kapitulli 1,,Qendrore,Tiranë,Financim i huaj
