numri_fatures,numri_kuponi,numri_angazhimit,eshte_e_lidhur_me_kontrate,nivf_nslf,data_fatures,data_mberritjes_regjistrimit,vlera_fatures,statusi,statusi_real_i_sistemit,statusi_miratimit,kontabilizuar,statusi_rezervimit_planit_thesarit,data_ndryshimit_statusit,arsyeja_refuzimit,furnitor_nipt,numri_furnitorit,kodi_lloj_fature,kushtet_pageses_dite
FAT-0000001,INST-0991-2500001,ANG-0000001,True,NIVF-5560662780,2025-05-23,2025-05-26,47190.05,pranuar,E_Vleftesuar,Miratuar,Po,R_Kaloi,2025-05-30,,M12127026K,FURN-000085,sherbim,30
FAT-0000002,INST-0991-2500002,ANG-0000001,True,NIVF-6595663911,2025-06-14,2025-06-16,52629.95,pranuar,E_Vleftesuar,Miratuar,Po,R_Kaloi,2025-06-25,,M12127026K,FURN-000085,sherbim,30
FAT-0000003,INST-0133-2500003,ANG-0000002,True,NIVF-8971190715,2025-07-11,2025-07-11,15760.73,pranuar,E_Vleftesuar,Miratuar,Po,R_Kaloi,2025-07-17,,L82007020D,FURN-000513,mall,30
FAT-0000004,INST-0133-2500004,ANG-0000002,True,NIVF-2855518192,2025-08-25,2025-08-27,905.07,pranuar,E_Vleftesuar,Miratuar,Po,R_Kaloi,2025-09-03,,L82007020D,FURN-000513,mall,30
FAT-0000005,INST-0133-2500005,ANG-0000002,True,NIVF-6267006334,2025-10-06,2025-10-07,24334.2,pranuar,E_Vleftesuar,Miratuar,Po,R_Kaloi,2025-10-15,,L82007020D,FURN-000513,mall,30
FAT-0000006,INST-0133-2500006,ANG-0000003,True,NIVF-5528678155,2025-04-01,2025-04-03,2307081.66,pranuar,E_Vleftesuar,Miratuar,Po,R_Kaloi,2025-04-05,,L92713601Q,FURN-000744,pune,30
FAT-0000007,INST-0133-2500007,ANG-0000003,True,NIVF-3351127972,2025-05-24,2025-05-26,1124558.0,pranuar,E_Vleftesuar,Miratuar,Po,R_Kaloi,2025-05-28,,L92713601Q,FURN-000744,pune,30
FAT-0000008,INST-0133-2500008,ANG-0000003,True,NIVF-9584371954,2025-06-21,2025-06-21,264181.34,pranuar,E_Vleftesuar,Miratuar,Po,R_Kaloi,2025-06-29,,L92713601Q,FURN-000744,pune,30
FAT-0000009,INST-0134-2500009,ANG-0000004,True,NIVF-5471328204,2025-10-12,2025-10-12,2198340.0,pranuar,E_Vleftesuar,Miratuar,Po,R_Kaloi,2025-10-18,,M11307042L,FURN-000419,mall,30
FAT-0000010,INST-0134-2500010,ANG-0000005,True,NIVF-6187781871,2025-05-21,2025-05-24,6853910.5,pranuar,E_Vleftesuar,Miratuar,Po,R_Kaloi,2025-05-28,,J84003411K,FURN-000563,mall,30
FAT-0000011,INST-0134-2500011,ANG-0000006,True,NIVF-6849369065,2025-11-04,2025-11-07,47157.44,pranuar,E_Vleftesuar,Miratuar,Po,R_Kaloi,2025-11-09,,K51612031J,FURN-000015,mall,30
FAT-0000012,INST-0134-2500012,ANG-0000006,True,NIVF-4079829867,2025-12-24,2025-12-25,2792.56,pranuar,E_Vleftesuar,Miratuar,Po,R_Kaloi,2026-01-01,,K51612031J,FURN-000015,mall,30
FAT-0000013,INST-0159-2500013,ANG-0000007,True,NIVF-5190973691,2025-12-25,2025-12-26,93125.0,pranuar,E_Vleftesuar,Miratuar,Po,R_Kaloi,2025-12-31,,K91530017T,FURN-000032,sherbim,30
FAT-0000014,INST-0164-2500014,ANG-0000008,True,NIVF-9163550591,2025-12-24,2025-12-25,124414.86,pranuar,E_Vleftesuar,Miratuar,Po,R_Kaloi,2025-12-31,,K22218003V,FURN-001092,sherbim,30
FAT-0000015,INST-0164-2600015,ANG-0000008,True,NIVF-5612440587,2026-02-05,2026-02-08,16585.14,pranuar,E_Vleftesuar,Miratuar,Po,R_Kaloi,2026-02-15,,K22218003V,FURN-001092,sherbim,30
FAT-0000016,INST-0568-2600016,ANG-0000009,True,NIVF-6063871032,2026-01-04,2026-01-04,41038.35,pranuar,E_Vleftesuar,Miratuar,Po,R_Kaloi,2026-01-08,,K41420001V,FURN-000016,mall,30
FAT-0000017,INST-0568-2600017,ANG-0000009,True,NIVF-9437507194,2026-02-02,2026-02-04,70211.65,pranuar,E_Vleftesuar,Miratuar,Po,R_Kaloi,2026-02-07,,K41420001V,FURN-000016,mall,30
FAT-0000018,INST-0541-2600018,ANG-0000010,True,NIVF-2118400341,2026-01-15,2026-01-16,455942.18,pranuar,E_Vleftesuar,Miratuar,Po,R_Kaloi,2026-01-24,,K91628001D,FURN-001937,pune,30
FAT-0000019,INST-0541-2600019,ANG-0000010,True,NIVF-3368467461,2026-02-13,2026-02-14,513697.89,pranuar,E_Vleftesuar,Miratuar,Po,R_Kaloi,2026-02-16,,K91628001D,FURN-001937,pune,30
FAT-0000020,INST-0541-2600020,ANG-0000010,True,NIVF-1485529844,2026-03-29,2026-04-02,522359.93,pranuar,E_Vleftesuar,Miratuar,Po,R_Kaloi,2026-04-11,,K91628001D,FURN-001937,pune,30
FAT-0000021,INST-0487-2600021,ANG-0000011,True,NIVF-9121965063,2026-01-11,2026-01-11,3256618.14,pranuar,E_Vleftesuar,Miratuar,Po,R_Kaloi,2026-01-15,,J61813529P,FURN-000228,mall,30
FAT-0000022,INST-0487-2600022,ANG-0000011,True,NIVF-3097095173,2026-02-28,2026-03-03,2741621.2,pranuar,E_Vleftesuar,Miratuar,Po,R_Kaloi,2026-03-10,,J61813529P,FURN-000228,mall,30
FAT-0000023,INST-0487-2600023,ANG-0000011,True,NIVF-6026565428,2026-03-31,2026-03-31,2480912.66,pranuar,E_Vleftesuar,Miratuar,Po,R_Kaloi,2026-04-04,,J61813529P,FURN-000228,mall,30
FAT-0000024,INST-0496-2500024,ANG-0000012,True,NIVF-5151866798,2025-04-04,2025-04-08,963790.56,pranuar,E_Vleftesuar,Miratuar,Po,R_Kaloi,2025-04-11,,J62903182B,FURN-000792,mall,30
FAT-0000025,INST-0496-2500025,ANG-0000012,True,NIVF-7613744976,2025-05-23,2025-05-25,13304531.89,pranuar,E_Vleftesuar,Miratuar,Po,R_Kaloi,2025-06-02,,J62903182B,FURN-000792,mall,30
FAT-0000026,INST-0496-2500026,ANG-0000012,True,NIVF-6631199286,2025-06-17,2025-06-19,15967062.55,pranuar,E_Vleftesuar,Miratuar,Po,R_Kaloi,2025-06-23,,J62903182B,FURN-000792,mall,30
FAT-0000027,INST-0165-2500027,ANG-0000013,True,NIVF-3577631411,2025-10-04,2025-10-06,15979677.5,pranuar,E_Vleftesuar,Miratuar,Po,R_Kaloi,2025-10-12,,K17710805A,FURN-001771,pune,30
FAT-0000028,INST-0057-2600028,ANG-0000014,True,NIVF-3796666528,2026-01-12,2026-01-16,2234758.0,pranuar,E_Vleftesuar,Miratuar,Po,R_Kaloi,2026-01-19,,J61814094W,FURN-000044,mall,30
FAT-0000029,INST-0057-2600029,ANG-0000015,True,NIVF-4380980114,2026-01-15,2026-01-15,1923663.06,pranuar,E_Vleftesuar,Miratuar,Po,R_Kaloi,2026-01-22,,K21711502V,FURN-001420,mall,30
FAT-0000030,INST-0853-2600030,ANG-0000016,True,NIVF-3468632827,2026-01-09,2026-01-11,238390.0,pranuar,E_Vleftesuar,Miratuar,Po,R_Kaloi,2026-01-20,,J76705049N,FURN-001663,mall,30
FAT-0000031,INST-0173-2600031,ANG-0000017,True,NIVF-9773813446,2026-01-19,2026-01-23,762354.79,pranuar,E_Vleftesuar,Miratuar,Po,R_Kaloi,2026-01-26,,L01325010Q,FURN-000414,pune,30
FAT-0000032,INST-0173-2600032,ANG-0000017,True,NIVF-2306503755,2026-03-14,2026-03-17,749571.62,pranuar,E_Vleftesuar,Miratuar,Po,R_Kaloi,2026-03-24,,L01325010Q,FURN-000414,pune,30
FAT-0000033,INST-0173-2600033,ANG-0000017,True,NIVF-9554733066,2026-05-11,2026-05-13,307073.6,pranuar,E_Vleftesuar,Miratuar,Po,R_Kaloi,2026-05-16,,L01325010Q,FURN-000414,pune,30
FAT-0000034,INST-0644-2600034,ANG-0000018,True,NIVF-9906664528,2026-01-10,2026-01-11,0.0,pranuar,E_Vleftesuar,Miratuar,Po,R_Kaloi,2026-01-18,,K31420012M,FURN-001954,mall,30
FAT-0000035,INST-0915-2500035,ANG-0000019,True,NIVF-9310680720,2025-10-09,2025-10-13,20126740.79,pranuar,E_Vleftesuar,Miratuar,Po,R_Kaloi,2025-10-17,,K21518003F,FURN-000550,sherbim,30
FAT-0000036,INST-0915-2500036,ANG-0000019,True,NIVF-5107279471,2025-11-13,2025-11-14,15913635.21,pranuar,E_Vleftesuar,Miratuar,Po,R_Kaloi,2025-11-16,,K21518003F,FURN-000550,sherbim,30
FAT-0000037,INST-0168-2600037,ANG-0000020,True,NIVF-6552150035,2026-01-15,2026-01-15,475154.24,pranuar,E_Vleftesuar,Miratuar,Po,R_Kaloi,2026-01-24,,J77119021M,FURN-001674,pune,30
FAT-0000038,INST-0168-2600038,ANG-0000020,True,NIVF-3281267145,2026-03-14,2026-03-18,83879.5,pranuar,E_Vleftesuar,Miratuar,Po,R_Kaloi,2026-03-21,,J77119021M,FURN-001674,pune,30
FAT-0000039,INST-0168-2600039,ANG-0000020,True,NIVF-3441939216,2026-04-24,2026-04-27,400057.46,pranuar,E_Vleftesuar,Miratuar,Po,R_Kaloi,2026-05-02,,J77119021M,FURN-001674,pune,30
FAT-0000040,INST-0146-2600040,ANG-0000021,True,NIVF-3746415148,2026-01-06,2026-01-08,0.0,pranuar,E_Vleftesuar,Miratuar,Po,R_Kaloi,2026-01-10,,K71903025A,FURN-001246,mall,30
FAT-0000041,INST-1002-2600041,ANG-0000022,True,NIVF-3068536392,2026-01-11,2026-01-11,545247.73,refuzuar,Kerkon_Rivleftesim,Refuzuar,Jo,,2026-01-17,Mospërputhje me kontratën,K64108001G,FURN-001239,sherbim,30
FAT-0000042,INST-1002-2600042,ANG-0000022,True,NIVF-3290014906,2026-03-08,2026-03-09,2249752.27,pranuar,E_Vleftesuar,Miratuar,Po,R_Kaloi,2026-03-14,,K64108001G,FURN-001239,sherbim,30
FAT-0000043,INST-0328-2600043,ANG-0000023,True,NIVF-1550757952,2026-01-18,2026-01-18,15666.89,pranuar,E_Vleftesuar,Miratuar,Po,R_Kaloi,2026-01-27,,K11715005L,FURN-000108,sherbim,30
FAT-0000044,INST-0328-2600044,ANG-0000023,True,NIVF-9352584173,2026-03-04,2026-03-05,84333.11,pranuar,E_Vleftesuar,Miratuar,Po,R_Kaloi,2026-03-10,,K11715005L,FURN-000108,sherbim,30
FAT-0000045,INST-0395-2600045,ANG-0000024,True,NIVF-9712684505,2026-01-19,2026-01-19,21108.54,pranuar,E_Vleftesuar,Miratuar,Po,R_Kaloi,2026-01-27,,L42018012R,FURN-001410,mall,30
FAT-0000046,INST-0395-2600046,ANG-0000024,True,NIVF-1055602890,2026-02-21,2026-02-24,43135.38,pranuar,E_Vleftesuar,Miratuar,Po,R_Kaloi,2026-03-04,,L42018012R,FURN-001410,mall,30
FAT-0000047,INST-0395-2600047,ANG-0000024,True,NIVF-4193167661,2026-04-01,2026-04-05,4096.08,pranuar,E_Vleftesuar,Miratuar,Po,R_Kaloi,2026-04-11,,L42018012R,FURN-001410,mall,30
FAT-0000048,INST-0395-2600048,ANG-0000025,True,NIVF-4871996077,2026-01-10,2026-01-12,1201.12,pranuar,E_Vleftesuar,Miratuar,Po,R_Kaloi,2026-01-18,,K61628006R,FURN-001149,mall,30
FAT-0000049,INST-0395-2600049,ANG-0000025,True,NIVF-2688508506,2026-02-13,2026-02-17,4631.88,refuzuar,Kerkon_Rivleftesim,Refuzuar,Jo,,2026-02-18,Mungesë dokumentacioni mbështetës,K61628006R,FURN-001149,mall,30
FAT-0000050,INST-0161-2600050,ANG-0000026,True,NIVF-6700306647,2026-01-14,2026-01-18,40093.23,pranuar,E_Vleftesuar,Miratuar,Po,R_Kaloi,2026-01-19,,M31520504K,FURN-001143,pune,30
FAT-0000051,INST-0161-2600051,ANG-0000026,True,NIVF-4498170991,2026-02-26,2026-03-02,59906.77,refuzuar,Kerkon_Rivleftesim,Refuzuar,Jo,,2026-03-03,Fiskalizim i pavlefshëm,M31520504K,FURN-001143,pune,30
FAT-0000052,INST-0568-2600052,ANG-0000027,True,NIVF-8069549243,2026-01-13,2026-01-15,23099.42,pranuar,E_Vleftesuar,Miratuar,Po,R_Kaloi,2026-01-20,,K62315503U,FURN-000318,mall,30
FAT-0000053,INST-0568-2600053,ANG-0000027,True,NIVF-6285413364,2026-02-12,2026-02-16,10713.09,pranuar,E_Vleftesuar,Miratuar,Po,R_Kaloi,2026-02-17,,K62315503U,FURN-000318,mall,30
FAT-0000054,INST-0568-2600054,ANG-0000027,True,NIVF-7569718112,2026-03-17,2026-03-20,41187.49,pranuar,E_Vleftesuar,Miratuar,Po,R_Kaloi,2026-03-29,,K62315503U,FURN-000318,mall,30
FAT-0000055,INST-0621-2600055,ANG-0000028,True,NIVF-1744613662,2026-01-23,2026-01-23,47024.4,pranuar,E_Vleftesuar,Miratuar,Po,R_Kaloi,2026-01-28,,K31422029Q,FURN-000347,sherbim,30
FAT-0000056,INST-0621-2600056,ANG-0000028,True,NIVF-1747986509,2026-03-21,2026-03-23,45475.52,pranuar,E_Vleftesuar,Miratuar,Po,R_Kaloi,2026-03-27,,K31422029Q,FURN-000347,sherbim,30
FAT-0000057,INST-0621-2600057,ANG-0000028,True,NIVF-5351280726,2026-05-01,2026-05-04,7500.07,pranuar,E_Vleftesuar,Miratuar,Po,R_Kaloi,2026-05-13,,K31422029Q,FURN-000347,sherbim,30
FAT-0000058,INST-0621-2600058,ANG-0000029,True,NIVF-9305538281,2026-01-20,2026-01-23,100000.0,pranuar,E_Vleftesuar,Miratuar,Po,R_Kaloi,2026-01-29,,K31422029Q,FURN-000347,sherbim,30
FAT-0000059,INST-0172-2600059,ANG-0000030,True,NIVF-9784158483,2026-01-16,2026-01-20,61731.4,pranuar,E_Vleftesuar,Miratuar,Po,R_Kaloi,2026-01-26,,K62315503U,FURN-000318,pune,30
FAT-0000060,INST-0172-2600060,ANG-0000030,True,NIVF-1421600649,2026-02-23,2026-02-23,13268.6,refuzuar,Kerkon_Rivleftesim,Refuzuar,Jo,,2026-02-25,Gabim në shumën e faturuar,K62315503U,FURN-000318,pune,30
FAT-0000061,INST-0243-2600061,ANG-0000031,True,NIVF-6732095454,2026-01-15,2026-01-15,74410.0,pranuar,E_Vleftesuar,Miratuar,Po,R_Kaloi,2026-01-23,,K29824103U,FURN-001019,pune,30
FAT-0000062,INST-0057-2600062,ANG-0000032,True,NIVF-3296693940,2026-01-10,2026-01-12,65465.53,pranuar,E_Vleftesuar,Miratuar,Po,R_Kaloi,2026-01-16,,M31520504K,FURN-001143,mall,30
FAT-0000063,INST-0057-2600063,ANG-0000032,True,NIVF-8857523464,2026-02-03,2026-02-03,17867.47,pranuar,E_Vleftesuar,Miratuar,Po,R_Kaloi,2026-02-11,,M31520504K,FURN-001143,mall,30
FAT-0000064,INST-0853-2600064,ANG-0000033,True,NIVF-8154521361,2026-01-12,2026-01-16,100000.0,pranuar,E_Vleftesuar,Miratuar,Po,R_Kaloi,2026-01-20,,L28029301Q,FURN-000443,sherbim,30
FAT-0000065,INST-0098-2600065,ANG-0000034,True,NIVF-4401232023,2026-01-14,2026-01-17,75000.0,pranuar,E_Vleftesuar,Miratuar,Po,R_Kaloi,2026-01-25,,K62315503U,FURN-000318,mall,30
FAT-0000066,INST-0337-2600066,ANG-0000035,True,NIVF-2329157991,2026-01-10,2026-01-11,99000.0,pranuar,E_Vleftesuar,Miratuar,Po,R_Kaloi,2026-01-15,,K62315503U,FURN-000318,sherbim,30
FAT-0000067,INST-0144-2600067,ANG-0000036,True,NIVF-2050334835,2026-01-11,2026-01-14,8742.0,pranuar,E_Vleftesuar,Miratuar,Po,R_Kaloi,2026-01-18,,L77406402A,FURN-000918,pune,30
FAT-0000068,INST-0144-2600068,ANG-0000036,True,NIVF-1098780370,2026-02-15,2026-02-15,45035.08,pranuar,E_Vleftesuar,Miratuar,Po,R_Kaloi,2026-02-16,,L77406402A,FURN-000918,pune,30
FAT-0000069,INST-0144-2600069,ANG-0000036,True,NIVF-5677888564,2026-04-12,2026-04-14,44142.92,pranuar,E_Vleftesuar,Miratuar,Po,R_Kaloi,2026-04-21,,L77406402A,FURN-000918,pune,30
FAT-0000070,INST-1010-2600070,ANG-0000037,True,NIVF-2679384363,2026-01-18,2026-01-20,24203.69,pranuar,E_Vleftesuar,Miratuar,Po,R_Kaloi,2026-01-22,,M22314001N,FURN-000735,pune,30
FAT-0000071,INST-1010-2600071,ANG-0000037,True,NIVF-4532216455,2026-03-06,2026-03-10,75796.31,pranuar,E_Vleftesuar,Miratuar,Po,R_Kaloi,2026-03-18,,M22314001N,FURN-000735,pune,30
FAT-0000072,INST-0456-2600072,ANG-0000038,True,NIVF-3527955592,2026-01-24,2026-01-24,1858.92,pranuar,E_Vleftesuar,Miratuar,Po,R_Kaloi,2026-01-25,,M31520504K,FURN-001143,mall,30
FAT-0000073,INST-0456-2600073,ANG-0000038,True,NIVF-3967670493,2026-02-24,2026-02-25,81474.08,pranuar,E_Vleftesuar,Miratuar,Po,R_Kaloi,2026-03-04,,M31520504K,FURN-001143,mall,30
FAT-0000074,INST-0162-2600074,ANG-0000039,True,NIVF-2160414016,2026-01-15,2026-01-16,7340.0,pranuar,E_Vleftesuar,Miratuar,Po,R_Kaloi,2026-01-17,,J71601012S,FURN-000643,mall,30
FAT-0000075,INST-0405-2600075,ANG-0000040,True,NIVF-2600590584,2026-01-16,2026-01-18,16000.0,pranuar,E_Vleftesuar,Miratuar,Po,R_Kaloi,2026-01-25,,J64103483H,FURN-000877,mall,30
FAT-0000076,INST-0243-2600076,ANG-0000041,True,NIVF-3746930320,2026-01-24,2026-01-24,76.41,refuzuar,Kerkon_Rivleftesim,Refuzuar,Jo,,2026-01-30,Mungesë dokumentacioni mbështetës,L28029301Q,FURN-000443,mall,30
FAT-0000077,INST-0243-2600077,ANG-0000041,True,NIVF-7252875478,2026-03-17,2026-03-18,23.59,pranuar,E_Vleftesuar,Miratuar,Po,R_Kaloi,2026-03-25,,L28029301Q,FURN-000443,mall,30
FAT-0000078,INST-0019-2600078,ANG-0000042,True,NIVF-6552730028,2026-01-17,2026-01-18,31393.81,pranuar,E_Vleftesuar,Miratuar,Po,R_Kaloi,2026-01-26,,K62315503U,FURN-000318,mall,30
FAT-0000079,INST-0019-2600079,ANG-0000042,True,NIVF-3784829648,2026-03-12,2026-03-16,43606.19,pranuar,E_Vleftesuar,Miratuar,Po,R_Kaloi,2026-03-21,,K62315503U,FURN-000318,mall,30
FAT-0000080,INST-0242-2600080,ANG-0000043,True,NIVF-4629456476,2026-01-10,2026-01-14,100000.0,pranuar,E_Vleftesuar,Miratuar,Po,R_Kaloi,2026-01-20,,M31520504K,FURN-001143,pune,30
FAT-0000081,INST-0985-2600081,ANG-0000044,True,NIVF-1822136384,2026-01-16,2026-01-20,28851.05,pranuar,E_Vleftesuar,Miratuar,Po,R_Kaloi,2026-01-26,,M53420402O,FURN-000147,mall,30
FAT-0000082,INST-0985-2600082,ANG-0000044,True,NIVF-6878009236,2026-02-19,2026-02-23,71148.95,pranuar,E_Vleftesuar,Miratuar,Po,R_Kaloi,2026-02-28,,M53420402O,FURN-000147,mall,30
FAT-0000083,INST-0172-2600083,ANG-0000045,True,NIVF-2835313642,2026-01-22,2026-01-22,1144480.0,pranuar,E_Vleftesuar,Miratuar,Po,R_Kaloi,2026-01-25,,L71719018A,FURN-001965,mall,30
FAT-0000084,INST-0334-2600084,ANG-0000046,True,NIVF-9221094731,2026-01-13,2026-01-15,618000.0,pranuar,E_Vleftesuar,Miratuar,Po,R_Kaloi,2026-01-24,,K41420001V,FURN-000016,mall,30
FAT-0000085,INST-0332-2600085,ANG-0000047,True,NIVF-2780644426,2026-01-26,2026-01-30,78635.89,pranuar,E_Vleftesuar,Miratuar,Po,R_Kaloi,2026-02-08,,K41420001V,FURN-000016,mall,30
FAT-0000086,INST-0332-2600086,ANG-0000047,True,NIVF-6323919986,2026-03-25,2026-03-25,54864.11,pranuar,E_Vleftesuar,Miratuar,Po,R_Kaloi,2026-03-28,,K41420001V,FURN-000016,mall,30
FAT-0000087,INST-0172-2600087,ANG-0000048,True,NIVF-9204062111,2026-01-12,2026-01-15,132250.0,pranuar,E_Vleftesuar,Miratuar,Po,R_Kaloi,2026-01-20,,K13127201O,FURN-001294,mall,30
FAT-0000088,INST-0133-2600088,ANG-0000049,True,NIVF-9601637654,2026-01-21,2026-01-24,1780000.0,pranuar,E_Vleftesuar,Miratuar,Po,R_Kaloi,2026-02-01,,K41420001V,FURN-000016,mall,30
FAT-0000089,INST-0621-2600089,ANG-0000050,True,NIVF-2229799915,2026-01-17,2026-01-18,173634.24,pranuar,E_Vleftesuar,Miratuar,Po,R_Kaloi,2026-01-20,,K41420001V,FURN-000016,sherbim,30
FAT-0000090,INST-0621-2600090,ANG-0000050,True,NIVF-9974739685,2026-03-03,2026-03-03,46288.94,pranuar,E_Vleftesuar,Miratuar,Po,R_Kaloi,2026-03-06,,K41420001V,FURN-000016,sherbim,30
FAT-0000091,INST-0621-2600091,ANG-0000050,True,NIVF-1779325374,2026-03-26,2026-03-30,149596.82,pranuar,E_Vleftesuar,Miratuar,Po,R_Kaloi,2026-04-04,,K41420001V,FURN-000016,sherbim,30
FAT-0000092,INST-1014-2600092,ANG-0000051,True,NIVF-9815795464,2026-01-16,2026-01-18,14685.0,pranuar,E_Vleftesuar,Miratuar,Po,R_Kaloi,2026-01-24,,K72218022J,FURN-000304,sherbim,30
FAT-0000093,INST-0243-2600093,ANG-0000052,True,NIVF-2084230408,2026-01-16,2026-01-18,16712100.0,pranuar,E_Vleftesuar,Miratuar,Po,R_Kaloi,2026-01-24,,J61905015B,FURN-000366,pune,30
FAT-0000094,INST-0645-2600094,ANG-0000053,True,NIVF-1814024975,2026-01-18,2026-01-20,1093411.01,pranuar,E_Vleftesuar,Miratuar,Po,R_Kaloi,2026-01-25,,L12510413V,FURN-001440,mall,30
FAT-0000095,INST-0645-2600095,ANG-0000053,True,NIVF-3031772501,2026-03-05,2026-03-07,333281.29,pranuar,E_Vleftesuar,Miratuar,Po,R_Kaloi,2026-03-08,,L12510413V,FURN-001440,mall,30
FAT-0000096,INST-0877-2600096,ANG-0000054,True,NIVF-4810516609,2026-01-18,2026-01-22,123750.0,pranuar,E_Vleftesuar,Miratuar,Po,R_Kaloi,2026-01-28,,K31321008J,FURN-000303,mall,30
FAT-0000097,INST-0535-2600097,ANG-0000055,True,NIVF-9472718821,2026-01-16,2026-01-20,2421.42,pranuar,E_Vleftesuar,Miratuar,Po,R_Kaloi,2026-01-27,,L61312008O,FURN-001371,pune,30
FAT-0000098,INST-0535-2600098,ANG-0000055,True,NIVF-6065946484,2026-02-16,2026-02-16,41182.4,pranuar,E_Vleftesuar,Miratuar,Po,R_Kaloi,2026-02-23,,L61312008O,FURN-001371,pune,30
FAT-0000099,INST-0535-2600099,ANG-0000055,True,NIVF-5444807011,2026-03-20,2026-03-22,16396.18,pranuar,E_Vleftesuar,Miratuar,Po,R_Kaloi,2026-03-26,,L61312008O,FURN-001371,pune,30
FAT-0000100,INST-0355-2600100,ANG-0000056,True,NIVF-4030783678,2026-01-18,2026-01-18,317067.91,pranuar,E_Vleftesuar,Miratuar,Po,R_Kaloi,2026-01-24,,L64425401K,FURN-000086,mall,30
FAT-0000101,INST-0355-2600101,ANG-0000056,True,NIVF-7239739277,2026-02-24,2026-02-26,130432.09,pranuar,E_Vleftesuar,Miratuar,Po,R_Kaloi,2026-03-03,,L64425401K,FURN-000086,mall,30
FAT-0000102,INST-0133-2600102,ANG-0000057,True,NIVF-8357988096,2026-01-16,2026-01-17,34201.53,pranuar,E_Vleftesuar,Miratuar,Po,R_Kaloi,2026-01-21,,J64103422D,FURN-000118,pune,30
FAT-0000103,INST-0133-2600103,ANG-0000057,True,NIVF-9404215061,2026-02-25,2026-02-26,60550.47,pranuar,E_Vleftesuar,Miratuar,Po,R_Kaloi,2026-03-07,,J64103422D,FURN-000118,pune,30
FAT-0000104,INST-0098-2600104,ANG-0000058,True,NIVF-1443075276,2026-01-24,2026-01-25,109634.47,pranuar,E_Vleftesuar,Miratuar,Po,R_Kaloi,2026-01-26,,K72218022J,FURN-000304,pune,30
FAT-0000105,INST-0098-2600105,ANG-0000058,True,NIVF-2740120241,2026-02-20,2026-02-22,53507.34,pranuar,E_Vleftesuar,Miratuar,Po,R_Kaloi,2026-02-24,,K72218022J,FURN-000304,pune,30
FAT-0000106,INST-0098-2600106,ANG-0000058,True,NIVF-8882390705,2026-04-19,2026-04-21,38458.19,pranuar,E_Vleftesuar,Miratuar,Po,R_Kaloi,2026-04-26,,K72218022J,FURN-000304,pune,30
FAT-0000107,INST-0364-2600107,ANG-0000059,True,NIVF-9804702811,2026-01-20,2026-01-22,99600.0,pranuar,E_Vleftesuar,Miratuar,Po,R_Kaloi,2026-01-31,,L18328201N,FURN-000971,sherbim,30
FAT-0000108,INST-1014-2600108,ANG-0000060,True,NIVF-8111728298,2026-01-27,2026-01-28,58550.63,pranuar,E_Vleftesuar,Miratuar,Po,R_Kaloi,2026-02-05,,L18328201N,FURN-000971,pune,30
FAT-0000109,INST-1014-2600109,ANG-0000060,True,NIVF-1309645977,2026-02-27,2026-03-03,41366.37,pranuar,E_Vleftesuar,Miratuar,Po,R_Kaloi,2026-03-05,,L18328201N,FURN-000971,pune,30
FAT-0000110,INST-0535-2600110,ANG-0000061,True,NIVF-3925231409,2026-01-24,2026-01-25,18102.94,pranuar,E_Vleftesuar,Miratuar,Po,R_Kaloi,2026-02-02,,J61814028F,FURN-000068,sherbim,30
FAT-0000111,INST-0535-2600111,ANG-0000061,True,NIVF-3908041750,2026-03-13,2026-03-13,48737.06,pranuar,E_Vleftesuar,Miratuar,Po,R_Kaloi,2026-03-19,,J61814028F,FURN-000068,sherbim,30
FAT-0000112,INST-0554-2600112,ANG-0000062,True,NIVF-3075087250,2026-01-21,2026-01-23,128918.85,pranuar,E_Vleftesuar,Miratuar,Po,R_Kaloi,2026-02-01,,K61516506H,FURN-000388,mall,30
FAT-0000113,INST-0554-2600113,ANG-0000062,True,NIVF-7007200560,2026-03-08,2026-03-12,90324.52,pranuar,E_Vleftesuar,Miratuar,Po,R_Kaloi,2026-03-13,,K61516506H,FURN-000388,mall,30
FAT-0000114,INST-0554-2600114,ANG-0000062,True,NIVF-4891307108,2026-04-23,2026-04-23,332756.63,pranuar,E_Vleftesuar,Miratuar,Po,R_Kaloi,2026-04-30,,K61516506H,FURN-000388,mall,30
FAT-0000115,INST-1006-2600115,ANG-0000063,True,NIVF-7184838740,2026-01-16,2026-01-20,1109264.19,pranuar,E_Vleftesuar,Miratuar,Po,R_Kaloi,2026-01-29,,L28029301Q,FURN-000443,mall,30
FAT-0000116,INST-1006-2600116,ANG-0000063,True,NIVF-2844483935,2026-02-27,2026-02-27,1122735.81,pranuar,E_Vleftesuar,Miratuar,Po,R_Kaloi,2026-03-07,,L28029301Q,FURN-000443,mall,30
FAT-0000117,INST-0843-2600117,ANG-0000064,True,NIVF-7430352681,2026-01-15,2026-01-16,27253.89,pranuar,E_Vleftesuar,Miratuar,Po,R_Kaloi,2026-01-17,,L01914003T,FURN-000048,mall,30
FAT-0000118,INST-0843-2600118,ANG-0000064,True,NIVF-7374680332,2026-02-06,2026-02-08,456746.11,pranuar,E_Vleftesuar,Miratuar,Po,R_Kaloi,2026-02-09,,L01914003T,FURN-000048,mall,30
FAT-0000119,INST-0148-2600119,ANG-0000065,True,NIVF-6452480765,2026-01-18,2026-01-20,2387306.76,pranuar,E_Vleftesuar,Miratuar,Po,R_Kaloi,2026-01-23,,L12510413V,FURN-001440,sherbim,30
FAT-0000120,INST-1005-2600120,ANG-0000066,True,NIVF-4577845113,2026-01-22,2026-01-26,99730.0,pranuar,E_Vleftesuar,Miratuar,Po,R_Kaloi,2026-01-28,,L03202402E,FURN-000190,mall,30
FAT-0000121,INST-1005-2600121,ANG-0000067,True,NIVF-4580738278,2026-01-23,2026-01-24,258901.41,pranuar,E_Vleftesuar,Miratuar,Po,R_Kaloi,2026-01-31,,K78317002F,FURN-000040,mall,30
FAT-0000122,INST-1005-2600122,ANG-0000067,True,NIVF-6878039161,2026-03-05,2026-03-09,1900436.32,pranuar,E_Vleftesuar,Miratuar,Po,R_Kaloi,2026-03-16,,K78317002F,FURN-000040,mall,30
FAT-0000123,INST-1005-2600123,ANG-0000067,True,NIVF-8479609655,2026-05-02,2026-05-02,3308404.19,pranuar,E_Vleftesuar,Miratuar,Po,R_Kaloi,2026-05-05,,K78317002F,FURN-000040,mall,30
FAT-0000124,INST-0666-2600124,ANG-0000068,True,NIVF-6882639131,2026-01-22,2026-01-24,27552.25,pranuar,E_Vleftesuar,Miratuar,Po,R_Kaloi,2026-01-28,,J62903750A,FURN-000010,mall,30
FAT-0000125,INST-0666-2600125,ANG-0000068,True,NIVF-4927146077,2026-03-07,2026-03-07,16099.11,pranuar,E_Vleftesuar,Miratuar,Po,R_Kaloi,2026-03-09,,J62903750A,FURN-000010,mall,30
FAT-0000126,INST-0666-2600126,ANG-0000068,True,NIVF-6429231927,2026-04-13,2026-04-17,39848.64,pranuar,E_Vleftesuar,Miratuar,Po,R_Kaloi,2026-04-20,,J62903750A,FURN-000010,mall,30
FAT-0000127,INST-0554-2600127,ANG-0000069,True,NIVF-2542354775,2026-01-14,2026-01-16,2813760.0,pranuar,E_Vleftesuar,Miratuar,Po,R_Kaloi,2026-01-18,,M31310054F,FURN-002017,mall,30
FAT-0000128,INST-0554-2600128,ANG-0000070,True,NIVF-1253960281,2026-01-16,2026-01-19,2166000.0,pranuar,E_Vleftesuar,Miratuar,Po,R_Kaloi,2026-01-23,,K91803020F,FURN-000878,mall,30
FAT-0000129,INST-0554-2600129,ANG-0000071,True,NIVF-6924764755,2026-01-14,2026-01-17,2116043.56,pranuar,E_Vleftesuar,Miratuar,Po,R_Kaloi,2026-01-25,,K52207006Q,FURN-001943,mall,30
FAT-0000130,INST-0554-2600130,ANG-0000071,True,NIVF-6014588365,2026-03-02,2026-03-05,2983956.44,pranuar,E_Vleftesuar,Miratuar,Po,R_Kaloi,2026-03-14,,K52207006Q,FURN-001943,mall,30
FAT-0000131,INST-0554-2600131,ANG-0000072,True,NIVF-3624914348,2026-01-19,2026-01-21,3540000.0,pranuar,E_Vleftesuar,Miratuar,Po,R_Kaloi,2026-01-28,,L72429007F,FURN-001398,mall,30
FAT-0000132,INST-0161-2600132,ANG-0000073,True,NIVF-8429523563,2026-01-17,2026-01-18,21.9,pranuar,E_Vleftesuar,Miratuar,Po,R_Kaloi,2026-01-27,,K01417001C,FURN-000175,pune,30
FAT-0000133,INST-0161-2600133,ANG-0000073,True,NIVF-5058505095,2026-03-09,2026-03-13,42571.55,pranuar,E_Vleftesuar,Miratuar,Po,R_Kaloi,2026-03-20,,K01417001C,FURN-000175,pune,30
FAT-0000134,INST-0161-2600134,ANG-0000073,True,NIVF-2578898810,2026-04-18,2026-04-22,37406.55,pranuar,E_Vleftesuar,Miratuar,Po,R_Kaloi,2026-04-28,,K01417001C,FURN-000175,pune,30
FAT-0000135,INST-0920-2600135,ANG-0000074,True,NIVF-5648969167,2026-01-25,2026-01-29,880000.0,pranuar,E_Vleftesuar,Miratuar,Po,R_Kaloi,2026-02-07,,L61814009B,FURN-001056,mall,30
FAT-0000136,INST-0162-2600136,ANG-0000075,True,NIVF-2835107104,2026-01-27,2026-01-30,50984.23,pranuar,E_Vleftesuar,Miratuar,Po,R_Kaloi,2026-02-07,,K82701401L,FURN-001632,mall,30
FAT-0000137,INST-0162-2600137,ANG-0000075,True,NIVF-5554433815,2026-03-07,2026-03-09,35690.77,pranuar,E_Vleftesuar,Miratuar,Po,R_Kaloi,2026-03-16,,K82701401L,FURN-001632,mall,30
FAT-0000138,INST-0162-2600138,ANG-0000075,True,NIVF-4717962478,2026-04-01,2026-04-05,13320.0,pranuar,E_Vleftesuar,Miratuar,Po,R_Kaloi,2026-04-14,,K82701401L,FURN-001632,mall,30
FAT-0000139,INST-0244-2600139,ANG-0000076,True,NIVF-2767900250,2026-01-28,2026-02-01,516.89,pranuar,E_Vleftesuar,Miratuar,Po,R_Kaloi,2026-02-05,,J91809007H,FURN-000028,pune,30
FAT-0000140,INST-0244-2600140,ANG-0000076,True,NIVF-5606660935,2026-03-09,2026-03-09,18937.53,pranuar,E_Vleftesuar,Miratuar,Po,R_Kaloi,2026-03-11,,J91809007H,FURN-000028,pune,30
FAT-0000141,INST-0244-2600141,ANG-0000076,True,NIVF-2103847847,2026-04-23,2026-04-25,5545.57,pranuar,E_Vleftesuar,Miratuar,Po,R_Kaloi,2026-05-01,,J91809007H,FURN-000028,pune,30
FAT-0000142,INST-0621-2600142,ANG-0000077,True,NIVF-3683329359,2026-01-30,2026-01-30,12780.0,pranuar,E_Vleftesuar,Miratuar,Po,R_Kaloi,2026-01-31,,J61814028F,FURN-000068,pune,30
FAT-0000143,INST-0337-2600143,ANG-0000078,True,NIVF-8440865588,2026-01-22,2026-01-24,59653.97,pranuar,E_Vleftesuar,Miratuar,Po,R_Kaloi,2026-02-02,,J61814028F,FURN-000068,mall,30
FAT-0000144,INST-0337-2600144,ANG-0000078,True,NIVF-7230342759,2026-03-05,2026-03-07,10466.03,pranuar,E_Vleftesuar,Miratuar,Po,R_Kaloi,2026-03-09,,J61814028F,FURN-000068,mall,30
FAT-0000145,INST-0621-2600145,ANG-0000079,True,NIVF-9019356426,2026-01-25,2026-01-28,27690000.0,pranuar,E_Vleftesuar,Miratuar,Po,R_Kaloi,2026-02-06,,L01606034A,FURN-000056,sherbim,30
FAT-0000146,INST-0516-2600146,ANG-0000080,True,NIVF-4622100334,2026-01-27,2026-01-29,64750.0,pranuar,E_Vleftesuar,Miratuar,Po,R_Kaloi,2026-02-02,,L31714005J,FURN-000114,sherbim,30
FAT-0000147,INST-0119-2600147,ANG-0000081,True,NIVF-5736917354,2026-01-26,2026-01-27,37990.48,pranuar,E_Vleftesuar,Miratuar,Po,R_Kaloi,2026-01-28,,M42515406V,FURN-001367,pune,30
FAT-0000148,INST-0119-2600148,ANG-0000081,True,NIVF-8120599694,2026-03-07,2026-03-11,51677.52,pranuar,E_Vleftesuar,Miratuar,Po,R_Kaloi,2026-03-20,,M42515406V,FURN-001367,pune,30
FAT-0000149,INST-0119-2600149,ANG-0000081,True,NIVF-5993335098,2026-04-09,2026-04-13,10292.0,pranuar,E_Vleftesuar,Miratuar,Po,R_Kaloi,2026-04-15,,M42515406V,FURN-001367,pune,30
FAT-0000150,INST-0337-2600150,ANG-0000082,True,NIVF-6144487069,2026-01-17,2026-01-17,2054191.66,pranuar,E_Vleftesuar,Miratuar,Po,R_Kaloi,2026-01-18,,K13909401G,FURN-001751,sherbim,30
FAT-0000151,INST-0337-2600151,ANG-0000082,True,NIVF-9121327486,2026-02-13,2026-02-16,877681.87,refuzuar,Kerkon_Rivleftesim,Refuzuar,Jo,,2026-02-22,Mungesë dokumentacioni mbështetës,K13909401G,FURN-001751,sherbim,30
FAT-0000152,INST-0337-2600152,ANG-0000082,True,NIVF-9683027897,2026-03-28,2026-03-29,1059026.47,pranuar,E_Vleftesuar,Miratuar,Po,R_Kaloi,2026-04-03,,K13909401G,FURN-001751,sherbim,30
FAT-0000153,INST-0958-2600153,ANG-0000083,True,NIVF-1503991071,2026-01-19,2026-01-19,40500.0,pranuar,E_Vleftesuar,Miratuar,Po,R_Kaloi,2026-01-28,,K51612031J,FURN-000015,mall,30
FAT-0000154,INST-0005-2600154,ANG-0000084,True,NIVF-8031742430,2026-01-18,2026-01-21,217500.0,pranuar,E_Vleftesuar,Miratuar,Po,R_Kaloi,2026-01-26,,K62202046U,FURN-000341,mall,30
FAT-0000155,INST-0168-2600155,ANG-0000085,True,NIVF-5958345587,2026-01-19,2026-01-23,58086.95,pranuar,E_Vleftesuar,Miratuar,Po,R_Kaloi,2026-01-28,,K91628009V,FURN-000412,mall,30
FAT-0000156,INST-0168-2600156,ANG-0000085,True,NIVF-7240467305,2026-02-13,2026-02-14,56913.05,pranuar,E_Vleftesuar,Miratuar,Po,R_Kaloi,2026-02-23,,K91628009V,FURN-000412,mall,30
FAT-0000157,INST-0332-2600157,ANG-0000086,True,NIVF-2643386509,2026-01-18,2026-01-19,4942.09,pranuar,E_Vleftesuar,Miratuar,Po,R_Kaloi,2026-01-28,,K01515004T,FURN-000390,pune,30
FAT-0000158,INST-0332-2600158,ANG-0000086,True,NIVF-7584663679,2026-02-11,2026-02-11,4030.77,pranuar,E_Vleftesuar,Miratuar,Po,R_Kaloi,2026-02-16,,K01515004T,FURN-000390,pune,30
FAT-0000159,INST-0332-2600159,ANG-0000086,True,NIVF-4967068104,2026-04-04,2026-04-05,1989.14,pranuar,E_Vleftesuar,Miratuar,Po,R_Kaloi,2026-04-10,,K01515004T,FURN-000390,pune,30
FAT-0000160,INST-0040-2600160,ANG-0000087,True,NIVF-2910115109,2026-01-31,2026-02-01,6652.46,pranuar,E_Vleftesuar,Miratuar,Po,R_Kaloi,2026-02-08,,K52115005W,FURN-000116,pune,30
FAT-0000161,INST-0040-2600161,ANG-0000087,True,NIVF-6408512743,2026-03-31,2026-04-04,314.05,pranuar,E_Vleftesuar,Miratuar,Po,R_Kaloi,2026-04-12,,K52115005W,FURN-000116,pune,30
FAT-0000162,INST-0040-2600162,ANG-0000087,True,NIVF-7212569819,2026-05-15,2026-05-15,14633.49,pranuar,E_Vleftesuar,Miratuar,Po,R_Kaloi,2026-05-17,,K52115005W,FURN-000116,pune,30
FAT-0000163,INST-0487-2600163,ANG-0000088,True,NIVF-2367949805,2026-01-28,2026-02-01,34479.52,pranuar,E_Vleftesuar,Miratuar,Po,R_Kaloi,2026-02-02,,J81615501M,FURN-001629,mall,30
FAT-0000164,INST-0487-2600164,ANG-0000088,True,NIVF-9992188779,2026-02-18,2026-02-19,10520.48,pranuar,E_Vleftesuar,Miratuar,Po,R_Kaloi,2026-02-21,,J81615501M,FURN-001629,mall,30
FAT-0000165,INST-0057-2600165,ANG-0000089,True,NIVF-9915558414,2026-01-21,2026-01-24,6214670.0,pranuar,E_Vleftesuar,Miratuar,Po,R_Kaloi,2026-01-27,,L91703022T,FURN-000580,mall,30
FAT-0000166,INST-0122-2600166,ANG-0000090,True,NIVF-6736574185,2026-01-19,2026-01-22,19088.75,pranuar,E_Vleftesuar,Miratuar,Po,R_Kaloi,2026-01-25,,J61814028F,FURN-000068,mall,30
FAT-0000167,INST-0122-2600167,ANG-0000090,True,NIVF-5179261222,2026-03-11,2026-03-12,6771.25,pranuar,E_Vleftesuar,Miratuar,Po,R_Kaloi,2026-03-13,,J61814028F,FURN-000068,mall,30
FAT-0000168,INST-0496-2600168,ANG-0000091,True,NIVF-4513506037,2026-01-23,2026-01-27,11000.0,pranuar,E_Vleftesuar,Miratuar,Po,R_Kaloi,2026-01-29,,K72429007E,FURN-001607,mall,30
FAT-0000169,INST-0337-2600169,ANG-0000092,True,NIVF-8384749941,2026-01-22,2026-01-26,2749.28,pranuar,E_Vleftesuar,Miratuar,Po,R_Kaloi,2026-01-28,,K21405001N,FURN-000404,mall,30
FAT-0000170,INST-0337-2600170,ANG-0000092,True,NIVF-1493846938,2026-02-28,2026-03-03,5121.36,pranuar,E_Vleftesuar,Miratuar,Po,R_Kaloi,2026-03-08,,K21405001N,FURN-000404,mall,30
FAT-0000171,INST-0337-2600171,ANG-0000092,True,NIVF-3717060534,2026-03-24,2026-03-26,26929.36,pranuar,E_Vleftesuar,Miratuar,Po,R_Kaloi,2026-03-29,,K21405001N,FURN-000404,mall,30
FAT-0000172,INST-0928-2600172,ANG-0000093,True,NIVF-4198462717,2026-02-01,2026-02-04,12293655.81,pranuar,E_Vleftesuar,Miratuar,Po,R_Kaloi,2026-02-13,,K31510059D,FURN-001964,pune,30
FAT-0000173,INST-0928-2600173,ANG-0000093,True,NIVF-4159775198,2026-02-25,2026-02-28,45120983.05,pranuar,E_Vleftesuar,Miratuar,Po,R_Kaloi,2026-03-08,,K31510059D,FURN-001964,pune,30
FAT-0000174,INST-0986-2600174,ANG-0000094,True,NIVF-2412444632,2026-01-25,2026-01-28,36494.08,pranuar,E_Vleftesuar,Miratuar,Po,R_Kaloi,2026-01-30,,K51612031J,FURN-000015,sherbim,30
FAT-0000175,INST-0986-2600175,ANG-0000094,True,NIVF-6617506755,2026-03-16,2026-03-17,98903.92,pranuar,E_Vleftesuar,Miratuar,Po,R_Kaloi,2026-03-23,,K51612031J,FURN-000015,sherbim,30
FAT-0000176,INST-0566-2600176,ANG-0000095,True,NIVF-2687561581,2026-01-21,2026-01-24,2140998.19,pranuar,E_Vleftesuar,Miratuar,Po,R_Kaloi,2026-01-30,,L92230027U,FURN-001713,mall,30
FAT-0000177,INST-0566-2600177,ANG-0000095,True,NIVF-7493281491,2026-03-19,2026-03-22,4692904.34,pranuar,E_Vleftesuar,Miratuar,Po,R_Kaloi,2026-03-28,,L92230027U,FURN-001713,mall,30
FAT-0000178,INST-0566-2600178,ANG-0000095,True,NIVF-4358799038,2026-05-02,2026-05-02,68097.47,pranuar,E_Vleftesuar,Miratuar,Po,R_Kaloi,2026-05-11,,L92230027U,FURN-001713,mall,30
FAT-0000179,INST-0989-2600179,ANG-0000096,True,NIVF-8856355690,2026-01-25,2026-01-26,189000.0,pranuar,E_Vleftesuar,Miratuar,Po,R_Kaloi,2026-01-27,,K21912001R,FURN-000018,mall,30
FAT-0000180,INST-0340-2600180,ANG-0000097,True,NIVF-5704015008,2026-01-20,2026-01-21,98000.0,pranuar,E_Vleftesuar,Miratuar,Po,R_Kaloi,2026-01-28,,L44719002R,FURN-000158,sherbim,30
FAT-0000181,INST-0331-2600181,ANG-0000098,True,NIVF-1900748979,2026-01-27,2026-01-28,4881.01,pranuar,E_Vleftesuar,Miratuar,Po,R_Kaloi,2026-02-04,,K31503045V,FURN-000036,pune,30
FAT-0000182,INST-0331-2600182,ANG-0000098,True,NIVF-8460721254,2026-03-01,2026-03-01,11587.58,pranuar,E_Vleftesuar,Miratuar,Po,R_Kaloi,2026-03-07,,K31503045V,FURN-000036,pune,30
FAT-0000183,INST-0331-2600183,ANG-0000098,True,NIVF-9996821963,2026-04-20,2026-04-22,26871.41,pranuar,E_Vleftesuar,Miratuar,Po,R_Kaloi,2026-04-27,,K31503045V,FURN-000036,pune,30
FAT-0000184,INST-0337-2600184,ANG-0000099,True,NIVF-5396613921,2026-01-30,2026-02-02,58000.0,pranuar,E_Vleftesuar,Miratuar,Po,R_Kaloi,2026-02-09,,K31503045V,FURN-000036,mall,30
FAT-0000185,INST-0337-2600185,ANG-0000100,True,NIVF-5635624939,2026-01-26,2026-01-28,8412.3,pranuar,E_Vleftesuar,Miratuar,Po,R_Kaloi,2026-02-02,,K21405001N,FURN-000404,mall,30
FAT-0000186,INST-0337-2600186,ANG-0000100,True,NIVF-5848812946,2026-02-22,2026-02-22,8987.7,pranuar,E_Vleftesuar,Miratuar,Po,R_Kaloi,2026-03-02,,K21405001N,FURN-000404,mall,30
FAT-0000187,INST-0124-2600187,ANG-0000101,True,NIVF-3491414425,2026-01-24,2026-01-25,48511.96,pranuar,E_Vleftesuar,Miratuar,Po,R_Kaloi,2026-01-31,,J61814028F,FURN-000068,mall,30
FAT-0000188,INST-0124-2600188,ANG-0000101,True,NIVF-5254656106,2026-03-02,2026-03-02,117671.88,refuzuar,Kerkon_Rivleftesim,Refuzuar,Jo,,2026-03-09,Fiskalizim i pavlefshëm,J61814028F,FURN-000068,mall,30
FAT-0000189,INST-0124-2600189,ANG-0000101,True,NIVF-7176398599,2026-04-03,2026-04-05,60341.16,pranuar,E_Vleftesuar,Miratuar,Po,R_Kaloi,2026-04-09,,J61814028F,FURN-000068,mall,30
FAT-0000190,INST-0241-2600190,ANG-0000102,True,NIVF-1457629075,2026-01-20,2026-01-23,8276226.06,pranuar,E_Vleftesuar,Miratuar,Po,R_Kaloi,2026-02-01,,K22518401P,FURN-001731,pune,30
FAT-0000191,INST-0241-2600191,ANG-0000102,True,NIVF-4543158651,2026-02-20,2026-02-20,1239698.94,pranuar,E_Vleftesuar,Miratuar,Po,R_Kaloi,2026-02-22,,K22518401P,FURN-001731,pune,30
FAT-0000192,INST-0057-2600192,ANG-0000103,True,NIVF-3964256428,2026-01-28,2026-01-29,5316.87,refuzuar,Kerkon_Rivleftesim,Refuzuar,Jo,,2026-01-30,Fiskalizim i pavlefshëm,K12512848A,FURN-001521,mall,30
FAT-0000193,INST-0057-2600193,ANG-0000103,True,NIVF-2346301068,2026-02-22,2026-02-24,54683.13,pranuar,E_Vleftesuar,Miratuar,Po,R_Kaloi,2026-03-03,,K12512848A,FURN-001521,mall,30
FAT-0000194,INST-0337-2600194,ANG-0000104,True,NIVF-8032011225,2026-01-19,2026-01-23,63070.13,pranuar,E_Vleftesuar,Miratuar,Po,R_Kaloi,2026-01-24,,K01529003M,FURN-000342,mall,30
FAT-0000195,INST-0337-2600195,ANG-0000104,True,NIVF-6964857885,2026-03-14,2026-03-17,36016.92,pranuar,E_Vleftesuar,Miratuar,Po,R_Kaloi,2026-03-24,,K01529003M,FURN-000342,mall,30
FAT-0000196,INST-0337-2600196,ANG-0000104,True,NIVF-9455046425,2026-05-06,2026-05-08,912.95,pranuar,E_Vleftesuar,Miratuar,Po,R_Kaloi,2026-05-15,,K01529003M,FURN-000342,mall,30
FAT-0000197,INST-0340-2600197,ANG-0000105,True,NIVF-7868756247,2026-01-23,2026-01-27,74382.05,pranuar,E_Vleftesuar,Miratuar,Po,R_Kaloi,2026-02-04,,J72124001N,FURN-000179,sherbim,30
FAT-0000198,INST-0340-2600198,ANG-0000105,True,NIVF-1847664411,2026-03-04,2026-03-07,283257.95,pranuar,E_Vleftesuar,Miratuar,Po,R_Kaloi,2026-03-12,,J72124001N,FURN-000179,sherbim,30
FAT-0000199,INST-0945-2600199,ANG-0000106,True,NIVF-8279927751,2026-01-25,2026-01-29,180600.0,pranuar,E_Vleftesuar,Miratuar,Po,R_Kaloi,2026-02-05,,J91419001U,FURN-000218,sherbim,30
FAT-0000200,INST-0991-2600200,ANG-0000107,True,NIVF-9718742460,2026-01-24,2026-01-27,1934232.76,pranuar,E_Vleftesuar,Miratuar,Po,R_Kaloi,2026-01-28,,K91530017T,FURN-000032,sherbim,30
FAT-0000201,INST-0991-2600201,ANG-0000107,True,NIVF-1684811519,2026-02-22,2026-02-23,859367.24,pranuar,E_Vleftesuar,Miratuar,Po,R_Kaloi,2026-03-04,,K91530017T,FURN-000032,sherbim,30
FAT-0000202,INST-0337-2600202,ANG-0000108,True,NIVF-8338613452,2026-01-20,2026-01-22,553344.25,pranuar,E_Vleftesuar,Miratuar,Po,R_Kaloi,2026-01-25,,M01927023H,FURN-000708,mall,30
FAT-0000203,INST-0337-2600203,ANG-0000108,True,NIVF-5843061955,2026-02-09,2026-02-12,2636540.75,pranuar,E_Vleftesuar,Miratuar,Po,R_Kaloi,2026-02-20,,M01927023H,FURN-000708,mall,30
FAT-0000204,INST-0337-2600204,ANG-0000109,True,NIVF-7835324053,2026-01-23,2026-01-27,100000.0,pranuar,E_Vleftesuar,Miratuar,Po,R_Kaloi,2026-01-31,,K34122965R,FURN-000265,mall,30
FAT-0000205,INST-0337-2600205,ANG-0000110,True,NIVF-5824370081,2026-02-02,2026-02-05,10769.03,pranuar,E_Vleftesuar,Miratuar,Po,R_Kaloi,2026-02-13,,K43309402W,FURN-000005,sherbim,30
FAT-0000206,INST-0337-2600206,ANG-0000110,True,NIVF-3433684391,2026-03-09,2026-03-12,41230.97,pranuar,E_Vleftesuar,Miratuar,Po,R_Kaloi,2026-03-16,,K43309402W,FURN-000005,sherbim,30
FAT-0000207,INST-1010-2600207,ANG-0000111,True,NIVF-2752314156,2026-01-25,2026-01-29,68330.2,pranuar,E_Vleftesuar,Miratuar,Po,R_Kaloi,2026-01-31,,L62109024A,FURN-001522,mall,30
FAT-0000208,INST-1010-2600208,ANG-0000111,True,NIVF-3790746184,2026-02-16,2026-02-19,18889.69,pranuar,E_Vleftesuar,Miratuar,Po,R_Kaloi,2026-02-27,,L62109024A,FURN-001522,mall,30
FAT-0000209,INST-1010-2600209,ANG-0000111,True,NIVF-8088870308,2026-04-06,2026-04-08,12780.11,pranuar,E_Vleftesuar,Miratuar,Po,R_Kaloi,2026-04-16,,L62109024A,FURN-001522,mall,30
FAT-0000210,INST-0334-2600210,ANG-0000112,True,NIVF-8966078043,2026-01-26,2026-01-29,5517.12,pranuar,E_Vleftesuar,Miratuar,Po,R_Kaloi,2026-01-31,,L42018012R,FURN-001410,mall,30
FAT-0000211,INST-0334-2600211,ANG-0000112,True,NIVF-2585326429,2026-03-25,2026-03-27,823.43,refuzuar,Kerkon_Rivleftesim,Refuzuar,Jo,,2026-04-03,Fiskalizim i pavlefshëm,L42018012R,FURN-001410,mall,30
FAT-0000212,INST-0334-2600212,ANG-0000112,True,NIVF-8171832142,2026-05-23,2026-05-26,7076.45,pranuar,E_Vleftesuar,Miratuar,Po,R_Kaloi,2026-06-04,,L42018012R,FURN-001410,mall,30
FAT-0000213,INST-0623-2600213,ANG-0000113,True,NIVF-6472715114,2026-01-27,2026-01-27,12919.02,pranuar,E_Vleftesuar,Miratuar,Po,R_Kaloi,2026-01-30,,K52115005W,FURN-000116,sherbim,30
FAT-0000214,INST-0623-2600214,ANG-0000113,True,NIVF-2837825428,2026-02-22,2026-02-26,25960.98,pranuar,E_Vleftesuar,Miratuar,Po,R_Kaloi,2026-03-05,,K52115005W,FURN-000116,sherbim,30
FAT-0000215,INST-0334-2600215,ANG-0000114,True,NIVF-1591957325,2026-01-27,2026-01-28,11481.55,pranuar,E_Vleftesuar,Miratuar,Po,R_Kaloi,2026-02-05,,L83104003D,FURN-001299,mall,30
FAT-0000216,INST-0334-2600216,ANG-0000114,True,NIVF-4956811586,2026-03-13,2026-03-17,77778.48,pranuar,E_Vleftesuar,Miratuar,Po,R_Kaloi,2026-03-26,,L83104003D,FURN-001299,mall,30
FAT-0000217,INST-0334-2600217,ANG-0000114,True,NIVF-9362099601,2026-05-08,2026-05-12,8739.98,refuzuar,Kerkon_Rivleftesim,Refuzuar,Jo,,2026-05-20,Gabim në shumën e faturuar,L83104003D,FURN-001299,mall,30
FAT-0000218,INST-0119-2600218,ANG-0000115,True,NIVF-2910502537,2026-01-21,2026-01-24,430986.85,pranuar,E_Vleftesuar,Miratuar,Po,R_Kaloi,2026-01-26,,K71718012P,FURN-000377,sherbim,30
FAT-0000219,INST-0119-2600219,ANG-0000115,True,NIVF-9260156285,2026-03-03,2026-03-05,2344780.92,pranuar,E_Vleftesuar,Miratuar,Po,R_Kaloi,2026-03-13,,K71718012P,FURN-000377,sherbim,30
FAT-0000220,INST-0119-2600220,ANG-0000115,True,NIVF-6767129416,2026-03-29,2026-04-02,854438.13,pranuar,E_Vleftesuar,Miratuar,Po,R_Kaloi,2026-04-11,,K71718012P,FURN-000377,sherbim,30
FAT-0000221,INST-0057-2600221,ANG-0000116,True,NIVF-1589906545,2026-02-02,2026-02-06,1205.97,pranuar,E_Vleftesuar,Miratuar,Po,R_Kaloi,2026-02-10,,K41926801W,FURN-000316,mall,30
FAT-0000222,INST-0057-2600222,ANG-0000116,True,NIVF-1792791232,2026-03-11,2026-03-15,422.63,pranuar,E_Vleftesuar,Miratuar,Po,R_Kaloi,2026-03-16,,K41926801W,FURN-000316,mall,30
FAT-0000223,INST-0057-2600223,ANG-0000116,True,NIVF-4276853467,2026-04-19,2026-04-20,373.39,pranuar,E_Vleftesuar,Miratuar,Po,R_Kaloi,2026-04-27,,K41926801W,FURN-000316,mall,30
FAT-0000224,INST-0566-2600224,ANG-0000117,True,NIVF-2486712876,2026-01-20,2026-01-21,97500.0,pranuar,E_Vleftesuar,Miratuar,Po,R_Kaloi,2026-01-25,,K36503231E,FURN-001688,mall,30
FAT-0000225,INST-0566-2600225,ANG-0000118,True,NIVF-3432652866,2026-01-22,2026-01-25,36483.66,pranuar,E_Vleftesuar,Miratuar,Po,R_Kaloi,2026-01-31,,K31503045V,FURN-000036,mall,30
FAT-0000226,INST-0566-2600226,ANG-0000118,True,NIVF-9767233090,2026-02-17,2026-02-21,133868.4,pranuar,E_Vleftesuar,Miratuar,Po,R_Kaloi,2026-02-22,,K31503045V,FURN-000036,mall,30
FAT-0000227,INST-0566-2600227,ANG-0000118,True,NIVF-5228026944,2026-03-27,2026-03-28,9107.95,pranuar,E_Vleftesuar,Miratuar,Po,R_Kaloi,2026-03-29,,K31503045V,FURN-000036,mall,30
FAT-0000228,INST-0337-2600228,ANG-0000119,True,NIVF-6869089791,2026-01-21,2026-01-21,21924.0,pranuar,E_Vleftesuar,Miratuar,Po,R_Kaloi,2026-01-28,,K01515004T,FURN-000390,sherbim,30
FAT-0000229,INST-0337-2600229,ANG-0000120,True,NIVF-1763277684,2026-01-21,2026-01-22,29568.43,pranuar,E_Vleftesuar,Miratuar,Po,R_Kaloi,2026-01-31,,K52214509N,FURN-001823,mall,30
FAT-0000230,INST-0337-2600230,ANG-0000120,True,NIVF-9113669086,2026-03-09,2026-03-09,51749.56,pranuar,E_Vleftesuar,Miratuar,Po,R_Kaloi,2026-03-14,,K52214509N,FURN-001823,mall,30
FAT-0000231,INST-0337-2600231,ANG-0000120,True,NIVF-4786747318,2026-04-02,2026-04-02,18582.01,pranuar,E_Vleftesuar,Miratuar,Po,R_Kaloi,2026-04-07,,K52214509N,FURN-001823,mall,30
FAT-0000232,INST-0636-2600232,ANG-0000121,True,NIVF-5786306032,2026-01-30,2026-01-31,24427.27,pranuar,E_Vleftesuar,Miratuar,Po,R_Kaloi,2026-02-01,,K72218022J,FURN-000304,mall,30
FAT-0000233,INST-0636-2600233,ANG-0000121,True,NIVF-9320250086,2026-03-27,2026-03-31,43437.73,pranuar,E_Vleftesuar,Miratuar,Po,R_Kaloi,2026-04-05,,K72218022J,FURN-000304,mall,30
FAT-0000234,INST-0636-2600234,ANG-0000122,True,NIVF-3549963381,2026-02-02,2026-02-05,720250.0,pranuar,E_Vleftesuar,Miratuar,Po,R_Kaloi,2026-02-14,,K91624505A,FURN-001022,sherbim,30
FAT-0000235,INST-0636-2600235,ANG-0000123,True,NIVF-6127586024,2026-01-21,2026-01-24,46299.37,pranuar,E_Vleftesuar,Miratuar,Po,R_Kaloi,2026-01-31,,L81325020I,FURN-000678,sherbim,30
FAT-0000236,INST-0636-2600236,ANG-0000123,True,NIVF-8784191575,2026-03-08,2026-03-12,36867.63,pranuar,E_Vleftesuar,Miratuar,Po,R_Kaloi,2026-03-14,,L81325020I,FURN-000678,sherbim,30
FAT-0000237,INST-0057-2600237,ANG-0000124,True,NIVF-1299310614,2026-02-01,2026-02-04,4798333.0,pranuar,E_Vleftesuar,Miratuar,Po,R_Kaloi,2026-02-13,,K37508925G,FURN-000506,pune,30
FAT-0000238,INST-0636-2600238,ANG-0000125,True,NIVF-9257031266,2026-01-26,2026-01-27,6592624.28,pranuar,E_Vleftesuar,Miratuar,Po,R_Kaloi,2026-01-28,,K91810005U,FURN-000483,mall,30
FAT-0000239,INST-0636-2600239,ANG-0000125,True,NIVF-1808837929,2026-02-20,2026-02-20,22090261.44,pranuar,E_Vleftesuar,Miratuar,Po,R_Kaloi,2026-02-24,,K91810005U,FURN-000483,mall,30
FAT-0000240,INST-0337-2600240,ANG-0000126,True,NIVF-5959376091,2026-01-31,2026-02-03,15088.97,pranuar,E_Vleftesuar,Miratuar,Po,R_Kaloi,2026-02-05,,K01529003M,FURN-000342,mall,30
FAT-0000241,INST-0337-2600241,ANG-0000126,True,NIVF-7800799971,2026-03-20,2026-03-23,1888.65,pranuar,E_Vleftesuar,Miratuar,Po,R_Kaloi,2026-03-29,,K01529003M,FURN-000342,mall,30
FAT-0000242,INST-0337-2600242,ANG-0000126,True,NIVF-1627847775,2026-05-11,2026-05-13,4472.38,pranuar,E_Vleftesuar,Miratuar,Po,R_Kaloi,2026-05-16,,K01529003M,FURN-000342,mall,30
FAT-0000243,INST-0136-2600243,ANG-0000127,True,NIVF-1556251895,2026-02-01,2026-02-02,6415.99,pranuar,E_Vleftesuar,Miratuar,Po,R_Kaloi,2026-02-08,,L76316202J,FURN-001842,sherbim,30
FAT-0000244,INST-0136-2600244,ANG-0000127,True,NIVF-6902288854,2026-03-29,2026-03-31,964.24,pranuar,E_Vleftesuar,Miratuar,Po,R_Kaloi,2026-04-06,,L76316202J,FURN-001842,sherbim,30
FAT-0000245,INST-0136-2600245,ANG-0000127,True,NIVF-8363368202,2026-05-17,2026-05-21,952.77,refuzuar,Kerkon_Rivleftesim,Refuzuar,Jo,,2026-05-22,Gabim në shumën e faturuar,L76316202J,FURN-001842,sherbim,30
FAT-0000246,INST-0243-2600246,ANG-0000128,True,NIVF-8585991363,2026-01-31,2026-01-31,26745147.61,pranuar,E_Vleftesuar,Miratuar,Po,R_Kaloi,2026-02-03,,K91810005U,FURN-000483,pune,30
FAT-0000247,INST-0243-2600247,ANG-0000128,True,NIVF-6307160492,2026-03-14,2026-03-16,3823946.62,refuzuar,Kerkon_Rivleftesim,Refuzuar,Jo,,2026-03-17,Fiskalizim i pavlefshëm,K91810005U,FURN-000483,pune,30
FAT-0000248,INST-0396-2600248,ANG-0000129,True,NIVF-6520911466,2026-01-29,2026-01-30,11249.35,pranuar,E_Vleftesuar,Miratuar,Po,R_Kaloi,2026-02-07,,K21912001R,FURN-000018,mall,30
FAT-0000249,INST-0396-2600249,ANG-0000129,True,NIVF-5404492429,2026-03-16,2026-03-16,12728.53,pranuar,E_Vleftesuar,Miratuar,Po,R_Kaloi,2026-03-21,,K21912001R,FURN-000018,mall,30
FAT-0000250,INST-0396-2600250,ANG-0000129,True,NIVF-4093009026,2026-04-22,2026-04-26,13836.12,pranuar,E_Vleftesuar,Miratuar,Po,R_Kaloi,2026-04-30,,K21912001R,FURN-000018,mall,30
FAT-0000251,INST-0636-2600251,ANG-0000130,True,NIVF-2838095876,2026-01-30,2026-02-01,3565.29,pranuar,E_Vleftesuar,Miratuar,Po,R_Kaloi,2026-02-02,,K21912001R,FURN-000018,mall,30
FAT-0000252,INST-0636-2600252,ANG-0000130,True,NIVF-3797399246,2026-03-12,2026-03-12,12304.71,pranuar,E_Vleftesuar,Miratuar,Po,R_Kaloi,2026-03-16,,K21912001R,FURN-000018,mall,30
FAT-0000253,INST-0487-2600253,ANG-0000131,True,NIVF-5601927368,2026-01-25,2026-01-27,23020.64,pranuar,E_Vleftesuar,Miratuar,Po,R_Kaloi,2026-01-30,,K31418036C,FURN-000012,sherbim,30
FAT-0000254,INST-0487-2600254,ANG-0000131,True,NIVF-1781222059,2026-03-17,2026-03-20,6979.36,pranuar,E_Vleftesuar,Miratuar,Po,R_Kaloi,2026-03-27,,K31418036C,FURN-000012,sherbim,30
FAT-0000255,INST-0057-2600255,ANG-0000132,True,NIVF-4346251146,2026-01-23,2026-01-25,1960.65,pranuar,E_Vleftesuar,Miratuar,Po,R_Kaloi,2026-01-27,,K21912001R,FURN-000018,pune,30
FAT-0000256,INST-0057-2600256,ANG-0000132,True,NIVF-2378420625,2026-03-14,2026-03-14,5939.35,pranuar,E_Vleftesuar,Miratuar,Po,R_Kaloi,2026-03-16,,K21912001R,FURN-000018,pune,30
FAT-0000257,INST-0920-2600257,ANG-0000133,True,NIVF-2395811814,2026-01-31,2026-02-02,390150.0,pranuar,E_Vleftesuar,Miratuar,Po,R_Kaloi,2026-02-05,,K31503045V,FURN-000036,mall,30
FAT-0000258,INST-0144-2600258,ANG-0000134,True,NIVF-6472094488,2026-01-28,2026-01-30,172400.0,pranuar,E_Vleftesuar,Miratuar,Po,R_Kaloi,2026-01-31,,J91419001U,FURN-000218,mall,30
FAT-0000259,INST-0395-2600259,ANG-0000135,True,NIVF-1203609527,2026-01-27,2026-01-28,36000.0,pranuar,E_Vleftesuar,Miratuar,Po,R_Kaloi,2026-02-02,,M08428602C,FURN-001511,sherbim,30
FAT-0000260,INST-0395-2600260,ANG-0000136,True,NIVF-8104940718,2026-01-31,2026-01-31,274500.0,pranuar,E_Vleftesuar,Miratuar,Po,R_Kaloi,2026-02-09,,K91530017T,FURN-000032,sherbim,30
FAT-0000261,INST-0395-2600261,ANG-0000137,True,NIVF-1771123560,2026-01-26,2026-01-29,66759.66,pranuar,E_Vleftesuar,Miratuar,Po,R_Kaloi,2026-02-04,,L91310511L,FURN-000806,sherbim,30
FAT-0000262,INST-0395-2600262,ANG-0000137,True,NIVF-9720818051,2026-03-11,2026-03-13,8058.48,pranuar,E_Vleftesuar,Miratuar,Po,R_Kaloi,2026-03-14,,L91310511L,FURN-000806,sherbim,30
FAT-0000263,INST-0395-2600263,ANG-0000137,True,NIVF-3970728677,2026-04-15,2026-04-18,8381.86,pranuar,E_Vleftesuar,Miratuar,Po,R_Kaloi,2026-04-23,,L91310511L,FURN-000806,sherbim,30
FAT-0000264,INST-0446-2600264,ANG-0000138,True,NIVF-4515573873,2026-02-01,2026-02-05,33677.37,pranuar,E_Vleftesuar,Miratuar,Po,R_Kaloi,2026-02-11,,J63229478K,FURN-001271,sherbim,30
FAT-0000265,INST-0446-2600265,ANG-0000138,True,NIVF-5061573506,2026-03-23,2026-03-23,38779.97,pranuar,E_Vleftesuar,Miratuar,Po,R_Kaloi,2026-03-25,,J63229478K,FURN-001271,sherbim,30
FAT-0000266,INST-0446-2600266,ANG-0000138,True,NIVF-9281951239,2026-04-13,2026-04-16,27492.66,refuzuar,Kerkon_Rivleftesim,Refuzuar,Jo,,2026-04-19,Mungesë dokumentacioni mbështetës,J63229478K,FURN-001271,sherbim,30
FAT-0000267,INST-0168-2600267,ANG-0000139,True,NIVF-4575706051,2026-02-03,2026-02-07,7660.35,pranuar,E_Vleftesuar,Miratuar,Po,R_Kaloi,2026-02-11,,K91530017T,FURN-000032,pune,30
FAT-0000268,INST-0168-2600268,ANG-0000139,True,NIVF-1871490402,2026-03-16,2026-03-18,121039.65,pranuar,E_Vleftesuar,Miratuar,Po,R_Kaloi,2026-03-26,,K91530017T,FURN-000032,pune,30
FAT-0000269,INST-0155-2600269,ANG-0000140,True,NIVF-7294554183,2026-01-24,2026-01-27,452739.52,pranuar,E_Vleftesuar,Miratuar,Po,R_Kaloi,2026-02-05,,K57923807W,FURN-000813,mall,30
FAT-0000270,INST-0155-2600270,ANG-0000140,True,NIVF-9441226738,2026-03-05,2026-03-08,20959.73,pranuar,E_Vleftesuar,Miratuar,Po,R_Kaloi,2026-03-15,,K57923807W,FURN-000813,mall,30
FAT-0000271,INST-0404-2600271,ANG-0000141,True,NIVF-8777564546,2026-02-03,2026-02-04,1181.01,pranuar,E_Vleftesuar,Miratuar,Po,R_Kaloi,2026-02-08,,K21915002R,FURN-000191,mall,30
FAT-0000272,INST-0404-2600272,ANG-0000141,True,NIVF-2429391992,2026-04-02,2026-04-02,2083.5,pranuar,E_Vleftesuar,Miratuar,Po,R_Kaloi,2026-04-08,,K21915002R,FURN-000191,mall,30
FAT-0000273,INST-0404-2600273,ANG-0000141,True,NIVF-8357849107,2026-05-05,2026-05-09,2402.16,pranuar,E_Vleftesuar,Miratuar,Po,R_Kaloi,2026-05-11,,K21915002R,FURN-000191,mall,30
FAT-0000274,INST-0328-2600274,ANG-0000142,True,NIVF-2402869642,2026-01-28,2026-01-30,51061.28,pranuar,E_Vleftesuar,Miratuar,Po,R_Kaloi,2026-02-03,,K46526058R,FURN-001340,mall,30
FAT-0000275,INST-0328-2600275,ANG-0000142,True,NIVF-7541593046,2026-03-27,2026-03-27,48938.72,pranuar,E_Vleftesuar,Miratuar,Po,R_Kaloi,2026-04-02,,K46526058R,FURN-001340,mall,30
FAT-0000276,INST-0853-2600276,ANG-0000143,True,NIVF-6922339095,2026-01-28,2026-01-28,1270500.0,refuzuar,Kerkon_Rivleftesim,Refuzuar,Jo,,2026-02-06,Mospërputhje me kontratën,K91530017T,FURN-000032,mall,30
FAT-0000277,INST-0328-2600277,ANG-0000144,True,NIVF-9547428006,2026-02-03,2026-02-06,72000.0,pranuar,E_Vleftesuar,Miratuar,Po,R_Kaloi,2026-02-13,,K91530017T,FURN-000032,sherbim,30
FAT-0000278,INST-0155-2600278,ANG-0000145,True,NIVF-8670452759,2026-02-03,2026-02-05,193440.0,pranuar,E_Vleftesuar,Miratuar,Po,R_Kaloi,2026-02-11,,K92201080V,FURN-000119,mall,30
FAT-0000279,INST-0023-2600279,ANG-0000146,True,NIVF-8293822537,2026-01-30,2026-01-30,94500.0,refuzuar,Kerkon_Rivleftesim,Refuzuar,Jo,,2026-02-06,Fiskalizim i pavlefshëm,J61814028F,FURN-000068,sherbim,30
FAT-0000280,INST-0928-2600280,ANG-0000147,True,NIVF-2513058996,2026-01-26,2026-01-27,14135.31,pranuar,E_Vleftesuar,Miratuar,Po,R_Kaloi,2026-02-01,,J61814028F,FURN-000068,sherbim,30
FAT-0000281,INST-0928-2600281,ANG-0000147,True,NIVF-5695940842,2026-03-10,2026-03-11,3219.93,pranuar,E_Vleftesuar,Miratuar,Po,R_Kaloi,2026-03-13,,J61814028F,FURN-000068,sherbim,30
FAT-0000282,INST-0928-2600282,ANG-0000147,True,NIVF-9608462152,2026-05-07,2026-05-09,34470.66,pranuar,E_Vleftesuar,Miratuar,Po,R_Kaloi,2026-05-11,,J61814028F,FURN-000068,sherbim,30
FAT-0000283,INST-1014-2600283,ANG-0000148,True,NIVF-3326096964,2026-02-01,2026-02-02,33964.06,pranuar,E_Vleftesuar,Miratuar,Po,R_Kaloi,2026-02-09,,K52115005W,FURN-000116,sherbim,30
FAT-0000284,INST-1014-2600284,ANG-0000148,True,NIVF-8647637808,2026-03-07,2026-03-10,31286.84,pranuar,E_Vleftesuar,Miratuar,Po,R_Kaloi,2026-03-18,,K52115005W,FURN-000116,sherbim,30
FAT-0000285,INST-1014-2600285,ANG-0000148,True,NIVF-1567671927,2026-03-27,2026-03-27,69749.1,refuzuar,Kerkon_Rivleftesim,Refuzuar,Jo,,2026-04-01,Mospërputhje me kontratën,K52115005W,FURN-000116,sherbim,30
FAT-0000286,INST-1002-2600286,ANG-0000149,True,NIVF-3790676266,2026-01-30,2026-02-01,28378.04,pranuar,E_Vleftesuar,Miratuar,Po,R_Kaloi,2026-02-10,,J61824056O,FURN-001899,mall,30
FAT-0000287,INST-1002-2600287,ANG-0000149,True,NIVF-4316702406,2026-03-24,2026-03-28,31704.96,pranuar,E_Vleftesuar,Miratuar,Po,R_Kaloi,2026-04-01,,J61824056O,FURN-001899,mall,30
FAT-0000288,INST-1006-2600288,ANG-0000150,True,NIVF-1575931027,2026-02-04,2026-02-08,33507.5,pranuar,E_Vleftesuar,Miratuar,Po,R_Kaloi,2026-02-17,,K21405001N,FURN-000404,mall,30
FAT-0000289,INST-1006-2600289,ANG-0000150,True,NIVF-2415601208,2026-03-07,2026-03-07,9867.5,pranuar,E_Vleftesuar,Miratuar,Po,R_Kaloi,2026-03-09,,K21405001N,FURN-000404,mall,30
FAT-0000290,INST-0243-2600290,ANG-0000151,True,NIVF-4935868349,2026-02-08,2026-02-10,683310.26,pranuar,E_Vleftesuar,Miratuar,Po,R_Kaloi,2026-02-17,,L12510413V,FURN-001440,sherbim,30
FAT-0000291,INST-0243-2600291,ANG-0000151,True,NIVF-4606393147,2026-03-24,2026-03-27,46182.78,pranuar,E_Vleftesuar,Miratuar,Po,R_Kaloi,2026-04-02,,L12510413V,FURN-001440,sherbim,30
FAT-0000292,INST-0243-2600292,ANG-0000151,True,NIVF-4748189209,2026-04-30,2026-05-02,737530.29,pranuar,E_Vleftesuar,Miratuar,Po,R_Kaloi,2026-05-03,,L12510413V,FURN-001440,sherbim,30
FAT-0000293,INST-0243-2600293,ANG-0000152,True,NIVF-2765592437,2026-02-05,2026-02-09,847000.0,pranuar,E_Vleftesuar,Miratuar,Po,R_Kaloi,2026-02-13,,K91530017T,FURN-000032,sherbim,30
FAT-0000294,INST-0243-2600294,ANG-0000153,True,NIVF-9117536943,2026-01-31,2026-02-01,8482.85,pranuar,E_Vleftesuar,Miratuar,Po,R_Kaloi,2026-02-10,,K21405001N,FURN-000404,sherbim,30
FAT-0000295,INST-0243-2600295,ANG-0000153,True,NIVF-7522100843,2026-03-31,2026-04-01,7177.15,pranuar,E_Vleftesuar,Miratuar,Po,R_Kaloi,2026-04-05,,K21405001N,FURN-000404,sherbim,30
FAT-0000296,INST-0243-2600296,ANG-0000154,True,NIVF-4776190124,2026-01-29,2026-02-01,6977.93,refuzuar,Kerkon_Rivleftesim,Refuzuar,Jo,,2026-02-03,Gabim në shumën e faturuar,J61814028F,FURN-000068,sherbim,30
FAT-0000297,INST-0243-2600297,ANG-0000154,True,NIVF-5469234735,2026-03-08,2026-03-08,13498.23,pranuar,E_Vleftesuar,Miratuar,Po,R_Kaloi,2026-03-12,,J61814028F,FURN-000068,sherbim,30
FAT-0000298,INST-0243-2600298,ANG-0000154,True,NIVF-2781377010,2026-04-22,2026-04-22,823.84,pranuar,E_Vleftesuar,Miratuar,Po,R_Kaloi,2026-04-25,,J61814028F,FURN-000068,sherbim,30
FAT-0000299,INST-0243-2600299,ANG-0000155,True,NIVF-2978767282,2026-02-08,2026-02-08,91274.43,pranuar,E_Vleftesuar,Miratuar,Po,R_Kaloi,2026-02-12,,K01410001N,FURN-000009,sherbim,30
FAT-0000300,INST-0243-2600300,ANG-0000155,True,NIVF-1814971717,2026-03-09,2026-03-13,947.67,refuzuar,Kerkon_Rivleftesim,Refuzuar,Jo,,2026-03-21,Mospërputhje me kontratën,K01410001N,FURN-000009,sherbim,30
FAT-0000301,INST-0243-2600301,ANG-0000155,True,NIVF-2997794389,2026-04-01,2026-04-03,5983.91,pranuar,E_Vleftesuar,Miratuar,Po,R_Kaloi,2026-04-05,,K01410001N,FURN-000009,sherbim,30
FAT-0000302,INST-0243-2600302,ANG-0000156,True,NIVF-3081289823,2026-02-04,2026-02-04,1815714.26,pranuar,E_Vleftesuar,Miratuar,Po,R_Kaloi,2026-02-12,,J61813529P,FURN-000228,sherbim,30
FAT-0000303,INST-0243-2600303,ANG-0000156,True,NIVF-9900961516,2026-03-30,2026-03-31,2680482.11,refuzuar,Kerkon_Rivleftesim,Refuzuar,Jo,,2026-04-05,Mungesë dokumentacioni mbështetës,J61813529P,FURN-000228,sherbim,30
FAT-0000304,INST-0243-2600304,ANG-0000156,True,NIVF-6213513454,2026-05-09,2026-05-11,983803.64,refuzuar,Kerkon_Rivleftesim,Refuzuar,Jo,,2026-05-13,Gabim në shumën e faturuar,J61813529P,FURN-000228,sherbim,30
FAT-0000305,INST-0243-2600305,ANG-0000157,True,NIVF-1920480615,2026-02-02,2026-02-05,169556.53,refuzuar,Kerkon_Rivleftesim,Refuzuar,Jo,,2026-02-14,Gabim në shumën e faturuar,L22117021M,FURN-000146,sherbim,30
FAT-0000306,INST-0243-2600306,ANG-0000157,True,NIVF-1973183557,2026-03-23,2026-03-24,1106633.47,pranuar,E_Vleftesuar,Miratuar,Po,R_Kaloi,2026-03-27,,L22117021M,FURN-000146,sherbim,30
FAT-0000307,INST-0122-2600307,ANG-0000158,True,NIVF-5111942590,2026-02-01,2026-02-02,94449.79,pranuar,E_Vleftesuar,Miratuar,Po,R_Kaloi,2026-02-09,,L82729403H,FURN-000645,pune,30
FAT-0000308,INST-0122-2600308,ANG-0000158,True,NIVF-2395859934,2026-03-21,2026-03-22,5150.21,pranuar,E_Vleftesuar,Miratuar,Po,R_Kaloi,2026-03-30,,L82729403H,FURN-000645,pune,30
FAT-0000309,INST-0147-2600309,ANG-0000159,True,NIVF-1900740811,2026-02-01,2026-02-04,217675.0,pranuar,E_Vleftesuar,Miratuar,Po,R_Kaloi,2026-02-07,,K92201080V,FURN-000119,pune,30
FAT-0000310,INST-0663-2600310,ANG-0000160,True,NIVF-1881851959,2026-02-01,2026-02-02,99660.0,pranuar,E_Vleftesuar,Miratuar,Po,R_Kaloi,2026-02-10,,L82729403H,FURN-000645,pune,30
FAT-0000311,INST-0321-2600311,ANG-0000161,True,NIVF-9215143612,2026-02-05,2026-02-07,6416.99,pranuar,E_Vleftesuar,Miratuar,Po,R_Kaloi,2026-02-11,,L38513503D,FURN-000042,mall,30
FAT-0000312,INST-0321-2600312,ANG-0000161,True,NIVF-9320722208,2026-03-03,2026-03-05,89602.48,pranuar,E_Vleftesuar,Miratuar,Po,R_Kaloi,2026-03-09,,L38513503D,FURN-000042,mall,30
FAT-0000313,INST-0321-2600313,ANG-0000161,True,NIVF-4569659505,2026-04-15,2026-04-16,3480.53,pranuar,E_Vleftesuar,Miratuar,Po,R_Kaloi,2026-04-19,,L38513503D,FURN-000042,mall,30
FAT-0000314,INST-0243-2600314,ANG-0000162,True,NIVF-3355589524,2026-02-05,2026-02-06,59965.38,pranuar,E_Vleftesuar,Miratuar,Po,R_Kaloi,2026-02-15,,L82916601N,FURN-000286,pune,30
FAT-0000315,INST-0243-2600315,ANG-0000162,True,NIVF-2481374552,2026-03-02,2026-03-06,39894.62,pranuar,E_Vleftesuar,Miratuar,Po,R_Kaloi,2026-03-11,,L82916601N,FURN-000286,pune,30
FAT-0000316,INST-1007-2600316,ANG-0000163,True,NIVF-5857512648,2026-01-28,2026-01-29,1216867.29,refuzuar,Kerkon_Rivleftesim,Refuzuar,Jo,,2026-02-07,Gabim në shumën e faturuar,K24305001Q,FURN-000436,mall,30
FAT-0000317,INST-1007-2600317,ANG-0000163,True,NIVF-6804475984,2026-03-03,2026-03-03,1685394.02,pranuar,E_Vleftesuar,Miratuar,Po,R_Kaloi,2026-03-11,,K24305001Q,FURN-000436,mall,30
FAT-0000318,INST-1007-2600318,ANG-0000163,True,NIVF-6920062354,2026-04-11,2026-04-12,706738.69,pranuar,E_Vleftesuar,Miratuar,Po,R_Kaloi,2026-04-14,,K24305001Q,FURN-000436,mall,30
FAT-0000319,INST-0243-2600319,ANG-0000164,True,NIVF-4477803275,2026-01-27,2026-01-31,16414.02,pranuar,E_Vleftesuar,Miratuar,Po,R_Kaloi,2026-02-07,,M36515401L,FURN-000568,sherbim,30
FAT-0000320,INST-0243-2600320,ANG-0000164,True,NIVF-6708291476,2026-03-03,2026-03-04,5475.2,pranuar,E_Vleftesuar,Miratuar,Po,R_Kaloi,2026-03-07,,M36515401L,FURN-000568,sherbim,30
FAT-0000321,INST-0243-2600321,ANG-0000164,True,NIVF-6716747215,2026-04-06,2026-04-10,53710.77,pranuar,E_Vleftesuar,Miratuar,Po,R_Kaloi,2026-04-16,,M36515401L,FURN-000568,sherbim,30
FAT-0000322,INST-0243-2600322,ANG-0000165,True,NIVF-1845105093,2026-02-01,2026-02-05,22.91,refuzuar,Kerkon_Rivleftesim,Refuzuar,Jo,,2026-02-11,Mospërputhje me kontratën,K82015004O,FURN-000478,sherbim,30
FAT-0000323,INST-0243-2600323,ANG-0000165,True,NIVF-1094521397,2026-03-23,2026-03-24,4.36,pranuar,E_Vleftesuar,Miratuar,Po,R_Kaloi,2026-03-31,,K82015004O,FURN-000478,sherbim,30
FAT-0000324,INST-0243-2600324,ANG-0000165,True,NIVF-8597923446,2026-05-02,2026-05-04,12.72,pranuar,E_Vleftesuar,Miratuar,Po,R_Kaloi,2026-05-05,,K82015004O,FURN-000478,sherbim,30
FAT-0000325,INST-0243-2600325,ANG-0000166,True,NIVF-9694147167,2026-02-02,2026-02-04,45833.0,pranuar,E_Vleftesuar,Miratuar,Po,R_Kaloi,2026-02-12,,K31521002N,FURN-002031,sherbim,30
FAT-0000326,INST-0243-2600326,ANG-0000167,True,NIVF-4955024558,2026-01-27,2026-01-29,99900.0,refuzuar,Kerkon_Rivleftesim,Refuzuar,Jo,,2026-02-03,Mospërputhje me kontratën,K97209002I,FURN-000471,sherbim,30
FAT-0000327,INST-0243-2600327,ANG-0000168,True,NIVF-4193665334,2026-01-28,2026-01-28,10000.0,pranuar,E_Vleftesuar,Miratuar,Po,R_Kaloi,2026-01-30,,K31418036C,FURN-000012,sherbim,30
FAT-0000328,INST-0243-2600328,ANG-0000169,True,NIVF-3175128898,2026-01-27,2026-01-30,11109.6,pranuar,E_Vleftesuar,Miratuar,Po,R_Kaloi,2026-02-02,,K62202046U,FURN-000341,sherbim,30
FAT-0000329,INST-0243-2600329,ANG-0000169,True,NIVF-4494780879,2026-03-18,2026-03-22,5879.6,pranuar,E_Vleftesuar,Miratuar,Po,R_Kaloi,2026-03-29,,K62202046U,FURN-000341,sherbim,30
FAT-0000330,INST-0243-2600330,ANG-0000169,True,NIVF-4011012394,2026-05-09,2026-05-12,9110.8,pranuar,E_Vleftesuar,Miratuar,Po,R_Kaloi,2026-05-17,,K62202046U,FURN-000341,sherbim,30
FAT-0000331,INST-0243-2600331,ANG-0000170,True,NIVF-2252457944,2026-02-03,2026-02-05,205500.0,pranuar,E_Vleftesuar,Miratuar,Po,R_Kaloi,2026-02-10,,K91530017T,FURN-000032,sherbim,30
FAT-0000332,INST-0243-2600332,ANG-0000171,True,NIVF-1331549621,2026-01-28,2026-01-31,629200.0,pranuar,E_Vleftesuar,Miratuar,Po,R_Kaloi,2026-02-06,,K91530017T,FURN-000032,sherbim,30
FAT-0000333,INST-0243-2600333,ANG-0000172,True,NIVF-3930168771,2026-01-30,2026-02-03,6208.34,pranuar,E_Vleftesuar,Miratuar,Po,R_Kaloi,2026-02-11,,K32527404Q,FURN-000403,sherbim,30
FAT-0000334,INST-0243-2600334,ANG-0000172,True,NIVF-8254556646,2026-02-28,2026-03-01,10791.66,pranuar,E_Vleftesuar,Miratuar,Po,R_Kaloi,2026-03-10,,K32527404Q,FURN-000403,sherbim,30
FAT-0000335,INST-0243-2600335,ANG-0000173,True,NIVF-8751148814,2026-02-04,2026-02-08,10853.78,pranuar,E_Vleftesuar,Miratuar,Po,R_Kaloi,2026-02-17,,L53308609S,FURN-001770,sherbim,30
FAT-0000336,INST-0243-2600336,ANG-0000173,True,NIVF-9206402524,2026-03-01,2026-03-05,88746.22,pranuar,E_Vleftesuar,Miratuar,Po,R_Kaloi,2026-03-10,,L53308609S,FURN-001770,sherbim,30
FAT-0000337,INST-0243-2600337,ANG-0000174,True,NIVF-4983023869,2026-02-04,2026-02-08,1222362.05,pranuar,E_Vleftesuar,Miratuar,Po,R_Kaloi,2026-02-11,,K31520054N,FURN-000117,sherbim,30
FAT-0000338,INST-0243-2600338,ANG-0000174,True,NIVF-9255385812,2026-03-22,2026-03-26,153321.65,pranuar,E_Vleftesuar,Miratuar,Po,R_Kaloi,2026-03-27,,K31520054N,FURN-000117,sherbim,30
FAT-0000339,INST-0243-2600339,ANG-0000174,True,NIVF-5043472798,2026-04-12,2026-04-14,633216.3,pranuar,E_Vleftesuar,Miratuar,Po,R_Kaloi,2026-04-17,,K31520054N,FURN-000117,sherbim,30
FAT-0000340,INST-0243-2600340,ANG-0000175,True,NIVF-9862140401,2026-02-03,2026-02-04,17233.31,pranuar,E_Vleftesuar,Miratuar,Po,R_Kaloi,2026-02-13,,K01515004T,FURN-000390,sherbim,30
FAT-0000341,INST-0243-2600341,ANG-0000175,True,NIVF-2290762636,2026-03-31,2026-04-02,5187.89,pranuar,E_Vleftesuar,Miratuar,Po,R_Kaloi,2026-04-08,,K01515004T,FURN-000390,sherbim,30
FAT-0000342,INST-0243-2600342,ANG-0000175,True,NIVF-8060526708,2026-05-26,2026-05-30,26178.8,pranuar,E_Vleftesuar,Miratuar,Po,R_Kaloi,2026-06-02,,K01515004T,FURN-000390,sherbim,30
FAT-0000343,INST-0437-2600343,ANG-0000176,True,NIVF-4833950076,2026-02-10,2026-02-13,466180.0,pranuar,E_Vleftesuar,Miratuar,Po,R_Kaloi,2026-02-19,,K53717806Q,FURN-000411,pune,30
FAT-0000344,INST-0437-2600344,ANG-0000176,True,NIVF-7387714179,2026-03-26,2026-03-30,32325.71,pranuar,E_Vleftesuar,Miratuar,Po,R_Kaloi,2026-03-31,,K53717806Q,FURN-000411,pune,30
FAT-0000345,INST-0437-2600345,ANG-0000176,True,NIVF-2152405550,2026-05-10,2026-05-14,6494.29,pranuar,E_Vleftesuar,Miratuar,Po,R_Kaloi,2026-05-18,,K53717806Q,FURN-000411,pune,30
FAT-0000346,INST-0442-2600346,ANG-0000177,True,NIVF-9481104369,2026-02-06,2026-02-07,100000.0,refuzuar,Kerkon_Rivleftesim,Refuzuar,Jo,,2026-02-09,Mospërputhje me kontratën,L64704601S,FURN-000261,pune,30
FAT-0000347,INST-0940-2600347,ANG-0000178,True,NIVF-9944601004,2026-01-30,2026-02-01,757111.45,pranuar,E_Vleftesuar,Miratuar,Po,R_Kaloi,2026-02-02,,K31520054N,FURN-000117,mall,30
FAT-0000348,INST-0940-2600348,ANG-0000178,True,NIVF-6265681319,2026-02-22,2026-02-22,1847781.22,pranuar,E_Vleftesuar,Miratuar,Po,R_Kaloi,2026-03-02,,K31520054N,FURN-000117,mall,30
FAT-0000349,INST-0940-2600349,ANG-0000178,True,NIVF-5955357308,2026-04-19,2026-04-23,556207.32,pranuar,E_Vleftesuar,Miratuar,Po,R_Kaloi,2026-04-26,,K31520054N,FURN-000117,mall,30
FAT-0000350,INST-0915-2600350,ANG-0000179,True,NIVF-3809329266,2026-02-09,2026-02-11,81312.91,pranuar,E_Vleftesuar,Miratuar,Po,R_Kaloi,2026-02-16,,M21912016U,FURN-001991,mall,30
FAT-0000351,INST-0915-2600351,ANG-0000179,True,NIVF-3299574713,2026-03-10,2026-03-10,15187.09,pranuar,E_Vleftesuar,Miratuar,Po,R_Kaloi,2026-03-17,,M21912016U,FURN-001991,mall,30
FAT-0000352,INST-0621-2600352,ANG-0000180,True,NIVF-1921333088,2026-02-01,2026-02-04,42330.17,pranuar,E_Vleftesuar,Miratuar,Po,R_Kaloi,2026-02-07,,J91419001U,FURN-000218,mall,30
FAT-0000353,INST-0621-2600353,ANG-0000180,True,NIVF-5771017905,2026-03-25,2026-03-27,4694.07,pranuar,E_Vleftesuar,Miratuar,Po,R_Kaloi,2026-04-02,,J91419001U,FURN-000218,mall,30
FAT-0000354,INST-0621-2600354,ANG-0000180,True,NIVF-3090519110,2026-05-12,2026-05-15,25242.16,pranuar,E_Vleftesuar,Miratuar,Po,R_Kaloi,2026-05-21,,J91419001U,FURN-000218,mall,30
FAT-0000355,INST-0169-2600355,ANG-0000181,True,NIVF-7204127116,2026-02-01,2026-02-02,99850.0,pranuar,E_Vleftesuar,Miratuar,Po,R_Kaloi,2026-02-06,,M11529014H,FURN-000062,sherbim,30
FAT-0000356,INST-0168-2600356,ANG-0000182,True,NIVF-1609288535,2026-02-04,2026-02-08,15205.7,pranuar,E_Vleftesuar,Miratuar,Po,R_Kaloi,2026-02-15,,K82717204L,FURN-000747,pune,30
FAT-0000357,INST-0168-2600357,ANG-0000182,True,NIVF-6103190119,2026-03-13,2026-03-14,52794.3,pranuar,E_Vleftesuar,Miratuar,Po,R_Kaloi,2026-03-21,,K82717204L,FURN-000747,pune,30
FAT-0000358,INST-1005-2600358,ANG-0000183,True,NIVF-8589767316,2026-01-31,2026-02-03,14000.0,pranuar,E_Vleftesuar,Miratuar,Po,R_Kaloi,2026-02-06,,K62320012O,FURN-000162,sherbim,30
FAT-0000359,INST-1005-2600359,ANG-0000184,True,NIVF-4643086908,2026-01-29,2026-01-30,6675.3,pranuar,E_Vleftesuar,Miratuar,Po,R_Kaloi,2026-02-08,,L31714005J,FURN-000114,sherbim,30
FAT-0000360,INST-1005-2600360,ANG-0000184,True,NIVF-3716359112,2026-03-29,2026-04-02,4124.7,pranuar,E_Vleftesuar,Miratuar,Po,R_Kaloi,2026-04-03,,L31714005J,FURN-000114,sherbim,30
FAT-0000361,INST-1005-2600361,ANG-0000185,True,NIVF-2247153584,2026-02-02,2026-02-04,52400.0,pranuar,E_Vleftesuar,Miratuar,Po,R_Kaloi,2026-02-05,,K92704003T,FURN-001301,sherbim,30
FAT-0000362,INST-0920-2600362,ANG-0000186,True,NIVF-5457411462,2026-02-01,2026-02-01,10706.37,pranuar,E_Vleftesuar,Miratuar,Po,R_Kaloi,2026-02-04,,L61608005C,FURN-000451,sherbim,30
FAT-0000363,INST-0920-2600363,ANG-0000186,True,NIVF-4729105813,2026-03-28,2026-03-31,31528.28,pranuar,E_Vleftesuar,Miratuar,Po,R_Kaloi,2026-04-03,,L61608005C,FURN-000451,sherbim,30
FAT-0000364,INST-0920-2600364,ANG-0000186,True,NIVF-7110762930,2026-05-25,2026-05-26,8765.35,pranuar,E_Vleftesuar,Miratuar,Po,R_Kaloi,2026-05-29,,L61608005C,FURN-000451,sherbim,30
FAT-0000365,INST-0404-2600365,ANG-0000187,True,NIVF-6363623380,2026-02-07,2026-02-07,58679.07,pranuar,E_Vleftesuar,Miratuar,Po,R_Kaloi,2026-02-11,,J61814009W,FURN-000363,mall,30
FAT-0000366,INST-0404-2600366,ANG-0000187,True,NIVF-5378327436,2026-03-13,2026-03-13,412056.93,pranuar,E_Vleftesuar,Miratuar,Po,R_Kaloi,2026-03-16,,J61814009W,FURN-000363,mall,30
FAT-0000367,INST-0958-2600367,ANG-0000188,True,NIVF-8433313174,2026-02-04,2026-02-07,30819.3,pranuar,E_Vleftesuar,Miratuar,Po,R_Kaloi,2026-02-09,,M52617004S,FURN-000458,pune,30
FAT-0000368,INST-0958-2600368,ANG-0000188,True,NIVF-9271367218,2026-03-20,2026-03-20,68680.7,pranuar,E_Vleftesuar,Miratuar,Po,R_Kaloi,2026-03-28,,M52617004S,FURN-000458,pune,30
FAT-0000369,INST-0396-2600369,ANG-0000189,True,NIVF-4990752937,2026-02-05,2026-02-08,4998.74,pranuar,E_Vleftesuar,Miratuar,Po,R_Kaloi,2026-02-16,,K26330201T,FURN-000299,mall,30
FAT-0000370,INST-0396-2600370,ANG-0000189,True,NIVF-2141234612,2026-03-04,2026-03-04,93001.26,pranuar,E_Vleftesuar,Miratuar,Po,R_Kaloi,2026-03-12,,K26330201T,FURN-000299,mall,30
FAT-0000371,INST-0242-2600371,ANG-0000190,True,NIVF-4390223014,2026-02-03,2026-02-07,473418.51,pranuar,E_Vleftesuar,Miratuar,Po,R_Kaloi,2026-02-15,,K21912001R,FURN-000018,pune,30
FAT-0000372,INST-0242-2600372,ANG-0000190,True,NIVF-5123866077,2026-03-23,2026-03-25,66581.49,pranuar,E_Vleftesuar,Miratuar,Po,R_Kaloi,2026-04-03,,K21912001R,FURN-000018,pune,30
FAT-0000373,INST-1014-2600373,ANG-0000191,True,NIVF-8294759428,2026-02-02,2026-02-05,99520.0,pranuar,E_Vleftesuar,Miratuar,Po,R_Kaloi,2026-02-08,,M52617004S,FURN-000458,mall,30
FAT-0000374,INST-0243-2600374,ANG-0000192,True,NIVF-5469044847,2026-02-03,2026-02-06,500372.47,pranuar,E_Vleftesuar,Miratuar,Po,R_Kaloi,2026-02-14,,J91809007H,FURN-000028,pune,30
FAT-0000375,INST-0243-2600375,ANG-0000192,True,NIVF-6267638174,2026-02-28,2026-03-01,482793.82,pranuar,E_Vleftesuar,Miratuar,Po,R_Kaloi,2026-03-10,,J91809007H,FURN-000028,pune,30
FAT-0000376,INST-0243-2600376,ANG-0000192,True,NIVF-5686169739,2026-04-05,2026-04-05,16333.71,pranuar,E_Vleftesuar,Miratuar,Po,R_Kaloi,2026-04-12,,J91809007H,FURN-000028,pune,30
FAT-0000377,INST-1006-2600377,ANG-0000193,True,NIVF-2664737814,2026-02-06,2026-02-07,209255.13,pranuar,E_Vleftesuar,Miratuar,Po,R_Kaloi,2026-02-15,,J62009007F,FURN-000385,mall,30
FAT-0000378,INST-1006-2600378,ANG-0000193,True,NIVF-9795284868,2026-03-07,2026-03-11,125686.98,pranuar,E_Vleftesuar,Miratuar,Po,R_Kaloi,2026-03-15,,J62009007F,FURN-000385,mall,30
FAT-0000379,INST-1006-2600379,ANG-0000193,True,NIVF-5581956562,2026-05-02,2026-05-02,303807.89,pranuar,E_Vleftesuar,Miratuar,Po,R_Kaloi,2026-05-04,,J62009007F,FURN-000385,mall,30
FAT-0000380,INST-0853-2600380,ANG-0000194,True,NIVF-7873583774,2026-02-08,2026-02-08,39703.44,pranuar,E_Vleftesuar,Miratuar,Po,R_Kaloi,2026-02-10,,J91809007H,FURN-000028,mall,30
FAT-0000381,INST-0853-2600381,ANG-0000194,True,NIVF-3461358854,2026-04-04,2026-04-06,4664.74,pranuar,E_Vleftesuar,Miratuar,Po,R_Kaloi,2026-04-12,,J91809007H,FURN-000028,mall,30
FAT-0000382,INST-0853-2600382,ANG-0000194,True,NIVF-4794264051,2026-05-04,2026-05-06,17664.82,refuzuar,Kerkon_Rivleftesim,Refuzuar,Jo,,2026-05-07,Mospërputhje me kontratën,J91809007H,FURN-000028,mall,30
FAT-0000383,INST-0853-2600383,ANG-0000195,True,NIVF-6108352931,2026-02-02,2026-02-05,100000.0,pranuar,E_Vleftesuar,Miratuar,Po,R_Kaloi,2026-02-12,,M21307517P,FURN-000433,mall,30
FAT-0000384,INST-0621-2600384,ANG-0000196,True,NIVF-6567367239,2026-02-04,2026-02-08,46873.06,pranuar,E_Vleftesuar,Miratuar,Po,R_Kaloi,2026-02-14,,L06319202R,FURN-000516,sherbim,30
FAT-0000385,INST-0621-2600385,ANG-0000196,True,NIVF-9545440446,2026-03-18,2026-03-20,40800.96,pranuar,E_Vleftesuar,Miratuar,Po,R_Kaloi,2026-03-22,,L06319202R,FURN-000516,sherbim,30
FAT-0000386,INST-0621-2600386,ANG-0000196,True,NIVF-2448607295,2026-04-20,2026-04-20,12325.98,pranuar,E_Vleftesuar,Miratuar,Po,R_Kaloi,2026-04-25,,L06319202R,FURN-000516,sherbim,30
FAT-0000387,INST-0122-2600387,ANG-0000197,True,NIVF-2682789636,2026-02-09,2026-02-10,11319.55,pranuar,E_Vleftesuar,Miratuar,Po,R_Kaloi,2026-02-16,,K32527404Q,FURN-000403,pune,30
FAT-0000388,INST-0122-2600388,ANG-0000197,True,NIVF-5575943358,2026-03-09,2026-03-12,30380.45,pranuar,E_Vleftesuar,Miratuar,Po,R_Kaloi,2026-03-19,,K32527404Q,FURN-000403,pune,30
FAT-0000389,INST-1006-2600389,ANG-0000198,True,NIVF-5452303869,2026-02-10,2026-02-12,47313.97,refuzuar,Kerkon_Rivleftesim,Refuzuar,Jo,,2026-02-16,Mospërputhje me kontratën,M11529014H,FURN-000062,mall,30
FAT-0000390,INST-1006-2600390,ANG-0000198,True,NIVF-3944032398,2026-04-06,2026-04-08,1911.93,pranuar,E_Vleftesuar,Miratuar,Po,R_Kaloi,2026-04-17,,M11529014H,FURN-000062,mall,30
FAT-0000391,INST-1006-2600391,ANG-0000198,True,NIVF-3259307686,2026-05-09,2026-05-13,50674.1,pranuar,E_Vleftesuar,Miratuar,Po,R_Kaloi,2026-05-14,,M11529014H,FURN-000062,mall,30
FAT-0000392,INST-0243-2600392,ANG-0000199,True,NIVF-3295630522,2026-01-31,2026-02-02,59599.86,pranuar,E_Vleftesuar,Miratuar,Po,R_Kaloi,2026-02-11,,L51315036K,FURN-000167,pune,30
FAT-0000393,INST-0243-2600393,ANG-0000199,True,NIVF-4737036709,2026-03-01,2026-03-05,5757.38,pranuar,E_Vleftesuar,Miratuar,Po,R_Kaloi,2026-03-09,,L51315036K,FURN-000167,pune,30
FAT-0000394,INST-0243-2600394,ANG-0000199,True,NIVF-1059864323,2026-03-23,2026-03-27,30475.75,pranuar,E_Vleftesuar,Miratuar,Po,R_Kaloi,2026-04-03,,L51315036K,FURN-000167,pune,30
FAT-0000395,INST-0172-2600395,ANG-0000200,True,NIVF-6413448368,2026-01-31,2026-02-01,3614.67,pranuar,E_Vleftesuar,Miratuar,Po,R_Kaloi,2026-02-10,,K16513001T,FURN-001476,pune,30
FAT-0000396,INST-0172-2600396,ANG-0000200,True,NIVF-5816103854,2026-03-12,2026-03-14,44385.33,pranuar,E_Vleftesuar,Miratuar,Po,R_Kaloi,2026-03-15,,K16513001T,FURN-001476,pune,30
FAT-0000397,INST-0394-2600397,ANG-0000201,True,NIVF-8511914352,2026-02-05,2026-02-05,238842.77,pranuar,E_Vleftesuar,Miratuar,Po,R_Kaloi,2026-02-10,,K37513520N,FURN-001598,mall,30
FAT-0000398,INST-0394-2600398,ANG-0000201,True,NIVF-6090284302,2026-03-30,2026-03-31,6181157.23,pranuar,E_Vleftesuar,Miratuar,Po,R_Kaloi,2026-04-08,,K37513520N,FURN-001598,mall,30
FAT-0000399,INST-0394-2600399,ANG-0000202,True,NIVF-3435563099,2026-02-01,2026-02-04,23436.0,pranuar,E_Vleftesuar,Miratuar,Po,R_Kaloi,2026-02-09,,L01508026P,FURN-000052,mall,30
FAT-0000400,INST-0853-2600400,ANG-0000203,True,NIVF-6382657691,2026-01-31,2026-01-31,7849.28,pranuar,E_Vleftesuar,Miratuar,Po,R_Kaloi,2026-02-07,,K62320012O,FURN-000162,mall,30
FAT-0000401,INST-0853-2600401,ANG-0000203,True,NIVF-5489767985,2026-03-12,2026-03-15,26210.35,pranuar,E_Vleftesuar,Miratuar,Po,R_Kaloi,2026-03-19,,K62320012O,FURN-000162,mall,30
FAT-0000402,INST-0853-2600402,ANG-0000203,True,NIVF-5876077973,2026-05-10,2026-05-11,12640.37,pranuar,E_Vleftesuar,Miratuar,Po,R_Kaloi,2026-05-16,,K62320012O,FURN-000162,mall,30
FAT-0000403,INST-0621-2600403,ANG-0000204,True,NIVF-8096432328,2026-02-09,2026-02-11,10657231.0,pranuar,E_Vleftesuar,Miratuar,Po,R_Kaloi,2026-02-14,,L42215009L,FURN-001718,sherbim,30
FAT-0000404,INST-0332-2600404,ANG-0000205,True,NIVF-3788647248,2026-01-28,2026-01-30,316800.0,pranuar,E_Vleftesuar,Miratuar,Po,R_Kaloi,2026-02-03,,K91530017T,FURN-000032,pune,30
FAT-0000405,INST-0552-2600405,ANG-0000206,True,NIVF-1392420553,2026-01-31,2026-02-02,17691.81,refuzuar,Kerkon_Rivleftesim,Refuzuar,Jo,,2026-02-06,Mospërputhje me kontratën,L73431201E,FURN-001443,pune,30
FAT-0000406,INST-0552-2600406,ANG-0000206,True,NIVF-8379366376,2026-03-02,2026-03-04,13975.19,pranuar,E_Vleftesuar,Miratuar,Po,R_Kaloi,2026-03-10,,L73431201E,FURN-001443,pune,30
FAT-0000407,INST-0645-2600407,ANG-0000207,True,NIVF-5727576157,2026-01-30,2026-02-02,279483.68,pranuar,E_Vleftesuar,Miratuar,Po,R_Kaloi,2026-02-09,,K21912001R,FURN-000018,mall,30
FAT-0000408,INST-0645-2600408,ANG-0000207,True,NIVF-4182975993,2026-03-29,2026-03-29,125516.32,pranuar,E_Vleftesuar,Miratuar,Po,R_Kaloi,2026-04-03,,K21912001R,FURN-000018,mall,30
FAT-0000409,INST-0172-2600409,ANG-0000208,True,NIVF-9451345143,2026-02-02,2026-02-03,37974.88,refuzuar,Kerkon_Rivleftesim,Refuzuar,Jo,,2026-02-06,Gabim në shumën e faturuar,K21912001R,FURN-000018,mall,30
FAT-0000410,INST-0172-2600410,ANG-0000208,True,NIVF-4153014979,2026-02-28,2026-03-03,303195.26,pranuar,E_Vleftesuar,Miratuar,Po,R_Kaloi,2026-03-04,,K21912001R,FURN-000018,mall,30
FAT-0000411,INST-0172-2600411,ANG-0000208,True,NIVF-1572160673,2026-03-30,2026-04-01,63829.86,pranuar,E_Vleftesuar,Miratuar,Po,R_Kaloi,2026-04-02,,K21912001R,FURN-000018,mall,30
FAT-0000412,INST-0172-2600412,ANG-0000209,True,NIVF-8847735895,2026-01-30,2026-02-02,41394.12,pranuar,E_Vleftesuar,Miratuar,Po,R_Kaloi,2026-02-05,,L11326001A,FURN-000737,mall,30
FAT-0000413,INST-0172-2600413,ANG-0000209,True,NIVF-1112542965,2026-03-16,2026-03-20,13210.19,refuzuar,Kerkon_Rivleftesim,Refuzuar,Jo,,2026-03-26,Fiskalizim i pavlefshëm,L11326001A,FURN-000737,mall,30
FAT-0000414,INST-0172-2600414,ANG-0000209,True,NIVF-6276498943,2026-04-25,2026-04-29,40395.7,pranuar,E_Vleftesuar,Miratuar,Po,R_Kaloi,2026-05-05,,L11326001A,FURN-000737,mall,30
FAT-0000415,INST-0172-2600415,ANG-0000210,True,NIVF-7318324501,2026-02-11,2026-02-12,98000.0,pranuar,E_Vleftesuar,Miratuar,Po,R_Kaloi,2026-02-19,,L21420002F,FURN-001524,mall,30
FAT-0000416,INST-0404-2600416,ANG-0000211,True,NIVF-7187168713,2026-02-02,2026-02-04,96000.0,pranuar,E_Vleftesuar,Miratuar,Po,R_Kaloi,2026-02-08,,M31625003A,FURN-000793,mall,30
FAT-0000417,INST-0098-2600417,ANG-0000212,True,NIVF-3502896640,2026-02-09,2026-02-10,38844.58,pranuar,E_Vleftesuar,Miratuar,Po,R_Kaloi,2026-02-11,,K41420001V,FURN-000016,mall,30
FAT-0000418,INST-0098-2600418,ANG-0000212,True,NIVF-2156758074,2026-04-04,2026-04-05,42155.42,refuzuar,Kerkon_Rivleftesim,Refuzuar,Jo,,2026-04-13,Mungesë dokumentacioni mbështetës,K41420001V,FURN-000016,mall,30
FAT-0000419,INST-0396-2600419,ANG-0000213,True,NIVF-1415220553,2026-02-01,2026-02-03,676.74,pranuar,E_Vleftesuar,Miratuar,Po,R_Kaloi,2026-02-04,,K21912001R,FURN-000018,mall,30
FAT-0000420,INST-0396-2600420,ANG-0000213,True,NIVF-7183465752,2026-03-06,2026-03-06,3297.63,pranuar,E_Vleftesuar,Miratuar,Po,R_Kaloi,2026-03-12,,K21912001R,FURN-000018,mall,30
FAT-0000421,INST-0396-2600421,ANG-0000213,True,NIVF-2030953833,2026-04-22,2026-04-25,265.63,pranuar,E_Vleftesuar,Miratuar,Po,R_Kaloi,2026-05-02,,K21912001R,FURN-000018,mall,30
FAT-0000422,INST-0843-2600422,ANG-0000214,True,NIVF-3007641625,2026-02-01,2026-02-04,12289.91,pranuar,E_Vleftesuar,Miratuar,Po,R_Kaloi,2026-02-12,,K51914014P,FURN-000152,mall,30
FAT-0000423,INST-0843-2600423,ANG-0000214,True,NIVF-8010143220,2026-03-10,2026-03-12,12929.35,pranuar,E_Vleftesuar,Miratuar,Po,R_Kaloi,2026-03-19,,K51914014P,FURN-000152,mall,30
FAT-0000424,INST-0843-2600424,ANG-0000214,True,NIVF-8873872581,2026-05-05,2026-05-09,15107.74,pranuar,E_Vleftesuar,Miratuar,Po,R_Kaloi,2026-05-10,,K51914014P,FURN-000152,mall,30
FAT-0000425,INST-1004-2600425,ANG-0000215,True,NIVF-7583176047,2026-01-30,2026-02-03,134849.18,pranuar,E_Vleftesuar,Miratuar,Po,R_Kaloi,2026-02-10,,L21508008T,FURN-000115,mall,30
FAT-0000426,INST-1004-2600426,ANG-0000215,True,NIVF-6185165938,2026-03-22,2026-03-26,7147.75,pranuar,E_Vleftesuar,Miratuar,Po,R_Kaloi,2026-04-04,,L21508008T,FURN-000115,mall,30
FAT-0000427,INST-1004-2600427,ANG-0000215,True,NIVF-2935525165,2026-04-11,2026-04-15,903.07,pranuar,E_Vleftesuar,Miratuar,Po,R_Kaloi,2026-04-17,,L21508008T,FURN-000115,mall,30
FAT-0000428,INST-1006-2600428,ANG-0000216,True,NIVF-6758758669,2026-01-30,2026-02-01,79999.0,pranuar,E_Vleftesuar,Miratuar,Po,R_Kaloi,2026-02-09,,L81729016M,FURN-001153,sherbim,30
FAT-0000429,INST-0411-2600429,ANG-0000217,True,NIVF-5842924674,2026-02-05,2026-02-06,2420803.0,pranuar,E_Vleftesuar,Miratuar,Po,R_Kaloi,2026-02-11,,J61813529P,FURN-000228,mall,30
FAT-0000430,INST-0844-2600430,ANG-0000218,True,NIVF-8880622135,2026-02-08,2026-02-09,50000.0,pranuar,E_Vleftesuar,Miratuar,Po,R_Kaloi,2026-02-13,,M52410037A,FURN-001798,mall,30
FAT-0000431,INST-0144-2600431,ANG-0000219,True,NIVF-4668314690,2026-02-14,2026-02-18,20205.0,pranuar,E_Vleftesuar,Miratuar,Po,R_Kaloi,2026-02-24,,K41420001V,FURN-000016,mall,30
FAT-0000432,INST-0005-2600432,ANG-0000220,True,NIVF-2717554082,2026-02-01,2026-02-04,4719.1,pranuar,E_Vleftesuar,Miratuar,Po,R_Kaloi,2026-02-07,,K41420001V,FURN-000016,mall,30
FAT-0000433,INST-0005-2600433,ANG-0000220,True,NIVF-7275674847,2026-03-20,2026-03-24,7595.16,pranuar,E_Vleftesuar,Miratuar,Po,R_Kaloi,2026-03-25,,K41420001V,FURN-000016,mall,30
FAT-0000434,INST-0005-2600434,ANG-0000220,True,NIVF-7633576517,2026-04-29,2026-05-02,3885.74,pranuar,E_Vleftesuar,Miratuar,Po,R_Kaloi,2026-05-03,,K41420001V,FURN-000016,mall,30
FAT-0000435,INST-0154-2600435,ANG-0000221,True,NIVF-2395311512,2026-02-11,2026-02-14,228.17,pranuar,E_Vleftesuar,Miratuar,Po,R_Kaloi,2026-02-21,,K52115005W,FURN-000116,sherbim,30
FAT-0000436,INST-0154-2600436,ANG-0000221,True,NIVF-4164138507,2026-03-12,2026-03-13,2693.81,pranuar,E_Vleftesuar,Miratuar,Po,R_Kaloi,2026-03-20,,K52115005W,FURN-000116,sherbim,30
FAT-0000437,INST-0154-2600437,ANG-0000221,True,NIVF-8675572078,2026-04-26,2026-04-26,1398.02,pranuar,E_Vleftesuar,Miratuar,Po,R_Kaloi,2026-05-03,,K52115005W,FURN-000116,sherbim,30
FAT-0000438,INST-0437-2600438,ANG-0000222,True,NIVF-2348230492,2026-02-02,2026-02-05,466188.42,pranuar,E_Vleftesuar,Miratuar,Po,R_Kaloi,2026-02-12,,M51624039U,FURN-000392,pune,30
FAT-0000439,INST-0437-2600439,ANG-0000222,True,NIVF-2371411348,2026-03-08,2026-03-12,151335.85,pranuar,E_Vleftesuar,Miratuar,Po,R_Kaloi,2026-03-14,,M51624039U,FURN-000392,pune,30
FAT-0000440,INST-0437-2600440,ANG-0000222,True,NIVF-7038874265,2026-04-13,2026-04-14,20475.74,pranuar,E_Vleftesuar,Miratuar,Po,R_Kaloi,2026-04-19,,M51624039U,FURN-000392,pune,30
FAT-0000441,INST-0337-2600441,ANG-0000223,True,NIVF-4952021230,2026-02-14,2026-02-14,999936.0,pranuar,E_Vleftesuar,Miratuar,Po,R_Kaloi,2026-02-22,,J61813529P,FURN-000228,mall,30
FAT-0000442,INST-0960-2600442,ANG-0000224,True,NIVF-4829113854,2026-02-03,2026-02-05,718847.77,pranuar,E_Vleftesuar,Miratuar,Po,R_Kaloi,2026-02-13,,J64103483H,FURN-000877,sherbim,30
FAT-0000443,INST-0960-2600443,ANG-0000224,True,NIVF-9827850783,2026-03-22,2026-03-23,98499.99,pranuar,E_Vleftesuar,Miratuar,Po,R_Kaloi,2026-03-27,,J64103483H,FURN-000877,sherbim,30
FAT-0000444,INST-0960-2600444,ANG-0000224,True,NIVF-8050246390,2026-04-19,2026-04-20,161672.25,pranuar,E_Vleftesuar,Miratuar,Po,R_Kaloi,2026-04-25,,J64103483H,FURN-000877,sherbim,30
FAT-0000445,INST-0404-2600445,ANG-0000225,True,NIVF-8608079311,2026-02-04,2026-02-07,32210.44,pranuar,E_Vleftesuar,Miratuar,Po,R_Kaloi,2026-02-09,,K52115005W,FURN-000116,mall,30
FAT-0000446,INST-0404-2600446,ANG-0000225,True,NIVF-3925850372,2026-03-10,2026-03-14,301565.82,pranuar,E_Vleftesuar,Miratuar,Po,R_Kaloi,2026-03-18,,K52115005W,FURN-000116,mall,30
FAT-0000447,INST-0404-2600447,ANG-0000225,True,NIVF-4821956010,2026-04-07,2026-04-09,100973.75,pranuar,E_Vleftesuar,Miratuar,Po,R_Kaloi,2026-04-17,,K52115005W,FURN-000116,mall,30
FAT-0000448,INST-0404-2600448,ANG-0000226,True,NIVF-8027170038,2026-02-09,2026-02-09,94350.6,pranuar,E_Vleftesuar,Miratuar,Po,R_Kaloi,2026-02-11,,M67509801K,FURN-000296,mall,30
FAT-0000449,INST-0404-2600449,ANG-0000226,True,NIVF-2320465836,2026-03-10,2026-03-11,4838.4,pranuar,E_Vleftesuar,Miratuar,Po,R_Kaloi,2026-03-19,,M67509801K,FURN-000296,mall,30
FAT-0000450,INST-0175-2600450,ANG-0000227,True,NIVF-6533667054,2026-02-08,2026-02-11,283682.27,pranuar,E_Vleftesuar,Miratuar,Po,R_Kaloi,2026-02-19,,L71619028E,FURN-000226,pune,30
FAT-0000451,INST-0175-2600451,ANG-0000227,True,NIVF-8767310308,2026-03-18,2026-03-19,713831.64,pranuar,E_Vleftesuar,Miratuar,Po,R_Kaloi,2026-03-26,,L71619028E,FURN-000226,pune,30
FAT-0000452,INST-0175-2600452,ANG-0000227,True,NIVF-7264707126,2026-05-01,2026-05-04,672786.08,pranuar,E_Vleftesuar,Miratuar,Po,R_Kaloi,2026-05-09,,L71619028E,FURN-000226,pune,30
FAT-0000453,INST-0172-2600453,ANG-0000228,True,NIVF-7223435714,2026-02-12,2026-02-16,51074.37,pranuar,E_Vleftesuar,Miratuar,Po,R_Kaloi,2026-02-19,,M02313013G,FURN-000750,mall,30
FAT-0000454,INST-0172-2600454,ANG-0000228,True,NIVF-2083442354,2026-03-15,2026-03-15,15525.63,pranuar,E_Vleftesuar,Miratuar,Po,R_Kaloi,2026-03-19,,M02313013G,FURN-000750,mall,30
FAT-0000455,INST-0404-2600455,ANG-0000229,True,NIVF-3487329274,2026-02-07,2026-02-09,3616870.48,pranuar,E_Vleftesuar,Miratuar,Po,R_Kaloi,2026-02-10,,J91524502R,FURN-001780,mall,30
FAT-0000456,INST-0404-2600456,ANG-0000229,True,NIVF-7081201883,2026-03-09,2026-03-10,1829032.52,pranuar,E_Vleftesuar,Miratuar,Po,R_Kaloi,2026-03-12,,J91524502R,FURN-001780,mall,30
FAT-0000457,INST-0404-2600457,ANG-0000229,True,NIVF-3374281607,2026-04-02,2026-04-05,8188497.0,pranuar,E_Vleftesuar,Miratuar,Po,R_Kaloi,2026-04-09,,J91524502R,FURN-001780,mall,30
FAT-0000458,INST-0337-2600458,ANG-0000230,True,NIVF-2420089707,2026-02-11,2026-02-11,7023.57,pranuar,E_Vleftesuar,Miratuar,Po,R_Kaloi,2026-02-16,,J61912013U,FURN-002006,mall,30
FAT-0000459,INST-0337-2600459,ANG-0000230,True,NIVF-1260800960,2026-03-28,2026-03-30,4976.43,pranuar,E_Vleftesuar,Miratuar,Po,R_Kaloi,2026-04-01,,J61912013U,FURN-002006,mall,30
FAT-0000460,INST-0243-2600460,ANG-0000231,True,NIVF-2396889795,2026-02-12,2026-02-16,292.0,pranuar,E_Vleftesuar,Miratuar,Po,R_Kaloi,2026-02-23,,L11801011M,FURN-001874,pune,30
FAT-0000461,INST-0404-2600461,ANG-0000232,True,NIVF-1470591709,2026-02-08,2026-02-10,9970.02,pranuar,E_Vleftesuar,Miratuar,Po,R_Kaloi,2026-02-18,,K01515004T,FURN-000390,mall,30
FAT-0000462,INST-0404-2600462,ANG-0000232,True,NIVF-3974437943,2026-03-19,2026-03-23,10829.98,pranuar,E_Vleftesuar,Miratuar,Po,R_Kaloi,2026-03-26,,K01515004T,FURN-000390,mall,30
FAT-0000463,INST-0514-2600463,ANG-0000233,True,NIVF-5619266316,2026-02-01,2026-02-04,845348.44,pranuar,E_Vleftesuar,Miratuar,Po,R_Kaloi,2026-02-12,,L86322004V,FURN-001393,mall,30
FAT-0000464,INST-0514-2600464,ANG-0000233,True,NIVF-1685875649,2026-03-30,2026-03-31,89651.56,pranuar,E_Vleftesuar,Miratuar,Po,R_Kaloi,2026-04-05,,L86322004V,FURN-001393,mall,30
FAT-0000465,INST-0172-2600465,ANG-0000234,True,NIVF-5550282239,2026-02-12,2026-02-13,7761.35,pranuar,E_Vleftesuar,Miratuar,Po,R_Kaloi,2026-02-22,,K41420001V,FURN-000016,pune,30
FAT-0000466,INST-0172-2600466,ANG-0000234,True,NIVF-3906982408,2026-03-29,2026-04-02,82796.09,pranuar,E_Vleftesuar,Miratuar,Po,R_Kaloi,2026-04-07,,K41420001V,FURN-000016,pune,30
FAT-0000467,INST-0172-2600467,ANG-0000234,True,NIVF-6413730986,2026-04-22,2026-04-22,69642.57,pranuar,E_Vleftesuar,Miratuar,Po,R_Kaloi,2026-04-23,,K41420001V,FURN-000016,pune,30
FAT-0000468,INST-0391-2600468,ANG-0000235,True,NIVF-1757102288,2026-02-01,2026-02-05,240020.56,pranuar,E_Vleftesuar,Miratuar,Po,R_Kaloi,2026-02-14,,K51612031J,FURN-000015,mall,30
FAT-0000469,INST-0391-2600469,ANG-0000235,True,NIVF-3700232387,2026-03-15,2026-03-17,220979.44,pranuar,E_Vleftesuar,Miratuar,Po,R_Kaloi,2026-03-25,,K51612031J,FURN-000015,mall,30
FAT-0000470,INST-0133-2600470,ANG-0000236,True,NIVF-9680782667,2026-02-09,2026-02-09,99500.0,pranuar,E_Vleftesuar,Miratuar,Po,R_Kaloi,2026-02-15,,L64704601S,FURN-000261,pune,30
FAT-0000471,INST-0056-2600471,ANG-0000237,True,NIVF-5208881138,2026-02-11,2026-02-15,320400.0,pranuar,E_Vleftesuar,Miratuar,Po,R_Kaloi,2026-02-18,,K41420001V,FURN-000016,mall,30
FAT-0000472,INST-0165-2600472,ANG-0000238,True,NIVF-6671704383,2026-02-10,2026-02-13,220000.0,refuzuar,Kerkon_Rivleftesim,Refuzuar,Jo,,2026-02-18,Mungesë dokumentacioni mbështetës,M33120401S,FURN-002007,pune,30
FAT-0000473,INST-0404-2600473,ANG-0000239,True,NIVF-8949299477,2026-02-14,2026-02-15,179900.0,pranuar,E_Vleftesuar,Miratuar,Po,R_Kaloi,2026-02-21,,M12127026K,FURN-000085,mall,30
FAT-0000474,INST-0636-2600474,ANG-0000240,True,NIVF-6480649009,2026-02-06,2026-02-08,65500.0,pranuar,E_Vleftesuar,Miratuar,Po,R_Kaloi,2026-02-15,,K62320012O,FURN-000162,pune,30
FAT-0000475,INST-0172-2600475,ANG-0000241,True,NIVF-7386529048,2026-02-06,2026-02-08,328000.33,pranuar,E_Vleftesuar,Miratuar,Po,R_Kaloi,2026-02-12,,J62903750A,FURN-000010,mall,30
FAT-0000476,INST-0172-2600476,ANG-0000241,True,NIVF-1033841581,2026-03-13,2026-03-17,547401.94,pranuar,E_Vleftesuar,Miratuar,Po,R_Kaloi,2026-03-26,,J62903750A,FURN-000010,mall,30
FAT-0000477,INST-0172-2600477,ANG-0000241,True,NIVF-5890193554,2026-04-08,2026-04-09,74597.73,pranuar,E_Vleftesuar,Miratuar,Po,R_Kaloi,2026-04-16,,J62903750A,FURN-000010,mall,30
FAT-0000478,INST-0915-2600478,ANG-0000242,True,NIVF-3432226722,2026-02-05,2026-02-07,3663.16,pranuar,E_Vleftesuar,Miratuar,Po,R_Kaloi,2026-02-09,,L92511601A,FURN-001610,sherbim,30
FAT-0000479,INST-0915-2600479,ANG-0000242,True,NIVF-7767900172,2026-03-27,2026-03-29,56451.83,pranuar,E_Vleftesuar,Miratuar,Po,R_Kaloi,2026-04-03,,L92511601A,FURN-001610,sherbim,30
FAT-0000480,INST-0915-2600480,ANG-0000242,True,NIVF-3151625805,2026-05-23,2026-05-23,39885.01,pranuar,E_Vleftesuar,Miratuar,Po,R_Kaloi,2026-06-01,,L92511601A,FURN-001610,sherbim,30
FAT-0000481,INST-0148-2600481,ANG-0000243,True,NIVF-6290035256,2026-02-08,2026-02-10,915053.69,pranuar,E_Vleftesuar,Miratuar,Po,R_Kaloi,2026-02-15,,K01514009I,FURN-000519,sherbim,30
FAT-0000482,INST-0148-2600482,ANG-0000243,True,NIVF-8652028858,2026-03-11,2026-03-11,217338.35,pranuar,E_Vleftesuar,Miratuar,Po,R_Kaloi,2026-03-15,,K01514009I,FURN-000519,sherbim,30
FAT-0000483,INST-0148-2600483,ANG-0000243,True,NIVF-8663051325,2026-04-05,2026-04-07,1063607.96,pranuar,E_Vleftesuar,Miratuar,Po,R_Kaloi,2026-04-10,,K01514009I,FURN-000519,sherbim,30
FAT-0000484,INST-0621-2600484,ANG-0000244,True,NIVF-1296368407,2026-02-07,2026-02-08,1063.48,refuzuar,Kerkon_Rivleftesim,Refuzuar,Jo,,2026-02-17,Mungesë dokumentacioni mbështetës,K62320012O,FURN-000162,sherbim,30
FAT-0000485,INST-0621-2600485,ANG-0000244,True,NIVF-5182643777,2026-04-03,2026-04-04,16809.82,pranuar,E_Vleftesuar,Miratuar,Po,R_Kaloi,2026-04-06,,K62320012O,FURN-000162,sherbim,30
FAT-0000486,INST-0621-2600486,ANG-0000244,True,NIVF-3754054270,2026-05-06,2026-05-08,9626.7,pranuar,E_Vleftesuar,Miratuar,Po,R_Kaloi,2026-05-14,,K62320012O,FURN-000162,sherbim,30
FAT-0000487,INST-0621-2600487,ANG-0000245,True,NIVF-6143463660,2026-02-02,2026-02-06,31997.04,pranuar,E_Vleftesuar,Miratuar,Po,R_Kaloi,2026-02-11,,K41420001V,FURN-000016,sherbim,30
FAT-0000488,INST-0621-2600488,ANG-0000245,True,NIVF-4784384060,2026-03-31,2026-04-04,243702.96,pranuar,E_Vleftesuar,Miratuar,Po,R_Kaloi,2026-04-08,,K41420001V,FURN-000016,sherbim,30
FAT-0000489,INST-0215-2600489,ANG-0000246,True,NIVF-9567704986,2026-02-01,2026-02-02,54000.0,pranuar,E_Vleftesuar,Miratuar,Po,R_Kaloi,2026-02-08,,K51612031J,FURN-000015,sherbim,30
FAT-0000490,INST-0215-2600490,ANG-0000247,True,NIVF-7651784433,2026-02-07,2026-02-07,23987.9,pranuar,E_Vleftesuar,Miratuar,Po,R_Kaloi,2026-02-08,,L02904408M,FURN-000637,sherbim,30
FAT-0000491,INST-0215-2600491,ANG-0000247,True,NIVF-3130026748,2026-03-14,2026-03-16,73611.86,pranuar,E_Vleftesuar,Miratuar,Po,R_Kaloi,2026-03-17,,L02904408M,FURN-000637,sherbim,30
FAT-0000492,INST-0215-2600492,ANG-0000247,True,NIVF-2968160837,2026-05-10,2026-05-14,1400.23,refuzuar,Kerkon_Rivleftesim,Refuzuar,Jo,,2026-05-23,Mungesë dokumentacioni mbështetës,L02904408M,FURN-000637,sherbim,30
FAT-0000493,INST-0215-2600493,ANG-0000248,True,NIVF-6733834085,2026-02-05,2026-02-06,0.0,pranuar,E_Vleftesuar,Miratuar,Po,R_Kaloi,2026-02-10,,,,sherbim,30
FAT-0000494,INST-0215-2600494,ANG-0000249,True,NIVF-3332446645,2026-02-07,2026-02-08,76824.05,pranuar,E_Vleftesuar,Miratuar,Po,R_Kaloi,2026-02-11,,L41517001K,FURN-001939,sherbim,30
FAT-0000495,INST-0215-2600495,ANG-0000249,True,NIVF-7947362832,2026-03-06,2026-03-06,22842.62,refuzuar,Kerkon_Rivleftesim,Refuzuar,Jo,,2026-03-12,Gabim në shumën e faturuar,L41517001K,FURN-001939,sherbim,30
FAT-0000496,INST-0915-2600496,ANG-0000250,True,NIVF-8566883905,2026-02-08,2026-02-09,5764545.05,pranuar,E_Vleftesuar,Miratuar,Po,R_Kaloi,2026-02-13,,J81624501L,FURN-000405,mall,30
FAT-0000497,INST-0915-2600497,ANG-0000250,True,NIVF-3934464705,2026-03-02,2026-03-04,1180154.95,pranuar,E_Vleftesuar,Miratuar,Po,R_Kaloi,2026-03-11,,J81624501L,FURN-000405,mall,30
FAT-0000498,INST-0915-2600498,ANG-0000251,True,NIVF-4741295693,2026-02-10,2026-02-12,9965.01,pranuar,E_Vleftesuar,Miratuar,Po,R_Kaloi,2026-02-20,,M52311039R,FURN-000386,mall,30
FAT-0000499,INST-0915-2600499,ANG-0000251,True,NIVF-8375647006,2026-03-13,2026-03-16,98834.99,pranuar,E_Vleftesuar,Miratuar,Po,R_Kaloi,2026-03-17,,M52311039R,FURN-000386,mall,30
FAT-0000500,INST-0915-2600500,ANG-0000252,True,NIVF-9901175636,2026-02-03,2026-02-04,43618.16,pranuar,E_Vleftesuar,Miratuar,Po,R_Kaloi,2026-02-08,,K41420001V,FURN-000016,mall,30
FAT-0000501,INST-0915-2600501,ANG-0000252,True,NIVF-4742426590,2026-02-27,2026-03-02,6381.84,pranuar,E_Vleftesuar,Miratuar,Po,R_Kaloi,2026-03-11,,K41420001V,FURN-000016,mall,30
FAT-0000502,INST-0915-2600502,ANG-0000253,True,NIVF-1708296073,2026-02-02,2026-02-02,296457.16,pranuar,E_Vleftesuar,Miratuar,Po,R_Kaloi,2026-02-08,,K36504231J,FURN-001810,mall,30
FAT-0000503,INST-0915-2600503,ANG-0000253,True,NIVF-4958646245,2026-03-20,2026-03-24,424742.17,pranuar,E_Vleftesuar,Miratuar,Po,R_Kaloi,2026-03-29,,K36504231J,FURN-001810,mall,30
FAT-0000504,INST-0915-2600504,ANG-0000253,True,NIVF-2200506997,2026-04-18,2026-04-21,28800.67,pranuar,E_Vleftesuar,Miratuar,Po,R_Kaloi,2026-04-25,,K36504231J,FURN-001810,mall,30
FAT-0000505,INST-0915-2600505,ANG-0000254,True,NIVF-1722571106,2026-02-10,2026-02-10,120596.61,pranuar,E_Vleftesuar,Miratuar,Po,R_Kaloi,2026-02-16,,J62903750A,FURN-000010,mall,30
FAT-0000506,INST-0915-2600506,ANG-0000254,True,NIVF-8519047843,2026-03-28,2026-03-30,46403.39,pranuar,E_Vleftesuar,Miratuar,Po,R_Kaloi,2026-04-03,,J62903750A,FURN-000010,mall,30
FAT-0000507,INST-0915-2600507,ANG-0000255,True,NIVF-2992345564,2026-02-06,2026-02-09,9208.41,pranuar,E_Vleftesuar,Miratuar,Po,R_Kaloi,2026-02-14,,M21307517P,FURN-000433,mall,30
FAT-0000508,INST-0915-2600508,ANG-0000255,True,NIVF-7013673298,2026-03-28,2026-03-31,99663.9,pranuar,E_Vleftesuar,Miratuar,Po,R_Kaloi,2026-04-04,,M21307517P,FURN-000433,mall,30
FAT-0000509,INST-0915-2600509,ANG-0000255,True,NIVF-2997523291,2026-05-20,2026-05-21,10247.69,pranuar,E_Vleftesuar,Miratuar,Po,R_Kaloi,2026-05-30,,M21307517P,FURN-000433,mall,30
FAT-0000510,INST-0853-2600510,ANG-0000256,True,NIVF-2812679350,2026-02-08,2026-02-11,40632.54,pranuar,E_Vleftesuar,Miratuar,Po,R_Kaloi,2026-02-19,,M21307517P,FURN-000433,sherbim,30
FAT-0000511,INST-0853-2600511,ANG-0000256,True,NIVF-6556020115,2026-03-17,2026-03-20,82416.48,refuzuar,Kerkon_Rivleftesim,Refuzuar,Jo,,2026-03-27,Gabim në shumën e faturuar,M21307517P,FURN-000433,sherbim,30
FAT-0000512,INST-0853-2600512,ANG-0000256,True,NIVF-2112558566,2026-05-08,2026-05-09,36070.98,pranuar,E_Vleftesuar,Miratuar,Po,R_Kaloi,2026-05-12,,M21307517P,FURN-000433,sherbim,30
FAT-0000513,INST-0853-2600513,ANG-0000257,True,NIVF-5268511700,2026-02-14,2026-02-17,3259.38,pranuar,E_Vleftesuar,Miratuar,Po,R_Kaloi,2026-02-23,,K71616042A,FURN-000801,sherbim,30
FAT-0000514,INST-0853-2600514,ANG-0000257,True,NIVF-6819204010,2026-03-27,2026-03-29,6390.62,pranuar,E_Vleftesuar,Miratuar,Po,R_Kaloi,2026-04-01,,K71616042A,FURN-000801,sherbim,30
FAT-0000515,INST-0853-2600515,ANG-0000258,True,NIVF-5129443387,2026-02-01,2026-02-05,8300.0,pranuar,E_Vleftesuar,Miratuar,Po,R_Kaloi,2026-02-11,,K71616042A,FURN-000801,sherbim,30
FAT-0000516,INST-0163-2600516,ANG-0000259,True,NIVF-6346764003,2026-02-10,2026-02-10,49606.31,pranuar,E_Vleftesuar,Miratuar,Po,R_Kaloi,2026-02-17,,L51611004I,FURN-000309,mall,30
FAT-0000517,INST-0163-2600517,ANG-0000259,True,NIVF-9008365807,2026-04-10,2026-04-10,254729.53,pranuar,E_Vleftesuar,Miratuar,Po,R_Kaloi,2026-04-11,,L51611004I,FURN-000309,mall,30
FAT-0000518,INST-0163-2600518,ANG-0000259,True,NIVF-6872887969,2026-05-30,2026-06-02,440464.15,pranuar,E_Vleftesuar,Miratuar,Po,R_Kaloi,2026-06-11,,L51611004I,FURN-000309,mall,30
FAT-0000519,INST-0394-2600519,ANG-0000260,True,NIVF-5088799302,2026-02-12,2026-02-16,91152.95,pranuar,E_Vleftesuar,Miratuar,Po,R_Kaloi,2026-02-19,,J63423463I,FURN-000406,sherbim,30
FAT-0000520,INST-0394-2600520,ANG-0000260,True,NIVF-9454956024,2026-03-29,2026-03-30,389427.56,pranuar,E_Vleftesuar,Miratuar,Po,R_Kaloi,2026-03-31,,J63423463I,FURN-000406,sherbim,30
FAT-0000521,INST-0394-2600521,ANG-0000260,True,NIVF-8189716936,2026-04-24,2026-04-25,506919.49,refuzuar,Kerkon_Rivleftesim,Refuzuar,Jo,,2026-05-03,Fiskalizim i pavlefshëm,J63423463I,FURN-000406,sherbim,30
FAT-0000522,INST-0404-2600522,ANG-0000261,True,NIVF-3119339274,2026-02-08,2026-02-11,295000.0,pranuar,E_Vleftesuar,Miratuar,Po,R_Kaloi,2026-02-20,,K21912001R,FURN-000018,sherbim,30
FAT-0000523,INST-0566-2600523,ANG-0000262,True,NIVF-8816401481,2026-02-07,2026-02-09,80465.82,pranuar,E_Vleftesuar,Miratuar,Po,R_Kaloi,2026-02-18,,M52213505B,FURN-000426,mall,30
FAT-0000524,INST-0566-2600524,ANG-0000262,True,NIVF-5059971703,2026-04-06,2026-04-09,119498.68,pranuar,E_Vleftesuar,Miratuar,Po,R_Kaloi,2026-04-14,,M52213505B,FURN-000426,mall,30
FAT-0000525,INST-0645-2600525,ANG-0000263,True,NIVF-3663653863,2026-02-15,2026-02-15,1926218.95,pranuar,E_Vleftesuar,Miratuar,Po,R_Kaloi,2026-02-19,,K13001010G,FURN-001230,mall,30
FAT-0000526,INST-0645-2600526,ANG-0000263,True,NIVF-9689830259,2026-03-12,2026-03-12,151478.05,pranuar,E_Vleftesuar,Miratuar,Po,R_Kaloi,2026-03-18,,K13001010G,FURN-001230,mall,30
FAT-0000527,INST-0023-2600527,ANG-0000264,True,NIVF-6338719232,2026-02-11,2026-02-11,156750.0,pranuar,E_Vleftesuar,Miratuar,Po,R_Kaloi,2026-02-15,,K91530017T,FURN-000032,sherbim,30
FAT-0000528,INST-0215-2600528,ANG-0000265,True,NIVF-6283557551,2026-02-10,2026-02-13,6708.74,pranuar,E_Vleftesuar,Miratuar,Po,R_Kaloi,2026-02-17,,M41925020A,FURN-001404,mall,30
FAT-0000529,INST-0215-2600529,ANG-0000265,True,NIVF-9262567657,2026-03-14,2026-03-14,90291.26,pranuar,E_Vleftesuar,Miratuar,Po,R_Kaloi,2026-03-17,,M41925020A,FURN-001404,mall,30
FAT-0000530,INST-0157-2600530,ANG-0000266,True,NIVF-4029219501,2026-02-11,2026-02-12,49500.0,pranuar,E_Vleftesuar,Miratuar,Po,R_Kaloi,2026-02-21,,K21405001N,FURN-000404,pune,30
FAT-0000531,INST-0122-2600531,ANG-0000267,True,NIVF-1874909517,2026-02-10,2026-02-10,0.0,pranuar,E_Vleftesuar,Miratuar,Po,R_Kaloi,2026-02-19,,,,mall,30
FAT-0000532,INST-0122-2600532,ANG-0000267,True,NIVF-6585496275,2026-03-21,2026-03-24,0.0,refuzuar,Kerkon_Rivleftesim,Refuzuar,Jo,,2026-04-01,Mungesë dokumentacioni mbështetës,,,mall,30
FAT-0000533,INST-0168-2600533,ANG-0000268,True,NIVF-5592884593,2026-02-06,2026-02-06,52200.0,pranuar,E_Vleftesuar,Miratuar,Po,R_Kaloi,2026-02-12,,K21405001N,FURN-000404,pune,30
FAT-0000534,INST-0168-2600534,ANG-0000269,True,NIVF-5237641435,2026-02-10,2026-02-10,381150.0,pranuar,E_Vleftesuar,Miratuar,Po,R_Kaloi,2026-02-12,,K91530017T,FURN-000032,pune,30
FAT-0000535,INST-0555-2600535,ANG-0000270,True,NIVF-5047960486,2026-02-14,2026-02-15,2887266.71,pranuar,E_Vleftesuar,Miratuar,Po,R_Kaloi,2026-02-19,,L61418501V,FURN-001955,pune,30
FAT-0000536,INST-0555-2600536,ANG-0000270,True,NIVF-3810729479,2026-03-21,2026-03-21,3021733.29,pranuar,E_Vleftesuar,Miratuar,Po,R_Kaloi,2026-03-28,,L61418501V,FURN-001955,pune,30
FAT-0000537,INST-0023-2600537,ANG-0000271,True,NIVF-1360962721,2026-02-11,2026-02-12,69965.04,refuzuar,Kerkon_Rivleftesim,Refuzuar,Jo,,2026-02-20,Gabim në shumën e faturuar,J91809007H,FURN-000028,sherbim,30
FAT-0000538,INST-0023-2600538,ANG-0000271,True,NIVF-1406652391,2026-04-01,2026-04-03,229034.96,pranuar,E_Vleftesuar,Miratuar,Po,R_Kaloi,2026-04-12,,J91809007H,FURN-000028,sherbim,30
FAT-0000539,INST-0396-2600539,ANG-0000272,True,NIVF-7088812560,2026-02-11,2026-02-13,186373.1,pranuar,E_Vleftesuar,Miratuar,Po,R_Kaloi,2026-02-22,,K32514943B,FURN-002008,mall,30
FAT-0000540,INST-0396-2600540,ANG-0000272,True,NIVF-9196026376,2026-03-29,2026-03-30,173625.9,refuzuar,Kerkon_Rivleftesim,Refuzuar,Jo,,2026-04-08,Mospërputhje me kontratën,K32514943B,FURN-002008,mall,30
FAT-0000541,INST-0396-2600541,ANG-0000273,True,NIVF-7933478362,2026-02-10,2026-02-10,385187.96,pranuar,E_Vleftesuar,Miratuar,Po,R_Kaloi,2026-02-12,,J67902827A,FURN-000724,mall,30
FAT-0000542,INST-0396-2600542,ANG-0000273,True,NIVF-8347095089,2026-03-26,2026-03-29,256662.04,pranuar,E_Vleftesuar,Miratuar,Po,R_Kaloi,2026-03-31,,J67902827A,FURN-000724,mall,30
FAT-0000543,INST-0915-2600543,ANG-0000274,True,NIVF-5451679724,2026-02-09,2026-02-10,7324.36,pranuar,E_Vleftesuar,Miratuar,Po,R_Kaloi,2026-02-19,,M01321501F,FURN-000205,sherbim,30
FAT-0000544,INST-0915-2600544,ANG-0000274,True,NIVF-8989878693,2026-03-11,2026-03-14,8637.98,pranuar,E_Vleftesuar,Miratuar,Po,R_Kaloi,2026-03-17,,M01321501F,FURN-000205,sherbim,30
FAT-0000545,INST-0915-2600545,ANG-0000274,True,NIVF-2488103984,2026-04-12,2026-04-12,83903.66,refuzuar,Kerkon_Rivleftesim,Refuzuar,Jo,,2026-04-14,Fiskalizim i pavlefshëm,M01321501F,FURN-000205,sherbim,30
FAT-0000546,INST-0156-2600546,ANG-0000275,True,NIVF-8807036052,2026-02-02,2026-02-05,5319549.85,pranuar,E_Vleftesuar,Miratuar,Po,R_Kaloi,2026-02-09,,K02727229P,FURN-001539,pune,30
FAT-0000547,INST-0156-2600547,ANG-0000275,True,NIVF-7577413248,2026-03-31,2026-04-04,936400.53,pranuar,E_Vleftesuar,Miratuar,Po,R_Kaloi,2026-04-13,,K02727229P,FURN-001539,pune,30
FAT-0000548,INST-0156-2600548,ANG-0000275,True,NIVF-4553288744,2026-04-23,2026-04-27,397099.62,pranuar,E_Vleftesuar,Miratuar,Po,R_Kaloi,2026-05-05,,K02727229P,FURN-001539,pune,30
FAT-0000549,INST-0144-2600549,ANG-0000276,True,NIVF-1510537773,2026-02-10,2026-02-11,666000.0,pranuar,E_Vleftesuar,Miratuar,Po,R_Kaloi,2026-02-15,,M43520402Q,FURN-001882,mall,30
FAT-0000550,INST-0532-2600550,ANG-0000277,True,NIVF-1713016642,2026-02-06,2026-02-06,274579.04,pranuar,E_Vleftesuar,Miratuar,Po,R_Kaloi,2026-02-11,,L61814009B,FURN-001056,sherbim,30
FAT-0000551,INST-0532-2600551,ANG-0000277,True,NIVF-2659467509,2026-03-20,2026-03-22,182547.11,pranuar,E_Vleftesuar,Miratuar,Po,R_Kaloi,2026-03-25,,L61814009B,FURN-001056,sherbim,30
FAT-0000552,INST-0532-2600552,ANG-0000277,True,NIVF-7207437881,2026-04-18,2026-04-18,492873.86,pranuar,E_Vleftesuar,Miratuar,Po,R_Kaloi,2026-04-24,,L61814009B,FURN-001056,sherbim,30
FAT-0000553,INST-0919-2600553,ANG-0000278,True,NIVF-9238293209,2026-02-15,2026-02-19,24200.0,pranuar,E_Vleftesuar,Miratuar,Po,R_Kaloi,2026-02-21,,K62320012O,FURN-000162,mall,30
FAT-0000554,INST-0915-2600554,ANG-0000279,True,NIVF-4194951466,2026-02-09,2026-02-11,4879.01,refuzuar,Kerkon_Rivleftesim,Refuzuar,Jo,,2026-02-19,Mospërputhje me kontratën,K62320012O,FURN-000162,sherbim,30
FAT-0000555,INST-0915-2600555,ANG-0000279,True,NIVF-5089258002,2026-03-25,2026-03-26,2120.99,pranuar,E_Vleftesuar,Miratuar,Po,R_Kaloi,2026-03-28,,K62320012O,FURN-000162,sherbim,30
FAT-0000556,INST-0157-2600556,ANG-0000280,True,NIVF-4218401220,2026-02-11,2026-02-15,9548.32,pranuar,E_Vleftesuar,Miratuar,Po,R_Kaloi,2026-02-21,,K51914014P,FURN-000152,pune,30
FAT-0000557,INST-0157-2600557,ANG-0000280,True,NIVF-2918127007,2026-03-10,2026-03-10,381.62,refuzuar,Kerkon_Rivleftesim,Refuzuar,Jo,,2026-03-17,Mospërputhje me kontratën,K51914014P,FURN-000152,pune,30
FAT-0000558,INST-0157-2600558,ANG-0000280,True,NIVF-2926686760,2026-05-01,2026-05-04,20399.06,pranuar,E_Vleftesuar,Miratuar,Po,R_Kaloi,2026-05-11,,K51914014P,FURN-000152,pune,30
FAT-0000559,INST-0404-2600559,ANG-0000281,True,NIVF-7026917711,2026-02-05,2026-02-05,45500.0,pranuar,E_Vleftesuar,Miratuar,Po,R_Kaloi,2026-02-07,,K62320012O,FURN-000162,sherbim,30
FAT-0000560,INST-0404-2600560,ANG-0000282,True,NIVF-2932053543,2026-02-10,2026-02-13,4336.0,pranuar,E_Vleftesuar,Miratuar,Po,R_Kaloi,2026-02-21,,K31503045V,FURN-000036,mall,30
FAT-0000561,INST-0404-2600561,ANG-0000283,True,NIVF-3000792633,2026-02-04,2026-02-07,9.75,pranuar,E_Vleftesuar,Miratuar,Po,R_Kaloi,2026-02-09,,L52028093R,FURN-000578,mall,30
FAT-0000562,INST-0404-2600562,ANG-0000283,True,NIVF-9268444967,2026-03-16,2026-03-19,15.67,pranuar,E_Vleftesuar,Miratuar,Po,R_Kaloi,2026-03-25,,L52028093R,FURN-000578,mall,30
FAT-0000563,INST-0154-2600563,ANG-0000284,True,NIVF-7323871935,2026-02-03,2026-02-05,629033.64,pranuar,E_Vleftesuar,Miratuar,Po,R_Kaloi,2026-02-07,,K19303605O,FURN-001512,mall,30
FAT-0000564,INST-0154-2600564,ANG-0000284,True,NIVF-7425918978,2026-03-29,2026-04-02,158649.36,pranuar,E_Vleftesuar,Miratuar,Po,R_Kaloi,2026-04-07,,K19303605O,FURN-001512,mall,30
FAT-0000565,INST-0554-2600565,ANG-0000285,True,NIVF-2364832049,2026-02-10,2026-02-13,23056.73,pranuar,E_Vleftesuar,Miratuar,Po,R_Kaloi,2026-02-22,,K31523078F,FURN-001662,mall,30
FAT-0000566,INST-0554-2600566,ANG-0000285,True,NIVF-8273048509,2026-04-08,2026-04-10,55172.96,pranuar,E_Vleftesuar,Miratuar,Po,R_Kaloi,2026-04-18,,K31523078F,FURN-001662,mall,30
FAT-0000567,INST-0554-2600567,ANG-0000285,True,NIVF-1816019262,2026-06-05,2026-06-07,19570.3,pranuar,E_Vleftesuar,Miratuar,Po,R_Kaloi,2026-06-13,,K31523078F,FURN-001662,mall,30
FAT-0000568,INST-0554-2600568,ANG-0000286,True,NIVF-2865021024,2026-02-03,2026-02-07,8870.63,refuzuar,Kerkon_Rivleftesim,Refuzuar,Jo,,2026-02-12,Mungesë dokumentacioni mbështetës,L01305031H,FURN-001865,mall,30
FAT-0000569,INST-0554-2600569,ANG-0000286,True,NIVF-3515284915,2026-03-01,2026-03-03,6169.69,pranuar,E_Vleftesuar,Miratuar,Po,R_Kaloi,2026-03-10,,L01305031H,FURN-001865,mall,30
FAT-0000570,INST-0554-2600570,ANG-0000286,True,NIVF-6136489744,2026-03-29,2026-03-29,5449.67,pranuar,E_Vleftesuar,Miratuar,Po,R_Kaloi,2026-04-05,,L01305031H,FURN-001865,mall,30
FAT-0000571,INST-0554-2600571,ANG-0000287,True,NIVF-8236444401,2026-02-04,2026-02-07,174000.0,pranuar,E_Vleftesuar,Miratuar,Po,R_Kaloi,2026-02-13,,K11715005L,FURN-000108,mall,30
FAT-0000572,INST-0554-2600572,ANG-0000288,True,NIVF-3827335334,2026-02-03,2026-02-07,1240668.5,refuzuar,Kerkon_Rivleftesim,Refuzuar,Jo,,2026-02-15,Mungesë dokumentacioni mbështetës,L52222034F,FURN-000741,mall,30
FAT-0000573,INST-0554-2600573,ANG-0000288,True,NIVF-6910866468,2026-03-26,2026-03-26,71331.5,pranuar,E_Vleftesuar,Miratuar,Po,R_Kaloi,2026-03-27,,L52222034F,FURN-000741,mall,30
FAT-0000574,INST-0554-2600574,ANG-0000289,True,NIVF-7814810281,2026-02-05,2026-02-09,105620.99,pranuar,E_Vleftesuar,Miratuar,Po,R_Kaloi,2026-02-11,,K92201080V,FURN-000119,mall,30
FAT-0000575,INST-0554-2600575,ANG-0000289,True,NIVF-4730680496,2026-04-02,2026-04-04,374379.01,pranuar,E_Vleftesuar,Miratuar,Po,R_Kaloi,2026-04-07,,K92201080V,FURN-000119,mall,30
FAT-0000576,INST-0554-2600576,ANG-0000290,True,NIVF-8876939924,2026-02-04,2026-02-04,71246.66,refuzuar,Kerkon_Rivleftesim,Refuzuar,Jo,,2026-02-08,Mungesë dokumentacioni mbështetës,L53506205E,FURN-001351,mall,30
FAT-0000577,INST-0554-2600577,ANG-0000290,True,NIVF-1041172163,2026-03-22,2026-03-25,23913.88,pranuar,E_Vleftesuar,Miratuar,Po,R_Kaloi,2026-04-03,,L53506205E,FURN-001351,mall,30
FAT-0000578,INST-0554-2600578,ANG-0000290,True,NIVF-5876197686,2026-05-10,2026-05-14,2039.46,pranuar,E_Vleftesuar,Miratuar,Po,R_Kaloi,2026-05-18,,L53506205E,FURN-001351,mall,30
FAT-0000579,INST-0554-2600579,ANG-0000291,True,NIVF-8160431924,2026-02-08,2026-02-10,368293.59,refuzuar,Kerkon_Rivleftesim,Refuzuar,Jo,,2026-02-13,Fiskalizim i pavlefshëm,L27606201D,FURN-000087,mall,30
FAT-0000580,INST-0554-2600580,ANG-0000291,True,NIVF-9180667201,2026-03-19,2026-03-22,243806.41,pranuar,E_Vleftesuar,Miratuar,Po,R_Kaloi,2026-03-29,,L27606201D,FURN-000087,mall,30
FAT-0000581,INST-0554-2600581,ANG-0000292,True,NIVF-8287344967,2026-02-14,2026-02-17,162350.0,pranuar,E_Vleftesuar,Miratuar,Po,R_Kaloi,2026-02-19,,J62426002Q,FURN-000236,mall,30
FAT-0000582,INST-0554-2600582,ANG-0000293,True,NIVF-7133941097,2026-02-08,2026-02-11,323084.47,refuzuar,Kerkon_Rivleftesim,Refuzuar,Jo,,2026-02-16,Mungesë dokumentacioni mbështetës,L42921001V,FURN-001169,mall,30
FAT-0000583,INST-0554-2600583,ANG-0000293,True,NIVF-1537130242,2026-03-22,2026-03-26,413215.53,pranuar,E_Vleftesuar,Miratuar,Po,R_Kaloi,2026-04-04,,L42921001V,FURN-001169,mall,30
FAT-0000584,INST-0554-2600584,ANG-0000294,True,NIVF-8705902948,2026-02-14,2026-02-16,3249.96,pranuar,E_Vleftesuar,Miratuar,Po,R_Kaloi,2026-02-22,,K52505401W,FURN-000690,mall,30
FAT-0000585,INST-0554-2600585,ANG-0000294,True,NIVF-9281048200,2026-03-09,2026-03-13,40012.48,pranuar,E_Vleftesuar,Miratuar,Po,R_Kaloi,2026-03-15,,K52505401W,FURN-000690,mall,30
FAT-0000586,INST-0554-2600586,ANG-0000294,True,NIVF-3097313294,2026-04-24,2026-04-26,56737.56,pranuar,E_Vleftesuar,Miratuar,Po,R_Kaloi,2026-04-28,,K52505401W,FURN-000690,mall,30
FAT-0000587,INST-0554-2600587,ANG-0000295,True,NIVF-3516027046,2026-02-12,2026-02-13,10000.0,pranuar,E_Vleftesuar,Miratuar,Po,R_Kaloi,2026-02-18,,K11715005L,FURN-000108,mall,30
FAT-0000588,INST-0554-2600588,ANG-0000296,True,NIVF-9516575146,2026-02-11,2026-02-15,54202.75,pranuar,E_Vleftesuar,Miratuar,Po,R_Kaloi,2026-02-21,,L28029301Q,FURN-000443,mall,30
FAT-0000589,INST-0554-2600589,ANG-0000296,True,NIVF-6041236547,2026-04-02,2026-04-04,173297.25,pranuar,E_Vleftesuar,Miratuar,Po,R_Kaloi,2026-04-12,,L28029301Q,FURN-000443,mall,30
FAT-0000590,INST-0554-2600590,ANG-0000297,True,NIVF-3671056728,2026-02-13,2026-02-17,99700.0,pranuar,E_Vleftesuar,Miratuar,Po,R_Kaloi,2026-02-18,,M22723402K,FURN-001622,mall,30
FAT-0000591,INST-0554-2600591,ANG-0000298,True,NIVF-4094830986,2026-02-02,2026-02-02,58209.34,pranuar,E_Vleftesuar,Miratuar,Po,R_Kaloi,2026-02-11,,M01418021A,FURN-001896,mall,30
FAT-0000592,INST-0554-2600592,ANG-0000298,True,NIVF-3120808585,2026-03-26,2026-03-26,27128.98,pranuar,E_Vleftesuar,Miratuar,Po,R_Kaloi,2026-03-27,,M01418021A,FURN-001896,mall,30
FAT-0000593,INST-0554-2600593,ANG-0000298,True,NIVF-7918303906,2026-04-21,2026-04-24,5161.67,pranuar,E_Vleftesuar,Miratuar,Po,R_Kaloi,2026-04-28,,M01418021A,FURN-001896,mall,30
FAT-0000594,INST-0554-2600594,ANG-0000299,True,NIVF-6110477400,2026-02-15,2026-02-19,14329.09,pranuar,E_Vleftesuar,Miratuar,Po,R_Kaloi,2026-02-27,,J61814110J,FURN-000172,mall,30
FAT-0000595,INST-0554-2600595,ANG-0000299,True,NIVF-3765909677,2026-03-21,2026-03-21,3270.91,pranuar,E_Vleftesuar,Miratuar,Po,R_Kaloi,2026-03-24,,J61814110J,FURN-000172,mall,30
FAT-0000596,INST-0554-2600596,ANG-0000300,True,NIVF-3343811157,2026-02-05,2026-02-09,95590.0,pranuar,E_Vleftesuar,Miratuar,Po,R_Kaloi,2026-02-14,,L81704016C,FURN-001895,mall,30
FAT-0000597,INST-0242-2600597,ANG-0000301,True,NIVF-7648973679,2026-02-14,2026-02-16,4.3,pranuar,E_Vleftesuar,Miratuar,Po,R_Kaloi,2026-02-23,,K42317002N,FURN-001953,pune,30
FAT-0000598,INST-0242-2600598,ANG-0000301,True,NIVF-5564516524,2026-03-06,2026-03-06,1.12,pranuar,E_Vleftesuar,Miratuar,Po,R_Kaloi,2026-03-08,,K42317002N,FURN-001953,pune,30
FAT-0000599,INST-0988-2600599,ANG-0000302,True,NIVF-4289528134,2026-02-06,2026-02-07,689000.0,pranuar,E_Vleftesuar,Miratuar,Po,R_Kaloi,2026-02-11,,M12506803T,FURN-000497,mall,30
FAT-0000600,INST-0985-2600600,ANG-0000303,True,NIVF-4116139800,2026-02-14,2026-02-14,20.36,pranuar,E_Vleftesuar,Miratuar,Po,R_Kaloi,2026-02-23,,K06605226B,FURN-000765,mall,30
FAT-0000601,INST-0985-2600601,ANG-0000303,True,NIVF-4449738934,2026-04-12,2026-04-14,2.49,pranuar,E_Vleftesuar,Miratuar,Po,R_Kaloi,2026-04-16,,K06605226B,FURN-000765,mall,30
FAT-0000602,INST-0985-2600602,ANG-0000303,True,NIVF-8778522085,2026-06-06,2026-06-09,0.44,pranuar,E_Vleftesuar,Miratuar,Po,R_Kaloi,2026-06-17,,K06605226B,FURN-000765,mall,30
FAT-0000603,INST-0023-2600603,ANG-0000304,True,NIVF-2792674593,2026-02-09,2026-02-12,284000.0,refuzuar,Kerkon_Rivleftesim,Refuzuar,Jo,,2026-02-14,Gabim në shumën e faturuar,K31528061N,FURN-000306,sherbim,30
FAT-0000604,INST-0144-2600604,ANG-0000305,True,NIVF-3829298278,2026-02-04,2026-02-05,5630.87,pranuar,E_Vleftesuar,Miratuar,Po,R_Kaloi,2026-02-14,,M51616018E,FURN-001910,sherbim,30
FAT-0000605,INST-0144-2600605,ANG-0000305,True,NIVF-4274889007,2026-03-22,2026-03-25,19369.15,pranuar,E_Vleftesuar,Miratuar,Po,R_Kaloi,2026-04-01,,M51616018E,FURN-001910,sherbim,30
FAT-0000606,INST-0172-2600606,ANG-0000306,True,NIVF-9961518164,2026-02-14,2026-02-17,43337.11,pranuar,E_Vleftesuar,Miratuar,Po,R_Kaloi,2026-02-23,,K41425042N,FURN-001794,pune,30
FAT-0000607,INST-0172-2600607,ANG-0000306,True,NIVF-9346247902,2026-03-07,2026-03-11,26662.89,pranuar,E_Vleftesuar,Miratuar,Po,R_Kaloi,2026-03-16,,K41425042N,FURN-001794,pune,30
FAT-0000608,INST-0334-2600608,ANG-0000307,True,NIVF-4840307748,2026-02-04,2026-02-06,56201.62,pranuar,E_Vleftesuar,Miratuar,Po,R_Kaloi,2026-02-14,,J62426002Q,FURN-000236,pune,30
FAT-0000609,INST-0334-2600609,ANG-0000307,True,NIVF-6967147184,2026-03-02,2026-03-05,13898.38,pranuar,E_Vleftesuar,Miratuar,Po,R_Kaloi,2026-03-14,,J62426002Q,FURN-000236,pune,30
FAT-0000610,INST-0061-2600610,ANG-0000308,True,NIVF-5150163708,2026-02-11,2026-02-12,20366.0,pranuar,E_Vleftesuar,Miratuar,Po,R_Kaloi,2026-02-15,,L21319037M,FURN-000043,mall,30
FAT-0000611,INST-0555-2600611,ANG-0000309,True,NIVF-8771160953,2026-02-04,2026-02-04,306508.8,pranuar,E_Vleftesuar,Miratuar,Po,R_Kaloi,2026-02-13,,K62202046U,FURN-000341,pune,30
FAT-0000612,INST-0154-2600612,ANG-0000310,True,NIVF-8629413972,2026-02-04,2026-02-05,8969.56,pranuar,E_Vleftesuar,Miratuar,Po,R_Kaloi,2026-02-12,,L01508026P,FURN-000052,pune,30
FAT-0000613,INST-0154-2600613,ANG-0000310,True,NIVF-9402439800,2026-03-04,2026-03-05,3130.44,pranuar,E_Vleftesuar,Miratuar,Po,R_Kaloi,2026-03-10,,L01508026P,FURN-000052,pune,30
FAT-0000614,INST-0645-2600614,ANG-0000311,True,NIVF-1515742350,2026-02-09,2026-02-10,7384.2,pranuar,E_Vleftesuar,Miratuar,Po,R_Kaloi,2026-02-13,,L34603402D,FURN-001408,mall,30
FAT-0000615,INST-0645-2600615,ANG-0000311,True,NIVF-2284248018,2026-03-29,2026-04-02,1550.88,pranuar,E_Vleftesuar,Miratuar,Po,R_Kaloi,2026-04-04,,L34603402D,FURN-001408,mall,30
FAT-0000616,INST-0645-2600616,ANG-0000311,True,NIVF-3582140386,2026-04-20,2026-04-24,64.92,pranuar,E_Vleftesuar,Miratuar,Po,R_Kaloi,2026-05-03,,L34603402D,FURN-001408,mall,30
FAT-0000617,INST-0138-2600617,ANG-0000312,True,NIVF-6324673542,2026-02-16,2026-02-19,4329.32,pranuar,E_Vleftesuar,Miratuar,Po,R_Kaloi,2026-02-26,,K71819029R,FURN-000736,mall,30
FAT-0000618,INST-0138-2600618,ANG-0000312,True,NIVF-2991270553,2026-03-28,2026-03-30,8170.68,refuzuar,Kerkon_Rivleftesim,Refuzuar,Jo,,2026-04-01,Fiskalizim i pavlefshëm,K71819029R,FURN-000736,mall,30
FAT-0000619,INST-1006-2600619,ANG-0000313,True,NIVF-4804674790,2026-02-12,2026-02-15,5127.16,pranuar,E_Vleftesuar,Miratuar,Po,R_Kaloi,2026-02-21,,K62202046U,FURN-000341,mall,30
FAT-0000620,INST-1006-2600620,ANG-0000313,True,NIVF-5926246120,2026-03-09,2026-03-10,12272.84,refuzuar,Kerkon_Rivleftesim,Refuzuar,Jo,,2026-03-12,Mospërputhje me kontratën,K62202046U,FURN-000341,mall,30
FAT-0000621,INST-0437-2600621,ANG-0000314,True,NIVF-4050397310,2026-02-03,2026-02-03,666000.0,pranuar,E_Vleftesuar,Miratuar,Po,R_Kaloi,2026-02-10,,K52115005W,FURN-000116,pune,30
FAT-0000622,INST-0124-2600622,ANG-0000315,True,NIVF-1657378892,2026-02-10,2026-02-10,44707.17,pranuar,E_Vleftesuar,Miratuar,Po,R_Kaloi,2026-02-12,,K12201002T,FURN-000088,mall,30
FAT-0000623,INST-0124-2600623,ANG-0000315,True,NIVF-6867570095,2026-03-25,2026-03-29,490292.83,pranuar,E_Vleftesuar,Miratuar,Po,R_Kaloi,2026-04-04,,K12201002T,FURN-000088,mall,30
FAT-0000624,INST-0075-2600624,ANG-0000316,True,NIVF-9376315563,2026-02-08,2026-02-09,580000.0,pranuar,E_Vleftesuar,Miratuar,Po,R_Kaloi,2026-02-16,,L71325020H,FURN-001635,pune,30
FAT-0000625,INST-0920-2600625,ANG-0000317,True,NIVF-2634312132,2026-02-07,2026-02-09,624.52,pranuar,E_Vleftesuar,Miratuar,Po,R_Kaloi,2026-02-14,,M51714016E,FURN-001400,sherbim,30
FAT-0000626,INST-0920-2600626,ANG-0000317,True,NIVF-4262980741,2026-04-06,2026-04-06,42592.48,pranuar,E_Vleftesuar,Miratuar,Po,R_Kaloi,2026-04-14,,M51714016E,FURN-001400,sherbim,30
FAT-0000627,INST-0964-2600627,ANG-0000318,True,NIVF-1548086118,2026-02-11,2026-02-11,5772.08,pranuar,E_Vleftesuar,Miratuar,Po,R_Kaloi,2026-02-16,,K21405001N,FURN-000404,pune,30
FAT-0000628,INST-0964-2600628,ANG-0000318,True,NIVF-3042276927,2026-03-23,2026-03-25,18237.5,pranuar,E_Vleftesuar,Miratuar,Po,R_Kaloi,2026-03-31,,K21405001N,FURN-000404,pune,30
FAT-0000629,INST-0964-2600629,ANG-0000318,True,NIVF-3205133186,2026-05-05,2026-05-06,62990.42,pranuar,E_Vleftesuar,Miratuar,Po,R_Kaloi,2026-05-07,,K21405001N,FURN-000404,pune,30
FAT-0000630,INST-0155-2600630,ANG-0000319,True,NIVF-7378005152,2026-02-05,2026-02-05,64332.0,refuzuar,Kerkon_Rivleftesim,Refuzuar,Jo,,2026-02-06,Fiskalizim i pavlefshëm,J62426002Q,FURN-000236,pune,30
FAT-0000631,INST-1005-2600631,ANG-0000320,True,NIVF-8219160266,2026-02-17,2026-02-19,30000.0,pranuar,E_Vleftesuar,Miratuar,Po,R_Kaloi,2026-02-28,,L01508026P,FURN-000052,sherbim,30
FAT-0000632,INST-0172-2600632,ANG-0000321,True,NIVF-3044566070,2026-02-15,2026-02-16,386619.63,pranuar,E_Vleftesuar,Miratuar,Po,R_Kaloi,2026-02-21,,K91530017T,FURN-000032,sherbim,30
FAT-0000633,INST-0172-2600633,ANG-0000321,True,NIVF-5586578611,2026-03-23,2026-03-25,1587630.37,pranuar,E_Vleftesuar,Miratuar,Po,R_Kaloi,2026-04-03,,K91530017T,FURN-000032,sherbim,30
FAT-0000634,INST-0172-2600634,ANG-0000322,True,NIVF-1768885978,2026-02-10,2026-02-13,3891.8,pranuar,E_Vleftesuar,Miratuar,Po,R_Kaloi,2026-02-21,,M01321501F,FURN-000205,sherbim,30
FAT-0000635,INST-0172-2600635,ANG-0000322,True,NIVF-6504477919,2026-03-08,2026-03-08,7551.36,pranuar,E_Vleftesuar,Miratuar,Po,R_Kaloi,2026-03-12,,M01321501F,FURN-000205,sherbim,30
FAT-0000636,INST-0172-2600636,ANG-0000322,True,NIVF-7982200813,2026-04-05,2026-04-09,22556.84,pranuar,E_Vleftesuar,Miratuar,Po,R_Kaloi,2026-04-15,,M01321501F,FURN-000205,sherbim,30
FAT-0000637,INST-0172-2600637,ANG-0000323,True,NIVF-3627699241,2026-02-14,2026-02-18,845058.97,pranuar,E_Vleftesuar,Miratuar,Po,R_Kaloi,2026-02-26,,K42108801C,FURN-000106,sherbim,30
FAT-0000638,INST-0172-2600638,ANG-0000323,True,NIVF-8180329966,2026-03-13,2026-03-17,73851.16,pranuar,E_Vleftesuar,Miratuar,Po,R_Kaloi,2026-03-24,,K42108801C,FURN-000106,sherbim,30
FAT-0000639,INST-0172-2600639,ANG-0000323,True,NIVF-3835253756,2026-04-29,2026-04-29,74081.87,pranuar,E_Vleftesuar,Miratuar,Po,R_Kaloi,2026-05-06,,K42108801C,FURN-000106,sherbim,30
FAT-0000640,INST-0172-2600640,ANG-0000324,True,NIVF-8745755880,2026-02-04,2026-02-08,4249.43,pranuar,E_Vleftesuar,Miratuar,Po,R_Kaloi,2026-02-13,,K52115005W,FURN-000116,sherbim,30
FAT-0000641,INST-0172-2600641,ANG-0000324,True,NIVF-9363187021,2026-03-20,2026-03-23,10830.64,pranuar,E_Vleftesuar,Miratuar,Po,R_Kaloi,2026-03-28,,K52115005W,FURN-000116,sherbim,30
FAT-0000642,INST-0172-2600642,ANG-0000324,True,NIVF-5113254623,2026-05-05,2026-05-05,37089.93,pranuar,E_Vleftesuar,Miratuar,Po,R_Kaloi,2026-05-12,,K52115005W,FURN-000116,sherbim,30
FAT-0000643,INST-0172-2600643,ANG-0000325,True,NIVF-4686861244,2026-02-10,2026-02-14,271231.9,pranuar,E_Vleftesuar,Miratuar,Po,R_Kaloi,2026-02-15,,L71407038O,FURN-001544,pune,30
FAT-0000644,INST-0172-2600644,ANG-0000325,True,NIVF-2729801971,2026-03-06,2026-03-06,75255.56,pranuar,E_Vleftesuar,Miratuar,Po,R_Kaloi,2026-03-15,,L71407038O,FURN-001544,pune,30
FAT-0000645,INST-0172-2600645,ANG-0000325,True,NIVF-1346804233,2026-04-29,2026-05-01,43512.54,pranuar,E_Vleftesuar,Miratuar,Po,R_Kaloi,2026-05-02,,L71407038O,FURN-001544,pune,30
FAT-0000646,INST-0572-2600646,ANG-0000326,True,NIVF-4854057363,2026-02-16,2026-02-19,79778.45,pranuar,E_Vleftesuar,Miratuar,Po,R_Kaloi,2026-02-23,,K66801001T,FURN-000325,mall,30
FAT-0000647,INST-0572-2600647,ANG-0000326,True,NIVF-8406572387,2026-03-22,2026-03-22,11221.55,pranuar,E_Vleftesuar,Miratuar,Po,R_Kaloi,2026-03-28,,K66801001T,FURN-000325,mall,30
FAT-0000648,INST-0915-2600648,ANG-0000327,True,NIVF-6879557753,2026-02-06,2026-02-09,270958.89,pranuar,E_Vleftesuar,Miratuar,Po,R_Kaloi,2026-02-13,,M11714046V,FURN-000188,pune,30
FAT-0000649,INST-0915-2600649,ANG-0000327,True,NIVF-4268068641,2026-03-16,2026-03-19,319717.48,pranuar,E_Vleftesuar,Miratuar,Po,R_Kaloi,2026-03-24,,M11714046V,FURN-000188,pune,30
FAT-0000650,INST-0915-2600650,ANG-0000327,True,NIVF-3511867510,2026-05-01,2026-05-02,102323.64,pranuar,E_Vleftesuar,Miratuar,Po,R_Kaloi,2026-05-04,,M11714046V,FURN-000188,pune,30
FAT-0000651,INST-0626-2600651,ANG-0000328,True,NIVF-1402552287,2026-02-14,2026-02-18,29829.94,pranuar,E_Vleftesuar,Miratuar,Po,R_Kaloi,2026-02-26,,K62315503U,FURN-000318,sherbim,30
FAT-0000652,INST-0626-2600652,ANG-0000328,True,NIVF-3377124530,2026-04-06,2026-04-07,60170.06,pranuar,E_Vleftesuar,Miratuar,Po,R_Kaloi,2026-04-13,,K62315503U,FURN-000318,sherbim,30
FAT-0000653,INST-0532-2600653,ANG-0000329,True,NIVF-5063953875,2026-02-03,2026-02-06,34200.0,pranuar,E_Vleftesuar,Miratuar,Po,R_Kaloi,2026-02-15,,K62320012O,FURN-000162,sherbim,30
FAT-0000654,INST-0057-2600654,ANG-0000330,True,NIVF-4445496704,2026-02-04,2026-02-05,279000.0,pranuar,E_Vleftesuar,Miratuar,Po,R_Kaloi,2026-02-08,,K71707007Q,FURN-000160,mall,30
FAT-0000655,INST-1007-2600655,ANG-0000331,True,NIVF-5884610946,2026-02-10,2026-02-10,14000.0,pranuar,E_Vleftesuar,Miratuar,Po,R_Kaloi,2026-02-17,,K62320012O,FURN-000162,mall,30
FAT-0000656,INST-0118-2600656,ANG-0000332,True,NIVF-4275770910,2026-02-08,2026-02-11,56550.0,pranuar,E_Vleftesuar,Miratuar,Po,R_Kaloi,2026-02-13,,K21405001N,FURN-000404,sherbim,30
FAT-0000657,INST-1012-2600657,ANG-0000333,True,NIVF-7388577947,2026-02-17,2026-02-17,33000.0,pranuar,E_Vleftesuar,Miratuar,Po,R_Kaloi,2026-02-25,,L82007020D,FURN-000513,mall,30
FAT-0000658,INST-0623-2600658,ANG-0000334,True,NIVF-6873745698,2026-02-07,2026-02-09,5177.08,pranuar,E_Vleftesuar,Miratuar,Po,R_Kaloi,2026-02-17,,L01508026P,FURN-000052,sherbim,30
FAT-0000659,INST-0623-2600659,ANG-0000334,True,NIVF-1589764127,2026-03-18,2026-03-20,79645.0,pranuar,E_Vleftesuar,Miratuar,Po,R_Kaloi,2026-03-22,,L01508026P,FURN-000052,sherbim,30
FAT-0000660,INST-0623-2600660,ANG-0000334,True,NIVF-8255438516,2026-04-26,2026-04-29,15177.92,pranuar,E_Vleftesuar,Miratuar,Po,R_Kaloi,2026-05-02,,L01508026P,FURN-000052,sherbim,30
FAT-0000661,INST-0168-2600661,ANG-0000335,True,NIVF-3695604234,2026-02-14,2026-02-14,5682.95,pranuar,E_Vleftesuar,Miratuar,Po,R_Kaloi,2026-02-17,,K62320012O,FURN-000162,sherbim,30
FAT-0000662,INST-0168-2600662,ANG-0000335,True,NIVF-2467280216,2026-03-18,2026-03-19,13892.56,pranuar,E_Vleftesuar,Miratuar,Po,R_Kaloi,2026-03-24,,K62320012O,FURN-000162,sherbim,30
FAT-0000663,INST-0168-2600663,ANG-0000335,True,NIVF-3781421626,2026-05-11,2026-05-13,76424.48,pranuar,E_Vleftesuar,Miratuar,Po,R_Kaloi,2026-05-16,,K62320012O,FURN-000162,sherbim,30
FAT-0000664,INST-0243-2600664,ANG-0000336,True,NIVF-8121192675,2026-02-15,2026-02-19,7588.08,pranuar,E_Vleftesuar,Miratuar,Po,R_Kaloi,2026-02-27,,J61825037N,FURN-000548,pune,30
FAT-0000665,INST-0243-2600665,ANG-0000336,True,NIVF-4820363210,2026-03-27,2026-03-28,6799.67,pranuar,E_Vleftesuar,Miratuar,Po,R_Kaloi,2026-04-03,,J61825037N,FURN-000548,pune,30
FAT-0000666,INST-0243-2600666,ANG-0000336,True,NIVF-9662731356,2026-05-04,2026-05-08,612.24,pranuar,E_Vleftesuar,Miratuar,Po,R_Kaloi,2026-05-17,,J61825037N,FURN-000548,pune,30
FAT-0000667,INST-0099-2600667,ANG-0000337,True,NIVF-9071793691,2026-02-10,2026-02-13,4850.97,pranuar,E_Vleftesuar,Miratuar,Po,R_Kaloi,2026-02-22,,K62320012O,FURN-000162,pune,30
FAT-0000668,INST-0099-2600668,ANG-0000337,True,NIVF-9596930580,2026-03-04,2026-03-04,11123.41,pranuar,E_Vleftesuar,Miratuar,Po,R_Kaloi,2026-03-08,,K62320012O,FURN-000162,pune,30
FAT-0000669,INST-0099-2600669,ANG-0000337,True,NIVF-6400275420,2026-04-28,2026-05-02,10275.62,refuzuar,Kerkon_Rivleftesim,Refuzuar,Jo,,2026-05-05,Mospërputhje me kontratën,K62320012O,FURN-000162,pune,30
FAT-0000670,INST-0152-2600670,ANG-0000338,True,NIVF-8202363455,2026-02-18,2026-02-21,324.08,pranuar,E_Vleftesuar,Miratuar,Po,R_Kaloi,2026-03-02,,K91530017T,FURN-000032,sherbim,30
FAT-0000671,INST-0152-2600671,ANG-0000338,True,NIVF-3767445332,2026-04-14,2026-04-17,1246.23,pranuar,E_Vleftesuar,Miratuar,Po,R_Kaloi,2026-04-21,,K91530017T,FURN-000032,sherbim,30
FAT-0000672,INST-0152-2600672,ANG-0000338,True,NIVF-7638080315,2026-05-26,2026-05-30,3229.69,pranuar,E_Vleftesuar,Miratuar,Po,R_Kaloi,2026-06-04,,K91530017T,FURN-000032,sherbim,30
FAT-0000673,INST-0173-2600673,ANG-0000339,True,NIVF-5540067829,2026-02-14,2026-02-14,27544.0,pranuar,E_Vleftesuar,Miratuar,Po,R_Kaloi,2026-02-23,,K62320012O,FURN-000162,mall,30
FAT-0000674,INST-0173-2600674,ANG-0000339,True,NIVF-8870627165,2026-04-02,2026-04-04,28456.0,pranuar,E_Vleftesuar,Miratuar,Po,R_Kaloi,2026-04-05,,K62320012O,FURN-000162,mall,30
FAT-0000675,INST-0156-2600675,ANG-0000340,True,NIVF-7287894970,2026-02-09,2026-02-09,741000.0,pranuar,E_Vleftesuar,Miratuar,Po,R_Kaloi,2026-02-15,,J63423463I,FURN-000406,mall,30
FAT-0000676,INST-0057-2600676,ANG-0000341,True,NIVF-9229018343,2026-02-18,2026-02-22,19801.26,pranuar,E_Vleftesuar,Miratuar,Po,R_Kaloi,2026-03-01,,K62320012O,FURN-000162,mall,30
FAT-0000677,INST-0057-2600677,ANG-0000341,True,NIVF-7424185441,2026-03-26,2026-03-26,28698.74,pranuar,E_Vleftesuar,Miratuar,Po,R_Kaloi,2026-04-04,,K62320012O,FURN-000162,mall,30
FAT-0000678,INST-0238-2600678,ANG-0000342,True,NIVF-3832239766,2026-02-06,2026-02-10,8630.08,pranuar,E_Vleftesuar,Miratuar,Po,R_Kaloi,2026-02-19,,K62320012O,FURN-000162,sherbim,30
FAT-0000679,INST-0238-2600679,ANG-0000342,True,NIVF-6761077710,2026-03-21,2026-03-23,934.47,refuzuar,Kerkon_Rivleftesim,Refuzuar,Jo,,2026-04-01,Mungesë dokumentacioni mbështetës,K62320012O,FURN-000162,sherbim,30
FAT-0000680,INST-0238-2600680,ANG-0000342,True,NIVF-3112526212,2026-05-02,2026-05-05,4435.45,pranuar,E_Vleftesuar,Miratuar,Po,R_Kaloi,2026-05-14,,K62320012O,FURN-000162,sherbim,30
FAT-0000681,INST-0920-2600681,ANG-0000343,True,NIVF-2845701852,2026-02-08,2026-02-09,65140.07,pranuar,E_Vleftesuar,Miratuar,Po,R_Kaloi,2026-02-14,,M01316054J,FURN-000527,mall,30
FAT-0000682,INST-0920-2600682,ANG-0000343,True,NIVF-1099599808,2026-03-14,2026-03-15,16655.55,pranuar,E_Vleftesuar,Miratuar,Po,R_Kaloi,2026-03-18,,M01316054J,FURN-000527,mall,30
FAT-0000683,INST-0920-2600683,ANG-0000343,True,NIVF-6045830233,2026-04-04,2026-04-04,23204.38,pranuar,E_Vleftesuar,Miratuar,Po,R_Kaloi,2026-04-05,,M01316054J,FURN-000527,mall,30
FAT-0000684,INST-0621-2600684,ANG-0000344,True,NIVF-9048803225,2026-02-08,2026-02-10,4797.83,pranuar,E_Vleftesuar,Miratuar,Po,R_Kaloi,2026-02-11,,K52115005W,FURN-000116,sherbim,30
FAT-0000685,INST-0621-2600685,ANG-0000344,True,NIVF-1889463721,2026-03-01,2026-03-03,19401.62,pranuar,E_Vleftesuar,Miratuar,Po,R_Kaloi,2026-03-09,,K52115005W,FURN-000116,sherbim,30
FAT-0000686,INST-0621-2600686,ANG-0000344,True,NIVF-6930283400,2026-03-29,2026-03-31,9280.55,pranuar,E_Vleftesuar,Miratuar,Po,R_Kaloi,2026-04-08,,K52115005W,FURN-000116,sherbim,30
FAT-0000687,INST-0098-2600687,ANG-0000345,True,NIVF-6372897719,2026-02-09,2026-02-10,228810.08,pranuar,E_Vleftesuar,Miratuar,Po,R_Kaloi,2026-02-11,,L91619016G,FURN-001977,pune,30
FAT-0000688,INST-0098-2600688,ANG-0000345,True,NIVF-1042938995,2026-03-27,2026-03-27,207510.79,pranuar,E_Vleftesuar,Miratuar,Po,R_Kaloi,2026-04-01,,L91619016G,FURN-001977,pune,30
FAT-0000689,INST-0098-2600689,ANG-0000345,True,NIVF-2525829489,2026-04-26,2026-04-29,57709.14,pranuar,E_Vleftesuar,Miratuar,Po,R_Kaloi,2026-05-08,,L91619016G,FURN-001977,pune,30
FAT-0000690,INST-0915-2600690,ANG-0000346,True,NIVF-9355123140,2026-02-16,2026-02-19,2201.56,pranuar,E_Vleftesuar,Miratuar,Po,R_Kaloi,2026-02-25,,J61814110J,FURN-000172,mall,30
FAT-0000691,INST-0915-2600691,ANG-0000346,True,NIVF-8870275523,2026-03-29,2026-03-29,17236.28,pranuar,E_Vleftesuar,Miratuar,Po,R_Kaloi,2026-03-30,,J61814110J,FURN-000172,mall,30
FAT-0000692,INST-0915-2600692,ANG-0000346,True,NIVF-7952207615,2026-04-23,2026-04-26,8062.16,refuzuar,Kerkon_Rivleftesim,Refuzuar,Jo,,2026-05-01,Mungesë dokumentacioni mbështetës,J61814110J,FURN-000172,mall,30
FAT-0000693,INST-1014-2600693,ANG-0000347,True,NIVF-8958405762,2026-02-04,2026-02-07,47000.0,pranuar,E_Vleftesuar,Miratuar,Po,R_Kaloi,2026-02-09,,K62320012O,FURN-000162,mall,30
FAT-0000694,INST-0243-2600694,ANG-0000348,True,NIVF-6572356975,2026-02-10,2026-02-11,5370.61,pranuar,E_Vleftesuar,Miratuar,Po,R_Kaloi,2026-02-15,,K62320012O,FURN-000162,mall,30
FAT-0000695,INST-0243-2600695,ANG-0000348,True,NIVF-1055608722,2026-03-07,2026-03-11,43029.39,refuzuar,Kerkon_Rivleftesim,Refuzuar,Jo,,2026-03-16,Fiskalizim i pavlefshëm,K62320012O,FURN-000162,mall,30
FAT-0000696,INST-0391-2600696,ANG-0000349,True,NIVF-1033005032,2026-02-10,2026-02-10,17290.92,pranuar,E_Vleftesuar,Miratuar,Po,R_Kaloi,2026-02-14,,K62320012O,FURN-000162,mall,30
FAT-0000697,INST-0391-2600697,ANG-0000349,True,NIVF-3830427699,2026-03-30,2026-04-02,2613.5,pranuar,E_Vleftesuar,Miratuar,Po,R_Kaloi,2026-04-05,,K62320012O,FURN-000162,mall,30
FAT-0000698,INST-0391-2600698,ANG-0000349,True,NIVF-4439151432,2026-05-17,2026-05-20,30095.58,pranuar,E_Vleftesuar,Miratuar,Po,R_Kaloi,2026-05-26,,K62320012O,FURN-000162,mall,30
FAT-0000699,INST-0391-2600699,ANG-0000350,True,NIVF-7366489041,2026-02-18,2026-02-22,19.23,pranuar,E_Vleftesuar,Miratuar,Po,R_Kaloi,2026-03-02,,L68727201C,FURN-000683,mall,30
FAT-0000700,INST-0391-2600700,ANG-0000350,True,NIVF-7259029315,2026-03-12,2026-03-13,0.38,pranuar,E_Vleftesuar,Miratuar,Po,R_Kaloi,2026-03-20,,L68727201C,FURN-000683,mall,30
FAT-0000701,INST-0391-2600701,ANG-0000350,True,NIVF-3924275094,2026-04-19,2026-04-22,75.54,pranuar,E_Vleftesuar,Miratuar,Po,R_Kaloi,2026-04-30,,L68727201C,FURN-000683,mall,30
FAT-0000702,INST-0391-2600702,ANG-0000351,True,NIVF-6708881344,2026-02-04,2026-02-05,129008.16,pranuar,E_Vleftesuar,Miratuar,Po,R_Kaloi,2026-02-06,,K62721401R,FURN-001383,mall,30
FAT-0000703,INST-0391-2600703,ANG-0000351,True,NIVF-5054863098,2026-03-27,2026-03-29,627160.21,pranuar,E_Vleftesuar,Miratuar,Po,R_Kaloi,2026-04-02,,K62721401R,FURN-001383,mall,30
FAT-0000704,INST-0391-2600704,ANG-0000351,True,NIVF-8459485781,2026-05-02,2026-05-04,71831.62,pranuar,E_Vleftesuar,Miratuar,Po,R_Kaloi,2026-05-08,,K62721401R,FURN-001383,mall,30
FAT-0000705,INST-0243-2600705,ANG-0000352,True,NIVF-5272159687,2026-02-16,2026-02-19,95800.0,pranuar,E_Vleftesuar,Miratuar,Po,R_Kaloi,2026-02-22,,K62115018I,FURN-000006,pune,30
FAT-0000706,INST-0404-2600706,ANG-0000353,True,NIVF-7774913277,2026-02-04,2026-02-05,46998.53,pranuar,E_Vleftesuar,Miratuar,Po,R_Kaloi,2026-02-14,,L52202527V,FURN-000171,pune,30
FAT-0000707,INST-0404-2600707,ANG-0000353,True,NIVF-8435292431,2026-03-14,2026-03-15,19821.58,pranuar,E_Vleftesuar,Miratuar,Po,R_Kaloi,2026-03-19,,L52202527V,FURN-000171,pune,30
FAT-0000708,INST-0404-2600708,ANG-0000353,True,NIVF-8102124059,2026-04-27,2026-05-01,29679.89,pranuar,E_Vleftesuar,Miratuar,Po,R_Kaloi,2026-05-07,,L52202527V,FURN-000171,pune,30
FAT-0000709,INST-0023-2600709,ANG-0000354,True,NIVF-1008369902,2026-02-17,2026-02-21,1540.72,pranuar,E_Vleftesuar,Miratuar,Po,R_Kaloi,2026-02-25,,K31503045V,FURN-000036,sherbim,30
FAT-0000710,INST-0023-2600710,ANG-0000354,True,NIVF-9874306387,2026-03-28,2026-03-28,14928.9,pranuar,E_Vleftesuar,Miratuar,Po,R_Kaloi,2026-04-02,,K31503045V,FURN-000036,sherbim,30
FAT-0000711,INST-0023-2600711,ANG-0000354,True,NIVF-3700621184,2026-04-18,2026-04-20,18430.38,pranuar,E_Vleftesuar,Miratuar,Po,R_Kaloi,2026-04-21,,K31503045V,FURN-000036,sherbim,30
FAT-0000712,INST-0098-2600712,ANG-0000355,True,NIVF-6772755176,2026-02-07,2026-02-07,97712.0,pranuar,E_Vleftesuar,Miratuar,Po,R_Kaloi,2026-02-15,,M11817028S,FURN-001369,mall,30
FAT-0000713,INST-0238-2600713,ANG-0000356,True,NIVF-3593540723,2026-02-11,2026-02-13,100000.0,pranuar,E_Vleftesuar,Miratuar,Po,R_Kaloi,2026-02-19,,K53002402C,FURN-000689,pune,30
FAT-0000714,INST-0238-2600714,ANG-0000357,True,NIVF-8533872826,2026-02-06,2026-02-10,130410.51,pranuar,E_Vleftesuar,Miratuar,Po,R_Kaloi,2026-02-16,,J91329003O,FURN-000418,pune,30
FAT-0000715,INST-0238-2600715,ANG-0000357,True,NIVF-3745797346,2026-04-03,2026-04-07,15924.49,refuzuar,Kerkon_Rivleftesim,Refuzuar,Jo,,2026-04-13,Mungesë dokumentacioni mbështetës,J91329003O,FURN-000418,pune,30
FAT-0000716,INST-0915-2600716,ANG-0000358,True,NIVF-2699876898,2026-02-10,2026-02-14,2195.2,pranuar,E_Vleftesuar,Miratuar,Po,R_Kaloi,2026-02-17,,L97029002L,FURN-001347,sherbim,30
FAT-0000717,INST-0915-2600717,ANG-0000358,True,NIVF-5575355647,2026-03-07,2026-03-07,2538.51,pranuar,E_Vleftesuar,Miratuar,Po,R_Kaloi,2026-03-11,,L97029002L,FURN-001347,sherbim,30
FAT-0000718,INST-0915-2600718,ANG-0000358,True,NIVF-6822798387,2026-04-03,2026-04-06,8266.29,pranuar,E_Vleftesuar,Miratuar,Po,R_Kaloi,2026-04-09,,L97029002L,FURN-001347,sherbim,30
FAT-0000719,INST-0005-2600719,ANG-0000359,True,NIVF-2828441546,2026-02-18,2026-02-22,165301.31,pranuar,E_Vleftesuar,Miratuar,Po,R_Kaloi,2026-02-28,,K31422029Q,FURN-000347,sherbim,30
FAT-0000720,INST-0005-2600720,ANG-0000359,True,NIVF-8164016899,2026-04-05,2026-04-08,153867.06,pranuar,E_Vleftesuar,Miratuar,Po,R_Kaloi,2026-04-17,,K31422029Q,FURN-000347,sherbim,30
FAT-0000721,INST-0915-2600721,ANG-0000360,True,NIVF-5938951164,2026-02-15,2026-02-15,99.88,pranuar,E_Vleftesuar,Miratuar,Po,R_Kaloi,2026-02-16,,K72223025M,FURN-000684,mall,30
FAT-0000722,INST-0238-2600722,ANG-0000361,True,NIVF-8211129631,2026-02-08,2026-02-11,316251.74,pranuar,E_Vleftesuar,Miratuar,Po,R_Kaloi,2026-02-19,,M31823508U,FURN-000246,pune,30
FAT-0000723,INST-0238-2600723,ANG-0000361,True,NIVF-5577078883,2026-03-05,2026-03-09,60096.86,pranuar,E_Vleftesuar,Miratuar,Po,R_Kaloi,2026-03-16,,M31823508U,FURN-000246,pune,30
FAT-0000724,INST-0238-2600724,ANG-0000361,True,NIVF-7250367080,2026-04-04,2026-04-06,18651.4,pranuar,E_Vleftesuar,Miratuar,Po,R_Kaloi,2026-04-10,,M31823508U,FURN-000246,pune,30
FAT-0000725,INST-0238-2600725,ANG-0000362,True,NIVF-9583227141,2026-02-16,2026-02-18,2500000.0,pranuar,E_Vleftesuar,Miratuar,Po,R_Kaloi,2026-02-26,,J61813529P,FURN-000228,pune,30
FAT-0000726,INST-0626-2600726,ANG-0000363,True,NIVF-7348337548,2026-02-17,2026-02-17,11835.7,pranuar,E_Vleftesuar,Miratuar,Po,R_Kaloi,2026-02-18,,J61905015B,FURN-000366,mall,30
FAT-0000727,INST-0626-2600727,ANG-0000363,True,NIVF-4695797333,2026-03-10,2026-03-13,387314.3,refuzuar,Kerkon_Rivleftesim,Refuzuar,Jo,,2026-03-22,Mospërputhje me kontratën,J61905015B,FURN-000366,mall,30
FAT-0000728,INST-0098-2600728,ANG-0000364,True,NIVF-4954592972,2026-02-07,2026-02-11,37500.0,pranuar,E_Vleftesuar,Miratuar,Po,R_Kaloi,2026-02-17,,K37507738U,FURN-001475,mall,30
FAT-0000729,INST-0626-2600729,ANG-0000365,True,NIVF-1208975089,2026-02-13,2026-02-16,72500.0,pranuar,E_Vleftesuar,Miratuar,Po,R_Kaloi,2026-02-17,,K21405001N,FURN-000404,sherbim,30
FAT-0000730,INST-0243-2600730,ANG-0000366,True,NIVF-4158308589,2026-02-05,2026-02-07,43753.6,pranuar,E_Vleftesuar,Miratuar,Po,R_Kaloi,2026-02-11,,K21405001N,FURN-000404,pune,30
FAT-0000731,INST-0243-2600731,ANG-0000366,True,NIVF-8015435662,2026-03-29,2026-04-02,81646.4,pranuar,E_Vleftesuar,Miratuar,Po,R_Kaloi,2026-04-06,,K21405001N,FURN-000404,pune,30
FAT-0000732,INST-0243-2600732,ANG-0000367,True,NIVF-1927588871,2026-02-06,2026-02-08,101876.16,pranuar,E_Vleftesuar,Miratuar,Po,R_Kaloi,2026-02-16,,J61814028F,FURN-000068,mall,30
FAT-0000733,INST-0243-2600733,ANG-0000367,True,NIVF-1185865758,2026-04-04,2026-04-06,3133.85,pranuar,E_Vleftesuar,Miratuar,Po,R_Kaloi,2026-04-11,,J61814028F,FURN-000068,mall,30
FAT-0000734,INST-0243-2600734,ANG-0000367,True,NIVF-5601508592,2026-05-04,2026-05-08,51139.99,pranuar,E_Vleftesuar,Miratuar,Po,R_Kaloi,2026-05-09,,J61814028F,FURN-000068,mall,30
FAT-0000735,INST-0156-2600735,ANG-0000368,True,NIVF-7705335366,2026-02-07,2026-02-07,527900.0,pranuar,E_Vleftesuar,Miratuar,Po,R_Kaloi,2026-02-11,,L01914003T,FURN-000048,mall,30
FAT-0000736,INST-0404-2600736,ANG-0000369,True,NIVF-6392109783,2026-02-10,2026-02-11,96000.0,refuzuar,Kerkon_Rivleftesim,Refuzuar,Jo,,2026-02-18,Gabim në shumën e faturuar,L31519018N,FURN-000317,mall,30
FAT-0000737,INST-0915-2600737,ANG-0000370,True,NIVF-4323027209,2026-02-11,2026-02-15,3626290.0,pranuar,E_Vleftesuar,Miratuar,Po,R_Kaloi,2026-02-23,,K11507003S,FURN-000558,sherbim,30
FAT-0000738,INST-0915-2600738,ANG-0000371,True,NIVF-9250947273,2026-02-18,2026-02-22,501.97,pranuar,E_Vleftesuar,Miratuar,Po,R_Kaloi,2026-03-01,,L01402011E,FURN-001208,sherbim,30
FAT-0000739,INST-0915-2600739,ANG-0000371,True,NIVF-6593651121,2026-04-08,2026-04-11,376.76,pranuar,E_Vleftesuar,Miratuar,Po,R_Kaloi,2026-04-15,,L01402011E,FURN-001208,sherbim,30
FAT-0000740,INST-0915-2600740,ANG-0000371,True,NIVF-1094793470,2026-06-03,2026-06-06,5121.27,pranuar,E_Vleftesuar,Miratuar,Po,R_Kaloi,2026-06-11,,L01402011E,FURN-001208,sherbim,30
FAT-0000741,INST-0623-2600741,ANG-0000372,True,NIVF-2561688700,2026-02-18,2026-02-20,10397500.0,pranuar,E_Vleftesuar,Miratuar,Po,R_Kaloi,2026-02-27,,M42411028E,FURN-001090,mall,30
FAT-0000742,INST-0623-2600742,ANG-0000373,True,NIVF-1786110127,2026-02-13,2026-02-14,266.0,pranuar,E_Vleftesuar,Miratuar,Po,R_Kaloi,2026-02-19,,L11801011M,FURN-001874,mall,30
FAT-0000743,INST-0027-2600743,ANG-0000374,True,NIVF-8894375356,2026-02-08,2026-02-09,60871.44,pranuar,E_Vleftesuar,Miratuar,Po,R_Kaloi,2026-02-17,,K31427035Q,FURN-001692,sherbim,30
FAT-0000744,INST-0027-2600744,ANG-0000374,True,NIVF-3522973388,2026-03-28,2026-03-28,425655.09,pranuar,E_Vleftesuar,Miratuar,Po,R_Kaloi,2026-04-02,,K31427035Q,FURN-001692,sherbim,30
FAT-0000745,INST-0027-2600745,ANG-0000374,True,NIVF-2389753272,2026-05-05,2026-05-06,508473.47,pranuar,E_Vleftesuar,Miratuar,Po,R_Kaloi,2026-05-10,,K31427035Q,FURN-001692,sherbim,30
FAT-0000746,INST-0920-2600746,ANG-0000375,True,NIVF-8078801512,2026-02-12,2026-02-16,13125.0,pranuar,E_Vleftesuar,Miratuar,Po,R_Kaloi,2026-02-21,,K51612031J,FURN-000015,sherbim,30
FAT-0000747,INST-0153-2600747,ANG-0000376,True,NIVF-5948833005,2026-02-16,2026-02-16,269561.51,pranuar,E_Vleftesuar,Miratuar,Po,R_Kaloi,2026-02-22,,K67917806I,FURN-000004,mall,30
FAT-0000748,INST-0153-2600748,ANG-0000376,True,NIVF-6598878882,2026-03-29,2026-03-31,3626.51,pranuar,E_Vleftesuar,Miratuar,Po,R_Kaloi,2026-04-07,,K67917806I,FURN-000004,mall,30
FAT-0000749,INST-0153-2600749,ANG-0000376,True,NIVF-7780103021,2026-04-20,2026-04-20,70871.98,pranuar,E_Vleftesuar,Miratuar,Po,R_Kaloi,2026-04-25,,K67917806I,FURN-000004,mall,30
FAT-0000750,INST-0122-2600750,ANG-0000377,True,NIVF-4582542343,2026-02-21,2026-02-25,6803.24,pranuar,E_Vleftesuar,Miratuar,Po,R_Kaloi,2026-03-03,,K31503045V,FURN-000036,pune,30
FAT-0000751,INST-0122-2600751,ANG-0000377,True,NIVF-7573225510,2026-04-14,2026-04-18,1263696.76,pranuar,E_Vleftesuar,Miratuar,Po,R_Kaloi,2026-04-24,,K31503045V,FURN-000036,pune,30
FAT-0000752,INST-0961-2600752,ANG-0000378,True,NIVF-8641722751,2026-02-18,2026-02-19,357.79,pranuar,E_Vleftesuar,Miratuar,Po,R_Kaloi,2026-02-20,,K88010301S,FURN-000797,pune,30
FAT-0000753,INST-0961-2600753,ANG-0000378,True,NIVF-6556951589,2026-04-10,2026-04-11,119648.14,pranuar,E_Vleftesuar,Miratuar,Po,R_Kaloi,2026-04-14,,K88010301S,FURN-000797,pune,30
FAT-0000754,INST-0961-2600754,ANG-0000378,True,NIVF-7593925874,2026-06-05,2026-06-07,198405.57,pranuar,E_Vleftesuar,Miratuar,Po,R_Kaloi,2026-06-12,,K88010301S,FURN-000797,pune,30
FAT-0000755,INST-0146-2600755,ANG-0000379,True,NIVF-6546889038,2026-02-07,2026-02-11,155500.0,pranuar,E_Vleftesuar,Miratuar,Po,R_Kaloi,2026-02-20,,J61814028F,FURN-000068,pune,30
FAT-0000756,INST-0172-2600756,ANG-0000380,True,NIVF-5065062582,2026-02-21,2026-02-25,18035.22,pranuar,E_Vleftesuar,Miratuar,Po,R_Kaloi,2026-03-05,,J61814028F,FURN-000068,pune,30
FAT-0000757,INST-0172-2600757,ANG-0000380,True,NIVF-8840203070,2026-03-22,2026-03-23,151476.84,pranuar,E_Vleftesuar,Miratuar,Po,R_Kaloi,2026-03-24,,J61814028F,FURN-000068,pune,30
FAT-0000758,INST-0172-2600758,ANG-0000380,True,NIVF-1584743878,2026-05-08,2026-05-11,40487.94,pranuar,E_Vleftesuar,Miratuar,Po,R_Kaloi,2026-05-17,,J61814028F,FURN-000068,pune,30
FAT-0000759,INST-0334-2600759,ANG-0000381,True,NIVF-4052798382,2026-02-18,2026-02-19,37862.3,refuzuar,Kerkon_Rivleftesim,Refuzuar,Jo,,2026-02-25,Mungesë dokumentacioni mbështetës,K51612031J,FURN-000015,pune,30
FAT-0000760,INST-0334-2600760,ANG-0000381,True,NIVF-9134962971,2026-03-10,2026-03-13,43137.7,pranuar,E_Vleftesuar,Miratuar,Po,R_Kaloi,2026-03-16,,K51612031J,FURN-000015,pune,30
FAT-0000761,INST-0915-2600761,ANG-0000382,True,NIVF-6524545868,2026-02-12,2026-02-14,441675.0,pranuar,E_Vleftesuar,Miratuar,Po,R_Kaloi,2026-02-15,,J91809007H,FURN-000028,sherbim,30
FAT-0000762,INST-0394-2600762,ANG-0000383,True,NIVF-3500228179,2026-02-11,2026-02-13,268345.29,pranuar,E_Vleftesuar,Miratuar,Po,R_Kaloi,2026-02-14,,L71325019D,FURN-000140,mall,30
FAT-0000763,INST-0394-2600763,ANG-0000383,True,NIVF-1744289337,2026-03-23,2026-03-23,4259.14,pranuar,E_Vleftesuar,Miratuar,Po,R_Kaloi,2026-03-29,,L71325019D,FURN-000140,mall,30
FAT-0000764,INST-0394-2600764,ANG-0000383,True,NIVF-6883973247,2026-04-19,2026-04-21,697395.57,pranuar,E_Vleftesuar,Miratuar,Po,R_Kaloi,2026-04-24,,L71325019D,FURN-000140,mall,30
FAT-0000765,INST-0394-2600765,ANG-0000384,True,NIVF-3898201727,2026-02-09,2026-02-13,487455.88,pranuar,E_Vleftesuar,Miratuar,Po,R_Kaloi,2026-02-20,,J64103483H,FURN-000877,mall,30
FAT-0000766,INST-0394-2600766,ANG-0000384,True,NIVF-6401634209,2026-03-15,2026-03-18,253544.12,refuzuar,Kerkon_Rivleftesim,Refuzuar,Jo,,2026-03-20,Mungesë dokumentacioni mbështetës,J64103483H,FURN-000877,mall,30
FAT-0000767,INST-1005-2600767,ANG-0000385,True,NIVF-8926055680,2026-02-21,2026-02-25,9197.36,pranuar,E_Vleftesuar,Miratuar,Po,R_Kaloi,2026-03-01,,L51622005C,FURN-001155,sherbim,30
FAT-0000768,INST-1005-2600768,ANG-0000385,True,NIVF-1934640982,2026-03-27,2026-03-30,3302.64,pranuar,E_Vleftesuar,Miratuar,Po,R_Kaloi,2026-04-02,,L51622005C,FURN-001155,sherbim,30
FAT-0000769,INST-0915-2600769,ANG-0000386,True,NIVF-4471545563,2026-02-11,2026-02-13,713028.41,pranuar,E_Vleftesuar,Miratuar,Po,R_Kaloi,2026-02-20,,L51327014R,FURN-000054,mall,30
FAT-0000770,INST-0915-2600770,ANG-0000386,True,NIVF-7875009362,2026-03-22,2026-03-22,1846471.59,pranuar,E_Vleftesuar,Miratuar,Po,R_Kaloi,2026-03-25,,L51327014R,FURN-000054,mall,30
FAT-0000771,INST-0173-2600771,ANG-0000387,True,NIVF-9801928643,2026-02-19,2026-02-22,53359.53,pranuar,E_Vleftesuar,Miratuar,Po,R_Kaloi,2026-02-26,,L22309011R,FURN-002025,mall,30
FAT-0000772,INST-0173-2600772,ANG-0000387,True,NIVF-4983525704,2026-04-13,2026-04-17,646640.47,pranuar,E_Vleftesuar,Miratuar,Po,R_Kaloi,2026-04-21,,L22309011R,FURN-002025,mall,30
FAT-0000773,INST-0138-2600773,ANG-0000388,True,NIVF-4961882916,2026-02-15,2026-02-16,217725.27,pranuar,E_Vleftesuar,Miratuar,Po,R_Kaloi,2026-02-17,,K62115018I,FURN-000006,mall,30
FAT-0000774,INST-0138-2600774,ANG-0000388,True,NIVF-7461994695,2026-03-29,2026-04-02,430164.89,pranuar,E_Vleftesuar,Miratuar,Po,R_Kaloi,2026-04-08,,K62115018I,FURN-000006,mall,30
FAT-0000775,INST-0138-2600775,ANG-0000388,True,NIVF-4130504632,2026-05-25,2026-05-28,22109.84,pranuar,E_Vleftesuar,Miratuar,Po,R_Kaloi,2026-06-01,,K62115018I,FURN-000006,mall,30
FAT-0000776,INST-0365-2600776,ANG-0000389,True,NIVF-7678650401,2026-02-07,2026-02-11,76530.18,pranuar,E_Vleftesuar,Miratuar,Po,R_Kaloi,2026-02-19,,M56521401U,FURN-001177,pune,30
FAT-0000777,INST-0365-2600777,ANG-0000389,True,NIVF-7358846262,2026-04-06,2026-04-07,58768.31,pranuar,E_Vleftesuar,Miratuar,Po,R_Kaloi,2026-04-12,,M56521401U,FURN-001177,pune,30
FAT-0000778,INST-0365-2600778,ANG-0000389,True,NIVF-8337379087,2026-05-14,2026-05-16,98746.46,pranuar,E_Vleftesuar,Miratuar,Po,R_Kaloi,2026-05-19,,M56521401U,FURN-001177,pune,30
FAT-0000779,INST-0919-2600779,ANG-0000390,True,NIVF-6857274932,2026-02-12,2026-02-15,99000.0,pranuar,E_Vleftesuar,Miratuar,Po,R_Kaloi,2026-02-21,,L82916601N,FURN-000286,mall,30
FAT-0000780,INST-0919-2600780,ANG-0000391,True,NIVF-5515859827,2026-02-19,2026-02-19,100000.0,pranuar,E_Vleftesuar,Miratuar,Po,R_Kaloi,2026-02-24,,L27701001P,FURN-001600,mall,30
FAT-0000781,INST-0329-2600781,ANG-0000392,True,NIVF-2340846403,2026-02-11,2026-02-15,3049.93,pranuar,E_Vleftesuar,Miratuar,Po,R_Kaloi,2026-02-16,,M51903023H,FURN-001067,sherbim,30
FAT-0000782,INST-0329-2600782,ANG-0000392,True,NIVF-2482468446,2026-04-10,2026-04-10,697.75,pranuar,E_Vleftesuar,Miratuar,Po,R_Kaloi,2026-04-16,,M51903023H,FURN-001067,sherbim,30
FAT-0000783,INST-0329-2600783,ANG-0000392,True,NIVF-5115170625,2026-05-12,2026-05-16,1252.32,pranuar,E_Vleftesuar,Miratuar,Po,R_Kaloi,2026-05-25,,M51903023H,FURN-001067,sherbim,30
FAT-0000784,INST-0935-2600784,ANG-0000393,True,NIVF-1658366035,2026-02-07,2026-02-10,48339.91,pranuar,E_Vleftesuar,Miratuar,Po,R_Kaloi,2026-02-11,,J61905015B,FURN-000366,sherbim,30
FAT-0000785,INST-0935-2600785,ANG-0000393,True,NIVF-1261852077,2026-03-23,2026-03-25,36117.96,pranuar,E_Vleftesuar,Miratuar,Po,R_Kaloi,2026-04-01,,J61905015B,FURN-000366,sherbim,30
FAT-0000786,INST-0935-2600786,ANG-0000393,True,NIVF-6572345760,2026-05-03,2026-05-04,1792.13,refuzuar,Kerkon_Rivleftesim,Refuzuar,Jo,,2026-05-06,Mospërputhje me kontratën,J61905015B,FURN-000366,sherbim,30
FAT-0000787,INST-0331-2600787,ANG-0000394,True,NIVF-6319593222,2026-02-15,2026-02-19,0.0,pranuar,E_Vleftesuar,Miratuar,Po,R_Kaloi,2026-02-27,,,,mall,30
FAT-0000788,INST-1004-2600788,ANG-0000395,True,NIVF-4974706282,2026-02-15,2026-02-19,825000.0,pranuar,E_Vleftesuar,Miratuar,Po,R_Kaloi,2026-02-24,,M21503014Q,FURN-001366,mall,30
FAT-0000789,INST-0154-2600789,ANG-0000396,True,NIVF-8965175227,2026-02-08,2026-02-09,6758.24,pranuar,E_Vleftesuar,Miratuar,Po,R_Kaloi,2026-02-13,,M27528201T,FURN-000970,sherbim,30
FAT-0000790,INST-0154-2600790,ANG-0000396,True,NIVF-8469633734,2026-03-23,2026-03-25,89493.35,pranuar,E_Vleftesuar,Miratuar,Po,R_Kaloi,2026-03-27,,M27528201T,FURN-000970,sherbim,30
FAT-0000791,INST-0154-2600791,ANG-0000396,True,NIVF-4009465539,2026-05-08,2026-05-12,3731.4,pranuar,E_Vleftesuar,Miratuar,Po,R_Kaloi,2026-05-15,,M27528201T,FURN-000970,sherbim,30
FAT-0000792,INST-0337-2600792,ANG-0000397,True,NIVF-6045856920,2026-02-07,2026-02-10,18524.73,refuzuar,Kerkon_Rivleftesim,Refuzuar,Jo,,2026-02-14,Mospërputhje me kontratën,M27528201T,FURN-000970,mall,30
FAT-0000793,INST-0337-2600793,ANG-0000397,True,NIVF-2058198976,2026-04-05,2026-04-07,42043.25,pranuar,E_Vleftesuar,Miratuar,Po,R_Kaloi,2026-04-11,,M27528201T,FURN-000970,mall,30
FAT-0000794,INST-0337-2600794,ANG-0000397,True,NIVF-6971300217,2026-05-31,2026-06-01,39432.02,pranuar,E_Vleftesuar,Miratuar,Po,R_Kaloi,2026-06-02,,M27528201T,FURN-000970,mall,30
FAT-0000795,INST-0172-2600795,ANG-0000398,True,NIVF-1403873379,2026-02-19,2026-02-23,8091.8,pranuar,E_Vleftesuar,Miratuar,Po,R_Kaloi,2026-02-26,,J91419001U,FURN-000218,sherbim,30
FAT-0000796,INST-0172-2600796,ANG-0000398,True,NIVF-6826975143,2026-03-30,2026-04-01,228958.2,pranuar,E_Vleftesuar,Miratuar,Po,R_Kaloi,2026-04-06,,J91419001U,FURN-000218,sherbim,30
FAT-0000797,INST-0172-2600797,ANG-0000399,True,NIVF-8036971029,2026-02-19,2026-02-23,895000.0,pranuar,E_Vleftesuar,Miratuar,Po,R_Kaloi,2026-03-02,,J61905015B,FURN-000366,sherbim,30
FAT-0000798,INST-0337-2600798,ANG-0000400,True,NIVF-7602789681,2026-02-08,2026-02-11,13843.83,pranuar,E_Vleftesuar,Miratuar,Po,R_Kaloi,2026-02-18,,J91329003O,FURN-000418,sherbim,30
FAT-0000799,INST-0337-2600799,ANG-0000400,True,NIVF-4412305266,2026-03-18,2026-03-20,684.85,pranuar,E_Vleftesuar,Miratuar,Po,R_Kaloi,2026-03-27,,J91329003O,FURN-000418,sherbim,30
FAT-0000800,INST-0337-2600800,ANG-0000400,True,NIVF-3134164394,2026-05-05,2026-05-08,16085.32,pranuar,E_Vleftesuar,Miratuar,Po,R_Kaloi,2026-05-15,,J91329003O,FURN-000418,sherbim,30
FAT-0000801,INST-0161-2600801,ANG-0000401,True,NIVF-3659181167,2026-02-12,2026-02-15,78000.0,refuzuar,Kerkon_Rivleftesim,Refuzuar,Jo,,2026-02-21,Mungesë dokumentacioni mbështetës,K01515004T,FURN-000390,sherbim,30
FAT-0000802,INST-0949-2600802,ANG-0000402,True,NIVF-3370768109,2026-02-08,2026-02-10,21595.22,pranuar,E_Vleftesuar,Miratuar,Po,R_Kaloi,2026-02-14,,K42701205E,FURN-000605,sherbim,30
FAT-0000803,INST-0949-2600803,ANG-0000402,True,NIVF-3406907185,2026-03-28,2026-03-29,9628.86,pranuar,E_Vleftesuar,Miratuar,Po,R_Kaloi,2026-04-01,,K42701205E,FURN-000605,sherbim,30
FAT-0000804,INST-0949-2600804,ANG-0000402,True,NIVF-4289255476,2026-05-11,2026-05-15,53775.92,pranuar,E_Vleftesuar,Miratuar,Po,R_Kaloi,2026-05-19,,K42701205E,FURN-000605,sherbim,30
FAT-0000805,INST-0334-2600805,ANG-0000403,True,NIVF-1130912752,2026-02-13,2026-02-14,62082.4,pranuar,E_Vleftesuar,Miratuar,Po,R_Kaloi,2026-02-23,,L66720003N,FURN-000094,sherbim,30
FAT-0000806,INST-0334-2600806,ANG-0000403,True,NIVF-8980433297,2026-03-14,2026-03-17,27078.35,pranuar,E_Vleftesuar,Miratuar,Po,R_Kaloi,2026-03-19,,L66720003N,FURN-000094,sherbim,30
FAT-0000807,INST-0334-2600807,ANG-0000403,True,NIVF-1940824880,2026-04-30,2026-05-01,10839.25,pranuar,E_Vleftesuar,Miratuar,Po,R_Kaloi,2026-05-10,,L66720003N,FURN-000094,sherbim,30
FAT-0000808,INST-0337-2600808,ANG-0000404,True,NIVF-4198969142,2026-02-08,2026-02-08,50682.17,refuzuar,Kerkon_Rivleftesim,Refuzuar,Jo,,2026-02-11,Gabim në shumën e faturuar,L32405034Q,FURN-001370,mall,30
FAT-0000809,INST-0337-2600809,ANG-0000404,True,NIVF-4275145329,2026-03-17,2026-03-19,30362.42,pranuar,E_Vleftesuar,Miratuar,Po,R_Kaloi,2026-03-22,,L32405034Q,FURN-001370,mall,30
FAT-0000810,INST-0337-2600810,ANG-0000404,True,NIVF-9298561781,2026-04-22,2026-04-26,18955.42,pranuar,E_Vleftesuar,Miratuar,Po,R_Kaloi,2026-05-04,,L32405034Q,FURN-001370,mall,30
FAT-0000811,INST-0337-2600811,ANG-0000405,True,NIVF-7503812188,2026-02-18,2026-02-21,1349360.2,pranuar,E_Vleftesuar,Miratuar,Po,R_Kaloi,2026-02-26,,K72218022J,FURN-000304,mall,30
FAT-0000812,INST-0337-2600812,ANG-0000406,True,NIVF-4896883541,2026-02-15,2026-02-17,56785.65,pranuar,E_Vleftesuar,Miratuar,Po,R_Kaloi,2026-02-25,,L41705012R,FURN-001034,mall,30
FAT-0000813,INST-0337-2600813,ANG-0000406,True,NIVF-2625943810,2026-03-24,2026-03-27,29118.09,refuzuar,Kerkon_Rivleftesim,Refuzuar,Jo,,2026-03-31,Mospërputhje me kontratën,L41705012R,FURN-001034,mall,30
FAT-0000814,INST-0337-2600814,ANG-0000406,True,NIVF-8977364659,2026-05-13,2026-05-16,14096.26,pranuar,E_Vleftesuar,Miratuar,Po,R_Kaloi,2026-05-21,,L41705012R,FURN-001034,mall,30
FAT-0000815,INST-0157-2600815,ANG-0000407,True,NIVF-6206632974,2026-02-08,2026-02-08,66459.95,pranuar,E_Vleftesuar,Miratuar,Po,R_Kaloi,2026-02-12,,L42018012R,FURN-001410,pune,30
FAT-0000816,INST-0157-2600816,ANG-0000407,True,NIVF-5058190891,2026-03-07,2026-03-11,25206.72,pranuar,E_Vleftesuar,Miratuar,Po,R_Kaloi,2026-03-16,,L42018012R,FURN-001410,pune,30
FAT-0000817,INST-0334-2600817,ANG-0000408,True,NIVF-2198827134,2026-02-17,2026-02-17,140968.34,pranuar,E_Vleftesuar,Miratuar,Po,R_Kaloi,2026-02-25,,L28029301Q,FURN-000443,sherbim,30
FAT-0000818,INST-0334-2600818,ANG-0000408,True,NIVF-8919182215,2026-03-12,2026-03-14,209031.66,pranuar,E_Vleftesuar,Miratuar,Po,R_Kaloi,2026-03-23,,L28029301Q,FURN-000443,sherbim,30
FAT-0000819,INST-0023-2600819,ANG-0000409,True,NIVF-6926154546,2026-02-18,2026-02-20,39710.0,pranuar,E_Vleftesuar,Miratuar,Po,R_Kaloi,2026-02-23,,L31714005J,FURN-000114,sherbim,30
FAT-0000820,INST-0152-2600820,ANG-0000410,True,NIVF-6660570510,2026-02-18,2026-02-18,436820.01,pranuar,E_Vleftesuar,Miratuar,Po,R_Kaloi,2026-02-20,,K91530017T,FURN-000032,sherbim,30
FAT-0000821,INST-0152-2600821,ANG-0000410,True,NIVF-9689755282,2026-04-02,2026-04-04,112179.99,pranuar,E_Vleftesuar,Miratuar,Po,R_Kaloi,2026-04-07,,K91530017T,FURN-000032,sherbim,30
FAT-0000822,INST-0152-2600822,ANG-0000411,True,NIVF-6473717505,2026-02-20,2026-02-24,5025.0,pranuar,E_Vleftesuar,Miratuar,Po,R_Kaloi,2026-02-27,,K21405001N,FURN-000404,sherbim,30
FAT-0000823,INST-0152-2600823,ANG-0000412,True,NIVF-5019933849,2026-02-14,2026-02-18,784980.27,pranuar,E_Vleftesuar,Miratuar,Po,R_Kaloi,2026-02-24,,K92311013D,FURN-001949,sherbim,30
FAT-0000824,INST-0152-2600824,ANG-0000412,True,NIVF-7016566763,2026-04-06,2026-04-09,115019.73,pranuar,E_Vleftesuar,Miratuar,Po,R_Kaloi,2026-04-14,,K92311013D,FURN-001949,sherbim,30
FAT-0000825,INST-0152-2600825,ANG-0000413,True,NIVF-6022134061,2026-02-18,2026-02-21,81320.51,pranuar,E_Vleftesuar,Miratuar,Po,R_Kaloi,2026-02-24,,L82916601N,FURN-000286,sherbim,30
FAT-0000826,INST-0152-2600826,ANG-0000413,True,NIVF-7791976067,2026-03-15,2026-03-19,18479.49,pranuar,E_Vleftesuar,Miratuar,Po,R_Kaloi,2026-03-28,,L82916601N,FURN-000286,sherbim,30
FAT-0000827,INST-0173-2600827,ANG-0000414,True,NIVF-6231516950,2026-02-19,2026-02-21,60872.45,pranuar,E_Vleftesuar,Miratuar,Po,R_Kaloi,2026-02-22,,L82916601N,FURN-000286,mall,30
FAT-0000828,INST-0173-2600828,ANG-0000414,True,NIVF-7042310291,2026-03-15,2026-03-19,26054.98,pranuar,E_Vleftesuar,Miratuar,Po,R_Kaloi,2026-03-27,,L82916601N,FURN-000286,mall,30
FAT-0000829,INST-0173-2600829,ANG-0000414,True,NIVF-1528170082,2026-04-07,2026-04-10,13072.57,pranuar,E_Vleftesuar,Miratuar,Po,R_Kaloi,2026-04-16,,L82916601N,FURN-000286,mall,30
FAT-0000830,INST-0023-2600830,ANG-0000415,True,NIVF-9145195949,2026-02-10,2026-02-10,232222.07,pranuar,E_Vleftesuar,Miratuar,Po,R_Kaloi,2026-02-18,,L91418502J,FURN-000101,sherbim,30
FAT-0000831,INST-0023-2600831,ANG-0000415,True,NIVF-8838194794,2026-03-31,2026-04-02,469577.93,pranuar,E_Vleftesuar,Miratuar,Po,R_Kaloi,2026-04-05,,L91418502J,FURN-000101,sherbim,30
FAT-0000832,INST-0552-2600832,ANG-0000416,True,NIVF-6641867177,2026-02-10,2026-02-10,3859.11,refuzuar,Kerkon_Rivleftesim,Refuzuar,Jo,,2026-02-16,Mungesë dokumentacioni mbështetës,L72526404Q,FURN-000402,mall,30
FAT-0000833,INST-0552-2600833,ANG-0000416,True,NIVF-9875148269,2026-04-07,2026-04-08,2390.89,pranuar,E_Vleftesuar,Miratuar,Po,R_Kaloi,2026-04-17,,L72526404Q,FURN-000402,mall,30
FAT-0000834,INST-0496-2600834,ANG-0000417,True,NIVF-4980095625,2026-02-08,2026-02-09,6860.0,pranuar,E_Vleftesuar,Miratuar,Po,R_Kaloi,2026-02-10,,K91530017T,FURN-000032,sherbim,30
FAT-0000835,INST-0172-2600835,ANG-0000418,True,NIVF-1115091867,2026-02-13,2026-02-14,971.63,pranuar,E_Vleftesuar,Miratuar,Po,R_Kaloi,2026-02-16,,K67127202M,FURN-000065,sherbim,30
FAT-0000836,INST-0172-2600836,ANG-0000418,True,NIVF-4251358426,2026-03-18,2026-03-22,5491.35,pranuar,E_Vleftesuar,Miratuar,Po,R_Kaloi,2026-03-27,,K67127202M,FURN-000065,sherbim,30
FAT-0000837,INST-0172-2600837,ANG-0000418,True,NIVF-8151654367,2026-04-19,2026-04-23,7688.03,pranuar,E_Vleftesuar,Miratuar,Po,R_Kaloi,2026-04-28,,K67127202M,FURN-000065,sherbim,30
FAT-0000838,INST-0337-2600838,ANG-0000419,True,NIVF-2801985935,2026-02-12,2026-02-12,274024.22,pranuar,E_Vleftesuar,Miratuar,Po,R_Kaloi,2026-02-19,,M02415002E,FURN-000321,mall,30
FAT-0000839,INST-0337-2600839,ANG-0000419,True,NIVF-1395133671,2026-04-10,2026-04-11,274875.78,pranuar,E_Vleftesuar,Miratuar,Po,R_Kaloi,2026-04-20,,M02415002E,FURN-000321,mall,30
FAT-0000840,INST-0375-2600840,ANG-0000420,True,NIVF-6291717474,2026-02-12,2026-02-12,327057.4,pranuar,E_Vleftesuar,Miratuar,Po,R_Kaloi,2026-02-20,,M04710002P,FURN-001413,mall,30
FAT-0000841,INST-0375-2600841,ANG-0000420,True,NIVF-7090682324,2026-04-05,2026-04-07,140442.6,pranuar,E_Vleftesuar,Miratuar,Po,R_Kaloi,2026-04-10,,M04710002P,FURN-001413,mall,30
FAT-0000842,INST-0164-2600842,ANG-0000421,True,NIVF-4802584044,2026-02-19,2026-02-21,653074.66,pranuar,E_Vleftesuar,Miratuar,Po,R_Kaloi,2026-02-23,,K71707007Q,FURN-000160,mall,30
FAT-0000843,INST-0164-2600843,ANG-0000421,True,NIVF-9542105575,2026-03-26,2026-03-30,92125.34,pranuar,E_Vleftesuar,Miratuar,Po,R_Kaloi,2026-04-03,,K71707007Q,FURN-000160,mall,30
FAT-0000844,INST-0331-2600844,ANG-0000422,True,NIVF-7102075526,2026-02-17,2026-02-19,2489613.75,pranuar,E_Vleftesuar,Miratuar,Po,R_Kaloi,2026-02-24,,L61814009B,FURN-001056,sherbim,30
FAT-0000845,INST-0331-2600845,ANG-0000422,True,NIVF-1981374230,2026-04-05,2026-04-09,5191.95,pranuar,E_Vleftesuar,Miratuar,Po,R_Kaloi,2026-04-10,,L61814009B,FURN-001056,sherbim,30
FAT-0000846,INST-0337-2600846,ANG-0000423,True,NIVF-6284223230,2026-02-13,2026-02-16,7769.28,pranuar,E_Vleftesuar,Miratuar,Po,R_Kaloi,2026-02-17,,J82816208R,FURN-001442,mall,30
FAT-0000847,INST-0337-2600847,ANG-0000423,True,NIVF-6368518009,2026-04-10,2026-04-12,17230.72,pranuar,E_Vleftesuar,Miratuar,Po,R_Kaloi,2026-04-21,,J82816208R,FURN-001442,mall,30
FAT-0000848,INST-0727-2600848,ANG-0000424,True,NIVF-1156428067,2026-02-09,2026-02-13,28192.42,pranuar,E_Vleftesuar,Miratuar,Po,R_Kaloi,2026-02-19,,M31910020Q,FURN-001889,sherbim,30
FAT-0000849,INST-0727-2600849,ANG-0000424,True,NIVF-4866507792,2026-03-18,2026-03-22,18331.73,pranuar,E_Vleftesuar,Miratuar,Po,R_Kaloi,2026-03-23,,M31910020Q,FURN-001889,sherbim,30
FAT-0000850,INST-0727-2600850,ANG-0000424,True,NIVF-2897217304,2026-05-16,2026-05-18,53475.85,pranuar,E_Vleftesuar,Miratuar,Po,R_Kaloi,2026-05-23,,M31910020Q,FURN-001889,sherbim,30
FAT-0000851,INST-0337-2600851,ANG-0000425,True,NIVF-2348296523,2026-02-17,2026-02-17,0.0,pranuar,E_Vleftesuar,Miratuar,Po,R_Kaloi,2026-02-21,,,,sherbim,30
FAT-0000852,INST-0164-2600852,ANG-0000426,True,NIVF-5192119706,2026-02-09,2026-02-12,735.38,pranuar,E_Vleftesuar,Miratuar,Po,R_Kaloi,2026-02-13,,K41525046C,FURN-000229,mall,30
FAT-0000853,INST-0164-2600853,ANG-0000426,True,NIVF-5297590795,2026-03-24,2026-03-27,78.95,pranuar,E_Vleftesuar,Miratuar,Po,R_Kaloi,2026-03-29,,K41525046C,FURN-000229,mall,30
FAT-0000854,INST-0853-2600854,ANG-0000427,True,NIVF-8331995373,2026-02-18,2026-02-20,36000.0,pranuar,E_Vleftesuar,Miratuar,Po,R_Kaloi,2026-02-26,,L67909101C,FURN-001809,sherbim,30
FAT-0000855,INST-0213-2600855,ANG-0000428,True,NIVF-6283439622,2026-02-19,2026-02-21,91500.0,pranuar,E_Vleftesuar,Miratuar,Po,R_Kaloi,2026-02-27,,K41420001V,FURN-000016,sherbim,30
FAT-0000856,INST-0213-2600856,ANG-0000429,True,NIVF-1067133542,2026-02-11,2026-02-15,4854.94,pranuar,E_Vleftesuar,Miratuar,Po,R_Kaloi,2026-02-18,,K91530017T,FURN-000032,sherbim,30
FAT-0000857,INST-0213-2600857,ANG-0000429,True,NIVF-3192007730,2026-03-22,2026-03-22,12665.06,pranuar,E_Vleftesuar,Miratuar,Po,R_Kaloi,2026-03-26,,K91530017T,FURN-000032,sherbim,30
FAT-0000858,INST-0213-2600858,ANG-0000430,True,NIVF-5939066350,2026-02-20,2026-02-22,15963.2,pranuar,E_Vleftesuar,Miratuar,Po,R_Kaloi,2026-03-02,,L87605501A,FURN-001934,sherbim,30
FAT-0000859,INST-0213-2600859,ANG-0000430,True,NIVF-7337376625,2026-04-10,2026-04-10,13534.28,pranuar,E_Vleftesuar,Miratuar,Po,R_Kaloi,2026-04-15,,L87605501A,FURN-001934,sherbim,30
FAT-0000860,INST-0213-2600860,ANG-0000430,True,NIVF-7161615080,2026-06-01,2026-06-04,10402.51,pranuar,E_Vleftesuar,Miratuar,Po,R_Kaloi,2026-06-09,,L87605501A,FURN-001934,sherbim,30
FAT-0000861,INST-0213-2600861,ANG-0000431,True,NIVF-1897868124,2026-02-20,2026-02-21,31927.89,pranuar,E_Vleftesuar,Miratuar,Po,R_Kaloi,2026-02-27,,L64704601S,FURN-000261,sherbim,30
FAT-0000862,INST-0213-2600862,ANG-0000431,True,NIVF-1131627093,2026-04-19,2026-04-22,12707.51,pranuar,E_Vleftesuar,Miratuar,Po,R_Kaloi,2026-04-28,,L64704601S,FURN-000261,sherbim,30
FAT-0000863,INST-0213-2600863,ANG-0000431,True,NIVF-6932730411,2026-06-14,2026-06-17,54454.61,pranuar,E_Vleftesuar,Miratuar,Po,R_Kaloi,2026-06-23,,L64704601S,FURN-000261,sherbim,30
FAT-0000864,INST-0213-2600864,ANG-0000432,True,NIVF-4816054753,2026-02-17,2026-02-19,39144.66,pranuar,E_Vleftesuar,Miratuar,Po,R_Kaloi,2026-02-21,,L77113205O,FURN-001995,sherbim,30
FAT-0000865,INST-0213-2600865,ANG-0000432,True,NIVF-5838377388,2026-04-07,2026-04-11,58855.34,pranuar,E_Vleftesuar,Miratuar,Po,R_Kaloi,2026-04-17,,L77113205O,FURN-001995,sherbim,30
FAT-0000866,INST-0213-2600866,ANG-0000433,True,NIVF-2720428639,2026-02-16,2026-02-19,3433.72,pranuar,E_Vleftesuar,Miratuar,Po,R_Kaloi,2026-02-23,,K51612031J,FURN-000015,sherbim,30
FAT-0000867,INST-0213-2600867,ANG-0000433,True,NIVF-8060447924,2026-04-12,2026-04-14,230.35,pranuar,E_Vleftesuar,Miratuar,Po,R_Kaloi,2026-04-17,,K51612031J,FURN-000015,sherbim,30
FAT-0000868,INST-0213-2600868,ANG-0000433,True,NIVF-8160838840,2026-06-05,2026-06-08,385.92,pranuar,E_Vleftesuar,Miratuar,Po,R_Kaloi,2026-06-11,,K51612031J,FURN-000015,sherbim,30
FAT-0000869,INST-0213-2600869,ANG-0000434,True,NIVF-8816144729,2026-02-16,2026-02-20,28546.84,pranuar,E_Vleftesuar,Miratuar,Po,R_Kaloi,2026-02-26,,L71325019D,FURN-000140,sherbim,30
FAT-0000870,INST-0213-2600870,ANG-0000434,True,NIVF-4975865494,2026-03-22,2026-03-25,69898.16,pranuar,E_Vleftesuar,Miratuar,Po,R_Kaloi,2026-03-27,,L71325019D,FURN-000140,sherbim,30
FAT-0000871,INST-0213-2600871,ANG-0000435,True,NIVF-5101626599,2026-02-22,2026-02-26,8324.42,refuzuar,Kerkon_Rivleftesim,Refuzuar,Jo,,2026-02-27,Gabim në shumën e faturuar,L41931002I,FURN-001081,sherbim,30
FAT-0000872,INST-0213-2600872,ANG-0000435,True,NIVF-3415799790,2026-03-20,2026-03-21,24718.52,pranuar,E_Vleftesuar,Miratuar,Po,R_Kaloi,2026-03-30,,L41931002I,FURN-001081,sherbim,30
FAT-0000873,INST-0213-2600873,ANG-0000435,True,NIVF-8554387356,2026-04-10,2026-04-12,8623.06,pranuar,E_Vleftesuar,Miratuar,Po,R_Kaloi,2026-04-15,,L41931002I,FURN-001081,sherbim,30
FAT-0000874,INST-0213-2600874,ANG-0000436,True,NIVF-3301374827,2026-02-16,2026-02-19,46.34,pranuar,E_Vleftesuar,Miratuar,Po,R_Kaloi,2026-02-22,,K51612031J,FURN-000015,sherbim,30
FAT-0000875,INST-0213-2600875,ANG-0000436,True,NIVF-9220189384,2026-03-22,2026-03-26,688.75,pranuar,E_Vleftesuar,Miratuar,Po,R_Kaloi,2026-03-27,,K51612031J,FURN-000015,sherbim,30
FAT-0000876,INST-0213-2600876,ANG-0000436,True,NIVF-4505828192,2026-04-29,2026-05-01,1014.91,pranuar,E_Vleftesuar,Miratuar,Po,R_Kaloi,2026-05-09,,K51612031J,FURN-000015,sherbim,30
FAT-0000877,INST-0213-2600877,ANG-0000437,True,NIVF-6373519153,2026-02-12,2026-02-14,503814.25,pranuar,E_Vleftesuar,Miratuar,Po,R_Kaloi,2026-02-18,,J61813529P,FURN-000228,sherbim,30
FAT-0000878,INST-0213-2600878,ANG-0000437,True,NIVF-7774712019,2026-03-15,2026-03-15,127526.42,pranuar,E_Vleftesuar,Miratuar,Po,R_Kaloi,2026-03-20,,J61813529P,FURN-000228,sherbim,30
FAT-0000879,INST-0213-2600879,ANG-0000437,True,NIVF-4912352379,2026-04-12,2026-04-16,68659.32,pranuar,E_Vleftesuar,Miratuar,Po,R_Kaloi,2026-04-24,,J61813529P,FURN-000228,sherbim,30
FAT-0000880,INST-0213-2600880,ANG-0000438,True,NIVF-2320968872,2026-02-22,2026-02-26,105936.77,pranuar,E_Vleftesuar,Miratuar,Po,R_Kaloi,2026-02-27,,K31528061N,FURN-000306,sherbim,30
FAT-0000881,INST-0213-2600881,ANG-0000438,True,NIVF-8397491367,2026-04-02,2026-04-05,21045.22,pranuar,E_Vleftesuar,Miratuar,Po,R_Kaloi,2026-04-07,,K31528061N,FURN-000306,sherbim,30
FAT-0000882,INST-0213-2600882,ANG-0000438,True,NIVF-8521573786,2026-04-22,2026-04-24,21018.0,pranuar,E_Vleftesuar,Miratuar,Po,R_Kaloi,2026-04-25,,K31528061N,FURN-000306,sherbim,30
FAT-0000883,INST-0213-2600883,ANG-0000439,True,NIVF-2442985132,2026-02-12,2026-02-12,79864.83,pranuar,E_Vleftesuar,Miratuar,Po,R_Kaloi,2026-02-17,,L21708012H,FURN-000063,sherbim,30
FAT-0000884,INST-0213-2600884,ANG-0000439,True,NIVF-7973964207,2026-03-13,2026-03-17,20135.17,pranuar,E_Vleftesuar,Miratuar,Po,R_Kaloi,2026-03-19,,L21708012H,FURN-000063,sherbim,30
FAT-0000885,INST-0213-2600885,ANG-0000440,True,NIVF-2727727734,2026-02-18,2026-02-19,23142.26,pranuar,E_Vleftesuar,Miratuar,Po,R_Kaloi,2026-02-22,,K91530017T,FURN-000032,sherbim,30
FAT-0000886,INST-0213-2600886,ANG-0000440,True,NIVF-8670044810,2026-03-24,2026-03-28,15965.3,pranuar,E_Vleftesuar,Miratuar,Po,R_Kaloi,2026-04-06,,K91530017T,FURN-000032,sherbim,30
FAT-0000887,INST-0213-2600887,ANG-0000440,True,NIVF-6453726701,2026-05-17,2026-05-19,38892.45,pranuar,E_Vleftesuar,Miratuar,Po,R_Kaloi,2026-05-25,,K91530017T,FURN-000032,sherbim,30
FAT-0000888,INST-0213-2600888,ANG-0000441,True,NIVF-3942099855,2026-02-13,2026-02-16,22897.8,pranuar,E_Vleftesuar,Miratuar,Po,R_Kaloi,2026-02-18,,L97119401D,FURN-000225,sherbim,30
FAT-0000889,INST-0213-2600889,ANG-0000441,True,NIVF-1004096429,2026-03-25,2026-03-27,57102.2,pranuar,E_Vleftesuar,Miratuar,Po,R_Kaloi,2026-04-01,,L97119401D,FURN-000225,sherbim,30
FAT-0000890,INST-0328-2600890,ANG-0000442,True,NIVF-8986602822,2026-02-15,2026-02-15,5168.4,refuzuar,Kerkon_Rivleftesim,Refuzuar,Jo,,2026-02-24,Mospërputhje me kontratën,K81607050Q,FURN-000249,mall,30
FAT-0000891,INST-0328-2600891,ANG-0000442,True,NIVF-2718931532,2026-03-24,2026-03-24,16564.39,pranuar,E_Vleftesuar,Miratuar,Po,R_Kaloi,2026-03-30,,K81607050Q,FURN-000249,mall,30
FAT-0000892,INST-0328-2600892,ANG-0000442,True,NIVF-7690124797,2026-05-04,2026-05-04,3167.21,pranuar,E_Vleftesuar,Miratuar,Po,R_Kaloi,2026-05-13,,K81607050Q,FURN-000249,mall,30
FAT-0000893,INST-0496-2600893,ANG-0000443,True,NIVF-4059169181,2026-02-09,2026-02-13,28950.0,pranuar,E_Vleftesuar,Miratuar,Po,R_Kaloi,2026-02-15,,J61814028F,FURN-000068,mall,30
FAT-0000894,INST-0164-2600894,ANG-0000444,True,NIVF-4131509517,2026-02-16,2026-02-19,11339.08,pranuar,E_Vleftesuar,Miratuar,Po,R_Kaloi,2026-02-20,,K11715005L,FURN-000108,mall,30
FAT-0000895,INST-0164-2600895,ANG-0000444,True,NIVF-5193773132,2026-03-11,2026-03-13,58660.92,pranuar,E_Vleftesuar,Miratuar,Po,R_Kaloi,2026-03-17,,K11715005L,FURN-000108,mall,30
FAT-0000896,INST-0337-2600896,ANG-0000445,True,NIVF-9085466373,2026-02-15,2026-02-17,1264200.0,pranuar,E_Vleftesuar,Miratuar,Po,R_Kaloi,2026-02-23,,K31528061N,FURN-000306,mall,30
FAT-0000897,INST-0337-2600897,ANG-0000446,True,NIVF-9648548097,2026-02-13,2026-02-15,106335.65,pranuar,E_Vleftesuar,Miratuar,Po,R_Kaloi,2026-02-22,,J61905015B,FURN-000366,sherbim,30
FAT-0000898,INST-0337-2600898,ANG-0000446,True,NIVF-8619580784,2026-04-07,2026-04-08,18443.21,pranuar,E_Vleftesuar,Miratuar,Po,R_Kaloi,2026-04-12,,J61905015B,FURN-000366,sherbim,30
FAT-0000899,INST-0337-2600899,ANG-0000446,True,NIVF-1380878820,2026-05-13,2026-05-16,175198.64,pranuar,E_Vleftesuar,Miratuar,Po,R_Kaloi,2026-05-22,,J61905015B,FURN-000366,sherbim,30
FAT-0000900,INST-0621-2600900,ANG-0000447,True,NIVF-1924165852,2026-02-09,2026-02-10,34944.16,pranuar,E_Vleftesuar,Miratuar,Po,R_Kaloi,2026-02-16,,L42103023G,FURN-000752,sherbim,30
FAT-0000901,INST-0621-2600901,ANG-0000447,True,NIVF-5693827612,2026-03-01,2026-03-01,39155.9,refuzuar,Kerkon_Rivleftesim,Refuzuar,Jo,,2026-03-04,Fiskalizim i pavlefshëm,L42103023G,FURN-000752,sherbim,30
FAT-0000902,INST-0621-2600902,ANG-0000447,True,NIVF-7450922658,2026-03-21,2026-03-25,25414.94,pranuar,E_Vleftesuar,Miratuar,Po,R_Kaloi,2026-03-29,,L42103023G,FURN-000752,sherbim,30
FAT-0000903,INST-0552-2600903,ANG-0000448,True,NIVF-7665087890,2026-02-20,2026-02-21,75227.17,pranuar,E_Vleftesuar,Miratuar,Po,R_Kaloi,2026-02-26,,L52125019U,FURN-001563,mall,30
FAT-0000904,INST-0552-2600904,ANG-0000448,True,NIVF-8126482626,2026-04-12,2026-04-12,20772.83,pranuar,E_Vleftesuar,Miratuar,Po,R_Kaloi,2026-04-16,,L52125019U,FURN-001563,mall,30
FAT-0000905,INST-0152-2600905,ANG-0000449,True,NIVF-6646814395,2026-02-20,2026-02-22,13000.0,pranuar,E_Vleftesuar,Miratuar,Po,R_Kaloi,2026-02-23,,K91530017T,FURN-000032,mall,30
FAT-0000906,INST-0337-2600906,ANG-0000450,True,NIVF-7539192909,2026-02-19,2026-02-19,319044.81,pranuar,E_Vleftesuar,Miratuar,Po,R_Kaloi,2026-02-27,,J72124001N,FURN-000179,pune,30
FAT-0000907,INST-0337-2600907,ANG-0000450,True,NIVF-7725572454,2026-04-06,2026-04-08,242465.19,pranuar,E_Vleftesuar,Miratuar,Po,R_Kaloi,2026-04-13,,J72124001N,FURN-000179,pune,30
FAT-0000908,INST-0570-2600908,ANG-0000451,True,NIVF-3737813082,2026-02-22,2026-02-26,668000.0,pranuar,E_Vleftesuar,Miratuar,Po,R_Kaloi,2026-03-02,,M29514401L,FURN-000260,sherbim,30
FAT-0000909,INST-0337-2600909,ANG-0000452,True,NIVF-9505158933,2026-02-19,2026-02-19,678550.0,pranuar,E_Vleftesuar,Miratuar,Po,R_Kaloi,2026-02-28,,K12128004G,FURN-000667,mall,30
FAT-0000910,INST-0395-2600910,ANG-0000453,True,NIVF-5664021277,2026-02-10,2026-02-13,480525.04,pranuar,E_Vleftesuar,Miratuar,Po,R_Kaloi,2026-02-22,,L01314031G,FURN-000515,mall,30
FAT-0000911,INST-0395-2600911,ANG-0000453,True,NIVF-8595166584,2026-03-12,2026-03-15,334840.87,pranuar,E_Vleftesuar,Miratuar,Po,R_Kaloi,2026-03-19,,L01314031G,FURN-000515,mall,30
FAT-0000912,INST-0395-2600912,ANG-0000453,True,NIVF-1086825371,2026-04-23,2026-04-24,463734.1,pranuar,E_Vleftesuar,Miratuar,Po,R_Kaloi,2026-04-28,,L01314031G,FURN-000515,mall,30
FAT-0000913,INST-0563-2600913,ANG-0000454,True,NIVF-6747619479,2026-02-19,2026-02-22,2012.09,pranuar,E_Vleftesuar,Miratuar,Po,R_Kaloi,2026-03-03,,J67209280K,FURN-001255,mall,30
FAT-0000914,INST-0563-2600914,ANG-0000454,True,NIVF-5038215617,2026-03-16,2026-03-17,7987.91,pranuar,E_Vleftesuar,Miratuar,Po,R_Kaloi,2026-03-25,,J67209280K,FURN-001255,mall,30
FAT-0000915,INST-0337-2600915,ANG-0000455,True,NIVF-6185945365,2026-02-15,2026-02-18,3388.58,pranuar,E_Vleftesuar,Miratuar,Po,R_Kaloi,2026-02-20,,L51330015R,FURN-001333,mall,30
FAT-0000916,INST-0337-2600916,ANG-0000455,True,NIVF-2528760125,2026-04-07,2026-04-11,361.42,pranuar,E_Vleftesuar,Miratuar,Po,R_Kaloi,2026-04-15,,L51330015R,FURN-001333,mall,30
FAT-0000917,INST-0337-2600917,ANG-0000456,True,NIVF-7066379280,2026-02-17,2026-02-20,20344.32,pranuar,E_Vleftesuar,Miratuar,Po,R_Kaloi,2026-02-24,,M31614017H,FURN-001372,mall,30
FAT-0000918,INST-0337-2600918,ANG-0000456,True,NIVF-8853577682,2026-03-21,2026-03-23,32655.68,pranuar,E_Vleftesuar,Miratuar,Po,R_Kaloi,2026-03-29,,M31614017H,FURN-001372,mall,30
FAT-0000919,INST-0535-2600919,ANG-0000457,True,NIVF-5138240989,2026-02-13,2026-02-15,17600.0,pranuar,E_Vleftesuar,Miratuar,Po,R_Kaloi,2026-02-22,,J61814110J,FURN-000172,mall,30
FAT-0000920,INST-0536-2600920,ANG-0000458,True,NIVF-8576004549,2026-02-14,2026-02-15,309784.39,pranuar,E_Vleftesuar,Miratuar,Po,R_Kaloi,2026-02-20,,K87628701K,FURN-001075,mall,30
FAT-0000921,INST-0536-2600921,ANG-0000458,True,NIVF-8774309448,2026-03-21,2026-03-25,97033.61,pranuar,E_Vleftesuar,Miratuar,Po,R_Kaloi,2026-04-03,,K87628701K,FURN-001075,mall,30
FAT-0000922,INST-0653-2600922,ANG-0000459,True,NIVF-6290322469,2026-02-20,2026-02-23,3300.62,pranuar,E_Vleftesuar,Miratuar,Po,R_Kaloi,2026-03-04,,L01508026P,FURN-000052,mall,30
FAT-0000923,INST-0653-2600923,ANG-0000459,True,NIVF-6067766599,2026-04-13,2026-04-16,27699.38,pranuar,E_Vleftesuar,Miratuar,Po,R_Kaloi,2026-04-25,,L01508026P,FURN-000052,mall,30
FAT-0000924,INST-0331-2600924,ANG-0000460,True,NIVF-8821740556,2026-02-11,2026-02-15,100000.0,refuzuar,Kerkon_Rivleftesim,Refuzuar,Jo,,2026-02-22,Fiskalizim i pavlefshëm,M11825026T,FURN-001628,mall,30
FAT-0000925,INST-0395-2600925,ANG-0000461,True,NIVF-9927278207,2026-02-11,2026-02-15,24916.51,pranuar,E_Vleftesuar,Miratuar,Po,R_Kaloi,2026-02-20,,L47401203N,FURN-000855,mall,30
FAT-0000926,INST-0395-2600926,ANG-0000461,True,NIVF-7996572739,2026-03-06,2026-03-08,319469.86,pranuar,E_Vleftesuar,Miratuar,Po,R_Kaloi,2026-03-17,,L47401203N,FURN-000855,mall,30
FAT-0000927,INST-0395-2600927,ANG-0000461,True,NIVF-6767593525,2026-04-14,2026-04-15,155611.63,pranuar,E_Vleftesuar,Miratuar,Po,R_Kaloi,2026-04-16,,L47401203N,FURN-000855,mall,30
FAT-0000928,INST-0636-2600928,ANG-0000462,True,NIVF-3356118453,2026-02-16,2026-02-17,719000.0,pranuar,E_Vleftesuar,Miratuar,Po,R_Kaloi,2026-02-26,,L56712601P,FURN-001491,sherbim,30
FAT-0000929,INST-0621-2600929,ANG-0000463,True,NIVF-1086248573,2026-02-11,2026-02-13,69583.0,refuzuar,Kerkon_Rivleftesim,Refuzuar,Jo,,2026-02-17,Mospërputhje me kontratën,J62426002Q,FURN-000236,mall,30
FAT-0000930,INST-0621-2600930,ANG-0000464,True,NIVF-9797051741,2026-02-09,2026-02-11,97020.0,pranuar,E_Vleftesuar,Miratuar,Po,R_Kaloi,2026-02-16,,K26330201T,FURN-000299,mall,30
FAT-0000931,INST-0621-2600931,ANG-0000465,True,NIVF-3268262811,2026-02-14,2026-02-18,2.98,pranuar,E_Vleftesuar,Miratuar,Po,R_Kaloi,2026-02-23,,K66801001T,FURN-000325,mall,30
FAT-0000932,INST-0621-2600932,ANG-0000465,True,NIVF-4919849687,2026-03-17,2026-03-17,19.02,pranuar,E_Vleftesuar,Miratuar,Po,R_Kaloi,2026-03-23,,K66801001T,FURN-000325,mall,30
FAT-0000933,INST-0621-2600933,ANG-0000466,True,NIVF-4564244578,2026-02-23,2026-02-27,23915.62,pranuar,E_Vleftesuar,Miratuar,Po,R_Kaloi,2026-03-05,,M31614017H,FURN-001372,mall,30
FAT-0000934,INST-0621-2600934,ANG-0000466,True,NIVF-4141417826,2026-04-02,2026-04-04,74084.38,pranuar,E_Vleftesuar,Miratuar,Po,R_Kaloi,2026-04-05,,M31614017H,FURN-001372,mall,30
FAT-0000935,INST-0621-2600935,ANG-0000467,True,NIVF-9378142424,2026-02-17,2026-02-21,122740.13,pranuar,E_Vleftesuar,Miratuar,Po,R_Kaloi,2026-02-26,,L71515507M,FURN-001619,mall,30
FAT-0000936,INST-0621-2600936,ANG-0000467,True,NIVF-8634711441,2026-04-03,2026-04-05,65990.47,pranuar,E_Vleftesuar,Miratuar,Po,R_Kaloi,2026-04-12,,L71515507M,FURN-001619,mall,30
FAT-0000937,INST-0621-2600937,ANG-0000467,True,NIVF-9500064338,2026-05-22,2026-05-25,81269.4,pranuar,E_Vleftesuar,Miratuar,Po,R_Kaloi,2026-05-26,,L71515507M,FURN-001619,mall,30
FAT-0000938,INST-0621-2600938,ANG-0000468,True,NIVF-8344580911,2026-02-15,2026-02-19,641850.0,pranuar,E_Vleftesuar,Miratuar,Po,R_Kaloi,2026-02-24,,L87708801M,FURN-001985,mall,30
FAT-0000939,INST-0621-2600939,ANG-0000469,True,NIVF-3082667835,2026-02-19,2026-02-22,28600.0,refuzuar,Kerkon_Rivleftesim,Refuzuar,Jo,,2026-02-28,Mungesë dokumentacioni mbështetës,K91530017T,FURN-000032,mall,30
FAT-0000940,INST-0621-2600940,ANG-0000470,True,NIVF-7724034995,2026-02-16,2026-02-20,11327.58,pranuar,E_Vleftesuar,Miratuar,Po,R_Kaloi,2026-02-21,,M17305402J,FURN-000280,mall,30
FAT-0000941,INST-0621-2600941,ANG-0000470,True,NIVF-7664657343,2026-04-11,2026-04-14,22588.16,pranuar,E_Vleftesuar,Miratuar,Po,R_Kaloi,2026-04-21,,M17305402J,FURN-000280,mall,30
FAT-0000942,INST-0621-2600942,ANG-0000470,True,NIVF-3523130643,2026-06-07,2026-06-08,16084.26,pranuar,E_Vleftesuar,Miratuar,Po,R_Kaloi,2026-06-10,,M17305402J,FURN-000280,mall,30
FAT-0000943,INST-0535-2600943,ANG-0000471,True,NIVF-1707063036,2026-02-19,2026-02-21,322868.49,pranuar,E_Vleftesuar,Miratuar,Po,R_Kaloi,2026-02-22,,M58926201D,FURN-000846,mall,30
FAT-0000944,INST-0535-2600944,ANG-0000471,True,NIVF-9572791087,2026-03-17,2026-03-20,57131.51,pranuar,E_Vleftesuar,Miratuar,Po,R_Kaloi,2026-03-27,,M58926201D,FURN-000846,mall,30
FAT-0000945,INST-0396-2600945,ANG-0000472,True,NIVF-3627600272,2026-02-10,2026-02-11,909036.43,pranuar,E_Vleftesuar,Miratuar,Po,R_Kaloi,2026-02-13,,M16809801M,FURN-001963,mall,30
FAT-0000946,INST-0396-2600946,ANG-0000472,True,NIVF-8224360945,2026-03-26,2026-03-29,90639.57,pranuar,E_Vleftesuar,Miratuar,Po,R_Kaloi,2026-04-07,,M16809801M,FURN-001963,mall,30
FAT-0000947,INST-0337-2600947,ANG-0000473,True,NIVF-3179981522,2026-02-19,2026-02-22,54840.14,pranuar,E_Vleftesuar,Miratuar,Po,R_Kaloi,2026-03-03,,M12127026K,FURN-000085,mall,30
FAT-0000948,INST-0337-2600948,ANG-0000473,True,NIVF-2244294605,2026-04-18,2026-04-20,129139.22,pranuar,E_Vleftesuar,Miratuar,Po,R_Kaloi,2026-04-25,,M12127026K,FURN-000085,mall,30
FAT-0000949,INST-0337-2600949,ANG-0000473,True,NIVF-9541039065,2026-05-10,2026-05-10,65020.64,pranuar,E_Vleftesuar,Miratuar,Po,R_Kaloi,2026-05-19,,M12127026K,FURN-000085,mall,30
FAT-0000950,INST-0853-2600950,ANG-0000474,True,NIVF-1482360442,2026-02-09,2026-02-12,0.0,pranuar,E_Vleftesuar,Miratuar,Po,R_Kaloi,2026-02-19,,,,sherbim,30
FAT-0000951,INST-0853-2600951,ANG-0000474,True,NIVF-7810762243,2026-03-29,2026-03-30,0.0,pranuar,E_Vleftesuar,Miratuar,Po,R_Kaloi,2026-04-04,,,,sherbim,30
FAT-0000952,INST-0853-2600952,ANG-0000474,True,NIVF-6064371932,2026-05-12,2026-05-15,0.0,pranuar,E_Vleftesuar,Miratuar,Po,R_Kaloi,2026-05-21,,,,sherbim,30
FAT-0000953,INST-0621-2600953,ANG-0000475,True,NIVF-5843273922,2026-02-16,2026-02-17,75611.68,pranuar,E_Vleftesuar,Miratuar,Po,R_Kaloi,2026-02-22,,K41926801W,FURN-000316,mall,30
FAT-0000954,INST-0621-2600954,ANG-0000475,True,NIVF-7119990584,2026-04-02,2026-04-04,325357.3,pranuar,E_Vleftesuar,Miratuar,Po,R_Kaloi,2026-04-12,,K41926801W,FURN-000316,mall,30
FAT-0000955,INST-0621-2600955,ANG-0000475,True,NIVF-2213436211,2026-05-09,2026-05-09,12001.02,pranuar,E_Vleftesuar,Miratuar,Po,R_Kaloi,2026-05-10,,K41926801W,FURN-000316,mall,30
FAT-0000956,INST-0621-2600956,ANG-0000476,True,NIVF-5187604124,2026-02-20,2026-02-20,86610.73,refuzuar,Kerkon_Rivleftesim,Refuzuar,Jo,,2026-02-22,Mungesë dokumentacioni mbështetës,K97727502F,FURN-000031,mall,30
FAT-0000957,INST-0621-2600957,ANG-0000476,True,NIVF-8217815753,2026-03-27,2026-03-27,4769.27,pranuar,E_Vleftesuar,Miratuar,Po,R_Kaloi,2026-03-30,,K97727502F,FURN-000031,mall,30
FAT-0000958,INST-0621-2600958,ANG-0000477,True,NIVF-2770721272,2026-02-10,2026-02-11,99000.0,pranuar,E_Vleftesuar,Miratuar,Po,R_Kaloi,2026-02-13,,M31614017H,FURN-001372,mall,30
FAT-0000959,INST-0621-2600959,ANG-0000478,True,NIVF-7699099317,2026-02-21,2026-02-22,493000.0,pranuar,E_Vleftesuar,Miratuar,Po,R_Kaloi,2026-02-28,,L72003016A,FURN-001763,mall,30
FAT-0000960,INST-0621-2600960,ANG-0000479,True,NIVF-4281281515,2026-02-10,2026-02-13,78224.02,pranuar,E_Vleftesuar,Miratuar,Po,R_Kaloi,2026-02-18,,M31421005N,FURN-001320,mall,30
FAT-0000961,INST-0621-2600961,ANG-0000479,True,NIVF-9511077538,2026-03-28,2026-03-31,21425.98,pranuar,E_Vleftesuar,Miratuar,Po,R_Kaloi,2026-04-05,,M31421005N,FURN-001320,mall,30
FAT-0000962,INST-0621-2600962,ANG-0000480,True,NIVF-4419047615,2026-02-22,2026-02-25,14572.98,pranuar,E_Vleftesuar,Miratuar,Po,R_Kaloi,2026-03-04,,L52202527V,FURN-000171,mall,30
FAT-0000963,INST-0621-2600963,ANG-0000480,True,NIVF-8726663671,2026-03-24,2026-03-26,76587.91,pranuar,E_Vleftesuar,Miratuar,Po,R_Kaloi,2026-03-27,,L52202527V,FURN-000171,mall,30
FAT-0000964,INST-0621-2600964,ANG-0000480,True,NIVF-3679053573,2026-05-05,2026-05-07,7839.11,pranuar,E_Vleftesuar,Miratuar,Po,R_Kaloi,2026-05-11,,L52202527V,FURN-000171,mall,30
FAT-0000965,INST-0621-2600965,ANG-0000481,True,NIVF-8267931751,2026-02-18,2026-02-21,174884.28,pranuar,E_Vleftesuar,Miratuar,Po,R_Kaloi,2026-02-24,,K26330201T,FURN-000299,mall,30
FAT-0000966,INST-0621-2600966,ANG-0000481,True,NIVF-7994974580,2026-03-16,2026-03-20,65113.72,pranuar,E_Vleftesuar,Miratuar,Po,R_Kaloi,2026-03-22,,K26330201T,FURN-000299,mall,30
FAT-0000967,INST-0621-2600967,ANG-0000482,True,NIVF-5431072494,2026-02-12,2026-02-13,0.0,pranuar,E_Vleftesuar,Miratuar,Po,R_Kaloi,2026-02-19,,,,mall,30
FAT-0000968,INST-0621-2600968,ANG-0000482,True,NIVF-7191745494,2026-03-14,2026-03-15,0.0,pranuar,E_Vleftesuar,Miratuar,Po,R_Kaloi,2026-03-22,,,,mall,30
FAT-0000969,INST-0621-2600969,ANG-0000482,True,NIVF-7772778065,2026-05-03,2026-05-06,0.0,pranuar,E_Vleftesuar,Miratuar,Po,R_Kaloi,2026-05-10,,,,mall,30
FAT-0000970,INST-0568-2600970,ANG-0000483,True,NIVF-1696581170,2026-02-14,2026-02-17,818520.0,pranuar,E_Vleftesuar,Miratuar,Po,R_Kaloi,2026-02-23,,L01717030C,FURN-000490,mall,30
FAT-0000971,INST-0161-2600971,ANG-0000484,True,NIVF-7115552717,2026-02-10,2026-02-12,5051.89,pranuar,E_Vleftesuar,Miratuar,Po,R_Kaloi,2026-02-16,,K91530017T,FURN-000032,mall,30
FAT-0000972,INST-0161-2600972,ANG-0000484,True,NIVF-5977860073,2026-03-14,2026-03-14,3193.72,pranuar,E_Vleftesuar,Miratuar,Po,R_Kaloi,2026-03-16,,K91530017T,FURN-000032,mall,30
FAT-0000973,INST-0161-2600973,ANG-0000484,True,NIVF-4337894890,2026-05-04,2026-05-06,4954.38,pranuar,E_Vleftesuar,Miratuar,Po,R_Kaloi,2026-05-09,,K91530017T,FURN-000032,mall,30
FAT-0000974,INST-0164-2600974,ANG-0000485,True,NIVF-3771648002,2026-02-11,2026-02-14,217213.01,pranuar,E_Vleftesuar,Miratuar,Po,R_Kaloi,2026-02-22,,L01717030C,FURN-000490,mall,30
FAT-0000975,INST-0164-2600975,ANG-0000485,True,NIVF-8959777147,2026-03-10,2026-03-11,85752.99,pranuar,E_Vleftesuar,Miratuar,Po,R_Kaloi,2026-03-18,,L01717030C,FURN-000490,mall,30
FAT-0000976,INST-0081-2600976,ANG-0000486,True,NIVF-2347867170,2026-02-12,2026-02-14,24000.0,refuzuar,Kerkon_Rivleftesim,Refuzuar,Jo,,2026-02-17,Gabim në shumën e faturuar,K31528567W,FURN-001912,mall,30
FAT-0000977,INST-0173-2600977,ANG-0000487,True,NIVF-2779179611,2026-02-15,2026-02-19,72800.0,pranuar,E_Vleftesuar,Miratuar,Po,R_Kaloi,2026-02-24,,M31317014M,FURN-001911,mall,30
FAT-0000978,INST-0141-2600978,ANG-0000488,True,NIVF-5480710849,2026-02-18,2026-02-20,393304.05,pranuar,E_Vleftesuar,Miratuar,Po,R_Kaloi,2026-02-21,,K31520054N,FURN-000117,mall,30
FAT-0000979,INST-0141-2600979,ANG-0000488,True,NIVF-6450977348,2026-03-14,2026-03-17,1571247.95,pranuar,E_Vleftesuar,Miratuar,Po,R_Kaloi,2026-03-24,,K31520054N,FURN-000117,mall,30
FAT-0000980,INST-0141-2600980,ANG-0000489,True,NIVF-1267300811,2026-02-16,2026-02-17,177.88,pranuar,E_Vleftesuar,Miratuar,Po,R_Kaloi,2026-02-26,,L61628029K,FURN-001876,mall,30
FAT-0000981,INST-0141-2600981,ANG-0000489,True,NIVF-3400341736,2026-04-10,2026-04-13,655.93,pranuar,E_Vleftesuar,Miratuar,Po,R_Kaloi,2026-04-14,,L61628029K,FURN-001876,mall,30
FAT-0000982,INST-0141-2600982,ANG-0000489,True,NIVF-3107982150,2026-05-14,2026-05-15,2766.19,pranuar,E_Vleftesuar,Miratuar,Po,R_Kaloi,2026-05-16,,L61628029K,FURN-001876,mall,30
FAT-0000983,INST-0067-2600983,ANG-0000490,True,NIVF-7760638694,2026-02-17,2026-02-20,93000.0,refuzuar,Kerkon_Rivleftesim,Refuzuar,Jo,,2026-02-28,Gabim në shumën e faturuar,M32310015K,FURN-000142,mall,30
FAT-0000984,INST-0164-2600984,ANG-0000491,True,NIVF-5105622188,2026-02-14,2026-02-17,143581.34,pranuar,E_Vleftesuar,Miratuar,Po,R_Kaloi,2026-02-18,,K51612031J,FURN-000015,mall,30
FAT-0000985,INST-0164-2600985,ANG-0000491,True,NIVF-9690576438,2026-04-13,2026-04-17,54308.66,refuzuar,Kerkon_Rivleftesim,Refuzuar,Jo,,2026-04-21,Fiskalizim i pavlefshëm,K51612031J,FURN-000015,mall,30
FAT-0000986,INST-0168-2600986,ANG-0000492,True,NIVF-7411353544,2026-02-18,2026-02-21,1105574.03,pranuar,E_Vleftesuar,Miratuar,Po,R_Kaloi,2026-02-22,,K52115005W,FURN-000116,mall,30
FAT-0000987,INST-0168-2600987,ANG-0000492,True,NIVF-5892072559,2026-04-08,2026-04-12,903425.97,pranuar,E_Vleftesuar,Miratuar,Po,R_Kaloi,2026-04-20,,K52115005W,FURN-000116,mall,30
FAT-0000988,INST-0621-2600988,ANG-0000493,True,NIVF-7711908769,2026-02-18,2026-02-20,26250.0,pranuar,E_Vleftesuar,Miratuar,Po,R_Kaloi,2026-02-23,,K62320012O,FURN-000162,mall,30
FAT-0000989,INST-0067-2600989,ANG-0000494,True,NIVF-5804312073,2026-02-22,2026-02-22,22606.56,pranuar,E_Vleftesuar,Miratuar,Po,R_Kaloi,2026-03-02,,K62320012O,FURN-000162,sherbim,30
FAT-0000990,INST-0067-2600990,ANG-0000494,True,NIVF-9788030534,2026-04-08,2026-04-09,45393.44,pranuar,E_Vleftesuar,Miratuar,Po,R_Kaloi,2026-04-18,,K62320012O,FURN-000162,sherbim,30
FAT-0000991,INST-0130-2600991,ANG-0000495,True,NIVF-2688243309,2026-02-12,2026-02-12,440000.0,pranuar,E_Vleftesuar,Miratuar,Po,R_Kaloi,2026-02-21,,L91315035G,FURN-001969,mall,30
FAT-0000992,INST-0164-2600992,ANG-0000496,True,NIVF-5244416390,2026-02-18,2026-02-20,300000.0,pranuar,E_Vleftesuar,Miratuar,Po,R_Kaloi,2026-02-22,,L92019017V,FURN-000712,mall,30
FAT-0000993,INST-0157-2600993,ANG-0000497,True,NIVF-8562566808,2026-02-10,2026-02-11,16500.0,pranuar,E_Vleftesuar,Miratuar,Po,R_Kaloi,2026-02-12,,K62713404B,FURN-001146,pune,30
FAT-0000994,INST-0404-2600994,ANG-0000498,True,NIVF-4434622220,2026-02-14,2026-02-15,0.0,pranuar,E_Vleftesuar,Miratuar,Po,R_Kaloi,2026-02-19,,,,sherbim,30
FAT-0000995,INST-0404-2600995,ANG-0000498,True,NIVF-5990724646,2026-03-31,2026-04-03,0.0,pranuar,E_Vleftesuar,Miratuar,Po,R_Kaloi,2026-04-09,,,,sherbim,30
FAT-0000996,INST-0404-2600996,ANG-0000498,True,NIVF-4868814279,2026-05-26,2026-05-30,0.0,pranuar,E_Vleftesuar,Miratuar,Po,R_Kaloi,2026-06-04,,,,sherbim,30
FAT-0000997,INST-0364-2600997,ANG-0000499,True,NIVF-1701880160,2026-02-17,2026-02-18,21880.0,pranuar,E_Vleftesuar,Miratuar,Po,R_Kaloi,2026-02-22,,M22307015R,FURN-000354,sherbim,30
FAT-0000998,INST-0570-2600998,ANG-0000500,True,NIVF-6736187685,2026-02-22,2026-02-26,93745.14,pranuar,E_Vleftesuar,Miratuar,Po,R_Kaloi,2026-02-27,,L51611004I,FURN-000309,sherbim,30
FAT-0000999,INST-0570-2600999,ANG-0000500,True,NIVF-6922450317,2026-03-14,2026-03-17,47001.14,pranuar,E_Vleftesuar,Miratuar,Po,R_Kaloi,2026-03-21,,L51611004I,FURN-000309,sherbim,30
FAT-0001000,INST-0570-2601000,ANG-0000500,True,NIVF-9004811683,2026-04-16,2026-04-20,248153.71,pranuar,E_Vleftesuar,Miratuar,Po,R_Kaloi,2026-04-23,,L51611004I,FURN-000309,sherbim,30
FAT-0001001,INST-0404-2601001,ANG-0000501,True,NIVF-2734563451,2026-02-14,2026-02-15,14735000.0,pranuar,E_Vleftesuar,Miratuar,Po,R_Kaloi,2026-02-21,,J62426002Q,FURN-000236,mall,30
FAT-0001002,INST-0853-2601002,ANG-0000502,True,NIVF-3183589824,2026-02-11,2026-02-14,460563.42,pranuar,E_Vleftesuar,Miratuar,Po,R_Kaloi,2026-02-15,,M01714005H,FURN-000612,mall,30
FAT-0001003,INST-0853-2601003,ANG-0000502,True,NIVF-5046460289,2026-03-03,2026-03-07,339436.58,pranuar,E_Vleftesuar,Miratuar,Po,R_Kaloi,2026-03-16,,M01714005H,FURN-000612,mall,30
FAT-0001004,INST-0853-2601004,ANG-0000503,True,NIVF-6806623146,2026-02-14,2026-02-17,51936.33,pranuar,E_Vleftesuar,Miratuar,Po,R_Kaloi,2026-02-24,,M11529014H,FURN-000062,mall,30
FAT-0001005,INST-0853-2601005,ANG-0000503,True,NIVF-6866536250,2026-04-05,2026-04-07,47063.67,pranuar,E_Vleftesuar,Miratuar,Po,R_Kaloi,2026-04-14,,M11529014H,FURN-000062,mall,30
FAT-0001006,INST-0146-2601006,ANG-0000504,True,NIVF-4592038049,2026-02-17,2026-02-21,9999974.0,pranuar,E_Vleftesuar,Miratuar,Po,R_Kaloi,2026-02-22,,K91517011V,FURN-001925,mall,30
FAT-0001007,INST-0574-2601007,ANG-0000505,True,NIVF-2044667485,2026-02-17,2026-02-18,34568.38,pranuar,E_Vleftesuar,Miratuar,Po,R_Kaloi,2026-02-19,,M16815006L,FURN-000473,sherbim,30
FAT-0001008,INST-0574-2601008,ANG-0000505,True,NIVF-8140767310,2026-03-16,2026-03-19,65431.62,pranuar,E_Vleftesuar,Miratuar,Po,R_Kaloi,2026-03-24,,M16815006L,FURN-000473,sherbim,30
FAT-0001009,INST-0550-2601009,ANG-0000506,True,NIVF-6425901913,2026-02-14,2026-02-16,16759.14,pranuar,E_Vleftesuar,Miratuar,Po,R_Kaloi,2026-02-19,,K91530017T,FURN-000032,sherbim,30
FAT-0001010,INST-0550-2601010,ANG-0000506,True,NIVF-7031232064,2026-03-15,2026-03-18,11103.28,pranuar,E_Vleftesuar,Miratuar,Po,R_Kaloi,2026-03-25,,K91530017T,FURN-000032,sherbim,30
FAT-0001011,INST-0550-2601011,ANG-0000506,True,NIVF-7538252078,2026-05-09,2026-05-11,24137.57,pranuar,E_Vleftesuar,Miratuar,Po,R_Kaloi,2026-05-18,,K91530017T,FURN-000032,sherbim,30
FAT-0001012,INST-0239-2601012,ANG-0000507,True,NIVF-3573178785,2026-02-11,2026-02-13,16633.54,pranuar,E_Vleftesuar,Miratuar,Po,R_Kaloi,2026-02-19,,K26330201T,FURN-000299,pune,30
FAT-0001013,INST-0239-2601013,ANG-0000507,True,NIVF-9496250651,2026-03-26,2026-03-29,64189.34,pranuar,E_Vleftesuar,Miratuar,Po,R_Kaloi,2026-04-06,,K26330201T,FURN-000299,pune,30
FAT-0001014,INST-0239-2601014,ANG-0000507,True,NIVF-5536613986,2026-04-24,2026-04-25,119177.12,pranuar,E_Vleftesuar,Miratuar,Po,R_Kaloi,2026-04-30,,K26330201T,FURN-000299,pune,30
FAT-0001015,INST-0243-2601015,ANG-0000508,True,NIVF-1510533779,2026-02-22,2026-02-25,131290.0,pranuar,E_Vleftesuar,Miratuar,Po,R_Kaloi,2026-03-05,,K51612031J,FURN-000015,pune,30
FAT-0001016,INST-0171-2601016,ANG-0000509,True,NIVF-6955401321,2026-02-12,2026-02-14,534237.13,pranuar,E_Vleftesuar,Miratuar,Po,R_Kaloi,2026-02-18,,K82529403A,FURN-001698,mall,30
FAT-0001017,INST-0171-2601017,ANG-0000509,True,NIVF-1951132062,2026-04-02,2026-04-02,345762.87,pranuar,E_Vleftesuar,Miratuar,Po,R_Kaloi,2026-04-09,,K82529403A,FURN-001698,mall,30
FAT-0001018,INST-0621-2601018,ANG-0000510,True,NIVF-3257035333,2026-02-17,2026-02-18,712455.28,pranuar,E_Vleftesuar,Miratuar,Po,R_Kaloi,2026-02-27,,J64103422D,FURN-000118,sherbim,30
FAT-0001019,INST-0621-2601019,ANG-0000510,True,NIVF-8088266574,2026-03-25,2026-03-27,429294.72,pranuar,E_Vleftesuar,Miratuar,Po,R_Kaloi,2026-03-30,,J64103422D,FURN-000118,sherbim,30
FAT-0001020,INST-0424-2601020,ANG-0000511,True,NIVF-1610646922,2026-02-15,2026-02-19,15104.77,pranuar,E_Vleftesuar,Miratuar,Po,R_Kaloi,2026-02-24,,K21405001N,FURN-000404,pune,30
FAT-0001021,INST-0424-2601021,ANG-0000511,True,NIVF-3679915918,2026-04-05,2026-04-06,2295.23,pranuar,E_Vleftesuar,Miratuar,Po,R_Kaloi,2026-04-12,,K21405001N,FURN-000404,pune,30
FAT-0001022,INST-0915-2601022,ANG-0000512,True,NIVF-1927513304,2026-02-14,2026-02-14,42435.94,pranuar,E_Vleftesuar,Miratuar,Po,R_Kaloi,2026-02-22,,K21912001R,FURN-000018,mall,30
FAT-0001023,INST-0915-2601023,ANG-0000512,True,NIVF-6275756441,2026-04-04,2026-04-05,4964.06,pranuar,E_Vleftesuar,Miratuar,Po,R_Kaloi,2026-04-09,,K21912001R,FURN-000018,mall,30
FAT-0001024,INST-0621-2601024,ANG-0000513,True,NIVF-7615084662,2026-02-21,2026-02-23,78471.38,pranuar,E_Vleftesuar,Miratuar,Po,R_Kaloi,2026-03-02,,K41420001V,FURN-000016,mall,30
FAT-0001025,INST-0621-2601025,ANG-0000513,True,NIVF-2078600973,2026-04-03,2026-04-04,92853.63,refuzuar,Kerkon_Rivleftesim,Refuzuar,Jo,,2026-04-05,Mungesë dokumentacioni mbështetës,K41420001V,FURN-000016,mall,30
FAT-0001026,INST-0621-2601026,ANG-0000513,True,NIVF-7047120585,2026-04-28,2026-04-28,2224.98,pranuar,E_Vleftesuar,Miratuar,Po,R_Kaloi,2026-04-30,,K41420001V,FURN-000016,mall,30
FAT-0001027,INST-0621-2601027,ANG-0000514,True,NIVF-4230412357,2026-02-16,2026-02-20,7529.91,pranuar,E_Vleftesuar,Miratuar,Po,R_Kaloi,2026-02-27,,L32222023L,FURN-001005,mall,30
FAT-0001028,INST-0621-2601028,ANG-0000514,True,NIVF-1530623860,2026-04-10,2026-04-11,1260.99,pranuar,E_Vleftesuar,Miratuar,Po,R_Kaloi,2026-04-17,,L32222023L,FURN-001005,mall,30
FAT-0001029,INST-0621-2601029,ANG-0000514,True,NIVF-9355196771,2026-05-06,2026-05-08,8709.1,pranuar,E_Vleftesuar,Miratuar,Po,R_Kaloi,2026-05-11,,L32222023L,FURN-001005,mall,30
FAT-0001030,INST-0098-2601030,ANG-0000515,True,NIVF-3724726747,2026-02-15,2026-02-19,4548663.72,pranuar,E_Vleftesuar,Miratuar,Po,R_Kaloi,2026-02-22,,J62426002Q,FURN-000236,mall,30
FAT-0001031,INST-1010-2601031,ANG-0000516,True,NIVF-3159902399,2026-02-10,2026-02-10,7910.57,pranuar,E_Vleftesuar,Miratuar,Po,R_Kaloi,2026-02-12,,K91530017T,FURN-000032,pune,30
FAT-0001032,INST-1010-2601032,ANG-0000516,True,NIVF-6373395198,2026-03-19,2026-03-23,6389.43,pranuar,E_Vleftesuar,Miratuar,Po,R_Kaloi,2026-03-27,,K91530017T,FURN-000032,pune,30
FAT-0001033,INST-0128-2601033,ANG-0000517,True,NIVF-3088228919,2026-02-14,2026-02-17,63671.67,pranuar,E_Vleftesuar,Miratuar,Po,R_Kaloi,2026-02-22,,K36310622M,FURN-001916,mall,30
FAT-0001034,INST-0128-2601034,ANG-0000517,True,NIVF-7697885069,2026-04-10,2026-04-10,185328.33,refuzuar,Kerkon_Rivleftesim,Refuzuar,Jo,,2026-04-13,Fiskalizim i pavlefshëm,K36310622M,FURN-001916,mall,30
FAT-0001035,INST-0172-2601035,ANG-0000518,True,NIVF-4514591314,2026-02-12,2026-02-12,394471.13,pranuar,E_Vleftesuar,Miratuar,Po,R_Kaloi,2026-02-17,,M42008005I,FURN-000659,mall,30
FAT-0001036,INST-0172-2601036,ANG-0000518,True,NIVF-3095715023,2026-03-18,2026-03-21,22195.37,pranuar,E_Vleftesuar,Miratuar,Po,R_Kaloi,2026-03-27,,M42008005I,FURN-000659,mall,30
FAT-0001037,INST-0172-2601037,ANG-0000519,True,NIVF-3896820872,2026-02-14,2026-02-17,10240.37,pranuar,E_Vleftesuar,Miratuar,Po,R_Kaloi,2026-02-24,,M11501503U,FURN-001919,mall,30
FAT-0001038,INST-0172-2601038,ANG-0000519,True,NIVF-9985579130,2026-03-29,2026-03-31,799.63,pranuar,E_Vleftesuar,Miratuar,Po,R_Kaloi,2026-04-07,,M11501503U,FURN-001919,mall,30
FAT-0001039,INST-0172-2601039,ANG-0000520,True,NIVF-1471395341,2026-02-21,2026-02-22,798181.34,pranuar,E_Vleftesuar,Miratuar,Po,R_Kaloi,2026-02-23,,J91505006Q,FURN-001418,mall,30
FAT-0001040,INST-0172-2601040,ANG-0000520,True,NIVF-1925766571,2026-04-13,2026-04-15,331605.05,pranuar,E_Vleftesuar,Miratuar,Po,R_Kaloi,2026-04-18,,J91505006Q,FURN-001418,mall,30
FAT-0001041,INST-0172-2601041,ANG-0000520,True,NIVF-7257226395,2026-06-11,2026-06-13,310213.61,pranuar,E_Vleftesuar,Miratuar,Po,R_Kaloi,2026-06-21,,J91505006Q,FURN-001418,mall,30
FAT-0001042,INST-0915-2601042,ANG-0000521,True,NIVF-2041681019,2026-02-12,2026-02-13,545.53,refuzuar,Kerkon_Rivleftesim,Refuzuar,Jo,,2026-02-16,Fiskalizim i pavlefshëm,K81324039M,FURN-000233,sherbim,30
FAT-0001043,INST-0915-2601043,ANG-0000521,True,NIVF-4483245947,2026-03-12,2026-03-16,523.35,pranuar,E_Vleftesuar,Miratuar,Po,R_Kaloi,2026-03-18,,K81324039M,FURN-000233,sherbim,30
FAT-0001044,INST-0915-2601044,ANG-0000521,True,NIVF-2213981358,2026-04-01,2026-04-04,131.12,pranuar,E_Vleftesuar,Miratuar,Po,R_Kaloi,2026-04-13,,K81324039M,FURN-000233,sherbim,30
FAT-0001045,INST-0934-2601045,ANG-0000522,True,NIVF-7491070766,2026-02-14,2026-02-15,37304.48,pranuar,E_Vleftesuar,Miratuar,Po,R_Kaloi,2026-02-24,,K66801001T,FURN-000325,sherbim,30
FAT-0001046,INST-0934-2601046,ANG-0000522,True,NIVF-9976946892,2026-03-08,2026-03-09,110600.54,pranuar,E_Vleftesuar,Miratuar,Po,R_Kaloi,2026-03-10,,K66801001T,FURN-000325,sherbim,30
FAT-0001047,INST-0934-2601047,ANG-0000522,True,NIVF-3514535418,2026-04-11,2026-04-14,77594.98,refuzuar,Kerkon_Rivleftesim,Refuzuar,Jo,,2026-04-16,Mospërputhje me kontratën,K66801001T,FURN-000325,sherbim,30
FAT-0001048,INST-0098-2601048,ANG-0000523,True,NIVF-6334366952,2026-02-19,2026-02-23,103838.0,pranuar,E_Vleftesuar,Miratuar,Po,R_Kaloi,2026-03-02,,L31714005J,FURN-000114,mall,30
FAT-0001049,INST-0621-2601049,ANG-0000524,True,NIVF-7040091339,2026-02-13,2026-02-17,46281.03,pranuar,E_Vleftesuar,Miratuar,Po,R_Kaloi,2026-02-23,,L57214206F,FURN-000693,mall,30
FAT-0001050,INST-0621-2601050,ANG-0000524,True,NIVF-2268957355,2026-03-08,2026-03-09,53718.97,pranuar,E_Vleftesuar,Miratuar,Po,R_Kaloi,2026-03-15,,L57214206F,FURN-000693,mall,30
FAT-0001051,INST-0621-2601051,ANG-0000525,True,NIVF-8269922830,2026-02-17,2026-02-20,221080.55,pranuar,E_Vleftesuar,Miratuar,Po,R_Kaloi,2026-02-27,,L41629009A,FURN-000480,mall,30
FAT-0001052,INST-0621-2601052,ANG-0000525,True,NIVF-5135137301,2026-04-12,2026-04-12,22019.45,refuzuar,Kerkon_Rivleftesim,Refuzuar,Jo,,2026-04-20,Mungesë dokumentacioni mbështetës,L41629009A,FURN-000480,mall,30
FAT-0001053,INST-0915-2601053,ANG-0000526,True,NIVF-5554939176,2026-02-20,2026-02-21,1665624.17,pranuar,E_Vleftesuar,Miratuar,Po,R_Kaloi,2026-02-28,,L81530012C,FURN-000126,mall,30
FAT-0001054,INST-0915-2601054,ANG-0000526,True,NIVF-5797245794,2026-03-22,2026-03-23,342775.83,pranuar,E_Vleftesuar,Miratuar,Po,R_Kaloi,2026-03-28,,L81530012C,FURN-000126,mall,30
FAT-0001055,INST-0915-2601055,ANG-0000527,True,NIVF-6321607261,2026-02-24,2026-02-26,525824.2,pranuar,E_Vleftesuar,Miratuar,Po,R_Kaloi,2026-02-28,,K13909401G,FURN-001751,pune,30
FAT-0001056,INST-0915-2601056,ANG-0000527,True,NIVF-2967520205,2026-04-21,2026-04-24,539109.46,pranuar,E_Vleftesuar,Miratuar,Po,R_Kaloi,2026-04-26,,K13909401G,FURN-001751,pune,30
FAT-0001057,INST-0915-2601057,ANG-0000527,True,NIVF-4635647859,2026-05-31,2026-06-03,382799.08,pranuar,E_Vleftesuar,Miratuar,Po,R_Kaloi,2026-06-11,,K13909401G,FURN-001751,pune,30
FAT-0001058,INST-0242-2601058,ANG-0000528,True,NIVF-6033955380,2026-02-19,2026-02-23,25121.45,pranuar,E_Vleftesuar,Miratuar,Po,R_Kaloi,2026-02-25,,K62320012O,FURN-000162,pune,30
FAT-0001059,INST-0242-2601059,ANG-0000528,True,NIVF-4398917735,2026-04-07,2026-04-09,29378.55,pranuar,E_Vleftesuar,Miratuar,Po,R_Kaloi,2026-04-18,,K62320012O,FURN-000162,pune,30
FAT-0001060,INST-0176-2601060,ANG-0000529,True,NIVF-2257734161,2026-02-23,2026-02-25,82432.03,pranuar,E_Vleftesuar,Miratuar,Po,R_Kaloi,2026-02-26,,K52115005W,FURN-000116,sherbim,30
FAT-0001061,INST-0176-2601061,ANG-0000529,True,NIVF-6723379678,2026-03-23,2026-03-23,5047.97,pranuar,E_Vleftesuar,Miratuar,Po,R_Kaloi,2026-03-24,,K52115005W,FURN-000116,sherbim,30
FAT-0001062,INST-0920-2601062,ANG-0000530,True,NIVF-7069941794,2026-02-23,2026-02-27,859.11,pranuar,E_Vleftesuar,Miratuar,Po,R_Kaloi,2026-03-05,,J61817047D,FURN-000143,sherbim,30
FAT-0001063,INST-0920-2601063,ANG-0000530,True,NIVF-9050747242,2026-03-20,2026-03-22,26858.03,refuzuar,Kerkon_Rivleftesim,Refuzuar,Jo,,2026-03-31,Gabim në shumën e faturuar,J61817047D,FURN-000143,sherbim,30
FAT-0001064,INST-0920-2601064,ANG-0000530,True,NIVF-1881283667,2026-05-07,2026-05-09,69782.86,pranuar,E_Vleftesuar,Miratuar,Po,R_Kaloi,2026-05-16,,J61817047D,FURN-000143,sherbim,30
FAT-0001065,INST-0920-2601065,ANG-0000531,True,NIVF-8717507605,2026-02-24,2026-02-25,0.0,pranuar,E_Vleftesuar,Miratuar,Po,R_Kaloi,2026-03-04,,,,mall,30
FAT-0001066,INST-0920-2601066,ANG-0000531,True,NIVF-3603989597,2026-03-26,2026-03-26,0.0,pranuar,E_Vleftesuar,Miratuar,Po,R_Kaloi,2026-04-01,,,,mall,30
FAT-0001067,INST-0507-2601067,ANG-0000532,True,NIVF-6042006247,2026-02-15,2026-02-15,29569.0,pranuar,E_Vleftesuar,Miratuar,Po,R_Kaloi,2026-02-16,,K41926801W,FURN-000316,mall,30
FAT-0001068,INST-0134-2601068,ANG-0000533,True,NIVF-8593522887,2026-02-11,2026-02-14,53553.19,pranuar,E_Vleftesuar,Miratuar,Po,R_Kaloi,2026-02-20,,K62320012O,FURN-000162,pune,30
FAT-0001069,INST-0134-2601069,ANG-0000533,True,NIVF-3289822782,2026-03-15,2026-03-17,22046.81,pranuar,E_Vleftesuar,Miratuar,Po,R_Kaloi,2026-03-20,,K62320012O,FURN-000162,pune,30
FAT-0001070,INST-0961-2601070,ANG-0000534,True,NIVF-4820474836,2026-02-13,2026-02-14,2953042.23,pranuar,E_Vleftesuar,Miratuar,Po,R_Kaloi,2026-02-22,,J61813529P,FURN-000228,pune,30
FAT-0001071,INST-0961-2601071,ANG-0000534,True,NIVF-6509764649,2026-03-09,2026-03-11,5943096.74,pranuar,E_Vleftesuar,Miratuar,Po,R_Kaloi,2026-03-13,,J61813529P,FURN-000228,pune,30
FAT-0001072,INST-0961-2601072,ANG-0000534,True,NIVF-3508604320,2026-04-11,2026-04-13,436716.03,pranuar,E_Vleftesuar,Miratuar,Po,R_Kaloi,2026-04-14,,J61813529P,FURN-000228,pune,30
FAT-0001073,INST-0961-2601073,ANG-0000535,True,NIVF-6404341081,2026-02-21,2026-02-23,902800.0,pranuar,E_Vleftesuar,Miratuar,Po,R_Kaloi,2026-03-01,,L52122014L,FURN-000387,sherbim,30
FAT-0001074,INST-0168-2601074,ANG-0000536,True,NIVF-9591864819,2026-02-21,2026-02-24,228905.59,pranuar,E_Vleftesuar,Miratuar,Po,R_Kaloi,2026-03-03,,L12510413V,FURN-001440,mall,30
FAT-0001075,INST-0168-2601075,ANG-0000536,True,NIVF-9146734417,2026-04-07,2026-04-07,149491.37,pranuar,E_Vleftesuar,Miratuar,Po,R_Kaloi,2026-04-16,,L12510413V,FURN-001440,mall,30
FAT-0001076,INST-0168-2601076,ANG-0000536,True,NIVF-8592631415,2026-06-05,2026-06-08,231733.04,pranuar,E_Vleftesuar,Miratuar,Po,R_Kaloi,2026-06-11,,L12510413V,FURN-001440,mall,30
FAT-0001077,INST-0404-2601077,ANG-0000537,True,NIVF-2761104330,2026-02-11,2026-02-12,44086.65,pranuar,E_Vleftesuar,Miratuar,Po,R_Kaloi,2026-02-17,,L62102007V,FURN-000058,mall,30
FAT-0001078,INST-0404-2601078,ANG-0000537,True,NIVF-7500862369,2026-04-07,2026-04-07,32087.21,pranuar,E_Vleftesuar,Miratuar,Po,R_Kaloi,2026-04-13,,L62102007V,FURN-000058,mall,30
FAT-0001079,INST-0404-2601079,ANG-0000537,True,NIVF-9284918389,2026-04-29,2026-05-02,19706.14,pranuar,E_Vleftesuar,Miratuar,Po,R_Kaloi,2026-05-07,,L62102007V,FURN-000058,mall,30
FAT-0001080,INST-0961-2601080,ANG-0000538,True,NIVF-3516095278,2026-02-24,2026-02-28,21764.07,pranuar,E_Vleftesuar,Miratuar,Po,R_Kaloi,2026-03-05,,M52311020H,FURN-000213,pune,30
FAT-0001081,INST-0961-2601081,ANG-0000538,True,NIVF-2737025509,2026-03-26,2026-03-26,31970.63,pranuar,E_Vleftesuar,Miratuar,Po,R_Kaloi,2026-03-31,,M52311020H,FURN-000213,pune,30
FAT-0001082,INST-0961-2601082,ANG-0000538,True,NIVF-6817368066,2026-04-30,2026-05-04,4565.3,refuzuar,Kerkon_Rivleftesim,Refuzuar,Jo,,2026-05-06,Mospërputhje me kontratën,M52311020H,FURN-000213,pune,30
FAT-0001083,INST-0621-2601083,ANG-0000539,True,NIVF-6268416353,2026-02-12,2026-02-12,6075.29,pranuar,E_Vleftesuar,Miratuar,Po,R_Kaloi,2026-02-21,,L31714005J,FURN-000114,mall,30
FAT-0001084,INST-0621-2601084,ANG-0000539,True,NIVF-8644370069,2026-03-20,2026-03-21,4880.18,pranuar,E_Vleftesuar,Miratuar,Po,R_Kaloi,2026-03-29,,L31714005J,FURN-000114,mall,30
FAT-0001085,INST-0621-2601085,ANG-0000539,True,NIVF-9535780110,2026-05-01,2026-05-01,4444.53,pranuar,E_Vleftesuar,Miratuar,Po,R_Kaloi,2026-05-05,,L31714005J,FURN-000114,mall,30
FAT-0001086,INST-0623-2601086,ANG-0000540,True,NIVF-6483622278,2026-02-15,2026-02-16,1697648.87,pranuar,E_Vleftesuar,Miratuar,Po,R_Kaloi,2026-02-17,,L01314031G,FURN-000515,sherbim,30
FAT-0001087,INST-0623-2601087,ANG-0000540,True,NIVF-3385559694,2026-03-31,2026-04-01,1115229.72,pranuar,E_Vleftesuar,Miratuar,Po,R_Kaloi,2026-04-04,,L01314031G,FURN-000515,sherbim,30
FAT-0001088,INST-0623-2601088,ANG-0000540,True,NIVF-3948507162,2026-05-26,2026-05-26,993761.4,pranuar,E_Vleftesuar,Miratuar,Po,R_Kaloi,2026-06-04,,L01314031G,FURN-000515,sherbim,30
FAT-0001089,INST-0098-2601089,ANG-0000541,True,NIVF-1439383049,2026-02-12,2026-02-12,584348.28,pranuar,E_Vleftesuar,Miratuar,Po,R_Kaloi,2026-02-19,,J91809007H,FURN-000028,pune,30
FAT-0001090,INST-0098-2601090,ANG-0000541,True,NIVF-5582068017,2026-03-06,2026-03-08,197623.64,pranuar,E_Vleftesuar,Miratuar,Po,R_Kaloi,2026-03-14,,J91809007H,FURN-000028,pune,30
FAT-0001091,INST-0098-2601091,ANG-0000541,True,NIVF-2434490110,2026-04-21,2026-04-21,217028.08,refuzuar,Kerkon_Rivleftesim,Refuzuar,Jo,,2026-04-27,Mungesë dokumentacioni mbështetës,J91809007H,FURN-000028,pune,30
FAT-0001092,INST-0156-2601092,ANG-0000542,True,NIVF-4478126809,2026-02-20,2026-02-23,809759.18,pranuar,E_Vleftesuar,Miratuar,Po,R_Kaloi,2026-03-01,,L01314031G,FURN-000515,mall,30
FAT-0001093,INST-0156-2601093,ANG-0000542,True,NIVF-1477085356,2026-04-10,2026-04-13,246914.85,pranuar,E_Vleftesuar,Miratuar,Po,R_Kaloi,2026-04-14,,L01314031G,FURN-000515,mall,30
FAT-0001094,INST-0156-2601094,ANG-0000542,True,NIVF-3486407331,2026-06-02,2026-06-06,309525.98,pranuar,E_Vleftesuar,Miratuar,Po,R_Kaloi,2026-06-12,,L01314031G,FURN-000515,mall,30
FAT-0001095,INST-1010-2601095,ANG-0000543,True,NIVF-5339215106,2026-02-15,2026-02-19,3090.56,pranuar,E_Vleftesuar,Miratuar,Po,R_Kaloi,2026-02-26,,K41420001V,FURN-000016,mall,30
FAT-0001096,INST-1010-2601096,ANG-0000543,True,NIVF-5951594870,2026-04-09,2026-04-12,707.23,refuzuar,Kerkon_Rivleftesim,Refuzuar,Jo,,2026-04-15,Fiskalizim i pavlefshëm,K41420001V,FURN-000016,mall,30
FAT-0001097,INST-1010-2601097,ANG-0000543,True,NIVF-9794257262,2026-05-18,2026-05-21,4202.21,pranuar,E_Vleftesuar,Miratuar,Po,R_Kaloi,2026-05-30,,K41420001V,FURN-000016,mall,30
FAT-0001098,INST-0144-2601098,ANG-0000544,True,NIVF-5079428582,2026-02-24,2026-02-26,22474.56,refuzuar,Kerkon_Rivleftesim,Refuzuar,Jo,,2026-02-27,Gabim në shumën e faturuar,M48110601O,FURN-000214,mall,30
FAT-0001099,INST-0144-2601099,ANG-0000544,True,NIVF-1815189019,2026-04-09,2026-04-12,9471.16,pranuar,E_Vleftesuar,Miratuar,Po,R_Kaloi,2026-04-21,,M48110601O,FURN-000214,mall,30
FAT-0001100,INST-0144-2601100,ANG-0000544,True,NIVF-8485974237,2026-05-06,2026-05-06,67254.28,pranuar,E_Vleftesuar,Miratuar,Po,R_Kaloi,2026-05-13,,M48110601O,FURN-000214,mall,30
FAT-0001101,INST-0623-2601101,ANG-0000545,True,NIVF-1776537174,2026-02-15,2026-02-15,36686.5,pranuar,E_Vleftesuar,Miratuar,Po,R_Kaloi,2026-02-24,,M01321501F,FURN-000205,sherbim,30
FAT-0001102,INST-0623-2601102,ANG-0000545,True,NIVF-3437828182,2026-04-15,2026-04-16,63313.5,pranuar,E_Vleftesuar,Miratuar,Po,R_Kaloi,2026-04-23,,M01321501F,FURN-000205,sherbim,30
FAT-0001103,INST-0172-2601103,ANG-0000546,True,NIVF-6052329315,2026-02-24,2026-02-26,62840.17,pranuar,E_Vleftesuar,Miratuar,Po,R_Kaloi,2026-02-27,,J62426002Q,FURN-000236,sherbim,30
FAT-0001104,INST-0172-2601104,ANG-0000546,True,NIVF-2670544363,2026-04-04,2026-04-07,134320.02,pranuar,E_Vleftesuar,Miratuar,Po,R_Kaloi,2026-04-15,,J62426002Q,FURN-000236,sherbim,30
FAT-0001105,INST-0172-2601105,ANG-0000546,True,NIVF-5548760096,2026-05-04,2026-05-08,133839.82,pranuar,E_Vleftesuar,Miratuar,Po,R_Kaloi,2026-05-10,,J62426002Q,FURN-000236,sherbim,30
FAT-0001106,INST-0172-2601106,ANG-0000547,True,NIVF-5443768394,2026-02-15,2026-02-18,278514.52,pranuar,E_Vleftesuar,Miratuar,Po,R_Kaloi,2026-02-26,,K33931040W,FURN-000487,sherbim,30
FAT-0001107,INST-0172-2601107,ANG-0000547,True,NIVF-4695089471,2026-03-13,2026-03-13,1004935.48,pranuar,E_Vleftesuar,Miratuar,Po,R_Kaloi,2026-03-18,,K33931040W,FURN-000487,sherbim,30
FAT-0001108,INST-0172-2601108,ANG-0000548,True,NIVF-9577346201,2026-02-14,2026-02-15,0.0,pranuar,E_Vleftesuar,Miratuar,Po,R_Kaloi,2026-02-16,,,,sherbim,30
FAT-0001109,INST-0172-2601109,ANG-0000548,True,NIVF-6287980119,2026-03-09,2026-03-10,0.0,pranuar,E_Vleftesuar,Miratuar,Po,R_Kaloi,2026-03-18,,,,sherbim,30
FAT-0001110,INST-0172-2601110,ANG-0000549,True,NIVF-3563310998,2026-02-23,2026-02-25,22347.12,pranuar,E_Vleftesuar,Miratuar,Po,R_Kaloi,2026-02-27,,K31503045V,FURN-000036,sherbim,30
FAT-0001111,INST-0172-2601111,ANG-0000549,True,NIVF-1384333551,2026-04-04,2026-04-07,249277.88,pranuar,E_Vleftesuar,Miratuar,Po,R_Kaloi,2026-04-12,,K31503045V,FURN-000036,sherbim,30
FAT-0001112,INST-0098-2601112,ANG-0000550,True,NIVF-1706270309,2026-02-25,2026-02-28,237445.75,pranuar,E_Vleftesuar,Miratuar,Po,R_Kaloi,2026-03-07,,L01914003T,FURN-000048,mall,30
FAT-0001113,INST-0098-2601113,ANG-0000550,True,NIVF-2819474083,2026-04-15,2026-04-18,77672.12,pranuar,E_Vleftesuar,Miratuar,Po,R_Kaloi,2026-04-21,,L01914003T,FURN-000048,mall,30
FAT-0001114,INST-0098-2601114,ANG-0000550,True,NIVF-1030904862,2026-06-09,2026-06-12,882.13,pranuar,E_Vleftesuar,Miratuar,Po,R_Kaloi,2026-06-17,,L01914003T,FURN-000048,mall,30
FAT-0001115,INST-0915-2601115,ANG-0000551,True,NIVF-5087357796,2026-02-15,2026-02-17,0.0,pranuar,E_Vleftesuar,Miratuar,Po,R_Kaloi,2026-02-22,,,,mall,30
FAT-0001116,INST-0915-2601116,ANG-0000551,True,NIVF-1441541096,2026-04-10,2026-04-14,0.0,pranuar,E_Vleftesuar,Miratuar,Po,R_Kaloi,2026-04-16,,,,mall,30
FAT-0001117,INST-0623-2601117,ANG-0000552,True,NIVF-2817434378,2026-02-15,2026-02-19,146842.65,pranuar,E_Vleftesuar,Miratuar,Po,R_Kaloi,2026-02-27,,J64103601Q,FURN-001872,mall,30
FAT-0001118,INST-0623-2601118,ANG-0000552,True,NIVF-4508319392,2026-03-23,2026-03-23,31387.38,pranuar,E_Vleftesuar,Miratuar,Po,R_Kaloi,2026-03-29,,J64103601Q,FURN-001872,mall,30
FAT-0001119,INST-0623-2601119,ANG-0000552,True,NIVF-2266847015,2026-04-20,2026-04-21,91289.96,refuzuar,Kerkon_Rivleftesim,Refuzuar,Jo,,2026-04-29,Fiskalizim i pavlefshëm,J64103601Q,FURN-001872,mall,30
FAT-0001120,INST-0623-2601120,ANG-0000553,True,NIVF-6783058051,2026-02-12,2026-02-15,93334.0,pranuar,E_Vleftesuar,Miratuar,Po,R_Kaloi,2026-02-20,,L32214064H,FURN-001728,sherbim,30
FAT-0001121,INST-0005-2601121,ANG-0000554,True,NIVF-8842747101,2026-02-23,2026-02-27,8925.61,pranuar,E_Vleftesuar,Miratuar,Po,R_Kaloi,2026-03-07,,L32403002P,FURN-000123,mall,30
FAT-0001122,INST-0005-2601122,ANG-0000554,True,NIVF-7804484241,2026-04-16,2026-04-18,3254.27,refuzuar,Kerkon_Rivleftesim,Refuzuar,Jo,,2026-04-25,Gabim në shumën e faturuar,L32403002P,FURN-000123,mall,30
FAT-0001123,INST-0005-2601123,ANG-0000554,True,NIVF-3384616060,2026-05-30,2026-06-01,2620.12,pranuar,E_Vleftesuar,Miratuar,Po,R_Kaloi,2026-06-03,,L32403002P,FURN-000123,mall,30
FAT-0001124,INST-0156-2601124,ANG-0000555,True,NIVF-1402313675,2026-02-22,2026-02-26,271767.84,pranuar,E_Vleftesuar,Miratuar,Po,R_Kaloi,2026-02-28,,L01314031G,FURN-000515,pune,30
FAT-0001125,INST-0156-2601125,ANG-0000555,True,NIVF-5198295919,2026-03-17,2026-03-19,318332.16,pranuar,E_Vleftesuar,Miratuar,Po,R_Kaloi,2026-03-22,,L01314031G,FURN-000515,pune,30
FAT-0001126,INST-1004-2601126,ANG-0000556,True,NIVF-1486930765,2026-02-20,2026-02-21,4375.75,refuzuar,Kerkon_Rivleftesim,Refuzuar,Jo,,2026-02-28,Mungesë dokumentacioni mbështetës,M52311020H,FURN-000213,mall,30
FAT-0001127,INST-1004-2601127,ANG-0000556,True,NIVF-2304180543,2026-04-08,2026-04-11,23324.25,pranuar,E_Vleftesuar,Miratuar,Po,R_Kaloi,2026-04-18,,M52311020H,FURN-000213,mall,30
FAT-0001128,INST-0423-2601128,ANG-0000557,True,NIVF-5454009441,2026-02-25,2026-03-01,3073.16,pranuar,E_Vleftesuar,Miratuar,Po,R_Kaloi,2026-03-08,,K41420001V,FURN-000016,sherbim,30
FAT-0001129,INST-0423-2601129,ANG-0000557,True,NIVF-9567932132,2026-04-18,2026-04-21,166.84,pranuar,E_Vleftesuar,Miratuar,Po,R_Kaloi,2026-04-27,,K41420001V,FURN-000016,sherbim,30
FAT-0001130,INST-0243-2601130,ANG-0000558,True,NIVF-2251917479,2026-02-19,2026-02-23,98400.0,pranuar,E_Vleftesuar,Miratuar,Po,R_Kaloi,2026-03-03,,M22318016L,FURN-000459,sherbim,30
FAT-0001131,INST-0243-2601131,ANG-0000559,True,NIVF-9082938821,2026-02-17,2026-02-20,20656.0,pranuar,E_Vleftesuar,Miratuar,Po,R_Kaloi,2026-02-22,,K41420001V,FURN-000016,sherbim,30
FAT-0001132,INST-0243-2601132,ANG-0000559,True,NIVF-5711600454,2026-04-11,2026-04-12,16843.04,pranuar,E_Vleftesuar,Miratuar,Po,R_Kaloi,2026-04-15,,K41420001V,FURN-000016,sherbim,30
FAT-0001133,INST-0243-2601133,ANG-0000559,True,NIVF-8722881470,2026-05-08,2026-05-10,4100.96,pranuar,E_Vleftesuar,Miratuar,Po,R_Kaloi,2026-05-14,,K41420001V,FURN-000016,sherbim,30
FAT-0001134,INST-0243-2601134,ANG-0000560,True,NIVF-9582033689,2026-02-23,2026-02-23,72546.34,pranuar,E_Vleftesuar,Miratuar,Po,R_Kaloi,2026-03-03,,L81512021D,FURN-000308,sherbim,30
FAT-0001135,INST-0243-2601135,ANG-0000560,True,NIVF-7931883534,2026-03-23,2026-03-23,43509.86,refuzuar,Kerkon_Rivleftesim,Refuzuar,Jo,,2026-03-28,Fiskalizim i pavlefshëm,L81512021D,FURN-000308,sherbim,30
FAT-0001136,INST-0243-2601136,ANG-0000560,True,NIVF-1739633540,2026-05-02,2026-05-05,798843.8,pranuar,E_Vleftesuar,Miratuar,Po,R_Kaloi,2026-05-14,,L81512021D,FURN-000308,sherbim,30
FAT-0001137,INST-0915-2601137,ANG-0000561,True,NIVF-7967726751,2026-02-17,2026-02-20,27927.31,pranuar,E_Vleftesuar,Miratuar,Po,R_Kaloi,2026-02-22,,M11706022E,FURN-001112,sherbim,30
FAT-0001138,INST-0915-2601138,ANG-0000561,True,NIVF-8413517635,2026-03-12,2026-03-14,62072.69,pranuar,E_Vleftesuar,Miratuar,Po,R_Kaloi,2026-03-22,,M11706022E,FURN-001112,sherbim,30
FAT-0001139,INST-0915-2601139,ANG-0000562,True,NIVF-8207724588,2026-02-12,2026-02-14,1179.44,pranuar,E_Vleftesuar,Miratuar,Po,R_Kaloi,2026-02-19,,K46524021W,FURN-000178,mall,30
FAT-0001140,INST-0915-2601140,ANG-0000562,True,NIVF-1690334526,2026-03-20,2026-03-23,49426.68,pranuar,E_Vleftesuar,Miratuar,Po,R_Kaloi,2026-03-27,,K46524021W,FURN-000178,mall,30
FAT-0001141,INST-0915-2601141,ANG-0000562,True,NIVF-8003192627,2026-04-10,2026-04-10,7726.88,pranuar,E_Vleftesuar,Miratuar,Po,R_Kaloi,2026-04-11,,K46524021W,FURN-000178,mall,30
FAT-0001142,INST-0915-2601142,ANG-0000563,True,NIVF-1323030517,2026-02-12,2026-02-16,14984.37,refuzuar,Kerkon_Rivleftesim,Refuzuar,Jo,,2026-02-19,Fiskalizim i pavlefshëm,J61827062E,FURN-000337,sherbim,30
FAT-0001143,INST-0915-2601143,ANG-0000563,True,NIVF-2329637439,2026-04-03,2026-04-07,78287.91,pranuar,E_Vleftesuar,Miratuar,Po,R_Kaloi,2026-04-10,,J61827062E,FURN-000337,sherbim,30
FAT-0001144,INST-0915-2601144,ANG-0000563,True,NIVF-9015446320,2026-05-09,2026-05-09,56727.72,pranuar,E_Vleftesuar,Miratuar,Po,R_Kaloi,2026-05-14,,J61827062E,FURN-000337,sherbim,30
FAT-0001145,INST-0915-2601145,ANG-0000564,True,NIVF-7628407687,2026-02-21,2026-02-22,99000.0,pranuar,E_Vleftesuar,Miratuar,Po,R_Kaloi,2026-02-25,,M22318016L,FURN-000459,mall,30
FAT-0001146,INST-1005-2601146,ANG-0000565,True,NIVF-3688915900,2026-02-19,2026-02-20,73500.0,pranuar,E_Vleftesuar,Miratuar,Po,R_Kaloi,2026-02-21,,J61814028F,FURN-000068,mall,30
FAT-0001147,INST-0087-2601147,ANG-0000566,True,NIVF-5923799822,2026-02-21,2026-02-25,253978.39,pranuar,E_Vleftesuar,Miratuar,Po,R_Kaloi,2026-02-28,,K01514009I,FURN-000519,sherbim,30
FAT-0001148,INST-0087-2601148,ANG-0000566,True,NIVF-3315858968,2026-03-19,2026-03-21,14791.61,pranuar,E_Vleftesuar,Miratuar,Po,R_Kaloi,2026-03-27,,K01514009I,FURN-000519,sherbim,30
FAT-0001149,INST-0621-2601149,ANG-0000567,True,NIVF-1794813460,2026-02-21,2026-02-23,6117.26,pranuar,E_Vleftesuar,Miratuar,Po,R_Kaloi,2026-03-01,,J61825037N,FURN-000548,mall,30
FAT-0001150,INST-0621-2601150,ANG-0000567,True,NIVF-5695593164,2026-03-20,2026-03-21,4225.03,pranuar,E_Vleftesuar,Miratuar,Po,R_Kaloi,2026-03-23,,J61825037N,FURN-000548,mall,30
FAT-0001151,INST-0621-2601151,ANG-0000567,True,NIVF-5735542071,2026-04-20,2026-04-22,19057.72,pranuar,E_Vleftesuar,Miratuar,Po,R_Kaloi,2026-04-26,,J61825037N,FURN-000548,mall,30
FAT-0001152,INST-0621-2601152,ANG-0000568,True,NIVF-3825608801,2026-02-24,2026-02-25,810.49,pranuar,E_Vleftesuar,Miratuar,Po,R_Kaloi,2026-02-28,,L52107165I,FURN-000826,mall,30
FAT-0001153,INST-0621-2601153,ANG-0000568,True,NIVF-9286849477,2026-04-18,2026-04-19,3438.16,pranuar,E_Vleftesuar,Miratuar,Po,R_Kaloi,2026-04-27,,L52107165I,FURN-000826,mall,30
FAT-0001154,INST-0621-2601154,ANG-0000568,True,NIVF-3330553121,2026-05-10,2026-05-13,501.35,pranuar,E_Vleftesuar,Miratuar,Po,R_Kaloi,2026-05-20,,L52107165I,FURN-000826,mall,30
FAT-0001155,INST-0621-2601155,ANG-0000569,True,NIVF-8302011356,2026-02-17,2026-02-19,26460.29,pranuar,E_Vleftesuar,Miratuar,Po,R_Kaloi,2026-02-27,,K62320012O,FURN-000162,mall,30
FAT-0001156,INST-0621-2601156,ANG-0000569,True,NIVF-1439016839,2026-04-01,2026-04-05,37139.71,pranuar,E_Vleftesuar,Miratuar,Po,R_Kaloi,2026-04-09,,K62320012O,FURN-000162,mall,30
FAT-0001157,INST-0621-2601157,ANG-0000570,True,NIVF-7373507467,2026-02-19,2026-02-22,3.5,refuzuar,Kerkon_Rivleftesim,Refuzuar,Jo,,2026-02-24,Mungesë dokumentacioni mbështetës,L41825004O,FURN-000849,mall,30
FAT-0001158,INST-0621-2601158,ANG-0000570,True,NIVF-6605878213,2026-04-06,2026-04-06,24.5,pranuar,E_Vleftesuar,Miratuar,Po,R_Kaloi,2026-04-09,,L41825004O,FURN-000849,mall,30
FAT-0001159,INST-0621-2601159,ANG-0000571,True,NIVF-1503451271,2026-02-24,2026-02-27,80600.0,pranuar,E_Vleftesuar,Miratuar,Po,R_Kaloi,2026-03-04,,K21405001N,FURN-000404,mall,30
FAT-0001160,INST-0621-2601160,ANG-0000572,True,NIVF-7996396375,2026-02-16,2026-02-20,0.0,refuzuar,Kerkon_Rivleftesim,Refuzuar,Jo,,2026-02-26,Mungesë dokumentacioni mbështetës,,,mall,30
FAT-0001161,INST-0621-2601161,ANG-0000572,True,NIVF-5945852778,2026-03-28,2026-03-31,0.0,pranuar,E_Vleftesuar,Miratuar,Po,R_Kaloi,2026-04-02,,,,mall,30
FAT-0001162,INST-0621-2601162,ANG-0000572,True,NIVF-8493092703,2026-05-14,2026-05-16,0.0,pranuar,E_Vleftesuar,Miratuar,Po,R_Kaloi,2026-05-22,,,,mall,30
FAT-0001163,INST-0621-2601163,ANG-0000573,True,NIVF-9746340544,2026-02-26,2026-02-26,0.0,pranuar,E_Vleftesuar,Miratuar,Po,R_Kaloi,2026-03-03,,,,mall,30
FAT-0001164,INST-0621-2601164,ANG-0000573,True,NIVF-5386673860,2026-04-12,2026-04-14,0.0,pranuar,E_Vleftesuar,Miratuar,Po,R_Kaloi,2026-04-21,,,,mall,30
FAT-0001165,INST-0621-2601165,ANG-0000574,True,NIVF-4372644654,2026-02-26,2026-02-28,69200.0,pranuar,E_Vleftesuar,Miratuar,Po,R_Kaloi,2026-03-03,,M41311515V,FURN-000180,mall,30
FAT-0001166,INST-0452-2601166,ANG-0000575,True,NIVF-1978085944,2026-02-27,2026-02-28,46488.5,pranuar,E_Vleftesuar,Miratuar,Po,R_Kaloi,2026-03-01,,K31503045V,FURN-000036,sherbim,30
FAT-0001167,INST-0452-2601167,ANG-0000575,True,NIVF-3597120441,2026-03-30,2026-04-01,41553.65,pranuar,E_Vleftesuar,Miratuar,Po,R_Kaloi,2026-04-09,,K31503045V,FURN-000036,sherbim,30
FAT-0001168,INST-0452-2601168,ANG-0000575,True,NIVF-8330636154,2026-05-05,2026-05-05,88032.85,pranuar,E_Vleftesuar,Miratuar,Po,R_Kaloi,2026-05-07,,K31503045V,FURN-000036,sherbim,30
FAT-0001169,INST-0337-2601169,ANG-0000576,True,NIVF-4779215698,2026-02-18,2026-02-19,94115.52,pranuar,E_Vleftesuar,Miratuar,Po,R_Kaloi,2026-02-21,,K53717806Q,FURN-000411,mall,30
FAT-0001170,INST-0337-2601170,ANG-0000576,True,NIVF-1931883046,2026-03-21,2026-03-22,9246.48,refuzuar,Kerkon_Rivleftesim,Refuzuar,Jo,,2026-03-25,Fiskalizim i pavlefshëm,K53717806Q,FURN-000411,mall,30
FAT-0001171,INST-0161-2601171,ANG-0000577,True,NIVF-3580684197,2026-02-22,2026-02-22,1631430.0,pranuar,E_Vleftesuar,Miratuar,Po,R_Kaloi,2026-02-24,,K91624505A,FURN-001022,mall,30
FAT-0001172,INST-0621-2601172,ANG-0000578,True,NIVF-9838400207,2026-02-16,2026-02-19,0.0,refuzuar,Kerkon_Rivleftesim,Refuzuar,Jo,,2026-02-24,Fiskalizim i pavlefshëm,,,mall,30
FAT-0001173,INST-0621-2601173,ANG-0000578,True,NIVF-2850111362,2026-04-03,2026-04-05,0.0,pranuar,E_Vleftesuar,Miratuar,Po,R_Kaloi,2026-04-13,,,,mall,30
FAT-0001174,INST-0621-2601174,ANG-0000578,True,NIVF-7319768622,2026-05-27,2026-05-29,0.0,refuzuar,Kerkon_Rivleftesim,Refuzuar,Jo,,2026-06-03,Mungesë dokumentacioni mbështetës,,,mall,30
FAT-0001175,INST-0405-2601175,ANG-0000579,True,NIVF-3098176562,2026-02-22,2026-02-26,104844.59,pranuar,E_Vleftesuar,Miratuar,Po,R_Kaloi,2026-03-06,,K36504231J,FURN-001810,mall,30
FAT-0001176,INST-0405-2601176,ANG-0000579,True,NIVF-2012091357,2026-03-26,2026-03-29,614405.41,pranuar,E_Vleftesuar,Miratuar,Po,R_Kaloi,2026-04-02,,K36504231J,FURN-001810,mall,30
FAT-0001177,INST-0509-2601177,ANG-0000580,True,NIVF-2930041821,2026-02-25,2026-02-28,174218.14,pranuar,E_Vleftesuar,Miratuar,Po,R_Kaloi,2026-03-03,,L51419022R,FURN-000457,sherbim,30
FAT-0001178,INST-0509-2601178,ANG-0000580,True,NIVF-3934262614,2026-03-29,2026-04-02,45165.59,pranuar,E_Vleftesuar,Miratuar,Po,R_Kaloi,2026-04-07,,L51419022R,FURN-000457,sherbim,30
FAT-0001179,INST-0509-2601179,ANG-0000580,True,NIVF-5955707326,2026-05-07,2026-05-10,34616.27,pranuar,E_Vleftesuar,Miratuar,Po,R_Kaloi,2026-05-17,,L51419022R,FURN-000457,sherbim,30
FAT-0001180,INST-0621-2601180,ANG-0000581,True,NIVF-5270229392,2026-02-20,2026-02-21,1692141.47,pranuar,E_Vleftesuar,Miratuar,Po,R_Kaloi,2026-02-23,,L12510413V,FURN-001440,mall,30
FAT-0001181,INST-0621-2601181,ANG-0000581,True,NIVF-3800933220,2026-03-15,2026-03-16,540540.53,pranuar,E_Vleftesuar,Miratuar,Po,R_Kaloi,2026-03-21,,L12510413V,FURN-001440,mall,30
FAT-0001182,INST-0621-2601182,ANG-0000582,True,NIVF-5493517709,2026-02-15,2026-02-16,2428839.53,pranuar,E_Vleftesuar,Miratuar,Po,R_Kaloi,2026-02-25,,K51612031J,FURN-000015,mall,30
FAT-0001183,INST-0621-2601183,ANG-0000582,True,NIVF-2970064848,2026-04-10,2026-04-14,1576160.47,pranuar,E_Vleftesuar,Miratuar,Po,R_Kaloi,2026-04-22,,K51612031J,FURN-000015,mall,30
FAT-0001184,INST-0621-2601184,ANG-0000583,True,NIVF-3382939902,2026-02-22,2026-02-26,8791.55,pranuar,E_Vleftesuar,Miratuar,Po,R_Kaloi,2026-03-05,,K67516029E,FURN-000902,mall,30
FAT-0001185,INST-0621-2601185,ANG-0000583,True,NIVF-9589038962,2026-03-25,2026-03-25,91208.45,pranuar,E_Vleftesuar,Miratuar,Po,R_Kaloi,2026-04-01,,K67516029E,FURN-000902,mall,30
FAT-0001186,INST-0621-2601186,ANG-0000584,True,NIVF-4211543567,2026-02-28,2026-03-02,197709.09,pranuar,E_Vleftesuar,Miratuar,Po,R_Kaloi,2026-03-08,,M38315502A,FURN-001902,mall,30
FAT-0001187,INST-0621-2601187,ANG-0000584,True,NIVF-6169456077,2026-03-25,2026-03-29,22290.91,pranuar,E_Vleftesuar,Miratuar,Po,R_Kaloi,2026-04-06,,M38315502A,FURN-001902,mall,30
FAT-0001188,INST-0175-2601188,ANG-0000585,True,NIVF-1730265398,2026-02-25,2026-02-25,24853.47,pranuar,E_Vleftesuar,Miratuar,Po,R_Kaloi,2026-02-26,,L52122014L,FURN-000387,mall,30
FAT-0001189,INST-0175-2601189,ANG-0000585,True,NIVF-2687990505,2026-03-26,2026-03-30,93296.53,pranuar,E_Vleftesuar,Miratuar,Po,R_Kaloi,2026-04-01,,L52122014L,FURN-000387,mall,30
FAT-0001190,INST-0621-2601190,ANG-0000586,True,NIVF-8804323779,2026-02-18,2026-02-19,99965.59,pranuar,E_Vleftesuar,Miratuar,Po,R_Kaloi,2026-02-24,,L51712008C,FURN-000189,mall,30
FAT-0001191,INST-0621-2601191,ANG-0000586,True,NIVF-3949466519,2026-04-07,2026-04-11,635034.41,pranuar,E_Vleftesuar,Miratuar,Po,R_Kaloi,2026-04-14,,L51712008C,FURN-000189,mall,30
FAT-0001192,INST-0621-2601192,ANG-0000587,True,NIVF-8052513522,2026-02-16,2026-02-16,89619.32,pranuar,E_Vleftesuar,Miratuar,Po,R_Kaloi,2026-02-24,,L68705501C,FURN-001464,sherbim,30
FAT-0001193,INST-0621-2601193,ANG-0000587,True,NIVF-2721428691,2026-03-31,2026-04-01,142380.68,pranuar,E_Vleftesuar,Miratuar,Po,R_Kaloi,2026-04-07,,L68705501C,FURN-001464,sherbim,30
FAT-0001194,INST-0621-2601194,ANG-0000588,True,NIVF-3393130779,2026-02-28,2026-03-02,417328.0,pranuar,E_Vleftesuar,Miratuar,Po,R_Kaloi,2026-03-09,,L12107043O,FURN-000120,mall,30
FAT-0001195,INST-0621-2601195,ANG-0000589,True,NIVF-5999828269,2026-02-16,2026-02-19,1260.0,pranuar,E_Vleftesuar,Miratuar,Po,R_Kaloi,2026-02-24,,K31503045V,FURN-000036,sherbim,30
FAT-0001196,INST-0621-2601196,ANG-0000590,True,NIVF-6606378932,2026-02-15,2026-02-15,825000.0,pranuar,E_Vleftesuar,Miratuar,Po,R_Kaloi,2026-02-23,,K72017027P,FURN-001452,mall,30
FAT-0001197,INST-0148-2601197,ANG-0000591,True,NIVF-1537603964,2026-02-23,2026-02-25,220000.0,pranuar,E_Vleftesuar,Miratuar,Po,R_Kaloi,2026-03-02,,K72017027P,FURN-001452,mall,30
FAT-0001198,INST-0148-2601198,ANG-0000592,True,NIVF-6279112638,2026-02-26,2026-03-02,57501.45,pranuar,E_Vleftesuar,Miratuar,Po,R_Kaloi,2026-03-04,,M03405001R,FURN-000203,mall,30
FAT-0001199,INST-0148-2601199,ANG-0000592,True,NIVF-3162963135,2026-04-11,2026-04-14,42118.55,pranuar,E_Vleftesuar,Miratuar,Po,R_Kaloi,2026-04-21,,M03405001R,FURN-000203,mall,30
FAT-0001200,INST-0621-2601200,ANG-0000593,True,NIVF-3378683813,2026-02-16,2026-02-16,63553.72,pranuar,E_Vleftesuar,Miratuar,Po,R_Kaloi,2026-02-18,,K31503045V,FURN-000036,sherbim,30
FAT-0001201,INST-0621-2601201,ANG-0000593,True,NIVF-2034372503,2026-03-19,2026-03-22,240946.28,pranuar,E_Vleftesuar,Miratuar,Po,R_Kaloi,2026-03-26,,K31503045V,FURN-000036,sherbim,30
FAT-0001202,INST-0044-2601202,ANG-0000594,True,NIVF-3916530167,2026-02-28,2026-03-02,219909.26,pranuar,E_Vleftesuar,Miratuar,Po,R_Kaloi,2026-03-03,,J81609010U,FURN-000662,mall,30
FAT-0001203,INST-0044-2601203,ANG-0000594,True,NIVF-7542920100,2026-04-04,2026-04-08,30631.73,pranuar,E_Vleftesuar,Miratuar,Po,R_Kaloi,2026-04-10,,J81609010U,FURN-000662,mall,30
FAT-0001204,INST-0044-2601204,ANG-0000594,True,NIVF-3509687007,2026-05-04,2026-05-08,529459.02,pranuar,E_Vleftesuar,Miratuar,Po,R_Kaloi,2026-05-12,,J81609010U,FURN-000662,mall,30
FAT-0001205,INST-0543-2601205,ANG-0000595,True,NIVF-3534066158,2026-02-15,2026-02-16,0.0,pranuar,E_Vleftesuar,Miratuar,Po,R_Kaloi,2026-02-21,,,,sherbim,30
FAT-0001206,INST-0621-2601206,ANG-0000596,True,NIVF-1495925517,2026-02-15,2026-02-15,195158.53,pranuar,E_Vleftesuar,Miratuar,Po,R_Kaloi,2026-02-21,,J61813529P,FURN-000228,sherbim,30
FAT-0001207,INST-0621-2601207,ANG-0000597,True,NIVF-7312875865,2026-02-28,2026-03-02,0.0,pranuar,E_Vleftesuar,Miratuar,Po,R_Kaloi,2026-03-11,,,,sherbim,30
FAT-0001208,INST-0621-2601208,ANG-0000598,True,NIVF-7009629556,2026-02-20,2026-02-21,547.82,pranuar,E_Vleftesuar,Miratuar,Po,R_Kaloi,2026-02-24,,K31503045V,FURN-000036,sherbim,30
FAT-0001209,INST-0621-2601209,ANG-0000598,True,NIVF-8097239129,2026-04-11,2026-04-14,775.18,pranuar,E_Vleftesuar,Miratuar,Po,R_Kaloi,2026-04-19,,K31503045V,FURN-000036,sherbim,30
FAT-0001210,INST-0621-2601210,ANG-0000599,True,NIVF-9686207141,2026-02-14,2026-02-18,62789.0,pranuar,E_Vleftesuar,Miratuar,Po,R_Kaloi,2026-02-22,,M52311039R,FURN-000386,mall,30
FAT-0001211,INST-0621-2601211,ANG-0000599,True,NIVF-8144699716,2026-03-31,2026-04-01,30411.0,refuzuar,Kerkon_Rivleftesim,Refuzuar,Jo,,2026-04-09,Gabim në shumën e faturuar,M52311039R,FURN-000386,mall,30
FAT-0001212,INST-0621-2601212,ANG-0000600,True,NIVF-2549545126,2026-02-27,2026-03-02,15000.0,pranuar,E_Vleftesuar,Miratuar,Po,R_Kaloi,2026-03-03,,K36608210K,FURN-001841,sherbim,30
FAT-0001213,INST-1035-2601213,ANG-0000601,True,NIVF-3087513130,2026-02-19,2026-02-20,31933.41,refuzuar,Kerkon_Rivleftesim,Refuzuar,Jo,,2026-03-01,Gabim në shumën e faturuar,L58107001J,FURN-001094,mall,30
FAT-0001214,INST-1035-2601214,ANG-0000601,True,NIVF-8500268321,2026-04-02,2026-04-03,238091.69,pranuar,E_Vleftesuar,Miratuar,Po,R_Kaloi,2026-04-08,,L58107001J,FURN-001094,mall,30
FAT-0001215,INST-1035-2601215,ANG-0000601,True,NIVF-2259309789,2026-04-30,2026-05-01,3896641.57,pranuar,E_Vleftesuar,Miratuar,Po,R_Kaloi,2026-05-08,,L58107001J,FURN-001094,mall,30
FAT-0001216,INST-1035-2601216,ANG-0000602,True,NIVF-5434797001,2026-02-17,2026-02-17,431707.09,refuzuar,Kerkon_Rivleftesim,Refuzuar,Jo,,2026-02-25,Fiskalizim i pavlefshëm,L68705501C,FURN-001464,mall,30
FAT-0001217,INST-1035-2601217,ANG-0000602,True,NIVF-6775859095,2026-03-20,2026-03-23,66292.91,refuzuar,Kerkon_Rivleftesim,Refuzuar,Jo,,2026-03-30,Fiskalizim i pavlefshëm,L68705501C,FURN-001464,mall,30
FAT-0001218,INST-1035-2601218,ANG-0000603,True,NIVF-8361985935,2026-02-25,2026-02-28,92317.88,pranuar,E_Vleftesuar,Miratuar,Po,R_Kaloi,2026-03-09,,L82321017Q,FURN-000820,mall,30
FAT-0001219,INST-1035-2601219,ANG-0000603,True,NIVF-5607177260,2026-03-27,2026-03-28,682.12,pranuar,E_Vleftesuar,Miratuar,Po,R_Kaloi,2026-03-29,,L82321017Q,FURN-000820,mall,30
FAT-0001220,INST-1035-2601220,ANG-0000604,True,NIVF-8574184897,2026-02-26,2026-03-02,389400.0,pranuar,E_Vleftesuar,Miratuar,Po,R_Kaloi,2026-03-06,,M02415002E,FURN-000321,mall,30
FAT-0001221,INST-0436-2601221,ANG-0000605,True,NIVF-2343495370,2026-02-25,2026-03-01,67037.22,pranuar,E_Vleftesuar,Miratuar,Po,R_Kaloi,2026-03-08,,L42206505K,FURN-000372,mall,30
FAT-0001222,INST-0436-2601222,ANG-0000605,True,NIVF-6444426673,2026-04-06,2026-04-08,12966.06,pranuar,E_Vleftesuar,Miratuar,Po,R_Kaloi,2026-04-10,,L42206505K,FURN-000372,mall,30
FAT-0001223,INST-0436-2601223,ANG-0000605,True,NIVF-4262565555,2026-05-15,2026-05-18,12231.72,pranuar,E_Vleftesuar,Miratuar,Po,R_Kaloi,2026-05-19,,L42206505K,FURN-000372,mall,30
FAT-0001224,INST-0404-2601224,ANG-0000606,True,NIVF-8677397006,2026-02-27,2026-03-03,38300.31,pranuar,E_Vleftesuar,Miratuar,Po,R_Kaloi,2026-03-06,,L01508026P,FURN-000052,mall,30
FAT-0001225,INST-0404-2601225,ANG-0000606,True,NIVF-8925227361,2026-03-19,2026-03-21,26499.69,pranuar,E_Vleftesuar,Miratuar,Po,R_Kaloi,2026-03-25,,L01508026P,FURN-000052,mall,30
FAT-0001226,INST-0621-2601226,ANG-0000607,True,NIVF-4477194189,2026-02-23,2026-02-27,13210.21,pranuar,E_Vleftesuar,Miratuar,Po,R_Kaloi,2026-03-05,,K31503045V,FURN-000036,mall,30
FAT-0001227,INST-0621-2601227,ANG-0000607,True,NIVF-6298498166,2026-04-20,2026-04-20,251389.79,pranuar,E_Vleftesuar,Miratuar,Po,R_Kaloi,2026-04-27,,K31503045V,FURN-000036,mall,30
FAT-0001228,INST-0621-2601228,ANG-0000608,True,NIVF-2018342497,2026-03-07,2026-03-08,430000.0,pranuar,E_Vleftesuar,Miratuar,Po,R_Kaloi,2026-03-11,,L81618008J,FURN-001857,mall,30
FAT-0001229,INST-0621-2601229,ANG-0000609,True,NIVF-2095672640,2026-03-08,2026-03-12,849.37,pranuar,E_Vleftesuar,Miratuar,Po,R_Kaloi,2026-03-15,,K31503045V,FURN-000036,mall,30
FAT-0001230,INST-0621-2601230,ANG-0000609,True,NIVF-4720792334,2026-04-10,2026-04-12,2018.43,pranuar,E_Vleftesuar,Miratuar,Po,R_Kaloi,2026-04-18,,K31503045V,FURN-000036,mall,30
FAT-0001231,INST-0621-2601231,ANG-0000609,True,NIVF-3822854503,2026-05-12,2026-05-15,76.7,pranuar,E_Vleftesuar,Miratuar,Po,R_Kaloi,2026-05-18,,K31503045V,FURN-000036,mall,30
FAT-0001232,INST-0621-2601232,ANG-0000610,True,NIVF-1359678089,2026-03-01,2026-03-04,8592.33,pranuar,E_Vleftesuar,Miratuar,Po,R_Kaloi,2026-03-09,,M18219201M,FURN-000014,mall,30
FAT-0001233,INST-0621-2601233,ANG-0000610,True,NIVF-3475702793,2026-04-15,2026-04-16,21970.28,pranuar,E_Vleftesuar,Miratuar,Po,R_Kaloi,2026-04-21,,M18219201M,FURN-000014,mall,30
FAT-0001234,INST-0621-2601234,ANG-0000610,True,NIVF-2502729270,2026-06-01,2026-06-03,19437.4,refuzuar,Kerkon_Rivleftesim,Refuzuar,Jo,,2026-06-09,Mospërputhje me kontratën,M18219201M,FURN-000014,mall,30
FAT-0001235,INST-0621-2601235,ANG-0000611,True,NIVF-2108642960,2026-02-28,2026-03-02,1270500.0,pranuar,E_Vleftesuar,Miratuar,Po,R_Kaloi,2026-03-07,,K91530017T,FURN-000032,mall,30
FAT-0001236,INST-0364-2601236,ANG-0000612,True,NIVF-1204895993,2026-03-01,2026-03-02,232217.55,refuzuar,Kerkon_Rivleftesim,Refuzuar,Jo,,2026-03-06,Mospërputhje me kontratën,K31520054N,FURN-000117,mall,30
FAT-0001237,INST-0364-2601237,ANG-0000612,True,NIVF-3100460514,2026-04-03,2026-04-06,1171012.79,pranuar,E_Vleftesuar,Miratuar,Po,R_Kaloi,2026-04-15,,K31520054N,FURN-000117,mall,30
FAT-0001238,INST-0364-2601238,ANG-0000612,True,NIVF-5038069253,2026-05-09,2026-05-13,94842.66,pranuar,E_Vleftesuar,Miratuar,Po,R_Kaloi,2026-05-15,,K31520054N,FURN-000117,mall,30
FAT-0001239,INST-0621-2601239,ANG-0000613,True,NIVF-3337554364,2026-03-09,2026-03-09,693800.0,pranuar,E_Vleftesuar,Miratuar,Po,R_Kaloi,2026-03-11,,M48110601O,FURN-000214,mall,30
FAT-0001240,INST-0621-2601240,ANG-0000614,True,NIVF-4210356109,2026-03-02,2026-03-02,0.0,pranuar,E_Vleftesuar,Miratuar,Po,R_Kaloi,2026-03-11,,,,mall,30
FAT-0001241,INST-0621-2601241,ANG-0000615,True,NIVF-3538958692,2026-03-10,2026-03-10,45242.17,pranuar,E_Vleftesuar,Miratuar,Po,R_Kaloi,2026-03-11,,M57403204K,FURN-001850,mall,30
FAT-0001242,INST-0621-2601242,ANG-0000615,True,NIVF-6272965092,2026-04-08,2026-04-10,364757.83,pranuar,E_Vleftesuar,Miratuar,Po,R_Kaloi,2026-04-12,,M57403204K,FURN-001850,mall,30
FAT-0001243,INST-0621-2601243,ANG-0000616,True,NIVF-9361759179,2026-03-10,2026-03-10,0.0,pranuar,E_Vleftesuar,Miratuar,Po,R_Kaloi,2026-03-18,,,,mall,30
FAT-0001244,INST-0621-2601244,ANG-0000616,True,NIVF-6817694068,2026-05-01,2026-05-05,0.0,pranuar,E_Vleftesuar,Miratuar,Po,R_Kaloi,2026-05-14,,,,mall,30
FAT-0001245,INST-0621-2601245,ANG-0000617,True,NIVF-8288432812,2026-03-10,2026-03-10,0.0,pranuar,E_Vleftesuar,Miratuar,Po,R_Kaloi,2026-03-15,,,,sherbim,30
FAT-0001246,INST-0621-2601246,ANG-0000617,True,NIVF-1035860328,2026-05-01,2026-05-05,0.0,pranuar,E_Vleftesuar,Miratuar,Po,R_Kaloi,2026-05-06,,,,sherbim,30
FAT-0001247,INST-0621-2601247,ANG-0000617,True,NIVF-3683326979,2026-06-18,2026-06-21,0.0,pranuar,E_Vleftesuar,Miratuar,Po,R_Kaloi,2026-06-29,,,,sherbim,30
FAT-0001248,INST-0621-2601248,ANG-0000618,True,NIVF-4895061376,2026-03-05,2026-03-09,24686.0,pranuar,E_Vleftesuar,Miratuar,Po,R_Kaloi,2026-03-18,,K42108801C,FURN-000106,mall,30
FAT-0001249,INST-0621-2601249,ANG-0000619,True,NIVF-9751562012,2026-03-06,2026-03-07,6902.33,refuzuar,Kerkon_Rivleftesim,Refuzuar,Jo,,2026-03-08,Gabim në shumën e faturuar,K31503045V,FURN-000036,sherbim,30
FAT-0001250,INST-0621-2601250,ANG-0000619,True,NIVF-3812177968,2026-03-28,2026-04-01,12376.03,pranuar,E_Vleftesuar,Miratuar,Po,R_Kaloi,2026-04-08,,K31503045V,FURN-000036,sherbim,30
FAT-0001251,INST-0621-2601251,ANG-0000619,True,NIVF-9922276118,2026-05-08,2026-05-09,10846.13,pranuar,E_Vleftesuar,Miratuar,Po,R_Kaloi,2026-05-17,,K31503045V,FURN-000036,sherbim,30
FAT-0001252,INST-0621-2601252,ANG-0000620,True,NIVF-4257200450,2026-03-01,2026-03-02,826880.0,pranuar,E_Vleftesuar,Miratuar,Po,R_Kaloi,2026-03-09,,M02403014N,FURN-001024,sherbim,30
FAT-0001253,INST-0621-2601253,ANG-0000621,True,NIVF-8927231578,2026-03-05,2026-03-08,7417.94,pranuar,E_Vleftesuar,Miratuar,Po,R_Kaloi,2026-03-16,,K41420001V,FURN-000016,sherbim,30
FAT-0001254,INST-0621-2601254,ANG-0000621,True,NIVF-2717321784,2026-04-22,2026-04-23,656.5,pranuar,E_Vleftesuar,Miratuar,Po,R_Kaloi,2026-04-28,,K41420001V,FURN-000016,sherbim,30
FAT-0001255,INST-0621-2601255,ANG-0000621,True,NIVF-5603701474,2026-05-13,2026-05-16,32335.56,pranuar,E_Vleftesuar,Miratuar,Po,R_Kaloi,2026-05-19,,K41420001V,FURN-000016,sherbim,30
FAT-0001256,INST-0621-2601256,ANG-0000622,True,NIVF-8268325023,2026-02-28,2026-03-03,0.0,pranuar,E_Vleftesuar,Miratuar,Po,R_Kaloi,2026-03-08,,,,sherbim,30
FAT-0001257,INST-0436-2601257,ANG-0000623,True,NIVF-3278892344,2026-03-06,2026-03-10,0.0,refuzuar,Kerkon_Rivleftesim,Refuzuar,Jo,,2026-03-19,Mospërputhje me kontratën,,,mall,30
FAT-0001258,INST-0436-2601258,ANG-0000623,True,NIVF-7549793087,2026-04-01,2026-04-05,0.0,pranuar,E_Vleftesuar,Miratuar,Po,R_Kaloi,2026-04-11,,,,mall,30
FAT-0001259,INST-0436-2601259,ANG-0000624,True,NIVF-5565527522,2026-03-11,2026-03-13,665982.0,pranuar,E_Vleftesuar,Miratuar,Po,R_Kaloi,2026-03-17,,K48021210Q,FURN-001830,pune,30
FAT-0001260,INST-0621-2601260,ANG-0000625,True,NIVF-8004644035,2026-02-26,2026-02-26,26185.68,pranuar,E_Vleftesuar,Miratuar,Po,R_Kaloi,2026-03-05,,M22314001N,FURN-000735,mall,30
FAT-0001261,INST-0621-2601261,ANG-0000625,True,NIVF-9990381385,2026-04-05,2026-04-08,6697.26,refuzuar,Kerkon_Rivleftesim,Refuzuar,Jo,,2026-04-17,Mungesë dokumentacioni mbështetës,M22314001N,FURN-000735,mall,30
FAT-0001262,INST-0621-2601262,ANG-0000625,True,NIVF-1050750006,2026-05-30,2026-05-30,67117.06,pranuar,E_Vleftesuar,Miratuar,Po,R_Kaloi,2026-06-05,,M22314001N,FURN-000735,mall,30
FAT-0001263,INST-0621-2601263,ANG-0000626,True,NIVF-7940338478,2026-03-02,2026-03-05,7193.27,pranuar,E_Vleftesuar,Miratuar,Po,R_Kaloi,2026-03-10,,K31610091Q,FURN-000219,mall,30
FAT-0001264,INST-0621-2601264,ANG-0000626,True,NIVF-6452401821,2026-04-09,2026-04-09,67806.73,pranuar,E_Vleftesuar,Miratuar,Po,R_Kaloi,2026-04-10,,K31610091Q,FURN-000219,mall,30
FAT-0001265,INST-0621-2601265,ANG-0000627,True,NIVF-1736135356,2026-03-08,2026-03-08,52333.33,pranuar,E_Vleftesuar,Miratuar,Po,R_Kaloi,2026-03-12,,K56511202K,FURN-001224,mall,30
FAT-0001266,INST-0558-2601266,ANG-0000628,True,NIVF-9671923673,2026-03-11,2026-03-11,6471.06,pranuar,E_Vleftesuar,Miratuar,Po,R_Kaloi,2026-03-19,,K51612031J,FURN-000015,mall,30
FAT-0001267,INST-0558-2601267,ANG-0000628,True,NIVF-3465057816,2026-04-18,2026-04-20,33698.78,pranuar,E_Vleftesuar,Miratuar,Po,R_Kaloi,2026-04-22,,K51612031J,FURN-000015,mall,30
FAT-0001268,INST-0558-2601268,ANG-0000628,True,NIVF-2977956834,2026-06-08,2026-06-10,27330.16,pranuar,E_Vleftesuar,Miratuar,Po,R_Kaloi,2026-06-19,,K51612031J,FURN-000015,mall,30
FAT-0001269,INST-0331-2601269,ANG-0000629,True,NIVF-5314094106,2026-03-07,2026-03-11,164724.6,pranuar,E_Vleftesuar,Miratuar,Po,R_Kaloi,2026-03-20,,M17211205C,FURN-001184,mall,30
FAT-0001270,INST-0331-2601270,ANG-0000629,True,NIVF-6271489485,2026-04-17,2026-04-20,101403.42,pranuar,E_Vleftesuar,Miratuar,Po,R_Kaloi,2026-04-25,,M17211205C,FURN-001184,mall,30
FAT-0001271,INST-0331-2601271,ANG-0000629,True,NIVF-2998025449,2026-06-03,2026-06-06,29871.98,pranuar,E_Vleftesuar,Miratuar,Po,R_Kaloi,2026-06-13,,M17211205C,FURN-001184,mall,30
FAT-0001272,INST-0331-2601272,ANG-0000630,True,NIVF-1345843752,2026-03-02,2026-03-02,247776.17,pranuar,E_Vleftesuar,Miratuar,Po,R_Kaloi,2026-03-06,,J91329003O,FURN-000418,mall,30
FAT-0001273,INST-0331-2601273,ANG-0000630,True,NIVF-8033185897,2026-04-07,2026-04-10,732223.83,pranuar,E_Vleftesuar,Miratuar,Po,R_Kaloi,2026-04-12,,J91329003O,FURN-000418,mall,30
FAT-0001274,INST-0331-2601274,ANG-0000631,True,NIVF-9551214514,2026-03-06,2026-03-09,36839.7,pranuar,E_Vleftesuar,Miratuar,Po,R_Kaloi,2026-03-16,,M01321501F,FURN-000205,mall,30
FAT-0001275,INST-0331-2601275,ANG-0000631,True,NIVF-7799648446,2026-04-05,2026-04-07,63160.3,pranuar,E_Vleftesuar,Miratuar,Po,R_Kaloi,2026-04-09,,M01321501F,FURN-000205,mall,30
FAT-0001276,INST-0569-2601276,ANG-0000632,True,NIVF-6054705658,2026-03-05,2026-03-07,115000.0,refuzuar,Kerkon_Rivleftesim,Refuzuar,Jo,,2026-03-12,Gabim në shumën e faturuar,L77406402A,FURN-000918,mall,30
FAT-0001277,INST-0573-2601277,ANG-0000633,True,NIVF-1084451220,2026-03-14,2026-03-16,0.0,pranuar,E_Vleftesuar,Miratuar,Po,R_Kaloi,2026-03-20,,,,mall,30
FAT-0001278,INST-0175-2601278,ANG-0000634,True,NIVF-3468441993,2026-03-12,2026-03-13,54635.55,pranuar,E_Vleftesuar,Miratuar,Po,R_Kaloi,2026-03-20,,J97426216L,FURN-000200,mall,30
FAT-0001279,INST-0175-2601279,ANG-0000634,True,NIVF-8791276405,2026-04-20,2026-04-20,45007.18,pranuar,E_Vleftesuar,Miratuar,Po,R_Kaloi,2026-04-27,,J97426216L,FURN-000200,mall,30
FAT-0001280,INST-0175-2601280,ANG-0000634,True,NIVF-6147900688,2026-05-16,2026-05-19,22357.26,pranuar,E_Vleftesuar,Miratuar,Po,R_Kaloi,2026-05-27,,J97426216L,FURN-000200,mall,30
FAT-0001281,INST-0961-2601281,ANG-0000635,True,NIVF-7715114920,2026-03-13,2026-03-14,0.0,refuzuar,Kerkon_Rivleftesim,Refuzuar,Jo,,2026-03-20,Mospërputhje me kontratën,,,mall,30
FAT-0001282,INST-0961-2601282,ANG-0000635,True,NIVF-5634244679,2026-04-22,2026-04-22,0.0,pranuar,E_Vleftesuar,Miratuar,Po,R_Kaloi,2026-04-30,,,,mall,30
FAT-0001283,INST-0961-2601283,ANG-0000635,True,NIVF-8974445470,2026-05-22,2026-05-24,0.0,pranuar,E_Vleftesuar,Miratuar,Po,R_Kaloi,2026-06-02,,,,mall,30
FAT-0001284,INST-0337-2601284,ANG-0000636,True,NIVF-1219929032,2026-03-04,2026-03-08,147900.0,pranuar,E_Vleftesuar,Miratuar,Po,R_Kaloi,2026-03-09,,M51322038Q,FURN-000655,mall,30
FAT-0001285,INST-0066-2601285,ANG-0000637,True,NIVF-5574209143,2026-02-28,2026-02-28,1848562.16,pranuar,E_Vleftesuar,Miratuar,Po,R_Kaloi,2026-03-01,,L12121023B,FURN-001856,mall,30
FAT-0001286,INST-0066-2601286,ANG-0000637,True,NIVF-5905546175,2026-04-21,2026-04-21,1631437.84,pranuar,E_Vleftesuar,Miratuar,Po,R_Kaloi,2026-04-22,,L12121023B,FURN-001856,mall,30
FAT-0001287,INST-0154-2601287,ANG-0000638,True,NIVF-9727177662,2026-02-28,2026-02-28,260494.42,refuzuar,Kerkon_Rivleftesim,Refuzuar,Jo,,2026-03-09,Fiskalizim i pavlefshëm,K83410201O,FURN-001908,mall,30
FAT-0001288,INST-0154-2601288,ANG-0000638,True,NIVF-9419576052,2026-04-05,2026-04-08,414689.34,pranuar,E_Vleftesuar,Miratuar,Po,R_Kaloi,2026-04-17,,K83410201O,FURN-001908,mall,30
FAT-0001289,INST-0154-2601289,ANG-0000638,True,NIVF-3284741808,2026-04-28,2026-04-29,309255.19,pranuar,E_Vleftesuar,Miratuar,Po,R_Kaloi,2026-05-07,,K83410201O,FURN-001908,mall,30
FAT-0001290,INST-0654-2601290,ANG-0000639,True,NIVF-1925544967,2026-03-09,2026-03-10,116230.18,pranuar,E_Vleftesuar,Miratuar,Po,R_Kaloi,2026-03-14,,J61814028F,FURN-000068,sherbim,30
FAT-0001291,INST-0654-2601291,ANG-0000639,True,NIVF-9979721959,2026-04-10,2026-04-12,629969.82,pranuar,E_Vleftesuar,Miratuar,Po,R_Kaloi,2026-04-15,,J61814028F,FURN-000068,sherbim,30
FAT-0001292,INST-0574-2601292,ANG-0000640,True,NIVF-3442490448,2026-03-05,2026-03-07,47036.5,pranuar,E_Vleftesuar,Miratuar,Po,R_Kaloi,2026-03-08,,M12506803T,FURN-000497,mall,30
FAT-0001293,INST-0574-2601293,ANG-0000640,True,NIVF-4879600185,2026-04-11,2026-04-11,32163.5,pranuar,E_Vleftesuar,Miratuar,Po,R_Kaloi,2026-04-13,,M12506803T,FURN-000497,mall,30
FAT-0001294,INST-0621-2601294,ANG-0000641,True,NIVF-8609116586,2026-03-11,2026-03-14,78075.0,pranuar,E_Vleftesuar,Miratuar,Po,R_Kaloi,2026-03-19,,J61814028F,FURN-000068,mall,30
FAT-0001295,INST-0404-2601295,ANG-0000642,True,NIVF-6125118684,2026-03-08,2026-03-10,533137.34,pranuar,E_Vleftesuar,Miratuar,Po,R_Kaloi,2026-03-18,,K42108801C,FURN-000106,mall,30
FAT-0001296,INST-0404-2601296,ANG-0000642,True,NIVF-3430310770,2026-04-03,2026-04-05,80239.88,pranuar,E_Vleftesuar,Miratuar,Po,R_Kaloi,2026-04-13,,K42108801C,FURN-000106,mall,30
FAT-0001297,INST-0404-2601297,ANG-0000642,True,NIVF-5855772859,2026-05-04,2026-05-04,105622.78,pranuar,E_Vleftesuar,Miratuar,Po,R_Kaloi,2026-05-12,,K42108801C,FURN-000106,mall,30
FAT-0001298,INST-0128-2601298,ANG-0000643,True,NIVF-1555686827,2026-03-12,2026-03-12,720686.0,pranuar,E_Vleftesuar,Miratuar,Po,R_Kaloi,2026-03-21,,K12023001A,FURN-000714,sherbim,30
FAT-0001299,INST-0621-2601299,ANG-0000644,True,NIVF-8257853159,2026-03-12,2026-03-12,260000.0,pranuar,E_Vleftesuar,Miratuar,Po,R_Kaloi,2026-03-19,,K21511002I,FURN-001555,mall,30
FAT-0001300,INST-0578-2601300,ANG-0000645,True,NIVF-7683049054,2026-03-06,2026-03-06,1861.23,pranuar,E_Vleftesuar,Miratuar,Po,R_Kaloi,2026-03-14,,L01508026P,FURN-000052,mall,30
FAT-0001301,INST-0578-2601301,ANG-0000645,True,NIVF-6028101858,2026-04-11,2026-04-11,1867.03,pranuar,E_Vleftesuar,Miratuar,Po,R_Kaloi,2026-04-16,,L01508026P,FURN-000052,mall,30
FAT-0001302,INST-0578-2601302,ANG-0000645,True,NIVF-7655829113,2026-05-25,2026-05-28,10971.74,pranuar,E_Vleftesuar,Miratuar,Po,R_Kaloi,2026-05-31,,L01508026P,FURN-000052,mall,30
FAT-0001303,INST-0087-2601303,ANG-0000646,True,NIVF-3685639279,2026-03-14,2026-03-16,216000.0,pranuar,E_Vleftesuar,Miratuar,Po,R_Kaloi,2026-03-25,,K62713404B,FURN-001146,mall,30
FAT-0001304,INST-0342-2601304,ANG-0000647,True,NIVF-9634185977,2026-03-05,2026-03-06,977.27,refuzuar,Kerkon_Rivleftesim,Refuzuar,Jo,,2026-03-14,Mospërputhje me kontratën,K33710769Q,FURN-000020,mall,30
FAT-0001305,INST-0342-2601305,ANG-0000647,True,NIVF-9533486023,2026-04-19,2026-04-23,13922.73,refuzuar,Kerkon_Rivleftesim,Refuzuar,Jo,,2026-04-29,Mungesë dokumentacioni mbështetës,K33710769Q,FURN-000020,mall,30
FAT-0001306,INST-0342-2601306,ANG-0000648,True,NIVF-7912030792,2026-03-15,2026-03-15,170070.38,pranuar,E_Vleftesuar,Miratuar,Po,R_Kaloi,2026-03-17,,K78317002F,FURN-000040,mall,30
FAT-0001307,INST-0342-2601307,ANG-0000648,True,NIVF-3207585706,2026-04-09,2026-04-12,732259.28,pranuar,E_Vleftesuar,Miratuar,Po,R_Kaloi,2026-04-19,,K78317002F,FURN-000040,mall,30
FAT-0001308,INST-0342-2601308,ANG-0000648,True,NIVF-8750113943,2026-05-01,2026-05-03,95170.34,pranuar,E_Vleftesuar,Miratuar,Po,R_Kaloi,2026-05-12,,K78317002F,FURN-000040,mall,30
FAT-0001309,INST-0364-2601309,ANG-0000649,True,NIVF-7416449846,2026-03-11,2026-03-15,9084.36,pranuar,E_Vleftesuar,Miratuar,Po,R_Kaloi,2026-03-22,,K31517010H,FURN-001837,mall,30
FAT-0001310,INST-0364-2601310,ANG-0000649,True,NIVF-7292142960,2026-04-13,2026-04-15,114890.64,pranuar,E_Vleftesuar,Miratuar,Po,R_Kaloi,2026-04-18,,K31517010H,FURN-001837,mall,30
FAT-0001311,INST-0621-2601311,ANG-0000650,True,NIVF-8173034127,2026-03-06,2026-03-08,89000.0,pranuar,E_Vleftesuar,Miratuar,Po,R_Kaloi,2026-03-09,,K91530017T,FURN-000032,mall,30
FAT-0001312,INST-0172-2601312,ANG-0000651,True,NIVF-4181047216,2026-03-14,2026-03-16,3793.15,pranuar,E_Vleftesuar,Miratuar,Po,R_Kaloi,2026-03-23,,K71616042A,FURN-000801,pune,30
FAT-0001313,INST-0172-2601313,ANG-0000651,True,NIVF-8485174143,2026-05-09,2026-05-13,79206.85,pranuar,E_Vleftesuar,Miratuar,Po,R_Kaloi,2026-05-17,,K71616042A,FURN-000801,pune,30
FAT-0001314,INST-0172-2601314,ANG-0000652,True,NIVF-6601274701,2026-03-04,2026-03-08,341708.18,pranuar,E_Vleftesuar,Miratuar,Po,R_Kaloi,2026-03-17,,M42216504H,FURN-000660,pune,30
FAT-0001315,INST-0172-2601315,ANG-0000652,True,NIVF-9620566643,2026-04-19,2026-04-23,37091.82,pranuar,E_Vleftesuar,Miratuar,Po,R_Kaloi,2026-04-29,,M42216504H,FURN-000660,pune,30
FAT-0001316,INST-0621-2601316,ANG-0000653,True,NIVF-2412905250,2026-03-09,2026-03-13,98000.0,pranuar,E_Vleftesuar,Miratuar,Po,R_Kaloi,2026-03-20,,M12212027P,FURN-001109,sherbim,30
FAT-0001317,INST-0621-2601317,ANG-0000654,True,NIVF-5624411834,2026-03-16,2026-03-19,4420.33,refuzuar,Kerkon_Rivleftesim,Refuzuar,Jo,,2026-03-26,Fiskalizim i pavlefshëm,K71616042A,FURN-000801,sherbim,30
FAT-0001318,INST-0621-2601318,ANG-0000654,True,NIVF-3754652275,2026-04-22,2026-04-23,26829.67,pranuar,E_Vleftesuar,Miratuar,Po,R_Kaloi,2026-04-24,,K71616042A,FURN-000801,sherbim,30
FAT-0001319,INST-0621-2601319,ANG-0000655,True,NIVF-7801210631,2026-03-10,2026-03-14,429743.79,pranuar,E_Vleftesuar,Miratuar,Po,R_Kaloi,2026-03-19,,L98819501J,FURN-001274,sherbim,30
FAT-0001320,INST-0621-2601320,ANG-0000656,True,NIVF-5242179655,2026-03-12,2026-03-16,69232.07,pranuar,E_Vleftesuar,Miratuar,Po,R_Kaloi,2026-03-22,,K31528061N,FURN-000306,sherbim,30
FAT-0001321,INST-0621-2601321,ANG-0000656,True,NIVF-9009005216,2026-04-19,2026-04-22,26964.45,pranuar,E_Vleftesuar,Miratuar,Po,R_Kaloi,2026-04-29,,K31528061N,FURN-000306,sherbim,30
FAT-0001322,INST-0621-2601322,ANG-0000656,True,NIVF-1396900369,2026-06-17,2026-06-21,73343.48,pranuar,E_Vleftesuar,Miratuar,Po,R_Kaloi,2026-06-29,,K31528061N,FURN-000306,sherbim,30
FAT-0001323,INST-0621-2601323,ANG-0000657,True,NIVF-2928928371,2026-03-04,2026-03-04,395837.92,pranuar,E_Vleftesuar,Miratuar,Po,R_Kaloi,2026-03-10,,K87628701K,FURN-001075,sherbim,30
FAT-0001324,INST-0621-2601324,ANG-0000657,True,NIVF-5966815083,2026-04-23,2026-04-26,68860.35,pranuar,E_Vleftesuar,Miratuar,Po,R_Kaloi,2026-05-02,,K87628701K,FURN-001075,sherbim,30
FAT-0001325,INST-0621-2601325,ANG-0000658,True,NIVF-2195942921,2026-03-14,2026-03-15,47700.0,refuzuar,Kerkon_Rivleftesim,Refuzuar,Jo,,2026-03-24,Mungesë dokumentacioni mbështetës,K71616042A,FURN-000801,sherbim,30
FAT-0001326,INST-0587-2601326,ANG-0000659,True,NIVF-3210710494,2026-03-07,2026-03-09,398623.03,pranuar,E_Vleftesuar,Miratuar,Po,R_Kaloi,2026-03-10,,J67902827A,FURN-000724,mall,30
FAT-0001327,INST-0587-2601327,ANG-0000659,True,NIVF-2098032073,2026-04-03,2026-04-04,93915.86,pranuar,E_Vleftesuar,Miratuar,Po,R_Kaloi,2026-04-09,,J67902827A,FURN-000724,mall,30
FAT-0001328,INST-0587-2601328,ANG-0000659,True,NIVF-2906157745,2026-05-24,2026-05-27,1166661.11,pranuar,E_Vleftesuar,Miratuar,Po,R_Kaloi,2026-06-02,,J67902827A,FURN-000724,mall,30
FAT-0001329,INST-0621-2601329,ANG-0000660,True,NIVF-6824438507,2026-03-14,2026-03-18,100000.0,pranuar,E_Vleftesuar,Miratuar,Po,R_Kaloi,2026-03-20,,K72223025M,FURN-000684,mall,30
FAT-0001330,INST-0621-2601330,ANG-0000661,True,NIVF-3769647930,2026-03-13,2026-03-15,13295.18,pranuar,E_Vleftesuar,Miratuar,Po,R_Kaloi,2026-03-18,,K72223025M,FURN-000684,mall,30
FAT-0001331,INST-0621-2601331,ANG-0000661,True,NIVF-4018274440,2026-04-27,2026-05-01,36537.19,pranuar,E_Vleftesuar,Miratuar,Po,R_Kaloi,2026-05-10,,K72223025M,FURN-000684,mall,30
FAT-0001332,INST-0621-2601332,ANG-0000661,True,NIVF-5582970564,2026-06-05,2026-06-06,50167.63,pranuar,E_Vleftesuar,Miratuar,Po,R_Kaloi,2026-06-15,,K72223025M,FURN-000684,mall,30
FAT-0001333,INST-0621-2601333,ANG-0000662,True,NIVF-7594906558,2026-03-14,2026-03-17,432152.77,pranuar,E_Vleftesuar,Miratuar,Po,R_Kaloi,2026-03-22,,L72003016A,FURN-001763,mall,30
FAT-0001334,INST-0621-2601334,ANG-0000662,True,NIVF-3407787142,2026-04-14,2026-04-14,104847.23,pranuar,E_Vleftesuar,Miratuar,Po,R_Kaloi,2026-04-22,,L72003016A,FURN-001763,mall,30
FAT-0001335,INST-0621-2601335,ANG-0000663,True,NIVF-6229794982,2026-03-14,2026-03-15,10420.38,pranuar,E_Vleftesuar,Miratuar,Po,R_Kaloi,2026-03-18,,M44805601C,FURN-000546,mall,30
FAT-0001336,INST-0621-2601336,ANG-0000663,True,NIVF-8501523833,2026-04-08,2026-04-12,4579.62,pranuar,E_Vleftesuar,Miratuar,Po,R_Kaloi,2026-04-13,,M44805601C,FURN-000546,mall,30
FAT-0001337,INST-0621-2601337,ANG-0000664,True,NIVF-7879293498,2026-03-11,2026-03-11,33092.83,pranuar,E_Vleftesuar,Miratuar,Po,R_Kaloi,2026-03-18,,L13726601G,FURN-000547,mall,30
FAT-0001338,INST-0621-2601338,ANG-0000664,True,NIVF-7812212965,2026-04-14,2026-04-17,11406.73,pranuar,E_Vleftesuar,Miratuar,Po,R_Kaloi,2026-04-22,,L13726601G,FURN-000547,mall,30
FAT-0001339,INST-0621-2601339,ANG-0000664,True,NIVF-8697029469,2026-05-31,2026-06-02,22500.43,pranuar,E_Vleftesuar,Miratuar,Po,R_Kaloi,2026-06-07,,L13726601G,FURN-000547,mall,30
FAT-0001340,INST-0621-2601340,ANG-0000665,True,NIVF-7011874075,2026-03-19,2026-03-20,39651495.98,refuzuar,Kerkon_Rivleftesim,Refuzuar,Jo,,2026-03-25,Mungesë dokumentacioni mbështetës,J61905050M,FURN-001838,mall,30
FAT-0001341,INST-0621-2601341,ANG-0000665,True,NIVF-7767716030,2026-04-26,2026-04-27,8298778.42,pranuar,E_Vleftesuar,Miratuar,Po,R_Kaloi,2026-05-04,,J61905050M,FURN-001838,mall,30
FAT-0001342,INST-0961-2601342,ANG-0000666,True,NIVF-8207211183,2026-03-15,2026-03-19,4057.67,pranuar,E_Vleftesuar,Miratuar,Po,R_Kaloi,2026-03-20,,M54102604O,FURN-000551,sherbim,30
FAT-0001343,INST-0961-2601343,ANG-0000666,True,NIVF-4377041381,2026-04-26,2026-04-28,12928.38,pranuar,E_Vleftesuar,Miratuar,Po,R_Kaloi,2026-04-30,,M54102604O,FURN-000551,sherbim,30
FAT-0001344,INST-0961-2601344,ANG-0000666,True,NIVF-2962809337,2026-06-02,2026-06-06,1336.96,pranuar,E_Vleftesuar,Miratuar,Po,R_Kaloi,2026-06-14,,M54102604O,FURN-000551,sherbim,30
FAT-0001345,INST-0621-2601345,ANG-0000667,True,NIVF-5381506112,2026-03-10,2026-03-12,100000.0,pranuar,E_Vleftesuar,Miratuar,Po,R_Kaloi,2026-03-15,,L81316021R,FURN-000930,sherbim,30
FAT-0001346,INST-0331-2601346,ANG-0000668,True,NIVF-3548189334,2026-03-15,2026-03-17,22420.0,pranuar,E_Vleftesuar,Miratuar,Po,R_Kaloi,2026-03-21,,J64103131H,FURN-001323,sherbim,30
FAT-0001347,INST-0961-2601347,ANG-0000669,True,NIVF-9548024282,2026-03-13,2026-03-13,420000.0,pranuar,E_Vleftesuar,Miratuar,Po,R_Kaloi,2026-03-20,,L81506043D,FURN-000687,pune,30
FAT-0001348,INST-1002-2601348,ANG-0000670,True,NIVF-5520029762,2026-03-16,2026-03-18,599999.0,pranuar,E_Vleftesuar,Miratuar,Po,R_Kaloi,2026-03-20,,M52022023I,FURN-000589,sherbim,30
FAT-0001349,INST-0364-2601349,ANG-0000671,True,NIVF-2119273136,2026-03-15,2026-03-18,923940.0,pranuar,E_Vleftesuar,Miratuar,Po,R_Kaloi,2026-03-24,,J61813041E,FURN-001914,mall,30
FAT-0001350,INST-0364-2601350,ANG-0000672,True,NIVF-6824384997,2026-03-20,2026-03-22,991026.33,pranuar,E_Vleftesuar,Miratuar,Po,R_Kaloi,2026-03-28,,L01314031G,FURN-000515,mall,30
FAT-0001351,INST-0364-2601351,ANG-0000672,True,NIVF-3773509709,2026-05-12,2026-05-15,107001.64,pranuar,E_Vleftesuar,Miratuar,Po,R_Kaloi,2026-05-16,,L01314031G,FURN-000515,mall,30
FAT-0001352,INST-0364-2601352,ANG-0000672,True,NIVF-5477865017,2026-07-01,2026-07-02,2103372.03,pranuar,E_Vleftesuar,Miratuar,Po,R_Kaloi,2026-07-07,,L01314031G,FURN-000515,mall,30
FAT-0001353,INST-0328-2601353,ANG-0000673,True,NIVF-7537270550,2026-03-11,2026-03-15,470000.0,pranuar,E_Vleftesuar,Miratuar,Po,R_Kaloi,2026-03-18,,K64108001G,FURN-001239,mall,30
FAT-0001354,INST-0328-2601354,ANG-0000674,True,NIVF-4681203322,2026-03-20,2026-03-20,246240.0,pranuar,E_Vleftesuar,Miratuar,Po,R_Kaloi,2026-03-24,,L51419022R,FURN-000457,mall,30
FAT-0001355,INST-0328-2601355,ANG-0000675,True,NIVF-4420174077,2026-03-11,2026-03-13,9.91,pranuar,E_Vleftesuar,Miratuar,Po,R_Kaloi,2026-03-20,,J62426002Q,FURN-000236,mall,30
FAT-0001356,INST-0328-2601356,ANG-0000675,True,NIVF-9354266184,2026-05-02,2026-05-02,71.51,pranuar,E_Vleftesuar,Miratuar,Po,R_Kaloi,2026-05-07,,J62426002Q,FURN-000236,mall,30
FAT-0001357,INST-0458-2601357,ANG-0000676,True,NIVF-2989270595,2026-03-18,2026-03-22,99500.0,pranuar,E_Vleftesuar,Miratuar,Po,R_Kaloi,2026-03-27,,L81317045A,FURN-001768,sherbim,30
FAT-0001358,INST-0173-2601358,ANG-0000677,True,NIVF-2237601051,2026-03-18,2026-03-21,29932.94,refuzuar,Kerkon_Rivleftesim,Refuzuar,Jo,,2026-03-25,Mungesë dokumentacioni mbështetës,J68028214P,FURN-000969,mall,30
FAT-0001359,INST-0173-2601359,ANG-0000677,True,NIVF-9709793521,2026-04-20,2026-04-20,13595.27,refuzuar,Kerkon_Rivleftesim,Refuzuar,Jo,,2026-04-27,Mospërputhje me kontratën,J68028214P,FURN-000969,mall,30
FAT-0001360,INST-0173-2601360,ANG-0000677,True,NIVF-4500699829,2026-06-09,2026-06-11,56271.79,pranuar,E_Vleftesuar,Miratuar,Po,R_Kaloi,2026-06-14,,J68028214P,FURN-000969,mall,30
FAT-0001361,INST-0172-2601361,ANG-0000678,True,NIVF-7194301555,2026-03-17,2026-03-17,0.0,pranuar,E_Vleftesuar,Miratuar,Po,R_Kaloi,2026-03-25,,,,sherbim,30
FAT-0001362,INST-0172-2601362,ANG-0000678,True,NIVF-9078881540,2026-04-17,2026-04-17,0.0,pranuar,E_Vleftesuar,Miratuar,Po,R_Kaloi,2026-04-19,,,,sherbim,30
FAT-0001363,INST-0172-2601363,ANG-0000678,True,NIVF-2739212968,2026-05-13,2026-05-16,0.0,pranuar,E_Vleftesuar,Miratuar,Po,R_Kaloi,2026-05-18,,,,sherbim,30
FAT-0001364,INST-0172-2601364,ANG-0000679,True,NIVF-9792326171,2026-03-20,2026-03-21,0.0,pranuar,E_Vleftesuar,Miratuar,Po,R_Kaloi,2026-03-28,,,,sherbim,30
FAT-0001365,INST-0172-2601365,ANG-0000680,True,NIVF-8753474504,2026-03-11,2026-03-15,281.72,pranuar,E_Vleftesuar,Miratuar,Po,R_Kaloi,2026-03-17,,L32405034Q,FURN-001370,sherbim,30
FAT-0001366,INST-0172-2601366,ANG-0000680,True,NIVF-2227826484,2026-04-18,2026-04-18,6208.28,pranuar,E_Vleftesuar,Miratuar,Po,R_Kaloi,2026-04-22,,L32405034Q,FURN-001370,sherbim,30
FAT-0001367,INST-0172-2601367,ANG-0000681,True,NIVF-5991983375,2026-03-16,2026-03-19,8260660.0,pranuar,E_Vleftesuar,Miratuar,Po,R_Kaloi,2026-03-24,,J64103483H,FURN-000877,pune,30
FAT-0001368,INST-0621-2601368,ANG-0000682,True,NIVF-1918604753,2026-03-22,2026-03-23,215281.02,pranuar,E_Vleftesuar,Miratuar,Po,R_Kaloi,2026-03-31,,M42216504H,FURN-000660,sherbim,30
FAT-0001369,INST-0621-2601369,ANG-0000682,True,NIVF-1066696596,2026-04-11,2026-04-15,432718.98,pranuar,E_Vleftesuar,Miratuar,Po,R_Kaloi,2026-04-17,,M42216504H,FURN-000660,sherbim,30
FAT-0001370,INST-0621-2601370,ANG-0000683,True,NIVF-4858431825,2026-03-17,2026-03-17,38977.42,pranuar,E_Vleftesuar,Miratuar,Po,R_Kaloi,2026-03-24,,L12510413V,FURN-001440,mall,30
FAT-0001371,INST-0621-2601371,ANG-0000683,True,NIVF-4467697261,2026-04-21,2026-04-22,486022.58,pranuar,E_Vleftesuar,Miratuar,Po,R_Kaloi,2026-04-25,,L12510413V,FURN-001440,mall,30
FAT-0001372,INST-0621-2601372,ANG-0000684,True,NIVF-5634678024,2026-03-14,2026-03-14,188738.34,refuzuar,Kerkon_Rivleftesim,Refuzuar,Jo,,2026-03-20,Mungesë dokumentacioni mbështetës,L42103023G,FURN-000752,mall,30
FAT-0001373,INST-0621-2601373,ANG-0000684,True,NIVF-5333865797,2026-04-22,2026-04-22,32661.66,pranuar,E_Vleftesuar,Miratuar,Po,R_Kaloi,2026-04-24,,L42103023G,FURN-000752,mall,30
FAT-0001374,INST-0621-2601374,ANG-0000685,True,NIVF-7261252163,2026-03-14,2026-03-17,18642543.81,pranuar,E_Vleftesuar,Miratuar,Po,R_Kaloi,2026-03-21,,L51523001S,FURN-001503,mall,30
FAT-0001375,INST-0621-2601375,ANG-0000685,True,NIVF-6668802563,2026-04-28,2026-04-28,3857456.19,pranuar,E_Vleftesuar,Miratuar,Po,R_Kaloi,2026-05-07,,L51523001S,FURN-001503,mall,30
FAT-0001376,INST-0172-2601376,ANG-0000686,True,NIVF-4164576670,2026-03-12,2026-03-16,1792352.23,pranuar,E_Vleftesuar,Miratuar,Po,R_Kaloi,2026-03-22,,J63208420N,FURN-001654,pune,30
FAT-0001377,INST-0172-2601377,ANG-0000686,True,NIVF-7083753409,2026-04-20,2026-04-22,3094747.77,pranuar,E_Vleftesuar,Miratuar,Po,R_Kaloi,2026-04-24,,J63208420N,FURN-001654,pune,30
FAT-0001378,INST-0337-2601378,ANG-0000687,True,NIVF-9503250793,2026-03-19,2026-03-23,81639.48,pranuar,E_Vleftesuar,Miratuar,Po,R_Kaloi,2026-03-24,,K33708625J,FURN-000019,mall,30
FAT-0001379,INST-0337-2601379,ANG-0000687,True,NIVF-4672049713,2026-04-29,2026-05-01,16743.52,pranuar,E_Vleftesuar,Miratuar,Po,R_Kaloi,2026-05-09,,K33708625J,FURN-000019,mall,30
FAT-0001380,INST-0621-2601380,ANG-0000688,True,NIVF-3849196433,2026-03-16,2026-03-20,82378.3,pranuar,E_Vleftesuar,Miratuar,Po,R_Kaloi,2026-03-22,,L97006001D,FURN-000780,mall,30
FAT-0001381,INST-0621-2601381,ANG-0000688,True,NIVF-6045644518,2026-05-10,2026-05-12,44638.21,pranuar,E_Vleftesuar,Miratuar,Po,R_Kaloi,2026-05-15,,L97006001D,FURN-000780,mall,30
FAT-0001382,INST-0621-2601382,ANG-0000688,True,NIVF-1819236258,2026-07-06,2026-07-09,17583.49,pranuar,E_Vleftesuar,Miratuar,Po,R_Kaloi,2026-07-10,,L97006001D,FURN-000780,mall,30
FAT-0001383,INST-0128-2601383,ANG-0000689,True,NIVF-5752177990,2026-03-13,2026-03-16,75531.28,pranuar,E_Vleftesuar,Miratuar,Po,R_Kaloi,2026-03-21,,L71715003C,FURN-000184,mall,30
FAT-0001384,INST-0128-2601384,ANG-0000689,True,NIVF-1569370680,2026-04-04,2026-04-08,46803.37,pranuar,E_Vleftesuar,Miratuar,Po,R_Kaloi,2026-04-14,,L71715003C,FURN-000184,mall,30
FAT-0001385,INST-0128-2601385,ANG-0000689,True,NIVF-4370229239,2026-05-09,2026-05-09,32665.35,pranuar,E_Vleftesuar,Miratuar,Po,R_Kaloi,2026-05-16,,L71715003C,FURN-000184,mall,30
FAT-0001386,INST-0621-2601386,ANG-0000690,True,NIVF-4113854543,2026-03-23,2026-03-26,290000.0,pranuar,E_Vleftesuar,Miratuar,Po,R_Kaloi,2026-03-31,,L96323901L,FURN-001765,mall,30
FAT-0001387,INST-0151-2601387,ANG-0000691,True,NIVF-6346596789,2026-03-15,2026-03-17,65770.13,pranuar,E_Vleftesuar,Miratuar,Po,R_Kaloi,2026-03-26,,L13726601G,FURN-000547,mall,30
FAT-0001388,INST-0151-2601388,ANG-0000691,True,NIVF-9427804809,2026-04-06,2026-04-06,24229.87,pranuar,E_Vleftesuar,Miratuar,Po,R_Kaloi,2026-04-11,,L13726601G,FURN-000547,mall,30
FAT-0001389,INST-0102-2601389,ANG-0000692,True,NIVF-1312458136,2026-03-24,2026-03-24,306639.72,pranuar,E_Vleftesuar,Miratuar,Po,R_Kaloi,2026-03-29,,M31607030A,FURN-001415,sherbim,30
FAT-0001390,INST-0102-2601390,ANG-0000692,True,NIVF-4560280683,2026-05-11,2026-05-14,39260.44,pranuar,E_Vleftesuar,Miratuar,Po,R_Kaloi,2026-05-20,,M31607030A,FURN-001415,sherbim,30
FAT-0001391,INST-0102-2601391,ANG-0000692,True,NIVF-8470173751,2026-06-21,2026-06-22,349099.84,pranuar,E_Vleftesuar,Miratuar,Po,R_Kaloi,2026-06-27,,M31607030A,FURN-001415,sherbim,30
FAT-0001392,INST-0337-2601392,ANG-0000693,True,NIVF-4166556768,2026-03-12,2026-03-13,690195.25,refuzuar,Kerkon_Rivleftesim,Refuzuar,Jo,,2026-03-19,Fiskalizim i pavlefshëm,J77304712J,FURN-001396,sherbim,30
FAT-0001393,INST-0337-2601393,ANG-0000693,True,NIVF-9119981430,2026-05-08,2026-05-11,281501.95,pranuar,E_Vleftesuar,Miratuar,Po,R_Kaloi,2026-05-12,,J77304712J,FURN-001396,sherbim,30
FAT-0001394,INST-0535-2601394,ANG-0000694,True,NIVF-6230017224,2026-03-19,2026-03-23,101213.14,pranuar,E_Vleftesuar,Miratuar,Po,R_Kaloi,2026-03-26,,M22307015R,FURN-000354,mall,30
FAT-0001395,INST-0535-2601395,ANG-0000694,True,NIVF-2444688030,2026-04-17,2026-04-20,48686.86,pranuar,E_Vleftesuar,Miratuar,Po,R_Kaloi,2026-04-29,,M22307015R,FURN-000354,mall,30
FAT-0001396,INST-0568-2601396,ANG-0000695,True,NIVF-4745771563,2026-03-17,2026-03-19,3887.69,pranuar,E_Vleftesuar,Miratuar,Po,R_Kaloi,2026-03-25,,L81325026K,FURN-000749,mall,30
FAT-0001397,INST-0568-2601397,ANG-0000695,True,NIVF-8497558754,2026-05-11,2026-05-12,126112.31,pranuar,E_Vleftesuar,Miratuar,Po,R_Kaloi,2026-05-17,,L81325026K,FURN-000749,mall,30
FAT-0001398,INST-0621-2601398,ANG-0000696,True,NIVF-5152505982,2026-03-15,2026-03-16,22083104.0,pranuar,E_Vleftesuar,Miratuar,Po,R_Kaloi,2026-03-19,,K66801001T,FURN-000325,sherbim,30
FAT-0001399,INST-0621-2601399,ANG-0000697,True,NIVF-7462629077,2026-03-19,2026-03-21,26800.0,pranuar,E_Vleftesuar,Miratuar,Po,R_Kaloi,2026-03-29,,K62320012O,FURN-000162,mall,30
FAT-0001400,INST-0337-2601400,ANG-0000698,True,NIVF-3271130309,2026-03-20,2026-03-24,27500.0,pranuar,E_Vleftesuar,Miratuar,Po,R_Kaloi,2026-03-26,,K62320012O,FURN-000162,sherbim,30
FAT-0001401,INST-0337-2601401,ANG-0000699,True,NIVF-6717741279,2026-03-22,2026-03-25,10124.32,pranuar,E_Vleftesuar,Miratuar,Po,R_Kaloi,2026-04-02,,K62320012O,FURN-000162,sherbim,30
FAT-0001402,INST-0337-2601402,ANG-0000699,True,NIVF-9991262661,2026-04-14,2026-04-18,4684.67,pranuar,E_Vleftesuar,Miratuar,Po,R_Kaloi,2026-04-20,,K62320012O,FURN-000162,sherbim,30
FAT-0001403,INST-0337-2601403,ANG-0000699,True,NIVF-4852285858,2026-05-15,2026-05-17,28391.01,pranuar,E_Vleftesuar,Miratuar,Po,R_Kaloi,2026-05-20,,K62320012O,FURN-000162,sherbim,30
FAT-0001404,INST-0337-2601404,ANG-0000700,True,NIVF-2456241046,2026-03-13,2026-03-15,174165.88,refuzuar,Kerkon_Rivleftesim,Refuzuar,Jo,,2026-03-19,Gabim në shumën e faturuar,K31528061N,FURN-000306,sherbim,30
FAT-0001405,INST-0337-2601405,ANG-0000700,True,NIVF-3787296952,2026-05-11,2026-05-14,110834.12,pranuar,E_Vleftesuar,Miratuar,Po,R_Kaloi,2026-05-18,,K31528061N,FURN-000306,sherbim,30
FAT-0001406,INST-0621-2601406,ANG-0000701,True,NIVF-1124319273,2026-03-24,2026-03-25,1622855.74,pranuar,E_Vleftesuar,Miratuar,Po,R_Kaloi,2026-03-26,,L01807503L,FURN-001321,mall,30
FAT-0001407,INST-0621-2601407,ANG-0000701,True,NIVF-6894427585,2026-05-08,2026-05-12,369843.18,pranuar,E_Vleftesuar,Miratuar,Po,R_Kaloi,2026-05-21,,L01807503L,FURN-001321,mall,30
FAT-0001408,INST-0621-2601408,ANG-0000701,True,NIVF-5777697542,2026-06-16,2026-06-19,157191.08,pranuar,E_Vleftesuar,Miratuar,Po,R_Kaloi,2026-06-21,,L01807503L,FURN-001321,mall,30
FAT-0001409,INST-0621-2601409,ANG-0000702,True,NIVF-4697293548,2026-03-12,2026-03-15,10053.86,pranuar,E_Vleftesuar,Miratuar,Po,R_Kaloi,2026-03-21,,K81311015Q,FURN-001757,mall,30
FAT-0001410,INST-0621-2601410,ANG-0000702,True,NIVF-5757101423,2026-04-15,2026-04-19,3623.37,pranuar,E_Vleftesuar,Miratuar,Po,R_Kaloi,2026-04-28,,K81311015Q,FURN-001757,mall,30
FAT-0001411,INST-0621-2601411,ANG-0000702,True,NIVF-6979519597,2026-05-10,2026-05-11,12322.77,pranuar,E_Vleftesuar,Miratuar,Po,R_Kaloi,2026-05-18,,K81311015Q,FURN-001757,mall,30
FAT-0001412,INST-0621-2601412,ANG-0000703,True,NIVF-3072154490,2026-03-13,2026-03-16,89396.96,pranuar,E_Vleftesuar,Miratuar,Po,R_Kaloi,2026-03-17,,J62009007F,FURN-000385,mall,30
FAT-0001413,INST-0621-2601413,ANG-0000703,True,NIVF-2006455361,2026-04-07,2026-04-09,290603.04,pranuar,E_Vleftesuar,Miratuar,Po,R_Kaloi,2026-04-10,,J62009007F,FURN-000385,mall,30
FAT-0001414,INST-0621-2601414,ANG-0000704,True,NIVF-7251009794,2026-03-18,2026-03-21,16859.33,pranuar,E_Vleftesuar,Miratuar,Po,R_Kaloi,2026-03-24,,M22101036D,FURN-001483,sherbim,30
FAT-0001415,INST-0621-2601415,ANG-0000704,True,NIVF-5932764119,2026-04-25,2026-04-26,52657.01,pranuar,E_Vleftesuar,Miratuar,Po,R_Kaloi,2026-05-01,,M22101036D,FURN-001483,sherbim,30
FAT-0001416,INST-0621-2601416,ANG-0000704,True,NIVF-6760077742,2026-06-09,2026-06-13,30483.65,pranuar,E_Vleftesuar,Miratuar,Po,R_Kaloi,2026-06-15,,M22101036D,FURN-001483,sherbim,30
FAT-0001417,INST-0621-2601417,ANG-0000705,True,NIVF-8878937856,2026-03-17,2026-03-18,99970.0,pranuar,E_Vleftesuar,Miratuar,Po,R_Kaloi,2026-03-26,,M02415002E,FURN-000321,sherbim,30
FAT-0001418,INST-0621-2601418,ANG-0000706,True,NIVF-7898142904,2026-03-24,2026-03-25,62000.0,pranuar,E_Vleftesuar,Miratuar,Po,R_Kaloi,2026-03-31,,K62320012O,FURN-000162,sherbim,30
FAT-0001419,INST-0621-2601419,ANG-0000707,True,NIVF-5788148418,2026-03-22,2026-03-25,25176.0,pranuar,E_Vleftesuar,Miratuar,Po,R_Kaloi,2026-04-02,,M22101036D,FURN-001483,sherbim,30
FAT-0001420,INST-0621-2601420,ANG-0000707,True,NIVF-1558428239,2026-04-12,2026-04-14,24824.0,pranuar,E_Vleftesuar,Miratuar,Po,R_Kaloi,2026-04-22,,M22101036D,FURN-001483,sherbim,30
FAT-0001421,INST-0621-2601421,ANG-0000708,True,NIVF-4472936778,2026-03-13,2026-03-16,13500.0,refuzuar,Kerkon_Rivleftesim,Refuzuar,Jo,,2026-03-17,Gabim në shumën e faturuar,J61814028F,FURN-000068,sherbim,30
FAT-0001422,INST-0621-2601422,ANG-0000709,True,NIVF-2757942703,2026-03-23,2026-03-26,97052.61,pranuar,E_Vleftesuar,Miratuar,Po,R_Kaloi,2026-03-30,,J61814028F,FURN-000068,sherbim,30
FAT-0001423,INST-0621-2601423,ANG-0000709,True,NIVF-2391700164,2026-04-20,2026-04-24,62224.03,pranuar,E_Vleftesuar,Miratuar,Po,R_Kaloi,2026-04-27,,J61814028F,FURN-000068,sherbim,30
FAT-0001424,INST-0621-2601424,ANG-0000709,True,NIVF-7279394561,2026-06-01,2026-06-02,85723.36,pranuar,E_Vleftesuar,Miratuar,Po,R_Kaloi,2026-06-06,,J61814028F,FURN-000068,sherbim,30
FAT-0001425,INST-0621-2601425,ANG-0000710,True,NIVF-9835345497,2026-03-23,2026-03-25,428088.0,pranuar,E_Vleftesuar,Miratuar,Po,R_Kaloi,2026-03-29,,J91809007H,FURN-000028,sherbim,30
FAT-0001426,INST-0621-2601426,ANG-0000711,True,NIVF-4228589865,2026-03-23,2026-03-24,0.0,pranuar,E_Vleftesuar,Miratuar,Po,R_Kaloi,2026-03-28,,,,sherbim,30
FAT-0001427,INST-0621-2601427,ANG-0000711,True,NIVF-5318376454,2026-04-17,2026-04-20,0.0,pranuar,E_Vleftesuar,Miratuar,Po,R_Kaloi,2026-04-29,,,,sherbim,30
FAT-0001428,INST-0621-2601428,ANG-0000712,True,NIVF-9980575278,2026-03-18,2026-03-19,120000.0,pranuar,E_Vleftesuar,Miratuar,Po,R_Kaloi,2026-03-26,,L64425401K,FURN-000086,sherbim,30
FAT-0001429,INST-0621-2601429,ANG-0000713,True,NIVF-5107961821,2026-03-23,2026-03-24,807.55,pranuar,E_Vleftesuar,Miratuar,Po,R_Kaloi,2026-04-01,,L11801011M,FURN-001874,sherbim,30
FAT-0001430,INST-0621-2601430,ANG-0000713,True,NIVF-2392418203,2026-05-11,2026-05-13,192.45,pranuar,E_Vleftesuar,Miratuar,Po,R_Kaloi,2026-05-16,,L11801011M,FURN-001874,sherbim,30
FAT-0001431,INST-0621-2601431,ANG-0000714,True,NIVF-8026285109,2026-03-24,2026-03-25,98750.0,pranuar,E_Vleftesuar,Miratuar,Po,R_Kaloi,2026-03-29,,M11714046V,FURN-000188,sherbim,30
FAT-0001432,INST-0044-2601432,ANG-0000715,True,NIVF-4393536661,2026-03-12,2026-03-14,297273.21,pranuar,E_Vleftesuar,Miratuar,Po,R_Kaloi,2026-03-20,,K66801001T,FURN-000325,mall,30
FAT-0001433,INST-0044-2601433,ANG-0000715,True,NIVF-1451633435,2026-05-09,2026-05-11,186018.1,pranuar,E_Vleftesuar,Miratuar,Po,R_Kaloi,2026-05-14,,K66801001T,FURN-000325,mall,30
FAT-0001434,INST-0044-2601434,ANG-0000715,True,NIVF-3760890663,2026-05-29,2026-06-01,241083.69,refuzuar,Kerkon_Rivleftesim,Refuzuar,Jo,,2026-06-02,Gabim në shumën e faturuar,K66801001T,FURN-000325,mall,30
FAT-0001435,INST-0064-2601435,ANG-0000716,True,NIVF-5349150556,2026-03-23,2026-03-23,12709.54,pranuar,E_Vleftesuar,Miratuar,Po,R_Kaloi,2026-03-27,,K91530017T,FURN-000032,mall,30
FAT-0001436,INST-0064-2601436,ANG-0000716,True,NIVF-8241540569,2026-05-07,2026-05-11,11290.46,pranuar,E_Vleftesuar,Miratuar,Po,R_Kaloi,2026-05-14,,K91530017T,FURN-000032,mall,30
FAT-0001437,INST-0064-2601437,ANG-0000717,True,NIVF-8628520748,2026-03-17,2026-03-17,56487.66,refuzuar,Kerkon_Rivleftesim,Refuzuar,Jo,,2026-03-23,Mungesë dokumentacioni mbështetës,L38515201C,FURN-000067,mall,30
FAT-0001438,INST-0064-2601438,ANG-0000717,True,NIVF-7181066496,2026-04-20,2026-04-21,43512.34,pranuar,E_Vleftesuar,Miratuar,Po,R_Kaloi,2026-04-28,,L38515201C,FURN-000067,mall,30
FAT-0001439,INST-0064-2601439,ANG-0000718,True,NIVF-9472253510,2026-03-18,2026-03-20,2460000.0,pranuar,E_Vleftesuar,Miratuar,Po,R_Kaloi,2026-03-29,,K43309402W,FURN-000005,mall,30
FAT-0001440,INST-0588-2601440,ANG-0000719,True,NIVF-4798260208,2026-03-25,2026-03-26,67701.76,pranuar,E_Vleftesuar,Miratuar,Po,R_Kaloi,2026-04-01,,L41726016Q,FURN-000238,mall,30
FAT-0001441,INST-0588-2601441,ANG-0000719,True,NIVF-5466390776,2026-05-06,2026-05-10,140298.24,pranuar,E_Vleftesuar,Miratuar,Po,R_Kaloi,2026-05-16,,L41726016Q,FURN-000238,mall,30
FAT-0001442,INST-0653-2601442,ANG-0000720,True,NIVF-6999716046,2026-03-24,2026-03-25,3222.89,pranuar,E_Vleftesuar,Miratuar,Po,R_Kaloi,2026-04-02,,K32606203J,FURN-001707,mall,30
FAT-0001443,INST-0653-2601443,ANG-0000720,True,NIVF-2929818594,2026-05-12,2026-05-12,40713.31,pranuar,E_Vleftesuar,Miratuar,Po,R_Kaloi,2026-05-13,,K32606203J,FURN-001707,mall,30
FAT-0001444,INST-0653-2601444,ANG-0000720,True,NIVF-9583412718,2026-06-09,2026-06-12,22659.81,pranuar,E_Vleftesuar,Miratuar,Po,R_Kaloi,2026-06-14,,K32606203J,FURN-001707,mall,30
FAT-0001445,INST-0172-2601445,ANG-0000721,True,NIVF-1959814691,2026-03-19,2026-03-21,62500.0,pranuar,E_Vleftesuar,Miratuar,Po,R_Kaloi,2026-03-22,,L54814001L,FURN-001720,pune,30
FAT-0001446,INST-0337-2601446,ANG-0000722,True,NIVF-4961838753,2026-03-16,2026-03-20,10666.96,pranuar,E_Vleftesuar,Miratuar,Po,R_Kaloi,2026-03-24,,K33915001O,FURN-000193,mall,30
FAT-0001447,INST-0337-2601447,ANG-0000722,True,NIVF-5807115105,2026-04-14,2026-04-18,28062.85,pranuar,E_Vleftesuar,Miratuar,Po,R_Kaloi,2026-04-25,,K33915001O,FURN-000193,mall,30
FAT-0001448,INST-0337-2601448,ANG-0000722,True,NIVF-9519433385,2026-05-31,2026-06-04,27936.86,pranuar,E_Vleftesuar,Miratuar,Po,R_Kaloi,2026-06-08,,K33915001O,FURN-000193,mall,30
FAT-0001449,INST-1004-2601449,ANG-0000723,True,NIVF-9575165172,2026-03-27,2026-03-29,52770.05,pranuar,E_Vleftesuar,Miratuar,Po,R_Kaloi,2026-04-04,,L94004003D,FURN-001676,mall,30
FAT-0001450,INST-1004-2601450,ANG-0000723,True,NIVF-2740927876,2026-05-01,2026-05-05,32202.45,pranuar,E_Vleftesuar,Miratuar,Po,R_Kaloi,2026-05-10,,L94004003D,FURN-001676,mall,30
FAT-0001451,INST-0962-2601451,ANG-0000724,True,NIVF-1696497598,2026-03-22,2026-03-25,7000.0,refuzuar,Kerkon_Rivleftesim,Refuzuar,Jo,,2026-03-27,Fiskalizim i pavlefshëm,K62320012O,FURN-000162,sherbim,30
FAT-0001452,INST-0558-2601452,ANG-0000725,True,NIVF-8118283410,2026-03-23,2026-03-26,5431.88,pranuar,E_Vleftesuar,Miratuar,Po,R_Kaloi,2026-04-04,,M11718011D,FURN-001527,sherbim,30
FAT-0001453,INST-0558-2601453,ANG-0000725,True,NIVF-4952458116,2026-05-14,2026-05-14,157451.3,pranuar,E_Vleftesuar,Miratuar,Po,R_Kaloi,2026-05-17,,M11718011D,FURN-001527,sherbim,30
FAT-0001454,INST-0558-2601454,ANG-0000725,True,NIVF-2640984014,2026-07-09,2026-07-10,47116.82,pranuar,E_Vleftesuar,Miratuar,Po,R_Kaloi,2026-07-19,,M11718011D,FURN-001527,sherbim,30
FAT-0001455,INST-0558-2601455,ANG-0000726,True,NIVF-7786793519,2026-03-26,2026-03-27,74722.2,pranuar,E_Vleftesuar,Miratuar,Po,R_Kaloi,2026-03-29,,L83725007U,FURN-000156,sherbim,30
FAT-0001456,INST-0558-2601456,ANG-0000726,True,NIVF-6941215789,2026-05-09,2026-05-10,22777.8,pranuar,E_Vleftesuar,Miratuar,Po,R_Kaloi,2026-05-15,,L83725007U,FURN-000156,sherbim,30
FAT-0001457,INST-0558-2601457,ANG-0000727,True,NIVF-8552657555,2026-03-29,2026-04-02,1501.61,pranuar,E_Vleftesuar,Miratuar,Po,R_Kaloi,2026-04-05,,K62320012O,FURN-000162,sherbim,30
FAT-0001458,INST-0558-2601458,ANG-0000727,True,NIVF-8588156992,2026-05-22,2026-05-24,687.89,pranuar,E_Vleftesuar,Miratuar,Po,R_Kaloi,2026-05-27,,K62320012O,FURN-000162,sherbim,30
FAT-0001459,INST-0558-2601459,ANG-0000727,True,NIVF-9304462903,2026-07-18,2026-07-21,11810.51,pranuar,E_Vleftesuar,Miratuar,Po,R_Kaloi,2026-07-27,,K62320012O,FURN-000162,sherbim,30
FAT-0001460,INST-0046-2601460,ANG-0000728,True,NIVF-8350226250,2026-03-21,2026-03-24,1137.71,pranuar,E_Vleftesuar,Miratuar,Po,R_Kaloi,2026-03-27,,K62320012O,FURN-000162,mall,30
FAT-0001461,INST-0046-2601461,ANG-0000728,True,NIVF-7520884073,2026-05-12,2026-05-14,37890.98,pranuar,E_Vleftesuar,Miratuar,Po,R_Kaloi,2026-05-20,,K62320012O,FURN-000162,mall,30
FAT-0001462,INST-0046-2601462,ANG-0000728,True,NIVF-6502270074,2026-06-25,2026-06-25,9971.31,pranuar,E_Vleftesuar,Miratuar,Po,R_Kaloi,2026-06-27,,K62320012O,FURN-000162,mall,30
FAT-0001463,INST-0175-2601463,ANG-0000729,True,NIVF-7401044229,2026-03-19,2026-03-20,509793.7,pranuar,E_Vleftesuar,Miratuar,Po,R_Kaloi,2026-03-27,,M11501019A,FURN-000581,sherbim,30
FAT-0001464,INST-1012-2601464,ANG-0000730,True,NIVF-9707746216,2026-03-20,2026-03-20,981200.0,pranuar,E_Vleftesuar,Miratuar,Po,R_Kaloi,2026-03-22,,M12429007A,FURN-000572,mall,30
FAT-0001465,INST-0621-2601465,ANG-0000731,True,NIVF-9687682093,2026-03-18,2026-03-21,822161.63,pranuar,E_Vleftesuar,Miratuar,Po,R_Kaloi,2026-03-29,,L41723017J,FURN-001822,sherbim,30
FAT-0001466,INST-0621-2601466,ANG-0000731,True,NIVF-4972551972,2026-05-10,2026-05-14,34838.37,pranuar,E_Vleftesuar,Miratuar,Po,R_Kaloi,2026-05-15,,L41723017J,FURN-001822,sherbim,30
FAT-0001467,INST-0140-2601467,ANG-0000732,True,NIVF-5645124443,2026-03-16,2026-03-20,7194.52,pranuar,E_Vleftesuar,Miratuar,Po,R_Kaloi,2026-03-23,,L63302801G,FURN-001873,mall,30
FAT-0001468,INST-0140-2601468,ANG-0000732,True,NIVF-1668017941,2026-05-12,2026-05-12,268313.45,pranuar,E_Vleftesuar,Miratuar,Po,R_Kaloi,2026-05-14,,L63302801G,FURN-001873,mall,30
FAT-0001469,INST-0140-2601469,ANG-0000732,True,NIVF-7904898763,2026-06-11,2026-06-14,124492.03,pranuar,E_Vleftesuar,Miratuar,Po,R_Kaloi,2026-06-21,,L63302801G,FURN-001873,mall,30
FAT-0001470,INST-0621-2601470,ANG-0000733,True,NIVF-7107875215,2026-03-25,2026-03-27,18847.0,pranuar,E_Vleftesuar,Miratuar,Po,R_Kaloi,2026-04-01,,J82201002C,FURN-001313,mall,30
FAT-0001471,INST-0621-2601471,ANG-0000733,True,NIVF-9308667306,2026-05-15,2026-05-17,11153.0,pranuar,E_Vleftesuar,Miratuar,Po,R_Kaloi,2026-05-18,,J82201002C,FURN-001313,mall,30
FAT-0001472,INST-0151-2601472,ANG-0000734,True,NIVF-3603533795,2026-03-19,2026-03-20,61307.42,pranuar,E_Vleftesuar,Miratuar,Po,R_Kaloi,2026-03-28,,K91530017T,FURN-000032,mall,30
FAT-0001473,INST-0151-2601473,ANG-0000734,True,NIVF-1464743461,2026-05-06,2026-05-09,10445.69,pranuar,E_Vleftesuar,Miratuar,Po,R_Kaloi,2026-05-13,,K91530017T,FURN-000032,mall,30
FAT-0001474,INST-0151-2601474,ANG-0000734,True,NIVF-5605016809,2026-05-29,2026-06-02,19746.89,pranuar,E_Vleftesuar,Miratuar,Po,R_Kaloi,2026-06-06,,K91530017T,FURN-000032,mall,30
FAT-0001475,INST-0621-2601475,ANG-0000735,True,NIVF-7506157574,2026-03-22,2026-03-26,0.0,pranuar,E_Vleftesuar,Miratuar,Po,R_Kaloi,2026-03-31,,,,mall,30
FAT-0001476,INST-0621-2601476,ANG-0000735,True,NIVF-1545551172,2026-05-11,2026-05-12,0.0,pranuar,E_Vleftesuar,Miratuar,Po,R_Kaloi,2026-05-15,,,,mall,30
FAT-0001477,INST-0621-2601477,ANG-0000735,True,NIVF-8105098328,2026-06-09,2026-06-13,0.0,pranuar,E_Vleftesuar,Miratuar,Po,R_Kaloi,2026-06-14,,,,mall,30
FAT-0001478,INST-0621-2601478,ANG-0000736,True,NIVF-4161364738,2026-03-23,2026-03-24,92498.47,pranuar,E_Vleftesuar,Miratuar,Po,R_Kaloi,2026-03-25,,M52311039R,FURN-000386,mall,30
FAT-0001479,INST-0621-2601479,ANG-0000736,True,NIVF-1819181985,2026-05-18,2026-05-22,100273.66,pranuar,E_Vleftesuar,Miratuar,Po,R_Kaloi,2026-05-31,,M52311039R,FURN-000386,mall,30
FAT-0001480,INST-0621-2601480,ANG-0000736,True,NIVF-2122180156,2026-06-11,2026-06-11,73827.86,pranuar,E_Vleftesuar,Miratuar,Po,R_Kaloi,2026-06-17,,M52311039R,FURN-000386,mall,30
FAT-0001481,INST-0148-2601481,ANG-0000737,True,NIVF-4224236726,2026-03-27,2026-03-29,9698.89,pranuar,E_Vleftesuar,Miratuar,Po,R_Kaloi,2026-03-30,,K41420001V,FURN-000016,mall,30
FAT-0001482,INST-0148-2601482,ANG-0000737,True,NIVF-2481786394,2026-05-03,2026-05-03,22356.07,pranuar,E_Vleftesuar,Miratuar,Po,R_Kaloi,2026-05-10,,K41420001V,FURN-000016,mall,30
FAT-0001483,INST-0148-2601483,ANG-0000737,True,NIVF-6862136520,2026-05-28,2026-05-29,5165.04,pranuar,E_Vleftesuar,Miratuar,Po,R_Kaloi,2026-06-04,,K41420001V,FURN-000016,mall,30
FAT-0001484,INST-0337-2601484,ANG-0000738,True,NIVF-6837324780,2026-03-28,2026-03-31,3239865.5,pranuar,E_Vleftesuar,Miratuar,Po,R_Kaloi,2026-04-05,,M29718101T,FURN-001228,mall,30
FAT-0001485,INST-0565-2601485,ANG-0000739,True,NIVF-3027725472,2026-03-30,2026-04-03,481420.57,pranuar,E_Vleftesuar,Miratuar,Po,R_Kaloi,2026-04-07,,K31422029Q,FURN-000347,mall,30
FAT-0001486,INST-0565-2601486,ANG-0000739,True,NIVF-3627414508,2026-05-09,2026-05-10,140447.19,pranuar,E_Vleftesuar,Miratuar,Po,R_Kaloi,2026-05-14,,K31422029Q,FURN-000347,mall,30
FAT-0001487,INST-0565-2601487,ANG-0000739,True,NIVF-5241518878,2026-06-14,2026-06-18,376712.24,pranuar,E_Vleftesuar,Miratuar,Po,R_Kaloi,2026-06-25,,K31422029Q,FURN-000347,mall,30
FAT-0001488,INST-0516-2601488,ANG-0000740,True,NIVF-5022863470,2026-03-25,2026-03-29,47320.36,pranuar,E_Vleftesuar,Miratuar,Po,R_Kaloi,2026-04-02,,K21912001R,FURN-000018,mall,30
FAT-0001489,INST-0516-2601489,ANG-0000740,True,NIVF-3446334730,2026-05-19,2026-05-21,348064.49,pranuar,E_Vleftesuar,Miratuar,Po,R_Kaloi,2026-05-29,,K21912001R,FURN-000018,mall,30
FAT-0001490,INST-0516-2601490,ANG-0000740,True,NIVF-8337514816,2026-07-14,2026-07-17,90615.15,pranuar,E_Vleftesuar,Miratuar,Po,R_Kaloi,2026-07-18,,K21912001R,FURN-000018,mall,30
FAT-0001491,INST-0126-2601491,ANG-0000741,True,NIVF-6355486062,2026-03-17,2026-03-19,99500.0,pranuar,E_Vleftesuar,Miratuar,Po,R_Kaloi,2026-03-22,,K11722002W,FURN-001052,mall,30
FAT-0001492,INST-0517-2601492,ANG-0000742,True,NIVF-7595928821,2026-03-29,2026-04-02,160000.0,refuzuar,Kerkon_Rivleftesim,Refuzuar,Jo,,2026-04-11,Mospërputhje me kontratën,M11707049K,FURN-000211,pune,30
FAT-0001493,INST-0621-2601493,ANG-0000743,True,NIVF-7718086314,2026-03-30,2026-04-03,0.0,pranuar,E_Vleftesuar,Miratuar,Po,R_Kaloi,2026-04-10,,,,mall,30
FAT-0001494,INST-0621-2601494,ANG-0000744,True,NIVF-1786729859,2026-03-21,2026-03-23,3818348.96,pranuar,E_Vleftesuar,Miratuar,Po,R_Kaloi,2026-03-29,,J74517205P,FURN-000495,mall,30
FAT-0001495,INST-0621-2601495,ANG-0000744,True,NIVF-1128531208,2026-05-06,2026-05-10,567651.04,pranuar,E_Vleftesuar,Miratuar,Po,R_Kaloi,2026-05-15,,J74517205P,FURN-000495,mall,30
FAT-0001496,INST-0621-2601496,ANG-0000745,True,NIVF-9251920631,2026-03-23,2026-03-26,6979.0,pranuar,E_Vleftesuar,Miratuar,Po,R_Kaloi,2026-04-03,,K31503045V,FURN-000036,mall,30
FAT-0001497,INST-0621-2601497,ANG-0000746,True,NIVF-8772821761,2026-03-21,2026-03-21,28335.0,pranuar,E_Vleftesuar,Miratuar,Po,R_Kaloi,2026-03-22,,K12201002T,FURN-000088,mall,30
FAT-0001498,INST-0337-2601498,ANG-0000747,True,NIVF-2286052833,2026-03-20,2026-03-22,633.55,pranuar,E_Vleftesuar,Miratuar,Po,R_Kaloi,2026-03-25,,M02012011A,FURN-001159,sherbim,30
FAT-0001499,INST-0337-2601499,ANG-0000747,True,NIVF-2197888101,2026-05-02,2026-05-02,1033.12,pranuar,E_Vleftesuar,Miratuar,Po,R_Kaloi,2026-05-11,,M02012011A,FURN-001159,sherbim,30
FAT-0001500,INST-0337-2601500,ANG-0000748,True,NIVF-9822215541,2026-03-29,2026-03-31,87017.45,pranuar,E_Vleftesuar,Miratuar,Po,R_Kaloi,2026-04-04,,L31329009M,FURN-000861,sherbim,30
FAT-0001501,INST-0337-2601501,ANG-0000748,True,NIVF-6065989180,2026-05-10,2026-05-13,47536.8,pranuar,E_Vleftesuar,Miratuar,Po,R_Kaloi,2026-05-20,,L31329009M,FURN-000861,sherbim,30
FAT-0001502,INST-0337-2601502,ANG-0000748,True,NIVF-4202036522,2026-06-12,2026-06-16,14445.75,pranuar,E_Vleftesuar,Miratuar,Po,R_Kaloi,2026-06-21,,L31329009M,FURN-000861,sherbim,30
FAT-0001503,INST-0561-2601503,ANG-0000749,True,NIVF-7160665887,2026-03-22,2026-03-25,3094.06,pranuar,E_Vleftesuar,Miratuar,Po,R_Kaloi,2026-03-28,,K21912001R,FURN-000018,mall,30
FAT-0001504,INST-0561-2601504,ANG-0000749,True,NIVF-7195379317,2026-04-17,2026-04-17,961.51,pranuar,E_Vleftesuar,Miratuar,Po,R_Kaloi,2026-04-23,,K21912001R,FURN-000018,mall,30
FAT-0001505,INST-0561-2601505,ANG-0000749,True,NIVF-3790062224,2026-06-13,2026-06-16,7824.43,pranuar,E_Vleftesuar,Miratuar,Po,R_Kaloi,2026-06-24,,K21912001R,FURN-000018,mall,30
FAT-0001506,INST-0621-2601506,ANG-0000750,True,NIVF-3477014551,2026-03-30,2026-03-31,1861400.0,pranuar,E_Vleftesuar,Miratuar,Po,R_Kaloi,2026-04-07,,K16604717F,FURN-000835,mall,30
FAT-0001507,INST-0621-2601507,ANG-0000751,True,NIVF-7056241854,2026-03-19,2026-03-20,570000.0,pranuar,E_Vleftesuar,Miratuar,Po,R_Kaloi,2026-03-28,,K81503063B,FURN-000491,mall,30
FAT-0001508,INST-0621-2601508,ANG-0000752,True,NIVF-6753999999,2026-03-23,2026-03-26,89000.0,refuzuar,Kerkon_Rivleftesim,Refuzuar,Jo,,2026-03-28,Mospërputhje me kontratën,L62212043B,FURN-001727,mall,30
FAT-0001509,INST-0172-2601509,ANG-0000753,True,NIVF-6341511052,2026-03-18,2026-03-19,61867.19,pranuar,E_Vleftesuar,Miratuar,Po,R_Kaloi,2026-03-23,,J62426002Q,FURN-000236,pune,30
FAT-0001510,INST-0172-2601510,ANG-0000753,True,NIVF-3205782190,2026-05-13,2026-05-16,102640.45,pranuar,E_Vleftesuar,Miratuar,Po,R_Kaloi,2026-05-22,,J62426002Q,FURN-000236,pune,30
FAT-0001511,INST-0172-2601511,ANG-0000753,True,NIVF-2798062003,2026-06-08,2026-06-11,13792.36,pranuar,E_Vleftesuar,Miratuar,Po,R_Kaloi,2026-06-19,,J62426002Q,FURN-000236,pune,30
FAT-0001512,INST-0148-2601512,ANG-0000754,True,NIVF-8144605778,2026-03-25,2026-03-28,100000.0,pranuar,E_Vleftesuar,Miratuar,Po,R_Kaloi,2026-04-05,,M21621046I,FURN-000331,mall,30
FAT-0001513,INST-0404-2601513,ANG-0000755,True,NIVF-7865097713,2026-03-28,2026-03-29,1618333.03,pranuar,E_Vleftesuar,Miratuar,Po,R_Kaloi,2026-04-03,,M02209004H,FURN-001737,mall,30
FAT-0001514,INST-0404-2601514,ANG-0000755,True,NIVF-1503309059,2026-05-07,2026-05-07,502166.97,pranuar,E_Vleftesuar,Miratuar,Po,R_Kaloi,2026-05-16,,M02209004H,FURN-001737,mall,30
FAT-0001515,INST-0574-2601515,ANG-0000756,True,NIVF-3107814177,2026-03-22,2026-03-26,2630.2,pranuar,E_Vleftesuar,Miratuar,Po,R_Kaloi,2026-03-31,,K69006212H,FURN-001238,mall,30
FAT-0001516,INST-0574-2601516,ANG-0000756,True,NIVF-6075792926,2026-04-15,2026-04-18,5891.66,pranuar,E_Vleftesuar,Miratuar,Po,R_Kaloi,2026-04-24,,K69006212H,FURN-001238,mall,30
FAT-0001517,INST-0574-2601517,ANG-0000756,True,NIVF-4726804141,2026-05-19,2026-05-22,16379.14,pranuar,E_Vleftesuar,Miratuar,Po,R_Kaloi,2026-05-25,,K69006212H,FURN-001238,mall,30
FAT-0001518,INST-0116-2601518,ANG-0000757,True,NIVF-6334346039,2026-03-28,2026-03-29,154000.0,pranuar,E_Vleftesuar,Miratuar,Po,R_Kaloi,2026-04-02,,M11714046V,FURN-000188,mall,30
FAT-0001519,INST-0153-2601519,ANG-0000758,True,NIVF-5850035691,2026-04-01,2026-04-01,92639.85,pranuar,E_Vleftesuar,Miratuar,Po,R_Kaloi,2026-04-04,,J71519004W,FURN-000420,mall,30
FAT-0001520,INST-0153-2601520,ANG-0000758,True,NIVF-8411091511,2026-05-05,2026-05-07,483360.15,pranuar,E_Vleftesuar,Miratuar,Po,R_Kaloi,2026-05-13,,J71519004W,FURN-000420,mall,30
FAT-0001521,INST-0176-2601521,ANG-0000759,True,NIVF-8862972049,2026-03-26,2026-03-29,12294.03,pranuar,E_Vleftesuar,Miratuar,Po,R_Kaloi,2026-04-01,,K63629201V,FURN-001392,sherbim,30
FAT-0001522,INST-0176-2601522,ANG-0000759,True,NIVF-8297823411,2026-04-25,2026-04-26,27371.97,pranuar,E_Vleftesuar,Miratuar,Po,R_Kaloi,2026-05-03,,K63629201V,FURN-001392,sherbim,30
FAT-0001523,INST-0621-2601523,ANG-0000760,True,NIVF-8967282259,2026-03-24,2026-03-25,81551.98,pranuar,E_Vleftesuar,Miratuar,Po,R_Kaloi,2026-03-27,,L28029301Q,FURN-000443,mall,30
FAT-0001524,INST-0621-2601524,ANG-0000760,True,NIVF-8059700129,2026-05-04,2026-05-08,18448.02,pranuar,E_Vleftesuar,Miratuar,Po,R_Kaloi,2026-05-16,,L28029301Q,FURN-000443,mall,30
FAT-0001525,INST-0337-2601525,ANG-0000761,True,NIVF-4504460573,2026-04-01,2026-04-02,70800.0,pranuar,E_Vleftesuar,Miratuar,Po,R_Kaloi,2026-04-10,,K33721008C,FURN-000327,mall,30
FAT-0001526,INST-0337-2601526,ANG-0000762,True,NIVF-5831778551,2026-04-02,2026-04-06,99180.0,refuzuar,Kerkon_Rivleftesim,Refuzuar,Jo,,2026-04-07,Fiskalizim i pavlefshëm,M06802801A,FURN-000113,mall,30
FAT-0001527,INST-0337-2601527,ANG-0000763,True,NIVF-1271945930,2026-04-04,2026-04-04,11630.5,pranuar,E_Vleftesuar,Miratuar,Po,R_Kaloi,2026-04-09,,K01410001N,FURN-000009,mall,30
FAT-0001528,INST-0337-2601528,ANG-0000763,True,NIVF-1663269395,2026-05-08,2026-05-08,86575.5,pranuar,E_Vleftesuar,Miratuar,Po,R_Kaloi,2026-05-15,,K01410001N,FURN-000009,mall,30
FAT-0001529,INST-0176-2601529,ANG-0000764,True,NIVF-1226720846,2026-03-23,2026-03-24,5783.0,pranuar,E_Vleftesuar,Miratuar,Po,R_Kaloi,2026-03-26,,M22102009L,FURN-000520,pune,30
FAT-0001530,INST-0176-2601530,ANG-0000764,True,NIVF-3673769636,2026-05-01,2026-05-01,125069.84,pranuar,E_Vleftesuar,Miratuar,Po,R_Kaloi,2026-05-10,,M22102009L,FURN-000520,pune,30
FAT-0001531,INST-0176-2601531,ANG-0000764,True,NIVF-7739023342,2026-05-26,2026-05-29,214147.16,refuzuar,Kerkon_Rivleftesim,Refuzuar,Jo,,2026-06-07,Mungesë dokumentacioni mbështetës,M22102009L,FURN-000520,pune,30
FAT-0001532,INST-0337-2601532,ANG-0000765,True,NIVF-7754512406,2026-03-22,2026-03-26,0.0,pranuar,E_Vleftesuar,Miratuar,Po,R_Kaloi,2026-04-01,,,,mall,30
FAT-0001533,INST-0337-2601533,ANG-0000765,True,NIVF-5290780107,2026-05-17,2026-05-19,0.0,pranuar,E_Vleftesuar,Miratuar,Po,R_Kaloi,2026-05-21,,,,mall,30
FAT-0001534,INST-0535-2601534,ANG-0000766,True,NIVF-8042901063,2026-03-25,2026-03-29,81000.0,pranuar,E_Vleftesuar,Miratuar,Po,R_Kaloi,2026-04-06,,J62426002Q,FURN-000236,sherbim,30
FAT-0001535,INST-0059-2601535,ANG-0000767,True,NIVF-3516740616,2026-03-23,2026-03-23,1109240.0,pranuar,E_Vleftesuar,Miratuar,Po,R_Kaloi,2026-03-26,,L82203011N,FURN-000199,mall,30
FAT-0001536,INST-0157-2601536,ANG-0000768,True,NIVF-1047911821,2026-04-05,2026-04-09,121415.08,refuzuar,Kerkon_Rivleftesim,Refuzuar,Jo,,2026-04-10,Mungesë dokumentacioni mbështetës,L12510413V,FURN-001440,pune,30
FAT-0001537,INST-0157-2601537,ANG-0000768,True,NIVF-4002081765,2026-05-11,2026-05-15,1198273.92,pranuar,E_Vleftesuar,Miratuar,Po,R_Kaloi,2026-05-19,,L12510413V,FURN-001440,pune,30
FAT-0001538,INST-0172-2601538,ANG-0000769,True,NIVF-5109280907,2026-03-24,2026-03-25,250190.08,pranuar,E_Vleftesuar,Miratuar,Po,R_Kaloi,2026-04-01,,M51624039U,FURN-000392,pune,30
FAT-0001539,INST-0172-2601539,ANG-0000769,True,NIVF-7536797543,2026-05-14,2026-05-18,64335.4,pranuar,E_Vleftesuar,Miratuar,Po,R_Kaloi,2026-05-20,,M51624039U,FURN-000392,pune,30
FAT-0001540,INST-0172-2601540,ANG-0000769,True,NIVF-3641025767,2026-06-03,2026-06-07,260074.53,pranuar,E_Vleftesuar,Miratuar,Po,R_Kaloi,2026-06-10,,M51624039U,FURN-000392,pune,30
FAT-0001541,INST-0008-2601541,ANG-0000770,True,NIVF-2084759745,2026-03-24,2026-03-26,0.0,pranuar,E_Vleftesuar,Miratuar,Po,R_Kaloi,2026-04-02,,,,mall,30
FAT-0001542,INST-0574-2601542,ANG-0000771,True,NIVF-3150515467,2026-03-28,2026-03-28,91800.0,pranuar,E_Vleftesuar,Miratuar,Po,R_Kaloi,2026-04-05,,M22420031V,FURN-000859,sherbim,30
FAT-0001543,INST-1020-2601543,ANG-0000772,True,NIVF-9952121394,2026-03-31,2026-04-01,310007.06,pranuar,E_Vleftesuar,Miratuar,Po,R_Kaloi,2026-04-07,,L72230026K,FURN-001788,mall,30
FAT-0001544,INST-1020-2601544,ANG-0000772,True,NIVF-7867884341,2026-05-20,2026-05-23,529992.94,pranuar,E_Vleftesuar,Miratuar,Po,R_Kaloi,2026-05-28,,L72230026K,FURN-001788,mall,30
FAT-0001545,INST-0621-2601545,ANG-0000773,True,NIVF-8030550679,2026-03-27,2026-03-27,74703.78,pranuar,E_Vleftesuar,Miratuar,Po,R_Kaloi,2026-03-30,,M43003203E,FURN-002030,sherbim,30
FAT-0001546,INST-0621-2601546,ANG-0000773,True,NIVF-2230792936,2026-05-20,2026-05-22,110296.22,pranuar,E_Vleftesuar,Miratuar,Po,R_Kaloi,2026-05-23,,M43003203E,FURN-002030,sherbim,30
FAT-0001547,INST-0176-2601547,ANG-0000774,True,NIVF-9962906478,2026-03-27,2026-03-27,34099.54,pranuar,E_Vleftesuar,Miratuar,Po,R_Kaloi,2026-04-05,,M22427007O,FURN-001637,mall,30
FAT-0001548,INST-0176-2601548,ANG-0000774,True,NIVF-1800853852,2026-05-07,2026-05-11,3400.46,pranuar,E_Vleftesuar,Miratuar,Po,R_Kaloi,2026-05-13,,M22427007O,FURN-001637,mall,30
FAT-0001549,INST-0176-2601549,ANG-0000775,True,NIVF-5781602885,2026-03-24,2026-03-24,189479.59,pranuar,E_Vleftesuar,Miratuar,Po,R_Kaloi,2026-03-27,,L26310801C,FURN-001538,mall,30
FAT-0001550,INST-0176-2601550,ANG-0000775,True,NIVF-9298770403,2026-04-28,2026-04-30,666770.28,pranuar,E_Vleftesuar,Miratuar,Po,R_Kaloi,2026-05-06,,L26310801C,FURN-001538,mall,30
FAT-0001551,INST-0176-2601551,ANG-0000775,True,NIVF-8530994775,2026-06-01,2026-06-01,113750.12,pranuar,E_Vleftesuar,Miratuar,Po,R_Kaloi,2026-06-08,,L26310801C,FURN-001538,mall,30
FAT-0001552,INST-0621-2601552,ANG-0000776,True,NIVF-5514135542,2026-04-06,2026-04-06,91042.0,pranuar,E_Vleftesuar,Miratuar,Po,R_Kaloi,2026-04-11,,L53512601D,FURN-000332,mall,30
FAT-0001553,INST-0578-2601553,ANG-0000777,True,NIVF-5407108718,2026-03-24,2026-03-24,182554.23,pranuar,E_Vleftesuar,Miratuar,Po,R_Kaloi,2026-03-28,,K12201002T,FURN-000088,mall,30
FAT-0001554,INST-0578-2601554,ANG-0000777,True,NIVF-4175773043,2026-05-05,2026-05-08,199557.1,pranuar,E_Vleftesuar,Miratuar,Po,R_Kaloi,2026-05-11,,K12201002T,FURN-000088,mall,30
FAT-0001555,INST-0578-2601555,ANG-0000777,True,NIVF-5350758138,2026-06-13,2026-06-15,522888.67,pranuar,E_Vleftesuar,Miratuar,Po,R_Kaloi,2026-06-20,,K12201002T,FURN-000088,mall,30
FAT-0001556,INST-0338-2601556,ANG-0000778,True,NIVF-8753798862,2026-04-02,2026-04-03,38923000.0,pranuar,E_Vleftesuar,Miratuar,Po,R_Kaloi,2026-04-06,,L92230027U,FURN-001713,mall,30
FAT-0001557,INST-0172-2601557,ANG-0000779,True,NIVF-5317261572,2026-04-01,2026-04-04,680000.0,pranuar,E_Vleftesuar,Miratuar,Po,R_Kaloi,2026-04-07,,M42626404R,FURN-001016,pune,30
FAT-0001558,INST-0404-2601558,ANG-0000780,True,NIVF-3250042696,2026-03-24,2026-03-24,30000.0,pranuar,E_Vleftesuar,Miratuar,Po,R_Kaloi,2026-03-25,,K62320012O,FURN-000162,mall,30
FAT-0001559,INST-0151-2601559,ANG-0000781,True,NIVF-8587440576,2026-04-08,2026-04-11,6840.0,refuzuar,Kerkon_Rivleftesim,Refuzuar,Jo,,2026-04-13,Gabim në shumën e faturuar,M22421024U,FURN-000060,mall,30
FAT-0001560,INST-0915-2601560,ANG-0000782,True,NIVF-3120327289,2026-04-04,2026-04-07,18677.41,pranuar,E_Vleftesuar,Miratuar,Po,R_Kaloi,2026-04-11,,L31626002T,FURN-001425,mall,30
FAT-0001561,INST-0915-2601561,ANG-0000782,True,NIVF-7930096821,2026-05-19,2026-05-19,24655.92,pranuar,E_Vleftesuar,Miratuar,Po,R_Kaloi,2026-05-21,,L31626002T,FURN-001425,mall,30
FAT-0001562,INST-0136-2601562,ANG-0000783,True,NIVF-4585195737,2026-03-28,2026-04-01,100000.0,pranuar,E_Vleftesuar,Miratuar,Po,R_Kaloi,2026-04-10,,K33919034K,FURN-001270,sherbim,30
FAT-0001563,INST-0456-2601563,ANG-0000784,True,NIVF-2706277733,2026-04-08,2026-04-10,96000.0,refuzuar,Kerkon_Rivleftesim,Refuzuar,Jo,,2026-04-16,Fiskalizim i pavlefshëm,M12420009R,FURN-000977,sherbim,30
FAT-0001564,INST-0157-2601564,ANG-0000785,True,NIVF-2959683808,2026-04-11,2026-04-14,125345.19,pranuar,E_Vleftesuar,Miratuar,Po,R_Kaloi,2026-04-18,,L64425401K,FURN-000086,sherbim,30
FAT-0001565,INST-0157-2601565,ANG-0000785,True,NIVF-4020502490,2026-05-04,2026-05-07,263154.81,pranuar,E_Vleftesuar,Miratuar,Po,R_Kaloi,2026-05-12,,L64425401K,FURN-000086,sherbim,30
FAT-0001566,INST-0621-2601566,ANG-0000786,True,NIVF-2798037408,2026-04-02,2026-04-05,744087.35,pranuar,E_Vleftesuar,Miratuar,Po,R_Kaloi,2026-04-10,,L92019017V,FURN-000712,mall,30
FAT-0001567,INST-0621-2601567,ANG-0000786,True,NIVF-9316287383,2026-05-25,2026-05-29,80912.65,pranuar,E_Vleftesuar,Miratuar,Po,R_Kaloi,2026-06-02,,L92019017V,FURN-000712,mall,30
FAT-0001568,INST-0507-2601568,ANG-0000787,True,NIVF-4030015596,2026-04-07,2026-04-09,496831.0,pranuar,E_Vleftesuar,Miratuar,Po,R_Kaloi,2026-04-15,,M01714005H,FURN-000612,sherbim,30
FAT-0001569,INST-0621-2601569,ANG-0000788,True,NIVF-7044341284,2026-04-06,2026-04-09,429328.69,pranuar,E_Vleftesuar,Miratuar,Po,R_Kaloi,2026-04-16,,L11424007S,FURN-001528,mall,30
FAT-0001570,INST-0621-2601570,ANG-0000788,True,NIVF-3391170573,2026-05-05,2026-05-05,493965.64,pranuar,E_Vleftesuar,Miratuar,Po,R_Kaloi,2026-05-14,,L11424007S,FURN-001528,mall,30
FAT-0001571,INST-0621-2601571,ANG-0000788,True,NIVF-7547980301,2026-06-26,2026-06-29,56705.67,pranuar,E_Vleftesuar,Miratuar,Po,R_Kaloi,2026-07-05,,L11424007S,FURN-001528,mall,30
FAT-0001572,INST-0336-2601572,ANG-0000789,True,NIVF-5052392439,2026-04-09,2026-04-13,465822.5,pranuar,E_Vleftesuar,Miratuar,Po,R_Kaloi,2026-04-22,,L42206505K,FURN-000372,sherbim,30
FAT-0001573,INST-0336-2601573,ANG-0000789,True,NIVF-7284581616,2026-05-09,2026-05-12,11713.72,pranuar,E_Vleftesuar,Miratuar,Po,R_Kaloi,2026-05-15,,L42206505K,FURN-000372,sherbim,30
FAT-0001574,INST-0336-2601574,ANG-0000789,True,NIVF-1785807155,2026-06-10,2026-06-14,12963.78,pranuar,E_Vleftesuar,Miratuar,Po,R_Kaloi,2026-06-18,,L42206505K,FURN-000372,sherbim,30
FAT-0001575,INST-0915-2601575,ANG-0000790,True,NIVF-3048701108,2026-04-02,2026-04-04,207846.43,pranuar,E_Vleftesuar,Miratuar,Po,R_Kaloi,2026-04-11,,L92204011T,FURN-000676,pune,30
FAT-0001576,INST-0915-2601576,ANG-0000790,True,NIVF-6276849478,2026-05-12,2026-05-13,92153.57,pranuar,E_Vleftesuar,Miratuar,Po,R_Kaloi,2026-05-22,,L92204011T,FURN-000676,pune,30
FAT-0001577,INST-0621-2601577,ANG-0000791,True,NIVF-2167017318,2026-03-31,2026-04-02,155000.0,pranuar,E_Vleftesuar,Miratuar,Po,R_Kaloi,2026-04-03,,M46915401B,FURN-000825,sherbim,30
FAT-0001578,INST-0621-2601578,ANG-0000792,True,NIVF-5053586782,2026-04-10,2026-04-12,56666.22,pranuar,E_Vleftesuar,Miratuar,Po,R_Kaloi,2026-04-17,,L36331601E,FURN-001702,sherbim,30
FAT-0001579,INST-0621-2601579,ANG-0000792,True,NIVF-3149618561,2026-05-27,2026-05-29,1667.11,pranuar,E_Vleftesuar,Miratuar,Po,R_Kaloi,2026-06-04,,L36331601E,FURN-001702,sherbim,30
FAT-0001580,INST-0621-2601580,ANG-0000793,True,NIVF-3137486948,2026-04-10,2026-04-14,153067.47,pranuar,E_Vleftesuar,Miratuar,Po,R_Kaloi,2026-04-20,,K72218022J,FURN-000304,sherbim,30
FAT-0001581,INST-0621-2601581,ANG-0000793,True,NIVF-1484711652,2026-05-24,2026-05-24,659132.53,pranuar,E_Vleftesuar,Miratuar,Po,R_Kaloi,2026-06-02,,K72218022J,FURN-000304,sherbim,30
FAT-0001582,INST-0170-2601582,ANG-0000794,True,NIVF-6533565737,2026-04-08,2026-04-09,583945.65,pranuar,E_Vleftesuar,Miratuar,Po,R_Kaloi,2026-04-16,,J64103483H,FURN-000877,mall,30
FAT-0001583,INST-0170-2601583,ANG-0000794,True,NIVF-6398073503,2026-05-24,2026-05-25,922054.35,pranuar,E_Vleftesuar,Miratuar,Po,R_Kaloi,2026-05-30,,J64103483H,FURN-000877,mall,30
FAT-0001584,INST-0535-2601584,ANG-0000795,True,NIVF-4698343465,2026-04-05,2026-04-05,0.0,refuzuar,Kerkon_Rivleftesim,Refuzuar,Jo,,2026-04-07,Mungesë dokumentacioni mbështetës,,,mall,30
FAT-0001585,INST-0148-2601585,ANG-0000796,True,NIVF-1445448839,2026-04-12,2026-04-14,527096.06,pranuar,E_Vleftesuar,Miratuar,Po,R_Kaloi,2026-04-20,,K73609801E,FURN-001307,mall,30
FAT-0001586,INST-0148-2601586,ANG-0000796,True,NIVF-4332558394,2026-05-23,2026-05-23,210903.94,pranuar,E_Vleftesuar,Miratuar,Po,R_Kaloi,2026-05-30,,K73609801E,FURN-001307,mall,30
FAT-0001587,INST-0172-2601587,ANG-0000797,True,NIVF-3046368508,2026-04-12,2026-04-14,170366.17,pranuar,E_Vleftesuar,Miratuar,Po,R_Kaloi,2026-04-21,,K31915018E,FURN-001305,sherbim,30
FAT-0001588,INST-0172-2601588,ANG-0000797,True,NIVF-3623051036,2026-05-24,2026-05-24,378633.83,pranuar,E_Vleftesuar,Miratuar,Po,R_Kaloi,2026-05-26,,K31915018E,FURN-001305,sherbim,30
FAT-0001589,INST-0172-2601589,ANG-0000798,True,NIVF-8550807948,2026-04-09,2026-04-10,1658.26,refuzuar,Kerkon_Rivleftesim,Refuzuar,Jo,,2026-04-12,Gabim në shumën e faturuar,K31503045V,FURN-000036,sherbim,30
FAT-0001590,INST-0172-2601590,ANG-0000798,True,NIVF-3441562421,2026-04-29,2026-05-03,900.68,pranuar,E_Vleftesuar,Miratuar,Po,R_Kaloi,2026-05-10,,K31503045V,FURN-000036,sherbim,30
FAT-0001591,INST-0172-2601591,ANG-0000798,True,NIVF-5593763043,2026-06-13,2026-06-14,385.56,pranuar,E_Vleftesuar,Miratuar,Po,R_Kaloi,2026-06-18,,K31503045V,FURN-000036,sherbim,30
FAT-0001592,INST-0172-2601592,ANG-0000799,True,NIVF-6027452888,2026-04-01,2026-04-02,318750.0,pranuar,E_Vleftesuar,Miratuar,Po,R_Kaloi,2026-04-06,,K72218022J,FURN-000304,sherbim,30
FAT-0001593,INST-0171-2601593,ANG-0000800,True,NIVF-4399278485,2026-04-10,2026-04-12,8179900.0,pranuar,E_Vleftesuar,Miratuar,Po,R_Kaloi,2026-04-13,,M41926023G,FURN-000997,mall,30
FAT-0001594,INST-0621-2601594,ANG-0000801,True,NIVF-9460441460,2026-04-03,2026-04-06,24558.33,pranuar,E_Vleftesuar,Miratuar,Po,R_Kaloi,2026-04-07,,K37811672A,FURN-001701,mall,30
FAT-0001595,INST-0172-2601595,ANG-0000802,True,NIVF-3599039840,2026-04-01,2026-04-03,22468.13,pranuar,E_Vleftesuar,Miratuar,Po,R_Kaloi,2026-04-04,,K31503045V,FURN-000036,mall,30
FAT-0001596,INST-0172-2601596,ANG-0000802,True,NIVF-3716820302,2026-05-11,2026-05-13,145657.31,pranuar,E_Vleftesuar,Miratuar,Po,R_Kaloi,2026-05-15,,K31503045V,FURN-000036,mall,30
FAT-0001597,INST-0172-2601597,ANG-0000802,True,NIVF-6090004551,2026-07-06,2026-07-08,43624.56,pranuar,E_Vleftesuar,Miratuar,Po,R_Kaloi,2026-07-17,,K31503045V,FURN-000036,mall,30
FAT-0001598,INST-0337-2601598,ANG-0000803,True,NIVF-2439321044,2026-04-09,2026-04-09,81083.34,pranuar,E_Vleftesuar,Miratuar,Po,R_Kaloi,2026-04-17,,L01606034A,FURN-000056,sherbim,30
FAT-0001599,INST-0366-2601599,ANG-0000804,True,NIVF-2850677312,2026-04-11,2026-04-11,90314.48,pranuar,E_Vleftesuar,Miratuar,Po,R_Kaloi,2026-04-12,,K42108801C,FURN-000106,sherbim,30
FAT-0001600,INST-0366-2601600,ANG-0000804,True,NIVF-4308484859,2026-05-12,2026-05-14,9685.52,pranuar,E_Vleftesuar,Miratuar,Po,R_Kaloi,2026-05-21,,K42108801C,FURN-000106,sherbim,30
FAT-0001601,INST-0562-2601601,ANG-0000805,True,NIVF-7013949393,2026-03-30,2026-03-30,70824.72,refuzuar,Kerkon_Rivleftesim,Refuzuar,Jo,,2026-04-01,Mungesë dokumentacioni mbështetës,M12127026K,FURN-000085,mall,30
FAT-0001602,INST-0562-2601602,ANG-0000805,True,NIVF-7802112826,2026-04-23,2026-04-25,29175.28,pranuar,E_Vleftesuar,Miratuar,Po,R_Kaloi,2026-04-28,,M12127026K,FURN-000085,mall,30
FAT-0001603,INST-0562-2601603,ANG-0000806,True,NIVF-3881837752,2026-04-09,2026-04-10,124541.97,pranuar,E_Vleftesuar,Miratuar,Po,R_Kaloi,2026-04-12,,K01514009I,FURN-000519,mall,30
FAT-0001604,INST-0562-2601604,ANG-0000806,True,NIVF-7553829466,2026-05-21,2026-05-25,75555.58,pranuar,E_Vleftesuar,Miratuar,Po,R_Kaloi,2026-05-28,,K01514009I,FURN-000519,mall,30
FAT-0001605,INST-0562-2601605,ANG-0000806,True,NIVF-7759508948,2026-06-10,2026-06-10,749902.45,pranuar,E_Vleftesuar,Miratuar,Po,R_Kaloi,2026-06-19,,K01514009I,FURN-000519,mall,30
FAT-0001606,INST-0562-2601606,ANG-0000807,True,NIVF-3154302171,2026-04-04,2026-04-07,90873.88,pranuar,E_Vleftesuar,Miratuar,Po,R_Kaloi,2026-04-15,,M26620203T,FURN-000270,mall,30
FAT-0001607,INST-0562-2601607,ANG-0000807,True,NIVF-2162356324,2026-05-06,2026-05-09,78697.77,pranuar,E_Vleftesuar,Miratuar,Po,R_Kaloi,2026-05-12,,M26620203T,FURN-000270,mall,30
FAT-0001608,INST-0562-2601608,ANG-0000807,True,NIVF-2047226215,2026-06-26,2026-06-27,174628.35,pranuar,E_Vleftesuar,Miratuar,Po,R_Kaloi,2026-07-01,,M26620203T,FURN-000270,mall,30
FAT-0001609,INST-0915-2601609,ANG-0000808,True,NIVF-8296410488,2026-03-31,2026-04-04,100000.0,refuzuar,Kerkon_Rivleftesim,Refuzuar,Jo,,2026-04-09,Mungesë dokumentacioni mbështetës,M36507003J,FURN-000357,sherbim,30
FAT-0001610,INST-1002-2601610,ANG-0000809,True,NIVF-7682077262,2026-04-13,2026-04-14,133598.02,pranuar,E_Vleftesuar,Miratuar,Po,R_Kaloi,2026-04-19,,J61825037N,FURN-000548,sherbim,30
FAT-0001611,INST-1002-2601611,ANG-0000809,True,NIVF-9234622087,2026-05-26,2026-05-29,1401.98,pranuar,E_Vleftesuar,Miratuar,Po,R_Kaloi,2026-06-04,,J61825037N,FURN-000548,sherbim,30
FAT-0001612,INST-0172-2601612,ANG-0000810,True,NIVF-9851580213,2026-03-31,2026-04-03,107100.18,pranuar,E_Vleftesuar,Miratuar,Po,R_Kaloi,2026-04-08,,K12023001A,FURN-000714,pune,30
FAT-0001613,INST-0172-2601613,ANG-0000810,True,NIVF-5598267969,2026-05-12,2026-05-12,159899.82,pranuar,E_Vleftesuar,Miratuar,Po,R_Kaloi,2026-05-17,,K12023001A,FURN-000714,pune,30
FAT-0001614,INST-0337-2601614,ANG-0000811,True,NIVF-2041464709,2026-04-12,2026-04-15,9104.03,pranuar,E_Vleftesuar,Miratuar,Po,R_Kaloi,2026-04-17,,K31419099E,FURN-000800,mall,30
FAT-0001615,INST-0337-2601615,ANG-0000811,True,NIVF-8763728388,2026-05-05,2026-05-09,5228.97,pranuar,E_Vleftesuar,Miratuar,Po,R_Kaloi,2026-05-17,,K31419099E,FURN-000800,mall,30
FAT-0001616,INST-0621-2601616,ANG-0000812,True,NIVF-7256867862,2026-04-05,2026-04-06,58298.53,pranuar,E_Vleftesuar,Miratuar,Po,R_Kaloi,2026-04-12,,J61905015B,FURN-000366,mall,30
FAT-0001617,INST-0621-2601617,ANG-0000812,True,NIVF-9110031341,2026-05-07,2026-05-08,94951.3,pranuar,E_Vleftesuar,Miratuar,Po,R_Kaloi,2026-05-15,,J61905015B,FURN-000366,mall,30
FAT-0001618,INST-0621-2601618,ANG-0000812,True,NIVF-2254930518,2026-07-01,2026-07-04,46750.17,pranuar,E_Vleftesuar,Miratuar,Po,R_Kaloi,2026-07-06,,J61905015B,FURN-000366,mall,30
FAT-0001619,INST-0172-2601619,ANG-0000813,True,NIVF-1188594625,2026-04-02,2026-04-03,99.71,pranuar,E_Vleftesuar,Miratuar,Po,R_Kaloi,2026-04-11,,L71306509A,FURN-001644,sherbim,30
FAT-0001620,INST-0621-2601620,ANG-0000814,True,NIVF-2478718800,2026-04-06,2026-04-07,153613.16,pranuar,E_Vleftesuar,Miratuar,Po,R_Kaloi,2026-04-14,,M07108401J,FURN-000064,mall,30
FAT-0001621,INST-0621-2601621,ANG-0000814,True,NIVF-5186359950,2026-05-25,2026-05-27,85286.84,pranuar,E_Vleftesuar,Miratuar,Po,R_Kaloi,2026-06-05,,M07108401J,FURN-000064,mall,30
FAT-0001622,INST-0915-2601622,ANG-0000815,True,NIVF-3344728625,2026-04-12,2026-04-16,398989.0,pranuar,E_Vleftesuar,Miratuar,Po,R_Kaloi,2026-04-17,,K36306784K,FURN-000576,sherbim,30
FAT-0001623,INST-0155-2601623,ANG-0000816,True,NIVF-6604736462,2026-04-10,2026-04-14,16652.62,pranuar,E_Vleftesuar,Miratuar,Po,R_Kaloi,2026-04-16,,K21505002B,FURN-000715,mall,30
FAT-0001624,INST-0155-2601624,ANG-0000816,True,NIVF-9234987659,2026-05-29,2026-05-30,221192.86,pranuar,E_Vleftesuar,Miratuar,Po,R_Kaloi,2026-06-01,,K21505002B,FURN-000715,mall,30
FAT-0001625,INST-0155-2601625,ANG-0000816,True,NIVF-1682523674,2026-07-05,2026-07-07,151154.52,pranuar,E_Vleftesuar,Miratuar,Po,R_Kaloi,2026-07-15,,K21505002B,FURN-000715,mall,30
FAT-0001626,INST-0337-2601626,ANG-0000817,True,NIVF-7903445049,2026-04-11,2026-04-14,89000.0,pranuar,E_Vleftesuar,Miratuar,Po,R_Kaloi,2026-04-16,,J62426002Q,FURN-000236,mall,30
FAT-0001627,INST-0337-2601627,ANG-0000818,True,NIVF-8324883094,2026-04-12,2026-04-15,12885.55,pranuar,E_Vleftesuar,Miratuar,Po,R_Kaloi,2026-04-17,,K37509245G,FURN-001073,mall,30
FAT-0001628,INST-0337-2601628,ANG-0000818,True,NIVF-7923832672,2026-06-06,2026-06-08,28625.03,pranuar,E_Vleftesuar,Miratuar,Po,R_Kaloi,2026-06-13,,K37509245G,FURN-001073,mall,30
FAT-0001629,INST-0337-2601629,ANG-0000818,True,NIVF-6617841639,2026-08-02,2026-08-06,58489.42,refuzuar,Kerkon_Rivleftesim,Refuzuar,Jo,,2026-08-14,Fiskalizim i pavlefshëm,K37509245G,FURN-001073,mall,30
FAT-0001630,INST-0621-2601630,ANG-0000819,True,NIVF-7862431893,2026-03-31,2026-04-04,45925.53,pranuar,E_Vleftesuar,Miratuar,Po,R_Kaloi,2026-04-10,,L31827001A,FURN-001602,mall,30
FAT-0001631,INST-0621-2601631,ANG-0000819,True,NIVF-4741277929,2026-05-25,2026-05-29,34074.47,pranuar,E_Vleftesuar,Miratuar,Po,R_Kaloi,2026-05-31,,L31827001A,FURN-001602,mall,30
FAT-0001632,INST-0621-2601632,ANG-0000820,True,NIVF-1343610655,2026-04-02,2026-04-03,220000.0,pranuar,E_Vleftesuar,Miratuar,Po,R_Kaloi,2026-04-08,,L81620002R,FURN-001640,mall,30
FAT-0001633,INST-0154-2601633,ANG-0000821,True,NIVF-4012543023,2026-04-04,2026-04-08,500000.0,pranuar,E_Vleftesuar,Miratuar,Po,R_Kaloi,2026-04-10,,K66801001T,FURN-000325,mall,30
FAT-0001634,INST-0506-2601634,ANG-0000822,True,NIVF-2496453072,2026-04-11,2026-04-12,326900.0,pranuar,E_Vleftesuar,Miratuar,Po,R_Kaloi,2026-04-18,,L12407012R,FURN-000579,pune,30
FAT-0001635,INST-0148-2601635,ANG-0000823,True,NIVF-4642133264,2026-04-08,2026-04-08,98000.0,pranuar,E_Vleftesuar,Miratuar,Po,R_Kaloi,2026-04-16,,L01508026P,FURN-000052,pune,30
FAT-0001636,INST-0915-2601636,ANG-0000824,True,NIVF-4805070424,2026-04-08,2026-04-10,15054.81,pranuar,E_Vleftesuar,Miratuar,Po,R_Kaloi,2026-04-16,,L42605202V,FURN-001655,sherbim,30
FAT-0001637,INST-0915-2601637,ANG-0000824,True,NIVF-8633598392,2026-05-03,2026-05-05,34945.19,pranuar,E_Vleftesuar,Miratuar,Po,R_Kaloi,2026-05-14,,L42605202V,FURN-001655,sherbim,30
FAT-0001638,INST-0151-2601638,ANG-0000825,True,NIVF-7486013849,2026-04-03,2026-04-04,16231.86,pranuar,E_Vleftesuar,Miratuar,Po,R_Kaloi,2026-04-05,,K71509006M,FURN-001113,mall,30
FAT-0001639,INST-0151-2601639,ANG-0000825,True,NIVF-8451314443,2026-05-24,2026-05-26,41628.28,pranuar,E_Vleftesuar,Miratuar,Po,R_Kaloi,2026-05-28,,K71509006M,FURN-001113,mall,30
FAT-0001640,INST-0151-2601640,ANG-0000825,True,NIVF-2998674347,2026-07-05,2026-07-05,40473.16,pranuar,E_Vleftesuar,Miratuar,Po,R_Kaloi,2026-07-08,,K71509006M,FURN-001113,mall,30
FAT-0001641,INST-0337-2601641,ANG-0000826,True,NIVF-6862145559,2026-04-12,2026-04-13,99024.94,pranuar,E_Vleftesuar,Miratuar,Po,R_Kaloi,2026-04-17,,M52207043A,FURN-000594,mall,30
FAT-0001642,INST-0337-2601642,ANG-0000826,True,NIVF-8597617993,2026-05-18,2026-05-22,975.06,refuzuar,Kerkon_Rivleftesim,Refuzuar,Jo,,2026-05-31,Fiskalizim i pavlefshëm,M52207043A,FURN-000594,mall,30
FAT-0001643,INST-0918-2601643,ANG-0000827,True,NIVF-9561475274,2026-04-11,2026-04-15,38900.0,pranuar,E_Vleftesuar,Miratuar,Po,R_Kaloi,2026-04-20,,M22421024U,FURN-000060,mall,30
FAT-0001644,INST-0621-2601644,ANG-0000828,True,NIVF-6771638239,2026-04-07,2026-04-09,11600.0,pranuar,E_Vleftesuar,Miratuar,Po,R_Kaloi,2026-04-17,,K21405001N,FURN-000404,mall,30
FAT-0001645,INST-0496-2601645,ANG-0000829,True,NIVF-6292778420,2026-04-14,2026-04-14,21965.56,refuzuar,Kerkon_Rivleftesim,Refuzuar,Jo,,2026-04-19,Gabim në shumën e faturuar,M37218005E,FURN-001480,mall,30
FAT-0001646,INST-0496-2601646,ANG-0000829,True,NIVF-5771663752,2026-05-29,2026-05-30,72095.51,pranuar,E_Vleftesuar,Miratuar,Po,R_Kaloi,2026-06-03,,M37218005E,FURN-001480,mall,30
FAT-0001647,INST-0496-2601647,ANG-0000829,True,NIVF-7449219351,2026-07-01,2026-07-01,5138.92,pranuar,E_Vleftesuar,Miratuar,Po,R_Kaloi,2026-07-06,,M37218005E,FURN-001480,mall,30
FAT-0001648,INST-0496-2601648,ANG-0000830,True,NIVF-9617595968,2026-04-14,2026-04-15,23500.0,pranuar,E_Vleftesuar,Miratuar,Po,R_Kaloi,2026-04-20,,K62320012O,FURN-000162,mall,30
FAT-0001649,INST-0436-2601649,ANG-0000831,True,NIVF-7786717498,2026-04-13,2026-04-13,500000.0,pranuar,E_Vleftesuar,Miratuar,Po,R_Kaloi,2026-04-18,,K41425042N,FURN-001794,pune,30
FAT-0001650,INST-0621-2601650,ANG-0000832,True,NIVF-9548840691,2026-04-08,2026-04-09,8680.05,refuzuar,Kerkon_Rivleftesim,Refuzuar,Jo,,2026-04-10,Fiskalizim i pavlefshëm,M22420031V,FURN-000859,sherbim,30
FAT-0001651,INST-0621-2601651,ANG-0000832,True,NIVF-7501974335,2026-05-18,2026-05-18,55319.95,pranuar,E_Vleftesuar,Miratuar,Po,R_Kaloi,2026-05-27,,M22420031V,FURN-000859,sherbim,30
FAT-0001652,INST-0129-2601652,ANG-0000833,True,NIVF-3355201574,2026-04-11,2026-04-15,29820.0,pranuar,E_Vleftesuar,Miratuar,Po,R_Kaloi,2026-04-19,,K32312501J,FURN-001647,mall,30
FAT-0001653,INST-0915-2601653,ANG-0000834,True,NIVF-4856874752,2026-04-03,2026-04-05,99870.0,pranuar,E_Vleftesuar,Miratuar,Po,R_Kaloi,2026-04-08,,K21702007J,FURN-001492,mall,30
FAT-0001654,INST-0122-2601654,ANG-0000835,True,NIVF-1921948784,2026-04-09,2026-04-10,4886.0,pranuar,E_Vleftesuar,Miratuar,Po,R_Kaloi,2026-04-11,,M51615504N,FURN-001646,mall,30
FAT-0001655,INST-0122-2601655,ANG-0000835,True,NIVF-6679106696,2026-05-16,2026-05-16,17014.74,pranuar,E_Vleftesuar,Miratuar,Po,R_Kaloi,2026-05-25,,M51615504N,FURN-001646,mall,30
FAT-0001656,INST-0122-2601656,ANG-0000835,True,NIVF-2852923552,2026-06-13,2026-06-14,21432.26,pranuar,E_Vleftesuar,Miratuar,Po,R_Kaloi,2026-06-21,,M51615504N,FURN-001646,mall,30
FAT-0001657,INST-0122-2601657,ANG-0000836,True,NIVF-4413096036,2026-04-04,2026-04-04,70163.78,pranuar,E_Vleftesuar,Miratuar,Po,R_Kaloi,2026-04-09,,M22421024U,FURN-000060,mall,30
FAT-0001658,INST-0122-2601658,ANG-0000836,True,NIVF-9365804158,2026-05-14,2026-05-14,748836.22,pranuar,E_Vleftesuar,Miratuar,Po,R_Kaloi,2026-05-15,,M22421024U,FURN-000060,mall,30
FAT-0001659,INST-0621-2601659,ANG-0000837,True,NIVF-8814414114,2026-04-16,2026-04-16,243700.0,pranuar,E_Vleftesuar,Miratuar,Po,R_Kaloi,2026-04-20,,J62426002Q,FURN-000236,sherbim,30
FAT-0001660,INST-0337-2601660,ANG-0000838,True,NIVF-3704808295,2026-04-15,2026-04-18,71580.18,pranuar,E_Vleftesuar,Miratuar,Po,R_Kaloi,2026-04-23,,K94405601Q,FURN-000017,mall,30
FAT-0001661,INST-0337-2601661,ANG-0000838,True,NIVF-8960735238,2026-05-05,2026-05-09,10085.82,pranuar,E_Vleftesuar,Miratuar,Po,R_Kaloi,2026-05-14,,K94405601Q,FURN-000017,mall,30
FAT-0001662,INST-0575-2601662,ANG-0000839,True,NIVF-7254030192,2026-04-11,2026-04-12,69203.46,pranuar,E_Vleftesuar,Miratuar,Po,R_Kaloi,2026-04-20,,M56830202B,FURN-001881,mall,30
FAT-0001663,INST-0575-2601663,ANG-0000839,True,NIVF-7629416817,2026-05-17,2026-05-20,171296.54,pranuar,E_Vleftesuar,Miratuar,Po,R_Kaloi,2026-05-27,,M56830202B,FURN-001881,mall,30
FAT-0001664,INST-0575-2601664,ANG-0000840,True,NIVF-6917567191,2026-04-06,2026-04-10,36103.74,pranuar,E_Vleftesuar,Miratuar,Po,R_Kaloi,2026-04-11,,L12107043O,FURN-000120,mall,30
FAT-0001665,INST-0575-2601665,ANG-0000840,True,NIVF-9859066436,2026-06-04,2026-06-07,25849.04,pranuar,E_Vleftesuar,Miratuar,Po,R_Kaloi,2026-06-13,,L12107043O,FURN-000120,mall,30
FAT-0001666,INST-0575-2601666,ANG-0000840,True,NIVF-5529523403,2026-07-06,2026-07-09,26074.22,pranuar,E_Vleftesuar,Miratuar,Po,R_Kaloi,2026-07-11,,L12107043O,FURN-000120,mall,30
FAT-0001667,INST-0243-2601667,ANG-0000841,True,NIVF-5488836268,2026-04-07,2026-04-11,16023700.0,pranuar,E_Vleftesuar,Miratuar,Po,R_Kaloi,2026-04-16,,M02325002F,FURN-001687,pune,30
FAT-0001668,INST-0158-2601668,ANG-0000842,True,NIVF-5860241558,2026-04-13,2026-04-15,142877.32,pranuar,E_Vleftesuar,Miratuar,Po,R_Kaloi,2026-04-20,,M11313029O,FURN-000904,pune,30
FAT-0001669,INST-0158-2601669,ANG-0000842,True,NIVF-4025894839,2026-05-06,2026-05-09,325012.68,pranuar,E_Vleftesuar,Miratuar,Po,R_Kaloi,2026-05-18,,M11313029O,FURN-000904,pune,30
FAT-0001670,INST-0169-2601670,ANG-0000843,True,NIVF-2637099042,2026-04-11,2026-04-12,61420.99,pranuar,E_Vleftesuar,Miratuar,Po,R_Kaloi,2026-04-13,,K21731001O,FURN-001636,mall,30
FAT-0001671,INST-0169-2601671,ANG-0000843,True,NIVF-6710623840,2026-05-25,2026-05-29,10587.7,pranuar,E_Vleftesuar,Miratuar,Po,R_Kaloi,2026-06-05,,K21731001O,FURN-001636,mall,30
FAT-0001672,INST-0169-2601672,ANG-0000843,True,NIVF-2593627170,2026-06-16,2026-06-16,891.31,pranuar,E_Vleftesuar,Miratuar,Po,R_Kaloi,2026-06-24,,K21731001O,FURN-001636,mall,30
FAT-0001673,INST-0169-2601673,ANG-0000844,True,NIVF-3863471382,2026-04-08,2026-04-12,1000000.0,pranuar,E_Vleftesuar,Miratuar,Po,R_Kaloi,2026-04-16,,K76317905K,FURN-001666,mall,30
FAT-0001674,INST-0621-2601674,ANG-0000845,True,NIVF-8676160283,2026-04-19,2026-04-20,21410.26,pranuar,E_Vleftesuar,Miratuar,Po,R_Kaloi,2026-04-22,,M61503062Q,FURN-000891,mall,30
FAT-0001675,INST-0621-2601675,ANG-0000845,True,NIVF-4385064574,2026-05-28,2026-05-30,296589.74,refuzuar,Kerkon_Rivleftesim,Refuzuar,Jo,,2026-05-31,Fiskalizim i pavlefshëm,M61503062Q,FURN-000891,mall,30
FAT-0001676,INST-0621-2601676,ANG-0000846,True,NIVF-2517409294,2026-04-07,2026-04-11,3993.54,pranuar,E_Vleftesuar,Miratuar,Po,R_Kaloi,2026-04-17,,K41420001V,FURN-000016,sherbim,30
FAT-0001677,INST-0621-2601677,ANG-0000846,True,NIVF-2012289973,2026-04-30,2026-05-04,16755.1,pranuar,E_Vleftesuar,Miratuar,Po,R_Kaloi,2026-05-09,,K41420001V,FURN-000016,sherbim,30
FAT-0001678,INST-0621-2601678,ANG-0000846,True,NIVF-8724641427,2026-05-24,2026-05-27,9251.36,pranuar,E_Vleftesuar,Miratuar,Po,R_Kaloi,2026-05-30,,K41420001V,FURN-000016,sherbim,30
FAT-0001679,INST-0574-2601679,ANG-0000847,True,NIVF-1911655526,2026-04-18,2026-04-22,180683.19,pranuar,E_Vleftesuar,Miratuar,Po,R_Kaloi,2026-04-28,,K71707007Q,FURN-000160,mall,30
FAT-0001680,INST-0574-2601680,ANG-0000847,True,NIVF-8039383087,2026-06-13,2026-06-15,147716.81,pranuar,E_Vleftesuar,Miratuar,Po,R_Kaloi,2026-06-19,,K71707007Q,FURN-000160,mall,30
FAT-0001681,INST-0653-2601681,ANG-0000848,True,NIVF-1348542916,2026-04-07,2026-04-09,103809.36,pranuar,E_Vleftesuar,Miratuar,Po,R_Kaloi,2026-04-15,,M02130025Q,FURN-000934,mall,30
FAT-0001682,INST-0653-2601682,ANG-0000848,True,NIVF-8214414006,2026-05-06,2026-05-06,107803.03,pranuar,E_Vleftesuar,Miratuar,Po,R_Kaloi,2026-05-09,,M02130025Q,FURN-000934,mall,30
FAT-0001683,INST-0653-2601683,ANG-0000848,True,NIVF-6058636809,2026-06-22,2026-06-22,154387.61,refuzuar,Kerkon_Rivleftesim,Refuzuar,Jo,,2026-06-29,Fiskalizim i pavlefshëm,M02130025Q,FURN-000934,mall,30
FAT-0001684,INST-0566-2601684,ANG-0000849,True,NIVF-1691826422,2026-04-16,2026-04-18,554113.76,pranuar,E_Vleftesuar,Miratuar,Po,R_Kaloi,2026-04-21,,K42701205E,FURN-000605,mall,30
FAT-0001685,INST-0566-2601685,ANG-0000849,True,NIVF-7916681474,2026-05-09,2026-05-11,340886.24,pranuar,E_Vleftesuar,Miratuar,Po,R_Kaloi,2026-05-14,,K42701205E,FURN-000605,mall,30
FAT-0001686,INST-0621-2601686,ANG-0000850,True,NIVF-6615249483,2026-04-12,2026-04-16,992111.24,refuzuar,Kerkon_Rivleftesim,Refuzuar,Jo,,2026-04-23,Fiskalizim i pavlefshëm,K82529403A,FURN-001698,mall,30
FAT-0001687,INST-0621-2601687,ANG-0000850,True,NIVF-5583074987,2026-05-18,2026-05-19,802888.76,pranuar,E_Vleftesuar,Miratuar,Po,R_Kaloi,2026-05-28,,K82529403A,FURN-001698,mall,30
FAT-0001688,INST-0621-2601688,ANG-0000851,True,NIVF-5874323202,2026-04-17,2026-04-17,308740.0,pranuar,E_Vleftesuar,Miratuar,Po,R_Kaloi,2026-04-21,,L28029301Q,FURN-000443,mall,30
FAT-0001689,INST-0621-2601689,ANG-0000852,True,NIVF-1857304557,2026-04-18,2026-04-21,544500.0,pranuar,E_Vleftesuar,Miratuar,Po,R_Kaloi,2026-04-30,,M28717102U,FURN-000157,mall,30
FAT-0001690,INST-0621-2601690,ANG-0000853,True,NIVF-3130911462,2026-04-12,2026-04-12,405460.16,pranuar,E_Vleftesuar,Miratuar,Po,R_Kaloi,2026-04-18,,K42108801C,FURN-000106,mall,30
FAT-0001691,INST-0621-2601691,ANG-0000853,True,NIVF-5668345255,2026-05-09,2026-05-12,205146.72,pranuar,E_Vleftesuar,Miratuar,Po,R_Kaloi,2026-05-18,,K42108801C,FURN-000106,mall,30
FAT-0001692,INST-0621-2601692,ANG-0000853,True,NIVF-1561007232,2026-07-06,2026-07-10,186893.13,pranuar,E_Vleftesuar,Miratuar,Po,R_Kaloi,2026-07-19,,K42108801C,FURN-000106,mall,30
FAT-0001693,INST-0621-2601693,ANG-0000854,True,NIVF-8651111134,2026-04-19,2026-04-23,505000.0,pranuar,E_Vleftesuar,Miratuar,Po,R_Kaloi,2026-04-27,,L71821024L,FURN-001096,mall,30
FAT-0001694,INST-0089-2601694,ANG-0000855,True,NIVF-4943253629,2026-04-09,2026-04-11,199980.0,pranuar,E_Vleftesuar,Miratuar,Po,R_Kaloi,2026-04-17,,M52317021A,FURN-001150,sherbim,30
FAT-0001695,INST-0154-2601695,ANG-0000856,True,NIVF-7040503798,2026-04-10,2026-04-10,1180000.0,pranuar,E_Vleftesuar,Miratuar,Po,R_Kaloi,2026-04-19,,K71707007Q,FURN-000160,pune,30
FAT-0001696,INST-0337-2601696,ANG-0000857,True,NIVF-9280165363,2026-04-19,2026-04-19,77000.0,pranuar,E_Vleftesuar,Miratuar,Po,R_Kaloi,2026-04-26,,L31714005J,FURN-000114,mall,30
FAT-0001697,INST-0404-2601697,ANG-0000858,True,NIVF-5533314874,2026-04-13,2026-04-15,333329.0,pranuar,E_Vleftesuar,Miratuar,Po,R_Kaloi,2026-04-16,,K81503063B,FURN-000491,mall,30
FAT-0001698,INST-0621-2601698,ANG-0000859,True,NIVF-6129091978,2026-04-20,2026-04-22,75221.01,pranuar,E_Vleftesuar,Miratuar,Po,R_Kaloi,2026-04-27,,L26521001P,FURN-000353,sherbim,30
FAT-0001699,INST-0621-2601699,ANG-0000859,True,NIVF-3851763107,2026-05-15,2026-05-19,24486.99,pranuar,E_Vleftesuar,Miratuar,Po,R_Kaloi,2026-05-24,,L26521001P,FURN-000353,sherbim,30
FAT-0001700,INST-0456-2601700,ANG-0000860,True,NIVF-7102089597,2026-04-21,2026-04-25,160000.0,pranuar,E_Vleftesuar,Miratuar,Po,R_Kaloi,2026-05-04,,L31902011A,FURN-001851,sherbim,30
FAT-0001701,INST-0621-2601701,ANG-0000861,True,NIVF-7325515431,2026-04-18,2026-04-20,9452.08,pranuar,E_Vleftesuar,Miratuar,Po,R_Kaloi,2026-04-29,,K83714004J,FURN-001540,mall,30
FAT-0001702,INST-0621-2601702,ANG-0000861,True,NIVF-1414382645,2026-05-30,2026-06-02,39877.04,pranuar,E_Vleftesuar,Miratuar,Po,R_Kaloi,2026-06-03,,K83714004J,FURN-001540,mall,30
FAT-0001703,INST-0621-2601703,ANG-0000861,True,NIVF-9357813262,2026-06-28,2026-06-28,48670.88,pranuar,E_Vleftesuar,Miratuar,Po,R_Kaloi,2026-07-03,,K83714004J,FURN-001540,mall,30
FAT-0001704,INST-0621-2601704,ANG-0000862,True,NIVF-3302778705,2026-04-21,2026-04-23,16741.38,pranuar,E_Vleftesuar,Miratuar,Po,R_Kaloi,2026-04-26,,L06503004Q,FURN-001272,mall,30
FAT-0001705,INST-0621-2601705,ANG-0000862,True,NIVF-2835955126,2026-06-13,2026-06-14,68032.65,pranuar,E_Vleftesuar,Miratuar,Po,R_Kaloi,2026-06-20,,L06503004Q,FURN-001272,mall,30
FAT-0001706,INST-0621-2601706,ANG-0000862,True,NIVF-1701319744,2026-07-12,2026-07-14,15225.97,refuzuar,Kerkon_Rivleftesim,Refuzuar,Jo,,2026-07-23,Gabim në shumën e faturuar,L06503004Q,FURN-001272,mall,30
FAT-0001707,INST-0578-2601707,ANG-0000863,True,NIVF-9454665571,2026-04-09,2026-04-11,42159.14,pranuar,E_Vleftesuar,Miratuar,Po,R_Kaloi,2026-04-14,,L41726016Q,FURN-000238,mall,30
FAT-0001708,INST-0578-2601708,ANG-0000863,True,NIVF-8635667370,2026-06-02,2026-06-02,77861.48,pranuar,E_Vleftesuar,Miratuar,Po,R_Kaloi,2026-06-10,,L41726016Q,FURN-000238,mall,30
FAT-0001709,INST-0578-2601709,ANG-0000863,True,NIVF-2326664771,2026-07-10,2026-07-14,46645.88,pranuar,E_Vleftesuar,Miratuar,Po,R_Kaloi,2026-07-22,,L41726016Q,FURN-000238,mall,30
FAT-0001710,INST-0621-2601710,ANG-0000864,True,NIVF-6344835280,2026-04-09,2026-04-10,5917392.8,pranuar,E_Vleftesuar,Miratuar,Po,R_Kaloi,2026-04-18,,J91809007H,FURN-000028,mall,30
FAT-0001711,INST-0621-2601711,ANG-0000864,True,NIVF-2527075071,2026-05-29,2026-05-30,2191184.29,pranuar,E_Vleftesuar,Miratuar,Po,R_Kaloi,2026-06-04,,J91809007H,FURN-000028,mall,30
FAT-0001712,INST-0621-2601712,ANG-0000864,True,NIVF-1648033037,2026-07-07,2026-07-08,2895525.91,refuzuar,Kerkon_Rivleftesim,Refuzuar,Jo,,2026-07-14,Mospërputhje me kontratën,J91809007H,FURN-000028,mall,30
FAT-0001713,INST-0621-2601713,ANG-0000865,True,NIVF-2686187750,2026-04-12,2026-04-16,42836.5,pranuar,E_Vleftesuar,Miratuar,Po,R_Kaloi,2026-04-20,,L52222034F,FURN-000741,sherbim,30
FAT-0001714,INST-0621-2601714,ANG-0000865,True,NIVF-5409124482,2026-06-10,2026-06-10,176963.5,pranuar,E_Vleftesuar,Miratuar,Po,R_Kaloi,2026-06-19,,L52222034F,FURN-000741,sherbim,30
FAT-0001715,INST-0621-2601715,ANG-0000866,True,NIVF-3754272421,2026-04-17,2026-04-20,27859.5,pranuar,E_Vleftesuar,Miratuar,Po,R_Kaloi,2026-04-27,,L71325019D,FURN-000140,sherbim,30
FAT-0001716,INST-0621-2601716,ANG-0000866,True,NIVF-4939100387,2026-05-19,2026-05-21,682.9,pranuar,E_Vleftesuar,Miratuar,Po,R_Kaloi,2026-05-24,,L71325019D,FURN-000140,sherbim,30
FAT-0001717,INST-0621-2601717,ANG-0000866,True,NIVF-2092212298,2026-06-18,2026-06-19,57.6,pranuar,E_Vleftesuar,Miratuar,Po,R_Kaloi,2026-06-23,,L71325019D,FURN-000140,sherbim,30
FAT-0001718,INST-0621-2601718,ANG-0000867,True,NIVF-9582223376,2026-04-07,2026-04-11,241300.0,pranuar,E_Vleftesuar,Miratuar,Po,R_Kaloi,2026-04-20,,M32113053I,FURN-001186,sherbim,30
FAT-0001719,INST-0562-2601719,ANG-0000868,True,NIVF-7340199992,2026-04-14,2026-04-14,0.0,pranuar,E_Vleftesuar,Miratuar,Po,R_Kaloi,2026-04-20,,,,mall,30
FAT-0001720,INST-0562-2601720,ANG-0000868,True,NIVF-1910635114,2026-05-19,2026-05-23,0.0,pranuar,E_Vleftesuar,Miratuar,Po,R_Kaloi,2026-05-30,,,,mall,30
FAT-0001721,INST-0562-2601721,ANG-0000868,True,NIVF-5047327824,2026-07-07,2026-07-11,0.0,pranuar,E_Vleftesuar,Miratuar,Po,R_Kaloi,2026-07-18,,,,mall,30
FAT-0001722,INST-0008-2601722,ANG-0000869,True,NIVF-4468558502,2026-04-08,2026-04-10,5224.66,pranuar,E_Vleftesuar,Miratuar,Po,R_Kaloi,2026-04-11,,L71821024L,FURN-001096,mall,30
FAT-0001723,INST-0008-2601723,ANG-0000869,True,NIVF-8355511101,2026-05-21,2026-05-23,19275.34,pranuar,E_Vleftesuar,Miratuar,Po,R_Kaloi,2026-05-29,,L71821024L,FURN-001096,mall,30
FAT-0001724,INST-0621-2601724,ANG-0000870,True,NIVF-3707309353,2026-04-14,2026-04-14,28555.45,pranuar,E_Vleftesuar,Miratuar,Po,R_Kaloi,2026-04-16,,M42126503A,FURN-001291,mall,30
FAT-0001725,INST-0621-2601725,ANG-0000870,True,NIVF-6463189063,2026-06-09,2026-06-11,10871.02,pranuar,E_Vleftesuar,Miratuar,Po,R_Kaloi,2026-06-19,,M42126503A,FURN-001291,mall,30
FAT-0001726,INST-0621-2601726,ANG-0000870,True,NIVF-9813413908,2026-08-07,2026-08-10,10273.54,pranuar,E_Vleftesuar,Miratuar,Po,R_Kaloi,2026-08-15,,M42126503A,FURN-001291,mall,30
FAT-0001727,INST-0053-2601727,ANG-0000871,True,NIVF-5874760383,2026-04-15,2026-04-19,785000.0,pranuar,E_Vleftesuar,Miratuar,Po,R_Kaloi,2026-04-27,,M22318016L,FURN-000459,mall,30
FAT-0001728,INST-0132-2601728,ANG-0000872,True,NIVF-4151223180,2026-04-11,2026-04-11,249200.0,pranuar,E_Vleftesuar,Miratuar,Po,R_Kaloi,2026-04-12,,L32622601G,FURN-001679,mall,30
FAT-0001729,INST-0337-2601729,ANG-0000873,True,NIVF-6784178231,2026-04-21,2026-04-24,794000.0,pranuar,E_Vleftesuar,Miratuar,Po,R_Kaloi,2026-04-26,,J61924005U,FURN-001575,sherbim,30
FAT-0001730,INST-0102-2601730,ANG-0000874,True,NIVF-7238137586,2026-04-09,2026-04-11,5066.62,pranuar,E_Vleftesuar,Miratuar,Po,R_Kaloi,2026-04-13,,K42108801C,FURN-000106,sherbim,30
FAT-0001731,INST-0102-2601731,ANG-0000874,True,NIVF-6843379668,2026-05-06,2026-05-10,6381.1,pranuar,E_Vleftesuar,Miratuar,Po,R_Kaloi,2026-05-17,,K42108801C,FURN-000106,sherbim,30
FAT-0001732,INST-0102-2601732,ANG-0000874,True,NIVF-4096733412,2026-05-26,2026-05-28,12158.28,pranuar,E_Vleftesuar,Miratuar,Po,R_Kaloi,2026-06-03,,K42108801C,FURN-000106,sherbim,30
FAT-0001733,INST-0337-2601733,ANG-0000875,True,NIVF-2035533847,2026-04-19,2026-04-19,2138076.98,pranuar,E_Vleftesuar,Miratuar,Po,R_Kaloi,2026-04-23,,J87602809S,FURN-001678,mall,30
FAT-0001734,INST-0337-2601734,ANG-0000875,True,NIVF-3319300622,2026-06-17,2026-06-21,1484187.02,pranuar,E_Vleftesuar,Miratuar,Po,R_Kaloi,2026-06-22,,J87602809S,FURN-001678,mall,30
FAT-0001735,INST-0579-2601735,ANG-0000876,True,NIVF-5119438397,2026-04-14,2026-04-17,648000.0,pranuar,E_Vleftesuar,Miratuar,Po,R_Kaloi,2026-04-18,,K01515004T,FURN-000390,mall,30
FAT-0001736,INST-0535-2601736,ANG-0000877,True,NIVF-9280241479,2026-04-14,2026-04-17,63478.91,pranuar,E_Vleftesuar,Miratuar,Po,R_Kaloi,2026-04-22,,K01529003M,FURN-000342,sherbim,30
FAT-0001737,INST-0535-2601737,ANG-0000877,True,NIVF-5478910395,2026-05-27,2026-05-27,342771.09,pranuar,E_Vleftesuar,Miratuar,Po,R_Kaloi,2026-06-04,,K01529003M,FURN-000342,sherbim,30
FAT-0001738,INST-0337-2601738,ANG-0000878,True,NIVF-6870453480,2026-04-14,2026-04-15,507854.66,pranuar,E_Vleftesuar,Miratuar,Po,R_Kaloi,2026-04-20,,L62311016C,FURN-000133,sherbim,30
FAT-0001739,INST-0337-2601739,ANG-0000878,True,NIVF-5622103168,2026-05-08,2026-05-12,114634.01,pranuar,E_Vleftesuar,Miratuar,Po,R_Kaloi,2026-05-15,,L62311016C,FURN-000133,sherbim,30
FAT-0001740,INST-0337-2601740,ANG-0000878,True,NIVF-9290208140,2026-05-29,2026-06-01,635711.33,pranuar,E_Vleftesuar,Miratuar,Po,R_Kaloi,2026-06-03,,L62311016C,FURN-000133,sherbim,30
FAT-0001741,INST-0257-2601741,ANG-0000879,True,NIVF-6945966284,2026-04-22,2026-04-26,51500.0,pranuar,E_Vleftesuar,Miratuar,Po,R_Kaloi,2026-04-30,,K41420001V,FURN-000016,mall,30
FAT-0001742,INST-0169-2601742,ANG-0000880,True,NIVF-8797340436,2026-04-22,2026-04-23,40239.12,pranuar,E_Vleftesuar,Miratuar,Po,R_Kaloi,2026-05-01,,K11715005L,FURN-000108,mall,30
FAT-0001743,INST-0169-2601743,ANG-0000880,True,NIVF-3976734552,2026-05-31,2026-06-02,39212.42,pranuar,E_Vleftesuar,Miratuar,Po,R_Kaloi,2026-06-06,,K11715005L,FURN-000108,mall,30
FAT-0001744,INST-0169-2601744,ANG-0000880,True,NIVF-5379894574,2026-07-14,2026-07-18,20548.46,refuzuar,Kerkon_Rivleftesim,Refuzuar,Jo,,2026-07-25,Fiskalizim i pavlefshëm,K11715005L,FURN-000108,mall,30
FAT-0001745,INST-0404-2601745,ANG-0000881,True,NIVF-2233029966,2026-04-20,2026-04-23,1995000.0,pranuar,E_Vleftesuar,Miratuar,Po,R_Kaloi,2026-04-30,,L92605407J,FURN-000544,mall,30
FAT-0001746,INST-0144-2601746,ANG-0000882,True,NIVF-7242077656,2026-04-20,2026-04-22,4600.57,pranuar,E_Vleftesuar,Miratuar,Po,R_Kaloi,2026-04-29,,J61817047D,FURN-000143,sherbim,30
FAT-0001747,INST-0144-2601747,ANG-0000882,True,NIVF-6084686782,2026-05-14,2026-05-18,597.21,pranuar,E_Vleftesuar,Miratuar,Po,R_Kaloi,2026-05-21,,J61817047D,FURN-000143,sherbim,30
FAT-0001748,INST-0144-2601748,ANG-0000882,True,NIVF-3563046161,2026-06-30,2026-07-03,792.22,pranuar,E_Vleftesuar,Miratuar,Po,R_Kaloi,2026-07-05,,J61817047D,FURN-000143,sherbim,30
FAT-0001749,INST-0621-2601749,ANG-0000883,True,NIVF-3471659601,2026-04-24,2026-04-24,1562.38,pranuar,E_Vleftesuar,Miratuar,Po,R_Kaloi,2026-05-03,,J61904061W,FURN-001154,mall,30
FAT-0001750,INST-0621-2601750,ANG-0000883,True,NIVF-5113016916,2026-05-25,2026-05-28,24374.51,refuzuar,Kerkon_Rivleftesim,Refuzuar,Jo,,2026-06-06,Mospërputhje me kontratën,J61904061W,FURN-001154,mall,30
FAT-0001751,INST-0621-2601751,ANG-0000883,True,NIVF-2967782327,2026-06-27,2026-06-29,101926.01,pranuar,E_Vleftesuar,Miratuar,Po,R_Kaloi,2026-07-06,,J61904061W,FURN-001154,mall,30
FAT-0001752,INST-0621-2601752,ANG-0000884,True,NIVF-4026477845,2026-04-19,2026-04-23,226737.0,pranuar,E_Vleftesuar,Miratuar,Po,R_Kaloi,2026-04-28,,M17305701T,FURN-000481,mall,30
FAT-0001753,INST-0621-2601753,ANG-0000885,True,NIVF-1618132873,2026-04-24,2026-04-25,2315109.99,pranuar,E_Vleftesuar,Miratuar,Po,R_Kaloi,2026-04-29,,L22203042N,FURN-000694,mall,30
FAT-0001754,INST-0621-2601754,ANG-0000885,True,NIVF-2660457459,2026-05-22,2026-05-23,1801690.76,pranuar,E_Vleftesuar,Miratuar,Po,R_Kaloi,2026-05-28,,L22203042N,FURN-000694,mall,30
FAT-0001755,INST-0621-2601755,ANG-0000885,True,NIVF-6110970748,2026-06-25,2026-06-26,243399.24,pranuar,E_Vleftesuar,Miratuar,Po,R_Kaloi,2026-06-27,,L22203042N,FURN-000694,mall,30
FAT-0001756,INST-0621-2601756,ANG-0000886,True,NIVF-6020912645,2026-04-27,2026-04-30,95950.0,pranuar,E_Vleftesuar,Miratuar,Po,R_Kaloi,2026-05-06,,J64103483H,FURN-000877,mall,30
FAT-0001757,INST-0621-2601757,ANG-0000887,True,NIVF-1339877337,2026-04-27,2026-04-30,846000.0,pranuar,E_Vleftesuar,Miratuar,Po,R_Kaloi,2026-05-09,,M42216504H,FURN-000660,sherbim,30
FAT-0001758,INST-0668-2601758,ANG-0000888,True,NIVF-2524394235,2026-04-26,2026-04-27,980000.0,pranuar,E_Vleftesuar,Miratuar,Po,R_Kaloi,2026-04-29,,L41629009A,FURN-000480,sherbim,30
FAT-0001759,INST-0636-2601759,ANG-0000889,True,NIVF-8735622623,2026-04-22,2026-04-22,32563.28,pranuar,E_Vleftesuar,Miratuar,Po,R_Kaloi,2026-04-29,,K52115005W,FURN-000116,sherbim,30
FAT-0001760,INST-0636-2601760,ANG-0000889,True,NIVF-7207117454,2026-06-10,2026-06-14,120195.15,pranuar,E_Vleftesuar,Miratuar,Po,R_Kaloi,2026-06-17,,K52115005W,FURN-000116,sherbim,30
FAT-0001761,INST-0636-2601761,ANG-0000889,True,NIVF-6158627049,2026-07-05,2026-07-07,31575.57,pranuar,E_Vleftesuar,Miratuar,Po,R_Kaloi,2026-07-13,,K52115005W,FURN-000116,sherbim,30
FAT-0001762,INST-0578-2601762,ANG-0000890,True,NIVF-4796844587,2026-04-24,2026-04-24,429594.84,pranuar,E_Vleftesuar,Miratuar,Po,R_Kaloi,2026-04-28,,K52115005W,FURN-000116,mall,30
FAT-0001763,INST-0578-2601763,ANG-0000890,True,NIVF-1485546541,2026-06-14,2026-06-16,11150.23,pranuar,E_Vleftesuar,Miratuar,Po,R_Kaloi,2026-06-17,,K52115005W,FURN-000116,mall,30
FAT-0001764,INST-0578-2601764,ANG-0000890,True,NIVF-7120181597,2026-07-28,2026-07-30,80954.93,pranuar,E_Vleftesuar,Miratuar,Po,R_Kaloi,2026-08-01,,K52115005W,FURN-000116,mall,30
FAT-0001765,INST-0621-2601765,ANG-0000891,True,NIVF-8233339405,2026-04-18,2026-04-18,46320840.0,pranuar,E_Vleftesuar,Miratuar,Po,R_Kaloi,2026-04-19,,K02003001O,FURN-001571,sherbim,30
FAT-0001766,INST-0621-2601766,ANG-0000892,True,NIVF-5535178570,2026-04-19,2026-04-23,100000.0,pranuar,E_Vleftesuar,Miratuar,Po,R_Kaloi,2026-04-29,,K64112603J,FURN-000021,sherbim,30
FAT-0001767,INST-0855-2601767,ANG-0000893,True,NIVF-4172535883,2026-04-28,2026-04-29,13047.29,pranuar,E_Vleftesuar,Miratuar,Po,R_Kaloi,2026-05-03,,J88730334W,FURN-000729,mall,30
FAT-0001768,INST-0855-2601768,ANG-0000893,True,NIVF-4805592484,2026-06-11,2026-06-12,25529.42,pranuar,E_Vleftesuar,Miratuar,Po,R_Kaloi,2026-06-13,,J88730334W,FURN-000729,mall,30
FAT-0001769,INST-0855-2601769,ANG-0000893,True,NIVF-4657693203,2026-08-07,2026-08-09,7843.29,pranuar,E_Vleftesuar,Miratuar,Po,R_Kaloi,2026-08-18,,J88730334W,FURN-000729,mall,30
FAT-0001770,INST-0144-2601770,ANG-0000894,True,NIVF-4434275195,2026-04-16,2026-04-18,0.0,refuzuar,Kerkon_Rivleftesim,Refuzuar,Jo,,2026-04-20,Gabim në shumën e faturuar,,,mall,30
FAT-0001771,INST-0621-2601771,ANG-0000895,True,NIVF-5017285164,2026-04-26,2026-04-28,139480.45,pranuar,E_Vleftesuar,Miratuar,Po,R_Kaloi,2026-04-29,,L41817014E,FURN-000926,mall,30
FAT-0001772,INST-0621-2601772,ANG-0000895,True,NIVF-5413330003,2026-05-31,2026-05-31,84719.55,pranuar,E_Vleftesuar,Miratuar,Po,R_Kaloi,2026-06-07,,L41817014E,FURN-000926,mall,30
FAT-0001773,INST-0563-2601773,ANG-0000896,True,NIVF-4515606147,2026-04-16,2026-04-20,69756.86,pranuar,E_Vleftesuar,Miratuar,Po,R_Kaloi,2026-04-23,,L71417022J,FURN-001438,mall,30
FAT-0001774,INST-0563-2601774,ANG-0000896,True,NIVF-9538329975,2026-05-08,2026-05-08,434333.31,refuzuar,Kerkon_Rivleftesim,Refuzuar,Jo,,2026-05-09,Mospërputhje me kontratën,L71417022J,FURN-001438,mall,30
FAT-0001775,INST-0563-2601775,ANG-0000896,True,NIVF-6746816537,2026-06-25,2026-06-28,2209.82,pranuar,E_Vleftesuar,Miratuar,Po,R_Kaloi,2026-07-01,,L71417022J,FURN-001438,mall,30
FAT-0001776,INST-0561-2601776,ANG-0000897,True,NIVF-8772041955,2026-04-19,2026-04-20,39995.37,pranuar,E_Vleftesuar,Miratuar,Po,R_Kaloi,2026-04-26,,K31505091L,FURN-000138,mall,30
FAT-0001777,INST-0561-2601777,ANG-0000897,True,NIVF-1321746294,2026-06-14,2026-06-16,32744.65,pranuar,E_Vleftesuar,Miratuar,Po,R_Kaloi,2026-06-19,,K31505091L,FURN-000138,mall,30
FAT-0001778,INST-0561-2601778,ANG-0000897,True,NIVF-6026806504,2026-07-29,2026-07-31,25926.98,pranuar,E_Vleftesuar,Miratuar,Po,R_Kaloi,2026-08-01,,K31505091L,FURN-000138,mall,30
FAT-0001779,INST-0496-2601779,ANG-0000898,True,NIVF-3627266392,2026-04-19,2026-04-22,37816.02,pranuar,E_Vleftesuar,Miratuar,Po,R_Kaloi,2026-04-27,,L31518004P,FURN-001043,sherbim,30
FAT-0001780,INST-0496-2601780,ANG-0000898,True,NIVF-9126739607,2026-06-17,2026-06-19,62183.98,pranuar,E_Vleftesuar,Miratuar,Po,R_Kaloi,2026-06-26,,L31518004P,FURN-001043,sherbim,30
FAT-0001781,INST-0621-2601781,ANG-0000899,True,NIVF-3174392225,2026-04-23,2026-04-24,982433.21,pranuar,E_Vleftesuar,Miratuar,Po,R_Kaloi,2026-04-26,,K24010212N,FURN-001201,mall,30
FAT-0001782,INST-0621-2601782,ANG-0000899,True,NIVF-5312550586,2026-06-11,2026-06-12,571473.45,pranuar,E_Vleftesuar,Miratuar,Po,R_Kaloi,2026-06-14,,K24010212N,FURN-001201,mall,30
FAT-0001783,INST-0621-2601783,ANG-0000899,True,NIVF-3903364589,2026-08-06,2026-08-06,112249.33,pranuar,E_Vleftesuar,Miratuar,Po,R_Kaloi,2026-08-07,,K24010212N,FURN-001201,mall,30
FAT-0001784,INST-0148-2601784,ANG-0000900,True,NIVF-8409347479,2026-04-20,2026-04-22,372294.86,pranuar,E_Vleftesuar,Miratuar,Po,R_Kaloi,2026-04-27,,K13909401G,FURN-001751,pune,30
FAT-0001785,INST-0148-2601785,ANG-0000900,True,NIVF-1450278563,2026-06-05,2026-06-05,59307.37,pranuar,E_Vleftesuar,Miratuar,Po,R_Kaloi,2026-06-11,,K13909401G,FURN-001751,pune,30
FAT-0001786,INST-0148-2601786,ANG-0000900,True,NIVF-3565777707,2026-07-14,2026-07-16,484783.77,pranuar,E_Vleftesuar,Miratuar,Po,R_Kaloi,2026-07-19,,K13909401G,FURN-001751,pune,30
FAT-0001787,INST-0148-2601787,ANG-0000901,True,NIVF-7882517045,2026-04-25,2026-04-27,550156.5,pranuar,E_Vleftesuar,Miratuar,Po,R_Kaloi,2026-05-05,,K81503063B,FURN-000491,pune,30
FAT-0001788,INST-0151-2601788,ANG-0000902,True,NIVF-1204396738,2026-04-20,2026-04-20,99900.0,pranuar,E_Vleftesuar,Miratuar,Po,R_Kaloi,2026-04-22,,J66902033R,FURN-000066,mall,30
FAT-0001789,INST-0135-2601789,ANG-0000903,True,NIVF-6530365628,2026-04-26,2026-04-28,2709.99,pranuar,E_Vleftesuar,Miratuar,Po,R_Kaloi,2026-05-03,,J66902033R,FURN-000066,pune,30
FAT-0001790,INST-0135-2601790,ANG-0000903,True,NIVF-2545126909,2026-06-08,2026-06-10,86718.6,refuzuar,Kerkon_Rivleftesim,Refuzuar,Jo,,2026-06-13,Gabim në shumën e faturuar,J66902033R,FURN-000066,pune,30
FAT-0001791,INST-0135-2601791,ANG-0000903,True,NIVF-5777984048,2026-07-17,2026-07-18,10471.4,refuzuar,Kerkon_Rivleftesim,Refuzuar,Jo,,2026-07-21,Mungesë dokumentacioni mbështetës,J66902033R,FURN-000066,pune,30
FAT-0001792,INST-0621-2601792,ANG-0000904,True,NIVF-9957569812,2026-04-17,2026-04-21,80779.27,pranuar,E_Vleftesuar,Miratuar,Po,R_Kaloi,2026-04-26,,J66902033R,FURN-000066,pune,30
FAT-0001793,INST-0621-2601793,ANG-0000904,True,NIVF-2536898209,2026-05-12,2026-05-16,19120.73,pranuar,E_Vleftesuar,Miratuar,Po,R_Kaloi,2026-05-18,,J66902033R,FURN-000066,pune,30
FAT-0001794,INST-0915-2601794,ANG-0000905,True,NIVF-5259570495,2026-05-03,2026-05-04,185464.0,pranuar,E_Vleftesuar,Miratuar,Po,R_Kaloi,2026-05-09,,K12201002T,FURN-000088,mall,30
FAT-0001795,INST-0575-2601795,ANG-0000906,True,NIVF-1704513462,2026-04-22,2026-04-22,17333.69,pranuar,E_Vleftesuar,Miratuar,Po,R_Kaloi,2026-04-23,,L66403006M,FURN-001341,mall,30
FAT-0001796,INST-0575-2601796,ANG-0000906,True,NIVF-6141047449,2026-05-29,2026-05-31,80981.31,pranuar,E_Vleftesuar,Miratuar,Po,R_Kaloi,2026-06-02,,L66403006M,FURN-001341,mall,30
FAT-0001797,INST-0588-2601797,ANG-0000907,True,NIVF-4289333527,2026-04-26,2026-04-30,199048.26,pranuar,E_Vleftesuar,Miratuar,Po,R_Kaloi,2026-05-04,,K44125003N,FURN-000924,mall,30
FAT-0001798,INST-0588-2601798,ANG-0000907,True,NIVF-5007362297,2026-06-24,2026-06-27,674414.74,pranuar,E_Vleftesuar,Miratuar,Po,R_Kaloi,2026-07-02,,K44125003N,FURN-000924,mall,30
FAT-0001799,INST-0157-2601799,ANG-0000908,True,NIVF-5554246248,2026-04-23,2026-04-24,24985.04,pranuar,E_Vleftesuar,Miratuar,Po,R_Kaloi,2026-05-02,,M28204502K,FURN-001520,sherbim,30
FAT-0001800,INST-0157-2601800,ANG-0000908,True,NIVF-6816952145,2026-05-13,2026-05-13,4814.96,pranuar,E_Vleftesuar,Miratuar,Po,R_Kaloi,2026-05-15,,M28204502K,FURN-001520,sherbim,30
FAT-0001801,INST-0653-2601801,ANG-0000909,True,NIVF-7339739700,2026-04-21,2026-04-22,98698.0,pranuar,E_Vleftesuar,Miratuar,Po,R_Kaloi,2026-04-27,,M11902021F,FURN-001148,mall,30
FAT-0001802,INST-0172-2601802,ANG-0000910,True,NIVF-6832901005,2026-04-22,2026-04-26,74387.03,pranuar,E_Vleftesuar,Miratuar,Po,R_Kaloi,2026-04-30,,L12107043O,FURN-000120,sherbim,30
FAT-0001803,INST-0172-2601803,ANG-0000910,True,NIVF-9680655727,2026-05-21,2026-05-25,109437.97,pranuar,E_Vleftesuar,Miratuar,Po,R_Kaloi,2026-05-27,,L12107043O,FURN-000120,sherbim,30
FAT-0001804,INST-0172-2601804,ANG-0000911,True,NIVF-2623043760,2026-04-21,2026-04-22,765000.0,pranuar,E_Vleftesuar,Miratuar,Po,R_Kaloi,2026-04-25,,J62426002Q,FURN-000236,sherbim,30
FAT-0001805,INST-0172-2601805,ANG-0000912,True,NIVF-9674356569,2026-04-22,2026-04-22,180760.77,pranuar,E_Vleftesuar,Miratuar,Po,R_Kaloi,2026-04-27,,L91418502J,FURN-000101,sherbim,30
FAT-0001806,INST-0172-2601806,ANG-0000912,True,NIVF-1318413276,2026-06-11,2026-06-11,374794.23,pranuar,E_Vleftesuar,Miratuar,Po,R_Kaloi,2026-06-19,,L91418502J,FURN-000101,sherbim,30
FAT-0001807,INST-0172-2601807,ANG-0000913,True,NIVF-3518691375,2026-05-01,2026-05-04,549700.0,refuzuar,Kerkon_Rivleftesim,Refuzuar,Jo,,2026-05-13,Mospërputhje me kontratën,J62426002Q,FURN-000236,sherbim,30
FAT-0001808,INST-0626-2601808,ANG-0000914,True,NIVF-1103274004,2026-04-27,2026-04-30,100000.0,pranuar,E_Vleftesuar,Miratuar,Po,R_Kaloi,2026-05-08,,M31823508U,FURN-000246,pune,30
FAT-0001809,INST-0621-2601809,ANG-0000915,True,NIVF-6346370335,2026-05-03,2026-05-04,995666.67,pranuar,E_Vleftesuar,Miratuar,Po,R_Kaloi,2026-05-08,,K31419099E,FURN-000800,sherbim,30
FAT-0001810,INST-0621-2601810,ANG-0000916,True,NIVF-1810897292,2026-04-24,2026-04-26,49200.0,pranuar,E_Vleftesuar,Miratuar,Po,R_Kaloi,2026-05-01,,L03614803Q,FURN-000840,sherbim,30
FAT-0001811,INST-0621-2601811,ANG-0000917,True,NIVF-6869515344,2026-04-28,2026-05-02,31439.19,pranuar,E_Vleftesuar,Miratuar,Po,R_Kaloi,2026-05-09,,K73617203B,FURN-001349,sherbim,30
FAT-0001812,INST-0621-2601812,ANG-0000917,True,NIVF-9851560557,2026-06-15,2026-06-16,53014.65,pranuar,E_Vleftesuar,Miratuar,Po,R_Kaloi,2026-06-23,,K73617203B,FURN-001349,sherbim,30
FAT-0001813,INST-0621-2601813,ANG-0000917,True,NIVF-9877356614,2026-07-28,2026-07-31,13546.16,pranuar,E_Vleftesuar,Miratuar,Po,R_Kaloi,2026-08-01,,K73617203B,FURN-001349,sherbim,30
FAT-0001814,INST-0621-2601814,ANG-0000918,True,NIVF-5636882499,2026-05-01,2026-05-05,190762.6,pranuar,E_Vleftesuar,Miratuar,Po,R_Kaloi,2026-05-10,,L82009013H,FURN-001982,sherbim,30
FAT-0001815,INST-0621-2601815,ANG-0000918,True,NIVF-9406473410,2026-06-21,2026-06-22,20528.61,pranuar,E_Vleftesuar,Miratuar,Po,R_Kaloi,2026-06-27,,L82009013H,FURN-001982,sherbim,30
FAT-0001816,INST-0621-2601816,ANG-0000918,True,NIVF-5548867850,2026-07-28,2026-07-28,23708.79,pranuar,E_Vleftesuar,Miratuar,Po,R_Kaloi,2026-08-04,,L82009013H,FURN-001982,sherbim,30
FAT-0001817,INST-0131-2601817,ANG-0000919,True,NIVF-9485114811,2026-05-01,2026-05-03,55840.0,pranuar,E_Vleftesuar,Miratuar,Po,R_Kaloi,2026-05-05,,K31503045V,FURN-000036,mall,30
FAT-0001818,INST-0621-2601818,ANG-0000920,True,NIVF-1794443913,2026-04-28,2026-04-29,32174.56,pranuar,E_Vleftesuar,Miratuar,Po,R_Kaloi,2026-05-06,,K33729014R,FURN-000847,mall,30
FAT-0001819,INST-0621-2601819,ANG-0000920,True,NIVF-3130801503,2026-06-10,2026-06-10,49576.97,pranuar,E_Vleftesuar,Miratuar,Po,R_Kaloi,2026-06-11,,K33729014R,FURN-000847,mall,30
FAT-0001820,INST-0621-2601820,ANG-0000920,True,NIVF-1372015950,2026-08-02,2026-08-04,13248.47,pranuar,E_Vleftesuar,Miratuar,Po,R_Kaloi,2026-08-09,,K33729014R,FURN-000847,mall,30
FAT-0001821,INST-0621-2601821,ANG-0000921,True,NIVF-6770751091,2026-04-24,2026-04-24,194125.48,pranuar,E_Vleftesuar,Miratuar,Po,R_Kaloi,2026-04-25,,L97006001D,FURN-000780,mall,30
FAT-0001822,INST-0621-2601822,ANG-0000921,True,NIVF-9511118247,2026-05-22,2026-05-22,233474.52,pranuar,E_Vleftesuar,Miratuar,Po,R_Kaloi,2026-05-25,,L97006001D,FURN-000780,mall,30
FAT-0001823,INST-0621-2601823,ANG-0000922,True,NIVF-4056279477,2026-04-23,2026-04-25,144900.0,pranuar,E_Vleftesuar,Miratuar,Po,R_Kaloi,2026-04-29,,M41716029V,FURN-001833,mall,30
FAT-0001824,INST-0243-2601824,ANG-0000923,True,NIVF-2347009222,2026-05-01,2026-05-01,132944.71,refuzuar,Kerkon_Rivleftesim,Refuzuar,Jo,,2026-05-08,Gabim në shumën e faturuar,K42701205E,FURN-000605,mall,30
FAT-0001825,INST-0243-2601825,ANG-0000923,True,NIVF-4617765985,2026-05-31,2026-05-31,39334.66,pranuar,E_Vleftesuar,Miratuar,Po,R_Kaloi,2026-06-01,,K42701205E,FURN-000605,mall,30
FAT-0001826,INST-0243-2601826,ANG-0000923,True,NIVF-7422791810,2026-07-04,2026-07-06,157720.63,pranuar,E_Vleftesuar,Miratuar,Po,R_Kaloi,2026-07-07,,K42701205E,FURN-000605,mall,30
FAT-0001827,INST-0066-2601827,ANG-0000924,True,NIVF-3856018005,2026-05-04,2026-05-06,65775.91,pranuar,E_Vleftesuar,Miratuar,Po,R_Kaloi,2026-05-14,,K67120001D,FURN-000089,mall,30
FAT-0001828,INST-0066-2601828,ANG-0000924,True,NIVF-4934391258,2026-05-27,2026-05-31,28079.03,refuzuar,Kerkon_Rivleftesim,Refuzuar,Jo,,2026-06-09,Mospërputhje me kontratën,K67120001D,FURN-000089,mall,30
FAT-0001829,INST-0066-2601829,ANG-0000924,True,NIVF-7289275434,2026-07-22,2026-07-22,6144.07,pranuar,E_Vleftesuar,Miratuar,Po,R_Kaloi,2026-07-30,,K67120001D,FURN-000089,mall,30
FAT-0001830,INST-0558-2601830,ANG-0000925,True,NIVF-8190291256,2026-04-24,2026-04-24,222075.17,pranuar,E_Vleftesuar,Miratuar,Po,R_Kaloi,2026-04-28,,J97426201K,FURN-000785,mall,30
FAT-0001831,INST-0558-2601831,ANG-0000925,True,NIVF-7490073151,2026-06-08,2026-06-08,108522.38,pranuar,E_Vleftesuar,Miratuar,Po,R_Kaloi,2026-06-11,,J97426201K,FURN-000785,mall,30
FAT-0001832,INST-0558-2601832,ANG-0000925,True,NIVF-6754296176,2026-07-10,2026-07-12,11069.45,pranuar,E_Vleftesuar,Miratuar,Po,R_Kaloi,2026-07-17,,J97426201K,FURN-000785,mall,30
FAT-0001833,INST-0558-2601833,ANG-0000926,True,NIVF-8506926139,2026-04-29,2026-04-30,225000.0,pranuar,E_Vleftesuar,Miratuar,Po,R_Kaloi,2026-05-02,,M21517002R,FURN-001487,mall,30
FAT-0001834,INST-0446-2601834,ANG-0000927,True,NIVF-7957267863,2026-04-22,2026-04-25,17272.83,pranuar,E_Vleftesuar,Miratuar,Po,R_Kaloi,2026-04-26,,M39807401J,FURN-001214,mall,30
FAT-0001835,INST-0446-2601835,ANG-0000927,True,NIVF-3442129585,2026-06-12,2026-06-13,80227.17,pranuar,E_Vleftesuar,Miratuar,Po,R_Kaloi,2026-06-17,,M39807401J,FURN-001214,mall,30
FAT-0001836,INST-0579-2601836,ANG-0000928,True,NIVF-7783594225,2026-04-27,2026-04-29,116215.73,pranuar,E_Vleftesuar,Miratuar,Po,R_Kaloi,2026-05-01,,M01718023C,FURN-001488,mall,30
FAT-0001837,INST-0579-2601837,ANG-0000928,True,NIVF-3667245745,2026-06-23,2026-06-27,383784.27,pranuar,E_Vleftesuar,Miratuar,Po,R_Kaloi,2026-06-29,,M01718023C,FURN-001488,mall,30
FAT-0001838,INST-0575-2601838,ANG-0000929,True,NIVF-2286898900,2026-04-29,2026-05-01,42642.99,pranuar,E_Vleftesuar,Miratuar,Po,R_Kaloi,2026-05-04,,M22108021O,FURN-001536,mall,30
FAT-0001839,INST-0575-2601839,ANG-0000929,True,NIVF-9671495572,2026-05-22,2026-05-26,56357.01,pranuar,E_Vleftesuar,Miratuar,Po,R_Kaloi,2026-05-31,,M22108021O,FURN-001536,mall,30
FAT-0001840,INST-0061-2601840,ANG-0000930,True,NIVF-5688441289,2026-04-22,2026-04-23,58888.62,pranuar,E_Vleftesuar,Miratuar,Po,R_Kaloi,2026-04-29,,L51714014K,FURN-000705,mall,30
FAT-0001841,INST-0061-2601841,ANG-0000930,True,NIVF-3725512290,2026-06-16,2026-06-19,10670.29,pranuar,E_Vleftesuar,Miratuar,Po,R_Kaloi,2026-06-22,,L51714014K,FURN-000705,mall,30
FAT-0001842,INST-0061-2601842,ANG-0000930,True,NIVF-1799590686,2026-07-13,2026-07-16,227741.09,pranuar,E_Vleftesuar,Miratuar,Po,R_Kaloi,2026-07-24,,L51714014K,FURN-000705,mall,30
FAT-0001843,INST-0621-2601843,ANG-0000931,True,NIVF-1172972215,2026-04-25,2026-04-28,114784.74,pranuar,E_Vleftesuar,Miratuar,Po,R_Kaloi,2026-05-01,,K36805204D,FURN-001584,mall,30
FAT-0001844,INST-0621-2601844,ANG-0000931,True,NIVF-5811802045,2026-06-01,2026-06-03,2105.41,pranuar,E_Vleftesuar,Miratuar,Po,R_Kaloi,2026-06-08,,K36805204D,FURN-001584,mall,30
FAT-0001845,INST-0621-2601845,ANG-0000931,True,NIVF-1695227805,2026-06-21,2026-06-23,93109.86,pranuar,E_Vleftesuar,Miratuar,Po,R_Kaloi,2026-06-24,,K36805204D,FURN-001584,mall,30
FAT-0001846,INST-0621-2601846,ANG-0000932,True,NIVF-2519952384,2026-05-03,2026-05-04,10025.75,pranuar,E_Vleftesuar,Miratuar,Po,R_Kaloi,2026-05-07,,K32802421F,FURN-000807,mall,30
FAT-0001847,INST-0621-2601847,ANG-0000932,True,NIVF-9809294295,2026-06-22,2026-06-23,89974.25,pranuar,E_Vleftesuar,Miratuar,Po,R_Kaloi,2026-07-02,,K32802421F,FURN-000807,mall,30
FAT-0001848,INST-0621-2601848,ANG-0000933,True,NIVF-5498807491,2026-04-24,2026-04-28,271120.45,pranuar,E_Vleftesuar,Miratuar,Po,R_Kaloi,2026-05-01,,L52208070A,FURN-000137,mall,30
FAT-0001849,INST-0621-2601849,ANG-0000933,True,NIVF-1992242978,2026-05-27,2026-05-29,292879.55,pranuar,E_Vleftesuar,Miratuar,Po,R_Kaloi,2026-06-03,,L52208070A,FURN-000137,mall,30
FAT-0001850,INST-0578-2601850,ANG-0000934,True,NIVF-2433360955,2026-04-28,2026-05-01,27461.56,pranuar,E_Vleftesuar,Miratuar,Po,R_Kaloi,2026-05-08,,K81811016Q,FURN-001423,sherbim,30
FAT-0001851,INST-0578-2601851,ANG-0000934,True,NIVF-5915641250,2026-05-19,2026-05-21,48679.55,pranuar,E_Vleftesuar,Miratuar,Po,R_Kaloi,2026-05-30,,K81811016Q,FURN-001423,sherbim,30
FAT-0001852,INST-0578-2601852,ANG-0000934,True,NIVF-3037351612,2026-07-13,2026-07-13,15858.89,pranuar,E_Vleftesuar,Miratuar,Po,R_Kaloi,2026-07-21,,K81811016Q,FURN-001423,sherbim,30
FAT-0001853,INST-0621-2601853,ANG-0000935,True,NIVF-5951833021,2026-04-25,2026-04-27,4199411.27,pranuar,E_Vleftesuar,Miratuar,Po,R_Kaloi,2026-05-05,,K81324039M,FURN-000233,pune,30
FAT-0001854,INST-0621-2601854,ANG-0000935,True,NIVF-4583883547,2026-05-22,2026-05-26,450588.73,pranuar,E_Vleftesuar,Miratuar,Po,R_Kaloi,2026-05-28,,K81324039M,FURN-000233,pune,30
FAT-0001855,INST-0131-2601855,ANG-0000936,True,NIVF-6404370358,2026-04-26,2026-04-30,4846.99,pranuar,E_Vleftesuar,Miratuar,Po,R_Kaloi,2026-05-02,,L61321012S,FURN-001028,mall,30
FAT-0001856,INST-0131-2601856,ANG-0000936,True,NIVF-7151503067,2026-05-28,2026-05-28,30429.52,pranuar,E_Vleftesuar,Miratuar,Po,R_Kaloi,2026-06-04,,L61321012S,FURN-001028,mall,30
FAT-0001857,INST-0131-2601857,ANG-0000936,True,NIVF-1045052559,2026-07-24,2026-07-24,61438.5,pranuar,E_Vleftesuar,Miratuar,Po,R_Kaloi,2026-08-02,,L61321012S,FURN-001028,mall,30
FAT-0001858,INST-0131-2601858,ANG-0000937,True,NIVF-4909825160,2026-05-05,2026-05-08,24605010.0,pranuar,E_Vleftesuar,Miratuar,Po,R_Kaloi,2026-05-10,,L78006801F,FURN-000853,mall,30
FAT-0001859,INST-0621-2601859,ANG-0000938,True,NIVF-4454112183,2026-04-29,2026-05-01,138000.0,pranuar,E_Vleftesuar,Miratuar,Po,R_Kaloi,2026-05-05,,K24005001H,FURN-001006,sherbim,30
FAT-0001860,INST-0591-2601860,ANG-0000939,True,NIVF-1908478419,2026-04-25,2026-04-26,99000.0,pranuar,E_Vleftesuar,Miratuar,Po,R_Kaloi,2026-05-02,,L73119201E,FURN-001348,pune,30
FAT-0001861,INST-0535-2601861,ANG-0000940,True,NIVF-1763817611,2026-05-06,2026-05-06,188659.02,pranuar,E_Vleftesuar,Miratuar,Po,R_Kaloi,2026-05-09,,L42103023G,FURN-000752,sherbim,30
FAT-0001862,INST-0535-2601862,ANG-0000940,True,NIVF-6292882171,2026-06-16,2026-06-20,298940.98,pranuar,E_Vleftesuar,Miratuar,Po,R_Kaloi,2026-06-27,,L42103023G,FURN-000752,sherbim,30
FAT-0001863,INST-0535-2601863,ANG-0000941,True,NIVF-9524532577,2026-04-24,2026-04-26,22697.22,pranuar,E_Vleftesuar,Miratuar,Po,R_Kaloi,2026-05-02,,L61423023A,FURN-001445,mall,30
FAT-0001864,INST-0535-2601864,ANG-0000941,True,NIVF-4569614858,2026-06-10,2026-06-12,76802.78,pranuar,E_Vleftesuar,Miratuar,Po,R_Kaloi,2026-06-13,,L61423023A,FURN-001445,mall,30
FAT-0001865,INST-0126-2601865,ANG-0000942,True,NIVF-2776492486,2026-04-29,2026-04-30,4252.95,pranuar,E_Vleftesuar,Miratuar,Po,R_Kaloi,2026-05-09,,M06411202E,FURN-000658,pune,30
FAT-0001866,INST-0126-2601866,ANG-0000942,True,NIVF-7761378220,2026-05-21,2026-05-24,15333.67,pranuar,E_Vleftesuar,Miratuar,Po,R_Kaloi,2026-05-25,,M06411202E,FURN-000658,pune,30
FAT-0001867,INST-0126-2601867,ANG-0000943,True,NIVF-8909151552,2026-05-02,2026-05-06,73970.88,pranuar,E_Vleftesuar,Miratuar,Po,R_Kaloi,2026-05-14,,J72124001N,FURN-000179,mall,30
FAT-0001868,INST-0126-2601868,ANG-0000943,True,NIVF-6304528792,2026-06-29,2026-07-01,426029.12,refuzuar,Kerkon_Rivleftesim,Refuzuar,Jo,,2026-07-08,Fiskalizim i pavlefshëm,J72124001N,FURN-000179,mall,30
FAT-0001869,INST-0134-2601869,ANG-0000944,True,NIVF-8689269799,2026-04-25,2026-04-26,6545.17,pranuar,E_Vleftesuar,Miratuar,Po,R_Kaloi,2026-05-04,,J72124001N,FURN-000179,mall,30
FAT-0001870,INST-0134-2601870,ANG-0000944,True,NIVF-3487149252,2026-05-16,2026-05-19,10914.63,pranuar,E_Vleftesuar,Miratuar,Po,R_Kaloi,2026-05-21,,J72124001N,FURN-000179,mall,30
FAT-0001871,INST-0134-2601871,ANG-0000944,True,NIVF-4671410906,2026-06-19,2026-06-20,82540.2,pranuar,E_Vleftesuar,Miratuar,Po,R_Kaloi,2026-06-23,,J72124001N,FURN-000179,mall,30
FAT-0001872,INST-0167-2601872,ANG-0000945,True,NIVF-4833134701,2026-05-03,2026-05-06,175000.0,pranuar,E_Vleftesuar,Miratuar,Po,R_Kaloi,2026-05-10,,K76926201W,FURN-000292,sherbim,30
FAT-0001873,INST-0043-2601873,ANG-0000946,True,NIVF-1996295242,2026-05-04,2026-05-05,723882.24,refuzuar,Kerkon_Rivleftesim,Refuzuar,Jo,,2026-05-11,Mungesë dokumentacioni mbështetës,M12127026K,FURN-000085,mall,30
FAT-0001874,INST-0043-2601874,ANG-0000946,True,NIVF-1676267586,2026-05-27,2026-05-30,142017.76,pranuar,E_Vleftesuar,Miratuar,Po,R_Kaloi,2026-06-07,,M12127026K,FURN-000085,mall,30
FAT-0001875,INST-0175-2601875,ANG-0000947,True,NIVF-2589826201,2026-04-26,2026-04-28,514911.63,pranuar,E_Vleftesuar,Miratuar,Po,R_Kaloi,2026-04-30,,M53125601L,FURN-001545,pune,30
FAT-0001876,INST-0175-2601876,ANG-0000947,True,NIVF-5547379139,2026-05-24,2026-05-27,173088.37,pranuar,E_Vleftesuar,Miratuar,Po,R_Kaloi,2026-05-31,,M53125601L,FURN-001545,pune,30
FAT-0001877,INST-0337-2601877,ANG-0000948,True,NIVF-2929758747,2026-05-03,2026-05-06,623238.64,pranuar,E_Vleftesuar,Miratuar,Po,R_Kaloi,2026-05-11,,L81506043D,FURN-000687,sherbim,30
FAT-0001878,INST-0337-2601878,ANG-0000948,True,NIVF-1107503027,2026-05-30,2026-06-02,454837.97,pranuar,E_Vleftesuar,Miratuar,Po,R_Kaloi,2026-06-05,,L81506043D,FURN-000687,sherbim,30
FAT-0001879,INST-0337-2601879,ANG-0000948,True,NIVF-9919390257,2026-07-15,2026-07-17,159694.39,pranuar,E_Vleftesuar,Miratuar,Po,R_Kaloi,2026-07-19,,L81506043D,FURN-000687,sherbim,30
FAT-0001880,INST-0337-2601880,ANG-0000949,True,NIVF-5679707559,2026-05-03,2026-05-04,8159.31,pranuar,E_Vleftesuar,Miratuar,Po,R_Kaloi,2026-05-08,,K71617011W,FURN-000652,sherbim,30
FAT-0001881,INST-0337-2601881,ANG-0000949,True,NIVF-7186261298,2026-06-24,2026-06-25,33967.5,pranuar,E_Vleftesuar,Miratuar,Po,R_Kaloi,2026-06-29,,K71617011W,FURN-000652,sherbim,30
FAT-0001882,INST-0337-2601882,ANG-0000949,True,NIVF-9744855894,2026-07-22,2026-07-26,21473.2,pranuar,E_Vleftesuar,Miratuar,Po,R_Kaloi,2026-07-30,,K71617011W,FURN-000652,sherbim,30
FAT-0001883,INST-0337-2601883,ANG-0000950,True,NIVF-4971104623,2026-05-06,2026-05-07,244600.0,pranuar,E_Vleftesuar,Miratuar,Po,R_Kaloi,2026-05-09,,L97006001D,FURN-000780,sherbim,30
FAT-0001884,INST-0243-2601884,ANG-0000951,True,NIVF-4103185425,2026-05-06,2026-05-08,111196.3,pranuar,E_Vleftesuar,Miratuar,Po,R_Kaloi,2026-05-13,,J62426002Q,FURN-000236,pune,30
FAT-0001885,INST-0243-2601885,ANG-0000951,True,NIVF-9712669487,2026-06-03,2026-06-06,366399.16,pranuar,E_Vleftesuar,Miratuar,Po,R_Kaloi,2026-06-09,,J62426002Q,FURN-000236,pune,30
FAT-0001886,INST-0243-2601886,ANG-0000951,True,NIVF-5180921519,2026-06-25,2026-06-25,409402.14,pranuar,E_Vleftesuar,Miratuar,Po,R_Kaloi,2026-06-26,,J62426002Q,FURN-000236,pune,30
FAT-0001887,INST-0653-2601887,ANG-0000952,True,NIVF-5773405468,2026-05-02,2026-05-05,537093.33,pranuar,E_Vleftesuar,Miratuar,Po,R_Kaloi,2026-05-12,,K91712015L,FURN-001121,mall,30
FAT-0001888,INST-0653-2601888,ANG-0000952,True,NIVF-2910091926,2026-05-30,2026-05-30,21239.67,pranuar,E_Vleftesuar,Miratuar,Po,R_Kaloi,2026-06-08,,K91712015L,FURN-001121,mall,30
FAT-0001889,INST-0566-2601889,ANG-0000953,True,NIVF-5179062551,2026-05-07,2026-05-10,91134.92,pranuar,E_Vleftesuar,Miratuar,Po,R_Kaloi,2026-05-14,,M52311039R,FURN-000386,mall,30
FAT-0001890,INST-0566-2601890,ANG-0000953,True,NIVF-6804256392,2026-05-27,2026-05-30,71122.97,pranuar,E_Vleftesuar,Miratuar,Po,R_Kaloi,2026-06-01,,M52311039R,FURN-000386,mall,30
FAT-0001891,INST-0566-2601891,ANG-0000953,True,NIVF-3949131556,2026-06-30,2026-06-30,106542.1,pranuar,E_Vleftesuar,Miratuar,Po,R_Kaloi,2026-07-01,,M52311039R,FURN-000386,mall,30
FAT-0001892,INST-0558-2601892,ANG-0000954,True,NIVF-8243504483,2026-04-28,2026-04-30,449700.0,pranuar,E_Vleftesuar,Miratuar,Po,R_Kaloi,2026-05-04,,J62426002Q,FURN-000236,sherbim,30
FAT-0001893,INST-0099-2601893,ANG-0000955,True,NIVF-6422804219,2026-04-28,2026-05-02,0.0,pranuar,E_Vleftesuar,Miratuar,Po,R_Kaloi,2026-05-09,,,,sherbim,30
FAT-0001894,INST-0099-2601894,ANG-0000955,True,NIVF-7840928400,2026-06-15,2026-06-16,0.0,pranuar,E_Vleftesuar,Miratuar,Po,R_Kaloi,2026-06-22,,,,sherbim,30
FAT-0001895,INST-0099-2601895,ANG-0000955,True,NIVF-8516806668,2026-08-01,2026-08-05,0.0,pranuar,E_Vleftesuar,Miratuar,Po,R_Kaloi,2026-08-11,,,,sherbim,30
FAT-0001896,INST-0099-2601896,ANG-0000956,True,NIVF-7552161781,2026-05-03,2026-05-07,44126.81,pranuar,E_Vleftesuar,Miratuar,Po,R_Kaloi,2026-05-16,,L71731025U,FURN-000224,sherbim,30
FAT-0001897,INST-0099-2601897,ANG-0000956,True,NIVF-8056395662,2026-06-24,2026-06-27,31141.62,pranuar,E_Vleftesuar,Miratuar,Po,R_Kaloi,2026-07-01,,L71731025U,FURN-000224,sherbim,30
FAT-0001898,INST-0099-2601898,ANG-0000956,True,NIVF-9938884141,2026-08-01,2026-08-05,656731.57,pranuar,E_Vleftesuar,Miratuar,Po,R_Kaloi,2026-08-08,,L71731025U,FURN-000224,sherbim,30
FAT-0001899,INST-0099-2601899,ANG-0000957,True,NIVF-5049355173,2026-04-27,2026-04-28,1579040.0,pranuar,E_Vleftesuar,Miratuar,Po,R_Kaloi,2026-05-02,,K62202046U,FURN-000341,sherbim,30
FAT-0001900,INST-0099-2601900,ANG-0000958,True,NIVF-2853724599,2026-05-05,2026-05-06,65391.25,pranuar,E_Vleftesuar,Miratuar,Po,R_Kaloi,2026-05-15,,K72218022J,FURN-000304,sherbim,30
FAT-0001901,INST-0099-2601901,ANG-0000958,True,NIVF-7600438313,2026-06-21,2026-06-22,14452.4,refuzuar,Kerkon_Rivleftesim,Refuzuar,Jo,,2026-06-30,Mospërputhje me kontratën,K72218022J,FURN-000304,sherbim,30
FAT-0001902,INST-0099-2601902,ANG-0000958,True,NIVF-6502037094,2026-07-25,2026-07-27,42506.35,pranuar,E_Vleftesuar,Miratuar,Po,R_Kaloi,2026-08-03,,K72218022J,FURN-000304,sherbim,30
FAT-0001903,INST-0099-2601903,ANG-0000959,True,NIVF-4317203442,2026-05-11,2026-05-14,95000.0,pranuar,E_Vleftesuar,Miratuar,Po,R_Kaloi,2026-05-20,,K71617011W,FURN-000652,sherbim,30
FAT-0001904,INST-0621-2601904,ANG-0000960,True,NIVF-9758713736,2026-05-08,2026-05-09,215038.34,pranuar,E_Vleftesuar,Miratuar,Po,R_Kaloi,2026-05-18,,L01717030C,FURN-000490,mall,30
FAT-0001905,INST-0621-2601905,ANG-0000960,True,NIVF-1066370829,2026-07-06,2026-07-09,12450.39,pranuar,E_Vleftesuar,Miratuar,Po,R_Kaloi,2026-07-13,,L01717030C,FURN-000490,mall,30
FAT-0001906,INST-0961-2601906,ANG-0000961,True,NIVF-7157961115,2026-05-04,2026-05-06,99745.0,pranuar,E_Vleftesuar,Miratuar,Po,R_Kaloi,2026-05-07,,M27528201T,FURN-000970,sherbim,30
FAT-0001907,INST-0089-2601907,ANG-0000962,True,NIVF-6949343636,2026-05-04,2026-05-04,72352.07,pranuar,E_Vleftesuar,Miratuar,Po,R_Kaloi,2026-05-07,,K41315003J,FURN-001847,sherbim,30
FAT-0001908,INST-0089-2601908,ANG-0000962,True,NIVF-6329617486,2026-06-20,2026-06-20,3065.17,pranuar,E_Vleftesuar,Miratuar,Po,R_Kaloi,2026-06-23,,K41315003J,FURN-001847,sherbim,30
FAT-0001909,INST-0089-2601909,ANG-0000962,True,NIVF-7088554816,2026-07-24,2026-07-26,274582.76,refuzuar,Kerkon_Rivleftesim,Refuzuar,Jo,,2026-08-03,Fiskalizim i pavlefshëm,K41315003J,FURN-001847,sherbim,30
FAT-0001910,INST-0404-2601910,ANG-0000963,True,NIVF-7203924558,2026-05-08,2026-05-08,8488.05,pranuar,E_Vleftesuar,Miratuar,Po,R_Kaloi,2026-05-11,,K71616042A,FURN-000801,mall,30
FAT-0001911,INST-0404-2601911,ANG-0000963,True,NIVF-9456851525,2026-06-28,2026-06-28,4556.71,pranuar,E_Vleftesuar,Miratuar,Po,R_Kaloi,2026-07-07,,K71616042A,FURN-000801,mall,30
FAT-0001912,INST-0404-2601912,ANG-0000963,True,NIVF-4101580368,2026-08-23,2026-08-24,955.24,pranuar,E_Vleftesuar,Miratuar,Po,R_Kaloi,2026-08-31,,K71616042A,FURN-000801,mall,30
FAT-0001913,INST-0585-2601913,ANG-0000964,True,NIVF-3491475788,2026-05-10,2026-05-11,70000.0,pranuar,E_Vleftesuar,Miratuar,Po,R_Kaloi,2026-05-13,,L81325026K,FURN-000749,sherbim,30
FAT-0001914,INST-0157-2601914,ANG-0000965,True,NIVF-6338131658,2026-05-08,2026-05-11,20873.2,pranuar,E_Vleftesuar,Miratuar,Po,R_Kaloi,2026-05-20,,M32113053I,FURN-001186,pune,30
FAT-0001915,INST-0157-2601915,ANG-0000965,True,NIVF-9150429023,2026-07-01,2026-07-02,54918.33,pranuar,E_Vleftesuar,Miratuar,Po,R_Kaloi,2026-07-03,,M32113053I,FURN-001186,pune,30
FAT-0001916,INST-0157-2601916,ANG-0000965,True,NIVF-8924098506,2026-08-10,2026-08-14,766308.47,pranuar,E_Vleftesuar,Miratuar,Po,R_Kaloi,2026-08-15,,M32113053I,FURN-001186,pune,30
FAT-0001917,INST-0621-2601917,ANG-0000966,True,NIVF-2259469875,2026-05-06,2026-05-07,1420000.0,pranuar,E_Vleftesuar,Miratuar,Po,R_Kaloi,2026-05-14,,M44225001C,FURN-001300,mall,30
FAT-0001918,INST-0621-2601918,ANG-0000967,True,NIVF-6280024875,2026-05-02,2026-05-02,91747.24,pranuar,E_Vleftesuar,Miratuar,Po,R_Kaloi,2026-05-04,,J71826005F,FURN-000944,mall,30
FAT-0001919,INST-0621-2601919,ANG-0000967,True,NIVF-5187161972,2026-06-17,2026-06-21,109042.76,refuzuar,Kerkon_Rivleftesim,Refuzuar,Jo,,2026-06-25,Mospërputhje me kontratën,J71826005F,FURN-000944,mall,30
FAT-0001920,INST-0621-2601920,ANG-0000968,True,NIVF-4770109744,2026-05-08,2026-05-12,200627.12,pranuar,E_Vleftesuar,Miratuar,Po,R_Kaloi,2026-05-18,,L01322018T,FURN-000401,mall,30
FAT-0001921,INST-0621-2601921,ANG-0000968,True,NIVF-5044064600,2026-06-14,2026-06-18,86027.88,pranuar,E_Vleftesuar,Miratuar,Po,R_Kaloi,2026-06-24,,L01322018T,FURN-000401,mall,30
FAT-0001922,INST-0621-2601922,ANG-0000969,True,NIVF-3008808507,2026-05-05,2026-05-06,83216.84,pranuar,E_Vleftesuar,Miratuar,Po,R_Kaloi,2026-05-15,,J71826005F,FURN-000944,mall,30
FAT-0001923,INST-0621-2601923,ANG-0000969,True,NIVF-8333761466,2026-06-12,2026-06-15,121201.16,pranuar,E_Vleftesuar,Miratuar,Po,R_Kaloi,2026-06-16,,J71826005F,FURN-000944,mall,30
FAT-0001924,INST-0621-2601924,ANG-0000970,True,NIVF-9499117062,2026-04-30,2026-05-04,118605.0,pranuar,E_Vleftesuar,Miratuar,Po,R_Kaloi,2026-05-06,,L12107043O,FURN-000120,mall,30
FAT-0001925,INST-0621-2601925,ANG-0000971,True,NIVF-5278722018,2026-05-09,2026-05-12,219441.0,pranuar,E_Vleftesuar,Miratuar,Po,R_Kaloi,2026-05-20,,L01322018T,FURN-000401,mall,30
FAT-0001926,INST-1002-2601926,ANG-0000972,True,NIVF-7751206094,2026-05-01,2026-05-02,33524.9,pranuar,E_Vleftesuar,Miratuar,Po,R_Kaloi,2026-05-05,,K72228008B,FURN-000444,sherbim,30
FAT-0001927,INST-1002-2601927,ANG-0000972,True,NIVF-1431082556,2026-06-20,2026-06-24,5314.43,pranuar,E_Vleftesuar,Miratuar,Po,R_Kaloi,2026-06-28,,K72228008B,FURN-000444,sherbim,30
FAT-0001928,INST-1002-2601928,ANG-0000972,True,NIVF-1137620653,2026-07-15,2026-07-17,10295.08,pranuar,E_Vleftesuar,Miratuar,Po,R_Kaloi,2026-07-20,,K72228008B,FURN-000444,sherbim,30
FAT-0001929,INST-1002-2601929,ANG-0000973,True,NIVF-4734011191,2026-05-10,2026-05-10,1200.92,pranuar,E_Vleftesuar,Miratuar,Po,R_Kaloi,2026-05-15,,K62202046U,FURN-000341,sherbim,30
FAT-0001930,INST-1002-2601930,ANG-0000973,True,NIVF-3566543001,2026-06-24,2026-06-27,33599.08,pranuar,E_Vleftesuar,Miratuar,Po,R_Kaloi,2026-06-29,,K62202046U,FURN-000341,sherbim,30
FAT-0001931,INST-0565-2601931,ANG-0000974,True,NIVF-7389968188,2026-05-12,2026-05-16,54066.52,refuzuar,Kerkon_Rivleftesim,Refuzuar,Jo,,2026-05-20,Gabim në shumën e faturuar,L62311016C,FURN-000133,mall,30
FAT-0001932,INST-0565-2601932,ANG-0000974,True,NIVF-8397756002,2026-06-05,2026-06-07,10933.48,pranuar,E_Vleftesuar,Miratuar,Po,R_Kaloi,2026-06-15,,L62311016C,FURN-000133,mall,30
FAT-0001933,INST-0148-2601933,ANG-0000975,True,NIVF-7532261828,2026-05-06,2026-05-07,1572487.45,refuzuar,Kerkon_Rivleftesim,Refuzuar,Jo,,2026-05-14,Mungesë dokumentacioni mbështetës,K76926201W,FURN-000292,sherbim,30
FAT-0001934,INST-0148-2601934,ANG-0000975,True,NIVF-3329260801,2026-06-02,2026-06-03,217512.55,pranuar,E_Vleftesuar,Miratuar,Po,R_Kaloi,2026-06-06,,K76926201W,FURN-000292,sherbim,30
FAT-0001935,INST-0654-2601935,ANG-0000976,True,NIVF-4570212029,2026-04-29,2026-05-02,3480.1,pranuar,E_Vleftesuar,Miratuar,Po,R_Kaloi,2026-05-10,,K41420001V,FURN-000016,mall,30
FAT-0001936,INST-0654-2601936,ANG-0000976,True,NIVF-9492727161,2026-06-25,2026-06-25,5709.9,pranuar,E_Vleftesuar,Miratuar,Po,R_Kaloi,2026-06-26,,K41420001V,FURN-000016,mall,30
FAT-0001937,INST-0621-2601937,ANG-0000977,True,NIVF-1159246856,2026-05-09,2026-05-10,97000.0,pranuar,E_Vleftesuar,Miratuar,Po,R_Kaloi,2026-05-18,,L51330015R,FURN-001333,mall,30
FAT-0001938,INST-1002-2601938,ANG-0000978,True,NIVF-9824662277,2026-05-10,2026-05-13,12815.56,pranuar,E_Vleftesuar,Miratuar,Po,R_Kaloi,2026-05-22,,L62113033T,FURN-000699,sherbim,30
FAT-0001939,INST-1002-2601939,ANG-0000978,True,NIVF-3381452208,2026-06-24,2026-06-27,76087.52,pranuar,E_Vleftesuar,Miratuar,Po,R_Kaloi,2026-07-03,,L62113033T,FURN-000699,sherbim,30
FAT-0001940,INST-1002-2601940,ANG-0000978,True,NIVF-1620159157,2026-07-16,2026-07-17,1096.92,pranuar,E_Vleftesuar,Miratuar,Po,R_Kaloi,2026-07-22,,L62113033T,FURN-000699,sherbim,30
FAT-0001941,INST-0934-2601941,ANG-0000979,True,NIVF-7766528194,2026-05-13,2026-05-16,4047.83,pranuar,E_Vleftesuar,Miratuar,Po,R_Kaloi,2026-05-19,,K31503045V,FURN-000036,sherbim,30
FAT-0001942,INST-0934-2601942,ANG-0000979,True,NIVF-1707104178,2026-06-03,2026-06-05,3185.2,pranuar,E_Vleftesuar,Miratuar,Po,R_Kaloi,2026-06-11,,K31503045V,FURN-000036,sherbim,30
FAT-0001943,INST-0934-2601943,ANG-0000979,True,NIVF-6217617768,2026-06-27,2026-07-01,1028.98,pranuar,E_Vleftesuar,Miratuar,Po,R_Kaloi,2026-07-04,,K31503045V,FURN-000036,sherbim,30
FAT-0001944,INST-0102-2601944,ANG-0000980,True,NIVF-9696649959,2026-05-05,2026-05-09,98000.0,pranuar,E_Vleftesuar,Miratuar,Po,R_Kaloi,2026-05-15,,L51714014K,FURN-000705,mall,30
FAT-0001945,INST-0135-2601945,ANG-0000981,True,NIVF-5740843952,2026-05-04,2026-05-06,0.0,pranuar,E_Vleftesuar,Miratuar,Po,R_Kaloi,2026-05-12,,,,mall,30
FAT-0001946,INST-0135-2601946,ANG-0000981,True,NIVF-8868840574,2026-06-10,2026-06-10,0.0,pranuar,E_Vleftesuar,Miratuar,Po,R_Kaloi,2026-06-14,,,,mall,30
FAT-0001947,INST-0665-2601947,ANG-0000982,True,NIVF-9912031458,2026-05-02,2026-05-05,18580.18,pranuar,E_Vleftesuar,Miratuar,Po,R_Kaloi,2026-05-09,,L82216026K,FURN-000809,mall,30
FAT-0001948,INST-0665-2601948,ANG-0000982,True,NIVF-2255010188,2026-05-28,2026-05-28,10224.53,pranuar,E_Vleftesuar,Miratuar,Po,R_Kaloi,2026-05-29,,L82216026K,FURN-000809,mall,30
FAT-0001949,INST-0665-2601949,ANG-0000982,True,NIVF-5266786872,2026-07-19,2026-07-19,4528.29,refuzuar,Kerkon_Rivleftesim,Refuzuar,Jo,,2026-07-22,Gabim në shumën e faturuar,L82216026K,FURN-000809,mall,30
FAT-0001950,INST-0621-2601950,ANG-0000983,True,NIVF-7101539423,2026-05-05,2026-05-07,170219.44,pranuar,E_Vleftesuar,Miratuar,Po,R_Kaloi,2026-05-14,,K61516506H,FURN-000388,mall,30
FAT-0001951,INST-0621-2601951,ANG-0000983,True,NIVF-5086909019,2026-06-17,2026-06-20,379780.56,pranuar,E_Vleftesuar,Miratuar,Po,R_Kaloi,2026-06-24,,K61516506H,FURN-000388,mall,30
FAT-0001952,INST-0535-2601952,ANG-0000984,True,NIVF-1193709936,2026-04-29,2026-04-29,297000.0,pranuar,E_Vleftesuar,Miratuar,Po,R_Kaloi,2026-05-06,,J61901194M,FURN-000348,mall,30
FAT-0001953,INST-0621-2601953,ANG-0000985,True,NIVF-2224984511,2026-05-07,2026-05-11,76374.19,pranuar,E_Vleftesuar,Miratuar,Po,R_Kaloi,2026-05-18,,L56306204T,FURN-001444,mall,30
FAT-0001954,INST-0621-2601954,ANG-0000985,True,NIVF-6711071144,2026-06-02,2026-06-02,23625.81,pranuar,E_Vleftesuar,Miratuar,Po,R_Kaloi,2026-06-07,,L56306204T,FURN-001444,mall,30
FAT-0001955,INST-0621-2601955,ANG-0000986,True,NIVF-3231292406,2026-05-07,2026-05-08,55000.0,pranuar,E_Vleftesuar,Miratuar,Po,R_Kaloi,2026-05-17,,K66503204K,FURN-000290,mall,30
FAT-0001956,INST-0621-2601956,ANG-0000987,True,NIVF-1258059620,2026-05-06,2026-05-07,15304.74,pranuar,E_Vleftesuar,Miratuar,Po,R_Kaloi,2026-05-13,,K32718419B,FURN-001335,mall,30
FAT-0001957,INST-0621-2601957,ANG-0000987,True,NIVF-3348279977,2026-05-28,2026-05-29,41807.03,pranuar,E_Vleftesuar,Miratuar,Po,R_Kaloi,2026-06-01,,K32718419B,FURN-001335,mall,30
FAT-0001958,INST-0621-2601958,ANG-0000987,True,NIVF-5096084107,2026-07-24,2026-07-26,41230.23,refuzuar,Kerkon_Rivleftesim,Refuzuar,Jo,,2026-07-27,Gabim në shumën e faturuar,K32718419B,FURN-001335,mall,30
FAT-0001959,INST-0621-2601959,ANG-0000988,True,NIVF-7542159034,2026-05-01,2026-05-04,71033.28,pranuar,E_Vleftesuar,Miratuar,Po,R_Kaloi,2026-05-13,,L24302003S,FURN-000585,mall,30
FAT-0001960,INST-0621-2601960,ANG-0000988,True,NIVF-2814116905,2026-06-02,2026-06-06,18837.02,pranuar,E_Vleftesuar,Miratuar,Po,R_Kaloi,2026-06-13,,L24302003S,FURN-000585,mall,30
FAT-0001961,INST-0621-2601961,ANG-0000989,True,NIVF-6792630586,2026-05-08,2026-05-12,53602.04,pranuar,E_Vleftesuar,Miratuar,Po,R_Kaloi,2026-05-21,,M34320803U,FURN-001749,sherbim,30
FAT-0001962,INST-0621-2601962,ANG-0000989,True,NIVF-4347294344,2026-06-08,2026-06-08,10891.08,refuzuar,Kerkon_Rivleftesim,Refuzuar,Jo,,2026-06-12,Gabim në shumën e faturuar,M34320803U,FURN-001749,sherbim,30
FAT-0001963,INST-0621-2601963,ANG-0000989,True,NIVF-6775465299,2026-08-01,2026-08-05,48172.88,pranuar,E_Vleftesuar,Miratuar,Po,R_Kaloi,2026-08-08,,M34320803U,FURN-001749,sherbim,30
FAT-0001964,INST-0578-2601964,ANG-0000990,True,NIVF-8642098331,2026-05-09,2026-05-13,22803.35,pranuar,E_Vleftesuar,Miratuar,Po,R_Kaloi,2026-05-18,,L13718404B,FURN-001181,mall,30
FAT-0001965,INST-0578-2601965,ANG-0000990,True,NIVF-2442582800,2026-06-15,2026-06-15,12702.26,pranuar,E_Vleftesuar,Miratuar,Po,R_Kaloi,2026-06-18,,L13718404B,FURN-001181,mall,30
FAT-0001966,INST-0578-2601966,ANG-0000990,True,NIVF-4354326850,2026-07-19,2026-07-21,5444.39,pranuar,E_Vleftesuar,Miratuar,Po,R_Kaloi,2026-07-27,,L13718404B,FURN-001181,mall,30
FAT-0001967,INST-0957-2601967,ANG-0000991,True,NIVF-2156764793,2026-05-02,2026-05-06,74160.03,refuzuar,Kerkon_Rivleftesim,Refuzuar,Jo,,2026-05-12,Gabim në shumën e faturuar,J81921001V,FURN-001409,sherbim,30
FAT-0001968,INST-0957-2601968,ANG-0000991,True,NIVF-8542476750,2026-06-15,2026-06-18,20339.97,pranuar,E_Vleftesuar,Miratuar,Po,R_Kaloi,2026-06-21,,J81921001V,FURN-001409,sherbim,30
FAT-0001969,INST-0961-2601969,ANG-0000992,True,NIVF-1293824752,2026-05-13,2026-05-13,227916.3,pranuar,E_Vleftesuar,Miratuar,Po,R_Kaloi,2026-05-16,,K31503024W,FURN-000671,pune,30
FAT-0001970,INST-0961-2601970,ANG-0000992,True,NIVF-3034383072,2026-06-20,2026-06-23,52083.7,refuzuar,Kerkon_Rivleftesim,Refuzuar,Jo,,2026-06-27,Mospërputhje me kontratën,K31503024W,FURN-000671,pune,30
FAT-0001971,INST-0332-2601971,ANG-0000993,True,NIVF-9134029126,2026-05-15,2026-05-18,7374.29,pranuar,E_Vleftesuar,Miratuar,Po,R_Kaloi,2026-05-23,,K61516506H,FURN-000388,sherbim,30
FAT-0001972,INST-0332-2601972,ANG-0000993,True,NIVF-2491473963,2026-07-03,2026-07-07,2399.6,pranuar,E_Vleftesuar,Miratuar,Po,R_Kaloi,2026-07-11,,K61516506H,FURN-000388,sherbim,30
FAT-0001973,INST-0332-2601973,ANG-0000993,True,NIVF-8779479415,2026-08-12,2026-08-15,87426.11,pranuar,E_Vleftesuar,Miratuar,Po,R_Kaloi,2026-08-22,,K61516506H,FURN-000388,sherbim,30
FAT-0001974,INST-0921-2601974,ANG-0000994,True,NIVF-9140860297,2026-05-11,2026-05-11,12954.53,refuzuar,Kerkon_Rivleftesim,Refuzuar,Jo,,2026-05-13,Mungesë dokumentacioni mbështetës,K62320012O,FURN-000162,sherbim,30
FAT-0001975,INST-0921-2601975,ANG-0000994,True,NIVF-5082158439,2026-07-06,2026-07-07,8922.16,pranuar,E_Vleftesuar,Miratuar,Po,R_Kaloi,2026-07-08,,K62320012O,FURN-000162,sherbim,30
FAT-0001976,INST-0921-2601976,ANG-0000994,True,NIVF-3634147518,2026-08-28,2026-09-01,12323.31,pranuar,E_Vleftesuar,Miratuar,Po,R_Kaloi,2026-09-04,,K62320012O,FURN-000162,sherbim,30
FAT-0001977,INST-0430-2601977,ANG-0000995,True,NIVF-5411048245,2026-05-14,2026-05-16,45847.15,pranuar,E_Vleftesuar,Miratuar,Po,R_Kaloi,2026-05-18,,K46524021W,FURN-000178,sherbim,30
FAT-0001978,INST-0430-2601978,ANG-0000995,True,NIVF-6551007084,2026-06-16,2026-06-17,10485.85,pranuar,E_Vleftesuar,Miratuar,Po,R_Kaloi,2026-06-18,,K46524021W,FURN-000178,sherbim,30
FAT-0001979,INST-0126-2601979,ANG-0000996,True,NIVF-4964417875,2026-05-07,2026-05-09,167000.0,refuzuar,Kerkon_Rivleftesim,Refuzuar,Jo,,2026-05-14,Mungesë dokumentacioni mbështetës,L47401203N,FURN-000855,mall,30
FAT-0001980,INST-0563-2601980,ANG-0000997,True,NIVF-8466408865,2026-05-14,2026-05-18,52000.0,pranuar,E_Vleftesuar,Miratuar,Po,R_Kaloi,2026-05-22,,K62320012O,FURN-000162,mall,30
FAT-0001981,INST-0961-2601981,ANG-0000998,True,NIVF-4585118124,2026-05-13,2026-05-15,2929480.0,pranuar,E_Vleftesuar,Miratuar,Po,R_Kaloi,2026-05-21,,M13817805J,FURN-000080,mall,30
FAT-0001982,INST-0136-2601982,ANG-0000999,True,NIVF-5560191671,2026-05-07,2026-05-09,42666.18,pranuar,E_Vleftesuar,Miratuar,Po,R_Kaloi,2026-05-10,,L03114402P,FURN-001414,sherbim,30
FAT-0001983,INST-0136-2601983,ANG-0000999,True,NIVF-8098907929,2026-06-06,2026-06-08,46817.77,pranuar,E_Vleftesuar,Miratuar,Po,R_Kaloi,2026-06-09,,L03114402P,FURN-001414,sherbim,30
FAT-0001984,INST-0136-2601984,ANG-0000999,True,NIVF-7751090836,2026-07-08,2026-07-10,1516.05,refuzuar,Kerkon_Rivleftesim,Refuzuar,Jo,,2026-07-16,Gabim në shumën e faturuar,L03114402P,FURN-001414,sherbim,30
FAT-0001985,INST-0170-2601985,ANG-0001000,True,NIVF-8634764741,2026-05-18,2026-05-18,99000.0,pranuar,E_Vleftesuar,Miratuar,Po,R_Kaloi,2026-05-22,,L42611001I,FURN-000811,pune,30
FAT-0001986,INST-0136-2601986,ANG-0001001,True,NIVF-1228099583,2026-05-10,2026-05-11,2187.94,pranuar,E_Vleftesuar,Miratuar,Po,R_Kaloi,2026-05-18,,K62320012O,FURN-000162,mall,30
FAT-0001987,INST-0136-2601987,ANG-0001001,True,NIVF-3510938811,2026-06-30,2026-07-01,887.66,pranuar,E_Vleftesuar,Miratuar,Po,R_Kaloi,2026-07-03,,K62320012O,FURN-000162,mall,30
FAT-0001988,INST-0136-2601988,ANG-0001001,True,NIVF-5474511208,2026-08-09,2026-08-11,10924.4,pranuar,E_Vleftesuar,Miratuar,Po,R_Kaloi,2026-08-19,,K62320012O,FURN-000162,mall,30
FAT-0001989,INST-0621-2601989,ANG-0001002,True,NIVF-4956969242,2026-05-17,2026-05-21,6109.78,pranuar,E_Vleftesuar,Miratuar,Po,R_Kaloi,2026-05-23,,K62320012O,FURN-000162,sherbim,30
FAT-0001990,INST-0621-2601990,ANG-0001002,True,NIVF-7481869876,2026-06-21,2026-06-22,22890.22,pranuar,E_Vleftesuar,Miratuar,Po,R_Kaloi,2026-06-25,,K62320012O,FURN-000162,sherbim,30
FAT-0001991,INST-0623-2601991,ANG-0001003,True,NIVF-7226247812,2026-05-15,2026-05-16,5352.24,pranuar,E_Vleftesuar,Miratuar,Po,R_Kaloi,2026-05-19,,K62320012O,FURN-000162,sherbim,30
FAT-0001992,INST-0623-2601992,ANG-0001003,True,NIVF-4392509980,2026-06-11,2026-06-11,20413.91,refuzuar,Kerkon_Rivleftesim,Refuzuar,Jo,,2026-06-17,Mospërputhje me kontratën,K62320012O,FURN-000162,sherbim,30
FAT-0001993,INST-0623-2601993,ANG-0001003,True,NIVF-8414535826,2026-07-20,2026-07-22,8433.85,pranuar,E_Vleftesuar,Miratuar,Po,R_Kaloi,2026-07-29,,K62320012O,FURN-000162,sherbim,30
FAT-0001994,INST-0317-2601994,ANG-0001004,True,NIVF-7154020709,2026-05-10,2026-05-10,3373.44,pranuar,E_Vleftesuar,Miratuar,Po,R_Kaloi,2026-05-14,,M43822401E,FURN-001189,pune,30
FAT-0001995,INST-0317-2601995,ANG-0001004,True,NIVF-3059874656,2026-06-29,2026-06-30,41819.22,pranuar,E_Vleftesuar,Miratuar,Po,R_Kaloi,2026-07-07,,M43822401E,FURN-001189,pune,30
FAT-0001996,INST-0317-2601996,ANG-0001004,True,NIVF-6093100677,2026-07-19,2026-07-22,50807.34,pranuar,E_Vleftesuar,Miratuar,Po,R_Kaloi,2026-07-28,,M43822401E,FURN-001189,pune,30
FAT-0001997,INST-0157-2601997,ANG-0001005,True,NIVF-6199343199,2026-05-19,2026-05-23,100000.0,pranuar,E_Vleftesuar,Miratuar,Po,R_Kaloi,2026-05-26,,L62415503B,FURN-000858,mall,30
FAT-0001998,INST-1004-2601998,ANG-0001006,True,NIVF-5433492697,2026-05-17,2026-05-19,378000.0,pranuar,E_Vleftesuar,Miratuar,Po,R_Kaloi,2026-05-20,,K42003004T,FURN-000862,mall,30
FAT-0001999,INST-0131-2601999,ANG-0001007,True,NIVF-7385194452,2026-05-12,2026-05-15,177336.92,pranuar,E_Vleftesuar,Miratuar,Po,R_Kaloi,2026-05-16,,J62903413B,FURN-001580,mall,30
FAT-0002000,INST-0131-2602000,ANG-0001007,True,NIVF-8820716617,2026-07-10,2026-07-12,169663.08,pranuar,E_Vleftesuar,Miratuar,Po,R_Kaloi,2026-07-18,,J62903413B,FURN-001580,mall,30
FAT-0002001,INST-0621-2602001,ANG-0001008,True,NIVF-6742829291,2026-05-11,2026-05-11,66.83,pranuar,E_Vleftesuar,Miratuar,Po,R_Kaloi,2026-05-16,,K66801001T,FURN-000325,sherbim,30
FAT-0002002,INST-0621-2602002,ANG-0001008,True,NIVF-9322879122,2026-06-03,2026-06-07,26.46,pranuar,E_Vleftesuar,Miratuar,Po,R_Kaloi,2026-06-16,,K66801001T,FURN-000325,sherbim,30
FAT-0002003,INST-0621-2602003,ANG-0001008,True,NIVF-5726677685,2026-07-01,2026-07-04,6.61,pranuar,E_Vleftesuar,Miratuar,Po,R_Kaloi,2026-07-09,,K66801001T,FURN-000325,sherbim,30
FAT-0002004,INST-0126-2602004,ANG-0001009,True,NIVF-5359163256,2026-05-06,2026-05-07,14168.83,pranuar,E_Vleftesuar,Miratuar,Po,R_Kaloi,2026-05-14,,M04508201D,FURN-001072,mall,30
FAT-0002005,INST-0126-2602005,ANG-0001009,True,NIVF-2318660542,2026-06-12,2026-06-13,17070.92,pranuar,E_Vleftesuar,Miratuar,Po,R_Kaloi,2026-06-20,,M04508201D,FURN-001072,mall,30
FAT-0002006,INST-0126-2602006,ANG-0001009,True,NIVF-7032335096,2026-07-31,2026-07-31,68760.24,pranuar,E_Vleftesuar,Miratuar,Po,R_Kaloi,2026-08-02,,M04508201D,FURN-001072,mall,30
FAT-0002007,INST-0157-2602007,ANG-0001010,True,NIVF-3167156162,2026-05-08,2026-05-11,100000.0,pranuar,E_Vleftesuar,Miratuar,Po,R_Kaloi,2026-05-18,,M02415002E,FURN-000321,pune,30
FAT-0002008,INST-0621-2602008,ANG-0001011,True,NIVF-7856749158,2026-05-12,2026-05-13,788800.0,pranuar,E_Vleftesuar,Miratuar,Po,R_Kaloi,2026-05-16,,L21420002F,FURN-001524,mall,30
FAT-0002009,INST-0621-2602009,ANG-0001012,True,NIVF-7993880439,2026-05-21,2026-05-23,34898.95,pranuar,E_Vleftesuar,Miratuar,Po,R_Kaloi,2026-05-26,,J72124001N,FURN-000179,sherbim,30
FAT-0002010,INST-0621-2602010,ANG-0001012,True,NIVF-6555922361,2026-06-26,2026-06-28,27101.05,pranuar,E_Vleftesuar,Miratuar,Po,R_Kaloi,2026-07-05,,J72124001N,FURN-000179,sherbim,30
FAT-0002011,INST-0057-2602011,ANG-0001013,True,NIVF-1917056431,2026-05-22,2026-05-25,727000.0,pranuar,E_Vleftesuar,Miratuar,Po,R_Kaloi,2026-06-03,,J62903318M,FURN-000617,sherbim,30
FAT-0002012,INST-0057-2602012,ANG-0001014,True,NIVF-7164747074,2026-05-09,2026-05-11,99800.0,pranuar,E_Vleftesuar,Miratuar,Po,R_Kaloi,2026-05-14,,M61503062Q,FURN-000891,mall,30
FAT-0002013,INST-0621-2602013,ANG-0001015,True,NIVF-7361606951,2026-05-10,2026-05-13,2409609.34,refuzuar,Kerkon_Rivleftesim,Refuzuar,Jo,,2026-05-22,Mungesë dokumentacioni mbështetës,K41926801W,FURN-000316,pune,30
FAT-0002014,INST-0621-2602014,ANG-0001015,True,NIVF-7140269962,2026-06-02,2026-06-04,243152.39,pranuar,E_Vleftesuar,Miratuar,Po,R_Kaloi,2026-06-08,,K41926801W,FURN-000316,pune,30
FAT-0002015,INST-0621-2602015,ANG-0001015,True,NIVF-1853392580,2026-07-28,2026-07-31,309238.27,pranuar,E_Vleftesuar,Miratuar,Po,R_Kaloi,2026-08-05,,K41926801W,FURN-000316,pune,30
FAT-0002016,INST-0146-2602016,ANG-0001016,True,NIVF-5664579539,2026-05-15,2026-05-17,66800.0,pranuar,E_Vleftesuar,Miratuar,Po,R_Kaloi,2026-05-22,,M02012007R,FURN-001592,pune,30
FAT-0002017,INST-0118-2602017,ANG-0001017,True,NIVF-2411858392,2026-05-20,2026-05-22,130500.0,pranuar,E_Vleftesuar,Miratuar,Po,R_Kaloi,2026-05-29,,K21405001N,FURN-000404,pune,30
FAT-0002018,INST-0337-2602018,ANG-0001018,True,NIVF-5645904760,2026-05-09,2026-05-10,100058361.44,pranuar,E_Vleftesuar,Miratuar,Po,R_Kaloi,2026-05-12,,K81608040O,FURN-001573,mall,30
FAT-0002019,INST-0337-2602019,ANG-0001018,True,NIVF-8543863754,2026-07-07,2026-07-08,39898811.75,pranuar,E_Vleftesuar,Miratuar,Po,R_Kaloi,2026-07-13,,K81608040O,FURN-001573,mall,30
FAT-0002020,INST-0565-2602020,ANG-0001019,True,NIVF-5239572118,2026-05-21,2026-05-25,938520.0,pranuar,E_Vleftesuar,Miratuar,Po,R_Kaloi,2026-05-27,,L92605407J,FURN-000544,mall,30
FAT-0002021,INST-0621-2602021,ANG-0001020,True,NIVF-5144661658,2026-05-10,2026-05-10,218588.63,pranuar,E_Vleftesuar,Miratuar,Po,R_Kaloi,2026-05-14,,J71424020D,FURN-000827,mall,30
FAT-0002022,INST-0621-2602022,ANG-0001020,True,NIVF-5789190011,2026-06-03,2026-06-05,474411.37,pranuar,E_Vleftesuar,Miratuar,Po,R_Kaloi,2026-06-11,,J71424020D,FURN-000827,mall,30
FAT-0002023,INST-0122-2602023,ANG-0001021,True,NIVF-5582966850,2026-05-19,2026-05-21,100000.0,pranuar,E_Vleftesuar,Miratuar,Po,R_Kaloi,2026-05-23,,K31908022U,FURN-000075,mall,30
FAT-0002024,INST-0134-2602024,ANG-0001022,True,NIVF-4603280259,2026-05-23,2026-05-25,100000.0,pranuar,E_Vleftesuar,Miratuar,Po,R_Kaloi,2026-05-31,,M52311020H,FURN-000213,sherbim,30
FAT-0002025,INST-0337-2602025,ANG-0001023,True,NIVF-6616782219,2026-05-19,2026-05-19,58622.82,pranuar,E_Vleftesuar,Miratuar,Po,R_Kaloi,2026-05-26,,M12127026K,FURN-000085,mall,30
FAT-0002026,INST-0337-2602026,ANG-0001023,True,NIVF-1973505648,2026-06-15,2026-06-18,41377.18,pranuar,E_Vleftesuar,Miratuar,Po,R_Kaloi,2026-06-21,,M12127026K,FURN-000085,mall,30
FAT-0002027,INST-0621-2602027,ANG-0001024,True,NIVF-2205510431,2026-05-15,2026-05-19,295518.96,pranuar,E_Vleftesuar,Miratuar,Po,R_Kaloi,2026-05-22,,M51819020O,FURN-000603,sherbim,30
FAT-0002028,INST-0621-2602028,ANG-0001025,True,NIVF-7976322246,2026-05-15,2026-05-17,15500.0,refuzuar,Kerkon_Rivleftesim,Refuzuar,Jo,,2026-05-25,Mungesë dokumentacioni mbështetës,K62320012O,FURN-000162,sherbim,30
FAT-0002029,INST-0621-2602029,ANG-0001026,True,NIVF-5962132016,2026-05-10,2026-05-10,13513.45,refuzuar,Kerkon_Rivleftesim,Refuzuar,Jo,,2026-05-13,Fiskalizim i pavlefshëm,K62320012O,FURN-000162,sherbim,30
FAT-0002030,INST-0621-2602030,ANG-0001026,True,NIVF-2842274937,2026-06-14,2026-06-18,4986.55,pranuar,E_Vleftesuar,Miratuar,Po,R_Kaloi,2026-06-23,,K62320012O,FURN-000162,sherbim,30
FAT-0002031,INST-0102-2602031,ANG-0001027,True,NIVF-2888469371,2026-05-15,2026-05-19,655.73,pranuar,E_Vleftesuar,Miratuar,Po,R_Kaloi,2026-05-25,,K62320012O,FURN-000162,sherbim,30
FAT-0002032,INST-0102-2602032,ANG-0001027,True,NIVF-3479357039,2026-06-25,2026-06-27,2844.27,pranuar,E_Vleftesuar,Miratuar,Po,R_Kaloi,2026-07-03,,K62320012O,FURN-000162,sherbim,30
FAT-0002033,INST-0579-2602033,ANG-0001028,True,NIVF-2203672337,2026-05-10,2026-05-11,99900.0,pranuar,E_Vleftesuar,Miratuar,Po,R_Kaloi,2026-05-18,,M21318047P,FURN-001260,mall,30
FAT-0002034,INST-0144-2602034,ANG-0001029,True,NIVF-2138785952,2026-05-16,2026-05-19,92023.22,pranuar,E_Vleftesuar,Miratuar,Po,R_Kaloi,2026-05-23,,M04705801H,FURN-001399,mall,30
FAT-0002035,INST-0144-2602035,ANG-0001029,True,NIVF-6854752480,2026-07-14,2026-07-14,6409.78,pranuar,E_Vleftesuar,Miratuar,Po,R_Kaloi,2026-07-23,,M04705801H,FURN-001399,mall,30
FAT-0002036,INST-0621-2602036,ANG-0001030,True,NIVF-8548599667,2026-05-23,2026-05-26,28825.18,pranuar,E_Vleftesuar,Miratuar,Po,R_Kaloi,2026-06-02,,M52311039R,FURN-000386,mall,30
FAT-0002037,INST-0621-2602037,ANG-0001030,True,NIVF-4475597566,2026-06-15,2026-06-18,171129.82,pranuar,E_Vleftesuar,Miratuar,Po,R_Kaloi,2026-06-24,,M52311039R,FURN-000386,mall,30
FAT-0002038,INST-0496-2602038,ANG-0001031,True,NIVF-4079841605,2026-05-10,2026-05-10,90827.38,pranuar,E_Vleftesuar,Miratuar,Po,R_Kaloi,2026-05-11,,L93403601F,FURN-001428,mall,30
FAT-0002039,INST-0496-2602039,ANG-0001031,True,NIVF-7444122029,2026-06-13,2026-06-15,731517.66,pranuar,E_Vleftesuar,Miratuar,Po,R_Kaloi,2026-06-24,,L93403601F,FURN-001428,mall,30
FAT-0002040,INST-0496-2602040,ANG-0001031,True,NIVF-2954426485,2026-07-30,2026-08-03,455654.95,pranuar,E_Vleftesuar,Miratuar,Po,R_Kaloi,2026-08-05,,L93403601F,FURN-001428,mall,30
FAT-0002041,INST-0148-2602041,ANG-0001032,True,NIVF-6380625758,2026-05-19,2026-05-20,6450685.0,pranuar,E_Vleftesuar,Miratuar,Po,R_Kaloi,2026-05-28,,K51408016J,FURN-000258,pune,30
FAT-0002042,INST-0148-2602042,ANG-0001033,True,NIVF-4021388618,2026-05-23,2026-05-26,405891.91,pranuar,E_Vleftesuar,Miratuar,Po,R_Kaloi,2026-05-31,,J91809007H,FURN-000028,pune,30
FAT-0002043,INST-0148-2602043,ANG-0001033,True,NIVF-3626928226,2026-06-22,2026-06-24,569208.09,pranuar,E_Vleftesuar,Miratuar,Po,R_Kaloi,2026-07-02,,J91809007H,FURN-000028,pune,30
FAT-0002044,INST-0566-2602044,ANG-0001034,True,NIVF-2997943103,2026-05-20,2026-05-20,2766.38,pranuar,E_Vleftesuar,Miratuar,Po,R_Kaloi,2026-05-24,,M01816021C,FURN-000996,mall,30
FAT-0002045,INST-0566-2602045,ANG-0001034,True,NIVF-3696863292,2026-07-14,2026-07-14,8826.42,pranuar,E_Vleftesuar,Miratuar,Po,R_Kaloi,2026-07-20,,M01816021C,FURN-000996,mall,30
FAT-0002046,INST-0566-2602046,ANG-0001034,True,NIVF-4516478852,2026-08-18,2026-08-18,3707.21,pranuar,E_Vleftesuar,Miratuar,Po,R_Kaloi,2026-08-23,,M01816021C,FURN-000996,mall,30
FAT-0002047,INST-0172-2602047,ANG-0001035,True,NIVF-1625870221,2026-05-10,2026-05-12,866800.0,pranuar,E_Vleftesuar,Miratuar,Po,R_Kaloi,2026-05-16,,K26625601E,FURN-001465,sherbim,30
FAT-0002048,INST-0172-2602048,ANG-0001036,True,NIVF-8516379446,2026-05-14,2026-05-14,200000.0,pranuar,E_Vleftesuar,Miratuar,Po,R_Kaloi,2026-05-17,,M66624209A,FURN-001469,sherbim,30
FAT-0002049,INST-0172-2602049,ANG-0001037,True,NIVF-6591878198,2026-05-14,2026-05-16,80798.32,refuzuar,Kerkon_Rivleftesim,Refuzuar,Jo,,2026-05-25,Fiskalizim i pavlefshëm,J72124001N,FURN-000179,sherbim,30
FAT-0002050,INST-0172-2602050,ANG-0001037,True,NIVF-4817884808,2026-07-12,2026-07-12,14542.43,refuzuar,Kerkon_Rivleftesim,Refuzuar,Jo,,2026-07-17,Mospërputhje me kontratën,J72124001N,FURN-000179,sherbim,30
FAT-0002051,INST-0172-2602051,ANG-0001037,True,NIVF-4391595406,2026-08-11,2026-08-14,4659.25,pranuar,E_Vleftesuar,Miratuar,Po,R_Kaloi,2026-08-23,,J72124001N,FURN-000179,sherbim,30
FAT-0002052,INST-0172-2602052,ANG-0001038,True,NIVF-3703550659,2026-05-21,2026-05-25,298.35,pranuar,E_Vleftesuar,Miratuar,Po,R_Kaloi,2026-05-26,,L01717030C,FURN-000490,sherbim,30
FAT-0002053,INST-0172-2602053,ANG-0001038,True,NIVF-9926889801,2026-06-27,2026-06-29,1371.08,pranuar,E_Vleftesuar,Miratuar,Po,R_Kaloi,2026-06-30,,L01717030C,FURN-000490,sherbim,30
FAT-0002054,INST-0172-2602054,ANG-0001038,True,NIVF-1295026804,2026-07-19,2026-07-22,22649.06,pranuar,E_Vleftesuar,Miratuar,Po,R_Kaloi,2026-07-29,,L01717030C,FURN-000490,sherbim,30
FAT-0002055,INST-0083-2602055,ANG-0001039,True,NIVF-6818176635,2026-05-17,2026-05-20,26425.69,pranuar,E_Vleftesuar,Miratuar,Po,R_Kaloi,2026-05-28,,K42108801C,FURN-000106,sherbim,30
FAT-0002056,INST-0083-2602056,ANG-0001039,True,NIVF-9498476858,2026-07-04,2026-07-06,2695.23,pranuar,E_Vleftesuar,Miratuar,Po,R_Kaloi,2026-07-14,,K42108801C,FURN-000106,sherbim,30
FAT-0002057,INST-0083-2602057,ANG-0001039,True,NIVF-2212864164,2026-08-06,2026-08-06,876.08,pranuar,E_Vleftesuar,Miratuar,Po,R_Kaloi,2026-08-13,,K42108801C,FURN-000106,sherbim,30
FAT-0002058,INST-0569-2602058,ANG-0001040,True,NIVF-5771530556,2026-05-12,2026-05-16,99872.0,refuzuar,Kerkon_Rivleftesim,Refuzuar,Jo,,2026-05-18,Mospërputhje me kontratën,L47307701I,FURN-000863,mall,30
FAT-0002059,INST-0124-2602059,ANG-0001041,True,NIVF-2668365462,2026-05-20,2026-05-24,81010.5,pranuar,E_Vleftesuar,Miratuar,Po,R_Kaloi,2026-05-27,,K33715699K,FURN-000640,mall,30
FAT-0002060,INST-0124-2602060,ANG-0001041,True,NIVF-2349179246,2026-07-18,2026-07-21,38989.5,pranuar,E_Vleftesuar,Miratuar,Po,R_Kaloi,2026-07-27,,K33715699K,FURN-000640,mall,30
FAT-0002061,INST-0364-2602061,ANG-0001042,True,NIVF-1112753569,2026-05-12,2026-05-16,350000.0,pranuar,E_Vleftesuar,Miratuar,Po,R_Kaloi,2026-05-17,,J61901094G,FURN-001470,mall,30
FAT-0002062,INST-0148-2602062,ANG-0001043,True,NIVF-2923261414,2026-05-19,2026-05-21,4160.74,pranuar,E_Vleftesuar,Miratuar,Po,R_Kaloi,2026-05-26,,L82007020D,FURN-000513,pune,30
FAT-0002063,INST-0148-2602063,ANG-0001043,True,NIVF-5104610029,2026-06-18,2026-06-21,24570.13,refuzuar,Kerkon_Rivleftesim,Refuzuar,Jo,,2026-06-23,Mospërputhje me kontratën,L82007020D,FURN-000513,pune,30
FAT-0002064,INST-0148-2602064,ANG-0001043,True,NIVF-7074169334,2026-07-18,2026-07-20,4269.12,pranuar,E_Vleftesuar,Miratuar,Po,R_Kaloi,2026-07-26,,L82007020D,FURN-000513,pune,30
FAT-0002065,INST-0148-2602065,ANG-0001044,True,NIVF-6063790719,2026-05-20,2026-05-23,7583695.41,pranuar,E_Vleftesuar,Miratuar,Po,R_Kaloi,2026-05-30,,K71707007Q,FURN-000160,pune,30
FAT-0002066,INST-0148-2602066,ANG-0001044,True,NIVF-4177366883,2026-07-05,2026-07-07,5896304.59,pranuar,E_Vleftesuar,Miratuar,Po,R_Kaloi,2026-07-10,,K71707007Q,FURN-000160,pune,30
FAT-0002067,INST-0148-2602067,ANG-0001045,True,NIVF-6738603517,2026-05-19,2026-05-21,104166.5,pranuar,E_Vleftesuar,Miratuar,Po,R_Kaloi,2026-05-28,,M46915401B,FURN-000825,pune,30
FAT-0002068,INST-0172-2602068,ANG-0001046,True,NIVF-1712847552,2026-05-14,2026-05-18,54658.57,pranuar,E_Vleftesuar,Miratuar,Po,R_Kaloi,2026-05-27,,L01606034A,FURN-000056,mall,30
FAT-0002069,INST-0172-2602069,ANG-0001046,True,NIVF-5348451746,2026-06-15,2026-06-18,5893.89,pranuar,E_Vleftesuar,Miratuar,Po,R_Kaloi,2026-06-20,,L01606034A,FURN-000056,mall,30
FAT-0002070,INST-0172-2602070,ANG-0001046,True,NIVF-8571185322,2026-07-20,2026-07-24,14447.54,pranuar,E_Vleftesuar,Miratuar,Po,R_Kaloi,2026-07-31,,L01606034A,FURN-000056,mall,30
FAT-0002071,INST-0655-2602071,ANG-0001047,True,NIVF-3118900959,2026-05-18,2026-05-20,4488.11,pranuar,E_Vleftesuar,Miratuar,Po,R_Kaloi,2026-05-28,,J61814110J,FURN-000172,mall,30
FAT-0002072,INST-0655-2602072,ANG-0001047,True,NIVF-1437977238,2026-06-28,2026-06-30,28511.89,pranuar,E_Vleftesuar,Miratuar,Po,R_Kaloi,2026-07-05,,J61814110J,FURN-000172,mall,30
FAT-0002073,INST-0136-2602073,ANG-0001048,True,NIVF-5056178080,2026-05-16,2026-05-17,15300.46,pranuar,E_Vleftesuar,Miratuar,Po,R_Kaloi,2026-05-19,,L01508026P,FURN-000052,mall,30
FAT-0002074,INST-0136-2602074,ANG-0001048,True,NIVF-3245643689,2026-06-13,2026-06-15,112499.54,pranuar,E_Vleftesuar,Miratuar,Po,R_Kaloi,2026-06-23,,L01508026P,FURN-000052,mall,30
FAT-0002075,INST-0569-2602075,ANG-0001049,True,NIVF-7545259507,2026-05-17,2026-05-19,0.0,pranuar,E_Vleftesuar,Miratuar,Po,R_Kaloi,2026-05-25,,,,mall,30
FAT-0002076,INST-0569-2602076,ANG-0001049,True,NIVF-1965721281,2026-06-18,2026-06-19,0.0,pranuar,E_Vleftesuar,Miratuar,Po,R_Kaloi,2026-06-26,,,,mall,30
FAT-0002077,INST-0569-2602077,ANG-0001049,True,NIVF-2897335034,2026-07-26,2026-07-28,0.0,pranuar,E_Vleftesuar,Miratuar,Po,R_Kaloi,2026-08-01,,,,mall,30
FAT-0002078,INST-0148-2602078,ANG-0001050,True,NIVF-3092017637,2026-05-22,2026-05-24,28003.28,pranuar,E_Vleftesuar,Miratuar,Po,R_Kaloi,2026-05-26,,J71907014E,FURN-000621,mall,30
FAT-0002079,INST-0148-2602079,ANG-0001050,True,NIVF-6887250782,2026-06-24,2026-06-26,10520.01,pranuar,E_Vleftesuar,Miratuar,Po,R_Kaloi,2026-07-03,,J71907014E,FURN-000621,mall,30
FAT-0002080,INST-0148-2602080,ANG-0001050,True,NIVF-6174174820,2026-07-18,2026-07-21,128143.38,pranuar,E_Vleftesuar,Miratuar,Po,R_Kaloi,2026-07-30,,J71907014E,FURN-000621,mall,30
FAT-0002081,INST-0148-2602081,ANG-0001051,True,NIVF-7039257559,2026-05-22,2026-05-24,15579.71,pranuar,E_Vleftesuar,Miratuar,Po,R_Kaloi,2026-05-25,,K56511202K,FURN-001224,pune,30
FAT-0002082,INST-0148-2602082,ANG-0001051,True,NIVF-8065046265,2026-06-26,2026-06-29,1313.02,pranuar,E_Vleftesuar,Miratuar,Po,R_Kaloi,2026-07-06,,K56511202K,FURN-001224,pune,30
FAT-0002083,INST-0148-2602083,ANG-0001051,True,NIVF-1393529131,2026-08-14,2026-08-16,4857.27,pranuar,E_Vleftesuar,Miratuar,Po,R_Kaloi,2026-08-21,,K56511202K,FURN-001224,pune,30
FAT-0002084,INST-0574-2602084,ANG-0001052,True,NIVF-3643520291,2026-05-26,2026-05-30,3592.03,pranuar,E_Vleftesuar,Miratuar,Po,R_Kaloi,2026-06-07,,M44805601C,FURN-000546,sherbim,30
FAT-0002085,INST-0574-2602085,ANG-0001052,True,NIVF-4963770775,2026-07-16,2026-07-20,36407.97,pranuar,E_Vleftesuar,Miratuar,Po,R_Kaloi,2026-07-24,,M44805601C,FURN-000546,sherbim,30
FAT-0002086,INST-0098-2602086,ANG-0001053,True,NIVF-8957078577,2026-05-25,2026-05-27,11715015.51,pranuar,E_Vleftesuar,Miratuar,Po,R_Kaloi,2026-06-05,,J61905015B,FURN-000366,mall,30
FAT-0002087,INST-0098-2602087,ANG-0001053,True,NIVF-9103191345,2026-06-24,2026-06-27,4727984.49,refuzuar,Kerkon_Rivleftesim,Refuzuar,Jo,,2026-07-01,Gabim në shumën e faturuar,J61905015B,FURN-000366,mall,30
FAT-0002088,INST-0098-2602088,ANG-0001054,True,NIVF-7417005926,2026-05-24,2026-05-25,306290.06,pranuar,E_Vleftesuar,Miratuar,Po,R_Kaloi,2026-05-31,,M42026032D,FURN-000482,mall,30
FAT-0002089,INST-0098-2602089,ANG-0001054,True,NIVF-8885852673,2026-06-30,2026-07-03,133709.94,pranuar,E_Vleftesuar,Miratuar,Po,R_Kaloi,2026-07-07,,M42026032D,FURN-000482,mall,30
FAT-0002090,INST-0621-2602090,ANG-0001055,True,NIVF-5027672341,2026-05-19,2026-05-22,35537.64,pranuar,E_Vleftesuar,Miratuar,Po,R_Kaloi,2026-05-28,,K32621406F,FURN-000109,sherbim,30
FAT-0002091,INST-0621-2602091,ANG-0001055,True,NIVF-9162769875,2026-07-08,2026-07-11,29893.11,pranuar,E_Vleftesuar,Miratuar,Po,R_Kaloi,2026-07-20,,K32621406F,FURN-000109,sherbim,30
FAT-0002092,INST-0621-2602092,ANG-0001055,True,NIVF-2539376644,2026-08-15,2026-08-16,34469.25,pranuar,E_Vleftesuar,Miratuar,Po,R_Kaloi,2026-08-18,,K32621406F,FURN-000109,sherbim,30
FAT-0002093,INST-0136-2602093,ANG-0001056,True,NIVF-1974782406,2026-05-24,2026-05-26,235119.05,pranuar,E_Vleftesuar,Miratuar,Po,R_Kaloi,2026-05-30,,M01323508C,FURN-001651,mall,30
FAT-0002094,INST-0136-2602094,ANG-0001056,True,NIVF-5007303625,2026-06-30,2026-07-01,459333.03,pranuar,E_Vleftesuar,Miratuar,Po,R_Kaloi,2026-07-02,,M01323508C,FURN-001651,mall,30
FAT-0002095,INST-0136-2602095,ANG-0001056,True,NIVF-4575976705,2026-08-23,2026-08-24,5235547.93,pranuar,E_Vleftesuar,Miratuar,Po,R_Kaloi,2026-09-01,,M01323508C,FURN-001651,mall,30
FAT-0002096,INST-0621-2602096,ANG-0001057,True,NIVF-8338769980,2026-05-13,2026-05-16,3920.0,pranuar,E_Vleftesuar,Miratuar,Po,R_Kaloi,2026-05-17,,J61814028F,FURN-000068,mall,30
FAT-0002097,INST-0624-2602097,ANG-0001058,True,NIVF-3429554630,2026-05-14,2026-05-17,626987.72,pranuar,E_Vleftesuar,Miratuar,Po,R_Kaloi,2026-05-24,,K41510041C,FURN-000620,sherbim,30
FAT-0002098,INST-0624-2602098,ANG-0001058,True,NIVF-9592373097,2026-06-06,2026-06-10,106934.47,pranuar,E_Vleftesuar,Miratuar,Po,R_Kaloi,2026-06-13,,K41510041C,FURN-000620,sherbim,30
FAT-0002099,INST-0624-2602099,ANG-0001058,True,NIVF-9010883488,2026-07-02,2026-07-05,82077.81,pranuar,E_Vleftesuar,Miratuar,Po,R_Kaloi,2026-07-14,,K41510041C,FURN-000620,sherbim,30
FAT-0002100,INST-0126-2602100,ANG-0001059,True,NIVF-3588355128,2026-05-26,2026-05-27,87723.44,pranuar,E_Vleftesuar,Miratuar,Po,R_Kaloi,2026-05-31,,K66801001T,FURN-000325,mall,30
FAT-0002101,INST-0126-2602101,ANG-0001059,True,NIVF-7903182808,2026-07-17,2026-07-19,63107.05,pranuar,E_Vleftesuar,Miratuar,Po,R_Kaloi,2026-07-26,,K66801001T,FURN-000325,mall,30
FAT-0002102,INST-0126-2602102,ANG-0001059,True,NIVF-3562110106,2026-08-12,2026-08-12,11932.51,pranuar,E_Vleftesuar,Miratuar,Po,R_Kaloi,2026-08-21,,K66801001T,FURN-000325,mall,30
FAT-0002103,INST-0242-2602103,ANG-0001060,True,NIVF-2520396574,2026-05-20,2026-05-22,19692.31,refuzuar,Kerkon_Rivleftesim,Refuzuar,Jo,,2026-05-26,Mospërputhje me kontratën,M33506403A,FURN-001302,pune,30
FAT-0002104,INST-0242-2602104,ANG-0001060,True,NIVF-1792897207,2026-07-01,2026-07-02,80307.69,pranuar,E_Vleftesuar,Miratuar,Po,R_Kaloi,2026-07-05,,M33506403A,FURN-001302,pune,30
FAT-0002105,INST-0172-2602105,ANG-0001061,True,NIVF-1996212585,2026-05-21,2026-05-24,23095.0,pranuar,E_Vleftesuar,Miratuar,Po,R_Kaloi,2026-06-01,,K41420001V,FURN-000016,pune,30
FAT-0002106,INST-0621-2602106,ANG-0001062,True,NIVF-1940242657,2026-05-14,2026-05-17,10000.0,pranuar,E_Vleftesuar,Miratuar,Po,R_Kaloi,2026-05-26,,K62320012O,FURN-000162,mall,30
FAT-0002107,INST-0915-2602107,ANG-0001063,True,NIVF-5987718094,2026-05-26,2026-05-30,70000.0,pranuar,E_Vleftesuar,Miratuar,Po,R_Kaloi,2026-06-02,,K62320012O,FURN-000162,mall,30
FAT-0002108,INST-0337-2602108,ANG-0001064,True,NIVF-2691103528,2026-05-17,2026-05-21,7428.65,pranuar,E_Vleftesuar,Miratuar,Po,R_Kaloi,2026-05-24,,M52320014I,FURN-001467,mall,30
FAT-0002109,INST-0337-2602109,ANG-0001064,True,NIVF-8198351486,2026-06-07,2026-06-07,84871.35,pranuar,E_Vleftesuar,Miratuar,Po,R_Kaloi,2026-06-11,,M52320014I,FURN-001467,mall,30
FAT-0002110,INST-0579-2602110,ANG-0001065,True,NIVF-7512178427,2026-05-19,2026-05-20,11334.4,pranuar,E_Vleftesuar,Miratuar,Po,R_Kaloi,2026-05-23,,L61424012N,FURN-000975,sherbim,30
FAT-0002111,INST-0579-2602111,ANG-0001065,True,NIVF-3355428116,2026-06-19,2026-06-21,5439.93,pranuar,E_Vleftesuar,Miratuar,Po,R_Kaloi,2026-06-28,,L61424012N,FURN-000975,sherbim,30
FAT-0002112,INST-0579-2602112,ANG-0001065,True,NIVF-3162818400,2026-08-10,2026-08-12,55725.67,pranuar,E_Vleftesuar,Miratuar,Po,R_Kaloi,2026-08-14,,L61424012N,FURN-000975,sherbim,30
FAT-0002113,INST-0141-2602113,ANG-0001066,True,NIVF-9321973728,2026-05-17,2026-05-18,27049.63,pranuar,E_Vleftesuar,Miratuar,Po,R_Kaloi,2026-05-21,,K41420001V,FURN-000016,mall,30
FAT-0002114,INST-0141-2602114,ANG-0001066,True,NIVF-7104134148,2026-07-02,2026-07-06,50350.37,pranuar,E_Vleftesuar,Miratuar,Po,R_Kaloi,2026-07-15,,K41420001V,FURN-000016,mall,30
FAT-0002115,INST-0098-2602115,ANG-0001067,True,NIVF-4546069102,2026-05-27,2026-05-30,115833.1,pranuar,E_Vleftesuar,Miratuar,Po,R_Kaloi,2026-06-04,,J72124001N,FURN-000179,mall,30
FAT-0002116,INST-0098-2602116,ANG-0001067,True,NIVF-2949021329,2026-07-09,2026-07-10,13132.25,pranuar,E_Vleftesuar,Miratuar,Po,R_Kaloi,2026-07-13,,J72124001N,FURN-000179,mall,30
FAT-0002117,INST-0098-2602117,ANG-0001067,True,NIVF-5006687125,2026-09-02,2026-09-04,481037.65,pranuar,E_Vleftesuar,Miratuar,Po,R_Kaloi,2026-09-05,,J72124001N,FURN-000179,mall,30
FAT-0002118,INST-0587-2602118,ANG-0001068,True,NIVF-2764886320,2026-05-27,2026-05-28,221950.78,pranuar,E_Vleftesuar,Miratuar,Po,R_Kaloi,2026-05-31,,L13405401S,FURN-001315,mall,30
FAT-0002119,INST-0587-2602119,ANG-0001068,True,NIVF-2875735743,2026-07-12,2026-07-16,106049.22,refuzuar,Kerkon_Rivleftesim,Refuzuar,Jo,,2026-07-18,Fiskalizim i pavlefshëm,L13405401S,FURN-001315,mall,30
FAT-0002120,INST-0257-2602120,ANG-0001069,True,NIVF-4814013527,2026-05-25,2026-05-27,15430.63,pranuar,E_Vleftesuar,Miratuar,Po,R_Kaloi,2026-05-29,,J91907002G,FURN-001506,sherbim,30
FAT-0002121,INST-0257-2602121,ANG-0001069,True,NIVF-4115739273,2026-07-23,2026-07-23,569.37,pranuar,E_Vleftesuar,Miratuar,Po,R_Kaloi,2026-08-01,,J91907002G,FURN-001506,sherbim,30
FAT-0002122,INST-1011-2602122,ANG-0001070,True,NIVF-6317132391,2026-05-19,2026-05-19,70240.78,refuzuar,Kerkon_Rivleftesim,Refuzuar,Jo,,2026-05-27,Fiskalizim i pavlefshëm,L96611004A,FURN-000077,sherbim,30
FAT-0002123,INST-1011-2602123,ANG-0001070,True,NIVF-6848758265,2026-07-09,2026-07-12,148759.22,pranuar,E_Vleftesuar,Miratuar,Po,R_Kaloi,2026-07-15,,L96611004A,FURN-000077,sherbim,30
FAT-0002124,INST-0621-2602124,ANG-0001071,True,NIVF-5661978733,2026-05-16,2026-05-17,297500.0,refuzuar,Kerkon_Rivleftesim,Refuzuar,Jo,,2026-05-18,Fiskalizim i pavlefshëm,L96611004A,FURN-000077,mall,30
FAT-0002125,INST-0517-2602125,ANG-0001072,True,NIVF-7734159723,2026-05-23,2026-05-24,99750.0,pranuar,E_Vleftesuar,Miratuar,Po,R_Kaloi,2026-05-31,,M51713014G,FURN-001232,pune,30
FAT-0002126,INST-0172-2602126,ANG-0001073,True,NIVF-2561556353,2026-05-26,2026-05-26,177953.39,pranuar,E_Vleftesuar,Miratuar,Po,R_Kaloi,2026-06-01,,M02415002E,FURN-000321,mall,30
FAT-0002127,INST-0172-2602127,ANG-0001073,True,NIVF-3248429583,2026-06-28,2026-06-30,400448.08,pranuar,E_Vleftesuar,Miratuar,Po,R_Kaloi,2026-07-05,,M02415002E,FURN-000321,mall,30
FAT-0002128,INST-0172-2602128,ANG-0001073,True,NIVF-6320555530,2026-08-24,2026-08-24,99398.53,pranuar,E_Vleftesuar,Miratuar,Po,R_Kaloi,2026-08-27,,M02415002E,FURN-000321,mall,30
FAT-0002129,INST-0621-2602129,ANG-0001074,True,NIVF-7476547940,2026-05-30,2026-05-31,3731.14,refuzuar,Kerkon_Rivleftesim,Refuzuar,Jo,,2026-06-03,Mungesë dokumentacioni mbështetës,M22702001L,FURN-000207,mall,30
FAT-0002130,INST-0621-2602130,ANG-0001074,True,NIVF-6769789191,2026-07-28,2026-07-28,1482.33,refuzuar,Kerkon_Rivleftesim,Refuzuar,Jo,,2026-08-05,Gabim në shumën e faturuar,M22702001L,FURN-000207,mall,30
FAT-0002131,INST-0621-2602131,ANG-0001074,True,NIVF-9285624335,2026-09-09,2026-09-12,9986.53,pranuar,E_Vleftesuar,Miratuar,Po,R_Kaloi,2026-09-18,,M22702001L,FURN-000207,mall,30
FAT-0002132,INST-0621-2602132,ANG-0001075,True,NIVF-4741630961,2026-05-20,2026-05-21,47676.84,refuzuar,Kerkon_Rivleftesim,Refuzuar,Jo,,2026-05-29,Mungesë dokumentacioni mbështetës,M22421024U,FURN-000060,mall,30
FAT-0002133,INST-0621-2602133,ANG-0001075,True,NIVF-9986646560,2026-07-04,2026-07-08,221772.7,pranuar,E_Vleftesuar,Miratuar,Po,R_Kaloi,2026-07-10,,M22421024U,FURN-000060,mall,30
FAT-0002134,INST-0621-2602134,ANG-0001075,True,NIVF-1960745287,2026-08-11,2026-08-13,419550.46,pranuar,E_Vleftesuar,Miratuar,Po,R_Kaloi,2026-08-19,,M22421024U,FURN-000060,mall,30
FAT-0002135,INST-0621-2602135,ANG-0001076,True,NIVF-3466600815,2026-05-28,2026-05-31,11241.93,pranuar,E_Vleftesuar,Miratuar,Po,R_Kaloi,2026-06-05,,J61814028F,FURN-000068,mall,30
FAT-0002136,INST-0621-2602136,ANG-0001076,True,NIVF-9638224264,2026-07-12,2026-07-15,144908.07,pranuar,E_Vleftesuar,Miratuar,Po,R_Kaloi,2026-07-23,,J61814028F,FURN-000068,mall,30
FAT-0002137,INST-0342-2602137,ANG-0001077,True,NIVF-1132014337,2026-05-24,2026-05-24,99500.0,pranuar,E_Vleftesuar,Miratuar,Po,R_Kaloi,2026-05-27,,M02415002E,FURN-000321,mall,30
FAT-0002138,INST-0134-2602138,ANG-0001078,True,NIVF-7334826624,2026-05-28,2026-06-01,96458.0,pranuar,E_Vleftesuar,Miratuar,Po,R_Kaloi,2026-06-02,,M32520404G,FURN-001138,mall,30
FAT-0002139,INST-0124-2602139,ANG-0001079,True,NIVF-6749042200,2026-05-28,2026-06-01,7690.42,pranuar,E_Vleftesuar,Miratuar,Po,R_Kaloi,2026-06-06,,J62426002Q,FURN-000236,mall,30
FAT-0002140,INST-0124-2602140,ANG-0001079,True,NIVF-4576267103,2026-07-19,2026-07-21,71475.58,pranuar,E_Vleftesuar,Miratuar,Po,R_Kaloi,2026-07-29,,J62426002Q,FURN-000236,mall,30
FAT-0002141,INST-0124-2602141,ANG-0001080,True,NIVF-2529792823,2026-05-27,2026-05-28,14126.08,refuzuar,Kerkon_Rivleftesim,Refuzuar,Jo,,2026-06-06,Mungesë dokumentacioni mbështetës,K62320012O,FURN-000162,mall,30
FAT-0002142,INST-0124-2602142,ANG-0001080,True,NIVF-7246691354,2026-07-10,2026-07-10,4291.62,pranuar,E_Vleftesuar,Miratuar,Po,R_Kaloi,2026-07-14,,K62320012O,FURN-000162,mall,30
FAT-0002143,INST-0124-2602143,ANG-0001080,True,NIVF-1144817307,2026-09-02,2026-09-02,2582.31,pranuar,E_Vleftesuar,Miratuar,Po,R_Kaloi,2026-09-03,,K62320012O,FURN-000162,mall,30
FAT-0002144,INST-0621-2602144,ANG-0001081,True,NIVF-8243567577,2026-05-29,2026-05-31,1617409.23,pranuar,E_Vleftesuar,Miratuar,Po,R_Kaloi,2026-06-02,,L72322004M,FURN-000673,sherbim,30
FAT-0002145,INST-0621-2602145,ANG-0001081,True,NIVF-6955409978,2026-07-06,2026-07-08,2465459.65,pranuar,E_Vleftesuar,Miratuar,Po,R_Kaloi,2026-07-16,,L72322004M,FURN-000673,sherbim,30
FAT-0002146,INST-0621-2602146,ANG-0001081,True,NIVF-3500890617,2026-08-27,2026-08-27,292131.12,pranuar,E_Vleftesuar,Miratuar,Po,R_Kaloi,2026-09-01,,L72322004M,FURN-000673,sherbim,30
FAT-0002147,INST-0102-2602147,ANG-0001082,True,NIVF-8834105380,2026-05-23,2026-05-25,34033.22,pranuar,E_Vleftesuar,Miratuar,Po,R_Kaloi,2026-05-31,,J98009202P,FURN-000079,sherbim,30
FAT-0002148,INST-0102-2602148,ANG-0001082,True,NIVF-2027117215,2026-07-09,2026-07-12,62416.78,pranuar,E_Vleftesuar,Miratuar,Po,R_Kaloi,2026-07-21,,J98009202P,FURN-000079,sherbim,30
FAT-0002149,INST-0175-2602149,ANG-0001083,True,NIVF-8206729358,2026-05-30,2026-05-30,1168.39,pranuar,E_Vleftesuar,Miratuar,Po,R_Kaloi,2026-06-01,,K62320012O,FURN-000162,mall,30
FAT-0002150,INST-0175-2602150,ANG-0001083,True,NIVF-3721871809,2026-06-26,2026-06-30,33031.61,pranuar,E_Vleftesuar,Miratuar,Po,R_Kaloi,2026-07-04,,K62320012O,FURN-000162,mall,30
FAT-0002151,INST-0136-2602151,ANG-0001084,True,NIVF-4890971081,2026-05-25,2026-05-29,73634.71,pranuar,E_Vleftesuar,Miratuar,Po,R_Kaloi,2026-06-05,,K11501002D,FURN-000293,pune,30
FAT-0002152,INST-0136-2602152,ANG-0001084,True,NIVF-2759636479,2026-06-18,2026-06-20,123365.29,refuzuar,Kerkon_Rivleftesim,Refuzuar,Jo,,2026-06-29,Mungesë dokumentacioni mbështetës,K11501002D,FURN-000293,pune,30
FAT-0002153,INST-0621-2602153,ANG-0001085,True,NIVF-4976795165,2026-05-27,2026-05-31,7391.02,pranuar,E_Vleftesuar,Miratuar,Po,R_Kaloi,2026-06-01,,K11715005L,FURN-000108,mall,30
FAT-0002154,INST-0621-2602154,ANG-0001085,True,NIVF-1061885739,2026-07-17,2026-07-18,43941.98,pranuar,E_Vleftesuar,Miratuar,Po,R_Kaloi,2026-07-22,,K11715005L,FURN-000108,mall,30
FAT-0002155,INST-0148-2602155,ANG-0001086,True,NIVF-3032554421,2026-05-20,2026-05-24,60719.79,pranuar,E_Vleftesuar,Miratuar,Po,R_Kaloi,2026-05-25,,K46811001V,FURN-001167,pune,30
FAT-0002156,INST-0148-2602156,ANG-0001086,True,NIVF-9768809792,2026-06-30,2026-07-04,237280.21,pranuar,E_Vleftesuar,Miratuar,Po,R_Kaloi,2026-07-07,,K46811001V,FURN-001167,pune,30
FAT-0002157,INST-0404-2602157,ANG-0001087,True,NIVF-9428064611,2026-05-21,2026-05-21,99991.0,pranuar,E_Vleftesuar,Miratuar,Po,R_Kaloi,2026-05-28,,K31803032W,FURN-000789,mall,30
FAT-0002158,INST-0338-2602158,ANG-0001088,True,NIVF-9073091160,2026-05-20,2026-05-21,572492.93,pranuar,E_Vleftesuar,Miratuar,Po,R_Kaloi,2026-05-25,,K91530017T,FURN-000032,sherbim,30
FAT-0002159,INST-0338-2602159,ANG-0001088,True,NIVF-3280289045,2026-06-12,2026-06-14,72248.81,pranuar,E_Vleftesuar,Miratuar,Po,R_Kaloi,2026-06-15,,K91530017T,FURN-000032,sherbim,30
FAT-0002160,INST-0338-2602160,ANG-0001088,True,NIVF-3206960208,2026-07-29,2026-07-31,519258.26,pranuar,E_Vleftesuar,Miratuar,Po,R_Kaloi,2026-08-05,,K91530017T,FURN-000032,sherbim,30
FAT-0002161,INST-0172-2602161,ANG-0001089,True,NIVF-1748176943,2026-05-24,2026-05-25,22388.53,pranuar,E_Vleftesuar,Miratuar,Po,R_Kaloi,2026-05-28,,L46317601E,FURN-000989,pune,30
FAT-0002162,INST-0172-2602162,ANG-0001089,True,NIVF-1865436780,2026-06-13,2026-06-16,1910.22,pranuar,E_Vleftesuar,Miratuar,Po,R_Kaloi,2026-06-17,,L46317601E,FURN-000989,pune,30
FAT-0002163,INST-0172-2602163,ANG-0001089,True,NIVF-9452552770,2026-07-29,2026-07-29,5301.24,pranuar,E_Vleftesuar,Miratuar,Po,R_Kaloi,2026-08-01,,L46317601E,FURN-000989,pune,30
FAT-0002164,INST-0151-2602164,ANG-0001090,True,NIVF-2900930053,2026-05-29,2026-05-31,248132.32,pranuar,E_Vleftesuar,Miratuar,Po,R_Kaloi,2026-06-09,,K51611059N,FURN-000574,sherbim,30
FAT-0002165,INST-0151-2602165,ANG-0001090,True,NIVF-5034710846,2026-06-27,2026-06-27,99447.68,pranuar,E_Vleftesuar,Miratuar,Po,R_Kaloi,2026-06-29,,K51611059N,FURN-000574,sherbim,30
FAT-0002166,INST-0151-2602166,ANG-0001091,True,NIVF-4316981604,2026-05-31,2026-06-02,84588.53,pranuar,E_Vleftesuar,Miratuar,Po,R_Kaloi,2026-06-08,,L82428011G,FURN-001130,sherbim,30
FAT-0002167,INST-0151-2602167,ANG-0001091,True,NIVF-1740511018,2026-06-26,2026-06-30,4411.47,refuzuar,Kerkon_Rivleftesim,Refuzuar,Jo,,2026-07-01,Mungesë dokumentacioni mbështetës,L82428011G,FURN-001130,sherbim,30
FAT-0002168,INST-0151-2602168,ANG-0001092,True,NIVF-5819838494,2026-05-29,2026-06-01,146061.24,pranuar,E_Vleftesuar,Miratuar,Po,R_Kaloi,2026-06-06,,J72124001N,FURN-000179,sherbim,30
FAT-0002169,INST-0151-2602169,ANG-0001092,True,NIVF-3844336300,2026-07-24,2026-07-26,31050.44,pranuar,E_Vleftesuar,Miratuar,Po,R_Kaloi,2026-08-01,,J72124001N,FURN-000179,sherbim,30
FAT-0002170,INST-0151-2602170,ANG-0001092,True,NIVF-6557535155,2026-09-15,2026-09-18,122888.32,pranuar,E_Vleftesuar,Miratuar,Po,R_Kaloi,2026-09-18,,J72124001N,FURN-000179,sherbim,30
FAT-0002171,INST-0057-2602171,ANG-0001093,True,NIVF-4259415384,2026-05-26,2026-05-27,9.15,pranuar,E_Vleftesuar,Miratuar,Po,R_Kaloi,2026-05-30,,L71325019D,FURN-000140,mall,30
FAT-0002172,INST-0057-2602172,ANG-0001093,True,NIVF-4251305981,2026-07-02,2026-07-06,131490.85,pranuar,E_Vleftesuar,Miratuar,Po,R_Kaloi,2026-07-08,,L71325019D,FURN-000140,mall,30
FAT-0002173,INST-0915-2602173,ANG-0001094,True,NIVF-1491055468,2026-05-21,2026-05-25,33346.34,pranuar,E_Vleftesuar,Miratuar,Po,R_Kaloi,2026-06-03,,L71619028E,FURN-000226,sherbim,30
FAT-0002174,INST-0915-2602174,ANG-0001094,True,NIVF-3395062792,2026-06-25,2026-06-28,251501.69,refuzuar,Kerkon_Rivleftesim,Refuzuar,Jo,,2026-07-06,Fiskalizim i pavlefshëm,L71619028E,FURN-000226,sherbim,30
FAT-0002175,INST-0915-2602175,ANG-0001094,True,NIVF-5471928800,2026-07-27,2026-07-30,67151.97,pranuar,E_Vleftesuar,Miratuar,Po,R_Kaloi,2026-08-06,,L71619028E,FURN-000226,sherbim,30
FAT-0002176,INST-0136-2602176,ANG-0001095,True,NIVF-2663947364,2026-05-31,2026-06-02,50000.0,pranuar,E_Vleftesuar,Miratuar,Po,R_Kaloi,2026-06-06,,K11324003F,FURN-000810,pune,30
FAT-0002177,INST-0364-2602177,ANG-0001096,True,NIVF-3407007555,2026-05-29,2026-05-29,232537.73,refuzuar,Kerkon_Rivleftesim,Refuzuar,Jo,,2026-05-30,Mungesë dokumentacioni mbështetës,K58615301M,FURN-001281,mall,30
FAT-0002178,INST-0364-2602178,ANG-0001096,True,NIVF-8557888390,2026-07-27,2026-07-29,266462.27,pranuar,E_Vleftesuar,Miratuar,Po,R_Kaloi,2026-08-04,,K58615301M,FURN-001281,mall,30
FAT-0002179,INST-0621-2602179,ANG-0001097,True,NIVF-1668243632,2026-05-28,2026-05-28,0.0,refuzuar,Kerkon_Rivleftesim,Refuzuar,Jo,,2026-06-01,Mungesë dokumentacioni mbështetës,,,mall,30
FAT-0002180,INST-0621-2602180,ANG-0001097,True,NIVF-9513153747,2026-07-06,2026-07-08,0.0,pranuar,E_Vleftesuar,Miratuar,Po,R_Kaloi,2026-07-10,,,,mall,30
FAT-0002181,INST-0572-2602181,ANG-0001098,True,NIVF-4657776539,2026-05-17,2026-05-21,63961.54,pranuar,E_Vleftesuar,Miratuar,Po,R_Kaloi,2026-05-24,,K31520054N,FURN-000117,mall,30
FAT-0002182,INST-0572-2602182,ANG-0001098,True,NIVF-4597192804,2026-06-11,2026-06-15,169300.48,pranuar,E_Vleftesuar,Miratuar,Po,R_Kaloi,2026-06-20,,K31520054N,FURN-000117,mall,30
FAT-0002183,INST-0572-2602183,ANG-0001098,True,NIVF-8057692771,2026-07-12,2026-07-15,236407.97,pranuar,E_Vleftesuar,Miratuar,Po,R_Kaloi,2026-07-16,,K31520054N,FURN-000117,mall,30
FAT-0002184,INST-1004-2602184,ANG-0001099,True,NIVF-7361301541,2026-05-24,2026-05-28,7328.18,pranuar,E_Vleftesuar,Miratuar,Po,R_Kaloi,2026-06-03,,M52311039R,FURN-000386,mall,30
FAT-0002185,INST-1004-2602185,ANG-0001099,True,NIVF-3851875818,2026-07-15,2026-07-19,92171.82,pranuar,E_Vleftesuar,Miratuar,Po,R_Kaloi,2026-07-22,,M52311039R,FURN-000386,mall,30
FAT-0002186,INST-0621-2602186,ANG-0001100,True,NIVF-6834093535,2026-05-28,2026-05-30,174046.3,pranuar,E_Vleftesuar,Miratuar,Po,R_Kaloi,2026-06-08,,M48110601O,FURN-000214,mall,30
FAT-0002187,INST-0621-2602187,ANG-0001100,True,NIVF-8290135340,2026-06-18,2026-06-18,1349.96,pranuar,E_Vleftesuar,Miratuar,Po,R_Kaloi,2026-06-20,,M48110601O,FURN-000214,mall,30
FAT-0002188,INST-0621-2602188,ANG-0001100,True,NIVF-2122559966,2026-08-02,2026-08-03,24403.74,refuzuar,Kerkon_Rivleftesim,Refuzuar,Jo,,2026-08-10,Gabim në shumën e faturuar,M48110601O,FURN-000214,mall,30
FAT-0002189,INST-0621-2602189,ANG-0001101,True,NIVF-9657534006,2026-05-20,2026-05-22,48714.04,pranuar,E_Vleftesuar,Miratuar,Po,R_Kaloi,2026-05-30,,K31422501O,FURN-001041,mall,30
FAT-0002190,INST-0621-2602190,ANG-0001101,True,NIVF-8681046929,2026-07-18,2026-07-22,34619.29,pranuar,E_Vleftesuar,Miratuar,Po,R_Kaloi,2026-07-31,,K31422501O,FURN-001041,mall,30
FAT-0002191,INST-0621-2602191,ANG-0001102,True,NIVF-8708127240,2026-05-18,2026-05-19,158000.0,pranuar,E_Vleftesuar,Miratuar,Po,R_Kaloi,2026-05-24,,L21708012H,FURN-000063,mall,30
FAT-0002192,INST-0621-2602192,ANG-0001103,True,NIVF-8824967242,2026-05-29,2026-05-29,101016.36,pranuar,E_Vleftesuar,Miratuar,Po,R_Kaloi,2026-06-01,,K42108801C,FURN-000106,mall,30
FAT-0002193,INST-0621-2602193,ANG-0001103,True,NIVF-1724082355,2026-07-25,2026-07-25,68093.77,pranuar,E_Vleftesuar,Miratuar,Po,R_Kaloi,2026-07-31,,K42108801C,FURN-000106,mall,30
FAT-0002194,INST-0621-2602194,ANG-0001103,True,NIVF-9297794722,2026-09-15,2026-09-15,370889.87,refuzuar,Kerkon_Rivleftesim,Refuzuar,Jo,,2026-09-18,Fiskalizim i pavlefshëm,K42108801C,FURN-000106,mall,30
FAT-0002195,INST-0621-2602195,ANG-0001104,True,NIVF-4326221939,2026-05-22,2026-05-24,92000.0,refuzuar,Kerkon_Rivleftesim,Refuzuar,Jo,,2026-06-02,Gabim në shumën e faturuar,K33715699K,FURN-000640,mall,30
FAT-0002196,INST-0621-2602196,ANG-0001105,True,NIVF-5831649839,2026-05-20,2026-05-22,299120.26,pranuar,E_Vleftesuar,Miratuar,Po,R_Kaloi,2026-05-28,,M28717102U,FURN-000157,mall,30
FAT-0002197,INST-0621-2602197,ANG-0001105,True,NIVF-2120557395,2026-07-04,2026-07-07,395879.74,pranuar,E_Vleftesuar,Miratuar,Po,R_Kaloi,2026-07-14,,M28717102U,FURN-000157,mall,30
FAT-0002198,INST-0156-2602198,ANG-0001106,True,NIVF-6741384098,2026-05-28,2026-05-28,34190.49,pranuar,E_Vleftesuar,Miratuar,Po,R_Kaloi,2026-06-06,,K31527625C,FURN-001040,mall,30
FAT-0002199,INST-0156-2602199,ANG-0001106,True,NIVF-5258624672,2026-07-06,2026-07-07,15381.51,pranuar,E_Vleftesuar,Miratuar,Po,R_Kaloi,2026-07-15,,K31527625C,FURN-001040,mall,30
FAT-0002200,INST-0915-2602200,ANG-0001107,True,NIVF-8720667125,2026-05-27,2026-05-27,148842.85,pranuar,E_Vleftesuar,Miratuar,Po,R_Kaloi,2026-06-01,,M02403014N,FURN-001024,sherbim,30
FAT-0002201,INST-0915-2602201,ANG-0001107,True,NIVF-7479107673,2026-07-20,2026-07-22,88117.15,pranuar,E_Vleftesuar,Miratuar,Po,R_Kaloi,2026-07-28,,M02403014N,FURN-001024,sherbim,30
FAT-0002202,INST-0621-2602202,ANG-0001108,True,NIVF-3002991480,2026-05-27,2026-05-31,136946.47,pranuar,E_Vleftesuar,Miratuar,Po,R_Kaloi,2026-06-04,,K82231003A,FURN-000968,sherbim,30
FAT-0002203,INST-0621-2602203,ANG-0001108,True,NIVF-8646959838,2026-06-17,2026-06-17,49053.53,pranuar,E_Vleftesuar,Miratuar,Po,R_Kaloi,2026-06-25,,K82231003A,FURN-000968,sherbim,30
FAT-0002204,INST-0562-2602204,ANG-0001109,True,NIVF-5508466403,2026-05-21,2026-05-21,1297238.57,pranuar,E_Vleftesuar,Miratuar,Po,R_Kaloi,2026-05-23,,J64103483H,FURN-000877,mall,30
FAT-0002205,INST-0562-2602205,ANG-0001109,True,NIVF-7724175328,2026-06-19,2026-06-23,4027761.43,pranuar,E_Vleftesuar,Miratuar,Po,R_Kaloi,2026-06-30,,J64103483H,FURN-000877,mall,30
FAT-0002206,INST-0985-2602206,ANG-0001110,True,NIVF-6972050728,2026-05-30,2026-06-02,385446.39,pranuar,E_Vleftesuar,Miratuar,Po,R_Kaloi,2026-06-11,,M31904013D,FURN-001273,mall,30
FAT-0002207,INST-0985-2602207,ANG-0001110,True,NIVF-2365961228,2026-06-21,2026-06-24,230509.21,pranuar,E_Vleftesuar,Miratuar,Po,R_Kaloi,2026-06-27,,M31904013D,FURN-001273,mall,30
FAT-0002208,INST-0985-2602208,ANG-0001110,True,NIVF-1056649388,2026-08-19,2026-08-23,59544.4,pranuar,E_Vleftesuar,Miratuar,Po,R_Kaloi,2026-09-01,,M31904013D,FURN-001273,mall,30
FAT-0002209,INST-0621-2602209,ANG-0001111,True,NIVF-6380637734,2026-05-26,2026-05-27,368499.0,refuzuar,Kerkon_Rivleftesim,Refuzuar,Jo,,2026-06-05,Gabim në shumën e faturuar,L21319037M,FURN-000043,sherbim,30
FAT-0002210,INST-0337-2602210,ANG-0001112,True,NIVF-5790340540,2026-05-22,2026-05-23,218800.0,pranuar,E_Vleftesuar,Miratuar,Po,R_Kaloi,2026-06-01,,L81501042Q,FURN-001797,mall,30
FAT-0002211,INST-0516-2602211,ANG-0001113,True,NIVF-6520319102,2026-06-01,2026-06-03,66022.64,pranuar,E_Vleftesuar,Miratuar,Po,R_Kaloi,2026-06-11,,K32922204O,FURN-000938,pune,30
FAT-0002212,INST-0516-2602212,ANG-0001113,True,NIVF-7143577333,2026-07-11,2026-07-15,9747.08,pranuar,E_Vleftesuar,Miratuar,Po,R_Kaloi,2026-07-21,,K32922204O,FURN-000938,pune,30
FAT-0002213,INST-0516-2602213,ANG-0001113,True,NIVF-3387109727,2026-09-04,2026-09-06,7330.27,pranuar,E_Vleftesuar,Miratuar,Po,R_Kaloi,2026-09-07,,K32922204O,FURN-000938,pune,30
FAT-0002214,INST-0558-2602214,ANG-0001114,True,NIVF-1522130831,2026-05-30,2026-06-03,66590.29,pranuar,E_Vleftesuar,Miratuar,Po,R_Kaloi,2026-06-11,,J66902033R,FURN-000066,mall,30
FAT-0002215,INST-0558-2602215,ANG-0001114,True,NIVF-6093745438,2026-07-23,2026-07-27,33199.71,refuzuar,Kerkon_Rivleftesim,Refuzuar,Jo,,2026-08-01,Fiskalizim i pavlefshëm,J66902033R,FURN-000066,mall,30
FAT-0002216,INST-1035-2602216,ANG-0001115,True,NIVF-7346678812,2026-05-29,2026-05-29,20937.06,pranuar,E_Vleftesuar,Miratuar,Po,R_Kaloi,2026-06-03,,M52317021A,FURN-001150,mall,30
FAT-0002217,INST-1035-2602217,ANG-0001115,True,NIVF-7527830861,2026-07-27,2026-07-28,83758.28,pranuar,E_Vleftesuar,Miratuar,Po,R_Kaloi,2026-07-29,,M52317021A,FURN-001150,mall,30
FAT-0002218,INST-1035-2602218,ANG-0001115,True,NIVF-6474801369,2026-08-17,2026-08-20,134304.65,pranuar,E_Vleftesuar,Miratuar,Po,R_Kaloi,2026-08-27,,M52317021A,FURN-001150,mall,30
FAT-0002219,INST-0621-2602219,ANG-0001116,True,NIVF-3846018575,2026-05-31,2026-06-01,152.07,pranuar,E_Vleftesuar,Miratuar,Po,R_Kaloi,2026-06-08,,J61901033C,FURN-001168,mall,30
FAT-0002220,INST-0621-2602220,ANG-0001116,True,NIVF-4538330927,2026-06-20,2026-06-22,4120.89,pranuar,E_Vleftesuar,Miratuar,Po,R_Kaloi,2026-06-29,,J61901033C,FURN-001168,mall,30
FAT-0002221,INST-0621-2602221,ANG-0001116,True,NIVF-7069325457,2026-07-12,2026-07-12,557.04,refuzuar,Kerkon_Rivleftesim,Refuzuar,Jo,,2026-07-14,Fiskalizim i pavlefshëm,J61901033C,FURN-001168,mall,30
FAT-0002222,INST-0915-2602222,ANG-0001117,True,NIVF-6972785044,2026-06-02,2026-06-06,23859.31,pranuar,E_Vleftesuar,Miratuar,Po,R_Kaloi,2026-06-07,,M48110601O,FURN-000214,sherbim,30
FAT-0002223,INST-0915-2602223,ANG-0001117,True,NIVF-3082649613,2026-06-25,2026-06-28,65576.52,pranuar,E_Vleftesuar,Miratuar,Po,R_Kaloi,2026-07-02,,M48110601O,FURN-000214,sherbim,30
FAT-0002224,INST-0915-2602224,ANG-0001117,True,NIVF-1900693135,2026-07-18,2026-07-20,10564.17,pranuar,E_Vleftesuar,Miratuar,Po,R_Kaloi,2026-07-22,,M48110601O,FURN-000214,sherbim,30
FAT-0002225,INST-0065-2602225,ANG-0001118,True,NIVF-4446165550,2026-05-20,2026-05-21,20928.07,refuzuar,Kerkon_Rivleftesim,Refuzuar,Jo,,2026-05-25,Mospërputhje me kontratën,K92201080V,FURN-000119,mall,30
FAT-0002226,INST-0065-2602226,ANG-0001118,True,NIVF-6244362016,2026-07-11,2026-07-11,87831.93,pranuar,E_Vleftesuar,Miratuar,Po,R_Kaloi,2026-07-17,,K92201080V,FURN-000119,mall,30
FAT-0002227,INST-0621-2602227,ANG-0001119,True,NIVF-5185906320,2026-05-31,2026-05-31,260000.0,pranuar,E_Vleftesuar,Miratuar,Po,R_Kaloi,2026-06-01,,K32801212M,FURN-001789,sherbim,30
FAT-0002228,INST-0102-2602228,ANG-0001120,True,NIVF-5617212613,2026-05-28,2026-05-31,8717.98,pranuar,E_Vleftesuar,Miratuar,Po,R_Kaloi,2026-06-02,,J66902033R,FURN-000066,mall,30
FAT-0002229,INST-0102-2602229,ANG-0001120,True,NIVF-6563726878,2026-07-21,2026-07-23,87730.07,pranuar,E_Vleftesuar,Miratuar,Po,R_Kaloi,2026-07-31,,J66902033R,FURN-000066,mall,30
FAT-0002230,INST-0102-2602230,ANG-0001120,True,NIVF-7462020904,2026-08-30,2026-09-01,3551.95,pranuar,E_Vleftesuar,Miratuar,Po,R_Kaloi,2026-09-09,,J66902033R,FURN-000066,mall,30
FAT-0002231,INST-0131-2602231,ANG-0001121,True,NIVF-4265638863,2026-05-21,2026-05-25,0.0,pranuar,E_Vleftesuar,Miratuar,Po,R_Kaloi,2026-05-27,,,,mall,30
FAT-0002232,INST-0131-2602232,ANG-0001121,True,NIVF-6801642071,2026-07-11,2026-07-15,0.0,pranuar,E_Vleftesuar,Miratuar,Po,R_Kaloi,2026-07-19,,,,mall,30
FAT-0002233,INST-0131-2602233,ANG-0001121,True,NIVF-3682463713,2026-08-14,2026-08-17,0.0,pranuar,E_Vleftesuar,Miratuar,Po,R_Kaloi,2026-08-25,,,,mall,30
FAT-0002234,INST-0544-2602234,ANG-0001122,True,NIVF-3473221754,2026-05-27,2026-05-27,8979.37,pranuar,E_Vleftesuar,Miratuar,Po,R_Kaloi,2026-06-05,,K91628009V,FURN-000412,sherbim,30
FAT-0002235,INST-0544-2602235,ANG-0001122,True,NIVF-1893504591,2026-07-20,2026-07-21,24770.63,pranuar,E_Vleftesuar,Miratuar,Po,R_Kaloi,2026-07-23,,K91628009V,FURN-000412,sherbim,30
FAT-0002236,INST-0175-2602236,ANG-0001123,True,NIVF-5148153692,2026-06-01,2026-06-03,0.0,refuzuar,Kerkon_Rivleftesim,Refuzuar,Jo,,2026-06-06,Mospërputhje me kontratën,,,pune,30
FAT-0002237,INST-0175-2602237,ANG-0001123,True,NIVF-2682369610,2026-07-13,2026-07-14,0.0,pranuar,E_Vleftesuar,Miratuar,Po,R_Kaloi,2026-07-17,,,,pune,30
FAT-0002238,INST-0175-2602238,ANG-0001123,True,NIVF-5996885499,2026-08-20,2026-08-23,0.0,pranuar,E_Vleftesuar,Miratuar,Po,R_Kaloi,2026-08-28,,,,pune,30
FAT-0002239,INST-0915-2602239,ANG-0001124,True,NIVF-1029503114,2026-05-26,2026-05-26,16061.59,pranuar,E_Vleftesuar,Miratuar,Po,R_Kaloi,2026-06-04,,L12107043O,FURN-000120,pune,30
FAT-0002240,INST-0915-2602240,ANG-0001124,True,NIVF-7401683695,2026-07-05,2026-07-06,501041.12,pranuar,E_Vleftesuar,Miratuar,Po,R_Kaloi,2026-07-13,,L12107043O,FURN-000120,pune,30
FAT-0002241,INST-0915-2602241,ANG-0001124,True,NIVF-8393034595,2026-08-16,2026-08-19,11712.28,refuzuar,Kerkon_Rivleftesim,Refuzuar,Jo,,2026-08-26,Gabim në shumën e faturuar,L12107043O,FURN-000120,pune,30
FAT-0002242,INST-0404-2602242,ANG-0001125,True,NIVF-4785674633,2026-05-30,2026-06-02,2221000.0,refuzuar,Kerkon_Rivleftesim,Refuzuar,Jo,,2026-06-04,Gabim në shumën e faturuar,M46615005A,FURN-001275,mall,30
FAT-0002243,INST-1004-2602243,ANG-0001126,True,NIVF-2131320140,2026-05-28,2026-05-29,11375.99,pranuar,E_Vleftesuar,Miratuar,Po,R_Kaloi,2026-06-07,,K31503045V,FURN-000036,mall,30
FAT-0002244,INST-1004-2602244,ANG-0001126,True,NIVF-6926906543,2026-07-06,2026-07-10,7913.4,pranuar,E_Vleftesuar,Miratuar,Po,R_Kaloi,2026-07-16,,K31503045V,FURN-000036,mall,30
FAT-0002245,INST-1004-2602245,ANG-0001126,True,NIVF-6634241213,2026-08-18,2026-08-21,49560.61,pranuar,E_Vleftesuar,Miratuar,Po,R_Kaloi,2026-08-24,,K31503045V,FURN-000036,mall,30
FAT-0002246,INST-1005-2602246,ANG-0001127,True,NIVF-9289190748,2026-05-19,2026-05-20,900000.0,pranuar,E_Vleftesuar,Miratuar,Po,R_Kaloi,2026-05-28,,M52307052B,FURN-001382,sherbim,30
FAT-0002247,INST-0084-2602247,ANG-0001128,True,NIVF-7649597909,2026-05-28,2026-05-28,22573.53,pranuar,E_Vleftesuar,Miratuar,Po,R_Kaloi,2026-06-06,,L72411009A,FURN-002018,mall,30
FAT-0002248,INST-0084-2602248,ANG-0001128,True,NIVF-4976143647,2026-07-25,2026-07-25,11217.82,pranuar,E_Vleftesuar,Miratuar,Po,R_Kaloi,2026-07-30,,L72411009A,FURN-002018,mall,30
FAT-0002249,INST-0084-2602249,ANG-0001128,True,NIVF-9418884696,2026-08-28,2026-08-30,20208.64,pranuar,E_Vleftesuar,Miratuar,Po,R_Kaloi,2026-09-05,,L72411009A,FURN-002018,mall,30
FAT-0002250,INST-0098-2602250,ANG-0001129,True,NIVF-9414781932,2026-05-30,2026-06-01,4103.41,pranuar,E_Vleftesuar,Miratuar,Po,R_Kaloi,2026-06-06,,K61704005H,FURN-000177,sherbim,30
FAT-0002251,INST-0098-2602251,ANG-0001129,True,NIVF-8876279684,2026-07-14,2026-07-18,3893.41,pranuar,E_Vleftesuar,Miratuar,Po,R_Kaloi,2026-07-27,,K61704005H,FURN-000177,sherbim,30
FAT-0002252,INST-0098-2602252,ANG-0001129,True,NIVF-6725870123,2026-08-25,2026-08-28,3.17,pranuar,E_Vleftesuar,Miratuar,Po,R_Kaloi,2026-09-06,,K61704005H,FURN-000177,sherbim,30
FAT-0002253,INST-0566-2602253,ANG-0001130,True,NIVF-7529446690,2026-05-23,2026-05-27,7068.64,pranuar,E_Vleftesuar,Miratuar,Po,R_Kaloi,2026-06-05,,K92201080V,FURN-000119,mall,30
FAT-0002254,INST-0566-2602254,ANG-0001130,True,NIVF-8088488722,2026-06-27,2026-06-28,37161.16,pranuar,E_Vleftesuar,Miratuar,Po,R_Kaloi,2026-07-02,,K92201080V,FURN-000119,mall,30
FAT-0002255,INST-0566-2602255,ANG-0001130,True,NIVF-2659557837,2026-08-22,2026-08-23,10150.2,pranuar,E_Vleftesuar,Miratuar,Po,R_Kaloi,2026-08-29,,K92201080V,FURN-000119,mall,30
FAT-0002256,INST-0621-2602256,ANG-0001131,True,NIVF-2902862259,2026-05-29,2026-05-29,516.76,pranuar,E_Vleftesuar,Miratuar,Po,R_Kaloi,2026-06-03,,L72713403S,FURN-000122,mall,30
FAT-0002257,INST-0621-2602257,ANG-0001131,True,NIVF-7960984330,2026-07-26,2026-07-26,21870.7,pranuar,E_Vleftesuar,Miratuar,Po,R_Kaloi,2026-08-03,,L72713403S,FURN-000122,mall,30
FAT-0002258,INST-0621-2602258,ANG-0001131,True,NIVF-8623157797,2026-09-16,2026-09-16,19278.54,pranuar,E_Vleftesuar,Miratuar,Po,R_Kaloi,2026-09-18,,L72713403S,FURN-000122,mall,30
FAT-0002259,INST-0621-2602259,ANG-0001132,True,NIVF-5002523999,2026-05-21,2026-05-23,31421.32,pranuar,E_Vleftesuar,Miratuar,Po,R_Kaloi,2026-05-27,,K92201080V,FURN-000119,mall,30
FAT-0002260,INST-0621-2602260,ANG-0001132,True,NIVF-5549123129,2026-06-19,2026-06-22,22958.68,pranuar,E_Vleftesuar,Miratuar,Po,R_Kaloi,2026-06-30,,K92201080V,FURN-000119,mall,30
FAT-0002261,INST-0963-2602261,ANG-0001133,True,NIVF-3403869765,2026-05-26,2026-05-30,630000.0,pranuar,E_Vleftesuar,Miratuar,Po,R_Kaloi,2026-06-07,,K31915018E,FURN-001305,mall,30
FAT-0002262,INST-0915-2602262,ANG-0001134,True,NIVF-6398617113,2026-05-30,2026-05-30,1584000.0,pranuar,E_Vleftesuar,Miratuar,Po,R_Kaloi,2026-06-05,,K14107001T,FURN-000391,mall,30
FAT-0002263,INST-0122-2602263,ANG-0001135,True,NIVF-2276448818,2026-05-24,2026-05-28,99500.0,pranuar,E_Vleftesuar,Miratuar,Po,R_Kaloi,2026-06-05,,K84602001Q,FURN-001036,pune,30
FAT-0002264,INST-0624-2602264,ANG-0001136,True,NIVF-3387928686,2026-05-30,2026-06-01,126081.22,pranuar,E_Vleftesuar,Miratuar,Po,R_Kaloi,2026-06-05,,L32222023L,FURN-001005,sherbim,30
FAT-0002265,INST-0624-2602265,ANG-0001136,True,NIVF-1293028389,2026-07-15,2026-07-15,162918.78,pranuar,E_Vleftesuar,Miratuar,Po,R_Kaloi,2026-07-20,,L32222023L,FURN-001005,sherbim,30
FAT-0002266,INST-0985-2602266,ANG-0001137,True,NIVF-2498997415,2026-05-27,2026-05-27,0.0,pranuar,E_Vleftesuar,Miratuar,Po,R_Kaloi,2026-05-29,,,,mall,30
FAT-0002267,INST-0624-2602267,ANG-0001138,True,NIVF-7716038302,2026-05-25,2026-05-29,14300.63,pranuar,E_Vleftesuar,Miratuar,Po,R_Kaloi,2026-05-30,,L96611004A,FURN-000077,sherbim,30
FAT-0002268,INST-0624-2602268,ANG-0001138,True,NIVF-5439199531,2026-06-14,2026-06-15,81532.37,pranuar,E_Vleftesuar,Miratuar,Po,R_Kaloi,2026-06-18,,L96611004A,FURN-000077,sherbim,30
FAT-0002269,INST-0624-2602269,ANG-0001139,True,NIVF-2944745411,2026-06-03,2026-06-05,314922.95,pranuar,E_Vleftesuar,Miratuar,Po,R_Kaloi,2026-06-10,,J62426002Q,FURN-000236,sherbim,30
FAT-0002270,INST-0624-2602270,ANG-0001139,True,NIVF-2808408860,2026-07-26,2026-07-29,254142.19,pranuar,E_Vleftesuar,Miratuar,Po,R_Kaloi,2026-08-06,,J62426002Q,FURN-000236,sherbim,30
FAT-0002271,INST-0624-2602271,ANG-0001139,True,NIVF-6887421069,2026-09-12,2026-09-16,20634.85,pranuar,E_Vleftesuar,Miratuar,Po,R_Kaloi,2026-09-18,,J62426002Q,FURN-000236,sherbim,30
FAT-0002272,INST-0624-2602272,ANG-0001140,True,NIVF-4293299919,2026-06-04,2026-06-04,349500.0,pranuar,E_Vleftesuar,Miratuar,Po,R_Kaloi,2026-06-10,,L92019017V,FURN-000712,sherbim,30
FAT-0002273,INST-0424-2602273,ANG-0001141,True,NIVF-5614039695,2026-06-07,2026-06-07,35604.04,pranuar,E_Vleftesuar,Miratuar,Po,R_Kaloi,2026-06-08,,K21405001N,FURN-000404,mall,30
FAT-0002274,INST-0424-2602274,ANG-0001141,True,NIVF-7819742203,2026-07-26,2026-07-27,71944.08,pranuar,E_Vleftesuar,Miratuar,Po,R_Kaloi,2026-07-31,,K21405001N,FURN-000404,mall,30
FAT-0002275,INST-0424-2602275,ANG-0001141,True,NIVF-7148588628,2026-09-12,2026-09-16,28051.88,pranuar,E_Vleftesuar,Miratuar,Po,R_Kaloi,2026-09-18,,K21405001N,FURN-000404,mall,30
FAT-0002276,INST-0961-2602276,ANG-0001142,True,NIVF-9429017992,2026-05-28,2026-05-30,748000.0,pranuar,E_Vleftesuar,Miratuar,Po,R_Kaloi,2026-06-04,,L92019017V,FURN-000712,sherbim,30
FAT-0002277,INST-0061-2602277,ANG-0001143,True,NIVF-4654691955,2026-05-24,2026-05-27,159900.0,pranuar,E_Vleftesuar,Miratuar,Po,R_Kaloi,2026-06-01,,M52311039R,FURN-000386,mall,30
FAT-0002278,INST-0061-2602278,ANG-0001144,True,NIVF-7479504344,2026-05-25,2026-05-28,87725.08,pranuar,E_Vleftesuar,Miratuar,Po,R_Kaloi,2026-06-06,,M22422501R,FURN-001948,mall,30
FAT-0002279,INST-0061-2602279,ANG-0001144,True,NIVF-7147352468,2026-07-09,2026-07-09,48274.92,refuzuar,Kerkon_Rivleftesim,Refuzuar,Jo,,2026-07-17,Fiskalizim i pavlefshëm,M22422501R,FURN-001948,mall,30
FAT-0002280,INST-0172-2602280,ANG-0001145,True,NIVF-5492547239,2026-05-31,2026-06-02,0.9,pranuar,E_Vleftesuar,Miratuar,Po,R_Kaloi,2026-06-08,,L18328201N,FURN-000971,mall,30
FAT-0002281,INST-0172-2602281,ANG-0001145,True,NIVF-5217660233,2026-06-25,2026-06-27,24.0,pranuar,E_Vleftesuar,Miratuar,Po,R_Kaloi,2026-07-04,,L18328201N,FURN-000971,mall,30
FAT-0002282,INST-0624-2602282,ANG-0001146,True,NIVF-8637895183,2026-06-04,2026-06-08,2922.88,pranuar,E_Vleftesuar,Miratuar,Po,R_Kaloi,2026-06-14,,J61909041K,FURN-000281,sherbim,30
FAT-0002283,INST-0624-2602283,ANG-0001146,True,NIVF-5930764654,2026-06-25,2026-06-27,19077.12,refuzuar,Kerkon_Rivleftesim,Refuzuar,Jo,,2026-07-03,Gabim në shumën e faturuar,J61909041K,FURN-000281,sherbim,30
FAT-0002284,INST-0102-2602284,ANG-0001147,True,NIVF-1361993389,2026-06-05,2026-06-09,100000.0,pranuar,E_Vleftesuar,Miratuar,Po,R_Kaloi,2026-06-17,,L26521001P,FURN-000353,sherbim,30
FAT-0002285,INST-0453-2602285,ANG-0001148,True,NIVF-7208057563,2026-05-30,2026-05-30,1780000.0,refuzuar,Kerkon_Rivleftesim,Refuzuar,Jo,,2026-05-31,Mungesë dokumentacioni mbështetës,M31417021V,FURN-000834,pune,30
FAT-0002286,INST-0621-2602286,ANG-0001149,True,NIVF-9171872840,2026-05-26,2026-05-29,170503.15,pranuar,E_Vleftesuar,Miratuar,Po,R_Kaloi,2026-05-30,,L62302021Q,FURN-000241,mall,30
FAT-0002287,INST-0621-2602287,ANG-0001149,True,NIVF-1142292418,2026-07-21,2026-07-25,145693.94,pranuar,E_Vleftesuar,Miratuar,Po,R_Kaloi,2026-07-28,,L62302021Q,FURN-000241,mall,30
FAT-0002288,INST-0621-2602288,ANG-0001149,True,NIVF-3716079645,2026-09-11,2026-09-13,132802.91,pranuar,E_Vleftesuar,Miratuar,Po,R_Kaloi,2026-09-14,,L62302021Q,FURN-000241,mall,30
FAT-0002289,INST-0621-2602289,ANG-0001150,True,NIVF-1774990448,2026-05-25,2026-05-29,228819.25,pranuar,E_Vleftesuar,Miratuar,Po,R_Kaloi,2026-06-02,,K41531001K,FURN-001174,mall,30
FAT-0002290,INST-0621-2602290,ANG-0001150,True,NIVF-1579846612,2026-07-02,2026-07-02,1073169.68,refuzuar,Kerkon_Rivleftesim,Refuzuar,Jo,,2026-07-05,Fiskalizim i pavlefshëm,K41531001K,FURN-001174,mall,30
FAT-0002291,INST-0621-2602291,ANG-0001150,True,NIVF-3538196166,2026-08-14,2026-08-14,550446.37,pranuar,E_Vleftesuar,Miratuar,Po,R_Kaloi,2026-08-21,,K41531001K,FURN-001174,mall,30
FAT-0002292,INST-0621-2602292,ANG-0001151,True,NIVF-6360741792,2026-06-07,2026-06-10,36095.12,pranuar,E_Vleftesuar,Miratuar,Po,R_Kaloi,2026-06-13,,M62717203D,FURN-001124,mall,30
FAT-0002293,INST-0621-2602293,ANG-0001151,True,NIVF-4035246237,2026-07-25,2026-07-29,63286.88,pranuar,E_Vleftesuar,Miratuar,Po,R_Kaloi,2026-08-04,,M62717203D,FURN-001124,mall,30
FAT-0002294,INST-0621-2602294,ANG-0001152,True,NIVF-3208517261,2026-06-01,2026-06-01,332898.11,pranuar,E_Vleftesuar,Miratuar,Po,R_Kaloi,2026-06-09,,M32113053I,FURN-001186,mall,30
FAT-0002295,INST-0621-2602295,ANG-0001152,True,NIVF-9236220272,2026-07-06,2026-07-09,27101.89,pranuar,E_Vleftesuar,Miratuar,Po,R_Kaloi,2026-07-15,,M32113053I,FURN-001186,mall,30
FAT-0002296,INST-0133-2602296,ANG-0001153,True,NIVF-4027131147,2026-05-31,2026-06-02,594000.0,pranuar,E_Vleftesuar,Miratuar,Po,R_Kaloi,2026-06-04,,L64425401K,FURN-000086,pune,30
FAT-0002297,INST-0621-2602297,ANG-0001154,True,NIVF-6808672566,2026-06-01,2026-06-04,386787.09,pranuar,E_Vleftesuar,Miratuar,Po,R_Kaloi,2026-06-05,,K66607001U,FURN-000791,sherbim,30
FAT-0002298,INST-0621-2602298,ANG-0001154,True,NIVF-1788196526,2026-06-24,2026-06-28,287308.95,pranuar,E_Vleftesuar,Miratuar,Po,R_Kaloi,2026-07-05,,K66607001U,FURN-000791,sherbim,30
FAT-0002299,INST-0621-2602299,ANG-0001154,True,NIVF-5071787397,2026-07-31,2026-08-04,200251.25,pranuar,E_Vleftesuar,Miratuar,Po,R_Kaloi,2026-08-06,,K66607001U,FURN-000791,sherbim,30
FAT-0002300,INST-0113-2602300,ANG-0001155,True,NIVF-9373285657,2026-06-01,2026-06-02,99789.0,pranuar,E_Vleftesuar,Miratuar,Po,R_Kaloi,2026-06-05,,J62426002Q,FURN-000236,sherbim,30
FAT-0002301,INST-0915-2602301,ANG-0001156,True,NIVF-2101965293,2026-05-30,2026-06-02,316403.86,pranuar,E_Vleftesuar,Miratuar,Po,R_Kaloi,2026-06-06,,J72124001N,FURN-000179,pune,30
FAT-0002302,INST-0915-2602302,ANG-0001156,True,NIVF-2315626425,2026-07-16,2026-07-17,323579.92,pranuar,E_Vleftesuar,Miratuar,Po,R_Kaloi,2026-07-19,,J72124001N,FURN-000179,pune,30
FAT-0002303,INST-0915-2602303,ANG-0001156,True,NIVF-8259266122,2026-08-28,2026-08-30,10016.23,refuzuar,Kerkon_Rivleftesim,Refuzuar,Jo,,2026-09-08,Mospërputhje me kontratën,J72124001N,FURN-000179,pune,30
FAT-0002304,INST-0561-2602304,ANG-0001157,True,NIVF-7020667678,2026-06-05,2026-06-05,69067.15,pranuar,E_Vleftesuar,Miratuar,Po,R_Kaloi,2026-06-13,,L52027085V,FURN-002010,mall,30
FAT-0002305,INST-0561-2602305,ANG-0001157,True,NIVF-1125744162,2026-07-28,2026-07-29,541535.28,pranuar,E_Vleftesuar,Miratuar,Po,R_Kaloi,2026-07-31,,L52027085V,FURN-002010,mall,30
FAT-0002306,INST-0968-2602306,ANG-0001158,True,NIVF-2056085778,2026-05-30,2026-05-30,76849.35,pranuar,E_Vleftesuar,Miratuar,Po,R_Kaloi,2026-06-02,,K36528217C,FURN-001165,mall,30
FAT-0002307,INST-0968-2602307,ANG-0001158,True,NIVF-5615826977,2026-07-23,2026-07-26,33456.05,pranuar,E_Vleftesuar,Miratuar,Po,R_Kaloi,2026-07-27,,K36528217C,FURN-001165,mall,30
FAT-0002308,INST-0968-2602308,ANG-0001158,True,NIVF-2608132606,2026-09-15,2026-09-16,73294.6,pranuar,E_Vleftesuar,Miratuar,Po,R_Kaloi,2026-09-18,,K36528217C,FURN-001165,mall,30
FAT-0002309,INST-0624-2602309,ANG-0001159,True,NIVF-4786171304,2026-05-27,2026-05-28,140102.27,pranuar,E_Vleftesuar,Miratuar,Po,R_Kaloi,2026-06-02,,K11501002D,FURN-000293,mall,30
FAT-0002310,INST-0624-2602310,ANG-0001159,True,NIVF-4649811135,2026-06-28,2026-06-30,302897.73,pranuar,E_Vleftesuar,Miratuar,Po,R_Kaloi,2026-07-07,,K11501002D,FURN-000293,mall,30
FAT-0002311,INST-0621-2602311,ANG-0001160,True,NIVF-5861699845,2026-06-05,2026-06-08,820000.0,pranuar,E_Vleftesuar,Miratuar,Po,R_Kaloi,2026-06-15,,J84015104A,FURN-001203,mall,30
FAT-0002312,INST-0621-2602312,ANG-0001161,True,NIVF-7474576084,2026-05-26,2026-05-29,440678.69,pranuar,E_Vleftesuar,Miratuar,Po,R_Kaloi,2026-05-31,,L52020002V,FURN-001164,mall,30
FAT-0002313,INST-0621-2602313,ANG-0001161,True,NIVF-9004682183,2026-07-11,2026-07-11,309321.31,pranuar,E_Vleftesuar,Miratuar,Po,R_Kaloi,2026-07-15,,L52020002V,FURN-001164,mall,30
FAT-0002314,INST-0621-2602314,ANG-0001162,True,NIVF-6643758755,2026-06-08,2026-06-12,23930.33,pranuar,E_Vleftesuar,Miratuar,Po,R_Kaloi,2026-06-15,,K31503045V,FURN-000036,mall,30
FAT-0002315,INST-0621-2602315,ANG-0001162,True,NIVF-6661469433,2026-07-05,2026-07-05,70168.16,refuzuar,Kerkon_Rivleftesim,Refuzuar,Jo,,2026-07-07,Gabim në shumën e faturuar,K31503045V,FURN-000036,mall,30
FAT-0002316,INST-0621-2602316,ANG-0001162,True,NIVF-2597645995,2026-08-16,2026-08-20,304701.5,pranuar,E_Vleftesuar,Miratuar,Po,R_Kaloi,2026-08-23,,K31503045V,FURN-000036,mall,30
FAT-0002317,INST-0621-2602317,ANG-0001163,True,NIVF-3306486229,2026-05-30,2026-06-01,93777.98,pranuar,E_Vleftesuar,Miratuar,Po,R_Kaloi,2026-06-05,,M46915401B,FURN-000825,mall,30
FAT-0002318,INST-0621-2602318,ANG-0001163,True,NIVF-6049627680,2026-07-15,2026-07-19,99262.0,pranuar,E_Vleftesuar,Miratuar,Po,R_Kaloi,2026-07-20,,M46915401B,FURN-000825,mall,30
FAT-0002319,INST-0621-2602319,ANG-0001163,True,NIVF-7309707288,2026-09-11,2026-09-15,31960.02,pranuar,E_Vleftesuar,Miratuar,Po,R_Kaloi,2026-09-18,,M46915401B,FURN-000825,mall,30
FAT-0002320,INST-0915-2602320,ANG-0001164,True,NIVF-4734354974,2026-05-26,2026-05-27,99166.0,pranuar,E_Vleftesuar,Miratuar,Po,R_Kaloi,2026-05-30,,L82203011N,FURN-000199,sherbim,30
FAT-0002321,INST-0578-2602321,ANG-0001165,True,NIVF-8403275315,2026-05-28,2026-05-31,68573.54,pranuar,E_Vleftesuar,Miratuar,Po,R_Kaloi,2026-06-08,,J61825037N,FURN-000548,mall,30
FAT-0002322,INST-0578-2602322,ANG-0001165,True,NIVF-2770772654,2026-07-16,2026-07-17,148926.46,pranuar,E_Vleftesuar,Miratuar,Po,R_Kaloi,2026-07-19,,J61825037N,FURN-000548,mall,30
FAT-0002323,INST-0621-2602323,ANG-0001166,True,NIVF-9130349367,2026-06-02,2026-06-05,346403.33,refuzuar,Kerkon_Rivleftesim,Refuzuar,Jo,,2026-06-09,Fiskalizim i pavlefshëm,L31714005J,FURN-000114,sherbim,30
FAT-0002324,INST-0621-2602324,ANG-0001166,True,NIVF-8598493691,2026-07-22,2026-07-24,59721.67,pranuar,E_Vleftesuar,Miratuar,Po,R_Kaloi,2026-07-31,,L31714005J,FURN-000114,sherbim,30
FAT-0002325,INST-0621-2602325,ANG-0001167,True,NIVF-1283662382,2026-06-05,2026-06-08,144417.38,pranuar,E_Vleftesuar,Miratuar,Po,R_Kaloi,2026-06-15,,K41420001V,FURN-000016,sherbim,30
FAT-0002326,INST-0621-2602326,ANG-0001167,True,NIVF-9654496621,2026-08-01,2026-08-04,242512.44,pranuar,E_Vleftesuar,Miratuar,Po,R_Kaloi,2026-08-12,,K41420001V,FURN-000016,sherbim,30
FAT-0002327,INST-0621-2602327,ANG-0001167,True,NIVF-1114030850,2026-08-28,2026-09-01,147070.19,pranuar,E_Vleftesuar,Miratuar,Po,R_Kaloi,2026-09-04,,K41420001V,FURN-000016,sherbim,30
FAT-0002328,INST-0621-2602328,ANG-0001168,True,NIVF-9443337903,2026-06-07,2026-06-10,319833.1,pranuar,E_Vleftesuar,Miratuar,Po,R_Kaloi,2026-06-12,,M42411028E,FURN-001090,sherbim,30
FAT-0002329,INST-0621-2602329,ANG-0001168,True,NIVF-9930039338,2026-07-26,2026-07-30,320166.9,pranuar,E_Vleftesuar,Miratuar,Po,R_Kaloi,2026-08-03,,M42411028E,FURN-001090,sherbim,30
FAT-0002330,INST-0621-2602330,ANG-0001169,True,NIVF-5855050872,2026-05-29,2026-06-01,898800.0,pranuar,E_Vleftesuar,Miratuar,Po,R_Kaloi,2026-06-02,,K53717806Q,FURN-000411,sherbim,30
FAT-0002331,INST-0621-2602331,ANG-0001170,True,NIVF-2659976629,2026-06-05,2026-06-08,30000.0,pranuar,E_Vleftesuar,Miratuar,Po,R_Kaloi,2026-06-13,,L51609014F,FURN-002027,sherbim,30
FAT-0002332,INST-0621-2602332,ANG-0001171,True,NIVF-1604000004,2026-06-08,2026-06-10,70217.32,pranuar,E_Vleftesuar,Miratuar,Po,R_Kaloi,2026-06-13,,J72124001N,FURN-000179,sherbim,30
FAT-0002333,INST-0621-2602333,ANG-0001171,True,NIVF-3577193698,2026-07-30,2026-07-31,52041.69,pranuar,E_Vleftesuar,Miratuar,Po,R_Kaloi,2026-08-08,,J72124001N,FURN-000179,sherbim,30
FAT-0002334,INST-0621-2602334,ANG-0001171,True,NIVF-7602443999,2026-09-10,2026-09-14,177740.99,pranuar,E_Vleftesuar,Miratuar,Po,R_Kaloi,2026-09-18,,J72124001N,FURN-000179,sherbim,30
FAT-0002335,INST-1002-2602335,ANG-0001172,True,NIVF-9401942576,2026-06-05,2026-06-08,665200.0,refuzuar,Kerkon_Rivleftesim,Refuzuar,Jo,,2026-06-10,Mospërputhje me kontratën,L32622601G,FURN-001679,sherbim,30
FAT-0002336,INST-1010-2602336,ANG-0001173,True,NIVF-5296742332,2026-06-04,2026-06-05,24750.0,refuzuar,Kerkon_Rivleftesim,Refuzuar,Jo,,2026-06-11,Fiskalizim i pavlefshëm,M12519002F,FURN-000204,mall,30
FAT-0002337,INST-0579-2602337,ANG-0001174,True,NIVF-7072287760,2026-06-01,2026-06-03,117648.55,pranuar,E_Vleftesuar,Miratuar,Po,R_Kaloi,2026-06-11,,L92112031B,FURN-000374,mall,30
FAT-0002338,INST-0579-2602338,ANG-0001174,True,NIVF-7251036592,2026-06-25,2026-06-26,20819.34,pranuar,E_Vleftesuar,Miratuar,Po,R_Kaloi,2026-06-30,,L92112031B,FURN-000374,mall,30
FAT-0002339,INST-0579-2602339,ANG-0001174,True,NIVF-1425468495,2026-07-16,2026-07-19,54291.11,pranuar,E_Vleftesuar,Miratuar,Po,R_Kaloi,2026-07-21,,L92112031B,FURN-000374,mall,30
FAT-0002340,INST-0172-2602340,ANG-0001175,True,NIVF-1485262222,2026-06-03,2026-06-07,19247.69,pranuar,E_Vleftesuar,Miratuar,Po,R_Kaloi,2026-06-10,,K91530017T,FURN-000032,sherbim,30
FAT-0002341,INST-0172-2602341,ANG-0001175,True,NIVF-3378125554,2026-07-30,2026-08-03,1552.31,pranuar,E_Vleftesuar,Miratuar,Po,R_Kaloi,2026-08-04,,K91530017T,FURN-000032,sherbim,30
FAT-0002342,INST-0170-2602342,ANG-0001176,True,NIVF-1831792138,2026-06-02,2026-06-03,806500.0,pranuar,E_Vleftesuar,Miratuar,Po,R_Kaloi,2026-06-11,,K41420001V,FURN-000016,pune,30
FAT-0002343,INST-0621-2602343,ANG-0001177,True,NIVF-4296902525,2026-05-26,2026-05-27,6974.71,pranuar,E_Vleftesuar,Miratuar,Po,R_Kaloi,2026-06-03,,K42108801C,FURN-000106,sherbim,30
FAT-0002344,INST-0621-2602344,ANG-0001177,True,NIVF-4999399903,2026-06-28,2026-06-29,3573.78,pranuar,E_Vleftesuar,Miratuar,Po,R_Kaloi,2026-07-03,,K42108801C,FURN-000106,sherbim,30
FAT-0002345,INST-0621-2602345,ANG-0001177,True,NIVF-5380607246,2026-08-22,2026-08-23,8349.51,pranuar,E_Vleftesuar,Miratuar,Po,R_Kaloi,2026-08-30,,K42108801C,FURN-000106,sherbim,30
FAT-0002346,INST-0141-2602346,ANG-0001178,True,NIVF-2285837997,2026-05-31,2026-06-01,23717.0,pranuar,E_Vleftesuar,Miratuar,Po,R_Kaloi,2026-06-05,,J91809007H,FURN-000028,pune,30
FAT-0002347,INST-0535-2602347,ANG-0001179,True,NIVF-4338478906,2026-05-27,2026-05-27,172000.0,pranuar,E_Vleftesuar,Miratuar,Po,R_Kaloi,2026-06-01,,K41420001V,FURN-000016,mall,30
FAT-0002348,INST-0621-2602348,ANG-0001180,True,NIVF-9428349849,2026-05-26,2026-05-27,34876.26,pranuar,E_Vleftesuar,Miratuar,Po,R_Kaloi,2026-06-02,,L71421032N,FURN-000307,mall,30
FAT-0002349,INST-0621-2602349,ANG-0001180,True,NIVF-7702028697,2026-06-18,2026-06-19,188823.74,pranuar,E_Vleftesuar,Miratuar,Po,R_Kaloi,2026-06-25,,L71421032N,FURN-000307,mall,30
FAT-0002350,INST-0624-2602350,ANG-0001181,True,NIVF-7684458344,2026-06-01,2026-06-04,14231.85,pranuar,E_Vleftesuar,Miratuar,Po,R_Kaloi,2026-06-05,,K31528061N,FURN-000306,sherbim,30
FAT-0002351,INST-0624-2602351,ANG-0001181,True,NIVF-2296196854,2026-06-24,2026-06-24,78408.15,pranuar,E_Vleftesuar,Miratuar,Po,R_Kaloi,2026-06-25,,K31528061N,FURN-000306,sherbim,30
FAT-0002352,INST-0099-2602352,ANG-0001182,True,NIVF-5455184734,2026-06-03,2026-06-07,595000.0,pranuar,E_Vleftesuar,Miratuar,Po,R_Kaloi,2026-06-16,,K31521059M,FURN-001710,pune,30
FAT-0002353,INST-0099-2602353,ANG-0001183,True,NIVF-2908152938,2026-06-10,2026-06-13,21232.89,pranuar,E_Vleftesuar,Miratuar,Po,R_Kaloi,2026-06-20,,J71907014E,FURN-000621,pune,30
FAT-0002354,INST-0099-2602354,ANG-0001183,True,NIVF-3713150446,2026-07-27,2026-07-28,126380.91,pranuar,E_Vleftesuar,Miratuar,Po,R_Kaloi,2026-07-29,,J71907014E,FURN-000621,pune,30
FAT-0002355,INST-0099-2602355,ANG-0001183,True,NIVF-7636520364,2026-09-03,2026-09-04,101078.79,pranuar,E_Vleftesuar,Miratuar,Po,R_Kaloi,2026-09-11,,J71907014E,FURN-000621,pune,30
FAT-0002356,INST-0098-2602356,ANG-0001184,True,NIVF-5899653880,2026-05-28,2026-05-28,0.0,pranuar,E_Vleftesuar,Miratuar,Po,R_Kaloi,2026-05-30,,,,mall,30
FAT-0002357,INST-0098-2602357,ANG-0001184,True,NIVF-9089883484,2026-06-19,2026-06-22,0.0,pranuar,E_Vleftesuar,Miratuar,Po,R_Kaloi,2026-06-28,,,,mall,30
FAT-0002358,INST-0098-2602358,ANG-0001184,True,NIVF-5229361742,2026-07-30,2026-08-03,0.0,pranuar,E_Vleftesuar,Miratuar,Po,R_Kaloi,2026-08-11,,,,mall,30
FAT-0002359,INST-0621-2602359,ANG-0001185,True,NIVF-1943245545,2026-06-08,2026-06-12,650000.0,pranuar,E_Vleftesuar,Miratuar,Po,R_Kaloi,2026-06-15,,L82008020I,FURN-000425,mall,30
FAT-0002360,INST-0621-2602360,ANG-0001186,True,NIVF-6472904223,2026-06-05,2026-06-06,20893.08,pranuar,E_Vleftesuar,Miratuar,Po,R_Kaloi,2026-06-12,,L93303210A,FURN-001191,mall,30
FAT-0002361,INST-0621-2602361,ANG-0001186,True,NIVF-2802588622,2026-07-24,2026-07-27,54063.55,pranuar,E_Vleftesuar,Miratuar,Po,R_Kaloi,2026-08-05,,L93303210A,FURN-001191,mall,30
FAT-0002362,INST-0621-2602362,ANG-0001186,True,NIVF-5962207610,2026-08-16,2026-08-17,45043.37,pranuar,E_Vleftesuar,Miratuar,Po,R_Kaloi,2026-08-24,,L93303210A,FURN-001191,mall,30
FAT-0002363,INST-0621-2602363,ANG-0001187,True,NIVF-7288840058,2026-06-02,2026-06-03,1109.84,pranuar,E_Vleftesuar,Miratuar,Po,R_Kaloi,2026-06-05,,L01606034A,FURN-000056,mall,30
FAT-0002364,INST-0621-2602364,ANG-0001187,True,NIVF-5399950371,2026-07-14,2026-07-14,72898.66,pranuar,E_Vleftesuar,Miratuar,Po,R_Kaloi,2026-07-18,,L01606034A,FURN-000056,mall,30
FAT-0002365,INST-0621-2602365,ANG-0001187,True,NIVF-2718688162,2026-09-04,2026-09-04,23991.5,pranuar,E_Vleftesuar,Miratuar,Po,R_Kaloi,2026-09-09,,L01606034A,FURN-000056,mall,30
FAT-0002366,INST-0621-2602366,ANG-0001188,True,NIVF-2319038156,2026-05-27,2026-05-29,4716.43,refuzuar,Kerkon_Rivleftesim,Refuzuar,Jo,,2026-06-05,Mungesë dokumentacioni mbështetës,M11721013L,FURN-001152,mall,30
FAT-0002367,INST-0621-2602367,ANG-0001188,True,NIVF-9820038411,2026-06-25,2026-06-25,1076.14,pranuar,E_Vleftesuar,Miratuar,Po,R_Kaloi,2026-07-04,,M11721013L,FURN-001152,mall,30
FAT-0002368,INST-0098-2602368,ANG-0001189,True,NIVF-5520146490,2026-06-07,2026-06-10,0.0,pranuar,E_Vleftesuar,Miratuar,Po,R_Kaloi,2026-06-19,,,,mall,30
FAT-0002369,INST-0098-2602369,ANG-0001189,True,NIVF-6982850937,2026-07-05,2026-07-05,0.0,pranuar,E_Vleftesuar,Miratuar,Po,R_Kaloi,2026-07-10,,,,mall,30
FAT-0002370,INST-0655-2602370,ANG-0001190,True,NIVF-7626470463,2026-05-27,2026-05-31,124627.1,pranuar,E_Vleftesuar,Miratuar,Po,R_Kaloi,2026-06-04,,K61516506H,FURN-000388,mall,30
FAT-0002371,INST-0655-2602371,ANG-0001190,True,NIVF-2003464365,2026-07-14,2026-07-16,248938.9,pranuar,E_Vleftesuar,Miratuar,Po,R_Kaloi,2026-07-19,,K61516506H,FURN-000388,mall,30
FAT-0002372,INST-0965-2602372,ANG-0001191,True,NIVF-7478209993,2026-05-28,2026-05-30,4788.94,pranuar,E_Vleftesuar,Miratuar,Po,R_Kaloi,2026-06-03,,L41628006Q,FURN-000442,mall,30
FAT-0002373,INST-0965-2602373,ANG-0001191,True,NIVF-6388064226,2026-06-21,2026-06-21,46961.54,pranuar,E_Vleftesuar,Miratuar,Po,R_Kaloi,2026-06-28,,L41628006Q,FURN-000442,mall,30
FAT-0002374,INST-0965-2602374,ANG-0001191,True,NIVF-3810812489,2026-08-12,2026-08-14,33229.53,pranuar,E_Vleftesuar,Miratuar,Po,R_Kaloi,2026-08-21,,L41628006Q,FURN-000442,mall,30
FAT-0002375,INST-0139-2602375,ANG-0001192,True,NIVF-7866245295,2026-06-05,2026-06-09,74509.0,pranuar,E_Vleftesuar,Miratuar,Po,R_Kaloi,2026-06-18,,L62302021Q,FURN-000241,mall,30
FAT-0002376,INST-0139-2602376,ANG-0001192,True,NIVF-5062239596,2026-08-01,2026-08-02,2341.0,pranuar,E_Vleftesuar,Miratuar,Po,R_Kaloi,2026-08-11,,L62302021Q,FURN-000241,mall,30
FAT-0002377,INST-0621-2602377,ANG-0001193,True,NIVF-2866115605,2026-06-01,2026-06-03,240198.8,pranuar,E_Vleftesuar,Miratuar,Po,R_Kaloi,2026-06-04,,L71715003C,FURN-000184,sherbim,30
FAT-0002378,INST-0621-2602378,ANG-0001193,True,NIVF-9334681499,2026-07-29,2026-07-30,55301.2,pranuar,E_Vleftesuar,Miratuar,Po,R_Kaloi,2026-08-07,,L71715003C,FURN-000184,sherbim,30
FAT-0002379,INST-0337-2602379,ANG-0001194,True,NIVF-6996295221,2026-06-04,2026-06-05,99636.0,pranuar,E_Vleftesuar,Miratuar,Po,R_Kaloi,2026-06-14,,L51518015J,FURN-000242,mall,30
FAT-0002380,INST-0139-2602380,ANG-0001195,True,NIVF-1545059327,2026-05-28,2026-05-29,2484.94,pranuar,E_Vleftesuar,Miratuar,Po,R_Kaloi,2026-06-05,,K61611004I,FURN-001070,mall,30
FAT-0002381,INST-0139-2602381,ANG-0001195,True,NIVF-9879203549,2026-06-29,2026-06-29,6050.48,pranuar,E_Vleftesuar,Miratuar,Po,R_Kaloi,2026-07-01,,K61611004I,FURN-001070,mall,30
FAT-0002382,INST-0139-2602382,ANG-0001195,True,NIVF-9973556728,2026-07-26,2026-07-30,2964.58,pranuar,E_Vleftesuar,Miratuar,Po,R_Kaloi,2026-08-04,,K61611004I,FURN-001070,mall,30
FAT-0002383,INST-0922-2602383,ANG-0001196,True,NIVF-3650935406,2026-06-07,2026-06-11,10758.08,pranuar,E_Vleftesuar,Miratuar,Po,R_Kaloi,2026-06-18,,L64704601S,FURN-000261,mall,30
FAT-0002384,INST-0922-2602384,ANG-0001196,True,NIVF-4387063594,2026-07-05,2026-07-09,136141.92,refuzuar,Kerkon_Rivleftesim,Refuzuar,Jo,,2026-07-12,Mungesë dokumentacioni mbështetës,L64704601S,FURN-000261,mall,30
FAT-0002385,INST-0336-2602385,ANG-0001197,True,NIVF-3455907204,2026-06-07,2026-06-09,585044.0,pranuar,E_Vleftesuar,Miratuar,Po,R_Kaloi,2026-06-10,,K11807008V,FURN-000073,mall,30
FAT-0002386,INST-0099-2602386,ANG-0001198,True,NIVF-7356242218,2026-06-04,2026-06-06,6533.09,pranuar,E_Vleftesuar,Miratuar,Po,R_Kaloi,2026-06-10,,L97818502K,FURN-000953,sherbim,30
FAT-0002387,INST-0099-2602387,ANG-0001198,True,NIVF-5037084703,2026-07-08,2026-07-09,93466.91,pranuar,E_Vleftesuar,Miratuar,Po,R_Kaloi,2026-07-16,,L97818502K,FURN-000953,sherbim,30
FAT-0002388,INST-0099-2602388,ANG-0001199,True,NIVF-6725828817,2026-06-06,2026-06-08,168990.0,pranuar,E_Vleftesuar,Miratuar,Po,R_Kaloi,2026-06-15,,K32621406F,FURN-000109,sherbim,30
FAT-0002389,INST-0099-2602389,ANG-0001200,True,NIVF-3991461931,2026-06-10,2026-06-14,10979157.16,pranuar,E_Vleftesuar,Miratuar,Po,R_Kaloi,2026-06-20,,J91524502R,FURN-001780,sherbim,30
FAT-0002390,INST-0099-2602390,ANG-0001200,True,NIVF-9650382858,2026-07-04,2026-07-04,155801842.84,pranuar,E_Vleftesuar,Miratuar,Po,R_Kaloi,2026-07-13,,J91524502R,FURN-001780,sherbim,30
FAT-0002391,INST-0099-2602391,ANG-0001201,True,NIVF-2830066481,2026-06-04,2026-06-04,127513.38,pranuar,E_Vleftesuar,Miratuar,Po,R_Kaloi,2026-06-10,,M31625003A,FURN-000793,sherbim,30
FAT-0002392,INST-0099-2602392,ANG-0001201,True,NIVF-4520787113,2026-08-01,2026-08-01,234486.62,pranuar,E_Vleftesuar,Miratuar,Po,R_Kaloi,2026-08-09,,M31625003A,FURN-000793,sherbim,30
FAT-0002393,INST-0099-2602393,ANG-0001202,True,NIVF-6835417830,2026-06-02,2026-06-05,45927.83,refuzuar,Kerkon_Rivleftesim,Refuzuar,Jo,,2026-06-08,Mospërputhje me kontratën,L91418502J,FURN-000101,sherbim,30
FAT-0002394,INST-0099-2602394,ANG-0001202,True,NIVF-3617005923,2026-07-15,2026-07-17,67573.23,pranuar,E_Vleftesuar,Miratuar,Po,R_Kaloi,2026-07-25,,L91418502J,FURN-000101,sherbim,30
FAT-0002395,INST-0099-2602395,ANG-0001202,True,NIVF-5187984913,2026-08-05,2026-08-06,73998.95,pranuar,E_Vleftesuar,Miratuar,Po,R_Kaloi,2026-08-15,,L91418502J,FURN-000101,sherbim,30
FAT-0002396,INST-0574-2602396,ANG-0001203,True,NIVF-2948870118,2026-06-12,2026-06-15,828465.45,pranuar,E_Vleftesuar,Miratuar,Po,R_Kaloi,2026-06-23,,J72603129H,FURN-001868,mall,30
FAT-0002397,INST-0574-2602397,ANG-0001203,True,NIVF-8232880125,2026-08-08,2026-08-08,151534.55,pranuar,E_Vleftesuar,Miratuar,Po,R_Kaloi,2026-08-16,,J72603129H,FURN-001868,mall,30
FAT-0002398,INST-0621-2602398,ANG-0001204,True,NIVF-4432198817,2026-06-01,2026-06-05,86764.83,pranuar,E_Vleftesuar,Miratuar,Po,R_Kaloi,2026-06-08,,K16604717F,FURN-000835,sherbim,30
FAT-0002399,INST-0621-2602399,ANG-0001204,True,NIVF-1309120444,2026-07-19,2026-07-20,2433.76,pranuar,E_Vleftesuar,Miratuar,Po,R_Kaloi,2026-07-22,,K16604717F,FURN-000835,sherbim,30
FAT-0002400,INST-0621-2602400,ANG-0001204,True,NIVF-3314659037,2026-08-13,2026-08-14,132701.41,pranuar,E_Vleftesuar,Miratuar,Po,R_Kaloi,2026-08-22,,K16604717F,FURN-000835,sherbim,30
FAT-0002401,INST-0621-2602401,ANG-0001205,True,NIVF-8355167182,2026-06-04,2026-06-06,708600.0,pranuar,E_Vleftesuar,Miratuar,Po,R_Kaloi,2026-06-07,,M02415002E,FURN-000321,sherbim,30
FAT-0002402,INST-0621-2602402,ANG-0001206,True,NIVF-3372330416,2026-06-11,2026-06-13,990000.0,pranuar,E_Vleftesuar,Miratuar,Po,R_Kaloi,2026-06-22,,K66801001T,FURN-000325,sherbim,30
FAT-0002403,INST-0621-2602403,ANG-0001207,True,NIVF-9668378769,2026-05-31,2026-05-31,980000.0,pranuar,E_Vleftesuar,Miratuar,Po,R_Kaloi,2026-06-07,,K41926801W,FURN-000316,sherbim,30
FAT-0002404,INST-0621-2602404,ANG-0001208,True,NIVF-2472496322,2026-06-02,2026-06-02,1073264.13,pranuar,E_Vleftesuar,Miratuar,Po,R_Kaloi,2026-06-03,,K31329048I,FURN-001618,sherbim,30
FAT-0002405,INST-0621-2602405,ANG-0001208,True,NIVF-7530029411,2026-07-11,2026-07-12,572035.87,pranuar,E_Vleftesuar,Miratuar,Po,R_Kaloi,2026-07-18,,K31329048I,FURN-001618,sherbim,30
FAT-0002406,INST-0134-2602406,ANG-0001209,True,NIVF-3501696326,2026-06-04,2026-06-05,133726.36,pranuar,E_Vleftesuar,Miratuar,Po,R_Kaloi,2026-06-10,,M53319201J,FURN-000340,pune,30
FAT-0002407,INST-0134-2602407,ANG-0001209,True,NIVF-4435396987,2026-07-19,2026-07-22,351657.51,pranuar,E_Vleftesuar,Miratuar,Po,R_Kaloi,2026-07-31,,M53319201J,FURN-000340,pune,30
FAT-0002408,INST-0134-2602408,ANG-0001209,True,NIVF-3771807778,2026-09-03,2026-09-07,130066.13,pranuar,E_Vleftesuar,Miratuar,Po,R_Kaloi,2026-09-09,,M53319201J,FURN-000340,pune,30
FAT-0002409,INST-0621-2602409,ANG-0001210,True,NIVF-3411107871,2026-06-05,2026-06-05,29689.8,pranuar,E_Vleftesuar,Miratuar,Po,R_Kaloi,2026-06-13,,J62426002Q,FURN-000236,sherbim,30
FAT-0002410,INST-0621-2602410,ANG-0001210,True,NIVF-8426414821,2026-06-25,2026-06-29,15401.04,refuzuar,Kerkon_Rivleftesim,Refuzuar,Jo,,2026-07-02,Mospërputhje me kontratën,J62426002Q,FURN-000236,sherbim,30
FAT-0002411,INST-0621-2602411,ANG-0001210,True,NIVF-5986985791,2026-07-18,2026-07-19,37909.16,pranuar,E_Vleftesuar,Miratuar,Po,R_Kaloi,2026-07-21,,J62426002Q,FURN-000236,sherbim,30
FAT-0002412,INST-1002-2602412,ANG-0001211,True,NIVF-2842889260,2026-06-08,2026-06-12,21373.72,pranuar,E_Vleftesuar,Miratuar,Po,R_Kaloi,2026-06-20,,K41425042N,FURN-001794,sherbim,30
FAT-0002413,INST-1002-2602413,ANG-0001211,True,NIVF-7316676714,2026-07-11,2026-07-14,88626.28,refuzuar,Kerkon_Rivleftesim,Refuzuar,Jo,,2026-07-23,Mungesë dokumentacioni mbështetës,K41425042N,FURN-001794,sherbim,30
FAT-0002414,INST-1002-2602414,ANG-0001212,True,NIVF-6671082915,2026-05-31,2026-05-31,68667.76,pranuar,E_Vleftesuar,Miratuar,Po,R_Kaloi,2026-06-03,,K32725211G,FURN-000479,sherbim,30
FAT-0002415,INST-1002-2602415,ANG-0001212,True,NIVF-3662283062,2026-06-22,2026-06-23,106532.24,pranuar,E_Vleftesuar,Miratuar,Po,R_Kaloi,2026-06-27,,K32725211G,FURN-000479,sherbim,30
FAT-0002416,INST-0621-2602416,ANG-0001213,True,NIVF-6566576085,2026-05-31,2026-06-03,497574.41,refuzuar,Kerkon_Rivleftesim,Refuzuar,Jo,,2026-06-12,Mospërputhje me kontratën,M52223043K,FURN-001812,sherbim,30
FAT-0002417,INST-0621-2602417,ANG-0001213,True,NIVF-9266808115,2026-07-13,2026-07-16,287425.59,refuzuar,Kerkon_Rivleftesim,Refuzuar,Jo,,2026-07-17,Fiskalizim i pavlefshëm,M52223043K,FURN-001812,sherbim,30
FAT-0002418,INST-0621-2602418,ANG-0001214,True,NIVF-5388151729,2026-05-31,2026-06-04,210140.94,pranuar,E_Vleftesuar,Miratuar,Po,R_Kaloi,2026-06-09,,M52116034T,FURN-001078,sherbim,30
FAT-0002419,INST-0621-2602419,ANG-0001214,True,NIVF-4571870063,2026-07-06,2026-07-06,79859.06,pranuar,E_Vleftesuar,Miratuar,Po,R_Kaloi,2026-07-14,,M52116034T,FURN-001078,sherbim,30
FAT-0002420,INST-0057-2602420,ANG-0001215,True,NIVF-6134594574,2026-05-30,2026-05-30,18857.71,pranuar,E_Vleftesuar,Miratuar,Po,R_Kaloi,2026-06-03,,L57213019T,FURN-000871,sherbim,30
FAT-0002421,INST-0057-2602421,ANG-0001215,True,NIVF-1455991716,2026-07-05,2026-07-05,51006.29,pranuar,E_Vleftesuar,Miratuar,Po,R_Kaloi,2026-07-11,,L57213019T,FURN-000871,sherbim,30
FAT-0002422,INST-0404-2602422,ANG-0001216,True,NIVF-8237486997,2026-06-12,2026-06-15,3053501.0,pranuar,E_Vleftesuar,Miratuar,Po,R_Kaloi,2026-06-17,,L13329801V,FURN-001359,mall,30
FAT-0002423,INST-0963-2602423,ANG-0001217,True,NIVF-8274232851,2026-06-14,2026-06-18,51669.48,pranuar,E_Vleftesuar,Miratuar,Po,R_Kaloi,2026-06-24,,L21305035S,FURN-000528,mall,30
FAT-0002424,INST-0963-2602424,ANG-0001217,True,NIVF-5315018487,2026-07-28,2026-07-30,21688.44,pranuar,E_Vleftesuar,Miratuar,Po,R_Kaloi,2026-07-31,,L21305035S,FURN-000528,mall,30
FAT-0002425,INST-0129-2602425,ANG-0001218,True,NIVF-4190935886,2026-06-10,2026-06-10,24.5,pranuar,E_Vleftesuar,Miratuar,Po,R_Kaloi,2026-06-17,,M61402506F,FURN-001945,mall,30
FAT-0002426,INST-0129-2602426,ANG-0001218,True,NIVF-4214208916,2026-08-01,2026-08-02,75151.56,pranuar,E_Vleftesuar,Miratuar,Po,R_Kaloi,2026-08-06,,M61402506F,FURN-001945,mall,30
FAT-0002427,INST-0129-2602427,ANG-0001218,True,NIVF-4255943634,2026-08-26,2026-08-27,43823.94,pranuar,E_Vleftesuar,Miratuar,Po,R_Kaloi,2026-08-28,,M61402506F,FURN-001945,mall,30
FAT-0002428,INST-0057-2602428,ANG-0001219,True,NIVF-5804161270,2026-06-08,2026-06-12,7175675.0,pranuar,E_Vleftesuar,Miratuar,Po,R_Kaloi,2026-06-14,,J64103475Q,FURN-001193,pune,30
FAT-0002429,INST-0453-2602429,ANG-0001220,True,NIVF-6448106092,2026-06-10,2026-06-10,64962.21,refuzuar,Kerkon_Rivleftesim,Refuzuar,Jo,,2026-06-14,Gabim në shumën e faturuar,J61901194M,FURN-000348,pune,30
FAT-0002430,INST-0453-2602430,ANG-0001220,True,NIVF-1359492763,2026-07-07,2026-07-07,35037.79,pranuar,E_Vleftesuar,Miratuar,Po,R_Kaloi,2026-07-13,,J61901194M,FURN-000348,pune,30
FAT-0002431,INST-0559-2602431,ANG-0001221,True,NIVF-4967109968,2026-06-14,2026-06-16,20204.0,pranuar,E_Vleftesuar,Miratuar,Po,R_Kaloi,2026-06-17,,K81503063B,FURN-000491,mall,30
FAT-0002432,INST-0157-2602432,ANG-0001222,True,NIVF-4073040497,2026-06-05,2026-06-09,4804.96,pranuar,E_Vleftesuar,Miratuar,Po,R_Kaloi,2026-06-13,,M52610204S,FURN-000417,mall,30
FAT-0002433,INST-0157-2602433,ANG-0001222,True,NIVF-3243996327,2026-08-01,2026-08-03,95095.04,pranuar,E_Vleftesuar,Miratuar,Po,R_Kaloi,2026-08-09,,M52610204S,FURN-000417,mall,30
FAT-0002434,INST-0621-2602434,ANG-0001223,True,NIVF-9345023595,2026-06-03,2026-06-04,50295.0,pranuar,E_Vleftesuar,Miratuar,Po,R_Kaloi,2026-06-06,,K61920009K,FURN-001058,mall,30
FAT-0002435,INST-0621-2602435,ANG-0001223,True,NIVF-4015467892,2026-06-29,2026-07-01,8534.23,pranuar,E_Vleftesuar,Miratuar,Po,R_Kaloi,2026-07-09,,K61920009K,FURN-001058,mall,30
FAT-0002436,INST-0621-2602436,ANG-0001223,True,NIVF-7971138354,2026-08-24,2026-08-26,24503.77,pranuar,E_Vleftesuar,Miratuar,Po,R_Kaloi,2026-08-31,,K61920009K,FURN-001058,mall,30
FAT-0002437,INST-0621-2602437,ANG-0001224,True,NIVF-2420658352,2026-06-08,2026-06-12,401835.9,pranuar,E_Vleftesuar,Miratuar,Po,R_Kaloi,2026-06-19,,M52402068L,FURN-000947,mall,30
FAT-0002438,INST-0621-2602438,ANG-0001224,True,NIVF-2538096885,2026-07-30,2026-08-02,18838.37,pranuar,E_Vleftesuar,Miratuar,Po,R_Kaloi,2026-08-08,,M52402068L,FURN-000947,mall,30
FAT-0002439,INST-0621-2602439,ANG-0001225,True,NIVF-9495424636,2026-06-13,2026-06-15,37017.07,pranuar,E_Vleftesuar,Miratuar,Po,R_Kaloi,2026-06-21,,L47401203N,FURN-000855,mall,30
FAT-0002440,INST-0621-2602440,ANG-0001225,True,NIVF-9748247679,2026-07-09,2026-07-09,462969.93,pranuar,E_Vleftesuar,Miratuar,Po,R_Kaloi,2026-07-12,,L47401203N,FURN-000855,mall,30
FAT-0002441,INST-0621-2602441,ANG-0001226,True,NIVF-4297259523,2026-06-03,2026-06-05,17807.71,pranuar,E_Vleftesuar,Miratuar,Po,R_Kaloi,2026-06-08,,M21611022E,FURN-000407,mall,30
FAT-0002442,INST-0621-2602442,ANG-0001226,True,NIVF-3366896124,2026-07-23,2026-07-26,1613.12,pranuar,E_Vleftesuar,Miratuar,Po,R_Kaloi,2026-07-27,,M21611022E,FURN-000407,mall,30
FAT-0002443,INST-0621-2602443,ANG-0001226,True,NIVF-9562335434,2026-08-17,2026-08-21,17079.17,pranuar,E_Vleftesuar,Miratuar,Po,R_Kaloi,2026-08-26,,M21611022E,FURN-000407,mall,30
FAT-0002444,INST-0621-2602444,ANG-0001227,True,NIVF-4226833285,2026-06-08,2026-06-10,4598.54,pranuar,E_Vleftesuar,Miratuar,Po,R_Kaloi,2026-06-17,,M41707006H,FURN-000003,mall,30
FAT-0002445,INST-0621-2602445,ANG-0001227,True,NIVF-3447927197,2026-07-19,2026-07-21,306500.94,pranuar,E_Vleftesuar,Miratuar,Po,R_Kaloi,2026-07-25,,M41707006H,FURN-000003,mall,30
FAT-0002446,INST-0621-2602446,ANG-0001227,True,NIVF-2889144934,2026-08-10,2026-08-11,247900.52,pranuar,E_Vleftesuar,Miratuar,Po,R_Kaloi,2026-08-17,,M41707006H,FURN-000003,mall,30
FAT-0002447,INST-0621-2602447,ANG-0001228,True,NIVF-6803299224,2026-06-10,2026-06-10,47670.7,pranuar,E_Vleftesuar,Miratuar,Po,R_Kaloi,2026-06-16,,M04619001D,FURN-001893,mall,30
FAT-0002448,INST-0621-2602448,ANG-0001228,True,NIVF-9046047050,2026-07-25,2026-07-29,18761.34,pranuar,E_Vleftesuar,Miratuar,Po,R_Kaloi,2026-07-31,,M04619001D,FURN-001893,mall,30
FAT-0002449,INST-0621-2602449,ANG-0001229,True,NIVF-9035189388,2026-06-14,2026-06-14,104167.0,refuzuar,Kerkon_Rivleftesim,Refuzuar,Jo,,2026-06-16,Mungesë dokumentacioni mbështetës,L51622005C,FURN-001155,mall,30
FAT-0002450,INST-0342-2602450,ANG-0001230,True,NIVF-4323431389,2026-06-06,2026-06-07,150000.0,pranuar,E_Vleftesuar,Miratuar,Po,R_Kaloi,2026-06-11,,K82231003A,FURN-000968,mall,30
FAT-0002451,INST-1005-2602451,ANG-0001231,True,NIVF-8429926550,2026-06-13,2026-06-15,372.05,pranuar,E_Vleftesuar,Miratuar,Po,R_Kaloi,2026-06-20,,K91628009V,FURN-000412,mall,30
FAT-0002452,INST-1005-2602452,ANG-0001231,True,NIVF-6151611159,2026-07-14,2026-07-15,1296.39,pranuar,E_Vleftesuar,Miratuar,Po,R_Kaloi,2026-07-16,,K91628009V,FURN-000412,mall,30
FAT-0002453,INST-1005-2602453,ANG-0001231,True,NIVF-8375800706,2026-08-14,2026-08-14,4281.56,pranuar,E_Vleftesuar,Miratuar,Po,R_Kaloi,2026-08-19,,K91628009V,FURN-000412,mall,30
FAT-0002454,INST-0621-2602454,ANG-0001232,True,NIVF-2189079296,2026-06-09,2026-06-13,1588.14,pranuar,E_Vleftesuar,Miratuar,Po,R_Kaloi,2026-06-18,,K41420001V,FURN-000016,sherbim,30
FAT-0002455,INST-0621-2602455,ANG-0001232,True,NIVF-5805132147,2026-08-01,2026-08-04,11152.07,pranuar,E_Vleftesuar,Miratuar,Po,R_Kaloi,2026-08-13,,K41420001V,FURN-000016,sherbim,30
FAT-0002456,INST-0621-2602456,ANG-0001233,True,NIVF-6856455942,2026-06-02,2026-06-04,0.0,pranuar,E_Vleftesuar,Miratuar,Po,R_Kaloi,2026-06-13,,,,mall,30
FAT-0002457,INST-0621-2602457,ANG-0001233,True,NIVF-7402512555,2026-07-27,2026-07-30,0.0,pranuar,E_Vleftesuar,Miratuar,Po,R_Kaloi,2026-08-08,,,,mall,30
FAT-0002458,INST-0621-2602458,ANG-0001234,True,NIVF-5741614705,2026-06-03,2026-06-07,66666.0,pranuar,E_Vleftesuar,Miratuar,Po,R_Kaloi,2026-06-14,,L96611004A,FURN-000077,mall,30
FAT-0002459,INST-0157-2602459,ANG-0001235,True,NIVF-7172998479,2026-06-02,2026-06-03,175000.0,pranuar,E_Vleftesuar,Miratuar,Po,R_Kaloi,2026-06-05,,L64214802E,FURN-001098,mall,30
FAT-0002460,INST-0099-2602460,ANG-0001236,True,NIVF-4143068092,2026-06-03,2026-06-07,12780637.44,pranuar,E_Vleftesuar,Miratuar,Po,R_Kaloi,2026-06-09,,J63423463I,FURN-000406,pune,30
FAT-0002461,INST-0099-2602461,ANG-0001236,True,NIVF-2550748472,2026-07-21,2026-07-23,1290446.32,pranuar,E_Vleftesuar,Miratuar,Po,R_Kaloi,2026-07-29,,J63423463I,FURN-000406,pune,30
FAT-0002462,INST-0099-2602462,ANG-0001236,True,NIVF-7639754782,2026-09-11,2026-09-15,16339158.24,pranuar,E_Vleftesuar,Miratuar,Po,R_Kaloi,2026-09-17,,J63423463I,FURN-000406,pune,30
FAT-0002463,INST-0982-2602463,ANG-0001237,True,NIVF-5230475158,2026-06-16,2026-06-20,118997.33,pranuar,E_Vleftesuar,Miratuar,Po,R_Kaloi,2026-06-24,,K32203002I,FURN-000492,mall,30
FAT-0002464,INST-0982-2602464,ANG-0001237,True,NIVF-4956819676,2026-08-12,2026-08-13,173409.09,pranuar,E_Vleftesuar,Miratuar,Po,R_Kaloi,2026-08-17,,K32203002I,FURN-000492,mall,30
FAT-0002465,INST-0965-2602465,ANG-0001238,True,NIVF-8983832968,2026-06-11,2026-06-11,215526.49,pranuar,E_Vleftesuar,Miratuar,Po,R_Kaloi,2026-06-12,,J61814009W,FURN-000363,mall,30
FAT-0002466,INST-0965-2602466,ANG-0001238,True,NIVF-5434482038,2026-07-12,2026-07-12,71094.83,pranuar,E_Vleftesuar,Miratuar,Po,R_Kaloi,2026-07-21,,J61814009W,FURN-000363,mall,30
FAT-0002467,INST-0965-2602467,ANG-0001238,True,NIVF-8713230788,2026-08-21,2026-08-22,36978.67,pranuar,E_Vleftesuar,Miratuar,Po,R_Kaloi,2026-08-27,,J61814009W,FURN-000363,mall,30
FAT-0002468,INST-0332-2602468,ANG-0001239,True,NIVF-3176151271,2026-06-15,2026-06-16,162132.07,refuzuar,Kerkon_Rivleftesim,Refuzuar,Jo,,2026-06-23,Gabim në shumën e faturuar,K16604717F,FURN-000835,mall,30
FAT-0002469,INST-0332-2602469,ANG-0001239,True,NIVF-8825083725,2026-07-30,2026-07-30,129598.79,pranuar,E_Vleftesuar,Miratuar,Po,R_Kaloi,2026-07-31,,K16604717F,FURN-000835,mall,30
FAT-0002470,INST-0332-2602470,ANG-0001239,True,NIVF-3821343698,2026-09-05,2026-09-08,13269.15,pranuar,E_Vleftesuar,Miratuar,Po,R_Kaloi,2026-09-15,,K16604717F,FURN-000835,mall,30
FAT-0002471,INST-0496-2602471,ANG-0001240,True,NIVF-7617269776,2026-06-04,2026-06-07,11525.33,pranuar,E_Vleftesuar,Miratuar,Po,R_Kaloi,2026-06-13,,L71325019D,FURN-000140,sherbim,30
FAT-0002472,INST-0496-2602472,ANG-0001240,True,NIVF-1523451125,2026-06-27,2026-07-01,224876.67,pranuar,E_Vleftesuar,Miratuar,Po,R_Kaloi,2026-07-05,,L71325019D,FURN-000140,sherbim,30
FAT-0002473,INST-1004-2602473,ANG-0001241,True,NIVF-3110325213,2026-06-05,2026-06-08,267567.78,pranuar,E_Vleftesuar,Miratuar,Po,R_Kaloi,2026-06-17,,K67917806I,FURN-000004,mall,30
FAT-0002474,INST-1004-2602474,ANG-0001241,True,NIVF-5874707447,2026-06-30,2026-07-02,41932.22,pranuar,E_Vleftesuar,Miratuar,Po,R_Kaloi,2026-07-08,,K67917806I,FURN-000004,mall,30
FAT-0002475,INST-0636-2602475,ANG-0001242,True,NIVF-7314081108,2026-06-09,2026-06-12,26631.16,pranuar,E_Vleftesuar,Miratuar,Po,R_Kaloi,2026-06-15,,L71921002H,FURN-000098,mall,30
FAT-0002476,INST-0636-2602476,ANG-0001242,True,NIVF-9375830657,2026-08-05,2026-08-05,8649.65,pranuar,E_Vleftesuar,Miratuar,Po,R_Kaloi,2026-08-07,,L71921002H,FURN-000098,mall,30
FAT-0002477,INST-0636-2602477,ANG-0001242,True,NIVF-8765247366,2026-08-30,2026-09-03,969.2,pranuar,E_Vleftesuar,Miratuar,Po,R_Kaloi,2026-09-07,,L71921002H,FURN-000098,mall,30
FAT-0002478,INST-0624-2602478,ANG-0001243,True,NIVF-9634808584,2026-06-17,2026-06-18,27281.78,pranuar,E_Vleftesuar,Miratuar,Po,R_Kaloi,2026-06-27,,K12201002T,FURN-000088,sherbim,30
FAT-0002479,INST-0624-2602479,ANG-0001243,True,NIVF-8835830271,2026-07-27,2026-07-29,115118.22,pranuar,E_Vleftesuar,Miratuar,Po,R_Kaloi,2026-08-04,,K12201002T,FURN-000088,sherbim,30
FAT-0002480,INST-0057-2602480,ANG-0001244,True,NIVF-6178745049,2026-06-03,2026-06-05,97583.0,pranuar,E_Vleftesuar,Miratuar,Po,R_Kaloi,2026-06-14,,L73622401A,FURN-000002,sherbim,30
FAT-0002481,INST-0621-2602481,ANG-0001245,True,NIVF-9677586587,2026-06-13,2026-06-13,14000.0,pranuar,E_Vleftesuar,Miratuar,Po,R_Kaloi,2026-06-16,,K62320012O,FURN-000162,mall,30
FAT-0002482,INST-0624-2602482,ANG-0001246,True,NIVF-2553917967,2026-06-12,2026-06-15,31204.49,refuzuar,Kerkon_Rivleftesim,Refuzuar,Jo,,2026-06-20,Mungesë dokumentacioni mbështetës,M48110601O,FURN-000214,mall,30
FAT-0002483,INST-0624-2602483,ANG-0001246,True,NIVF-5412695793,2026-07-12,2026-07-15,67795.51,pranuar,E_Vleftesuar,Miratuar,Po,R_Kaloi,2026-07-24,,M48110601O,FURN-000214,mall,30
FAT-0002484,INST-0624-2602484,ANG-0001247,True,NIVF-6163083937,2026-06-12,2026-06-14,23333.0,refuzuar,Kerkon_Rivleftesim,Refuzuar,Jo,,2026-06-16,Fiskalizim i pavlefshëm,K36306934K,FURN-000757,mall,30
FAT-0002485,INST-0624-2602485,ANG-0001248,True,NIVF-8378534979,2026-06-04,2026-06-08,4814915.88,pranuar,E_Vleftesuar,Miratuar,Po,R_Kaloi,2026-06-09,,K47103804L,FURN-001478,mall,30
FAT-0002486,INST-0624-2602486,ANG-0001248,True,NIVF-2282285874,2026-07-07,2026-07-11,891930.86,pranuar,E_Vleftesuar,Miratuar,Po,R_Kaloi,2026-07-12,,K47103804L,FURN-001478,mall,30
FAT-0002487,INST-0624-2602487,ANG-0001248,True,NIVF-9911542479,2026-07-27,2026-07-28,641587.45,pranuar,E_Vleftesuar,Miratuar,Po,R_Kaloi,2026-08-03,,K47103804L,FURN-001478,mall,30
FAT-0002488,INST-0621-2602488,ANG-0001249,True,NIVF-1685604209,2026-06-10,2026-06-12,71124.03,pranuar,E_Vleftesuar,Miratuar,Po,R_Kaloi,2026-06-17,,J97201201R,FURN-000709,mall,30
FAT-0002489,INST-0621-2602489,ANG-0001249,True,NIVF-5457595078,2026-07-08,2026-07-12,28775.97,pranuar,E_Vleftesuar,Miratuar,Po,R_Kaloi,2026-07-21,,J97201201R,FURN-000709,mall,30
FAT-0002490,INST-0134-2602490,ANG-0001250,True,NIVF-6921942035,2026-06-11,2026-06-11,292071.53,pranuar,E_Vleftesuar,Miratuar,Po,R_Kaloi,2026-06-14,,K11324003F,FURN-000810,sherbim,30
FAT-0002491,INST-0134-2602491,ANG-0001250,True,NIVF-6027946773,2026-07-17,2026-07-19,35745.2,refuzuar,Kerkon_Rivleftesim,Refuzuar,Jo,,2026-07-25,Gabim në shumën e faturuar,K11324003F,FURN-000810,sherbim,30
FAT-0002492,INST-0134-2602492,ANG-0001250,True,NIVF-8349425151,2026-08-22,2026-08-23,21183.27,pranuar,E_Vleftesuar,Miratuar,Po,R_Kaloi,2026-08-29,,K11324003F,FURN-000810,sherbim,30
FAT-0002493,INST-1007-2602493,ANG-0001251,True,NIVF-4487502119,2026-06-12,2026-06-12,69866.94,pranuar,E_Vleftesuar,Miratuar,Po,R_Kaloi,2026-06-17,,M02012007R,FURN-001592,sherbim,30
FAT-0002494,INST-1007-2602494,ANG-0001251,True,NIVF-3208100891,2026-07-02,2026-07-05,56933.06,pranuar,E_Vleftesuar,Miratuar,Po,R_Kaloi,2026-07-10,,M02012007R,FURN-001592,sherbim,30
FAT-0002495,INST-0562-2602495,ANG-0001252,True,NIVF-9866231000,2026-06-13,2026-06-14,404700.0,refuzuar,Kerkon_Rivleftesim,Refuzuar,Jo,,2026-06-22,Fiskalizim i pavlefshëm,K66801001T,FURN-000325,mall,30
FAT-0002496,INST-0961-2602496,ANG-0001253,True,NIVF-8842369174,2026-06-11,2026-06-14,494000.0,pranuar,E_Vleftesuar,Miratuar,Po,R_Kaloi,2026-06-20,,K31528061N,FURN-000306,mall,30
FAT-0002497,INST-0621-2602497,ANG-0001254,True,NIVF-7732651637,2026-06-06,2026-06-09,21030.04,pranuar,E_Vleftesuar,Miratuar,Po,R_Kaloi,2026-06-13,,K62320012O,FURN-000162,sherbim,30
FAT-0002498,INST-0621-2602498,ANG-0001254,True,NIVF-4929894223,2026-07-20,2026-07-20,5018.91,pranuar,E_Vleftesuar,Miratuar,Po,R_Kaloi,2026-07-22,,K62320012O,FURN-000162,sherbim,30
FAT-0002499,INST-0621-2602499,ANG-0001254,True,NIVF-1427977376,2026-08-15,2026-08-15,14951.05,refuzuar,Kerkon_Rivleftesim,Refuzuar,Jo,,2026-08-20,Gabim në shumën e faturuar,K62320012O,FURN-000162,sherbim,30
FAT-0002500,INST-0916-2602500,ANG-0001255,True,NIVF-3819525611,2026-06-08,2026-06-11,13596.22,pranuar,E_Vleftesuar,Miratuar,Po,R_Kaloi,2026-06-16,,L01508026P,FURN-000052,mall,30
FAT-0002501,INST-0916-2602501,ANG-0001255,True,NIVF-5443422930,2026-06-30,2026-07-02,2403.78,pranuar,E_Vleftesuar,Miratuar,Po,R_Kaloi,2026-07-09,,L01508026P,FURN-000052,mall,30
FAT-0002502,INST-1011-2602502,ANG-0001256,True,NIVF-1371130942,2026-06-18,2026-06-19,121104.13,pranuar,E_Vleftesuar,Miratuar,Po,R_Kaloi,2026-06-21,,L01508005Q,FURN-001178,sherbim,30
FAT-0002503,INST-1011-2602503,ANG-0001256,True,NIVF-6845787483,2026-07-10,2026-07-11,122895.87,pranuar,E_Vleftesuar,Miratuar,Po,R_Kaloi,2026-07-12,,L01508005Q,FURN-001178,sherbim,30
FAT-0002504,INST-0566-2602504,ANG-0001257,True,NIVF-4727744380,2026-06-15,2026-06-19,80938.9,pranuar,E_Vleftesuar,Miratuar,Po,R_Kaloi,2026-06-26,,K32508805W,FURN-000949,mall,30
FAT-0002505,INST-0566-2602505,ANG-0001257,True,NIVF-4400516529,2026-07-13,2026-07-15,19061.1,refuzuar,Kerkon_Rivleftesim,Refuzuar,Jo,,2026-07-19,Gabim në shumën e faturuar,K32508805W,FURN-000949,mall,30
FAT-0002506,INST-0566-2602506,ANG-0001258,True,NIVF-3504759081,2026-06-16,2026-06-20,131987.18,pranuar,E_Vleftesuar,Miratuar,Po,R_Kaloi,2026-06-23,,K31528061N,FURN-000306,mall,30
FAT-0002507,INST-0566-2602507,ANG-0001258,True,NIVF-6589405679,2026-07-10,2026-07-10,24012.82,pranuar,E_Vleftesuar,Miratuar,Po,R_Kaloi,2026-07-18,,K31528061N,FURN-000306,mall,30
FAT-0002508,INST-0566-2602508,ANG-0001259,True,NIVF-3844326810,2026-06-16,2026-06-20,275865.12,pranuar,E_Vleftesuar,Miratuar,Po,R_Kaloi,2026-06-27,,K66801001T,FURN-000325,mall,30
FAT-0002509,INST-0566-2602509,ANG-0001259,True,NIVF-3811438684,2026-08-13,2026-08-15,8509.88,refuzuar,Kerkon_Rivleftesim,Refuzuar,Jo,,2026-08-24,Gabim në shumën e faturuar,K66801001T,FURN-000325,mall,30
FAT-0002510,INST-0566-2602510,ANG-0001260,True,NIVF-3049084809,2026-06-07,2026-06-08,968.88,pranuar,E_Vleftesuar,Miratuar,Po,R_Kaloi,2026-06-15,,K41420001V,FURN-000016,mall,30
FAT-0002511,INST-0566-2602511,ANG-0001260,True,NIVF-4499831814,2026-06-28,2026-06-28,4516.97,pranuar,E_Vleftesuar,Miratuar,Po,R_Kaloi,2026-06-30,,K41420001V,FURN-000016,mall,30
FAT-0002512,INST-0566-2602512,ANG-0001260,True,NIVF-3764800122,2026-08-17,2026-08-21,57014.15,pranuar,E_Vleftesuar,Miratuar,Po,R_Kaloi,2026-08-25,,K41420001V,FURN-000016,mall,30
FAT-0002513,INST-0621-2602513,ANG-0001261,True,NIVF-2658936542,2026-06-20,2026-06-23,166343.27,pranuar,E_Vleftesuar,Miratuar,Po,R_Kaloi,2026-06-28,,K16513001T,FURN-001476,mall,30
FAT-0002514,INST-0621-2602514,ANG-0001261,True,NIVF-5861460061,2026-08-17,2026-08-21,13656.73,pranuar,E_Vleftesuar,Miratuar,Po,R_Kaloi,2026-08-25,,K16513001T,FURN-001476,mall,30
FAT-0002515,INST-0928-2602515,ANG-0001262,True,NIVF-7159455140,2026-06-12,2026-06-12,6951.2,pranuar,E_Vleftesuar,Miratuar,Po,R_Kaloi,2026-06-21,,L62311016C,FURN-000133,mall,30
FAT-0002516,INST-0928-2602516,ANG-0001262,True,NIVF-5261191185,2026-07-30,2026-08-02,85431.1,refuzuar,Kerkon_Rivleftesim,Refuzuar,Jo,,2026-08-03,Gabim në shumën e faturuar,L62311016C,FURN-000133,mall,30
FAT-0002517,INST-0928-2602517,ANG-0001262,True,NIVF-9678906643,2026-08-20,2026-08-20,11517.7,pranuar,E_Vleftesuar,Miratuar,Po,R_Kaloi,2026-08-29,,L62311016C,FURN-000133,mall,30
FAT-0002518,INST-0621-2602518,ANG-0001263,True,NIVF-1937884854,2026-06-06,2026-06-07,319000.0,pranuar,E_Vleftesuar,Miratuar,Po,R_Kaloi,2026-06-09,,L96611004A,FURN-000077,mall,30
FAT-0002519,INST-0626-2602519,ANG-0001264,True,NIVF-1279580086,2026-06-15,2026-06-15,14976.0,pranuar,E_Vleftesuar,Miratuar,Po,R_Kaloi,2026-06-18,,K33710769Q,FURN-000020,mall,30
FAT-0002520,INST-0453-2602520,ANG-0001265,True,NIVF-3825394448,2026-06-18,2026-06-18,15736.17,pranuar,E_Vleftesuar,Miratuar,Po,R_Kaloi,2026-06-26,,M21517029S,FURN-000272,sherbim,30
FAT-0002521,INST-0453-2602521,ANG-0001265,True,NIVF-8125017844,2026-08-08,2026-08-12,24815.46,pranuar,E_Vleftesuar,Miratuar,Po,R_Kaloi,2026-08-21,,M21517029S,FURN-000272,sherbim,30
FAT-0002522,INST-0065-2602522,ANG-0001266,True,NIVF-2300681872,2026-06-16,2026-06-17,121057.41,pranuar,E_Vleftesuar,Miratuar,Po,R_Kaloi,2026-06-26,,L32405034Q,FURN-001370,mall,30
FAT-0002523,INST-0065-2602523,ANG-0001266,True,NIVF-5293737776,2026-07-06,2026-07-08,39658.13,pranuar,E_Vleftesuar,Miratuar,Po,R_Kaloi,2026-07-13,,L32405034Q,FURN-001370,mall,30
FAT-0002524,INST-0065-2602524,ANG-0001266,True,NIVF-3103605704,2026-08-22,2026-08-26,114284.46,pranuar,E_Vleftesuar,Miratuar,Po,R_Kaloi,2026-08-31,,L32405034Q,FURN-001370,mall,30
FAT-0002525,INST-0169-2602525,ANG-0001267,True,NIVF-8924262053,2026-06-06,2026-06-09,15333336.0,pranuar,E_Vleftesuar,Miratuar,Po,R_Kaloi,2026-06-14,,K82731805K,FURN-001277,sherbim,30
FAT-0002526,INST-0925-2602526,ANG-0001268,True,NIVF-1649513169,2026-06-06,2026-06-08,33662.12,pranuar,E_Vleftesuar,Miratuar,Po,R_Kaloi,2026-06-10,,M52311039R,FURN-000386,sherbim,30
FAT-0002527,INST-0925-2602527,ANG-0001268,True,NIVF-3632248386,2026-07-31,2026-08-01,5712.21,pranuar,E_Vleftesuar,Miratuar,Po,R_Kaloi,2026-08-07,,M52311039R,FURN-000386,sherbim,30
FAT-0002528,INST-0925-2602528,ANG-0001268,True,NIVF-2902852850,2026-09-14,2026-09-18,78325.67,pranuar,E_Vleftesuar,Miratuar,Po,R_Kaloi,2026-09-18,,M52311039R,FURN-000386,sherbim,30
FAT-0002529,INST-0961-2602529,ANG-0001269,True,NIVF-1579653936,2026-06-08,2026-06-08,76732.84,pranuar,E_Vleftesuar,Miratuar,Po,R_Kaloi,2026-06-13,,L32224041T,FURN-000950,sherbim,30
FAT-0002530,INST-0961-2602530,ANG-0001269,True,NIVF-5753170053,2026-07-08,2026-07-09,21267.16,pranuar,E_Vleftesuar,Miratuar,Po,R_Kaloi,2026-07-15,,L32224041T,FURN-000950,sherbim,30
FAT-0002531,INST-0175-2602531,ANG-0001270,True,NIVF-8795683303,2026-06-19,2026-06-23,10370.88,pranuar,E_Vleftesuar,Miratuar,Po,R_Kaloi,2026-07-02,,L47201206I,FURN-000919,mall,30
FAT-0002532,INST-0175-2602532,ANG-0001270,True,NIVF-5009906031,2026-08-14,2026-08-16,89629.12,pranuar,E_Vleftesuar,Miratuar,Po,R_Kaloi,2026-08-17,,L47201206I,FURN-000919,mall,30
FAT-0002533,INST-0569-2602533,ANG-0001271,True,NIVF-3405253033,2026-06-10,2026-06-10,278922.13,pranuar,E_Vleftesuar,Miratuar,Po,R_Kaloi,2026-06-11,,L87201401H,FURN-000428,mall,30
FAT-0002534,INST-0569-2602534,ANG-0001271,True,NIVF-4340761460,2026-06-30,2026-06-30,2201077.87,pranuar,E_Vleftesuar,Miratuar,Po,R_Kaloi,2026-07-03,,L87201401H,FURN-000428,mall,30
FAT-0002535,INST-0175-2602535,ANG-0001272,True,NIVF-1288124185,2026-06-14,2026-06-17,67263.36,pranuar,E_Vleftesuar,Miratuar,Po,R_Kaloi,2026-06-21,,M51310002C,FURN-001220,pune,30
FAT-0002536,INST-0175-2602536,ANG-0001272,True,NIVF-2745519216,2026-07-06,2026-07-08,134812.38,pranuar,E_Vleftesuar,Miratuar,Po,R_Kaloi,2026-07-09,,M51310002C,FURN-001220,pune,30
FAT-0002537,INST-0175-2602537,ANG-0001272,True,NIVF-5631685992,2026-08-20,2026-08-21,414924.26,pranuar,E_Vleftesuar,Miratuar,Po,R_Kaloi,2026-08-24,,M51310002C,FURN-001220,pune,30
FAT-0002538,INST-0364-2602538,ANG-0001273,True,NIVF-3522785449,2026-06-20,2026-06-22,26662.56,pranuar,E_Vleftesuar,Miratuar,Po,R_Kaloi,2026-06-29,,M52213505B,FURN-000426,sherbim,30
FAT-0002539,INST-0364-2602539,ANG-0001273,True,NIVF-1063292153,2026-08-09,2026-08-13,53317.44,pranuar,E_Vleftesuar,Miratuar,Po,R_Kaloi,2026-08-20,,M52213505B,FURN-000426,sherbim,30
FAT-0002540,INST-0364-2602540,ANG-0001274,True,NIVF-5021536352,2026-06-20,2026-06-21,22067.03,pranuar,E_Vleftesuar,Miratuar,Po,R_Kaloi,2026-06-29,,K36306934K,FURN-000757,sherbim,30
FAT-0002541,INST-0364-2602541,ANG-0001274,True,NIVF-5932727049,2026-07-29,2026-07-30,27873.07,pranuar,E_Vleftesuar,Miratuar,Po,R_Kaloi,2026-08-05,,K36306934K,FURN-000757,sherbim,30
FAT-0002542,INST-0364-2602542,ANG-0001275,True,NIVF-3968393258,2026-06-12,2026-06-15,141596.5,pranuar,E_Vleftesuar,Miratuar,Po,R_Kaloi,2026-06-19,,M26620203T,FURN-000270,sherbim,30
FAT-0002543,INST-0364-2602543,ANG-0001275,True,NIVF-1840306947,2026-07-21,2026-07-25,12610.78,pranuar,E_Vleftesuar,Miratuar,Po,R_Kaloi,2026-08-02,,M26620203T,FURN-000270,sherbim,30
FAT-0002544,INST-0364-2602544,ANG-0001275,True,NIVF-4572414448,2026-09-06,2026-09-10,23992.72,pranuar,E_Vleftesuar,Miratuar,Po,R_Kaloi,2026-09-17,,M26620203T,FURN-000270,sherbim,30
FAT-0002545,INST-0364-2602545,ANG-0001276,True,NIVF-1658813868,2026-06-09,2026-06-10,285500.0,pranuar,E_Vleftesuar,Miratuar,Po,R_Kaloi,2026-06-19,,K62320012O,FURN-000162,mall,30
FAT-0002546,INST-0056-2602546,ANG-0001277,True,NIVF-1013605995,2026-06-10,2026-06-13,97458.33,pranuar,E_Vleftesuar,Miratuar,Po,R_Kaloi,2026-06-14,,K31516061W,FURN-000050,mall,30
FAT-0002547,INST-0535-2602547,ANG-0001278,True,NIVF-3301003127,2026-06-07,2026-06-08,170078.43,pranuar,E_Vleftesuar,Miratuar,Po,R_Kaloi,2026-06-15,,L82008020I,FURN-000425,sherbim,30
FAT-0002548,INST-0535-2602548,ANG-0001278,True,NIVF-7929151138,2026-07-17,2026-07-20,251049.42,pranuar,E_Vleftesuar,Miratuar,Po,R_Kaloi,2026-07-26,,L82008020I,FURN-000425,sherbim,30
FAT-0002549,INST-0535-2602549,ANG-0001278,True,NIVF-8939415099,2026-08-12,2026-08-16,48872.15,pranuar,E_Vleftesuar,Miratuar,Po,R_Kaloi,2026-08-20,,L82008020I,FURN-000425,sherbim,30
FAT-0002550,INST-0960-2602550,ANG-0001279,True,NIVF-7432720824,2026-06-10,2026-06-12,60347.07,pranuar,E_Vleftesuar,Miratuar,Po,R_Kaloi,2026-06-19,,M01419502G,FURN-000282,pune,30
FAT-0002551,INST-0960-2602551,ANG-0001279,True,NIVF-5119987228,2026-07-24,2026-07-27,36552.93,pranuar,E_Vleftesuar,Miratuar,Po,R_Kaloi,2026-08-02,,M01419502G,FURN-000282,pune,30
FAT-0002552,INST-0057-2602552,ANG-0001280,True,NIVF-6790809944,2026-06-14,2026-06-16,306150.0,pranuar,E_Vleftesuar,Miratuar,Po,R_Kaloi,2026-06-19,,K21511002I,FURN-001555,sherbim,30
FAT-0002553,INST-0126-2602553,ANG-0001281,True,NIVF-2427205378,2026-06-17,2026-06-19,161490.99,pranuar,E_Vleftesuar,Miratuar,Po,R_Kaloi,2026-06-21,,M21517029S,FURN-000272,pune,30
FAT-0002554,INST-0126-2602554,ANG-0001281,True,NIVF-4736975774,2026-07-31,2026-08-03,161702.72,refuzuar,Kerkon_Rivleftesim,Refuzuar,Jo,,2026-08-12,Gabim në shumën e faturuar,M21517029S,FURN-000272,pune,30
FAT-0002555,INST-0126-2602555,ANG-0001281,True,NIVF-4716156958,2026-09-04,2026-09-08,11706.28,pranuar,E_Vleftesuar,Miratuar,Po,R_Kaloi,2026-09-13,,M21517029S,FURN-000272,pune,30
FAT-0002556,INST-0098-2602556,ANG-0001282,True,NIVF-7448278362,2026-06-20,2026-06-23,10605.62,pranuar,E_Vleftesuar,Miratuar,Po,R_Kaloi,2026-06-29,,L42215015J,FURN-000895,sherbim,30
FAT-0002557,INST-0098-2602557,ANG-0001282,True,NIVF-7959563987,2026-07-25,2026-07-26,9935.8,pranuar,E_Vleftesuar,Miratuar,Po,R_Kaloi,2026-08-03,,L42215015J,FURN-000895,sherbim,30
FAT-0002558,INST-0098-2602558,ANG-0001282,True,NIVF-5579061467,2026-09-14,2026-09-17,708.57,pranuar,E_Vleftesuar,Miratuar,Po,R_Kaloi,2026-09-18,,L42215015J,FURN-000895,sherbim,30
FAT-0002559,INST-0098-2602559,ANG-0001283,True,NIVF-9287486740,2026-06-08,2026-06-11,190917.4,pranuar,E_Vleftesuar,Miratuar,Po,R_Kaloi,2026-06-12,,J62903750A,FURN-000010,mall,30
FAT-0002560,INST-0098-2602560,ANG-0001283,True,NIVF-8849077572,2026-07-22,2026-07-22,353740.21,pranuar,E_Vleftesuar,Miratuar,Po,R_Kaloi,2026-07-27,,J62903750A,FURN-000010,mall,30
FAT-0002561,INST-0098-2602561,ANG-0001283,True,NIVF-2317859024,2026-08-30,2026-09-03,75342.4,pranuar,E_Vleftesuar,Miratuar,Po,R_Kaloi,2026-09-06,,J62903750A,FURN-000010,mall,30
FAT-0002562,INST-0044-2602562,ANG-0001284,True,NIVF-1403867823,2026-06-12,2026-06-16,299730.0,pranuar,E_Vleftesuar,Miratuar,Po,R_Kaloi,2026-06-23,,K91425009A,FURN-000597,sherbim,30
FAT-0002563,INST-0621-2602563,ANG-0001285,True,NIVF-7000982715,2026-06-10,2026-06-11,21647.85,refuzuar,Kerkon_Rivleftesim,Refuzuar,Jo,,2026-06-20,Gabim në shumën e faturuar,L01508026P,FURN-000052,mall,30
FAT-0002564,INST-0621-2602564,ANG-0001285,True,NIVF-8232247817,2026-07-17,2026-07-18,38002.15,pranuar,E_Vleftesuar,Miratuar,Po,R_Kaloi,2026-07-26,,L01508026P,FURN-000052,mall,30
FAT-0002565,INST-0621-2602565,ANG-0001286,True,NIVF-1049546316,2026-06-18,2026-06-20,30000.0,pranuar,E_Vleftesuar,Miratuar,Po,R_Kaloi,2026-06-29,,K01529003M,FURN-000342,mall,30
FAT-0002566,INST-0136-2602566,ANG-0001287,True,NIVF-6329138835,2026-06-21,2026-06-22,19107.81,pranuar,E_Vleftesuar,Miratuar,Po,R_Kaloi,2026-06-27,,K91530017T,FURN-000032,pune,30
FAT-0002567,INST-0136-2602567,ANG-0001287,True,NIVF-7524062725,2026-07-25,2026-07-26,9492.19,pranuar,E_Vleftesuar,Miratuar,Po,R_Kaloi,2026-08-04,,K91530017T,FURN-000032,pune,30
FAT-0002568,INST-0136-2602568,ANG-0001288,True,NIVF-8486259139,2026-06-09,2026-06-09,45.36,pranuar,E_Vleftesuar,Miratuar,Po,R_Kaloi,2026-06-16,,L91323013Q,FURN-000477,pune,30
FAT-0002569,INST-0136-2602569,ANG-0001288,True,NIVF-4762155894,2026-07-27,2026-07-27,46.75,pranuar,E_Vleftesuar,Miratuar,Po,R_Kaloi,2026-07-28,,L91323013Q,FURN-000477,pune,30
FAT-0002570,INST-0136-2602570,ANG-0001288,True,NIVF-9930661181,2026-08-16,2026-08-20,2.89,pranuar,E_Vleftesuar,Miratuar,Po,R_Kaloi,2026-08-28,,L91323013Q,FURN-000477,pune,30
FAT-0002571,INST-0889-2602571,ANG-0001289,True,NIVF-7252313735,2026-06-10,2026-06-11,409237.88,refuzuar,Kerkon_Rivleftesim,Refuzuar,Jo,,2026-06-15,Mungesë dokumentacioni mbështetës,K87628701K,FURN-001075,mall,30
FAT-0002572,INST-0621-2602572,ANG-0001290,True,NIVF-5089985796,2026-06-20,2026-06-21,1238.48,pranuar,E_Vleftesuar,Miratuar,Po,R_Kaloi,2026-06-26,,L91612011A,FURN-000630,mall,30
FAT-0002573,INST-0621-2602573,ANG-0001290,True,NIVF-3291589205,2026-08-08,2026-08-12,679.72,pranuar,E_Vleftesuar,Miratuar,Po,R_Kaloi,2026-08-16,,L91612011A,FURN-000630,mall,30
FAT-0002574,INST-0436-2602574,ANG-0001291,True,NIVF-9201700879,2026-06-08,2026-06-11,89067.26,pranuar,E_Vleftesuar,Miratuar,Po,R_Kaloi,2026-06-13,,K99302401T,FURN-000959,mall,30
FAT-0002575,INST-0436-2602575,ANG-0001291,True,NIVF-6240919212,2026-07-11,2026-07-12,9932.74,pranuar,E_Vleftesuar,Miratuar,Po,R_Kaloi,2026-07-20,,K99302401T,FURN-000959,mall,30
FAT-0002576,INST-0624-2602576,ANG-0001292,True,NIVF-6980454837,2026-06-17,2026-06-19,100558.01,pranuar,E_Vleftesuar,Miratuar,Po,R_Kaloi,2026-06-23,,L41726016Q,FURN-000238,mall,30
FAT-0002577,INST-0624-2602577,ANG-0001292,True,NIVF-8585621766,2026-07-07,2026-07-11,220521.38,pranuar,E_Vleftesuar,Miratuar,Po,R_Kaloi,2026-07-15,,L41726016Q,FURN-000238,mall,30
FAT-0002578,INST-0624-2602578,ANG-0001292,True,NIVF-8455487562,2026-08-12,2026-08-13,47320.61,pranuar,E_Vleftesuar,Miratuar,Po,R_Kaloi,2026-08-19,,L41726016Q,FURN-000238,mall,30
FAT-0002579,INST-0151-2602579,ANG-0001293,True,NIVF-6770286676,2026-06-10,2026-06-12,350073.38,pranuar,E_Vleftesuar,Miratuar,Po,R_Kaloi,2026-06-16,,K66801001T,FURN-000325,mall,30
FAT-0002580,INST-0151-2602580,ANG-0001293,True,NIVF-7839992528,2026-08-07,2026-08-08,117426.62,pranuar,E_Vleftesuar,Miratuar,Po,R_Kaloi,2026-08-17,,K66801001T,FURN-000325,mall,30
FAT-0002581,INST-0134-2602581,ANG-0001294,True,NIVF-5522306700,2026-06-10,2026-06-11,180.81,pranuar,E_Vleftesuar,Miratuar,Po,R_Kaloi,2026-06-16,,K71819029R,FURN-000736,pune,30
FAT-0002582,INST-0134-2602582,ANG-0001294,True,NIVF-2322514823,2026-07-30,2026-07-31,5906.12,pranuar,E_Vleftesuar,Miratuar,Po,R_Kaloi,2026-08-05,,K71819029R,FURN-000736,pune,30
FAT-0002583,INST-0061-2602583,ANG-0001295,True,NIVF-3920038321,2026-06-12,2026-06-15,374434.04,pranuar,E_Vleftesuar,Miratuar,Po,R_Kaloi,2026-06-18,,L81512021D,FURN-000308,mall,30
FAT-0002584,INST-0061-2602584,ANG-0001295,True,NIVF-6187006829,2026-08-10,2026-08-10,25555.96,pranuar,E_Vleftesuar,Miratuar,Po,R_Kaloi,2026-08-11,,L81512021D,FURN-000308,mall,30
FAT-0002585,INST-0337-2602585,ANG-0001296,True,NIVF-3336908788,2026-06-19,2026-06-20,16718.55,pranuar,E_Vleftesuar,Miratuar,Po,R_Kaloi,2026-06-27,,J61814028F,FURN-000068,mall,30
FAT-0002586,INST-0337-2602586,ANG-0001296,True,NIVF-1200915136,2026-08-09,2026-08-12,7781.45,pranuar,E_Vleftesuar,Miratuar,Po,R_Kaloi,2026-08-18,,J61814028F,FURN-000068,mall,30
FAT-0002587,INST-0621-2602587,ANG-0001297,True,NIVF-3610146290,2026-06-17,2026-06-18,605729.76,pranuar,E_Vleftesuar,Miratuar,Po,R_Kaloi,2026-06-19,,J91809007H,FURN-000028,mall,30
FAT-0002588,INST-0621-2602588,ANG-0001297,True,NIVF-1740739896,2026-08-15,2026-08-19,24270.24,pranuar,E_Vleftesuar,Miratuar,Po,R_Kaloi,2026-08-28,,J91809007H,FURN-000028,mall,30
FAT-0002589,INST-0151-2602589,ANG-0001298,True,NIVF-5012412961,2026-06-13,2026-06-15,368900.0,pranuar,E_Vleftesuar,Miratuar,Po,R_Kaloi,2026-06-21,,J66902008N,FURN-000730,mall,30
FAT-0002590,INST-0338-2602590,ANG-0001299,True,NIVF-7356215124,2026-06-13,2026-06-16,201316.73,pranuar,E_Vleftesuar,Miratuar,Po,R_Kaloi,2026-06-24,,M41824506K,FURN-000760,mall,30
FAT-0002591,INST-0338-2602591,ANG-0001299,True,NIVF-1066765547,2026-07-25,2026-07-28,321796.48,pranuar,E_Vleftesuar,Miratuar,Po,R_Kaloi,2026-08-04,,M41824506K,FURN-000760,mall,30
FAT-0002592,INST-0338-2602592,ANG-0001299,True,NIVF-3128176029,2026-09-11,2026-09-13,66786.79,refuzuar,Kerkon_Rivleftesim,Refuzuar,Jo,,2026-09-16,Fiskalizim i pavlefshëm,M41824506K,FURN-000760,mall,30
FAT-0002593,INST-0135-2602593,ANG-0001300,True,NIVF-4823242101,2026-06-18,2026-06-21,243600.0,pranuar,E_Vleftesuar,Miratuar,Po,R_Kaloi,2026-06-23,,K13909401G,FURN-001751,mall,30
FAT-0002594,INST-0168-2602594,ANG-0001301,True,NIVF-3187176444,2026-06-14,2026-06-17,99800.0,pranuar,E_Vleftesuar,Miratuar,Po,R_Kaloi,2026-06-18,,M51812029F,FURN-000915,mall,30
FAT-0002595,INST-0156-2602595,ANG-0001302,True,NIVF-5399372703,2026-06-13,2026-06-14,43750.0,refuzuar,Kerkon_Rivleftesim,Refuzuar,Jo,,2026-06-16,Fiskalizim i pavlefshëm,K62320012O,FURN-000162,pune,30
FAT-0002596,INST-0436-2602596,ANG-0001303,True,NIVF-7394683278,2026-06-18,2026-06-21,30212.65,pranuar,E_Vleftesuar,Miratuar,Po,R_Kaloi,2026-06-26,,K62320012O,FURN-000162,sherbim,30
FAT-0002597,INST-0436-2602597,ANG-0001303,True,NIVF-8910816499,2026-08-09,2026-08-12,60787.35,pranuar,E_Vleftesuar,Miratuar,Po,R_Kaloi,2026-08-14,,K62320012O,FURN-000162,sherbim,30
FAT-0002598,INST-0621-2602598,ANG-0001304,True,NIVF-8185461280,2026-06-13,2026-06-14,5298.72,pranuar,E_Vleftesuar,Miratuar,Po,R_Kaloi,2026-06-15,,K74623801H,FURN-000523,mall,30
FAT-0002599,INST-0621-2602599,ANG-0001304,True,NIVF-7482601403,2026-08-05,2026-08-06,2302.25,pranuar,E_Vleftesuar,Miratuar,Po,R_Kaloi,2026-08-08,,K74623801H,FURN-000523,mall,30
FAT-0002600,INST-0057-2602600,ANG-0001305,True,NIVF-1996265129,2026-06-14,2026-06-16,0.0,pranuar,E_Vleftesuar,Miratuar,Po,R_Kaloi,2026-06-21,,,,sherbim,30
FAT-0002601,INST-0057-2602601,ANG-0001305,True,NIVF-5687709757,2026-07-19,2026-07-19,0.0,refuzuar,Kerkon_Rivleftesim,Refuzuar,Jo,,2026-07-23,Gabim në shumën e faturuar,,,sherbim,30
FAT-0002602,INST-0057-2602602,ANG-0001305,True,NIVF-9616737469,2026-08-26,2026-08-28,0.0,pranuar,E_Vleftesuar,Miratuar,Po,R_Kaloi,2026-08-29,,,,sherbim,30
FAT-0002603,INST-0057-2602603,ANG-0001306,True,NIVF-4341563469,2026-06-14,2026-06-15,9983.12,pranuar,E_Vleftesuar,Miratuar,Po,R_Kaloi,2026-06-16,,K82215016U,FURN-001553,mall,30
FAT-0002604,INST-0057-2602604,ANG-0001306,True,NIVF-8989255024,2026-07-13,2026-07-16,27751.01,pranuar,E_Vleftesuar,Miratuar,Po,R_Kaloi,2026-07-22,,K82215016U,FURN-001553,mall,30
FAT-0002605,INST-0057-2602605,ANG-0001306,True,NIVF-7401031755,2026-09-06,2026-09-10,21265.87,pranuar,E_Vleftesuar,Miratuar,Po,R_Kaloi,2026-09-16,,K82215016U,FURN-001553,mall,30
FAT-0002606,INST-0172-2602606,ANG-0001307,True,NIVF-5355989751,2026-06-24,2026-06-26,95512.18,pranuar,E_Vleftesuar,Miratuar,Po,R_Kaloi,2026-07-03,,J62426002Q,FURN-000236,pune,30
FAT-0002607,INST-0172-2602607,ANG-0001307,True,NIVF-2769099098,2026-08-12,2026-08-16,154387.82,pranuar,E_Vleftesuar,Miratuar,Po,R_Kaloi,2026-08-17,,J62426002Q,FURN-000236,pune,30
FAT-0002608,INST-0156-2602608,ANG-0001308,True,NIVF-7075828102,2026-06-14,2026-06-16,50000.0,pranuar,E_Vleftesuar,Miratuar,Po,R_Kaloi,2026-06-22,,M44805601C,FURN-000546,mall,30
FAT-0002609,INST-0563-2602609,ANG-0001309,True,NIVF-7062472144,2026-06-18,2026-06-20,534499.0,pranuar,E_Vleftesuar,Miratuar,Po,R_Kaloi,2026-06-29,,J61813529P,FURN-000228,mall,30
FAT-0002610,INST-0915-2602610,ANG-0001310,True,NIVF-3207325267,2026-06-19,2026-06-23,23827991.0,pranuar,E_Vleftesuar,Miratuar,Po,R_Kaloi,2026-07-02,,J99016203O,FURN-001338,pune,30
FAT-0002611,INST-0961-2602611,ANG-0001311,True,NIVF-4742162679,2026-06-18,2026-06-19,91500.0,pranuar,E_Vleftesuar,Miratuar,Po,R_Kaloi,2026-06-25,,L01325010Q,FURN-000414,sherbim,30
FAT-0002612,INST-0169-2602612,ANG-0001312,True,NIVF-8735947088,2026-06-16,2026-06-16,99000.0,pranuar,E_Vleftesuar,Miratuar,Po,R_Kaloi,2026-06-21,,M11714046V,FURN-000188,sherbim,30
FAT-0002613,INST-0337-2602613,ANG-0001313,True,NIVF-4968889720,2026-06-18,2026-06-22,88.56,pranuar,E_Vleftesuar,Miratuar,Po,R_Kaloi,2026-06-28,,K42108801C,FURN-000106,sherbim,30
FAT-0002614,INST-0337-2602614,ANG-0001313,True,NIVF-8500905165,2026-07-23,2026-07-24,10.61,pranuar,E_Vleftesuar,Miratuar,Po,R_Kaloi,2026-08-01,,K42108801C,FURN-000106,sherbim,30
FAT-0002615,INST-0922-2602615,ANG-0001314,True,NIVF-4950732382,2026-06-11,2026-06-12,81835.06,refuzuar,Kerkon_Rivleftesim,Refuzuar,Jo,,2026-06-20,Mungesë dokumentacioni mbështetës,L41307020G,FURN-000912,mall,30
FAT-0002616,INST-0922-2602616,ANG-0001314,True,NIVF-8971038702,2026-07-09,2026-07-09,133164.94,pranuar,E_Vleftesuar,Miratuar,Po,R_Kaloi,2026-07-13,,L41307020G,FURN-000912,mall,30
FAT-0002617,INST-0621-2602617,ANG-0001315,True,NIVF-5555818507,2026-06-21,2026-06-21,41645704.8,pranuar,E_Vleftesuar,Miratuar,Po,R_Kaloi,2026-06-27,,J87602809S,FURN-001678,mall,30
FAT-0002618,INST-0621-2602618,ANG-0001316,True,NIVF-5985554337,2026-06-15,2026-06-19,51509.28,pranuar,E_Vleftesuar,Miratuar,Po,R_Kaloi,2026-06-23,,L13726601G,FURN-000547,mall,30
FAT-0002619,INST-0621-2602619,ANG-0001316,True,NIVF-8645943738,2026-07-26,2026-07-30,15490.72,pranuar,E_Vleftesuar,Miratuar,Po,R_Kaloi,2026-08-07,,L13726601G,FURN-000547,mall,30
FAT-0002620,INST-0621-2602620,ANG-0001317,True,NIVF-7448835053,2026-06-12,2026-06-12,24104.65,pranuar,E_Vleftesuar,Miratuar,Po,R_Kaloi,2026-06-20,,L11326001A,FURN-000737,mall,30
FAT-0002621,INST-0621-2602621,ANG-0001317,True,NIVF-4267697662,2026-08-07,2026-08-10,121445.35,pranuar,E_Vleftesuar,Miratuar,Po,R_Kaloi,2026-08-16,,L11326001A,FURN-000737,mall,30
FAT-0002622,INST-0621-2602622,ANG-0001318,True,NIVF-1730968090,2026-06-24,2026-06-26,31169.31,pranuar,E_Vleftesuar,Miratuar,Po,R_Kaloi,2026-07-01,,L13726601G,FURN-000547,mall,30
FAT-0002623,INST-0621-2602623,ANG-0001318,True,NIVF-2243784402,2026-08-14,2026-08-15,35830.69,refuzuar,Kerkon_Rivleftesim,Refuzuar,Jo,,2026-08-20,Mungesë dokumentacioni mbështetës,L13726601G,FURN-000547,mall,30
FAT-0002624,INST-0621-2602624,ANG-0001319,True,NIVF-1186379574,2026-06-22,2026-06-22,139550.0,pranuar,E_Vleftesuar,Miratuar,Po,R_Kaloi,2026-06-29,,L11326001A,FURN-000737,mall,30
FAT-0002625,INST-0172-2602625,ANG-0001320,True,NIVF-6789020240,2026-06-17,2026-06-21,48800.0,pranuar,E_Vleftesuar,Miratuar,Po,R_Kaloi,2026-06-27,,M01321501F,FURN-000205,pune,30
FAT-0002626,INST-0621-2602626,ANG-0001321,True,NIVF-8135453343,2026-06-16,2026-06-16,200000.0,pranuar,E_Vleftesuar,Miratuar,Po,R_Kaloi,2026-06-24,,M11313029O,FURN-000904,sherbim,30
FAT-0002627,INST-0621-2602627,ANG-0001322,True,NIVF-4044080527,2026-06-15,2026-06-19,3500.0,pranuar,E_Vleftesuar,Miratuar,Po,R_Kaloi,2026-06-27,,K62320012O,FURN-000162,sherbim,30
FAT-0002628,INST-0961-2602628,ANG-0001323,True,NIVF-9832639211,2026-06-22,2026-06-25,56174.65,pranuar,E_Vleftesuar,Miratuar,Po,R_Kaloi,2026-07-01,,K46523066Q,FURN-000731,mall,30
FAT-0002629,INST-0961-2602629,ANG-0001323,True,NIVF-4940954902,2026-08-20,2026-08-20,51875.38,pranuar,E_Vleftesuar,Miratuar,Po,R_Kaloi,2026-08-24,,K46523066Q,FURN-000731,mall,30
FAT-0002630,INST-0337-2602630,ANG-0001324,True,NIVF-8880261734,2026-06-24,2026-06-28,24737.75,pranuar,E_Vleftesuar,Miratuar,Po,R_Kaloi,2026-07-04,,L58604901R,FURN-000505,mall,30
FAT-0002631,INST-0337-2602631,ANG-0001324,True,NIVF-8883879540,2026-08-13,2026-08-13,9255.43,pranuar,E_Vleftesuar,Miratuar,Po,R_Kaloi,2026-08-20,,L58604901R,FURN-000505,mall,30
FAT-0002632,INST-0337-2602632,ANG-0001324,True,NIVF-8909971550,2026-09-17,2026-09-18,9756.82,pranuar,E_Vleftesuar,Miratuar,Po,R_Kaloi,2026-09-18,,L58604901R,FURN-000505,mall,30
FAT-0002633,INST-0156-2602633,ANG-0001325,True,NIVF-8201281056,2026-06-19,2026-06-23,250000.0,refuzuar,Kerkon_Rivleftesim,Refuzuar,Jo,,2026-06-26,Mungesë dokumentacioni mbështetës,L82916601N,FURN-000286,pune,30
FAT-0002634,INST-0126-2602634,ANG-0001326,True,NIVF-7210920092,2026-06-16,2026-06-19,17867.2,pranuar,E_Vleftesuar,Miratuar,Po,R_Kaloi,2026-06-22,,M22702001L,FURN-000207,mall,30
FAT-0002635,INST-0126-2602635,ANG-0001326,True,NIVF-5933968913,2026-07-29,2026-07-30,81362.8,pranuar,E_Vleftesuar,Miratuar,Po,R_Kaloi,2026-08-02,,M22702001L,FURN-000207,mall,30
FAT-0002636,INST-0621-2602636,ANG-0001327,True,NIVF-4702558562,2026-06-19,2026-06-20,26373.85,pranuar,E_Vleftesuar,Miratuar,Po,R_Kaloi,2026-06-21,,L71325019D,FURN-000140,sherbim,30
FAT-0002637,INST-0621-2602637,ANG-0001327,True,NIVF-7325140857,2026-07-24,2026-07-28,2551.07,pranuar,E_Vleftesuar,Miratuar,Po,R_Kaloi,2026-08-01,,L71325019D,FURN-000140,sherbim,30
FAT-0002638,INST-0621-2602638,ANG-0001327,True,NIVF-3840070563,2026-08-25,2026-08-25,169575.08,pranuar,E_Vleftesuar,Miratuar,Po,R_Kaloi,2026-08-29,,L71325019D,FURN-000140,sherbim,30
FAT-0002639,INST-0621-2602639,ANG-0001328,True,NIVF-5124906283,2026-06-24,2026-06-25,8439.27,pranuar,E_Vleftesuar,Miratuar,Po,R_Kaloi,2026-06-29,,L91418502J,FURN-000101,mall,30
FAT-0002640,INST-0621-2602640,ANG-0001328,True,NIVF-4637777084,2026-08-18,2026-08-20,44234.46,pranuar,E_Vleftesuar,Miratuar,Po,R_Kaloi,2026-08-27,,L91418502J,FURN-000101,mall,30
FAT-0002641,INST-0621-2602641,ANG-0001328,True,NIVF-4543538901,2026-09-15,2026-09-15,82326.26,pranuar,E_Vleftesuar,Miratuar,Po,R_Kaloi,2026-09-17,,L91418502J,FURN-000101,mall,30
FAT-0002642,INST-0621-2602642,ANG-0001329,True,NIVF-2903255467,2026-06-17,2026-06-17,7812.19,pranuar,E_Vleftesuar,Miratuar,Po,R_Kaloi,2026-06-21,,K12201002T,FURN-000088,mall,30
FAT-0002643,INST-0621-2602643,ANG-0001329,True,NIVF-4861131534,2026-07-15,2026-07-19,174669.81,pranuar,E_Vleftesuar,Miratuar,Po,R_Kaloi,2026-07-27,,K12201002T,FURN-000088,mall,30
FAT-0002644,INST-0172-2602644,ANG-0001330,True,NIVF-2956061126,2026-06-23,2026-06-23,197833.35,pranuar,E_Vleftesuar,Miratuar,Po,R_Kaloi,2026-06-26,,M31316031U,FURN-001063,pune,30
FAT-0002645,INST-0172-2602645,ANG-0001330,True,NIVF-8770229477,2026-07-28,2026-07-28,18666.65,pranuar,E_Vleftesuar,Miratuar,Po,R_Kaloi,2026-07-30,,M31316031U,FURN-001063,pune,30
FAT-0002646,INST-0136-2602646,ANG-0001331,True,NIVF-6569025785,2026-06-27,2026-06-28,3388.48,pranuar,E_Vleftesuar,Miratuar,Po,R_Kaloi,2026-07-02,,K31528061N,FURN-000306,pune,30
FAT-0002647,INST-0136-2602647,ANG-0001331,True,NIVF-9053696324,2026-08-05,2026-08-09,50851.52,pranuar,E_Vleftesuar,Miratuar,Po,R_Kaloi,2026-08-14,,K31528061N,FURN-000306,pune,30
FAT-0002648,INST-0337-2602648,ANG-0001332,True,NIVF-6203662530,2026-06-16,2026-06-16,4792.26,pranuar,E_Vleftesuar,Miratuar,Po,R_Kaloi,2026-06-20,,L76414203K,FURN-000593,sherbim,30
FAT-0002649,INST-0337-2602649,ANG-0001332,True,NIVF-6670724684,2026-08-01,2026-08-02,8674.74,pranuar,E_Vleftesuar,Miratuar,Po,R_Kaloi,2026-08-09,,L76414203K,FURN-000593,sherbim,30
FAT-0002650,INST-0970-2602650,ANG-0001333,True,NIVF-5507523732,2026-06-20,2026-06-20,204200.0,pranuar,E_Vleftesuar,Miratuar,Po,R_Kaloi,2026-06-28,,J91329003O,FURN-000418,sherbim,30
FAT-0002651,INST-0970-2602651,ANG-0001334,True,NIVF-4138475502,2026-06-15,2026-06-16,1764.51,refuzuar,Kerkon_Rivleftesim,Refuzuar,Jo,,2026-06-23,Mospërputhje me kontratën,L76513002L,FURN-000212,sherbim,30
FAT-0002652,INST-0970-2602652,ANG-0001334,True,NIVF-6138401047,2026-07-07,2026-07-08,93464.41,pranuar,E_Vleftesuar,Miratuar,Po,R_Kaloi,2026-07-11,,L76513002L,FURN-000212,sherbim,30
FAT-0002653,INST-0970-2602653,ANG-0001334,True,NIVF-1245145664,2026-07-29,2026-07-29,4671.08,pranuar,E_Vleftesuar,Miratuar,Po,R_Kaloi,2026-08-07,,L76513002L,FURN-000212,sherbim,30
FAT-0002654,INST-0970-2602654,ANG-0001335,True,NIVF-6757627612,2026-06-17,2026-06-19,61137.06,pranuar,E_Vleftesuar,Miratuar,Po,R_Kaloi,2026-06-24,,J61901194M,FURN-000348,sherbim,30
FAT-0002655,INST-0970-2602655,ANG-0001335,True,NIVF-3817838775,2026-07-07,2026-07-09,38862.94,pranuar,E_Vleftesuar,Miratuar,Po,R_Kaloi,2026-07-17,,J61901194M,FURN-000348,sherbim,30
FAT-0002656,INST-0148-2602656,ANG-0001336,True,NIVF-7840889677,2026-06-28,2026-06-30,74988.21,pranuar,E_Vleftesuar,Miratuar,Po,R_Kaloi,2026-07-09,,M06916701U,FURN-000993,mall,30
FAT-0002657,INST-0148-2602657,ANG-0001336,True,NIVF-8096743650,2026-08-08,2026-08-12,24711.79,pranuar,E_Vleftesuar,Miratuar,Po,R_Kaloi,2026-08-14,,M06916701U,FURN-000993,mall,30
FAT-0002658,INST-0621-2602658,ANG-0001337,True,NIVF-2865043792,2026-06-17,2026-06-19,21646.57,pranuar,E_Vleftesuar,Miratuar,Po,R_Kaloi,2026-06-21,,L22218008Q,FURN-000838,sherbim,30
FAT-0002659,INST-0621-2602659,ANG-0001337,True,NIVF-4716479384,2026-07-12,2026-07-16,99725.83,pranuar,E_Vleftesuar,Miratuar,Po,R_Kaloi,2026-07-22,,L22218008Q,FURN-000838,sherbim,30
FAT-0002660,INST-0621-2602660,ANG-0001337,True,NIVF-1262777461,2026-08-10,2026-08-13,96627.6,pranuar,E_Vleftesuar,Miratuar,Po,R_Kaloi,2026-08-15,,L22218008Q,FURN-000838,sherbim,30
FAT-0002661,INST-0087-2602661,ANG-0001338,True,NIVF-1787667101,2026-06-23,2026-06-26,100.88,pranuar,E_Vleftesuar,Miratuar,Po,R_Kaloi,2026-07-02,,K21405001N,FURN-000404,mall,30
FAT-0002662,INST-0087-2602662,ANG-0001338,True,NIVF-4451275985,2026-08-07,2026-08-11,4587.49,pranuar,E_Vleftesuar,Miratuar,Po,R_Kaloi,2026-08-18,,K21405001N,FURN-000404,mall,30
FAT-0002663,INST-0424-2602663,ANG-0001339,True,NIVF-5231182228,2026-06-28,2026-07-01,29569.0,pranuar,E_Vleftesuar,Miratuar,Po,R_Kaloi,2026-07-04,,K41926801W,FURN-000316,pune,30
FAT-0002664,INST-0424-2602664,ANG-0001340,True,NIVF-9260839994,2026-06-23,2026-06-27,469900.0,pranuar,E_Vleftesuar,Miratuar,Po,R_Kaloi,2026-07-02,,M32407021T,FURN-000297,pune,30
FAT-0002665,INST-0424-2602665,ANG-0001341,True,NIVF-5430933988,2026-06-17,2026-06-17,404810.14,pranuar,E_Vleftesuar,Miratuar,Po,R_Kaloi,2026-06-22,,M51414009M,FURN-000995,pune,30
FAT-0002666,INST-0424-2602666,ANG-0001341,True,NIVF-3616448607,2026-08-12,2026-08-13,117525.97,pranuar,E_Vleftesuar,Miratuar,Po,R_Kaloi,2026-08-20,,M51414009M,FURN-000995,pune,30
FAT-0002667,INST-0963-2602667,ANG-0001342,True,NIVF-2114608688,2026-06-28,2026-07-01,140122.54,pranuar,E_Vleftesuar,Miratuar,Po,R_Kaloi,2026-07-10,,J72124001N,FURN-000179,pune,30
FAT-0002668,INST-0963-2602668,ANG-0001342,True,NIVF-2747983490,2026-08-09,2026-08-11,109877.46,refuzuar,Kerkon_Rivleftesim,Refuzuar,Jo,,2026-08-16,Mungesë dokumentacioni mbështetës,J72124001N,FURN-000179,pune,30
FAT-0002669,INST-0566-2602669,ANG-0001343,True,NIVF-4713588295,2026-06-28,2026-06-28,248000.0,pranuar,E_Vleftesuar,Miratuar,Po,R_Kaloi,2026-07-07,,M42203017M,FURN-000376,pune,30
FAT-0002670,INST-1035-2602670,ANG-0001344,True,NIVF-1074475117,2026-06-20,2026-06-21,103792.81,pranuar,E_Vleftesuar,Miratuar,Po,R_Kaloi,2026-06-29,,L82029503P,FURN-001157,pune,30
FAT-0002671,INST-1035-2602671,ANG-0001344,True,NIVF-9569910219,2026-07-13,2026-07-16,38207.19,pranuar,E_Vleftesuar,Miratuar,Po,R_Kaloi,2026-07-22,,L82029503P,FURN-001157,pune,30
FAT-0002672,INST-0424-2602672,ANG-0001345,True,NIVF-3565898421,2026-06-16,2026-06-19,938235.54,pranuar,E_Vleftesuar,Miratuar,Po,R_Kaloi,2026-06-28,,M11313029O,FURN-000904,pune,30
FAT-0002673,INST-0424-2602673,ANG-0001345,True,NIVF-6820649015,2026-08-04,2026-08-06,291544.46,pranuar,E_Vleftesuar,Miratuar,Po,R_Kaloi,2026-08-14,,M11313029O,FURN-000904,pune,30
FAT-0002674,INST-0969-2602674,ANG-0001346,True,NIVF-7339758713,2026-06-25,2026-06-26,67985.26,pranuar,E_Vleftesuar,Miratuar,Po,R_Kaloi,2026-06-28,,J66902033R,FURN-000066,pune,30
FAT-0002675,INST-0969-2602675,ANG-0001346,True,NIVF-1646648297,2026-07-27,2026-07-31,24938.79,pranuar,E_Vleftesuar,Miratuar,Po,R_Kaloi,2026-08-04,,J66902033R,FURN-000066,pune,30
FAT-0002676,INST-0621-2602676,ANG-0001347,True,NIVF-4011247915,2026-06-16,2026-06-18,120835.0,pranuar,E_Vleftesuar,Miratuar,Po,R_Kaloi,2026-06-23,,M32107014E,FURN-001596,mall,30
FAT-0002677,INST-0621-2602677,ANG-0001348,True,NIVF-8091518903,2026-06-18,2026-06-19,445060.0,pranuar,E_Vleftesuar,Miratuar,Po,R_Kaloi,2026-06-23,,K24010212N,FURN-001201,mall,30
FAT-0002678,INST-0621-2602678,ANG-0001349,True,NIVF-6227778041,2026-06-21,2026-06-21,889820.0,pranuar,E_Vleftesuar,Miratuar,Po,R_Kaloi,2026-06-25,,M02403014N,FURN-001024,mall,30
FAT-0002679,INST-0621-2602679,ANG-0001350,True,NIVF-8291161968,2026-06-26,2026-06-30,110772.64,pranuar,E_Vleftesuar,Miratuar,Po,R_Kaloi,2026-07-05,,K62404012G,FURN-000759,mall,30
FAT-0002680,INST-0621-2602680,ANG-0001350,True,NIVF-4884786495,2026-08-10,2026-08-13,125714.41,pranuar,E_Vleftesuar,Miratuar,Po,R_Kaloi,2026-08-22,,K62404012G,FURN-000759,mall,30
FAT-0002681,INST-0621-2602681,ANG-0001351,True,NIVF-1968800091,2026-06-21,2026-06-23,1776209.82,pranuar,E_Vleftesuar,Miratuar,Po,R_Kaloi,2026-06-30,,K71707007Q,FURN-000160,mall,30
FAT-0002682,INST-0621-2602682,ANG-0001351,True,NIVF-4743513691,2026-07-24,2026-07-24,167790.18,pranuar,E_Vleftesuar,Miratuar,Po,R_Kaloi,2026-07-29,,K71707007Q,FURN-000160,mall,30
FAT-0002683,INST-0621-2602683,ANG-0001352,True,NIVF-1187729003,2026-06-20,2026-06-24,115731.1,pranuar,E_Vleftesuar,Miratuar,Po,R_Kaloi,2026-07-01,,L87312201H,FURN-000994,mall,30
FAT-0002684,INST-0621-2602684,ANG-0001352,True,NIVF-5832013836,2026-08-16,2026-08-17,129992.0,pranuar,E_Vleftesuar,Miratuar,Po,R_Kaloi,2026-08-25,,L87312201H,FURN-000994,mall,30
FAT-0002685,INST-0621-2602685,ANG-0001352,True,NIVF-4226357017,2026-09-07,2026-09-11,26216.53,pranuar,E_Vleftesuar,Miratuar,Po,R_Kaloi,2026-09-13,,L87312201H,FURN-000994,mall,30
FAT-0002686,INST-0621-2602686,ANG-0001353,True,NIVF-9147711332,2026-06-16,2026-06-17,16759.68,pranuar,E_Vleftesuar,Miratuar,Po,R_Kaloi,2026-06-25,,M46915401B,FURN-000825,mall,30
FAT-0002687,INST-0621-2602687,ANG-0001353,True,NIVF-2840824594,2026-07-25,2026-07-27,329380.4,pranuar,E_Vleftesuar,Miratuar,Po,R_Kaloi,2026-07-30,,M46915401B,FURN-000825,mall,30
FAT-0002688,INST-0621-2602688,ANG-0001353,True,NIVF-2179782524,2026-09-07,2026-09-08,83849.92,pranuar,E_Vleftesuar,Miratuar,Po,R_Kaloi,2026-09-12,,M46915401B,FURN-000825,mall,30
FAT-0002689,INST-0621-2602689,ANG-0001354,True,NIVF-5297362173,2026-06-16,2026-06-19,184329.89,pranuar,E_Vleftesuar,Miratuar,Po,R_Kaloi,2026-06-23,,K01421002H,FURN-001095,mall,30
FAT-0002690,INST-0621-2602690,ANG-0001354,True,NIVF-4883729856,2026-07-27,2026-07-27,2220.11,pranuar,E_Vleftesuar,Miratuar,Po,R_Kaloi,2026-08-05,,K01421002H,FURN-001095,mall,30
FAT-0002691,INST-0621-2602691,ANG-0001355,True,NIVF-7425882870,2026-06-15,2026-06-15,480000.0,pranuar,E_Vleftesuar,Miratuar,Po,R_Kaloi,2026-06-23,,J91809007H,FURN-000028,mall,30
FAT-0002692,INST-0621-2602692,ANG-0001356,True,NIVF-9887142046,2026-06-21,2026-06-25,720000.0,pranuar,E_Vleftesuar,Miratuar,Po,R_Kaloi,2026-06-29,,L48720101F,FURN-001007,mall,30
FAT-0002693,INST-0621-2602693,ANG-0001357,True,NIVF-9794075100,2026-06-16,2026-06-17,143760.0,pranuar,E_Vleftesuar,Miratuar,Po,R_Kaloi,2026-06-20,,L12107043O,FURN-000120,mall,30
FAT-0002694,INST-0621-2602694,ANG-0001358,True,NIVF-4946552691,2026-06-28,2026-06-30,15452724.6,pranuar,E_Vleftesuar,Miratuar,Po,R_Kaloi,2026-07-08,,K87706601M,FURN-001345,mall,30
FAT-0002695,INST-0621-2602695,ANG-0001359,True,NIVF-6165507684,2026-06-20,2026-06-23,382986.8,pranuar,E_Vleftesuar,Miratuar,Po,R_Kaloi,2026-06-28,,L82203011N,FURN-000199,mall,30
FAT-0002696,INST-0621-2602696,ANG-0001359,True,NIVF-1046256752,2026-08-12,2026-08-14,28727.2,pranuar,E_Vleftesuar,Miratuar,Po,R_Kaloi,2026-08-22,,L82203011N,FURN-000199,mall,30
FAT-0002697,INST-0621-2602697,ANG-0001359,True,NIVF-7053930970,2026-09-03,2026-09-03,323285.99,pranuar,E_Vleftesuar,Miratuar,Po,R_Kaloi,2026-09-09,,L82203011N,FURN-000199,mall,30
FAT-0002698,INST-0621-2602698,ANG-0001360,True,NIVF-7985112397,2026-06-29,2026-06-30,436197.47,pranuar,E_Vleftesuar,Miratuar,Po,R_Kaloi,2026-07-06,,M47005702V,FURN-000254,mall,30
FAT-0002699,INST-0621-2602699,ANG-0001360,True,NIVF-5444358164,2026-08-07,2026-08-07,195802.53,pranuar,E_Vleftesuar,Miratuar,Po,R_Kaloi,2026-08-15,,M47005702V,FURN-000254,mall,30
FAT-0002700,INST-0407-2602700,ANG-0001361,True,NIVF-3219280674,2026-06-28,2026-07-02,158900.0,pranuar,E_Vleftesuar,Miratuar,Po,R_Kaloi,2026-07-03,,M48110601O,FURN-000214,sherbim,30
FAT-0002701,INST-0126-2602701,ANG-0001362,True,NIVF-4128184096,2026-06-19,2026-06-19,0.0,pranuar,E_Vleftesuar,Miratuar,Po,R_Kaloi,2026-06-21,,,,pune,30
FAT-0002702,INST-0126-2602702,ANG-0001362,True,NIVF-3949110900,2026-07-18,2026-07-18,0.0,pranuar,E_Vleftesuar,Miratuar,Po,R_Kaloi,2026-07-22,,,,pune,30
FAT-0002703,INST-0126-2602703,ANG-0001362,True,NIVF-2243256800,2026-09-04,2026-09-04,0.0,pranuar,E_Vleftesuar,Miratuar,Po,R_Kaloi,2026-09-10,,,,pune,30
FAT-0002704,INST-0126-2602704,ANG-0001363,True,NIVF-3107096435,2026-06-17,2026-06-21,3768.76,pranuar,E_Vleftesuar,Miratuar,Po,R_Kaloi,2026-06-27,,L87312201H,FURN-000994,pune,30
FAT-0002705,INST-0126-2602705,ANG-0001363,True,NIVF-8157684329,2026-08-09,2026-08-13,359.74,pranuar,E_Vleftesuar,Miratuar,Po,R_Kaloi,2026-08-18,,L87312201H,FURN-000994,pune,30
FAT-0002706,INST-0621-2602706,ANG-0001364,True,NIVF-6065120219,2026-06-21,2026-06-22,28278.0,pranuar,E_Vleftesuar,Miratuar,Po,R_Kaloi,2026-06-26,,K81607050Q,FURN-000249,mall,30
FAT-0002707,INST-0621-2602707,ANG-0001365,True,NIVF-8208785928,2026-06-17,2026-06-17,27088.25,pranuar,E_Vleftesuar,Miratuar,Po,R_Kaloi,2026-06-26,,L41726016Q,FURN-000238,mall,30
FAT-0002708,INST-0621-2602708,ANG-0001365,True,NIVF-4504828795,2026-07-30,2026-08-01,2911.75,pranuar,E_Vleftesuar,Miratuar,Po,R_Kaloi,2026-08-06,,L41726016Q,FURN-000238,mall,30
FAT-0002709,INST-0621-2602709,ANG-0001366,True,NIVF-1985008103,2026-06-29,2026-06-29,0.0,pranuar,E_Vleftesuar,Miratuar,Po,R_Kaloi,2026-07-01,,,,mall,30
FAT-0002710,INST-0621-2602710,ANG-0001366,True,NIVF-4231507229,2026-07-19,2026-07-19,0.0,pranuar,E_Vleftesuar,Miratuar,Po,R_Kaloi,2026-07-27,,,,mall,30
FAT-0002711,INST-0621-2602711,ANG-0001367,True,NIVF-8153030283,2026-06-21,2026-06-21,15000.0,pranuar,E_Vleftesuar,Miratuar,Po,R_Kaloi,2026-06-30,,M47005702V,FURN-000254,mall,30
FAT-0002712,INST-0621-2602712,ANG-0001368,True,NIVF-6674191280,2026-06-17,2026-06-21,638.1,pranuar,E_Vleftesuar,Miratuar,Po,R_Kaloi,2026-06-30,,K81607050Q,FURN-000249,mall,30
FAT-0002713,INST-0621-2602713,ANG-0001368,True,NIVF-2673577039,2026-07-17,2026-07-19,99.35,pranuar,E_Vleftesuar,Miratuar,Po,R_Kaloi,2026-07-20,,K81607050Q,FURN-000249,mall,30
FAT-0002714,INST-0621-2602714,ANG-0001368,True,NIVF-3503898680,2026-09-13,2026-09-17,4.25,pranuar,E_Vleftesuar,Miratuar,Po,R_Kaloi,2026-09-18,,K81607050Q,FURN-000249,mall,30
FAT-0002715,INST-0621-2602715,ANG-0001369,True,NIVF-9596527859,2026-06-17,2026-06-19,7346.7,pranuar,E_Vleftesuar,Miratuar,Po,R_Kaloi,2026-06-28,,K72228008B,FURN-000444,mall,30
FAT-0002716,INST-0621-2602716,ANG-0001369,True,NIVF-1982455534,2026-08-13,2026-08-17,4821.3,pranuar,E_Vleftesuar,Miratuar,Po,R_Kaloi,2026-08-18,,K72228008B,FURN-000444,mall,30
FAT-0002717,INST-0621-2602717,ANG-0001370,True,NIVF-7399522114,2026-06-20,2026-06-24,42074.21,pranuar,E_Vleftesuar,Miratuar,Po,R_Kaloi,2026-06-27,,L78611901I,FURN-000283,mall,30
FAT-0002718,INST-0621-2602718,ANG-0001370,True,NIVF-5896641905,2026-07-31,2026-08-01,4097.02,pranuar,E_Vleftesuar,Miratuar,Po,R_Kaloi,2026-08-02,,L78611901I,FURN-000283,mall,30
FAT-0002719,INST-0621-2602719,ANG-0001370,True,NIVF-4686181699,2026-08-27,2026-08-31,50903.76,pranuar,E_Vleftesuar,Miratuar,Po,R_Kaloi,2026-09-04,,L78611901I,FURN-000283,mall,30
FAT-0002720,INST-0621-2602720,ANG-0001371,True,NIVF-6842581681,2026-06-27,2026-06-29,440000.0,pranuar,E_Vleftesuar,Miratuar,Po,R_Kaloi,2026-07-07,,L71715003C,FURN-000184,mall,30
FAT-0002721,INST-0621-2602721,ANG-0001372,True,NIVF-3238079394,2026-06-24,2026-06-26,763012.89,pranuar,E_Vleftesuar,Miratuar,Po,R_Kaloi,2026-07-04,,M07214203A,FURN-001923,mall,30
FAT-0002722,INST-0621-2602722,ANG-0001372,True,NIVF-8599095089,2026-07-24,2026-07-24,170987.11,pranuar,E_Vleftesuar,Miratuar,Po,R_Kaloi,2026-08-02,,M07214203A,FURN-001923,mall,30
FAT-0002723,INST-0621-2602723,ANG-0001373,True,NIVF-5495037973,2026-06-26,2026-06-29,11676.57,pranuar,E_Vleftesuar,Miratuar,Po,R_Kaloi,2026-07-04,,M53319201J,FURN-000340,mall,30
FAT-0002724,INST-0621-2602724,ANG-0001373,True,NIVF-4232596839,2026-08-17,2026-08-17,26238.42,pranuar,E_Vleftesuar,Miratuar,Po,R_Kaloi,2026-08-19,,M53319201J,FURN-000340,mall,30
FAT-0002725,INST-0621-2602725,ANG-0001374,True,NIVF-5155266168,2026-06-18,2026-06-20,26236.17,pranuar,E_Vleftesuar,Miratuar,Po,R_Kaloi,2026-06-25,,L59522404I,FURN-000958,mall,30
FAT-0002726,INST-0621-2602726,ANG-0001374,True,NIVF-1778722500,2026-07-12,2026-07-14,73263.83,pranuar,E_Vleftesuar,Miratuar,Po,R_Kaloi,2026-07-22,,L59522404I,FURN-000958,mall,30
FAT-0002727,INST-0621-2602727,ANG-0001375,True,NIVF-1248387756,2026-06-20,2026-06-21,63113.66,pranuar,E_Vleftesuar,Miratuar,Po,R_Kaloi,2026-06-29,,K99003403I,FURN-000957,mall,30
FAT-0002728,INST-0621-2602728,ANG-0001375,True,NIVF-1890383680,2026-07-12,2026-07-16,17986.34,pranuar,E_Vleftesuar,Miratuar,Po,R_Kaloi,2026-07-25,,K99003403I,FURN-000957,mall,30
FAT-0002729,INST-0621-2602729,ANG-0001376,True,NIVF-5065544480,2026-06-29,2026-07-02,10321.29,pranuar,E_Vleftesuar,Miratuar,Po,R_Kaloi,2026-07-03,,K92201080V,FURN-000119,mall,30
FAT-0002730,INST-0621-2602730,ANG-0001376,True,NIVF-6358836277,2026-08-24,2026-08-28,136533.91,pranuar,E_Vleftesuar,Miratuar,Po,R_Kaloi,2026-09-04,,K92201080V,FURN-000119,mall,30
FAT-0002731,INST-0621-2602731,ANG-0001377,True,NIVF-1475650243,2026-06-22,2026-06-23,361243.74,pranuar,E_Vleftesuar,Miratuar,Po,R_Kaloi,2026-07-02,,M57122701K,FURN-000647,mall,30
FAT-0002732,INST-0621-2602732,ANG-0001377,True,NIVF-7345180663,2026-07-23,2026-07-26,11911.21,pranuar,E_Vleftesuar,Miratuar,Po,R_Kaloi,2026-07-28,,M57122701K,FURN-000647,mall,30
FAT-0002733,INST-0621-2602733,ANG-0001377,True,NIVF-3826009660,2026-09-08,2026-09-11,125845.05,pranuar,E_Vleftesuar,Miratuar,Po,R_Kaloi,2026-09-15,,M57122701K,FURN-000647,mall,30
FAT-0002734,INST-0621-2602734,ANG-0001378,True,NIVF-4543910425,2026-06-23,2026-06-24,3317.82,pranuar,E_Vleftesuar,Miratuar,Po,R_Kaloi,2026-07-01,,L01717030C,FURN-000490,mall,30
FAT-0002735,INST-0621-2602735,ANG-0001378,True,NIVF-5534877433,2026-07-19,2026-07-23,8890.55,refuzuar,Kerkon_Rivleftesim,Refuzuar,Jo,,2026-08-01,Gabim në shumën e faturuar,L01717030C,FURN-000490,mall,30
FAT-0002736,INST-0621-2602736,ANG-0001378,True,NIVF-8906628460,2026-08-20,2026-08-21,6039.63,pranuar,E_Vleftesuar,Miratuar,Po,R_Kaloi,2026-08-26,,L01717030C,FURN-000490,mall,30
FAT-0002737,INST-0621-2602737,ANG-0001379,True,NIVF-9474939504,2026-06-27,2026-06-27,43295.9,pranuar,E_Vleftesuar,Miratuar,Po,R_Kaloi,2026-07-03,,L81912032H,FURN-001282,mall,30
FAT-0002738,INST-0621-2602738,ANG-0001379,True,NIVF-4449967892,2026-08-20,2026-08-22,165626.08,pranuar,E_Vleftesuar,Miratuar,Po,R_Kaloi,2026-08-30,,L81912032H,FURN-001282,mall,30
FAT-0002739,INST-0621-2602739,ANG-0001379,True,NIVF-6939275981,2026-09-18,2026-09-18,141078.03,pranuar,E_Vleftesuar,Miratuar,Po,R_Kaloi,2026-09-18,,L81912032H,FURN-001282,mall,30
FAT-0002740,INST-0621-2602740,ANG-0001380,True,NIVF-3131274421,2026-06-26,2026-06-30,83600.0,pranuar,E_Vleftesuar,Miratuar,Po,R_Kaloi,2026-07-09,,M11415504D,FURN-000901,mall,30
FAT-0002741,INST-0621-2602741,ANG-0001381,True,NIVF-7649516755,2026-06-24,2026-06-24,8445.04,pranuar,E_Vleftesuar,Miratuar,Po,R_Kaloi,2026-07-01,,L92318009L,FURN-000534,mall,30
FAT-0002742,INST-0621-2602742,ANG-0001381,True,NIVF-5955696138,2026-08-11,2026-08-12,91065.5,pranuar,E_Vleftesuar,Miratuar,Po,R_Kaloi,2026-08-14,,L92318009L,FURN-000534,mall,30
FAT-0002743,INST-0621-2602743,ANG-0001382,True,NIVF-3878529372,2026-06-24,2026-06-24,18789.2,pranuar,E_Vleftesuar,Miratuar,Po,R_Kaloi,2026-07-02,,M42927603M,FURN-000909,mall,30
FAT-0002744,INST-0621-2602744,ANG-0001382,True,NIVF-2296902894,2026-07-23,2026-07-26,3448.4,pranuar,E_Vleftesuar,Miratuar,Po,R_Kaloi,2026-08-03,,M42927603M,FURN-000909,mall,30
FAT-0002745,INST-0621-2602745,ANG-0001382,True,NIVF-8696015630,2026-08-29,2026-09-02,27762.4,refuzuar,Kerkon_Rivleftesim,Refuzuar,Jo,,2026-09-08,Gabim në shumën e faturuar,M42927603M,FURN-000909,mall,30
FAT-0002746,INST-0621-2602746,ANG-0001383,True,NIVF-6028105592,2026-06-22,2026-06-22,99600.0,pranuar,E_Vleftesuar,Miratuar,Po,R_Kaloi,2026-06-25,,J66902033R,FURN-000066,mall,30
FAT-0002747,INST-0621-2602747,ANG-0001384,True,NIVF-8117824442,2026-06-22,2026-06-23,27516.15,pranuar,E_Vleftesuar,Miratuar,Po,R_Kaloi,2026-06-28,,L76414203K,FURN-000593,mall,30
FAT-0002748,INST-0621-2602748,ANG-0001384,True,NIVF-7609278002,2026-08-08,2026-08-12,34283.85,pranuar,E_Vleftesuar,Miratuar,Po,R_Kaloi,2026-08-16,,L76414203K,FURN-000593,mall,30
FAT-0002749,INST-0621-2602749,ANG-0001385,True,NIVF-5865441476,2026-06-29,2026-07-01,219800.0,pranuar,E_Vleftesuar,Miratuar,Po,R_Kaloi,2026-07-09,,M52213505B,FURN-000426,mall,30
FAT-0002750,INST-0621-2602750,ANG-0001386,True,NIVF-4574937375,2026-06-19,2026-06-22,350.8,pranuar,E_Vleftesuar,Miratuar,Po,R_Kaloi,2026-06-25,,M41427008A,FURN-000937,mall,30
FAT-0002751,INST-0621-2602751,ANG-0001386,True,NIVF-3999128173,2026-07-28,2026-07-31,30835.4,pranuar,E_Vleftesuar,Miratuar,Po,R_Kaloi,2026-08-04,,M41427008A,FURN-000937,mall,30
FAT-0002752,INST-0621-2602752,ANG-0001386,True,NIVF-6901287336,2026-09-12,2026-09-12,3813.8,pranuar,E_Vleftesuar,Miratuar,Po,R_Kaloi,2026-09-18,,M41427008A,FURN-000937,mall,30
FAT-0002753,INST-0621-2602753,ANG-0001387,True,NIVF-2676117774,2026-06-25,2026-06-29,1473.25,pranuar,E_Vleftesuar,Miratuar,Po,R_Kaloi,2026-07-04,,L81325020I,FURN-000678,mall,30
FAT-0002754,INST-0621-2602754,ANG-0001387,True,NIVF-2126906807,2026-07-25,2026-07-25,11221.58,pranuar,E_Vleftesuar,Miratuar,Po,R_Kaloi,2026-08-02,,L81325020I,FURN-000678,mall,30
FAT-0002755,INST-0621-2602755,ANG-0001387,True,NIVF-3545305296,2026-08-14,2026-08-18,16388.17,pranuar,E_Vleftesuar,Miratuar,Po,R_Kaloi,2026-08-19,,L81325020I,FURN-000678,mall,30
FAT-0002756,INST-0621-2602756,ANG-0001388,True,NIVF-6911327496,2026-06-29,2026-06-30,0.0,pranuar,E_Vleftesuar,Miratuar,Po,R_Kaloi,2026-07-05,,,,mall,30
FAT-0002757,INST-0621-2602757,ANG-0001388,True,NIVF-8636991348,2026-07-25,2026-07-29,0.0,pranuar,E_Vleftesuar,Miratuar,Po,R_Kaloi,2026-08-01,,,,mall,30
FAT-0002758,INST-0621-2602758,ANG-0001388,True,NIVF-6207073592,2026-09-18,2026-09-18,0.0,pranuar,E_Vleftesuar,Miratuar,Po,R_Kaloi,2026-09-18,,,,mall,30
FAT-0002759,INST-0621-2602759,ANG-0001389,True,NIVF-6939142241,2026-06-17,2026-06-18,98500.0,pranuar,E_Vleftesuar,Miratuar,Po,R_Kaloi,2026-06-27,,K91329017I,FURN-000001,mall,30
FAT-0002760,INST-0621-2602760,ANG-0001390,True,NIVF-7074218635,2026-06-21,2026-06-25,77211.1,pranuar,E_Vleftesuar,Miratuar,Po,R_Kaloi,2026-06-29,,L12107043O,FURN-000120,mall,30
FAT-0002761,INST-0621-2602761,ANG-0001390,True,NIVF-9331207051,2026-08-18,2026-08-20,4976.33,pranuar,E_Vleftesuar,Miratuar,Po,R_Kaloi,2026-08-29,,L12107043O,FURN-000120,mall,30
FAT-0002762,INST-0621-2602762,ANG-0001390,True,NIVF-9142420611,2026-09-15,2026-09-17,8758.57,refuzuar,Kerkon_Rivleftesim,Refuzuar,Jo,,2026-09-18,Fiskalizim i pavlefshëm,L12107043O,FURN-000120,mall,30
FAT-0002763,INST-0621-2602763,ANG-0001391,True,NIVF-2742206238,2026-06-22,2026-06-23,40142.81,refuzuar,Kerkon_Rivleftesim,Refuzuar,Jo,,2026-06-30,Mospërputhje me kontratën,L81722022V,FURN-000675,mall,30
FAT-0002764,INST-0621-2602764,ANG-0001391,True,NIVF-6065299931,2026-08-20,2026-08-20,104657.19,refuzuar,Kerkon_Rivleftesim,Refuzuar,Jo,,2026-08-27,Mospërputhje me kontratën,L81722022V,FURN-000675,mall,30
FAT-0002765,INST-0621-2602765,ANG-0001392,True,NIVF-6812876103,2026-06-25,2026-06-25,3195525.0,pranuar,E_Vleftesuar,Miratuar,Po,R_Kaloi,2026-06-29,,K91413010N,FURN-000161,mall,30
FAT-0002766,INST-0621-2602766,ANG-0001393,True,NIVF-6096958080,2026-06-30,2026-07-04,3296552.0,refuzuar,Kerkon_Rivleftesim,Refuzuar,Jo,,2026-07-12,Mungesë dokumentacioni mbështetës,L91616027G,FURN-001117,mall,30
FAT-0002767,INST-0621-2602767,ANG-0001394,True,NIVF-6181818918,2026-07-01,2026-07-03,151200.0,pranuar,E_Vleftesuar,Miratuar,Po,R_Kaloi,2026-07-06,,L21931014G,FURN-000943,mall,30
FAT-0002768,INST-0621-2602768,ANG-0001395,True,NIVF-3268860054,2026-06-24,2026-06-27,573.18,refuzuar,Kerkon_Rivleftesim,Refuzuar,Jo,,2026-07-05,Mospërputhje me kontratën,K63121801C,FURN-000467,mall,30
FAT-0002769,INST-0621-2602769,ANG-0001395,True,NIVF-5031858494,2026-08-15,2026-08-16,484.94,pranuar,E_Vleftesuar,Miratuar,Po,R_Kaloi,2026-08-23,,K63121801C,FURN-000467,mall,30
FAT-0002770,INST-0621-2602770,ANG-0001395,True,NIVF-3904838854,2026-09-15,2026-09-18,641.87,pranuar,E_Vleftesuar,Miratuar,Po,R_Kaloi,2026-09-18,,K63121801C,FURN-000467,mall,30
FAT-0002771,INST-0621-2602771,ANG-0001396,True,NIVF-5537895639,2026-06-22,2026-06-26,9767620.0,pranuar,E_Vleftesuar,Miratuar,Po,R_Kaloi,2026-06-27,,L22203042N,FURN-000694,mall,30
FAT-0002772,INST-0621-2602772,ANG-0001397,True,NIVF-7272711364,2026-06-22,2026-06-25,777777.0,pranuar,E_Vleftesuar,Miratuar,Po,R_Kaloi,2026-07-01,,M56320006C,FURN-001026,mall,30
FAT-0002773,INST-0621-2602773,ANG-0001398,True,NIVF-5592199223,2026-06-26,2026-06-26,11838.71,pranuar,E_Vleftesuar,Miratuar,Po,R_Kaloi,2026-06-29,,L32320008H,FURN-000751,mall,30
FAT-0002774,INST-0621-2602774,ANG-0001398,True,NIVF-6651026025,2026-07-17,2026-07-18,11661.29,pranuar,E_Vleftesuar,Miratuar,Po,R_Kaloi,2026-07-22,,L32320008H,FURN-000751,mall,30
FAT-0002775,INST-0621-2602775,ANG-0001399,True,NIVF-8510394852,2026-07-01,2026-07-02,203910.56,pranuar,E_Vleftesuar,Miratuar,Po,R_Kaloi,2026-07-05,,M42216504H,FURN-000660,mall,30
FAT-0002776,INST-0621-2602776,ANG-0001399,True,NIVF-7126675590,2026-08-17,2026-08-19,8395.22,pranuar,E_Vleftesuar,Miratuar,Po,R_Kaloi,2026-08-25,,M42216504H,FURN-000660,mall,30
FAT-0002777,INST-0621-2602777,ANG-0001399,True,NIVF-6104622553,2026-09-15,2026-09-17,85694.22,pranuar,E_Vleftesuar,Miratuar,Po,R_Kaloi,2026-09-18,,M42216504H,FURN-000660,mall,30
FAT-0002778,INST-0621-2602778,ANG-0001400,True,NIVF-9826732959,2026-06-30,2026-07-03,192849.49,pranuar,E_Vleftesuar,Miratuar,Po,R_Kaloi,2026-07-12,,L72203065K,FURN-000634,mall,30
FAT-0002779,INST-0621-2602779,ANG-0001400,True,NIVF-1973296449,2026-08-17,2026-08-20,25250.99,pranuar,E_Vleftesuar,Miratuar,Po,R_Kaloi,2026-08-24,,L72203065K,FURN-000634,mall,30
FAT-0002780,INST-0621-2602780,ANG-0001401,True,NIVF-8433382603,2026-06-19,2026-06-20,2218178.35,pranuar,E_Vleftesuar,Miratuar,Po,R_Kaloi,2026-06-21,,M41707006H,FURN-000003,mall,30
FAT-0002781,INST-0621-2602781,ANG-0001401,True,NIVF-7360918089,2026-07-24,2026-07-27,909821.65,pranuar,E_Vleftesuar,Miratuar,Po,R_Kaloi,2026-07-30,,M41707006H,FURN-000003,mall,30
FAT-0002782,INST-0621-2602782,ANG-0001402,True,NIVF-4752062754,2026-06-30,2026-07-02,4535502.0,pranuar,E_Vleftesuar,Miratuar,Po,R_Kaloi,2026-07-06,,K62721401R,FURN-001383,mall,30
FAT-0002783,INST-0621-2602783,ANG-0001403,True,NIVF-7796000383,2026-06-25,2026-06-26,1409613.58,pranuar,E_Vleftesuar,Miratuar,Po,R_Kaloi,2026-07-01,,M01927023H,FURN-000708,mall,30
FAT-0002784,INST-0621-2602784,ANG-0001403,True,NIVF-1682470529,2026-07-21,2026-07-23,3436798.42,pranuar,E_Vleftesuar,Miratuar,Po,R_Kaloi,2026-07-26,,M01927023H,FURN-000708,mall,30
FAT-0002785,INST-0621-2602785,ANG-0001404,True,NIVF-2316317468,2026-06-26,2026-06-27,255000.0,pranuar,E_Vleftesuar,Miratuar,Po,R_Kaloi,2026-07-02,,K24005001H,FURN-001006,mall,30
FAT-0002786,INST-0621-2602786,ANG-0001405,True,NIVF-1806151339,2026-07-01,2026-07-01,29290.72,pranuar,E_Vleftesuar,Miratuar,Po,R_Kaloi,2026-07-09,,L72203065K,FURN-000634,mall,30
FAT-0002787,INST-0621-2602787,ANG-0001405,True,NIVF-6337228416,2026-07-25,2026-07-28,81633.88,pranuar,E_Vleftesuar,Miratuar,Po,R_Kaloi,2026-07-31,,L72203065K,FURN-000634,mall,30
FAT-0002788,INST-0621-2602788,ANG-0001405,True,NIVF-7619730799,2026-08-15,2026-08-19,233225.47,pranuar,E_Vleftesuar,Miratuar,Po,R_Kaloi,2026-08-28,,L72203065K,FURN-000634,mall,30
FAT-0002789,INST-0621-2602789,ANG-0001406,True,NIVF-5957074745,2026-06-25,2026-06-28,655.93,pranuar,E_Vleftesuar,Miratuar,Po,R_Kaloi,2026-07-02,,J68028214P,FURN-000969,mall,30
FAT-0002790,INST-0621-2602790,ANG-0001406,True,NIVF-3956063485,2026-08-17,2026-08-20,30441.44,pranuar,E_Vleftesuar,Miratuar,Po,R_Kaloi,2026-08-25,,J68028214P,FURN-000969,mall,30
FAT-0002791,INST-0621-2602791,ANG-0001407,True,NIVF-8831330174,2026-06-30,2026-07-03,35380.65,pranuar,E_Vleftesuar,Miratuar,Po,R_Kaloi,2026-07-04,,K51408016J,FURN-000258,mall,30
FAT-0002792,INST-0621-2602792,ANG-0001407,True,NIVF-4141802884,2026-08-04,2026-08-06,17403.92,pranuar,E_Vleftesuar,Miratuar,Po,R_Kaloi,2026-08-09,,K51408016J,FURN-000258,mall,30
FAT-0002793,INST-0621-2602793,ANG-0001408,True,NIVF-7677182063,2026-06-30,2026-06-30,59520.0,pranuar,E_Vleftesuar,Miratuar,Po,R_Kaloi,2026-07-08,,K31528061N,FURN-000306,mall,30
FAT-0002794,INST-0621-2602794,ANG-0001409,True,NIVF-8087834474,2026-06-29,2026-07-01,34983.34,pranuar,E_Vleftesuar,Miratuar,Po,R_Kaloi,2026-07-02,,L42314005A,FURN-000928,mall,30
FAT-0002795,INST-0621-2602795,ANG-0001409,True,NIVF-9900712183,2026-08-10,2026-08-11,26948.83,pranuar,E_Vleftesuar,Miratuar,Po,R_Kaloi,2026-08-16,,L42314005A,FURN-000928,mall,30
FAT-0002796,INST-0621-2602796,ANG-0001410,True,NIVF-4948698459,2026-06-23,2026-06-23,178750.06,pranuar,E_Vleftesuar,Miratuar,Po,R_Kaloi,2026-06-27,,K66607001U,FURN-000791,mall,30
FAT-0002797,INST-0621-2602797,ANG-0001410,True,NIVF-4151256273,2026-07-23,2026-07-27,87900.94,pranuar,E_Vleftesuar,Miratuar,Po,R_Kaloi,2026-08-02,,K66607001U,FURN-000791,mall,30
FAT-0002798,INST-0621-2602798,ANG-0001411,True,NIVF-9491756418,2026-07-01,2026-07-05,154722.0,pranuar,E_Vleftesuar,Miratuar,Po,R_Kaloi,2026-07-10,,L12107043O,FURN-000120,mall,30
FAT-0002799,INST-0621-2602799,ANG-0001412,True,NIVF-2855243382,2026-07-01,2026-07-02,4030.35,pranuar,E_Vleftesuar,Miratuar,Po,R_Kaloi,2026-07-03,,K41420001V,FURN-000016,mall,30
FAT-0002800,INST-0621-2602800,ANG-0001412,True,NIVF-3636098123,2026-08-08,2026-08-08,9369.01,refuzuar,Kerkon_Rivleftesim,Refuzuar,Jo,,2026-08-13,Mungesë dokumentacioni mbështetës,K41420001V,FURN-000016,mall,30
FAT-0002801,INST-0621-2602801,ANG-0001413,True,NIVF-8822340153,2026-06-25,2026-06-28,395000.0,pranuar,E_Vleftesuar,Miratuar,Po,R_Kaloi,2026-07-01,,L01606034A,FURN-000056,mall,30
FAT-0002802,INST-0621-2602802,ANG-0001414,True,NIVF-1381960282,2026-06-25,2026-06-27,210803.93,refuzuar,Kerkon_Rivleftesim,Refuzuar,Jo,,2026-06-29,Mospërputhje me kontratën,K42108801C,FURN-000106,mall,30
FAT-0002803,INST-0621-2602803,ANG-0001414,True,NIVF-2499420115,2026-07-27,2026-07-29,278696.07,refuzuar,Kerkon_Rivleftesim,Refuzuar,Jo,,2026-08-01,Fiskalizim i pavlefshëm,K42108801C,FURN-000106,mall,30
FAT-0002804,INST-0621-2602804,ANG-0001415,True,NIVF-2981671356,2026-06-29,2026-06-29,17316.45,pranuar,E_Vleftesuar,Miratuar,Po,R_Kaloi,2026-07-03,,M13011803I,FURN-000499,mall,30
FAT-0002805,INST-0621-2602805,ANG-0001415,True,NIVF-7943915576,2026-08-11,2026-08-12,68483.55,refuzuar,Kerkon_Rivleftesim,Refuzuar,Jo,,2026-08-16,Mungesë dokumentacioni mbështetës,M13011803I,FURN-000499,mall,30
FAT-0002806,INST-0621-2602806,ANG-0001416,True,NIVF-3249588613,2026-06-26,2026-06-26,165600.0,pranuar,E_Vleftesuar,Miratuar,Po,R_Kaloi,2026-06-29,,M02403014N,FURN-001024,mall,30
FAT-0002807,INST-0621-2602807,ANG-0001417,True,NIVF-5328698286,2026-07-04,2026-07-05,4086.33,pranuar,E_Vleftesuar,Miratuar,Po,R_Kaloi,2026-07-08,,L82729403H,FURN-000645,mall,30
FAT-0002808,INST-0621-2602808,ANG-0001417,True,NIVF-3555695444,2026-07-29,2026-07-31,39474.62,pranuar,E_Vleftesuar,Miratuar,Po,R_Kaloi,2026-08-06,,L82729403H,FURN-000645,mall,30
FAT-0002809,INST-0621-2602809,ANG-0001417,True,NIVF-1488720453,2026-09-10,2026-09-10,5039.05,pranuar,E_Vleftesuar,Miratuar,Po,R_Kaloi,2026-09-12,,L82729403H,FURN-000645,mall,30
FAT-0002810,INST-0621-2602810,ANG-0001418,True,NIVF-4198385679,2026-06-24,2026-06-24,46340.91,pranuar,E_Vleftesuar,Miratuar,Po,R_Kaloi,2026-07-03,,K82231003A,FURN-000968,mall,30
FAT-0002811,INST-0621-2602811,ANG-0001418,True,NIVF-1426153226,2026-07-28,2026-07-30,10359.09,pranuar,E_Vleftesuar,Miratuar,Po,R_Kaloi,2026-08-03,,K82231003A,FURN-000968,mall,30
FAT-0002812,INST-0621-2602812,ANG-0001419,True,NIVF-6247865509,2026-07-01,2026-07-03,38636.37,pranuar,E_Vleftesuar,Miratuar,Po,R_Kaloi,2026-07-10,,K47414042Q,FURN-000636,mall,30
FAT-0002813,INST-0621-2602813,ANG-0001420,True,NIVF-8401924688,2026-07-03,2026-07-04,44500.0,pranuar,E_Vleftesuar,Miratuar,Po,R_Kaloi,2026-07-12,,L01305031H,FURN-001865,mall,30
FAT-0002814,INST-0621-2602814,ANG-0001421,True,NIVF-5180077159,2026-06-27,2026-06-28,309039.0,pranuar,E_Vleftesuar,Miratuar,Po,R_Kaloi,2026-06-29,,K71606006A,FURN-001336,mall,30
FAT-0002815,INST-0621-2602815,ANG-0001421,True,NIVF-8479466211,2026-08-06,2026-08-09,7136162.45,pranuar,E_Vleftesuar,Miratuar,Po,R_Kaloi,2026-08-15,,K71606006A,FURN-001336,mall,30
FAT-0002816,INST-0621-2602816,ANG-0001421,True,NIVF-9287023193,2026-09-10,2026-09-12,9954798.54,pranuar,E_Vleftesuar,Miratuar,Po,R_Kaloi,2026-09-18,,K71606006A,FURN-001336,mall,30
FAT-0002817,INST-0621-2602817,ANG-0001422,True,NIVF-1158648151,2026-06-18,2026-06-18,8867012.81,pranuar,E_Vleftesuar,Miratuar,Po,R_Kaloi,2026-06-19,,J77304712J,FURN-001396,mall,30
FAT-0002818,INST-0621-2602818,ANG-0001422,True,NIVF-6033296774,2026-07-30,2026-08-02,653834.6,pranuar,E_Vleftesuar,Miratuar,Po,R_Kaloi,2026-08-06,,J77304712J,FURN-001396,mall,30
FAT-0002819,INST-0621-2602819,ANG-0001422,True,NIVF-5387526147,2026-09-05,2026-09-06,8699750.59,pranuar,E_Vleftesuar,Miratuar,Po,R_Kaloi,2026-09-09,,J77304712J,FURN-001396,mall,30
FAT-0002820,INST-0621-2602820,ANG-0001423,True,NIVF-8251792593,2026-06-20,2026-06-22,20624.69,pranuar,E_Vleftesuar,Miratuar,Po,R_Kaloi,2026-06-30,,L62113033T,FURN-000699,mall,30
FAT-0002821,INST-0621-2602821,ANG-0001423,True,NIVF-9786439123,2026-07-21,2026-07-22,27753.0,pranuar,E_Vleftesuar,Miratuar,Po,R_Kaloi,2026-07-30,,L62113033T,FURN-000699,mall,30
FAT-0002822,INST-0621-2602822,ANG-0001423,True,NIVF-2393490811,2026-08-22,2026-08-26,41622.3,pranuar,E_Vleftesuar,Miratuar,Po,R_Kaloi,2026-08-29,,L62113033T,FURN-000699,mall,30
FAT-0002823,INST-0621-2602823,ANG-0001424,True,NIVF-5620801627,2026-06-24,2026-06-27,391128.69,pranuar,E_Vleftesuar,Miratuar,Po,R_Kaloi,2026-06-29,,L93309201I,FURN-000476,mall,30
FAT-0002824,INST-0621-2602824,ANG-0001424,True,NIVF-7430955730,2026-07-15,2026-07-19,427871.31,pranuar,E_Vleftesuar,Miratuar,Po,R_Kaloi,2026-07-23,,L93309201I,FURN-000476,mall,30
FAT-0002825,INST-0621-2602825,ANG-0001425,True,NIVF-2720282582,2026-06-20,2026-06-23,5108300.0,pranuar,E_Vleftesuar,Miratuar,Po,R_Kaloi,2026-06-30,,K62220004U,FURN-000819,mall,30
FAT-0002826,INST-0621-2602826,ANG-0001426,True,NIVF-5748292477,2026-07-02,2026-07-06,409000.0,pranuar,E_Vleftesuar,Miratuar,Po,R_Kaloi,2026-07-09,,K01417001C,FURN-000175,mall,30
FAT-0002827,INST-0621-2602827,ANG-0001427,True,NIVF-7744074425,2026-06-22,2026-06-23,8501.09,refuzuar,Kerkon_Rivleftesim,Refuzuar,Jo,,2026-06-25,Gabim në shumën e faturuar,K81323024G,FURN-000839,mall,30
FAT-0002828,INST-0621-2602828,ANG-0001427,True,NIVF-5674298421,2026-08-17,2026-08-21,741498.91,pranuar,E_Vleftesuar,Miratuar,Po,R_Kaloi,2026-08-28,,K81323024G,FURN-000839,mall,30
FAT-0002829,INST-0621-2602829,ANG-0001428,True,NIVF-8295235191,2026-06-18,2026-06-22,42493500.0,pranuar,E_Vleftesuar,Miratuar,Po,R_Kaloi,2026-06-25,,J76705047U,FURN-000210,mall,30
FAT-0002830,INST-0621-2602830,ANG-0001429,True,NIVF-3427017031,2026-06-23,2026-06-24,84011.54,pranuar,E_Vleftesuar,Miratuar,Po,R_Kaloi,2026-06-25,,L13727001V,FURN-001879,mall,30
FAT-0002831,INST-0621-2602831,ANG-0001429,True,NIVF-9315563928,2026-07-14,2026-07-18,211093.19,refuzuar,Kerkon_Rivleftesim,Refuzuar,Jo,,2026-07-19,Gabim në shumën e faturuar,L13727001V,FURN-001879,mall,30
FAT-0002832,INST-0621-2602832,ANG-0001429,True,NIVF-8093280766,2026-08-29,2026-09-02,202895.27,pranuar,E_Vleftesuar,Miratuar,Po,R_Kaloi,2026-09-07,,L13727001V,FURN-001879,mall,30
FAT-0002833,INST-0621-2602833,ANG-0001430,True,NIVF-3089180764,2026-07-02,2026-07-06,419600.0,refuzuar,Kerkon_Rivleftesim,Refuzuar,Jo,,2026-07-07,Mospërputhje me kontratën,L61621027F,FURN-000562,mall,30
FAT-0002834,INST-0621-2602834,ANG-0001431,True,NIVF-6008823849,2026-06-27,2026-06-27,83885.0,pranuar,E_Vleftesuar,Miratuar,Po,R_Kaloi,2026-06-29,,L32403002P,FURN-000123,mall,30
FAT-0002835,INST-0621-2602835,ANG-0001432,True,NIVF-4264705055,2026-07-01,2026-07-05,82694.0,pranuar,E_Vleftesuar,Miratuar,Po,R_Kaloi,2026-07-07,,K37508925G,FURN-000506,mall,30
FAT-0002836,INST-0621-2602836,ANG-0001433,True,NIVF-7138901888,2026-06-23,2026-06-27,28180.0,pranuar,E_Vleftesuar,Miratuar,Po,R_Kaloi,2026-07-06,,K11807008V,FURN-000073,mall,30
FAT-0002837,INST-0621-2602837,ANG-0001434,True,NIVF-3559858813,2026-06-20,2026-06-24,10749.21,pranuar,E_Vleftesuar,Miratuar,Po,R_Kaloi,2026-07-03,,L21508008T,FURN-000115,mall,30
FAT-0002838,INST-0621-2602838,ANG-0001434,True,NIVF-1150654848,2026-08-06,2026-08-10,634.79,pranuar,E_Vleftesuar,Miratuar,Po,R_Kaloi,2026-08-12,,L21508008T,FURN-000115,mall,30
FAT-0002839,INST-0621-2602839,ANG-0001435,True,NIVF-2857643708,2026-06-21,2026-06-24,100000.0,pranuar,E_Vleftesuar,Miratuar,Po,R_Kaloi,2026-06-27,,M01922021M,FURN-000893,mall,30
FAT-0002840,INST-0621-2602840,ANG-0001436,True,NIVF-2695174143,2026-07-02,2026-07-06,284706.18,pranuar,E_Vleftesuar,Miratuar,Po,R_Kaloi,2026-07-15,,L51704017H,FURN-000979,mall,30
FAT-0002841,INST-0621-2602841,ANG-0001436,True,NIVF-2521387435,2026-08-23,2026-08-23,204293.82,pranuar,E_Vleftesuar,Miratuar,Po,R_Kaloi,2026-08-28,,L51704017H,FURN-000979,mall,30
FAT-0002842,INST-0621-2602842,ANG-0001437,True,NIVF-9317939104,2026-06-24,2026-06-27,88421.59,pranuar,E_Vleftesuar,Miratuar,Po,R_Kaloi,2026-07-06,,M02123033S,FURN-000344,mall,30
FAT-0002843,INST-0621-2602843,ANG-0001437,True,NIVF-9233064851,2026-08-04,2026-08-07,6037.77,pranuar,E_Vleftesuar,Miratuar,Po,R_Kaloi,2026-08-14,,M02123033S,FURN-000344,mall,30
FAT-0002844,INST-0621-2602844,ANG-0001437,True,NIVF-3437201734,2026-09-14,2026-09-16,273540.64,pranuar,E_Vleftesuar,Miratuar,Po,R_Kaloi,2026-09-18,,M02123033S,FURN-000344,mall,30
FAT-0002845,INST-0621-2602845,ANG-0001438,True,NIVF-4438098336,2026-06-28,2026-06-30,216050.0,pranuar,E_Vleftesuar,Miratuar,Po,R_Kaloi,2026-07-05,,J64103422D,FURN-000118,mall,30
FAT-0002846,INST-0621-2602846,ANG-0001439,True,NIVF-5563790900,2026-07-01,2026-07-02,63879.58,pranuar,E_Vleftesuar,Miratuar,Po,R_Kaloi,2026-07-09,,K91530017T,FURN-000032,mall,30
FAT-0002847,INST-0621-2602847,ANG-0001439,True,NIVF-9253329257,2026-08-25,2026-08-29,9875.63,pranuar,E_Vleftesuar,Miratuar,Po,R_Kaloi,2026-09-02,,K91530017T,FURN-000032,mall,30
FAT-0002848,INST-0621-2602848,ANG-0001440,True,NIVF-8473371848,2026-06-26,2026-06-28,205500.0,pranuar,E_Vleftesuar,Miratuar,Po,R_Kaloi,2026-07-02,,K91530017T,FURN-000032,mall,30
FAT-0002849,INST-0621-2602849,ANG-0001441,True,NIVF-7570890694,2026-06-30,2026-07-04,72000.0,pranuar,E_Vleftesuar,Miratuar,Po,R_Kaloi,2026-07-12,,M52415044H,FURN-000962,mall,30
FAT-0002850,INST-0621-2602850,ANG-0001442,True,NIVF-2483822273,2026-06-28,2026-06-29,177206.97,pranuar,E_Vleftesuar,Miratuar,Po,R_Kaloi,2026-07-08,,L82307007I,FURN-001826,mall,30
FAT-0002851,INST-0621-2602851,ANG-0001442,True,NIVF-5095604787,2026-08-24,2026-08-25,42723.3,refuzuar,Kerkon_Rivleftesim,Refuzuar,Jo,,2026-09-02,Fiskalizim i pavlefshëm,L82307007I,FURN-001826,mall,30
FAT-0002852,INST-0621-2602852,ANG-0001443,True,NIVF-7154510519,2026-06-28,2026-06-28,1974000.0,pranuar,E_Vleftesuar,Miratuar,Po,R_Kaloi,2026-07-01,,J91809007H,FURN-000028,mall,30
FAT-0002853,INST-0621-2602853,ANG-0001444,True,NIVF-8019836148,2026-06-27,2026-06-28,44073.76,pranuar,E_Vleftesuar,Miratuar,Po,R_Kaloi,2026-06-29,,M42614002J,FURN-000250,mall,30
FAT-0002854,INST-0621-2602854,ANG-0001444,True,NIVF-8488337386,2026-08-22,2026-08-25,26079.7,pranuar,E_Vleftesuar,Miratuar,Po,R_Kaloi,2026-08-30,,M42614002J,FURN-000250,mall,30
FAT-0002855,INST-0621-2602855,ANG-0001445,True,NIVF-2488290795,2026-06-26,2026-06-26,220122.2,pranuar,E_Vleftesuar,Miratuar,Po,R_Kaloi,2026-07-01,,L97124201Q,FURN-000649,mall,30
FAT-0002856,INST-0621-2602856,ANG-0001445,True,NIVF-4713448687,2026-08-09,2026-08-12,5090.66,pranuar,E_Vleftesuar,Miratuar,Po,R_Kaloi,2026-08-13,,L97124201Q,FURN-000649,mall,30
FAT-0002857,INST-0621-2602857,ANG-0001446,True,NIVF-8549425861,2026-07-01,2026-07-01,25223.37,pranuar,E_Vleftesuar,Miratuar,Po,R_Kaloi,2026-07-06,,M22307015R,FURN-000354,mall,30
FAT-0002858,INST-0621-2602858,ANG-0001446,True,NIVF-5260967924,2026-08-02,2026-08-05,94776.63,pranuar,E_Vleftesuar,Miratuar,Po,R_Kaloi,2026-08-07,,M22307015R,FURN-000354,mall,30
FAT-0002859,INST-0621-2602859,ANG-0001447,True,NIVF-4779888534,2026-07-04,2026-07-05,79116.68,pranuar,E_Vleftesuar,Miratuar,Po,R_Kaloi,2026-07-11,,L41313009C,FURN-000575,mall,30
FAT-0002860,INST-0621-2602860,ANG-0001447,True,NIVF-6695390502,2026-08-28,2026-08-29,175883.32,refuzuar,Kerkon_Rivleftesim,Refuzuar,Jo,,2026-09-07,Fiskalizim i pavlefshëm,L41313009C,FURN-000575,mall,30
FAT-0002861,INST-0621-2602861,ANG-0001448,True,NIVF-1504854110,2026-06-20,2026-06-24,512284.53,pranuar,E_Vleftesuar,Miratuar,Po,R_Kaloi,2026-07-02,,M11307042L,FURN-000419,mall,30
FAT-0002862,INST-0621-2602862,ANG-0001448,True,NIVF-5624012567,2026-07-10,2026-07-10,224715.47,pranuar,E_Vleftesuar,Miratuar,Po,R_Kaloi,2026-07-12,,M11307042L,FURN-000419,mall,30
FAT-0002863,INST-0621-2602863,ANG-0001449,True,NIVF-1282592277,2026-06-24,2026-06-25,273536.49,pranuar,E_Vleftesuar,Miratuar,Po,R_Kaloi,2026-06-26,,M22226027R,FURN-001061,mall,30
FAT-0002864,INST-0621-2602864,ANG-0001450,True,NIVF-9557504501,2026-06-23,2026-06-24,230000.0,refuzuar,Kerkon_Rivleftesim,Refuzuar,Jo,,2026-06-25,Mungesë dokumentacioni mbështetës,K31404135W,FURN-001454,mall,30
FAT-0002865,INST-0621-2602865,ANG-0001451,True,NIVF-8704168780,2026-06-22,2026-06-22,970800.0,pranuar,E_Vleftesuar,Miratuar,Po,R_Kaloi,2026-06-23,,J91419001U,FURN-000218,mall,30
FAT-0002866,INST-0621-2602866,ANG-0001452,True,NIVF-9374690955,2026-06-25,2026-06-28,43539.15,pranuar,E_Vleftesuar,Miratuar,Po,R_Kaloi,2026-07-05,,L03109001E,FURN-000464,mall,30
FAT-0002867,INST-0621-2602867,ANG-0001452,True,NIVF-2886165307,2026-07-20,2026-07-20,1739.22,pranuar,E_Vleftesuar,Miratuar,Po,R_Kaloi,2026-07-25,,L03109001E,FURN-000464,mall,30
FAT-0002868,INST-0621-2602868,ANG-0001452,True,NIVF-7655698372,2026-09-07,2026-09-10,52821.63,pranuar,E_Vleftesuar,Miratuar,Po,R_Kaloi,2026-09-13,,L03109001E,FURN-000464,mall,30
FAT-0002869,INST-0621-2602869,ANG-0001453,True,NIVF-9663692663,2026-06-27,2026-07-01,54034.22,pranuar,E_Vleftesuar,Miratuar,Po,R_Kaloi,2026-07-03,,L01606034A,FURN-000056,mall,30
FAT-0002870,INST-0621-2602870,ANG-0001453,True,NIVF-2795788190,2026-08-16,2026-08-19,130570.33,pranuar,E_Vleftesuar,Miratuar,Po,R_Kaloi,2026-08-27,,L01606034A,FURN-000056,mall,30
FAT-0002871,INST-0621-2602871,ANG-0001454,True,NIVF-1320251295,2026-06-28,2026-06-30,14017.13,pranuar,E_Vleftesuar,Miratuar,Po,R_Kaloi,2026-07-03,,M53319201J,FURN-000340,mall,30
FAT-0002872,INST-0621-2602872,ANG-0001454,True,NIVF-1240241734,2026-08-16,2026-08-20,108482.87,pranuar,E_Vleftesuar,Miratuar,Po,R_Kaloi,2026-08-29,,M53319201J,FURN-000340,mall,30
FAT-0002873,INST-0621-2602873,ANG-0001455,True,NIVF-9179186490,2026-06-20,2026-06-22,25619.53,pranuar,E_Vleftesuar,Miratuar,Po,R_Kaloi,2026-06-26,,M22318016L,FURN-000459,mall,30
FAT-0002874,INST-0621-2602874,ANG-0001455,True,NIVF-5640396944,2026-08-03,2026-08-03,57380.47,pranuar,E_Vleftesuar,Miratuar,Po,R_Kaloi,2026-08-12,,M22318016L,FURN-000459,mall,30
FAT-0002875,INST-0621-2602875,ANG-0001456,True,NIVF-9367877751,2026-07-01,2026-07-01,169368.0,pranuar,E_Vleftesuar,Miratuar,Po,R_Kaloi,2026-07-08,,J88730334W,FURN-000729,mall,30
FAT-0002876,INST-0621-2602876,ANG-0001457,True,NIVF-6514777902,2026-06-28,2026-07-02,0.0,refuzuar,Kerkon_Rivleftesim,Refuzuar,Jo,,2026-07-04,Mospërputhje me kontratën,,,mall,30
FAT-0002877,INST-0621-2602877,ANG-0001457,True,NIVF-6682263837,2026-08-26,2026-08-29,0.0,refuzuar,Kerkon_Rivleftesim,Refuzuar,Jo,,2026-09-04,Mospërputhje me kontratën,,,mall,30
FAT-0002878,INST-0621-2602878,ANG-0001458,True,NIVF-1195468124,2026-07-03,2026-07-03,423999.0,pranuar,E_Vleftesuar,Miratuar,Po,R_Kaloi,2026-07-04,,M11307042L,FURN-000419,mall,30
FAT-0002879,INST-0621-2602879,ANG-0001459,True,NIVF-5420652046,2026-06-28,2026-06-28,175747.06,refuzuar,Kerkon_Rivleftesim,Refuzuar,Jo,,2026-07-01,Mungesë dokumentacioni mbështetës,M42203017M,FURN-000376,mall,30
FAT-0002880,INST-0621-2602880,ANG-0001459,True,NIVF-2863850812,2026-08-19,2026-08-22,134252.94,pranuar,E_Vleftesuar,Miratuar,Po,R_Kaloi,2026-08-29,,M42203017M,FURN-000376,mall,30
FAT-0002881,INST-0621-2602881,ANG-0001460,True,NIVF-6302253130,2026-06-20,2026-06-22,736800.0,pranuar,E_Vleftesuar,Miratuar,Po,R_Kaloi,2026-07-01,,K31523078F,FURN-001662,mall,30
FAT-0002882,INST-0621-2602882,ANG-0001461,True,NIVF-9753301356,2026-06-25,2026-06-27,71265.14,pranuar,E_Vleftesuar,Miratuar,Po,R_Kaloi,2026-07-06,,J74304623M,FURN-000644,mall,30
FAT-0002883,INST-0621-2602883,ANG-0001461,True,NIVF-7729230913,2026-07-20,2026-07-22,327734.86,pranuar,E_Vleftesuar,Miratuar,Po,R_Kaloi,2026-07-30,,J74304623M,FURN-000644,mall,30
FAT-0002884,INST-0621-2602884,ANG-0001462,True,NIVF-7942395565,2026-07-03,2026-07-05,98500.0,pranuar,E_Vleftesuar,Miratuar,Po,R_Kaloi,2026-07-08,,L51712008C,FURN-000189,mall,30
FAT-0002885,INST-0621-2602885,ANG-0001463,True,NIVF-8472731223,2026-06-20,2026-06-22,316752.44,pranuar,E_Vleftesuar,Miratuar,Po,R_Kaloi,2026-07-01,,L98819501J,FURN-001274,mall,30
FAT-0002886,INST-0621-2602886,ANG-0001463,True,NIVF-6347137198,2026-07-21,2026-07-22,3060134.18,pranuar,E_Vleftesuar,Miratuar,Po,R_Kaloi,2026-07-30,,L98819501J,FURN-001274,mall,30
FAT-0002887,INST-0621-2602887,ANG-0001464,True,NIVF-6363425422,2026-06-21,2026-06-22,65099.3,pranuar,E_Vleftesuar,Miratuar,Po,R_Kaloi,2026-06-26,,K01529003M,FURN-000342,mall,30
FAT-0002888,INST-0621-2602888,ANG-0001464,True,NIVF-5261613195,2026-08-19,2026-08-19,118234.2,pranuar,E_Vleftesuar,Miratuar,Po,R_Kaloi,2026-08-21,,K01529003M,FURN-000342,mall,30
FAT-0002889,INST-0621-2602889,ANG-0001465,True,NIVF-9371547928,2026-06-27,2026-06-28,48676.29,pranuar,E_Vleftesuar,Miratuar,Po,R_Kaloi,2026-07-07,,K42611766Q,FURN-000083,mall,30
FAT-0002890,INST-0621-2602890,ANG-0001465,True,NIVF-5544899043,2026-07-24,2026-07-27,27267.28,pranuar,E_Vleftesuar,Miratuar,Po,R_Kaloi,2026-07-29,,K42611766Q,FURN-000083,mall,30
FAT-0002891,INST-0621-2602891,ANG-0001465,True,NIVF-7912269555,2026-08-23,2026-08-25,23296.43,pranuar,E_Vleftesuar,Miratuar,Po,R_Kaloi,2026-08-28,,K42611766Q,FURN-000083,mall,30
FAT-0002892,INST-0621-2602892,ANG-0001466,True,NIVF-5123514527,2026-06-24,2026-06-26,42259.56,pranuar,E_Vleftesuar,Miratuar,Po,R_Kaloi,2026-07-05,,K52115005W,FURN-000116,mall,30
FAT-0002893,INST-0621-2602893,ANG-0001466,True,NIVF-3755382293,2026-08-02,2026-08-02,65740.44,pranuar,E_Vleftesuar,Miratuar,Po,R_Kaloi,2026-08-08,,K52115005W,FURN-000116,mall,30
FAT-0002894,INST-0621-2602894,ANG-0001467,True,NIVF-4160458268,2026-06-21,2026-06-21,92160.26,pranuar,E_Vleftesuar,Miratuar,Po,R_Kaloi,2026-06-23,,L92119032V,FURN-000367,mall,30
FAT-0002895,INST-0621-2602895,ANG-0001467,True,NIVF-6227874064,2026-07-18,2026-07-22,197287.91,pranuar,E_Vleftesuar,Miratuar,Po,R_Kaloi,2026-07-31,,L92119032V,FURN-000367,mall,30
FAT-0002896,INST-0621-2602896,ANG-0001467,True,NIVF-7256486285,2026-08-22,2026-08-25,19551.83,pranuar,E_Vleftesuar,Miratuar,Po,R_Kaloi,2026-08-27,,L92119032V,FURN-000367,mall,30
FAT-0002897,INST-0621-2602897,ANG-0001468,True,NIVF-5362478766,2026-06-21,2026-06-24,297000.0,pranuar,E_Vleftesuar,Miratuar,Po,R_Kaloi,2026-06-30,,M02415002E,FURN-000321,mall,30
FAT-0002898,INST-0621-2602898,ANG-0001469,True,NIVF-4626314295,2026-07-02,2026-07-05,219000.0,pranuar,E_Vleftesuar,Miratuar,Po,R_Kaloi,2026-07-13,,L71421032N,FURN-000307,mall,30
FAT-0002899,INST-0621-2602899,ANG-0001470,True,NIVF-8084302685,2026-06-25,2026-06-28,41708.24,pranuar,E_Vleftesuar,Miratuar,Po,R_Kaloi,2026-07-07,,L64425401K,FURN-000086,mall,30
FAT-0002900,INST-0621-2602900,ANG-0001470,True,NIVF-3545913615,2026-07-25,2026-07-25,416625.76,pranuar,E_Vleftesuar,Miratuar,Po,R_Kaloi,2026-08-03,,L64425401K,FURN-000086,mall,30
FAT-0002901,INST-0621-2602901,ANG-0001471,True,NIVF-2425103656,2026-06-29,2026-07-01,155250.0,pranuar,E_Vleftesuar,Miratuar,Po,R_Kaloi,2026-07-08,,J61905015B,FURN-000366,mall,30
FAT-0002902,INST-0621-2602902,ANG-0001472,True,NIVF-8801477301,2026-07-02,2026-07-05,656279.53,pranuar,E_Vleftesuar,Miratuar,Po,R_Kaloi,2026-07-11,,J74517205P,FURN-000495,mall,30
FAT-0002903,INST-0621-2602903,ANG-0001472,True,NIVF-3850701418,2026-07-31,2026-07-31,48716.05,pranuar,E_Vleftesuar,Miratuar,Po,R_Kaloi,2026-08-02,,J74517205P,FURN-000495,mall,30
FAT-0002904,INST-0621-2602904,ANG-0001472,True,NIVF-6895969716,2026-09-13,2026-09-17,45004.42,pranuar,E_Vleftesuar,Miratuar,Po,R_Kaloi,2026-09-18,,J74517205P,FURN-000495,mall,30
FAT-0002905,INST-0621-2602905,ANG-0001473,True,NIVF-6636432166,2026-06-20,2026-06-23,214.82,refuzuar,Kerkon_Rivleftesim,Refuzuar,Jo,,2026-06-28,Fiskalizim i pavlefshëm,L21508008T,FURN-000115,mall,30
FAT-0002906,INST-0621-2602906,ANG-0001473,True,NIVF-4206825370,2026-07-21,2026-07-23,4279.18,pranuar,E_Vleftesuar,Miratuar,Po,R_Kaloi,2026-07-27,,L21508008T,FURN-000115,mall,30
FAT-0002907,INST-0621-2602907,ANG-0001474,True,NIVF-3525388226,2026-06-24,2026-06-28,139567.76,pranuar,E_Vleftesuar,Miratuar,Po,R_Kaloi,2026-07-01,,L81603023A,FURN-001532,mall,30
FAT-0002908,INST-0621-2602908,ANG-0001475,True,NIVF-4429676509,2026-06-23,2026-06-27,662899.72,pranuar,E_Vleftesuar,Miratuar,Po,R_Kaloi,2026-06-28,,K04005080H,FURN-000992,mall,30
FAT-0002909,INST-0621-2602909,ANG-0001475,True,NIVF-3950672606,2026-08-13,2026-08-13,294400.28,pranuar,E_Vleftesuar,Miratuar,Po,R_Kaloi,2026-08-22,,K04005080H,FURN-000992,mall,30
FAT-0002910,INST-0621-2602910,ANG-0001476,True,NIVF-8671652966,2026-06-25,2026-06-26,570000.0,pranuar,E_Vleftesuar,Miratuar,Po,R_Kaloi,2026-06-30,,M42411028E,FURN-001090,mall,30
FAT-0002911,INST-0621-2602911,ANG-0001477,True,NIVF-3979674885,2026-06-28,2026-07-01,640000.0,pranuar,E_Vleftesuar,Miratuar,Po,R_Kaloi,2026-07-09,,J64103483H,FURN-000877,mall,30
FAT-0002912,INST-0621-2602912,ANG-0001478,True,NIVF-7785086360,2026-06-23,2026-06-24,349627.25,pranuar,E_Vleftesuar,Miratuar,Po,R_Kaloi,2026-07-03,,M02415002E,FURN-000321,mall,30
FAT-0002913,INST-0621-2602913,ANG-0001478,True,NIVF-6786892861,2026-07-19,2026-07-22,142387.14,refuzuar,Kerkon_Rivleftesim,Refuzuar,Jo,,2026-07-31,Fiskalizim i pavlefshëm,M02415002E,FURN-000321,mall,30
FAT-0002914,INST-0621-2602914,ANG-0001478,True,NIVF-2381725683,2026-09-02,2026-09-06,55935.61,pranuar,E_Vleftesuar,Miratuar,Po,R_Kaloi,2026-09-07,,M02415002E,FURN-000321,mall,30
FAT-0002915,INST-0621-2602915,ANG-0001479,True,NIVF-2135628961,2026-06-26,2026-06-30,43700.0,pranuar,E_Vleftesuar,Miratuar,Po,R_Kaloi,2026-07-05,,K62320012O,FURN-000162,mall,30
FAT-0002916,INST-0621-2602916,ANG-0001480,True,NIVF-2571473129,2026-07-04,2026-07-07,73168.89,pranuar,E_Vleftesuar,Miratuar,Po,R_Kaloi,2026-07-14,,L41726016Q,FURN-000238,mall,30
FAT-0002917,INST-0621-2602917,ANG-0001480,True,NIVF-2302134178,2026-08-11,2026-08-11,25334.04,pranuar,E_Vleftesuar,Miratuar,Po,R_Kaloi,2026-08-14,,L41726016Q,FURN-000238,mall,30
FAT-0002918,INST-0621-2602918,ANG-0001481,True,NIVF-7726754117,2026-06-27,2026-07-01,800000.0,pranuar,E_Vleftesuar,Miratuar,Po,R_Kaloi,2026-07-04,,J66702510D,FURN-000899,mall,30
FAT-0002919,INST-0621-2602919,ANG-0001482,True,NIVF-6211910569,2026-06-21,2026-06-23,77734.18,pranuar,E_Vleftesuar,Miratuar,Po,R_Kaloi,2026-06-25,,M68817201C,FURN-000775,mall,30
FAT-0002920,INST-0621-2602920,ANG-0001482,True,NIVF-8543141301,2026-07-18,2026-07-22,72265.82,pranuar,E_Vleftesuar,Miratuar,Po,R_Kaloi,2026-07-23,,M68817201C,FURN-000775,mall,30
FAT-0002921,INST-0621-2602921,ANG-0001483,True,NIVF-9365252198,2026-06-22,2026-06-26,260000.0,pranuar,E_Vleftesuar,Miratuar,Po,R_Kaloi,2026-06-27,,K89016401K,FURN-000963,mall,30
FAT-0002922,INST-0621-2602922,ANG-0001484,True,NIVF-1053950072,2026-07-01,2026-07-01,748370.53,pranuar,E_Vleftesuar,Miratuar,Po,R_Kaloi,2026-07-03,,L92112031B,FURN-000374,mall,30
FAT-0002923,INST-0621-2602923,ANG-0001485,True,NIVF-7510695604,2026-06-29,2026-06-29,251248.77,pranuar,E_Vleftesuar,Miratuar,Po,R_Kaloi,2026-07-07,,M26620203T,FURN-000270,mall,30
FAT-0002924,INST-0621-2602924,ANG-0001485,True,NIVF-5178572225,2026-08-23,2026-08-26,42456.69,pranuar,E_Vleftesuar,Miratuar,Po,R_Kaloi,2026-09-01,,M26620203T,FURN-000270,mall,30
FAT-0002925,INST-0621-2602925,ANG-0001486,True,NIVF-2865161109,2026-06-23,2026-06-26,7492.56,pranuar,E_Vleftesuar,Miratuar,Po,R_Kaloi,2026-06-29,,K91530017T,FURN-000032,mall,30
FAT-0002926,INST-0621-2602926,ANG-0001486,True,NIVF-3472463068,2026-07-27,2026-07-31,42907.44,pranuar,E_Vleftesuar,Miratuar,Po,R_Kaloi,2026-08-02,,K91530017T,FURN-000032,mall,30
FAT-0002927,INST-0621-2602927,ANG-0001487,True,NIVF-1332444434,2026-06-27,2026-07-01,143864.65,pranuar,E_Vleftesuar,Miratuar,Po,R_Kaloi,2026-07-06,,M11313029O,FURN-000904,mall,30
FAT-0002928,INST-0621-2602928,ANG-0001487,True,NIVF-3168308444,2026-08-09,2026-08-10,142555.35,pranuar,E_Vleftesuar,Miratuar,Po,R_Kaloi,2026-08-17,,M11313029O,FURN-000904,mall,30
FAT-0002929,INST-0621-2602929,ANG-0001488,True,NIVF-5986294845,2026-06-28,2026-06-28,46544.12,refuzuar,Kerkon_Rivleftesim,Refuzuar,Jo,,2026-07-01,Mungesë dokumentacioni mbështetës,K33715699K,FURN-000640,mall,30
FAT-0002930,INST-0621-2602930,ANG-0001488,True,NIVF-1764022595,2026-07-25,2026-07-27,48855.88,pranuar,E_Vleftesuar,Miratuar,Po,R_Kaloi,2026-08-04,,K33715699K,FURN-000640,mall,30
FAT-0002931,INST-0621-2602931,ANG-0001489,True,NIVF-2829847192,2026-06-23,2026-06-23,90288606.0,pranuar,E_Vleftesuar,Miratuar,Po,R_Kaloi,2026-07-02,,J82916489E,FURN-001049,mall,30
FAT-0002932,INST-0621-2602932,ANG-0001490,True,NIVF-8864951828,2026-06-21,2026-06-24,49167.37,pranuar,E_Vleftesuar,Miratuar,Po,R_Kaloi,2026-07-02,,K31518077S,FURN-000916,mall,30
FAT-0002933,INST-0621-2602933,ANG-0001490,True,NIVF-9295419379,2026-07-12,2026-07-12,1159.77,pranuar,E_Vleftesuar,Miratuar,Po,R_Kaloi,2026-07-19,,K31518077S,FURN-000916,mall,30
FAT-0002934,INST-0621-2602934,ANG-0001490,True,NIVF-5036036371,2026-08-18,2026-08-22,7172.87,pranuar,E_Vleftesuar,Miratuar,Po,R_Kaloi,2026-08-31,,K31518077S,FURN-000916,mall,30
FAT-0002935,INST-0621-2602935,ANG-0001491,True,NIVF-8674427809,2026-06-30,2026-07-04,465000.0,pranuar,E_Vleftesuar,Miratuar,Po,R_Kaloi,2026-07-05,,K81323024G,FURN-000839,mall,30
FAT-0002936,INST-0621-2602936,ANG-0001492,True,NIVF-6128879904,2026-06-23,2026-06-26,119118058.98,pranuar,E_Vleftesuar,Miratuar,Po,R_Kaloi,2026-07-03,,K49322502N,FURN-001106,mall,30
FAT-0002937,INST-0621-2602937,ANG-0001492,True,NIVF-3766219033,2026-08-19,2026-08-20,34773380.54,pranuar,E_Vleftesuar,Miratuar,Po,R_Kaloi,2026-08-21,,K49322502N,FURN-001106,mall,30
FAT-0002938,INST-0621-2602938,ANG-0001493,True,NIVF-6146719864,2026-06-28,2026-07-02,100000.0,pranuar,E_Vleftesuar,Miratuar,Po,R_Kaloi,2026-07-05,,L42215015J,FURN-000895,mall,30
FAT-0002939,INST-0621-2602939,ANG-0001494,True,NIVF-5828198466,2026-06-29,2026-07-01,239891.8,pranuar,E_Vleftesuar,Miratuar,Po,R_Kaloi,2026-07-06,,L72926601Q,FURN-001133,mall,30
FAT-0002940,INST-0621-2602940,ANG-0001494,True,NIVF-8026732599,2026-08-20,2026-08-20,562608.2,pranuar,E_Vleftesuar,Miratuar,Po,R_Kaloi,2026-08-23,,L72926601Q,FURN-001133,mall,30
FAT-0002941,INST-0621-2602941,ANG-0001495,True,NIVF-6516669957,2026-07-05,2026-07-05,27500.0,refuzuar,Kerkon_Rivleftesim,Refuzuar,Jo,,2026-07-09,Gabim në shumën e faturuar,M22307015R,FURN-000354,mall,30
FAT-0002942,INST-0621-2602942,ANG-0001496,True,NIVF-4711247419,2026-07-04,2026-07-06,700387.78,pranuar,E_Vleftesuar,Miratuar,Po,R_Kaloi,2026-07-10,,L31804009R,FURN-001086,mall,30
FAT-0002943,INST-0621-2602943,ANG-0001496,True,NIVF-3751433105,2026-08-28,2026-08-30,156137.49,pranuar,E_Vleftesuar,Miratuar,Po,R_Kaloi,2026-09-06,,L31804009R,FURN-001086,mall,30
FAT-0002944,INST-0621-2602944,ANG-0001497,True,NIVF-5950179923,2026-06-24,2026-06-24,680867.41,refuzuar,Kerkon_Rivleftesim,Refuzuar,Jo,,2026-06-26,Fiskalizim i pavlefshëm,L19008502B,FURN-000948,mall,30
FAT-0002945,INST-0621-2602945,ANG-0001498,True,NIVF-9967825608,2026-07-05,2026-07-08,116400.0,pranuar,E_Vleftesuar,Miratuar,Po,R_Kaloi,2026-07-09,,K31528061N,FURN-000306,mall,30
FAT-0002946,INST-0621-2602946,ANG-0001499,True,NIVF-7981983488,2026-06-25,2026-06-27,20833.0,pranuar,E_Vleftesuar,Miratuar,Po,R_Kaloi,2026-07-04,,K52112501F,FURN-000382,mall,30
FAT-0002947,INST-0621-2602947,ANG-0001500,True,NIVF-5789546474,2026-06-30,2026-07-04,128466.17,pranuar,E_Vleftesuar,Miratuar,Po,R_Kaloi,2026-07-11,,L21621001I,FURN-001088,mall,30
FAT-0002948,INST-0621-2602948,ANG-0001500,True,NIVF-8619055004,2026-07-29,2026-08-01,111533.83,pranuar,E_Vleftesuar,Miratuar,Po,R_Kaloi,2026-08-10,,L21621001I,FURN-001088,mall,30
FAT-0002949,INST-0621-2602949,ANG-0001501,True,NIVF-5288797462,2026-06-21,2026-06-24,51690.12,pranuar,E_Vleftesuar,Miratuar,Po,R_Kaloi,2026-07-03,,M42203017M,FURN-000376,mall,30
FAT-0002950,INST-0621-2602950,ANG-0001501,True,NIVF-3649442511,2026-08-03,2026-08-07,418653.86,pranuar,E_Vleftesuar,Miratuar,Po,R_Kaloi,2026-08-15,,M42203017M,FURN-000376,mall,30
FAT-0002951,INST-0621-2602951,ANG-0001501,True,NIVF-1459516996,2026-09-03,2026-09-04,279656.02,pranuar,E_Vleftesuar,Miratuar,Po,R_Kaloi,2026-09-12,,M42203017M,FURN-000376,mall,30
FAT-0002952,INST-0621-2602952,ANG-0001502,True,NIVF-5722815443,2026-06-25,2026-06-27,99733.33,pranuar,E_Vleftesuar,Miratuar,Po,R_Kaloi,2026-07-05,,M11408020M,FURN-000370,mall,30
FAT-0002953,INST-0621-2602953,ANG-0001503,True,NIVF-3543908955,2026-06-24,2026-06-27,14850.0,pranuar,E_Vleftesuar,Miratuar,Po,R_Kaloi,2026-07-01,,L71921002H,FURN-000098,mall,30
FAT-0002954,INST-0621-2602954,ANG-0001504,True,NIVF-8982858858,2026-06-30,2026-07-03,201082.41,pranuar,E_Vleftesuar,Miratuar,Po,R_Kaloi,2026-07-12,,K86418203H,FURN-001151,mall,30
FAT-0002955,INST-0621-2602955,ANG-0001504,True,NIVF-5649878697,2026-07-21,2026-07-23,90742.97,pranuar,E_Vleftesuar,Miratuar,Po,R_Kaloi,2026-07-26,,K86418203H,FURN-001151,mall,30
FAT-0002956,INST-0621-2602956,ANG-0001504,True,NIVF-4277572427,2026-08-27,2026-08-31,202174.63,pranuar,E_Vleftesuar,Miratuar,Po,R_Kaloi,2026-09-05,,K86418203H,FURN-001151,mall,30
FAT-0002957,INST-0621-2602957,ANG-0001505,True,NIVF-3462689649,2026-06-30,2026-07-01,25323.3,pranuar,E_Vleftesuar,Miratuar,Po,R_Kaloi,2026-07-04,,L51603008A,FURN-000894,mall,30
FAT-0002958,INST-0621-2602958,ANG-0001505,True,NIVF-2743295031,2026-08-19,2026-08-20,47960.24,refuzuar,Kerkon_Rivleftesim,Refuzuar,Jo,,2026-08-27,Mospërputhje me kontratën,L51603008A,FURN-000894,mall,30
FAT-0002959,INST-0621-2602959,ANG-0001506,True,NIVF-9439616757,2026-06-27,2026-06-27,125000.0,pranuar,E_Vleftesuar,Miratuar,Po,R_Kaloi,2026-07-06,,J97426216L,FURN-000200,mall,30
FAT-0002960,INST-0132-2602960,ANG-0001507,True,NIVF-2143826368,2026-07-02,2026-07-06,1529.71,pranuar,E_Vleftesuar,Miratuar,Po,R_Kaloi,2026-07-11,,L31903003N,FURN-000917,mall,30
FAT-0002961,INST-0132-2602961,ANG-0001507,True,NIVF-7255912565,2026-07-24,2026-07-25,78470.29,pranuar,E_Vleftesuar,Miratuar,Po,R_Kaloi,2026-07-26,,L31903003N,FURN-000917,mall,30
FAT-0002962,INST-1035-2602962,ANG-0001508,True,NIVF-1837040061,2026-06-23,2026-06-26,73528.38,pranuar,E_Vleftesuar,Miratuar,Po,R_Kaloi,2026-07-04,,M52311039R,FURN-000386,mall,30
FAT-0002963,INST-1035-2602963,ANG-0001508,True,NIVF-8616279653,2026-07-24,2026-07-25,8592.06,pranuar,E_Vleftesuar,Miratuar,Po,R_Kaloi,2026-07-26,,M52311039R,FURN-000386,mall,30
FAT-0002964,INST-1035-2602964,ANG-0001508,True,NIVF-9512481794,2026-09-15,2026-09-15,17579.55,pranuar,E_Vleftesuar,Miratuar,Po,R_Kaloi,2026-09-16,,M52311039R,FURN-000386,mall,30
FAT-0002965,INST-1035-2602965,ANG-0001509,True,NIVF-1118334228,2026-07-01,2026-07-05,17846.26,pranuar,E_Vleftesuar,Miratuar,Po,R_Kaloi,2026-07-10,,J61813529P,FURN-000228,mall,30
FAT-0002966,INST-1035-2602966,ANG-0001509,True,NIVF-2099181992,2026-08-14,2026-08-17,442570.41,pranuar,E_Vleftesuar,Miratuar,Po,R_Kaloi,2026-08-26,,J61813529P,FURN-000228,mall,30
FAT-0002967,INST-0621-2602967,ANG-0001510,True,NIVF-9277017411,2026-06-28,2026-07-02,8871.99,refuzuar,Kerkon_Rivleftesim,Refuzuar,Jo,,2026-07-11,Fiskalizim i pavlefshëm,K51612031J,FURN-000015,mall,30
FAT-0002968,INST-0621-2602968,ANG-0001510,True,NIVF-8320084242,2026-07-29,2026-07-30,5804.45,refuzuar,Kerkon_Rivleftesim,Refuzuar,Jo,,2026-08-06,Gabim në shumën e faturuar,K51612031J,FURN-000015,mall,30
FAT-0002969,INST-0621-2602969,ANG-0001510,True,NIVF-6419021207,2026-09-11,2026-09-15,6323.57,refuzuar,Kerkon_Rivleftesim,Refuzuar,Jo,,2026-09-18,Fiskalizim i pavlefshëm,K51612031J,FURN-000015,mall,30
FAT-0002970,INST-0172-2602970,ANG-0001511,True,NIVF-8602929156,2026-06-30,2026-07-02,945520.0,pranuar,E_Vleftesuar,Miratuar,Po,R_Kaloi,2026-07-11,,K61617040L,FURN-000920,sherbim,30
FAT-0002971,INST-0621-2602971,ANG-0001512,True,NIVF-5102619456,2026-07-05,2026-07-08,1327392.33,pranuar,E_Vleftesuar,Miratuar,Po,R_Kaloi,2026-07-11,,J61813529P,FURN-000228,mall,30
FAT-0002972,INST-0621-2602972,ANG-0001512,True,NIVF-8104095438,2026-08-19,2026-08-22,258607.67,pranuar,E_Vleftesuar,Miratuar,Po,R_Kaloi,2026-08-30,,J61813529P,FURN-000228,mall,30
FAT-0002973,INST-0621-2602973,ANG-0001513,True,NIVF-8372563073,2026-07-03,2026-07-03,24001.98,pranuar,E_Vleftesuar,Miratuar,Po,R_Kaloi,2026-07-09,,L71921002H,FURN-000098,mall,30
FAT-0002974,INST-0621-2602974,ANG-0001513,True,NIVF-4645120101,2026-08-05,2026-08-07,882.14,pranuar,E_Vleftesuar,Miratuar,Po,R_Kaloi,2026-08-15,,L71921002H,FURN-000098,mall,30
FAT-0002975,INST-0621-2602975,ANG-0001513,True,NIVF-7958793595,2026-08-27,2026-08-28,11115.89,pranuar,E_Vleftesuar,Miratuar,Po,R_Kaloi,2026-08-29,,L71921002H,FURN-000098,mall,30
FAT-0002976,INST-0621-2602976,ANG-0001514,True,NIVF-9727627253,2026-06-26,2026-06-30,132097.02,pranuar,E_Vleftesuar,Miratuar,Po,R_Kaloi,2026-07-08,,L81316021R,FURN-000930,mall,30
FAT-0002977,INST-0621-2602977,ANG-0001514,True,NIVF-1303144755,2026-08-01,2026-08-02,97902.98,pranuar,E_Vleftesuar,Miratuar,Po,R_Kaloi,2026-08-08,,L81316021R,FURN-000930,mall,30
FAT-0002978,INST-0621-2602978,ANG-0001515,True,NIVF-1214852657,2026-06-28,2026-06-28,36676.32,pranuar,E_Vleftesuar,Miratuar,Po,R_Kaloi,2026-07-02,,K31908022U,FURN-000075,mall,30
FAT-0002979,INST-0621-2602979,ANG-0001515,True,NIVF-2978449804,2026-07-24,2026-07-28,33281.35,pranuar,E_Vleftesuar,Miratuar,Po,R_Kaloi,2026-08-01,,K31908022U,FURN-000075,mall,30
FAT-0002980,INST-0621-2602980,ANG-0001515,True,NIVF-1331990228,2026-09-18,2026-09-18,30042.33,pranuar,E_Vleftesuar,Miratuar,Po,R_Kaloi,2026-09-18,,K31908022U,FURN-000075,mall,30
FAT-0002981,INST-0621-2602981,ANG-0001516,True,NIVF-1203909001,2026-06-24,2026-06-27,864227.85,pranuar,E_Vleftesuar,Miratuar,Po,R_Kaloi,2026-07-05,,K42108801C,FURN-000106,mall,30
FAT-0002982,INST-0621-2602982,ANG-0001516,True,NIVF-6069973706,2026-08-20,2026-08-24,125772.15,pranuar,E_Vleftesuar,Miratuar,Po,R_Kaloi,2026-08-28,,K42108801C,FURN-000106,mall,30
FAT-0002983,INST-0621-2602983,ANG-0001517,True,NIVF-3899703999,2026-06-30,2026-07-04,980000.0,refuzuar,Kerkon_Rivleftesim,Refuzuar,Jo,,2026-07-06,Gabim në shumën e faturuar,M52307052B,FURN-001382,mall,30
FAT-0002984,INST-0621-2602984,ANG-0001518,True,NIVF-9844668736,2026-07-02,2026-07-03,13884.46,pranuar,E_Vleftesuar,Miratuar,Po,R_Kaloi,2026-07-08,,M61418057G,FURN-001426,mall,30
FAT-0002985,INST-0621-2602985,ANG-0001518,True,NIVF-1598355259,2026-08-28,2026-08-31,57915.31,pranuar,E_Vleftesuar,Miratuar,Po,R_Kaloi,2026-09-03,,M61418057G,FURN-001426,mall,30
FAT-0002986,INST-0621-2602986,ANG-0001518,True,NIVF-5449049289,2026-09-18,2026-09-18,207200.23,pranuar,E_Vleftesuar,Miratuar,Po,R_Kaloi,2026-09-18,,M61418057G,FURN-001426,mall,30
FAT-0002987,INST-0621-2602987,ANG-0001519,True,NIVF-1473616843,2026-06-27,2026-07-01,100000.0,refuzuar,Kerkon_Rivleftesim,Refuzuar,Jo,,2026-07-08,Mospërputhje me kontratën,L41306506T,FURN-000710,mall,30
FAT-0002988,INST-0621-2602988,ANG-0001520,True,NIVF-3908579373,2026-07-05,2026-07-09,1504437.62,pranuar,E_Vleftesuar,Miratuar,Po,R_Kaloi,2026-07-18,,K41914024V,FURN-001011,mall,30
FAT-0002989,INST-0621-2602989,ANG-0001520,True,NIVF-6287630964,2026-08-07,2026-08-09,2612262.38,pranuar,E_Vleftesuar,Miratuar,Po,R_Kaloi,2026-08-14,,K41914024V,FURN-001011,mall,30
FAT-0002990,INST-0621-2602990,ANG-0001521,True,NIVF-8488271504,2026-06-21,2026-06-23,13026.3,pranuar,E_Vleftesuar,Miratuar,Po,R_Kaloi,2026-06-29,,K31908022U,FURN-000075,mall,30
FAT-0002991,INST-0621-2602991,ANG-0001521,True,NIVF-5649230643,2026-08-15,2026-08-19,23172.33,pranuar,E_Vleftesuar,Miratuar,Po,R_Kaloi,2026-08-27,,K31908022U,FURN-000075,mall,30
FAT-0002992,INST-0621-2602992,ANG-0001521,True,NIVF-7251829224,2026-09-18,2026-09-18,63801.37,pranuar,E_Vleftesuar,Miratuar,Po,R_Kaloi,2026-09-18,,K31908022U,FURN-000075,mall,30
FAT-0002993,INST-0621-2602993,ANG-0001522,True,NIVF-5362118161,2026-06-30,2026-07-04,268213.44,pranuar,E_Vleftesuar,Miratuar,Po,R_Kaloi,2026-07-13,,M21517029S,FURN-000272,mall,30
FAT-0002994,INST-0621-2602994,ANG-0001522,True,NIVF-2727367698,2026-08-09,2026-08-12,193426.19,refuzuar,Kerkon_Rivleftesim,Refuzuar,Jo,,2026-08-17,Mospërputhje me kontratën,M21517029S,FURN-000272,mall,30
FAT-0002995,INST-0621-2602995,ANG-0001522,True,NIVF-1735494558,2026-09-10,2026-09-11,208360.38,pranuar,E_Vleftesuar,Miratuar,Po,R_Kaloi,2026-09-14,,M21517029S,FURN-000272,mall,30
FAT-0002996,INST-0621-2602996,ANG-0001523,True,NIVF-8297446263,2026-07-05,2026-07-05,51696.69,pranuar,E_Vleftesuar,Miratuar,Po,R_Kaloi,2026-07-14,,K31412087P,FURN-000615,mall,30
FAT-0002997,INST-0621-2602997,ANG-0001523,True,NIVF-1221347776,2026-07-30,2026-08-02,1144.21,pranuar,E_Vleftesuar,Miratuar,Po,R_Kaloi,2026-08-09,,K31412087P,FURN-000615,mall,30
FAT-0002998,INST-0621-2602998,ANG-0001523,True,NIVF-7806857611,2026-08-20,2026-08-20,25629.09,pranuar,E_Vleftesuar,Miratuar,Po,R_Kaloi,2026-08-23,,K31412087P,FURN-000615,mall,30
FAT-0002999,INST-0621-2602999,ANG-0001524,True,NIVF-8135956329,2026-07-05,2026-07-05,99000.0,pranuar,E_Vleftesuar,Miratuar,Po,R_Kaloi,2026-07-13,,L61321012S,FURN-001028,mall,30
FAT-0003000,INST-0621-2603000,ANG-0001525,True,NIVF-8423374344,2026-06-21,2026-06-21,2377660.0,pranuar,E_Vleftesuar,Miratuar,Po,R_Kaloi,2026-06-29,,K32203002I,FURN-000492,mall,30
FAT-0003001,INST-0621-2603001,ANG-0001526,True,NIVF-7086168402,2026-07-05,2026-07-06,27701.2,pranuar,E_Vleftesuar,Miratuar,Po,R_Kaloi,2026-07-13,,L31714005J,FURN-000114,mall,30
FAT-0003002,INST-0621-2603002,ANG-0001526,True,NIVF-6631686419,2026-08-04,2026-08-05,14988.31,pranuar,E_Vleftesuar,Miratuar,Po,R_Kaloi,2026-08-10,,L31714005J,FURN-000114,mall,30
FAT-0003003,INST-0621-2603003,ANG-0001526,True,NIVF-1418450670,2026-09-09,2026-09-09,11210.49,pranuar,E_Vleftesuar,Miratuar,Po,R_Kaloi,2026-09-11,,L31714005J,FURN-000114,mall,30
FAT-0003004,INST-0621-2603004,ANG-0001527,True,NIVF-1305438570,2026-07-05,2026-07-05,40000.0,pranuar,E_Vleftesuar,Miratuar,Po,R_Kaloi,2026-07-11,,L91418502J,FURN-000101,mall,30
FAT-0003005,INST-0621-2603005,ANG-0001528,True,NIVF-5000999286,2026-06-30,2026-07-03,49770.0,pranuar,E_Vleftesuar,Miratuar,Po,R_Kaloi,2026-07-11,,M58926201D,FURN-000846,mall,30
FAT-0003006,INST-0621-2603006,ANG-0001529,True,NIVF-5242594675,2026-06-21,2026-06-22,39000.0,pranuar,E_Vleftesuar,Miratuar,Po,R_Kaloi,2026-07-01,,L12212026G,FURN-001867,mall,30
FAT-0003007,INST-0621-2603007,ANG-0001530,True,NIVF-1325480188,2026-06-21,2026-06-24,338000.0,pranuar,E_Vleftesuar,Miratuar,Po,R_Kaloi,2026-07-03,,M61718005K,FURN-000618,mall,30
FAT-0003008,INST-0621-2603008,ANG-0001531,True,NIVF-4200552486,2026-06-21,2026-06-24,13871.52,pranuar,E_Vleftesuar,Miratuar,Po,R_Kaloi,2026-06-27,,K21405001N,FURN-000404,mall,30
FAT-0003009,INST-0621-2603009,ANG-0001531,True,NIVF-3687075388,2026-08-02,2026-08-04,2954.81,pranuar,E_Vleftesuar,Miratuar,Po,R_Kaloi,2026-08-11,,K21405001N,FURN-000404,mall,30
FAT-0003010,INST-0621-2603010,ANG-0001531,True,NIVF-3704872563,2026-08-24,2026-08-27,38173.67,pranuar,E_Vleftesuar,Miratuar,Po,R_Kaloi,2026-09-02,,K21405001N,FURN-000404,mall,30
FAT-0003011,INST-0621-2603011,ANG-0001532,True,NIVF-4897037203,2026-06-28,2026-06-28,3189.55,pranuar,E_Vleftesuar,Miratuar,Po,R_Kaloi,2026-07-01,,L58317905N,FURN-000508,mall,30
FAT-0003012,INST-0621-2603012,ANG-0001532,True,NIVF-6665364381,2026-08-26,2026-08-29,70077.02,pranuar,E_Vleftesuar,Miratuar,Po,R_Kaloi,2026-09-02,,L58317905N,FURN-000508,mall,30
FAT-0003013,INST-0621-2603013,ANG-0001533,True,NIVF-1350820829,2026-06-27,2026-06-29,122523.02,pranuar,E_Vleftesuar,Miratuar,Po,R_Kaloi,2026-06-30,,M21324046O,FURN-001542,mall,30
FAT-0003014,INST-0621-2603014,ANG-0001533,True,NIVF-8452883209,2026-07-31,2026-07-31,9086.59,pranuar,E_Vleftesuar,Miratuar,Po,R_Kaloi,2026-08-06,,M21324046O,FURN-001542,mall,30
FAT-0003015,INST-0621-2603015,ANG-0001534,True,NIVF-1014143229,2026-06-30,2026-07-02,108000.0,pranuar,E_Vleftesuar,Miratuar,Po,R_Kaloi,2026-07-07,,K01514009I,FURN-000519,mall,30
FAT-0003016,INST-0621-2603016,ANG-0001535,True,NIVF-2361471256,2026-06-26,2026-06-29,143000.0,pranuar,E_Vleftesuar,Miratuar,Po,R_Kaloi,2026-07-02,,J97426216L,FURN-000200,mall,30
FAT-0003017,INST-0621-2603017,ANG-0001536,True,NIVF-6773468617,2026-07-05,2026-07-06,21420328.0,pranuar,E_Vleftesuar,Miratuar,Po,R_Kaloi,2026-07-07,,J66703306O,FURN-001044,mall,30
FAT-0003018,INST-0621-2603018,ANG-0001537,True,NIVF-9517646577,2026-06-28,2026-06-29,15014.04,pranuar,E_Vleftesuar,Miratuar,Po,R_Kaloi,2026-07-02,,L74320602D,FURN-000532,mall,30
FAT-0003019,INST-0621-2603019,ANG-0001537,True,NIVF-8285259051,2026-08-05,2026-08-09,2750.56,pranuar,E_Vleftesuar,Miratuar,Po,R_Kaloi,2026-08-16,,L74320602D,FURN-000532,mall,30
FAT-0003020,INST-0621-2603020,ANG-0001538,True,NIVF-4491432484,2026-07-02,2026-07-04,21646.12,pranuar,E_Vleftesuar,Miratuar,Po,R_Kaloi,2026-07-10,,M07108401J,FURN-000064,mall,30
FAT-0003021,INST-0621-2603021,ANG-0001538,True,NIVF-9524703857,2026-08-18,2026-08-22,126143.88,pranuar,E_Vleftesuar,Miratuar,Po,R_Kaloi,2026-08-23,,M07108401J,FURN-000064,mall,30
FAT-0003022,INST-0621-2603022,ANG-0001539,True,NIVF-6994380499,2026-06-29,2026-07-02,22394.79,pranuar,E_Vleftesuar,Miratuar,Po,R_Kaloi,2026-07-03,,K72022032H,FURN-000788,mall,30
FAT-0003023,INST-0621-2603023,ANG-0001539,True,NIVF-4147804018,2026-08-16,2026-08-17,77562.45,pranuar,E_Vleftesuar,Miratuar,Po,R_Kaloi,2026-08-19,,K72022032H,FURN-000788,mall,30
FAT-0003024,INST-0621-2603024,ANG-0001540,True,NIVF-5655990700,2026-06-24,2026-06-28,98800.0,pranuar,E_Vleftesuar,Miratuar,Po,R_Kaloi,2026-07-02,,L94131401L,FURN-000245,mall,30
FAT-0003025,INST-0621-2603025,ANG-0001541,True,NIVF-7288005927,2026-07-04,2026-07-07,2758.18,pranuar,E_Vleftesuar,Miratuar,Po,R_Kaloi,2026-07-16,,K66501003D,FURN-000831,mall,30
FAT-0003026,INST-0621-2603026,ANG-0001541,True,NIVF-8064425986,2026-09-01,2026-09-04,2084.87,refuzuar,Kerkon_Rivleftesim,Refuzuar,Jo,,2026-09-10,Gabim në shumën e faturuar,K66501003D,FURN-000831,mall,30
FAT-0003027,INST-0621-2603027,ANG-0001542,True,NIVF-5750344728,2026-07-01,2026-07-05,10686.75,pranuar,E_Vleftesuar,Miratuar,Po,R_Kaloi,2026-07-10,,M52213505B,FURN-000426,mall,30
FAT-0003028,INST-0621-2603028,ANG-0001542,True,NIVF-5931052707,2026-08-16,2026-08-19,105979.75,pranuar,E_Vleftesuar,Miratuar,Po,R_Kaloi,2026-08-22,,M52213505B,FURN-000426,mall,30
FAT-0003029,INST-0621-2603029,ANG-0001543,True,NIVF-3413993807,2026-06-28,2026-06-29,96601.27,pranuar,E_Vleftesuar,Miratuar,Po,R_Kaloi,2026-07-08,,M01321501F,FURN-000205,mall,30
FAT-0003030,INST-0621-2603030,ANG-0001543,True,NIVF-1396653310,2026-08-01,2026-08-03,171398.73,pranuar,E_Vleftesuar,Miratuar,Po,R_Kaloi,2026-08-11,,M01321501F,FURN-000205,mall,30
FAT-0003031,INST-0621-2603031,ANG-0001544,True,NIVF-6007226927,2026-06-23,2026-06-24,25958.55,pranuar,E_Vleftesuar,Miratuar,Po,R_Kaloi,2026-07-01,,M11614004U,FURN-000149,mall,30
FAT-0003032,INST-0621-2603032,ANG-0001544,True,NIVF-8831909407,2026-08-01,2026-08-03,6801.54,pranuar,E_Vleftesuar,Miratuar,Po,R_Kaloi,2026-08-10,,M11614004U,FURN-000149,mall,30
FAT-0003033,INST-0621-2603033,ANG-0001545,True,NIVF-8855441146,2026-07-01,2026-07-04,54830.62,pranuar,E_Vleftesuar,Miratuar,Po,R_Kaloi,2026-07-06,,L31714005J,FURN-000114,mall,30
FAT-0003034,INST-0621-2603034,ANG-0001545,True,NIVF-5881772947,2026-08-24,2026-08-27,847796.96,pranuar,E_Vleftesuar,Miratuar,Po,R_Kaloi,2026-09-05,,L31714005J,FURN-000114,mall,30
FAT-0003035,INST-0621-2603035,ANG-0001545,True,NIVF-6809605729,2026-09-16,2026-09-18,42197.42,pranuar,E_Vleftesuar,Miratuar,Po,R_Kaloi,2026-09-18,,L31714005J,FURN-000114,mall,30
FAT-0003036,INST-0621-2603036,ANG-0001546,True,NIVF-5601779371,2026-06-28,2026-06-28,516472.03,pranuar,E_Vleftesuar,Miratuar,Po,R_Kaloi,2026-07-06,,L62412026R,FURN-000980,mall,30
FAT-0003037,INST-0621-2603037,ANG-0001546,True,NIVF-1067667089,2026-08-11,2026-08-15,263527.97,pranuar,E_Vleftesuar,Miratuar,Po,R_Kaloi,2026-08-24,,L62412026R,FURN-000980,mall,30
FAT-0003038,INST-0621-2603038,ANG-0001547,True,NIVF-2489247783,2026-06-28,2026-06-30,1790340.0,pranuar,E_Vleftesuar,Miratuar,Po,R_Kaloi,2026-07-07,,K59723504B,FURN-001935,mall,30
FAT-0003039,INST-0621-2603039,ANG-0001548,True,NIVF-2144628352,2026-06-21,2026-06-25,296070.0,pranuar,E_Vleftesuar,Miratuar,Po,R_Kaloi,2026-06-28,,K62202046U,FURN-000341,mall,30
FAT-0003040,INST-0621-2603040,ANG-0001549,True,NIVF-8038860836,2026-06-30,2026-06-30,54150.0,pranuar,E_Vleftesuar,Miratuar,Po,R_Kaloi,2026-07-01,,L31714005J,FURN-000114,mall,30
FAT-0003041,INST-0621-2603041,ANG-0001550,True,NIVF-3571979261,2026-07-01,2026-07-04,930000.0,pranuar,E_Vleftesuar,Miratuar,Po,R_Kaloi,2026-07-08,,L92119032V,FURN-000367,mall,30
FAT-0003042,INST-0621-2603042,ANG-0001551,True,NIVF-1558495443,2026-06-29,2026-07-03,78987.1,refuzuar,Kerkon_Rivleftesim,Refuzuar,Jo,,2026-07-06,Gabim në shumën e faturuar,L71407038O,FURN-001544,mall,30
FAT-0003043,INST-0621-2603043,ANG-0001551,True,NIVF-8895246681,2026-08-11,2026-08-12,71012.9,refuzuar,Kerkon_Rivleftesim,Refuzuar,Jo,,2026-08-19,Fiskalizim i pavlefshëm,L71407038O,FURN-001544,mall,30
FAT-0003044,INST-0621-2603044,ANG-0001552,True,NIVF-1993541404,2026-06-24,2026-06-28,299393.14,pranuar,E_Vleftesuar,Miratuar,Po,R_Kaloi,2026-07-01,,K92402036A,FURN-001120,mall,30
FAT-0003045,INST-0621-2603045,ANG-0001552,True,NIVF-4128840339,2026-07-26,2026-07-29,558606.86,pranuar,E_Vleftesuar,Miratuar,Po,R_Kaloi,2026-08-02,,K92402036A,FURN-001120,mall,30
FAT-0003046,INST-0621-2603046,ANG-0001553,True,NIVF-5719180686,2026-06-21,2026-06-25,37990653.51,pranuar,E_Vleftesuar,Miratuar,Po,R_Kaloi,2026-06-28,,J62903384G,FURN-001626,mall,30
FAT-0003047,INST-0621-2603047,ANG-0001553,True,NIVF-2851684886,2026-08-09,2026-08-13,2644565.06,pranuar,E_Vleftesuar,Miratuar,Po,R_Kaloi,2026-08-19,,J62903384G,FURN-001626,mall,30
FAT-0003048,INST-0621-2603048,ANG-0001554,True,NIVF-3834502345,2026-07-03,2026-07-05,59791.06,pranuar,E_Vleftesuar,Miratuar,Po,R_Kaloi,2026-07-11,,K97718101U,FURN-000808,mall,30
FAT-0003049,INST-0621-2603049,ANG-0001554,True,NIVF-8492949821,2026-08-17,2026-08-18,38848.94,pranuar,E_Vleftesuar,Miratuar,Po,R_Kaloi,2026-08-19,,K97718101U,FURN-000808,mall,30
FAT-0003050,INST-0621-2603050,ANG-0001555,True,NIVF-1554543407,2026-06-29,2026-06-29,5076.55,pranuar,E_Vleftesuar,Miratuar,Po,R_Kaloi,2026-07-07,,K91530017T,FURN-000032,mall,30
FAT-0003051,INST-0621-2603051,ANG-0001555,True,NIVF-3396689595,2026-07-22,2026-07-23,10523.45,pranuar,E_Vleftesuar,Miratuar,Po,R_Kaloi,2026-07-24,,K91530017T,FURN-000032,mall,30
FAT-0003052,INST-0621-2603052,ANG-0001556,True,NIVF-4079794865,2026-06-30,2026-07-01,99000.0,pranuar,E_Vleftesuar,Miratuar,Po,R_Kaloi,2026-07-05,,M03116403L,FURN-000397,mall,30
FAT-0003053,INST-0621-2603053,ANG-0001557,True,NIVF-4427813654,2026-07-04,2026-07-07,890054.65,pranuar,E_Vleftesuar,Miratuar,Po,R_Kaloi,2026-07-10,,K21710002J,FURN-000095,mall,30
FAT-0003054,INST-0621-2603054,ANG-0001557,True,NIVF-2133546142,2026-07-26,2026-07-30,139662.65,pranuar,E_Vleftesuar,Miratuar,Po,R_Kaloi,2026-08-08,,K21710002J,FURN-000095,mall,30
FAT-0003055,INST-0621-2603055,ANG-0001557,True,NIVF-3329481473,2026-08-17,2026-08-17,109072.7,pranuar,E_Vleftesuar,Miratuar,Po,R_Kaloi,2026-08-18,,K21710002J,FURN-000095,mall,30
FAT-0003056,INST-0621-2603056,ANG-0001558,True,NIVF-7024366340,2026-06-28,2026-07-02,104798.62,pranuar,E_Vleftesuar,Miratuar,Po,R_Kaloi,2026-07-10,,K11715005L,FURN-000108,mall,30
FAT-0003057,INST-0621-2603057,ANG-0001558,True,NIVF-7557584587,2026-08-14,2026-08-17,509193.38,pranuar,E_Vleftesuar,Miratuar,Po,R_Kaloi,2026-08-20,,K11715005L,FURN-000108,mall,30
FAT-0003058,INST-0621-2603058,ANG-0001559,True,NIVF-4821703577,2026-06-30,2026-07-01,1971880.71,pranuar,E_Vleftesuar,Miratuar,Po,R_Kaloi,2026-07-02,,K06605226B,FURN-000765,mall,30
FAT-0003059,INST-0621-2603059,ANG-0001559,True,NIVF-7666416366,2026-08-07,2026-08-10,2900894.82,pranuar,E_Vleftesuar,Miratuar,Po,R_Kaloi,2026-08-14,,K06605226B,FURN-000765,mall,30
FAT-0003060,INST-0621-2603060,ANG-0001560,True,NIVF-1048114026,2026-06-22,2026-06-22,5817.03,pranuar,E_Vleftesuar,Miratuar,Po,R_Kaloi,2026-07-01,,K31419099E,FURN-000800,mall,30
FAT-0003061,INST-0621-2603061,ANG-0001560,True,NIVF-8170688537,2026-08-06,2026-08-06,60849.64,pranuar,E_Vleftesuar,Miratuar,Po,R_Kaloi,2026-08-10,,K31419099E,FURN-000800,mall,30
FAT-0003062,INST-0621-2603062,ANG-0001561,True,NIVF-7709583055,2026-07-05,2026-07-07,148600.0,pranuar,E_Vleftesuar,Miratuar,Po,R_Kaloi,2026-07-13,,L97006001D,FURN-000780,mall,30
FAT-0003063,INST-0621-2603063,ANG-0001562,True,NIVF-8266472741,2026-06-23,2026-06-23,160194.06,refuzuar,Kerkon_Rivleftesim,Refuzuar,Jo,,2026-06-24,Mospërputhje me kontratën,M58408601O,FURN-000743,mall,30
FAT-0003064,INST-0621-2603064,ANG-0001562,True,NIVF-9948583240,2026-08-12,2026-08-13,84805.94,pranuar,E_Vleftesuar,Miratuar,Po,R_Kaloi,2026-08-21,,M58408601O,FURN-000743,mall,30
FAT-0003065,INST-0621-2603065,ANG-0001563,True,NIVF-8251845819,2026-06-28,2026-07-01,23845.05,pranuar,E_Vleftesuar,Miratuar,Po,R_Kaloi,2026-07-09,,J61806015D,FURN-000766,mall,30
FAT-0003066,INST-0621-2603066,ANG-0001563,True,NIVF-8817767812,2026-08-18,2026-08-21,45161.83,pranuar,E_Vleftesuar,Miratuar,Po,R_Kaloi,2026-08-29,,J61806015D,FURN-000766,mall,30
FAT-0003067,INST-0621-2603067,ANG-0001564,True,NIVF-7889751663,2026-06-25,2026-06-25,13558.49,pranuar,E_Vleftesuar,Miratuar,Po,R_Kaloi,2026-07-01,,L47401203N,FURN-000855,mall,30
FAT-0003068,INST-0621-2603068,ANG-0001564,True,NIVF-1079735355,2026-07-17,2026-07-17,86428.51,refuzuar,Kerkon_Rivleftesim,Refuzuar,Jo,,2026-07-18,Mospërputhje me kontratën,L47401203N,FURN-000855,mall,30
FAT-0003069,INST-0621-2603069,ANG-0001565,True,NIVF-7045022071,2026-06-26,2026-06-26,260800.78,refuzuar,Kerkon_Rivleftesim,Refuzuar,Jo,,2026-07-04,Fiskalizim i pavlefshëm,L11424007S,FURN-001528,mall,30
FAT-0003070,INST-0621-2603070,ANG-0001565,True,NIVF-3873896547,2026-08-15,2026-08-17,198062.74,pranuar,E_Vleftesuar,Miratuar,Po,R_Kaloi,2026-08-21,,L11424007S,FURN-001528,mall,30
FAT-0003071,INST-0621-2603071,ANG-0001565,True,NIVF-9839393121,2026-09-08,2026-09-10,461136.48,pranuar,E_Vleftesuar,Miratuar,Po,R_Kaloi,2026-09-11,,L11424007S,FURN-001528,mall,30
FAT-0003072,INST-0621-2603072,ANG-0001566,True,NIVF-8508923978,2026-06-24,2026-06-27,12000.0,pranuar,E_Vleftesuar,Miratuar,Po,R_Kaloi,2026-06-30,,K32802228D,FURN-000888,mall,30
FAT-0003073,INST-0621-2603073,ANG-0001567,True,NIVF-1211017873,2026-07-06,2026-07-06,3965.02,pranuar,E_Vleftesuar,Miratuar,Po,R_Kaloi,2026-07-08,,K21912001R,FURN-000018,mall,30
FAT-0003074,INST-0621-2603074,ANG-0001567,True,NIVF-6689093755,2026-08-05,2026-08-09,2967.39,pranuar,E_Vleftesuar,Miratuar,Po,R_Kaloi,2026-08-11,,K21912001R,FURN-000018,mall,30
FAT-0003075,INST-0621-2603075,ANG-0001568,True,NIVF-4572239541,2026-06-22,2026-06-22,139250.0,pranuar,E_Vleftesuar,Miratuar,Po,R_Kaloi,2026-06-28,,K36608208V,FURN-000198,mall,30
FAT-0003076,INST-0621-2603076,ANG-0001569,True,NIVF-2801950837,2026-07-06,2026-07-06,300600.0,pranuar,E_Vleftesuar,Miratuar,Po,R_Kaloi,2026-07-08,,L01606034A,FURN-000056,mall,30
FAT-0003077,INST-0621-2603077,ANG-0001570,True,NIVF-6890306416,2026-06-30,2026-07-01,859000.0,pranuar,E_Vleftesuar,Miratuar,Po,R_Kaloi,2026-07-03,,L81329024O,FURN-000432,mall,30
FAT-0003078,INST-0621-2603078,ANG-0001571,True,NIVF-4074380934,2026-06-25,2026-06-29,29291.88,pranuar,E_Vleftesuar,Miratuar,Po,R_Kaloi,2026-07-04,,M01804013U,FURN-000677,mall,30
FAT-0003079,INST-0621-2603079,ANG-0001571,True,NIVF-5006893117,2026-08-09,2026-08-11,922708.12,pranuar,E_Vleftesuar,Miratuar,Po,R_Kaloi,2026-08-20,,M01804013U,FURN-000677,mall,30
FAT-0003080,INST-0621-2603080,ANG-0001572,True,NIVF-4758700973,2026-06-24,2026-06-28,777000.0,pranuar,E_Vleftesuar,Miratuar,Po,R_Kaloi,2026-07-01,,K71821009N,FURN-000794,mall,30
FAT-0003081,INST-0621-2603081,ANG-0001573,True,NIVF-3795197164,2026-07-06,2026-07-10,280954.77,pranuar,E_Vleftesuar,Miratuar,Po,R_Kaloi,2026-07-16,,K42003004T,FURN-000862,mall,30
FAT-0003082,INST-0621-2603082,ANG-0001573,True,NIVF-9725561911,2026-08-02,2026-08-05,576425.23,pranuar,E_Vleftesuar,Miratuar,Po,R_Kaloi,2026-08-07,,K42003004T,FURN-000862,mall,30
FAT-0003083,INST-0621-2603083,ANG-0001574,True,NIVF-9080945090,2026-07-04,2026-07-06,373474.45,pranuar,E_Vleftesuar,Miratuar,Po,R_Kaloi,2026-07-13,,L51712008C,FURN-000189,mall,30
FAT-0003084,INST-0621-2603084,ANG-0001574,True,NIVF-5910731739,2026-08-21,2026-08-23,177716.09,pranuar,E_Vleftesuar,Miratuar,Po,R_Kaloi,2026-08-27,,L51712008C,FURN-000189,mall,30
FAT-0003085,INST-0621-2603085,ANG-0001575,True,NIVF-9017722769,2026-07-04,2026-07-05,1395.63,pranuar,E_Vleftesuar,Miratuar,Po,R_Kaloi,2026-07-14,,M21403031D,FURN-000170,mall,30
FAT-0003086,INST-0621-2603086,ANG-0001575,True,NIVF-8868947854,2026-08-27,2026-08-27,93604.37,pranuar,E_Vleftesuar,Miratuar,Po,R_Kaloi,2026-09-03,,M21403031D,FURN-000170,mall,30
FAT-0003087,INST-0621-2603087,ANG-0001576,True,NIVF-5667186269,2026-06-23,2026-06-27,33500.0,pranuar,E_Vleftesuar,Miratuar,Po,R_Kaloi,2026-06-30,,K62320012O,FURN-000162,mall,30
FAT-0003088,INST-0621-2603088,ANG-0001577,True,NIVF-3087096291,2026-06-29,2026-06-29,90145.46,pranuar,E_Vleftesuar,Miratuar,Po,R_Kaloi,2026-07-03,,K62320012O,FURN-000162,mall,30
FAT-0003089,INST-0621-2603089,ANG-0001577,True,NIVF-7739162434,2026-08-11,2026-08-14,2854.54,pranuar,E_Vleftesuar,Miratuar,Po,R_Kaloi,2026-08-20,,K62320012O,FURN-000162,mall,30
FAT-0003090,INST-0621-2603090,ANG-0001578,True,NIVF-3542328336,2026-07-01,2026-07-01,310432.39,pranuar,E_Vleftesuar,Miratuar,Po,R_Kaloi,2026-07-06,,L92207009A,FURN-000338,mall,30
FAT-0003091,INST-0621-2603091,ANG-0001578,True,NIVF-8758669335,2026-08-10,2026-08-11,298567.61,pranuar,E_Vleftesuar,Miratuar,Po,R_Kaloi,2026-08-14,,L92207009A,FURN-000338,mall,30
FAT-0003092,INST-0621-2603092,ANG-0001579,True,NIVF-4108993156,2026-06-22,2026-06-25,100000.0,refuzuar,Kerkon_Rivleftesim,Refuzuar,Jo,,2026-07-01,Mungesë dokumentacioni mbështetës,L96611004A,FURN-000077,mall,30
FAT-0003093,INST-0621-2603093,ANG-0001580,True,NIVF-9487816663,2026-07-06,2026-07-08,3457.54,pranuar,E_Vleftesuar,Miratuar,Po,R_Kaloi,2026-07-11,,K31412087P,FURN-000615,mall,30
FAT-0003094,INST-0621-2603094,ANG-0001580,True,NIVF-3575137249,2026-08-06,2026-08-06,95292.18,pranuar,E_Vleftesuar,Miratuar,Po,R_Kaloi,2026-08-10,,K31412087P,FURN-000615,mall,30
FAT-0003095,INST-0621-2603095,ANG-0001580,True,NIVF-9506269926,2026-08-30,2026-09-03,129720.28,pranuar,E_Vleftesuar,Miratuar,Po,R_Kaloi,2026-09-08,,K31412087P,FURN-000615,mall,30
FAT-0003096,INST-0621-2603096,ANG-0001581,True,NIVF-3324852555,2026-07-05,2026-07-07,475103.94,pranuar,E_Vleftesuar,Miratuar,Po,R_Kaloi,2026-07-15,,L61605043A,FURN-001468,mall,30
FAT-0003097,INST-0621-2603097,ANG-0001581,True,NIVF-5419710408,2026-08-23,2026-08-23,448448.06,pranuar,E_Vleftesuar,Miratuar,Po,R_Kaloi,2026-09-01,,L61605043A,FURN-001468,mall,30
FAT-0003098,INST-0621-2603098,ANG-0001582,True,NIVF-3545506747,2026-06-22,2026-06-25,51287.57,pranuar,E_Vleftesuar,Miratuar,Po,R_Kaloi,2026-06-26,,L22117021M,FURN-000146,mall,30
FAT-0003099,INST-0621-2603099,ANG-0001582,True,NIVF-9599998304,2026-08-01,2026-08-04,107733.14,pranuar,E_Vleftesuar,Miratuar,Po,R_Kaloi,2026-08-07,,L22117021M,FURN-000146,mall,30
FAT-0003100,INST-0621-2603100,ANG-0001582,True,NIVF-6593945279,2026-09-18,2026-09-18,114339.28,pranuar,E_Vleftesuar,Miratuar,Po,R_Kaloi,2026-09-18,,L22117021M,FURN-000146,mall,30
FAT-0003101,INST-0621-2603101,ANG-0001583,True,NIVF-9808209073,2026-06-24,2026-06-24,17968.45,pranuar,E_Vleftesuar,Miratuar,Po,R_Kaloi,2026-06-30,,M21422008S,FURN-000900,mall,30
FAT-0003102,INST-0621-2603102,ANG-0001583,True,NIVF-4962815514,2026-08-16,2026-08-16,27235.65,pranuar,E_Vleftesuar,Miratuar,Po,R_Kaloi,2026-08-19,,M21422008S,FURN-000900,mall,30
FAT-0003103,INST-0621-2603103,ANG-0001584,True,NIVF-9850629946,2026-06-25,2026-06-27,498798.5,pranuar,E_Vleftesuar,Miratuar,Po,R_Kaloi,2026-07-05,,M52213505B,FURN-000426,mall,30
FAT-0003104,INST-0621-2603104,ANG-0001585,True,NIVF-1007034690,2026-06-23,2026-06-26,149500.0,pranuar,E_Vleftesuar,Miratuar,Po,R_Kaloi,2026-07-05,,L83908002Q,FURN-001135,mall,30
FAT-0003105,INST-0621-2603105,ANG-0001586,True,NIVF-4646842571,2026-06-27,2026-06-27,13957.28,pranuar,E_Vleftesuar,Miratuar,Po,R_Kaloi,2026-07-02,,M31423002A,FURN-000756,mall,30
FAT-0003106,INST-0621-2603106,ANG-0001586,True,NIVF-1910368826,2026-08-09,2026-08-11,38473.85,pranuar,E_Vleftesuar,Miratuar,Po,R_Kaloi,2026-08-13,,M31423002A,FURN-000756,mall,30
FAT-0003107,INST-0621-2603107,ANG-0001587,True,NIVF-6981885243,2026-06-26,2026-06-29,30903.51,pranuar,E_Vleftesuar,Miratuar,Po,R_Kaloi,2026-07-06,,L12107043O,FURN-000120,mall,30
FAT-0003108,INST-0621-2603108,ANG-0001587,True,NIVF-5445481047,2026-07-31,2026-08-01,44268.41,pranuar,E_Vleftesuar,Miratuar,Po,R_Kaloi,2026-08-07,,L12107043O,FURN-000120,mall,30
FAT-0003109,INST-0621-2603109,ANG-0001587,True,NIVF-9843473743,2026-08-31,2026-09-04,14428.08,pranuar,E_Vleftesuar,Miratuar,Po,R_Kaloi,2026-09-10,,L12107043O,FURN-000120,mall,30
FAT-0003110,INST-0621-2603110,ANG-0001588,True,NIVF-4219355701,2026-07-04,2026-07-06,189700.0,pranuar,E_Vleftesuar,Miratuar,Po,R_Kaloi,2026-07-08,,J62426002Q,FURN-000236,mall,30
FAT-0003111,INST-0621-2603111,ANG-0001589,True,NIVF-3230447346,2026-06-24,2026-06-24,27378.79,pranuar,E_Vleftesuar,Miratuar,Po,R_Kaloi,2026-07-03,,L91418502J,FURN-000101,mall,30
FAT-0003112,INST-0621-2603112,ANG-0001589,True,NIVF-8642835278,2026-07-24,2026-07-25,176132.08,pranuar,E_Vleftesuar,Miratuar,Po,R_Kaloi,2026-07-31,,L91418502J,FURN-000101,mall,30
FAT-0003113,INST-0621-2603113,ANG-0001589,True,NIVF-2738448354,2026-09-01,2026-09-01,129609.13,pranuar,E_Vleftesuar,Miratuar,Po,R_Kaloi,2026-09-08,,L91418502J,FURN-000101,mall,30
FAT-0003114,INST-0621-2603114,ANG-0001590,True,NIVF-3112683705,2026-06-28,2026-07-01,304358.2,pranuar,E_Vleftesuar,Miratuar,Po,R_Kaloi,2026-07-03,,J91809007H,FURN-000028,mall,30
FAT-0003115,INST-0621-2603115,ANG-0001590,True,NIVF-1072295167,2026-08-12,2026-08-13,606694.8,pranuar,E_Vleftesuar,Miratuar,Po,R_Kaloi,2026-08-15,,J91809007H,FURN-000028,mall,30
FAT-0003116,INST-0621-2603116,ANG-0001591,True,NIVF-5955126032,2026-07-01,2026-07-03,26707.49,pranuar,E_Vleftesuar,Miratuar,Po,R_Kaloi,2026-07-04,,M51321047K,FURN-000422,mall,30
FAT-0003117,INST-0621-2603117,ANG-0001591,True,NIVF-8672230875,2026-08-05,2026-08-07,11137.52,pranuar,E_Vleftesuar,Miratuar,Po,R_Kaloi,2026-08-09,,M51321047K,FURN-000422,mall,30
FAT-0003118,INST-0621-2603118,ANG-0001592,True,NIVF-3137973167,2026-06-26,2026-06-28,3928.64,refuzuar,Kerkon_Rivleftesim,Refuzuar,Jo,,2026-07-01,Mungesë dokumentacioni mbështetës,K72228008B,FURN-000444,mall,30
FAT-0003119,INST-0621-2603119,ANG-0001592,True,NIVF-9886226090,2026-08-18,2026-08-18,28047.63,pranuar,E_Vleftesuar,Miratuar,Po,R_Kaloi,2026-08-21,,K72228008B,FURN-000444,mall,30
FAT-0003120,INST-0621-2603120,ANG-0001593,True,NIVF-6862731839,2026-07-04,2026-07-08,706250.0,pranuar,E_Vleftesuar,Miratuar,Po,R_Kaloi,2026-07-09,,L91323013Q,FURN-000477,mall,30
FAT-0003121,INST-0621-2603121,ANG-0001594,True,NIVF-8875981310,2026-06-25,2026-06-29,877.79,pranuar,E_Vleftesuar,Miratuar,Po,R_Kaloi,2026-07-01,,J91801004M,FURN-000470,mall,30
FAT-0003122,INST-0621-2603122,ANG-0001594,True,NIVF-7769794525,2026-07-28,2026-07-31,104591.83,pranuar,E_Vleftesuar,Miratuar,Po,R_Kaloi,2026-08-03,,J91801004M,FURN-000470,mall,30
FAT-0003123,INST-0621-2603123,ANG-0001594,True,NIVF-5562468812,2026-08-31,2026-08-31,19530.38,pranuar,E_Vleftesuar,Miratuar,Po,R_Kaloi,2026-09-03,,J91801004M,FURN-000470,mall,30
FAT-0003124,INST-0621-2603124,ANG-0001595,True,NIVF-2508244345,2026-06-23,2026-06-24,698616.25,pranuar,E_Vleftesuar,Miratuar,Po,R_Kaloi,2026-06-26,,M02415002E,FURN-000321,mall,30
FAT-0003125,INST-0621-2603125,ANG-0001595,True,NIVF-2292299206,2026-08-02,2026-08-06,125583.75,pranuar,E_Vleftesuar,Miratuar,Po,R_Kaloi,2026-08-15,,M02415002E,FURN-000321,mall,30
FAT-0003126,INST-0621-2603126,ANG-0001596,True,NIVF-4592333310,2026-06-25,2026-06-27,121500.0,pranuar,E_Vleftesuar,Miratuar,Po,R_Kaloi,2026-07-06,,K31503045V,FURN-000036,mall,30
FAT-0003127,INST-0621-2603127,ANG-0001597,True,NIVF-1458877303,2026-06-28,2026-07-01,0.0,refuzuar,Kerkon_Rivleftesim,Refuzuar,Jo,,2026-07-06,Mungesë dokumentacioni mbështetës,,,mall,30
FAT-0003128,INST-0621-2603128,ANG-0001598,True,NIVF-7407754181,2026-06-25,2026-06-29,126394.44,pranuar,E_Vleftesuar,Miratuar,Po,R_Kaloi,2026-07-04,,K11324003F,FURN-000810,mall,30
FAT-0003129,INST-0621-2603129,ANG-0001598,True,NIVF-6025408250,2026-07-20,2026-07-21,117352.09,pranuar,E_Vleftesuar,Miratuar,Po,R_Kaloi,2026-07-30,,K11324003F,FURN-000810,mall,30
FAT-0003130,INST-0621-2603130,ANG-0001598,True,NIVF-9181404516,2026-08-13,2026-08-13,631253.48,pranuar,E_Vleftesuar,Miratuar,Po,R_Kaloi,2026-08-19,,K11324003F,FURN-000810,mall,30
FAT-0003131,INST-0621-2603131,ANG-0001599,True,NIVF-9836148532,2026-06-27,2026-06-28,68542.4,pranuar,E_Vleftesuar,Miratuar,Po,R_Kaloi,2026-06-30,,K91530017T,FURN-000032,mall,30
FAT-0003132,INST-0621-2603132,ANG-0001599,True,NIVF-2045046265,2026-07-24,2026-07-27,388957.6,refuzuar,Kerkon_Rivleftesim,Refuzuar,Jo,,2026-08-02,Mospërputhje me kontratën,K91530017T,FURN-000032,mall,30
FAT-0003133,INST-0621-2603133,ANG-0001600,True,NIVF-8208299008,2026-07-04,2026-07-08,114381.63,pranuar,E_Vleftesuar,Miratuar,Po,R_Kaloi,2026-07-13,,M26620203T,FURN-000270,mall,30
FAT-0003134,INST-0621-2603134,ANG-0001600,True,NIVF-6685936514,2026-08-27,2026-08-29,72947.36,pranuar,E_Vleftesuar,Miratuar,Po,R_Kaloi,2026-09-07,,M26620203T,FURN-000270,mall,30
FAT-0003135,INST-0621-2603135,ANG-0001601,True,NIVF-8849690593,2026-06-22,2026-06-24,164008.19,pranuar,E_Vleftesuar,Miratuar,Po,R_Kaloi,2026-07-02,,L64425401K,FURN-000086,mall,30
FAT-0003136,INST-0621-2603136,ANG-0001601,True,NIVF-8060415421,2026-08-06,2026-08-07,125.5,pranuar,E_Vleftesuar,Miratuar,Po,R_Kaloi,2026-08-12,,L64425401K,FURN-000086,mall,30
FAT-0003137,INST-0621-2603137,ANG-0001602,True,NIVF-5553431972,2026-07-05,2026-07-06,267000.0,pranuar,E_Vleftesuar,Miratuar,Po,R_Kaloi,2026-07-08,,J62426002Q,FURN-000236,mall,30
FAT-0003138,INST-0621-2603138,ANG-0001603,True,NIVF-3123420411,2026-07-03,2026-07-07,42106.55,pranuar,E_Vleftesuar,Miratuar,Po,R_Kaloi,2026-07-08,,L72203065K,FURN-000634,mall,30
FAT-0003139,INST-0621-2603139,ANG-0001603,True,NIVF-6747703345,2026-08-23,2026-08-24,796223.16,pranuar,E_Vleftesuar,Miratuar,Po,R_Kaloi,2026-08-27,,L72203065K,FURN-000634,mall,30
FAT-0003140,INST-0621-2603140,ANG-0001604,True,NIVF-1673588871,2026-06-26,2026-06-26,216000.0,pranuar,E_Vleftesuar,Miratuar,Po,R_Kaloi,2026-07-05,,K31503045V,FURN-000036,mall,30
FAT-0003141,INST-0621-2603141,ANG-0001605,True,NIVF-9995387582,2026-07-02,2026-07-04,2026227.77,pranuar,E_Vleftesuar,Miratuar,Po,R_Kaloi,2026-07-12,,M12304005R,FURN-001047,mall,30
FAT-0003142,INST-0621-2603142,ANG-0001605,True,NIVF-1656627413,2026-08-22,2026-08-24,5515145.23,pranuar,E_Vleftesuar,Miratuar,Po,R_Kaloi,2026-09-01,,M12304005R,FURN-001047,mall,30
FAT-0003143,INST-0621-2603143,ANG-0001606,True,NIVF-4648137872,2026-07-03,2026-07-06,107538.8,pranuar,E_Vleftesuar,Miratuar,Po,R_Kaloi,2026-07-11,,J71826005F,FURN-000944,mall,30
FAT-0003144,INST-0621-2603144,ANG-0001606,True,NIVF-6024980186,2026-08-17,2026-08-21,805381.91,refuzuar,Kerkon_Rivleftesim,Refuzuar,Jo,,2026-08-28,Fiskalizim i pavlefshëm,J71826005F,FURN-000944,mall,30
FAT-0003145,INST-0621-2603145,ANG-0001607,True,NIVF-1723959760,2026-06-25,2026-06-25,24074.06,pranuar,E_Vleftesuar,Miratuar,Po,R_Kaloi,2026-06-27,,J72124001N,FURN-000179,mall,30
FAT-0003146,INST-0621-2603146,ANG-0001607,True,NIVF-1980735543,2026-08-02,2026-08-04,1876.11,pranuar,E_Vleftesuar,Miratuar,Po,R_Kaloi,2026-08-05,,J72124001N,FURN-000179,mall,30
FAT-0003147,INST-0621-2603147,ANG-0001608,True,NIVF-4154322399,2026-06-27,2026-06-28,95529.99,pranuar,E_Vleftesuar,Miratuar,Po,R_Kaloi,2026-07-06,,L61901013N,FURN-000577,mall,30
FAT-0003148,INST-0621-2603148,ANG-0001608,True,NIVF-4635810183,2026-08-07,2026-08-10,3451.66,pranuar,E_Vleftesuar,Miratuar,Po,R_Kaloi,2026-08-17,,L61901013N,FURN-000577,mall,30
FAT-0003149,INST-0621-2603149,ANG-0001609,True,NIVF-8698769852,2026-06-30,2026-07-04,350718.69,pranuar,E_Vleftesuar,Miratuar,Po,R_Kaloi,2026-07-11,,L87812902D,FURN-000960,mall,30
FAT-0003150,INST-0621-2603150,ANG-0001609,True,NIVF-7859965046,2026-08-27,2026-08-29,433281.31,pranuar,E_Vleftesuar,Miratuar,Po,R_Kaloi,2026-08-30,,L87812902D,FURN-000960,mall,30
FAT-0003151,INST-0621-2603151,ANG-0001610,True,NIVF-6535115331,2026-06-28,2026-06-30,5976.81,refuzuar,Kerkon_Rivleftesim,Refuzuar,Jo,,2026-07-05,Fiskalizim i pavlefshëm,L61901013N,FURN-000577,mall,30
FAT-0003152,INST-0621-2603152,ANG-0001611,True,NIVF-4215373505,2026-06-29,2026-06-30,328075.65,pranuar,E_Vleftesuar,Miratuar,Po,R_Kaloi,2026-07-03,,L52208070A,FURN-000137,mall,30
FAT-0003153,INST-0621-2603153,ANG-0001611,True,NIVF-7902344941,2026-08-02,2026-08-02,449091.69,pranuar,E_Vleftesuar,Miratuar,Po,R_Kaloi,2026-08-11,,L52208070A,FURN-000137,mall,30
FAT-0003154,INST-0621-2603154,ANG-0001611,True,NIVF-6386082595,2026-08-23,2026-08-23,146832.67,pranuar,E_Vleftesuar,Miratuar,Po,R_Kaloi,2026-08-27,,L52208070A,FURN-000137,mall,30
FAT-0003155,INST-0621-2603155,ANG-0001612,True,NIVF-9667383616,2026-06-25,2026-06-27,405000.0,pranuar,E_Vleftesuar,Miratuar,Po,R_Kaloi,2026-06-29,,K21912001R,FURN-000018,mall,30
FAT-0003156,INST-0621-2603156,ANG-0001613,True,NIVF-1568550890,2026-07-03,2026-07-03,715428.88,pranuar,E_Vleftesuar,Miratuar,Po,R_Kaloi,2026-07-05,,K01515004T,FURN-000390,mall,30
FAT-0003157,INST-0621-2603157,ANG-0001613,True,NIVF-2108197241,2026-08-29,2026-08-31,274056.12,pranuar,E_Vleftesuar,Miratuar,Po,R_Kaloi,2026-09-05,,K01515004T,FURN-000390,mall,30
FAT-0003158,INST-0621-2603158,ANG-0001614,True,NIVF-8839933785,2026-07-03,2026-07-03,1026920.0,pranuar,E_Vleftesuar,Miratuar,Po,R_Kaloi,2026-07-06,,K31503045V,FURN-000036,mall,30
FAT-0003159,INST-0621-2603159,ANG-0001615,True,NIVF-5125306416,2026-07-01,2026-07-01,182129.86,pranuar,E_Vleftesuar,Miratuar,Po,R_Kaloi,2026-07-06,,K57123001R,FURN-000591,mall,30
FAT-0003160,INST-0621-2603160,ANG-0001615,True,NIVF-9029731904,2026-08-23,2026-08-23,61592.05,pranuar,E_Vleftesuar,Miratuar,Po,R_Kaloi,2026-08-30,,K57123001R,FURN-000591,mall,30
FAT-0003161,INST-0621-2603161,ANG-0001616,True,NIVF-6359799570,2026-06-26,2026-06-30,350000.0,pranuar,E_Vleftesuar,Miratuar,Po,R_Kaloi,2026-07-09,,L71920001R,FURN-000772,mall,30
FAT-0003162,INST-0621-2603162,ANG-0001617,True,NIVF-7403954479,2026-07-01,2026-07-04,479636.97,refuzuar,Kerkon_Rivleftesim,Refuzuar,Jo,,2026-07-11,Fiskalizim i pavlefshëm,L91708008J,FURN-000646,mall,30
FAT-0003163,INST-0621-2603163,ANG-0001617,True,NIVF-8845017004,2026-07-23,2026-07-27,66068.03,pranuar,E_Vleftesuar,Miratuar,Po,R_Kaloi,2026-08-01,,L91708008J,FURN-000646,mall,30
FAT-0003164,INST-0621-2603164,ANG-0001618,True,NIVF-1383009731,2026-06-27,2026-06-29,93792.89,pranuar,E_Vleftesuar,Miratuar,Po,R_Kaloi,2026-07-06,,L41726016Q,FURN-000238,mall,30
FAT-0003165,INST-0621-2603165,ANG-0001618,True,NIVF-6096906383,2026-08-13,2026-08-17,57242.1,pranuar,E_Vleftesuar,Miratuar,Po,R_Kaloi,2026-08-25,,L41726016Q,FURN-000238,mall,30
FAT-0003166,INST-0621-2603166,ANG-0001618,True,NIVF-6047265163,2026-09-15,2026-09-16,72965.01,pranuar,E_Vleftesuar,Miratuar,Po,R_Kaloi,2026-09-18,,L41726016Q,FURN-000238,mall,30
FAT-0003167,INST-0621-2603167,ANG-0001619,True,NIVF-1978767343,2026-07-07,2026-07-08,100000.0,pranuar,E_Vleftesuar,Miratuar,Po,R_Kaloi,2026-07-16,,L81722022V,FURN-000675,mall,30
FAT-0003168,INST-0621-2603168,ANG-0001620,True,NIVF-5810154729,2026-07-03,2026-07-06,79500.0,pranuar,E_Vleftesuar,Miratuar,Po,R_Kaloi,2026-07-12,,L74320602D,FURN-000532,mall,30
FAT-0003169,INST-0621-2603169,ANG-0001621,True,NIVF-8088274587,2026-07-04,2026-07-05,1092760.9,pranuar,E_Vleftesuar,Miratuar,Po,R_Kaloi,2026-07-14,,K31520054N,FURN-000117,mall,30
FAT-0003170,INST-0621-2603170,ANG-0001622,True,NIVF-5168265806,2026-06-30,2026-07-01,112059.67,pranuar,E_Vleftesuar,Miratuar,Po,R_Kaloi,2026-07-05,,K36310782O,FURN-001179,mall,30
FAT-0003171,INST-0621-2603171,ANG-0001622,True,NIVF-2189296868,2026-08-03,2026-08-07,47209.82,pranuar,E_Vleftesuar,Miratuar,Po,R_Kaloi,2026-08-08,,K36310782O,FURN-001179,mall,30
FAT-0003172,INST-0621-2603172,ANG-0001622,True,NIVF-8218526805,2026-08-23,2026-08-26,90700.51,pranuar,E_Vleftesuar,Miratuar,Po,R_Kaloi,2026-08-30,,K36310782O,FURN-001179,mall,30
FAT-0003173,INST-0621-2603173,ANG-0001623,True,NIVF-5074443590,2026-07-04,2026-07-08,13905.14,pranuar,E_Vleftesuar,Miratuar,Po,R_Kaloi,2026-07-17,,L51518015J,FURN-000242,mall,30
FAT-0003174,INST-0621-2603174,ANG-0001623,True,NIVF-8258051156,2026-08-26,2026-08-30,15801.38,pranuar,E_Vleftesuar,Miratuar,Po,R_Kaloi,2026-09-05,,L51518015J,FURN-000242,mall,30
FAT-0003175,INST-0621-2603175,ANG-0001624,True,NIVF-9126905652,2026-07-02,2026-07-03,370000.0,pranuar,E_Vleftesuar,Miratuar,Po,R_Kaloi,2026-07-04,,K57123001R,FURN-000591,mall,30
FAT-0003176,INST-0621-2603176,ANG-0001625,True,NIVF-8370102382,2026-07-05,2026-07-08,107353.64,pranuar,E_Vleftesuar,Miratuar,Po,R_Kaloi,2026-07-09,,K21912001R,FURN-000018,mall,30
FAT-0003177,INST-0621-2603177,ANG-0001625,True,NIVF-9487811639,2026-08-31,2026-09-01,29576.36,pranuar,E_Vleftesuar,Miratuar,Po,R_Kaloi,2026-09-09,,K21912001R,FURN-000018,mall,30
FAT-0003178,INST-0621-2603178,ANG-0001626,True,NIVF-7017509361,2026-07-07,2026-07-10,33879.46,pranuar,E_Vleftesuar,Miratuar,Po,R_Kaloi,2026-07-15,,L21305035S,FURN-000528,mall,30
FAT-0003179,INST-0621-2603179,ANG-0001626,True,NIVF-7009563446,2026-08-12,2026-08-16,92463.02,pranuar,E_Vleftesuar,Miratuar,Po,R_Kaloi,2026-08-17,,L21305035S,FURN-000528,mall,30
FAT-0003180,INST-0621-2603180,ANG-0001627,True,NIVF-2802489052,2026-06-24,2026-06-28,59952.3,pranuar,E_Vleftesuar,Miratuar,Po,R_Kaloi,2026-06-30,,K82015004O,FURN-000478,mall,30
FAT-0003181,INST-0621-2603181,ANG-0001627,True,NIVF-6647013435,2026-08-08,2026-08-11,9423.37,pranuar,E_Vleftesuar,Miratuar,Po,R_Kaloi,2026-08-16,,K82015004O,FURN-000478,mall,30
FAT-0003182,INST-0621-2603182,ANG-0001627,True,NIVF-6389407693,2026-09-05,2026-09-05,122624.33,pranuar,E_Vleftesuar,Miratuar,Po,R_Kaloi,2026-09-13,,K82015004O,FURN-000478,mall,30
FAT-0003183,INST-0621-2603183,ANG-0001628,True,NIVF-7095263106,2026-06-30,2026-07-02,917000.0,pranuar,E_Vleftesuar,Miratuar,Po,R_Kaloi,2026-07-11,,K81503063B,FURN-000491,mall,30
FAT-0003184,INST-0621-2603184,ANG-0001629,True,NIVF-5472437556,2026-07-04,2026-07-06,0.0,refuzuar,Kerkon_Rivleftesim,Refuzuar,Jo,,2026-07-11,Fiskalizim i pavlefshëm,,,mall,30
FAT-0003185,INST-0621-2603185,ANG-0001629,True,NIVF-4552788127,2026-08-05,2026-08-05,0.0,pranuar,E_Vleftesuar,Miratuar,Po,R_Kaloi,2026-08-11,,,,mall,30
FAT-0003186,INST-0621-2603186,ANG-0001630,True,NIVF-2087253150,2026-07-01,2026-07-03,262328.0,pranuar,E_Vleftesuar,Miratuar,Po,R_Kaloi,2026-07-08,,L12107043O,FURN-000120,mall,30
FAT-0003187,INST-0621-2603187,ANG-0001631,True,NIVF-9747068057,2026-07-03,2026-07-06,82376326.07,pranuar,E_Vleftesuar,Miratuar,Po,R_Kaloi,2026-07-08,,L26310801C,FURN-001538,mall,30
FAT-0003188,INST-0621-2603188,ANG-0001631,True,NIVF-9913239258,2026-07-31,2026-08-02,14534009.34,pranuar,E_Vleftesuar,Miratuar,Po,R_Kaloi,2026-08-04,,L26310801C,FURN-001538,mall,30
FAT-0003189,INST-0621-2603189,ANG-0001632,True,NIVF-6702946220,2026-06-29,2026-07-03,100097.0,pranuar,E_Vleftesuar,Miratuar,Po,R_Kaloi,2026-07-09,,L97006001D,FURN-000780,mall,30
FAT-0003190,INST-0621-2603190,ANG-0001632,True,NIVF-8243252759,2026-08-10,2026-08-14,147503.0,pranuar,E_Vleftesuar,Miratuar,Po,R_Kaloi,2026-08-17,,L97006001D,FURN-000780,mall,30
FAT-0003191,INST-0621-2603191,ANG-0001633,True,NIVF-6081838426,2026-06-28,2026-06-29,131647.62,pranuar,E_Vleftesuar,Miratuar,Po,R_Kaloi,2026-07-08,,M61510028C,FURN-001497,mall,30
FAT-0003192,INST-0621-2603192,ANG-0001633,True,NIVF-9779597667,2026-08-11,2026-08-12,39852.38,pranuar,E_Vleftesuar,Miratuar,Po,R_Kaloi,2026-08-20,,M61510028C,FURN-001497,mall,30
FAT-0003193,INST-0655-2603193,ANG-0001634,True,NIVF-2338256483,2026-06-29,2026-06-29,0.0,pranuar,E_Vleftesuar,Miratuar,Po,R_Kaloi,2026-07-05,,,,mall,30
FAT-0003194,INST-0655-2603194,ANG-0001634,True,NIVF-2523563899,2026-08-17,2026-08-17,0.0,pranuar,E_Vleftesuar,Miratuar,Po,R_Kaloi,2026-08-26,,,,mall,30
FAT-0003195,INST-0957-2603195,ANG-0001635,True,NIVF-8867686098,2026-07-02,2026-07-04,625602.85,refuzuar,Kerkon_Rivleftesim,Refuzuar,Jo,,2026-07-11,Mungesë dokumentacioni mbështetës,L64506003C,FURN-001012,mall,30
FAT-0003196,INST-0957-2603196,ANG-0001635,True,NIVF-2375654997,2026-08-09,2026-08-09,6744219.15,pranuar,E_Vleftesuar,Miratuar,Po,R_Kaloi,2026-08-11,,L64506003C,FURN-001012,mall,30
FAT-0003197,INST-0337-2603197,ANG-0001636,True,NIVF-9815895324,2026-07-05,2026-07-05,15190599.82,pranuar,E_Vleftesuar,Miratuar,Po,R_Kaloi,2026-07-10,,L21319037M,FURN-000043,pune,30
FAT-0003198,INST-0337-2603198,ANG-0001636,True,NIVF-1979925942,2026-08-14,2026-08-15,8339365.03,refuzuar,Kerkon_Rivleftesim,Refuzuar,Jo,,2026-08-17,Mospërputhje me kontratën,L21319037M,FURN-000043,pune,30
FAT-0003199,INST-0337-2603199,ANG-0001636,True,NIVF-4858365582,2026-09-03,2026-09-05,1270035.15,pranuar,E_Vleftesuar,Miratuar,Po,R_Kaloi,2026-09-11,,L21319037M,FURN-000043,pune,30
FAT-0003200,INST-0915-2603200,ANG-0001637,True,NIVF-9385242647,2026-06-27,2026-06-29,2200000.0,pranuar,E_Vleftesuar,Miratuar,Po,R_Kaloi,2026-07-05,,J61813529P,FURN-000228,sherbim,30
FAT-0003201,INST-0621-2603201,ANG-0001638,True,NIVF-4829601234,2026-07-05,2026-07-07,67000.0,pranuar,E_Vleftesuar,Miratuar,Po,R_Kaloi,2026-07-10,,M01321501F,FURN-000205,mall,30
FAT-0003202,INST-0172-2603202,ANG-0001639,True,NIVF-6797434723,2026-07-03,2026-07-03,5543.77,pranuar,E_Vleftesuar,Miratuar,Po,R_Kaloi,2026-07-08,,L32222023L,FURN-001005,pune,30
FAT-0003203,INST-0172-2603203,ANG-0001639,True,NIVF-3116623195,2026-08-16,2026-08-20,33456.23,pranuar,E_Vleftesuar,Miratuar,Po,R_Kaloi,2026-08-22,,L32222023L,FURN-001005,pune,30
FAT-0003204,INST-0126-2603204,ANG-0001640,True,NIVF-8555379025,2026-06-28,2026-06-29,50701783.7,pranuar,E_Vleftesuar,Miratuar,Po,R_Kaloi,2026-07-08,,K71412003A,FURN-001276,pune,30
FAT-0003205,INST-0126-2603205,ANG-0001640,True,NIVF-2294352406,2026-07-21,2026-07-21,18030225.99,pranuar,E_Vleftesuar,Miratuar,Po,R_Kaloi,2026-07-30,,K71412003A,FURN-001276,pune,30
FAT-0003206,INST-0126-2603206,ANG-0001640,True,NIVF-6370524898,2026-09-14,2026-09-17,53448620.31,pranuar,E_Vleftesuar,Miratuar,Po,R_Kaloi,2026-09-18,,K71412003A,FURN-001276,pune,30
FAT-0003207,INST-0621-2603207,ANG-0001641,True,NIVF-3276431608,2026-07-01,2026-07-05,48072.44,pranuar,E_Vleftesuar,Miratuar,Po,R_Kaloi,2026-07-10,,K31503045V,FURN-000036,sherbim,30
FAT-0003208,INST-0621-2603208,ANG-0001641,True,NIVF-2046753413,2026-08-07,2026-08-11,90515.56,pranuar,E_Vleftesuar,Miratuar,Po,R_Kaloi,2026-08-15,,K31503045V,FURN-000036,sherbim,30
FAT-0003209,INST-0621-2603209,ANG-0001642,True,NIVF-1418100849,2026-07-06,2026-07-10,100006.63,pranuar,E_Vleftesuar,Miratuar,Po,R_Kaloi,2026-07-13,,J91801003E,FURN-000799,sherbim,30
FAT-0003210,INST-0621-2603210,ANG-0001642,True,NIVF-8396853749,2026-08-29,2026-09-01,24993.37,pranuar,E_Vleftesuar,Miratuar,Po,R_Kaloi,2026-09-09,,J91801003E,FURN-000799,sherbim,30
FAT-0003211,INST-0957-2603211,ANG-0001643,True,NIVF-9271616727,2026-06-30,2026-07-01,59400.0,pranuar,E_Vleftesuar,Miratuar,Po,R_Kaloi,2026-07-09,,L91612011A,FURN-000630,mall,30
FAT-0003212,INST-0337-2603212,ANG-0001644,True,NIVF-8743927678,2026-06-29,2026-07-03,16181.04,pranuar,E_Vleftesuar,Miratuar,Po,R_Kaloi,2026-07-04,,M31516511T,FURN-000787,mall,30
FAT-0003213,INST-0337-2603213,ANG-0001644,True,NIVF-4195669039,2026-08-06,2026-08-07,18690.8,pranuar,E_Vleftesuar,Miratuar,Po,R_Kaloi,2026-08-09,,M31516511T,FURN-000787,mall,30
FAT-0003214,INST-0337-2603214,ANG-0001644,True,NIVF-1079524398,2026-09-11,2026-09-13,35128.16,pranuar,E_Vleftesuar,Miratuar,Po,R_Kaloi,2026-09-18,,M31516511T,FURN-000787,mall,30
FAT-0003215,INST-0621-2603215,ANG-0001645,True,NIVF-9510645577,2026-06-23,2026-06-24,408750.0,pranuar,E_Vleftesuar,Miratuar,Po,R_Kaloi,2026-06-29,,L64214802E,FURN-001098,sherbim,30
FAT-0003216,INST-0621-2603216,ANG-0001646,True,NIVF-8902324729,2026-06-27,2026-06-29,118367.42,pranuar,E_Vleftesuar,Miratuar,Po,R_Kaloi,2026-07-06,,M41824506K,FURN-000760,sherbim,30
FAT-0003217,INST-0621-2603217,ANG-0001646,True,NIVF-9791232077,2026-08-21,2026-08-25,147871.63,pranuar,E_Vleftesuar,Miratuar,Po,R_Kaloi,2026-09-03,,M41824506K,FURN-000760,sherbim,30
FAT-0003218,INST-0621-2603218,ANG-0001647,True,NIVF-8856976537,2026-07-01,2026-07-01,77687.94,pranuar,E_Vleftesuar,Miratuar,Po,R_Kaloi,2026-07-06,,L21305035S,FURN-000528,sherbim,30
FAT-0003219,INST-0621-2603219,ANG-0001647,True,NIVF-9658146612,2026-07-23,2026-07-26,52343.39,pranuar,E_Vleftesuar,Miratuar,Po,R_Kaloi,2026-07-29,,L21305035S,FURN-000528,sherbim,30
FAT-0003220,INST-0172-2603220,ANG-0001648,True,NIVF-7276232106,2026-06-25,2026-06-25,28897.0,pranuar,E_Vleftesuar,Miratuar,Po,R_Kaloi,2026-07-02,,L01717030C,FURN-000490,sherbim,30
FAT-0003221,INST-1007-2603221,ANG-0001649,True,NIVF-6407961581,2026-06-29,2026-06-29,90000.0,pranuar,E_Vleftesuar,Miratuar,Po,R_Kaloi,2026-07-01,,K21912001R,FURN-000018,sherbim,30
FAT-0003222,INST-0961-2603222,ANG-0001650,True,NIVF-2439030785,2026-07-07,2026-07-09,96000.0,pranuar,E_Vleftesuar,Miratuar,Po,R_Kaloi,2026-07-16,,K82008005K,FURN-001077,sherbim,30
FAT-0003223,INST-0575-2603223,ANG-0001651,True,NIVF-5676596393,2026-06-24,2026-06-28,929600.0,pranuar,E_Vleftesuar,Miratuar,Po,R_Kaloi,2026-07-04,,K51615512C,FURN-000991,mall,30
FAT-0003224,INST-0573-2603224,ANG-0001652,True,NIVF-9578858683,2026-06-30,2026-07-02,777539.78,pranuar,E_Vleftesuar,Miratuar,Po,R_Kaloi,2026-07-06,,K61731002D,FURN-000945,mall,30
FAT-0003225,INST-0573-2603225,ANG-0001652,True,NIVF-2600143504,2026-08-26,2026-08-28,71666.18,pranuar,E_Vleftesuar,Miratuar,Po,R_Kaloi,2026-08-29,,K61731002D,FURN-000945,mall,30
FAT-0003226,INST-0118-2603226,ANG-0001653,True,NIVF-4442956962,2026-06-24,2026-06-26,125512.59,pranuar,E_Vleftesuar,Miratuar,Po,R_Kaloi,2026-06-30,,J91329003O,FURN-000418,pune,30
FAT-0003227,INST-0118-2603227,ANG-0001653,True,NIVF-1650904058,2026-07-23,2026-07-25,430171.41,pranuar,E_Vleftesuar,Miratuar,Po,R_Kaloi,2026-08-02,,J91329003O,FURN-000418,pune,30
FAT-0003228,INST-1004-2603228,ANG-0001654,True,NIVF-2600266218,2026-07-05,2026-07-09,99863.0,pranuar,E_Vleftesuar,Miratuar,Po,R_Kaloi,2026-07-17,,M11307042L,FURN-000419,mall,30
FAT-0003229,INST-0621-2603229,ANG-0001655,True,NIVF-5781253636,2026-07-01,2026-07-04,99000.0,pranuar,E_Vleftesuar,Miratuar,Po,R_Kaloi,2026-07-08,,L61704504H,FURN-000570,sherbim,30
FAT-0003230,INST-0915-2603230,ANG-0001656,True,NIVF-7475540152,2026-06-29,2026-07-03,171922.27,refuzuar,Kerkon_Rivleftesim,Refuzuar,Jo,,2026-07-12,Fiskalizim i pavlefshëm,L02904408M,FURN-000637,sherbim,30
FAT-0003231,INST-0915-2603231,ANG-0001656,True,NIVF-2659985333,2026-08-27,2026-08-27,35908.41,pranuar,E_Vleftesuar,Miratuar,Po,R_Kaloi,2026-09-02,,L02904408M,FURN-000637,sherbim,30
FAT-0003232,INST-0915-2603232,ANG-0001657,True,NIVF-7328825034,2026-07-05,2026-07-06,45559.51,pranuar,E_Vleftesuar,Miratuar,Po,R_Kaloi,2026-07-08,,L72203025F,FURN-000430,sherbim,30
FAT-0003233,INST-0915-2603233,ANG-0001657,True,NIVF-7408819346,2026-08-15,2026-08-16,129440.49,refuzuar,Kerkon_Rivleftesim,Refuzuar,Jo,,2026-08-21,Mospërputhje me kontratën,L72203025F,FURN-000430,sherbim,30
FAT-0003234,INST-0464-2603234,ANG-0001658,True,NIVF-9014641816,2026-07-04,2026-07-08,66484.17,refuzuar,Kerkon_Rivleftesim,Refuzuar,Jo,,2026-07-12,Mungesë dokumentacioni mbështetës,M31625003A,FURN-000793,mall,30
FAT-0003235,INST-0464-2603235,ANG-0001658,True,NIVF-5780828487,2026-08-31,2026-09-04,31515.83,pranuar,E_Vleftesuar,Miratuar,Po,R_Kaloi,2026-09-06,,M31625003A,FURN-000793,mall,30
FAT-0003236,INST-0121-2603236,ANG-0001659,True,NIVF-6250709600,2026-07-06,2026-07-07,289000.0,pranuar,E_Vleftesuar,Miratuar,Po,R_Kaloi,2026-07-09,,L41629009A,FURN-000480,mall,30
FAT-0003237,INST-0121-2603237,ANG-0001660,True,NIVF-7179529917,2026-06-27,2026-06-30,208460.32,pranuar,E_Vleftesuar,Miratuar,Po,R_Kaloi,2026-07-06,,L92318009L,FURN-000534,mall,30
FAT-0003238,INST-0121-2603238,ANG-0001660,True,NIVF-1961784873,2026-08-21,2026-08-23,739659.68,pranuar,E_Vleftesuar,Miratuar,Po,R_Kaloi,2026-08-24,,L92318009L,FURN-000534,mall,30
FAT-0003239,INST-0121-2603239,ANG-0001661,True,NIVF-7983052452,2026-07-02,2026-07-02,6871487.71,pranuar,E_Vleftesuar,Miratuar,Po,R_Kaloi,2026-07-09,,K61731002D,FURN-000945,mall,30
FAT-0003240,INST-0121-2603240,ANG-0001661,True,NIVF-9975540598,2026-08-10,2026-08-10,4757300.73,pranuar,E_Vleftesuar,Miratuar,Po,R_Kaloi,2026-08-15,,K61731002D,FURN-000945,mall,30
FAT-0003241,INST-0121-2603241,ANG-0001662,True,NIVF-1133197857,2026-06-29,2026-07-01,209800.0,pranuar,E_Vleftesuar,Miratuar,Po,R_Kaloi,2026-07-09,,L32403002P,FURN-000123,mall,30
FAT-0003242,INST-0925-2603242,ANG-0001663,True,NIVF-8563437512,2026-06-24,2026-06-27,90409.86,pranuar,E_Vleftesuar,Miratuar,Po,R_Kaloi,2026-07-01,,L82008020I,FURN-000425,mall,30
FAT-0003243,INST-0925-2603243,ANG-0001663,True,NIVF-7411133426,2026-07-31,2026-08-04,121414.35,pranuar,E_Vleftesuar,Miratuar,Po,R_Kaloi,2026-08-10,,L82008020I,FURN-000425,mall,30
FAT-0003244,INST-0925-2603244,ANG-0001663,True,NIVF-4750455155,2026-09-17,2026-09-18,201153.79,refuzuar,Kerkon_Rivleftesim,Refuzuar,Jo,,2026-09-18,Fiskalizim i pavlefshëm,L82008020I,FURN-000425,mall,30
FAT-0003245,INST-0925-2603245,ANG-0001664,True,NIVF-8013319116,2026-06-26,2026-06-26,25375.34,pranuar,E_Vleftesuar,Miratuar,Po,R_Kaloi,2026-06-30,,L01322018T,FURN-000401,mall,30
FAT-0003246,INST-0925-2603246,ANG-0001664,True,NIVF-6070202373,2026-08-07,2026-08-11,12605.85,pranuar,E_Vleftesuar,Miratuar,Po,R_Kaloi,2026-08-19,,L01322018T,FURN-000401,mall,30
FAT-0003247,INST-0925-2603247,ANG-0001664,True,NIVF-9733768817,2026-09-14,2026-09-14,57440.81,pranuar,E_Vleftesuar,Miratuar,Po,R_Kaloi,2026-09-18,,L01322018T,FURN-000401,mall,30
FAT-0003248,INST-0925-2603248,ANG-0001665,True,NIVF-7611990383,2026-07-06,2026-07-08,33087.46,pranuar,E_Vleftesuar,Miratuar,Po,R_Kaloi,2026-07-09,,L87931901B,FURN-000509,mall,30
FAT-0003249,INST-0925-2603249,ANG-0001665,True,NIVF-9270574073,2026-08-04,2026-08-05,16912.54,pranuar,E_Vleftesuar,Miratuar,Po,R_Kaloi,2026-08-07,,L87931901B,FURN-000509,mall,30
FAT-0003250,INST-0089-2603250,ANG-0001666,True,NIVF-9263414620,2026-06-23,2026-06-24,4402.26,refuzuar,Kerkon_Rivleftesim,Refuzuar,Jo,,2026-06-30,Mospërputhje me kontratën,L53316602C,FURN-000876,mall,30
FAT-0003251,INST-0089-2603251,ANG-0001666,True,NIVF-8900122025,2026-08-03,2026-08-05,556.87,pranuar,E_Vleftesuar,Miratuar,Po,R_Kaloi,2026-08-13,,L53316602C,FURN-000876,mall,30
FAT-0003252,INST-0089-2603252,ANG-0001666,True,NIVF-8429317789,2026-08-26,2026-08-30,90040.87,pranuar,E_Vleftesuar,Miratuar,Po,R_Kaloi,2026-09-06,,L53316602C,FURN-000876,mall,30
FAT-0003253,INST-0136-2603253,ANG-0001667,True,NIVF-5133860592,2026-07-01,2026-07-01,99000.0,pranuar,E_Vleftesuar,Miratuar,Po,R_Kaloi,2026-07-02,,K71625019L,FURN-000872,mall,30
FAT-0003254,INST-0652-2603254,ANG-0001668,True,NIVF-8233020967,2026-07-07,2026-07-08,37966.47,pranuar,E_Vleftesuar,Miratuar,Po,R_Kaloi,2026-07-11,,L38515201C,FURN-000067,mall,30
FAT-0003255,INST-0652-2603255,ANG-0001668,True,NIVF-4806015861,2026-08-11,2026-08-12,565.73,pranuar,E_Vleftesuar,Miratuar,Po,R_Kaloi,2026-08-18,,L38515201C,FURN-000067,mall,30
FAT-0003256,INST-0958-2603256,ANG-0001669,True,NIVF-5292234732,2026-06-29,2026-07-03,99000.0,pranuar,E_Vleftesuar,Miratuar,Po,R_Kaloi,2026-07-10,,J67902012U,FURN-000873,pune,30
FAT-0003257,INST-0958-2603257,ANG-0001670,True,NIVF-6835788074,2026-06-28,2026-06-30,26831.46,pranuar,E_Vleftesuar,Miratuar,Po,R_Kaloi,2026-07-09,,J67902012U,FURN-000873,pune,30
FAT-0003258,INST-0958-2603258,ANG-0001670,True,NIVF-8486955220,2026-08-11,2026-08-14,522168.54,pranuar,E_Vleftesuar,Miratuar,Po,R_Kaloi,2026-08-22,,J67902012U,FURN-000873,pune,30
FAT-0003259,INST-0405-2603259,ANG-0001671,True,NIVF-1644970895,2026-06-25,2026-06-25,67881.07,pranuar,E_Vleftesuar,Miratuar,Po,R_Kaloi,2026-07-02,,L38515201C,FURN-000067,sherbim,30
FAT-0003260,INST-0405-2603260,ANG-0001671,True,NIVF-7189949250,2026-07-18,2026-07-19,21840.21,pranuar,E_Vleftesuar,Miratuar,Po,R_Kaloi,2026-07-25,,L38515201C,FURN-000067,sherbim,30
FAT-0003261,INST-0405-2603261,ANG-0001671,True,NIVF-3049073007,2026-08-29,2026-08-29,10278.72,pranuar,E_Vleftesuar,Miratuar,Po,R_Kaloi,2026-09-06,,L38515201C,FURN-000067,sherbim,30
FAT-0003262,INST-1004-2603262,ANG-0001672,True,NIVF-2665518223,2026-07-02,2026-07-03,219200.0,pranuar,E_Vleftesuar,Miratuar,Po,R_Kaloi,2026-07-08,,K32725211G,FURN-000479,pune,30
FAT-0003263,INST-0507-2603263,ANG-0001673,True,NIVF-9945592391,2026-07-03,2026-07-06,10723.25,pranuar,E_Vleftesuar,Miratuar,Po,R_Kaloi,2026-07-14,,L51419022R,FURN-000457,mall,30
FAT-0003264,INST-0507-2603264,ANG-0001673,True,NIVF-5360865202,2026-08-13,2026-08-17,300376.75,pranuar,E_Vleftesuar,Miratuar,Po,R_Kaloi,2026-08-25,,L51419022R,FURN-000457,mall,30
FAT-0003265,INST-0621-2603265,ANG-0001674,True,NIVF-1973752288,2026-07-07,2026-07-11,0.0,pranuar,E_Vleftesuar,Miratuar,Po,R_Kaloi,2026-07-15,,,,sherbim,30
FAT-0003266,INST-0172-2603266,ANG-0001675,True,NIVF-6756840450,2026-06-25,2026-06-25,93070.81,pranuar,E_Vleftesuar,Miratuar,Po,R_Kaloi,2026-07-01,,L87219004F,FURN-000745,sherbim,30
FAT-0003267,INST-0172-2603267,ANG-0001675,True,NIVF-3529083058,2026-07-30,2026-08-02,3929.19,pranuar,E_Vleftesuar,Miratuar,Po,R_Kaloi,2026-08-08,,L87219004F,FURN-000745,sherbim,30
FAT-0003268,INST-0621-2603268,ANG-0001676,True,NIVF-2007232020,2026-06-24,2026-06-28,2552479.06,pranuar,E_Vleftesuar,Miratuar,Po,R_Kaloi,2026-07-06,,L31615017L,FURN-000967,sherbim,30
FAT-0003269,INST-0621-2603269,ANG-0001676,True,NIVF-5877032029,2026-08-02,2026-08-02,4176040.94,pranuar,E_Vleftesuar,Miratuar,Po,R_Kaloi,2026-08-09,,L31615017L,FURN-000967,sherbim,30
FAT-0003270,INST-0621-2603270,ANG-0001677,True,NIVF-2907664769,2026-07-08,2026-07-10,100000.0,pranuar,E_Vleftesuar,Miratuar,Po,R_Kaloi,2026-07-13,,K11723003M,FURN-000631,sherbim,30
FAT-0003271,INST-0169-2603271,ANG-0001678,True,NIVF-7124021529,2026-06-24,2026-06-26,45339.7,pranuar,E_Vleftesuar,Miratuar,Po,R_Kaloi,2026-06-30,,J97426216L,FURN-000200,sherbim,30
FAT-0003272,INST-0169-2603272,ANG-0001678,True,NIVF-4805226378,2026-07-31,2026-08-03,53960.3,pranuar,E_Vleftesuar,Miratuar,Po,R_Kaloi,2026-08-09,,J97426216L,FURN-000200,sherbim,30
FAT-0003273,INST-0168-2603273,ANG-0001679,True,NIVF-7331282231,2026-07-07,2026-07-10,1628000.0,pranuar,E_Vleftesuar,Miratuar,Po,R_Kaloi,2026-07-11,,M24716802D,FURN-001429,mall,30
FAT-0003274,INST-1012-2603274,ANG-0001680,True,NIVF-3094432848,2026-07-01,2026-07-01,52333.0,pranuar,E_Vleftesuar,Miratuar,Po,R_Kaloi,2026-07-05,,M33326401I,FURN-000328,mall,30
FAT-0003275,INST-0578-2603275,ANG-0001681,True,NIVF-3136840911,2026-06-27,2026-06-28,502890.44,pranuar,E_Vleftesuar,Miratuar,Po,R_Kaloi,2026-07-02,,L71421032N,FURN-000307,mall,30
FAT-0003276,INST-0578-2603276,ANG-0001681,True,NIVF-6893864972,2026-08-13,2026-08-15,309759.99,pranuar,E_Vleftesuar,Miratuar,Po,R_Kaloi,2026-08-23,,L71421032N,FURN-000307,mall,30
FAT-0003277,INST-0172-2603277,ANG-0001682,True,NIVF-5587584302,2026-06-29,2026-06-29,738000.0,pranuar,E_Vleftesuar,Miratuar,Po,R_Kaloi,2026-07-04,,L52606201T,FURN-000541,sherbim,30
FAT-0003278,INST-1012-2603278,ANG-0001683,True,NIVF-9452124161,2026-06-24,2026-06-28,256742.49,pranuar,E_Vleftesuar,Miratuar,Po,R_Kaloi,2026-07-02,,K41420001V,FURN-000016,mall,30
FAT-0003279,INST-1012-2603279,ANG-0001683,True,NIVF-9584467714,2026-08-05,2026-08-06,107282.9,pranuar,E_Vleftesuar,Miratuar,Po,R_Kaloi,2026-08-11,,K41420001V,FURN-000016,mall,30
FAT-0003280,INST-0172-2603280,ANG-0001684,True,NIVF-3917592163,2026-06-24,2026-06-26,510957.49,pranuar,E_Vleftesuar,Miratuar,Po,R_Kaloi,2026-07-05,,L12510413V,FURN-001440,pune,30
FAT-0003281,INST-0172-2603281,ANG-0001684,True,NIVF-6771676668,2026-08-22,2026-08-22,2247317.51,pranuar,E_Vleftesuar,Miratuar,Po,R_Kaloi,2026-08-28,,L12510413V,FURN-001440,pune,30
FAT-0003282,INST-0621-2603282,ANG-0001685,True,NIVF-2674244895,2026-06-24,2026-06-24,0.0,pranuar,E_Vleftesuar,Miratuar,Po,R_Kaloi,2026-06-27,,,,mall,30
FAT-0003283,INST-0963-2603283,ANG-0001686,True,NIVF-2760605648,2026-07-05,2026-07-06,72279.67,pranuar,E_Vleftesuar,Miratuar,Po,R_Kaloi,2026-07-14,,M01321501F,FURN-000205,sherbim,30
FAT-0003284,INST-0963-2603284,ANG-0001686,True,NIVF-3511000694,2026-08-11,2026-08-15,26420.33,pranuar,E_Vleftesuar,Miratuar,Po,R_Kaloi,2026-08-24,,M01321501F,FURN-000205,sherbim,30
FAT-0003285,INST-0099-2603285,ANG-0001687,True,NIVF-8602955378,2026-06-27,2026-06-29,46447.63,pranuar,E_Vleftesuar,Miratuar,Po,R_Kaloi,2026-07-03,,L81325026K,FURN-000749,sherbim,30
FAT-0003286,INST-0099-2603286,ANG-0001687,True,NIVF-4147621728,2026-08-05,2026-08-06,36352.37,pranuar,E_Vleftesuar,Miratuar,Po,R_Kaloi,2026-08-15,,L81325026K,FURN-000749,sherbim,30
FAT-0003287,INST-0142-2603287,ANG-0001688,True,NIVF-1186020697,2026-06-29,2026-07-03,42000.0,pranuar,E_Vleftesuar,Miratuar,Po,R_Kaloi,2026-07-09,,K31528061N,FURN-000306,mall,30
FAT-0003288,INST-1035-2603288,ANG-0001689,True,NIVF-7789331335,2026-07-01,2026-07-04,41667.0,pranuar,E_Vleftesuar,Miratuar,Po,R_Kaloi,2026-07-13,,M09801601L,FURN-000571,mall,30
FAT-0003289,INST-1035-2603289,ANG-0001690,True,NIVF-7385767311,2026-06-24,2026-06-28,138270.25,pranuar,E_Vleftesuar,Miratuar,Po,R_Kaloi,2026-07-06,,J71519004W,FURN-000420,mall,30
FAT-0003290,INST-1035-2603290,ANG-0001690,True,NIVF-5475836649,2026-08-06,2026-08-10,551729.75,refuzuar,Kerkon_Rivleftesim,Refuzuar,Jo,,2026-08-17,Mospërputhje me kontratën,J71519004W,FURN-000420,mall,30
FAT-0003291,INST-1035-2603291,ANG-0001691,True,NIVF-1705190443,2026-06-25,2026-06-26,97000.0,pranuar,E_Vleftesuar,Miratuar,Po,R_Kaloi,2026-07-01,,M51602049J,FURN-000723,mall,30
FAT-0003292,INST-0621-2603292,ANG-0001692,True,NIVF-3275145289,2026-07-04,2026-07-06,3247.83,pranuar,E_Vleftesuar,Miratuar,Po,R_Kaloi,2026-07-09,,M51602049J,FURN-000723,mall,30
FAT-0003293,INST-0621-2603293,ANG-0001692,True,NIVF-7135374365,2026-08-13,2026-08-16,240752.17,pranuar,E_Vleftesuar,Miratuar,Po,R_Kaloi,2026-08-25,,M51602049J,FURN-000723,mall,30
FAT-0003294,INST-0099-2603294,ANG-0001693,True,NIVF-8973342220,2026-06-26,2026-06-29,39772.53,pranuar,E_Vleftesuar,Miratuar,Po,R_Kaloi,2026-07-07,,L92204011T,FURN-000676,sherbim,30
FAT-0003295,INST-0099-2603295,ANG-0001693,True,NIVF-6299289206,2026-08-03,2026-08-04,16277.15,pranuar,E_Vleftesuar,Miratuar,Po,R_Kaloi,2026-08-12,,L92204011T,FURN-000676,sherbim,30
FAT-0003296,INST-0099-2603296,ANG-0001693,True,NIVF-5864556855,2026-08-31,2026-09-03,42840.33,pranuar,E_Vleftesuar,Miratuar,Po,R_Kaloi,2026-09-07,,L92204011T,FURN-000676,sherbim,30
FAT-0003297,INST-0098-2603297,ANG-0001694,True,NIVF-1059302056,2026-07-07,2026-07-10,20400.63,pranuar,E_Vleftesuar,Miratuar,Po,R_Kaloi,2026-07-16,,M03002001N,FURN-000966,mall,30
FAT-0003298,INST-0098-2603298,ANG-0001694,True,NIVF-6175408296,2026-08-29,2026-08-30,453622.18,pranuar,E_Vleftesuar,Miratuar,Po,R_Kaloi,2026-09-02,,M03002001N,FURN-000966,mall,30
FAT-0003299,INST-0621-2603299,ANG-0001695,True,NIVF-3786911549,2026-07-03,2026-07-04,37062.5,pranuar,E_Vleftesuar,Miratuar,Po,R_Kaloi,2026-07-08,,L61606040D,FURN-001110,sherbim,30
FAT-0003300,INST-0960-2603300,ANG-0001696,True,NIVF-2062166676,2026-07-04,2026-07-06,53503.39,pranuar,E_Vleftesuar,Miratuar,Po,R_Kaloi,2026-07-11,,J61826012K,FURN-000595,sherbim,30
FAT-0003301,INST-0960-2603301,ANG-0001696,True,NIVF-8158461672,2026-08-06,2026-08-08,21345.05,pranuar,E_Vleftesuar,Miratuar,Po,R_Kaloi,2026-08-10,,J61826012K,FURN-000595,sherbim,30
FAT-0003302,INST-0960-2603302,ANG-0001696,True,NIVF-1124315287,2026-09-12,2026-09-14,6419.71,pranuar,E_Vleftesuar,Miratuar,Po,R_Kaloi,2026-09-18,,J61826012K,FURN-000595,sherbim,30
FAT-0003303,INST-0122-2603303,ANG-0001697,True,NIVF-4728428527,2026-06-26,2026-06-27,251820.49,pranuar,E_Vleftesuar,Miratuar,Po,R_Kaloi,2026-06-29,,M52213505B,FURN-000426,pune,30
FAT-0003304,INST-0122-2603304,ANG-0001697,True,NIVF-4788465485,2026-08-07,2026-08-10,446179.51,pranuar,E_Vleftesuar,Miratuar,Po,R_Kaloi,2026-08-19,,M52213505B,FURN-000426,pune,30
FAT-0003305,INST-0337-2603305,ANG-0001698,True,NIVF-4196842878,2026-07-03,2026-07-04,99920.0,pranuar,E_Vleftesuar,Miratuar,Po,R_Kaloi,2026-07-07,,K31610091Q,FURN-000219,mall,30
FAT-0003306,INST-0579-2603306,ANG-0001699,True,NIVF-3897448614,2026-07-06,2026-07-07,16546.16,pranuar,E_Vleftesuar,Miratuar,Po,R_Kaloi,2026-07-10,,K31528061N,FURN-000306,mall,30
FAT-0003307,INST-0579-2603307,ANG-0001699,True,NIVF-8530525553,2026-08-26,2026-08-29,75453.84,refuzuar,Kerkon_Rivleftesim,Refuzuar,Jo,,2026-09-03,Fiskalizim i pavlefshëm,K31528061N,FURN-000306,mall,30
FAT-0003308,INST-0579-2603308,ANG-0001700,True,NIVF-6136620747,2026-07-07,2026-07-08,221000.0,pranuar,E_Vleftesuar,Miratuar,Po,R_Kaloi,2026-07-12,,L01325010Q,FURN-000414,mall,30
FAT-0003309,INST-0146-2603309,ANG-0001701,True,NIVF-4062956053,2026-07-04,2026-07-07,382273.94,refuzuar,Kerkon_Rivleftesim,Refuzuar,Jo,,2026-07-16,Mungesë dokumentacioni mbështetës,M57403204K,FURN-001850,mall,30
FAT-0003310,INST-0146-2603310,ANG-0001701,True,NIVF-4771481166,2026-07-31,2026-08-01,587726.06,pranuar,E_Vleftesuar,Miratuar,Po,R_Kaloi,2026-08-04,,M57403204K,FURN-001850,mall,30
FAT-0003311,INST-0175-2603311,ANG-0001702,True,NIVF-3517161151,2026-07-06,2026-07-10,2513111.43,pranuar,E_Vleftesuar,Miratuar,Po,R_Kaloi,2026-07-14,,L51706022H,FURN-000259,pune,30
FAT-0003312,INST-0175-2603312,ANG-0001702,True,NIVF-5075214884,2026-08-14,2026-08-14,11663024.01,pranuar,E_Vleftesuar,Miratuar,Po,R_Kaloi,2026-08-17,,L51706022H,FURN-000259,pune,30
FAT-0003313,INST-0175-2603313,ANG-0001702,True,NIVF-9678831069,2026-09-14,2026-09-16,2623864.56,refuzuar,Kerkon_Rivleftesim,Refuzuar,Jo,,2026-09-18,Mungesë dokumentacioni mbështetës,L51706022H,FURN-000259,pune,30
FAT-0003314,INST-0175-2603314,ANG-0001703,True,NIVF-3620622308,2026-07-05,2026-07-05,296091000.0,pranuar,E_Vleftesuar,Miratuar,Po,R_Kaloi,2026-07-07,,L62205052L,FURN-001807,pune,30
FAT-0003315,INST-0175-2603315,ANG-0001704,True,NIVF-4177194832,2026-06-26,2026-06-30,159650.0,refuzuar,Kerkon_Rivleftesim,Refuzuar,Jo,,2026-07-01,Fiskalizim i pavlefshëm,L41825004O,FURN-000849,pune,30
FAT-0003316,INST-0970-2603316,ANG-0001705,True,NIVF-8246477567,2026-06-25,2026-06-28,2198.54,pranuar,E_Vleftesuar,Miratuar,Po,R_Kaloi,2026-07-05,,L42206505K,FURN-000372,sherbim,30
FAT-0003317,INST-0970-2603317,ANG-0001705,True,NIVF-5512801684,2026-07-28,2026-07-31,16528.77,refuzuar,Kerkon_Rivleftesim,Refuzuar,Jo,,2026-08-09,Gabim në shumën e faturuar,L42206505K,FURN-000372,sherbim,30
FAT-0003318,INST-0144-2603318,ANG-0001706,True,NIVF-9450723225,2026-07-05,2026-07-09,489044.37,pranuar,E_Vleftesuar,Miratuar,Po,R_Kaloi,2026-07-18,,K11807008V,FURN-000073,pune,30
FAT-0003319,INST-0144-2603319,ANG-0001706,True,NIVF-9338793887,2026-08-30,2026-08-31,193950.3,pranuar,E_Vleftesuar,Miratuar,Po,R_Kaloi,2026-09-08,,K11807008V,FURN-000073,pune,30
FAT-0003320,INST-0123-2603320,ANG-0001707,True,NIVF-8272838448,2026-07-07,2026-07-11,1523785.39,pranuar,E_Vleftesuar,Miratuar,Po,R_Kaloi,2026-07-12,,K97730102T,FURN-001010,pune,30
FAT-0003321,INST-0123-2603321,ANG-0001707,True,NIVF-1891354478,2026-08-10,2026-08-14,305093.03,pranuar,E_Vleftesuar,Miratuar,Po,R_Kaloi,2026-08-19,,K97730102T,FURN-001010,pune,30
FAT-0003322,INST-0621-2603322,ANG-0001708,True,NIVF-6073643336,2026-07-07,2026-07-11,559000.0,pranuar,E_Vleftesuar,Miratuar,Po,R_Kaloi,2026-07-12,,K31528061N,FURN-000306,mall,30
FAT-0003323,INST-0963-2603323,ANG-0001709,True,NIVF-7105051865,2026-07-07,2026-07-11,2483177.08,pranuar,E_Vleftesuar,Miratuar,Po,R_Kaloi,2026-07-18,,J61827062E,FURN-000337,sherbim,30
FAT-0003324,INST-0963-2603324,ANG-0001709,True,NIVF-9592091615,2026-08-26,2026-08-27,2662022.92,refuzuar,Kerkon_Rivleftesim,Refuzuar,Jo,,2026-08-29,Fiskalizim i pavlefshëm,J61827062E,FURN-000337,sherbim,30
FAT-0003325,INST-0624-2603325,ANG-0001710,True,NIVF-1736585814,2026-07-05,2026-07-05,37938.61,pranuar,E_Vleftesuar,Miratuar,Po,R_Kaloi,2026-07-14,,M22318016L,FURN-000459,mall,30
FAT-0003326,INST-0624-2603326,ANG-0001710,True,NIVF-9862276869,2026-08-11,2026-08-12,441561.39,pranuar,E_Vleftesuar,Miratuar,Po,R_Kaloi,2026-08-19,,M22318016L,FURN-000459,mall,30
FAT-0003327,INST-0621-2603327,ANG-0001711,True,NIVF-4771396705,2026-07-05,2026-07-07,1144500.0,pranuar,E_Vleftesuar,Miratuar,Po,R_Kaloi,2026-07-09,,K31510153H,FURN-000326,mall,30
FAT-0003328,INST-0621-2603328,ANG-0001712,True,NIVF-3332461150,2026-06-25,2026-06-26,8972457.65,pranuar,E_Vleftesuar,Miratuar,Po,R_Kaloi,2026-07-03,,K97006004D,FURN-000176,mall,30
FAT-0003329,INST-0621-2603329,ANG-0001712,True,NIVF-3460271956,2026-08-07,2026-08-08,7865535.15,pranuar,E_Vleftesuar,Miratuar,Po,R_Kaloi,2026-08-16,,K97006004D,FURN-000176,mall,30
FAT-0003330,INST-0621-2603330,ANG-0001712,True,NIVF-4978124698,2026-08-29,2026-08-31,152007.2,pranuar,E_Vleftesuar,Miratuar,Po,R_Kaloi,2026-09-04,,K97006004D,FURN-000176,mall,30
FAT-0003331,INST-0621-2603331,ANG-0001713,True,NIVF-7618707037,2026-07-01,2026-07-03,42228.86,pranuar,E_Vleftesuar,Miratuar,Po,R_Kaloi,2026-07-09,,L97006001D,FURN-000780,mall,30
FAT-0003332,INST-0621-2603332,ANG-0001713,True,NIVF-4602002435,2026-08-09,2026-08-10,2158.32,pranuar,E_Vleftesuar,Miratuar,Po,R_Kaloi,2026-08-18,,L97006001D,FURN-000780,mall,30
FAT-0003333,INST-0621-2603333,ANG-0001713,True,NIVF-9019040603,2026-09-13,2026-09-14,55212.82,pranuar,E_Vleftesuar,Miratuar,Po,R_Kaloi,2026-09-18,,L97006001D,FURN-000780,mall,30
FAT-0003334,INST-0424-2603334,ANG-0001714,True,NIVF-3122817204,2026-06-27,2026-06-29,56150.0,pranuar,E_Vleftesuar,Miratuar,Po,R_Kaloi,2026-07-02,,L62513212V,FURN-000274,pune,30
FAT-0003335,INST-0621-2603335,ANG-0001715,True,NIVF-1269911940,2026-07-08,2026-07-12,206947.0,refuzuar,Kerkon_Rivleftesim,Refuzuar,Jo,,2026-07-18,Mospërputhje me kontratën,J66902026L,FURN-001734,mall,30
FAT-0003336,INST-0621-2603336,ANG-0001716,True,NIVF-6952596389,2026-07-04,2026-07-07,35388.82,pranuar,E_Vleftesuar,Miratuar,Po,R_Kaloi,2026-07-12,,J71907014E,FURN-000621,sherbim,30
FAT-0003337,INST-0621-2603337,ANG-0001716,True,NIVF-7823767484,2026-07-24,2026-07-27,388611.18,pranuar,E_Vleftesuar,Miratuar,Po,R_Kaloi,2026-08-03,,J71907014E,FURN-000621,sherbim,30
FAT-0003338,INST-0621-2603338,ANG-0001717,True,NIVF-3292942961,2026-06-28,2026-06-30,245725.38,pranuar,E_Vleftesuar,Miratuar,Po,R_Kaloi,2026-07-02,,L81924026A,FURN-000266,sherbim,30
FAT-0003339,INST-0621-2603339,ANG-0001717,True,NIVF-9275421688,2026-08-02,2026-08-03,182274.62,pranuar,E_Vleftesuar,Miratuar,Po,R_Kaloi,2026-08-07,,L81924026A,FURN-000266,sherbim,30
FAT-0003340,INST-0587-2603340,ANG-0001718,True,NIVF-6005244799,2026-07-02,2026-07-03,293000.0,pranuar,E_Vleftesuar,Miratuar,Po,R_Kaloi,2026-07-09,,J91907002G,FURN-001506,sherbim,30
FAT-0003341,INST-0621-2603341,ANG-0001719,True,NIVF-7476940182,2026-07-09,2026-07-10,76063.95,pranuar,E_Vleftesuar,Miratuar,Po,R_Kaloi,2026-07-11,,K41602074K,FURN-000879,mall,30
FAT-0003342,INST-0621-2603342,ANG-0001719,True,NIVF-3562463436,2026-08-27,2026-08-30,22936.05,pranuar,E_Vleftesuar,Miratuar,Po,R_Kaloi,2026-09-08,,K41602074K,FURN-000879,mall,30
FAT-0003343,INST-0621-2603343,ANG-0001720,True,NIVF-9719089303,2026-07-10,2026-07-11,190183.44,pranuar,E_Vleftesuar,Miratuar,Po,R_Kaloi,2026-07-17,,L41817014E,FURN-000926,mall,30
FAT-0003344,INST-0621-2603344,ANG-0001720,True,NIVF-4509178901,2026-08-01,2026-08-03,622116.56,pranuar,E_Vleftesuar,Miratuar,Po,R_Kaloi,2026-08-12,,L41817014E,FURN-000926,mall,30
FAT-0003345,INST-0621-2603345,ANG-0001721,True,NIVF-9945014536,2026-07-03,2026-07-03,812.84,pranuar,E_Vleftesuar,Miratuar,Po,R_Kaloi,2026-07-07,,M41810021A,FURN-000264,mall,30
FAT-0003346,INST-0621-2603346,ANG-0001721,True,NIVF-5690943458,2026-07-29,2026-07-29,15527.41,refuzuar,Kerkon_Rivleftesim,Refuzuar,Jo,,2026-07-31,Gabim në shumën e faturuar,M41810021A,FURN-000264,mall,30
FAT-0003347,INST-0621-2603347,ANG-0001721,True,NIVF-5359980177,2026-08-30,2026-09-02,1334.75,pranuar,E_Vleftesuar,Miratuar,Po,R_Kaloi,2026-09-08,,M41810021A,FURN-000264,mall,30
FAT-0003348,INST-1004-2603348,ANG-0001722,True,NIVF-6830198264,2026-07-01,2026-07-02,2687.97,pranuar,E_Vleftesuar,Miratuar,Po,R_Kaloi,2026-07-09,,L92406016G,FURN-000875,pune,30
FAT-0003349,INST-1004-2603349,ANG-0001722,True,NIVF-1797479734,2026-07-26,2026-07-28,9997.75,refuzuar,Kerkon_Rivleftesim,Refuzuar,Jo,,2026-08-04,Fiskalizim i pavlefshëm,L92406016G,FURN-000875,pune,30
FAT-0003350,INST-1004-2603350,ANG-0001722,True,NIVF-8927589935,2026-08-18,2026-08-22,2314.27,pranuar,E_Vleftesuar,Miratuar,Po,R_Kaloi,2026-08-26,,L92406016G,FURN-000875,pune,30
FAT-0003351,INST-0456-2603351,ANG-0001723,True,NIVF-6049229169,2026-06-28,2026-06-28,976199.36,refuzuar,Kerkon_Rivleftesim,Refuzuar,Jo,,2026-07-03,Mospërputhje me kontratën,M11417503F,FURN-000460,sherbim,30
FAT-0003352,INST-1011-2603352,ANG-0001724,True,NIVF-3925571919,2026-06-28,2026-07-02,6910.69,pranuar,E_Vleftesuar,Miratuar,Po,R_Kaloi,2026-07-08,,L71325019D,FURN-000140,sherbim,30
FAT-0003353,INST-1011-2603353,ANG-0001724,True,NIVF-6502768103,2026-07-18,2026-07-20,5831.91,pranuar,E_Vleftesuar,Miratuar,Po,R_Kaloi,2026-07-21,,L71325019D,FURN-000140,sherbim,30
FAT-0003354,INST-1011-2603354,ANG-0001724,True,NIVF-2731272603,2026-09-10,2026-09-13,75863.4,pranuar,E_Vleftesuar,Miratuar,Po,R_Kaloi,2026-09-14,,L71325019D,FURN-000140,sherbim,30
FAT-0003355,INST-0128-2603355,ANG-0001725,True,NIVF-9416090867,2026-06-30,2026-06-30,100000.0,pranuar,E_Vleftesuar,Miratuar,Po,R_Kaloi,2026-07-01,,L52208070A,FURN-000137,sherbim,30
FAT-0003356,INST-0456-2603356,ANG-0001726,True,NIVF-1802986065,2026-06-27,2026-06-30,316798.26,refuzuar,Kerkon_Rivleftesim,Refuzuar,Jo,,2026-07-04,Mungesë dokumentacioni mbështetës,L71907025V,FURN-001762,mall,30
FAT-0003357,INST-0456-2603357,ANG-0001726,True,NIVF-8500339876,2026-07-17,2026-07-18,411901.74,pranuar,E_Vleftesuar,Miratuar,Po,R_Kaloi,2026-07-26,,L71907025V,FURN-001762,mall,30
FAT-0003358,INST-0456-2603358,ANG-0001726,True,NIVF-6801125573,2026-09-14,2026-09-14,56300.0,pranuar,E_Vleftesuar,Miratuar,Po,R_Kaloi,2026-09-17,,L71907025V,FURN-001762,mall,30
FAT-0003359,INST-0621-2603359,ANG-0001727,True,NIVF-8054660040,2026-06-27,2026-06-28,21820.36,refuzuar,Kerkon_Rivleftesim,Refuzuar,Jo,,2026-07-05,Fiskalizim i pavlefshëm,M12910801M,FURN-000664,mall,30
FAT-0003360,INST-0621-2603360,ANG-0001727,True,NIVF-3975467309,2026-07-24,2026-07-27,66579.64,pranuar,E_Vleftesuar,Miratuar,Po,R_Kaloi,2026-07-30,,M12910801M,FURN-000664,mall,30
FAT-0003361,INST-0963-2603361,ANG-0001728,True,NIVF-1181763001,2026-07-02,2026-07-03,165722.69,refuzuar,Kerkon_Rivleftesim,Refuzuar,Jo,,2026-07-08,Mungesë dokumentacioni mbështetës,L22218008Q,FURN-000838,sherbim,30
FAT-0003362,INST-0963-2603362,ANG-0001728,True,NIVF-4493187657,2026-07-26,2026-07-26,45680.2,pranuar,E_Vleftesuar,Miratuar,Po,R_Kaloi,2026-08-03,,L22218008Q,FURN-000838,sherbim,30
FAT-0003363,INST-0963-2603363,ANG-0001728,True,NIVF-2660602737,2026-08-25,2026-08-26,41797.11,refuzuar,Kerkon_Rivleftesim,Refuzuar,Jo,,2026-08-29,Mospërputhje me kontratën,L22218008Q,FURN-000838,sherbim,30
FAT-0003364,INST-0098-2603364,ANG-0001729,True,NIVF-1099441803,2026-07-10,2026-07-10,24068.78,pranuar,E_Vleftesuar,Miratuar,Po,R_Kaloi,2026-07-13,,M12218017P,FURN-000450,mall,30
FAT-0003365,INST-0098-2603365,ANG-0001729,True,NIVF-3155135293,2026-09-02,2026-09-03,75701.22,pranuar,E_Vleftesuar,Miratuar,Po,R_Kaloi,2026-09-06,,M12218017P,FURN-000450,mall,30
FAT-0003366,INST-0172-2603366,ANG-0001730,True,NIVF-7463922404,2026-06-30,2026-07-04,188541.67,pranuar,E_Vleftesuar,Miratuar,Po,R_Kaloi,2026-07-11,,L82428011G,FURN-001130,pune,30
FAT-0003367,INST-0575-2603367,ANG-0001731,True,NIVF-2329931702,2026-06-27,2026-06-30,405000.0,pranuar,E_Vleftesuar,Miratuar,Po,R_Kaloi,2026-07-01,,K01515004T,FURN-000390,sherbim,30
FAT-0003368,INST-0122-2603368,ANG-0001732,True,NIVF-2921784608,2026-06-29,2026-06-30,279000.0,pranuar,E_Vleftesuar,Miratuar,Po,R_Kaloi,2026-07-05,,L32222023L,FURN-001005,pune,30
FAT-0003369,INST-0173-2603369,ANG-0001733,True,NIVF-4666166564,2026-07-05,2026-07-07,189650.57,pranuar,E_Vleftesuar,Miratuar,Po,R_Kaloi,2026-07-15,,J71406006Q,FURN-000127,pune,30
FAT-0003370,INST-0173-2603370,ANG-0001733,True,NIVF-3710190240,2026-08-20,2026-08-22,46349.43,refuzuar,Kerkon_Rivleftesim,Refuzuar,Jo,,2026-08-26,Gabim në shumën e faturuar,J71406006Q,FURN-000127,pune,30
FAT-0003371,INST-0958-2603371,ANG-0001734,True,NIVF-9171248168,2026-07-10,2026-07-14,85713.99,pranuar,E_Vleftesuar,Miratuar,Po,R_Kaloi,2026-07-21,,K41510041C,FURN-000620,pune,30
FAT-0003372,INST-0958-2603372,ANG-0001734,True,NIVF-4056424483,2026-09-05,2026-09-05,253286.01,pranuar,E_Vleftesuar,Miratuar,Po,R_Kaloi,2026-09-11,,K41510041C,FURN-000620,pune,30
FAT-0003373,INST-0134-2603373,ANG-0001735,True,NIVF-6590779917,2026-07-09,2026-07-12,22788.14,pranuar,E_Vleftesuar,Miratuar,Po,R_Kaloi,2026-07-13,,L51419022R,FURN-000457,pune,30
FAT-0003374,INST-0134-2603374,ANG-0001735,True,NIVF-1620287286,2026-08-02,2026-08-06,366211.86,refuzuar,Kerkon_Rivleftesim,Refuzuar,Jo,,2026-08-15,Mospërputhje me kontratën,L51419022R,FURN-000457,pune,30
FAT-0003375,INST-0621-2603375,ANG-0001736,True,NIVF-9658986489,2026-06-28,2026-06-30,1.03,pranuar,E_Vleftesuar,Miratuar,Po,R_Kaloi,2026-07-08,,K01515004T,FURN-000390,sherbim,30
FAT-0003376,INST-0621-2603376,ANG-0001736,True,NIVF-7657745779,2026-07-29,2026-07-29,7.41,pranuar,E_Vleftesuar,Miratuar,Po,R_Kaloi,2026-08-06,,K01515004T,FURN-000390,sherbim,30
FAT-0003377,INST-0621-2603377,ANG-0001736,True,NIVF-6696895705,2026-09-15,2026-09-18,5.27,pranuar,E_Vleftesuar,Miratuar,Po,R_Kaloi,2026-09-18,,K01515004T,FURN-000390,sherbim,30
FAT-0003378,INST-0915-2603378,ANG-0001737,True,NIVF-8831088066,2026-06-27,2026-06-30,390079.91,pranuar,E_Vleftesuar,Miratuar,Po,R_Kaloi,2026-07-07,,K21912001R,FURN-000018,mall,30
FAT-0003379,INST-0915-2603379,ANG-0001737,True,NIVF-6935103957,2026-07-19,2026-07-22,14920.09,pranuar,E_Vleftesuar,Miratuar,Po,R_Kaloi,2026-07-29,,K21912001R,FURN-000018,mall,30
FAT-0003380,INST-0006-2603380,ANG-0001738,True,NIVF-3790691560,2026-07-05,2026-07-09,285000.0,pranuar,E_Vleftesuar,Miratuar,Po,R_Kaloi,2026-07-11,,K84616001R,FURN-000925,mall,30
FAT-0003381,INST-0175-2603381,ANG-0001739,True,NIVF-5856550296,2026-07-03,2026-07-06,920000.0,pranuar,E_Vleftesuar,Miratuar,Po,R_Kaloi,2026-07-15,,M28717102U,FURN-000157,sherbim,30
FAT-0003382,INST-1004-2603382,ANG-0001740,True,NIVF-4653977105,2026-07-01,2026-07-04,696000.0,pranuar,E_Vleftesuar,Miratuar,Po,R_Kaloi,2026-07-11,,J61901194M,FURN-000348,mall,30
FAT-0003383,INST-0516-2603383,ANG-0001741,True,NIVF-3931431999,2026-07-09,2026-07-09,662000.0,pranuar,E_Vleftesuar,Miratuar,Po,R_Kaloi,2026-07-14,,L71619028E,FURN-000226,pune,30
FAT-0003384,INST-0057-2603384,ANG-0001742,True,NIVF-2567443583,2026-07-06,2026-07-09,341382.18,pranuar,E_Vleftesuar,Miratuar,Po,R_Kaloi,2026-07-15,,L01606034A,FURN-000056,mall,30
FAT-0003385,INST-0057-2603385,ANG-0001742,True,NIVF-6651374520,2026-08-29,2026-09-01,14883.85,pranuar,E_Vleftesuar,Miratuar,Po,R_Kaloi,2026-09-09,,L01606034A,FURN-000056,mall,30
FAT-0003386,INST-0057-2603386,ANG-0001742,True,NIVF-7133310199,2026-09-18,2026-09-18,379633.98,pranuar,E_Vleftesuar,Miratuar,Po,R_Kaloi,2026-09-18,,L01606034A,FURN-000056,mall,30
FAT-0003387,INST-0962-2603387,ANG-0001743,True,NIVF-2760054882,2026-07-12,2026-07-15,0.0,pranuar,E_Vleftesuar,Miratuar,Po,R_Kaloi,2026-07-17,,,,mall,30
FAT-0003388,INST-0621-2603388,ANG-0001744,True,NIVF-8988629792,2026-07-06,2026-07-08,9990.69,pranuar,E_Vleftesuar,Miratuar,Po,R_Kaloi,2026-07-10,,M11707049K,FURN-000211,mall,30
FAT-0003389,INST-0621-2603389,ANG-0001744,True,NIVF-9409369253,2026-09-01,2026-09-05,59183.19,refuzuar,Kerkon_Rivleftesim,Refuzuar,Jo,,2026-09-12,Fiskalizim i pavlefshëm,M11707049K,FURN-000211,mall,30
FAT-0003390,INST-0127-2603390,ANG-0001745,True,NIVF-8391582602,2026-07-11,2026-07-11,0.0,pranuar,E_Vleftesuar,Miratuar,Po,R_Kaloi,2026-07-13,,,,mall,30
FAT-0003391,INST-0127-2603391,ANG-0001745,True,NIVF-2844321322,2026-08-03,2026-08-04,0.0,pranuar,E_Vleftesuar,Miratuar,Po,R_Kaloi,2026-08-05,,,,mall,30
FAT-0003392,INST-0565-2603392,ANG-0001746,True,NIVF-3038678960,2026-07-04,2026-07-06,225830.28,pranuar,E_Vleftesuar,Miratuar,Po,R_Kaloi,2026-07-14,,L02904408M,FURN-000637,pune,30
FAT-0003393,INST-0565-2603393,ANG-0001746,True,NIVF-7540412133,2026-07-30,2026-08-01,5074.62,pranuar,E_Vleftesuar,Miratuar,Po,R_Kaloi,2026-08-08,,L02904408M,FURN-000637,pune,30
FAT-0003394,INST-0565-2603394,ANG-0001746,True,NIVF-4589499425,2026-09-05,2026-09-08,168095.1,pranuar,E_Vleftesuar,Miratuar,Po,R_Kaloi,2026-09-10,,L02904408M,FURN-000637,pune,30
FAT-0003395,INST-0172-2603395,ANG-0001747,True,NIVF-4804005263,2026-07-12,2026-07-14,82079.82,refuzuar,Kerkon_Rivleftesim,Refuzuar,Jo,,2026-07-16,Mungesë dokumentacioni mbështetës,J62903750A,FURN-000010,pune,30
FAT-0003396,INST-0172-2603396,ANG-0001747,True,NIVF-8573734079,2026-08-24,2026-08-25,1420.18,pranuar,E_Vleftesuar,Miratuar,Po,R_Kaloi,2026-08-29,,J62903750A,FURN-000010,pune,30
FAT-0003397,INST-0134-2603397,ANG-0001748,True,NIVF-6715825251,2026-07-12,2026-07-15,16606.67,pranuar,E_Vleftesuar,Miratuar,Po,R_Kaloi,2026-07-21,,L52222066T,FURN-000713,sherbim,30
FAT-0003398,INST-0151-2603398,ANG-0001749,True,NIVF-3377983226,2026-06-30,2026-06-30,279200.0,pranuar,E_Vleftesuar,Miratuar,Po,R_Kaloi,2026-07-09,,K31503045V,FURN-000036,mall,30
FAT-0003399,INST-0450-2603399,ANG-0001750,True,NIVF-7311713569,2026-07-06,2026-07-06,104616.95,pranuar,E_Vleftesuar,Miratuar,Po,R_Kaloi,2026-07-15,,M21628036N,FURN-000951,mall,30
FAT-0003400,INST-0450-2603400,ANG-0001750,True,NIVF-3956799371,2026-08-18,2026-08-20,30383.05,refuzuar,Kerkon_Rivleftesim,Refuzuar,Jo,,2026-08-29,Mospërputhje me kontratën,M21628036N,FURN-000951,mall,30
FAT-0003401,INST-0151-2603401,ANG-0001751,True,NIVF-3144608972,2026-07-08,2026-07-12,212000.0,pranuar,E_Vleftesuar,Miratuar,Po,R_Kaloi,2026-07-13,,L91418502J,FURN-000101,pune,30
FAT-0003402,INST-1010-2603402,ANG-0001752,True,NIVF-9488004891,2026-07-01,2026-07-03,1474000.0,pranuar,E_Vleftesuar,Miratuar,Po,R_Kaloi,2026-07-12,,L51523001S,FURN-001503,mall,30
FAT-0003403,INST-0176-2603403,ANG-0001753,True,NIVF-2612716464,2026-07-12,2026-07-15,33000.0,pranuar,E_Vleftesuar,Miratuar,Po,R_Kaloi,2026-07-19,,L82007020D,FURN-000513,mall,30
FAT-0003404,INST-0176-2603404,ANG-0001754,True,NIVF-7693430321,2026-07-10,2026-07-12,300621.95,pranuar,E_Vleftesuar,Miratuar,Po,R_Kaloi,2026-07-16,,L71715003C,FURN-000184,mall,30
FAT-0003405,INST-0176-2603405,ANG-0001754,True,NIVF-6334081245,2026-08-11,2026-08-12,226718.05,pranuar,E_Vleftesuar,Miratuar,Po,R_Kaloi,2026-08-21,,L71715003C,FURN-000184,mall,30
FAT-0003406,INST-0176-2603406,ANG-0001755,True,NIVF-4502243784,2026-07-03,2026-07-07,99940.0,pranuar,E_Vleftesuar,Miratuar,Po,R_Kaloi,2026-07-16,,K38228162J,FURN-000223,mall,30
FAT-0003407,INST-1004-2603407,ANG-0001756,True,NIVF-8342065786,2026-07-11,2026-07-11,460855.81,pranuar,E_Vleftesuar,Miratuar,Po,R_Kaloi,2026-07-12,,M57122701K,FURN-000647,mall,30
FAT-0003408,INST-1004-2603408,ANG-0001756,True,NIVF-6229088810,2026-08-31,2026-09-04,437144.19,pranuar,E_Vleftesuar,Miratuar,Po,R_Kaloi,2026-09-05,,M57122701K,FURN-000647,mall,30
FAT-0003409,INST-0098-2603409,ANG-0001757,True,NIVF-4250557442,2026-06-28,2026-07-01,10657948.8,pranuar,E_Vleftesuar,Miratuar,Po,R_Kaloi,2026-07-05,,K91810005U,FURN-000483,mall,30
FAT-0003410,INST-0965-2603410,ANG-0001758,True,NIVF-1157030068,2026-07-09,2026-07-11,11600.0,pranuar,E_Vleftesuar,Miratuar,Po,R_Kaloi,2026-07-18,,K82231003A,FURN-000968,mall,30
FAT-0003411,INST-1004-2603411,ANG-0001759,True,NIVF-1247816221,2026-07-04,2026-07-08,811112.85,refuzuar,Kerkon_Rivleftesim,Refuzuar,Jo,,2026-07-13,Mospërputhje me kontratën,M11313029O,FURN-000904,mall,30
FAT-0003412,INST-1004-2603412,ANG-0001759,True,NIVF-9201681589,2026-07-27,2026-07-30,387134.15,pranuar,E_Vleftesuar,Miratuar,Po,R_Kaloi,2026-08-02,,M11313029O,FURN-000904,mall,30
FAT-0003413,INST-0621-2603413,ANG-0001760,True,NIVF-1287334984,2026-06-28,2026-06-29,8878.93,pranuar,E_Vleftesuar,Miratuar,Po,R_Kaloi,2026-06-30,,L71715003C,FURN-000184,mall,30
FAT-0003414,INST-0621-2603414,ANG-0001760,True,NIVF-1621670731,2026-07-19,2026-07-21,90051.07,pranuar,E_Vleftesuar,Miratuar,Po,R_Kaloi,2026-07-29,,L71715003C,FURN-000184,mall,30
FAT-0003415,INST-0621-2603415,ANG-0001761,True,NIVF-5373407312,2026-07-06,2026-07-08,29893.6,pranuar,E_Vleftesuar,Miratuar,Po,R_Kaloi,2026-07-11,,L71715003C,FURN-000184,mall,30
FAT-0003416,INST-0621-2603416,ANG-0001761,True,NIVF-4247027976,2026-08-04,2026-08-07,50106.4,pranuar,E_Vleftesuar,Miratuar,Po,R_Kaloi,2026-08-10,,L71715003C,FURN-000184,mall,30
FAT-0003417,INST-0591-2603417,ANG-0001762,True,NIVF-2031703997,2026-07-03,2026-07-03,93000.0,pranuar,E_Vleftesuar,Miratuar,Po,R_Kaloi,2026-07-07,,M01511008K,FURN-000638,mall,30
FAT-0003418,INST-0087-2603418,ANG-0001763,True,NIVF-4601046450,2026-07-06,2026-07-08,104167.0,pranuar,E_Vleftesuar,Miratuar,Po,R_Kaloi,2026-07-16,,K71707007Q,FURN-000160,sherbim,30
FAT-0003419,INST-0234-2603419,ANG-0001764,True,NIVF-2074783162,2026-07-02,2026-07-06,101806.54,pranuar,E_Vleftesuar,Miratuar,Po,R_Kaloi,2026-07-11,,L51419022R,FURN-000457,mall,30
FAT-0003420,INST-0234-2603420,ANG-0001764,True,NIVF-6853250204,2026-07-29,2026-08-01,248293.46,pranuar,E_Vleftesuar,Miratuar,Po,R_Kaloi,2026-08-06,,L51419022R,FURN-000457,mall,30
FAT-0003421,INST-0480-2603421,ANG-0001765,True,NIVF-6551905814,2026-07-11,2026-07-13,94.95,pranuar,E_Vleftesuar,Miratuar,Po,R_Kaloi,2026-07-20,,K67120001D,FURN-000089,mall,30
FAT-0003422,INST-0480-2603422,ANG-0001765,True,NIVF-5350457302,2026-08-04,2026-08-05,41677.68,refuzuar,Kerkon_Rivleftesim,Refuzuar,Jo,,2026-08-13,Mospërputhje me kontratën,K67120001D,FURN-000089,mall,30
FAT-0003423,INST-0424-2603423,ANG-0001766,True,NIVF-9797037324,2026-07-10,2026-07-10,348900.0,pranuar,E_Vleftesuar,Miratuar,Po,R_Kaloi,2026-07-14,,M02415002E,FURN-000321,mall,30
FAT-0003424,INST-0098-2603424,ANG-0001767,True,NIVF-1000503415,2026-07-05,2026-07-08,5634.91,refuzuar,Kerkon_Rivleftesim,Refuzuar,Jo,,2026-07-11,Fiskalizim i pavlefshëm,L71325019D,FURN-000140,pune,30
FAT-0003425,INST-0098-2603425,ANG-0001767,True,NIVF-1913839681,2026-08-09,2026-08-11,18212.09,pranuar,E_Vleftesuar,Miratuar,Po,R_Kaloi,2026-08-18,,L71325019D,FURN-000140,pune,30
FAT-0003426,INST-0151-2603426,ANG-0001768,True,NIVF-7290020652,2026-07-03,2026-07-06,28473.96,pranuar,E_Vleftesuar,Miratuar,Po,R_Kaloi,2026-07-11,,K62320012O,FURN-000162,mall,30
FAT-0003427,INST-0151-2603427,ANG-0001768,True,NIVF-6751256421,2026-08-04,2026-08-05,11026.04,pranuar,E_Vleftesuar,Miratuar,Po,R_Kaloi,2026-08-06,,K62320012O,FURN-000162,mall,30
FAT-0003428,INST-0169-2603428,ANG-0001769,True,NIVF-5008211517,2026-06-29,2026-07-03,16000.0,pranuar,E_Vleftesuar,Miratuar,Po,R_Kaloi,2026-07-08,,L22205001K,FURN-001009,mall,30
FAT-0003429,INST-0915-2603429,ANG-0001770,True,NIVF-9752502589,2026-07-03,2026-07-06,36991.88,pranuar,E_Vleftesuar,Miratuar,Po,R_Kaloi,2026-07-10,,M32303056L,FURN-001671,pune,30
FAT-0003430,INST-0915-2603430,ANG-0001770,True,NIVF-7177265677,2026-08-21,2026-08-22,145008.12,pranuar,E_Vleftesuar,Miratuar,Po,R_Kaloi,2026-08-26,,M32303056L,FURN-001671,pune,30
FAT-0003431,INST-0621-2603431,ANG-0001771,True,NIVF-2222758990,2026-07-04,2026-07-07,127561.42,pranuar,E_Vleftesuar,Miratuar,Po,R_Kaloi,2026-07-14,,L21708012H,FURN-000063,mall,30
FAT-0003432,INST-0621-2603432,ANG-0001771,True,NIVF-1314047746,2026-08-30,2026-09-02,71438.58,pranuar,E_Vleftesuar,Miratuar,Po,R_Kaloi,2026-09-11,,L21708012H,FURN-000063,mall,30
FAT-0003433,INST-0621-2603433,ANG-0001772,True,NIVF-4924924675,2026-07-09,2026-07-12,171000.0,pranuar,E_Vleftesuar,Miratuar,Po,R_Kaloi,2026-07-17,,K62721401R,FURN-001383,mall,30
FAT-0003434,INST-0543-2603434,ANG-0001773,True,NIVF-7781041162,2026-07-06,2026-07-07,72678.69,refuzuar,Kerkon_Rivleftesim,Refuzuar,Jo,,2026-07-09,Gabim në shumën e faturuar,K12201002T,FURN-000088,mall,30
FAT-0003435,INST-0543-2603435,ANG-0001773,True,NIVF-3258085836,2026-08-07,2026-08-08,5824.31,pranuar,E_Vleftesuar,Miratuar,Po,R_Kaloi,2026-08-14,,K12201002T,FURN-000088,mall,30
FAT-0003436,INST-1035-2603436,ANG-0001774,True,NIVF-3745904076,2026-07-03,2026-07-06,6371.06,pranuar,E_Vleftesuar,Miratuar,Po,R_Kaloi,2026-07-10,,K87629701P,FURN-000770,sherbim,30
FAT-0003437,INST-1035-2603437,ANG-0001774,True,NIVF-8324447319,2026-08-14,2026-08-15,26794.94,refuzuar,Kerkon_Rivleftesim,Refuzuar,Jo,,2026-08-16,Gabim në shumën e faturuar,K87629701P,FURN-000770,sherbim,30
FAT-0003438,INST-0574-2603438,ANG-0001775,True,NIVF-2694322983,2026-07-01,2026-07-02,690000.0,refuzuar,Kerkon_Rivleftesim,Refuzuar,Jo,,2026-07-05,Fiskalizim i pavlefshëm,L82309028R,FURN-001091,mall,30
FAT-0003439,INST-0099-2603439,ANG-0001776,True,NIVF-9802507425,2026-07-01,2026-07-02,14000.0,pranuar,E_Vleftesuar,Miratuar,Po,R_Kaloi,2026-07-09,,K62320012O,FURN-000162,sherbim,30
FAT-0003440,INST-0099-2603440,ANG-0001777,True,NIVF-6848630396,2026-07-09,2026-07-11,123526.52,pranuar,E_Vleftesuar,Miratuar,Po,R_Kaloi,2026-07-17,,M56511001P,FURN-002028,sherbim,30
FAT-0003441,INST-0099-2603441,ANG-0001777,True,NIVF-2085900682,2026-09-03,2026-09-05,69699.74,refuzuar,Kerkon_Rivleftesim,Refuzuar,Jo,,2026-09-11,Mungesë dokumentacioni mbështetës,M56511001P,FURN-002028,sherbim,30
FAT-0003442,INST-0099-2603442,ANG-0001778,True,NIVF-7507118645,2026-07-03,2026-07-06,33316.72,pranuar,E_Vleftesuar,Miratuar,Po,R_Kaloi,2026-07-07,,K62320012O,FURN-000162,sherbim,30
FAT-0003443,INST-0099-2603443,ANG-0001778,True,NIVF-9846953292,2026-07-26,2026-07-30,15279.18,pranuar,E_Vleftesuar,Miratuar,Po,R_Kaloi,2026-08-08,,K62320012O,FURN-000162,sherbim,30
FAT-0003444,INST-0099-2603444,ANG-0001779,True,NIVF-2885880564,2026-07-14,2026-07-18,16190.56,pranuar,E_Vleftesuar,Miratuar,Po,R_Kaloi,2026-07-21,,K62320012O,FURN-000162,sherbim,30
FAT-0003445,INST-0099-2603445,ANG-0001779,True,NIVF-5277012186,2026-08-13,2026-08-13,17203.19,pranuar,E_Vleftesuar,Miratuar,Po,R_Kaloi,2026-08-16,,K62320012O,FURN-000162,sherbim,30
FAT-0003446,INST-0099-2603446,ANG-0001779,True,NIVF-4101260665,2026-09-12,2026-09-13,606.26,pranuar,E_Vleftesuar,Miratuar,Po,R_Kaloi,2026-09-18,,K62320012O,FURN-000162,sherbim,30
FAT-0003447,INST-0099-2603447,ANG-0001780,True,NIVF-4382334931,2026-07-04,2026-07-05,105178.41,pranuar,E_Vleftesuar,Miratuar,Po,R_Kaloi,2026-07-11,,L74320602D,FURN-000532,sherbim,30
FAT-0003448,INST-0099-2603448,ANG-0001780,True,NIVF-7852600057,2026-07-26,2026-07-29,42606.07,pranuar,E_Vleftesuar,Miratuar,Po,R_Kaloi,2026-07-31,,L74320602D,FURN-000532,sherbim,30
FAT-0003449,INST-0099-2603449,ANG-0001780,True,NIVF-7419560998,2026-09-18,2026-09-18,1715.51,pranuar,E_Vleftesuar,Miratuar,Po,R_Kaloi,2026-09-18,,L74320602D,FURN-000532,sherbim,30
FAT-0003450,INST-0921-2603450,ANG-0001781,True,NIVF-4691911033,2026-07-08,2026-07-08,99900.0,pranuar,E_Vleftesuar,Miratuar,Po,R_Kaloi,2026-07-09,,L87218003P,FURN-000771,mall,30
FAT-0003451,INST-0172-2603451,ANG-0001782,True,NIVF-4506749690,2026-07-12,2026-07-13,1929.88,pranuar,E_Vleftesuar,Miratuar,Po,R_Kaloi,2026-07-14,,L96611004A,FURN-000077,pune,30
FAT-0003452,INST-0172-2603452,ANG-0001782,True,NIVF-2930882487,2026-08-11,2026-08-15,35857.05,pranuar,E_Vleftesuar,Miratuar,Po,R_Kaloi,2026-08-21,,L96611004A,FURN-000077,pune,30
FAT-0003453,INST-0172-2603453,ANG-0001782,True,NIVF-1757374915,2026-09-01,2026-09-02,7463.07,pranuar,E_Vleftesuar,Miratuar,Po,R_Kaloi,2026-09-11,,L96611004A,FURN-000077,pune,30
FAT-0003454,INST-0167-2603454,ANG-0001783,True,NIVF-7016448272,2026-07-07,2026-07-09,16452.42,pranuar,E_Vleftesuar,Miratuar,Po,R_Kaloi,2026-07-12,,K62320012O,FURN-000162,sherbim,30
FAT-0003455,INST-0167-2603455,ANG-0001783,True,NIVF-6441431682,2026-08-21,2026-08-25,45547.58,pranuar,E_Vleftesuar,Miratuar,Po,R_Kaloi,2026-08-31,,K62320012O,FURN-000162,sherbim,30
FAT-0003456,INST-0151-2603456,ANG-0001784,True,NIVF-1438809065,2026-07-12,2026-07-13,0.0,pranuar,E_Vleftesuar,Miratuar,Po,R_Kaloi,2026-07-15,,,,sherbim,30
FAT-0003457,INST-0151-2603457,ANG-0001784,True,NIVF-8868543299,2026-08-06,2026-08-08,0.0,pranuar,E_Vleftesuar,Miratuar,Po,R_Kaloi,2026-08-12,,,,sherbim,30
FAT-0003458,INST-0563-2603458,ANG-0001785,True,NIVF-4927293594,2026-07-04,2026-07-06,1315.09,pranuar,E_Vleftesuar,Miratuar,Po,R_Kaloi,2026-07-10,,J71406006Q,FURN-000127,mall,30
FAT-0003459,INST-0563-2603459,ANG-0001785,True,NIVF-8937630431,2026-08-24,2026-08-25,27306.49,pranuar,E_Vleftesuar,Miratuar,Po,R_Kaloi,2026-09-02,,J71406006Q,FURN-000127,mall,30
FAT-0003460,INST-0621-2603460,ANG-0001786,True,NIVF-5349994287,2026-07-09,2026-07-09,650000.0,pranuar,E_Vleftesuar,Miratuar,Po,R_Kaloi,2026-07-16,,K33715699K,FURN-000640,sherbim,30
FAT-0003461,INST-0122-2603461,ANG-0001787,True,NIVF-3183680458,2026-07-14,2026-07-14,157407.65,refuzuar,Kerkon_Rivleftesim,Refuzuar,Jo,,2026-07-23,Mospërputhje me kontratën,M02415002E,FURN-000321,pune,30
FAT-0003462,INST-0122-2603462,ANG-0001787,True,NIVF-3024601749,2026-08-06,2026-08-06,332706.6,pranuar,E_Vleftesuar,Miratuar,Po,R_Kaloi,2026-08-11,,M02415002E,FURN-000321,pune,30
FAT-0003463,INST-0122-2603463,ANG-0001787,True,NIVF-9242339241,2026-09-14,2026-09-14,7885.75,refuzuar,Kerkon_Rivleftesim,Refuzuar,Jo,,2026-09-18,Mospërputhje me kontratën,M02415002E,FURN-000321,pune,30
FAT-0003464,INST-1002-2603464,ANG-0001788,True,NIVF-5322400578,2026-07-01,2026-07-03,64722.46,pranuar,E_Vleftesuar,Miratuar,Po,R_Kaloi,2026-07-12,,M46915401B,FURN-000825,sherbim,30
FAT-0003465,INST-1002-2603465,ANG-0001788,True,NIVF-2570588798,2026-08-29,2026-09-02,31092.16,pranuar,E_Vleftesuar,Miratuar,Po,R_Kaloi,2026-09-03,,M46915401B,FURN-000825,sherbim,30
FAT-0003466,INST-0135-2603466,ANG-0001789,True,NIVF-7105337087,2026-07-14,2026-07-14,18674.46,pranuar,E_Vleftesuar,Miratuar,Po,R_Kaloi,2026-07-17,,L96611004A,FURN-000077,pune,30
FAT-0003467,INST-0135-2603467,ANG-0001789,True,NIVF-6643881595,2026-09-10,2026-09-11,15269.52,pranuar,E_Vleftesuar,Miratuar,Po,R_Kaloi,2026-09-18,,L96611004A,FURN-000077,pune,30
FAT-0003468,INST-0567-2603468,ANG-0001790,True,NIVF-5264677996,2026-07-02,2026-07-03,100000.0,pranuar,E_Vleftesuar,Miratuar,Po,R_Kaloi,2026-07-05,,L96611004A,FURN-000077,mall,30
FAT-0003469,INST-0148-2603469,ANG-0001791,True,NIVF-1302543582,2026-07-08,2026-07-10,1994232.98,pranuar,E_Vleftesuar,Miratuar,Po,R_Kaloi,2026-07-19,,L72322004M,FURN-000673,pune,30
FAT-0003470,INST-0148-2603470,ANG-0001791,True,NIVF-9356289936,2026-08-14,2026-08-18,2182021.21,pranuar,E_Vleftesuar,Miratuar,Po,R_Kaloi,2026-08-21,,L72322004M,FURN-000673,pune,30
FAT-0003471,INST-0535-2603471,ANG-0001792,True,NIVF-5632839722,2026-07-10,2026-07-14,18859.9,pranuar,E_Vleftesuar,Miratuar,Po,R_Kaloi,2026-07-18,,K32515185C,FURN-000828,mall,30
FAT-0003472,INST-0535-2603472,ANG-0001792,True,NIVF-1111995570,2026-08-05,2026-08-08,66028.52,pranuar,E_Vleftesuar,Miratuar,Po,R_Kaloi,2026-08-13,,K32515185C,FURN-000828,mall,30
FAT-0003473,INST-0127-2603473,ANG-0001793,True,NIVF-1008771967,2026-07-03,2026-07-05,534651.32,pranuar,E_Vleftesuar,Miratuar,Po,R_Kaloi,2026-07-10,,L72203065K,FURN-000634,mall,30
FAT-0003474,INST-0127-2603474,ANG-0001793,True,NIVF-6204523614,2026-08-13,2026-08-14,101578.04,pranuar,E_Vleftesuar,Miratuar,Po,R_Kaloi,2026-08-19,,L72203065K,FURN-000634,mall,30
FAT-0003475,INST-0621-2603475,ANG-0001794,True,NIVF-9761865143,2026-07-09,2026-07-13,707602.96,pranuar,E_Vleftesuar,Miratuar,Po,R_Kaloi,2026-07-21,,K72113010E,FURN-000852,sherbim,30
FAT-0003476,INST-0621-2603476,ANG-0001794,True,NIVF-6876264627,2026-08-28,2026-09-01,362581.51,pranuar,E_Vleftesuar,Miratuar,Po,R_Kaloi,2026-09-05,,K72113010E,FURN-000852,sherbim,30
FAT-0003477,INST-0621-2603477,ANG-0001795,True,NIVF-9183698101,2026-07-14,2026-07-14,16132.51,pranuar,E_Vleftesuar,Miratuar,Po,R_Kaloi,2026-07-19,,L71325019D,FURN-000140,sherbim,30
FAT-0003478,INST-0621-2603478,ANG-0001795,True,NIVF-8020726233,2026-08-15,2026-08-17,71187.35,pranuar,E_Vleftesuar,Miratuar,Po,R_Kaloi,2026-08-25,,L71325019D,FURN-000140,sherbim,30
FAT-0003479,INST-0621-2603479,ANG-0001795,True,NIVF-8968942730,2026-09-10,2026-09-13,112160.14,pranuar,E_Vleftesuar,Miratuar,Po,R_Kaloi,2026-09-18,,L71325019D,FURN-000140,sherbim,30
FAT-0003480,INST-0621-2603480,ANG-0001796,True,NIVF-7415444112,2026-07-13,2026-07-13,144000.0,pranuar,E_Vleftesuar,Miratuar,Po,R_Kaloi,2026-07-21,,M57122701K,FURN-000647,sherbim,30
FAT-0003481,INST-0243-2603481,ANG-0001797,True,NIVF-8851221605,2026-07-07,2026-07-09,155924.34,pranuar,E_Vleftesuar,Miratuar,Po,R_Kaloi,2026-07-16,,L01914003T,FURN-000048,sherbim,30
FAT-0003482,INST-0243-2603482,ANG-0001797,True,NIVF-1638693584,2026-08-24,2026-08-25,45400.66,pranuar,E_Vleftesuar,Miratuar,Po,R_Kaloi,2026-09-01,,L01914003T,FURN-000048,sherbim,30
FAT-0003483,INST-0243-2603483,ANG-0001798,True,NIVF-6810460115,2026-07-04,2026-07-06,164377.63,pranuar,E_Vleftesuar,Miratuar,Po,R_Kaloi,2026-07-14,,J97426216L,FURN-000200,sherbim,30
FAT-0003484,INST-0243-2603484,ANG-0001798,True,NIVF-4224868739,2026-08-01,2026-08-01,139622.37,pranuar,E_Vleftesuar,Miratuar,Po,R_Kaloi,2026-08-04,,J97426216L,FURN-000200,sherbim,30
FAT-0003485,INST-0243-2603485,ANG-0001799,True,NIVF-7029414253,2026-07-11,2026-07-12,10843.95,pranuar,E_Vleftesuar,Miratuar,Po,R_Kaloi,2026-07-20,,K37507919D,FURN-000507,sherbim,30
FAT-0003486,INST-0243-2603486,ANG-0001799,True,NIVF-2712235492,2026-09-03,2026-09-06,925.2,pranuar,E_Vleftesuar,Miratuar,Po,R_Kaloi,2026-09-13,,K37507919D,FURN-000507,sherbim,30
FAT-0003487,INST-0243-2603487,ANG-0001800,True,NIVF-4038576732,2026-07-05,2026-07-05,83100.0,pranuar,E_Vleftesuar,Miratuar,Po,R_Kaloi,2026-07-14,,L96611004A,FURN-000077,sherbim,30
FAT-0003488,INST-0243-2603488,ANG-0001801,True,NIVF-9663451153,2026-07-15,2026-07-18,22147.12,pranuar,E_Vleftesuar,Miratuar,Po,R_Kaloi,2026-07-27,,K37507919D,FURN-000507,sherbim,30
FAT-0003489,INST-0243-2603489,ANG-0001801,True,NIVF-9762874478,2026-08-27,2026-08-30,10099.2,pranuar,E_Vleftesuar,Miratuar,Po,R_Kaloi,2026-09-04,,K37507919D,FURN-000507,sherbim,30
FAT-0003490,INST-0243-2603490,ANG-0001802,True,NIVF-8577029840,2026-07-03,2026-07-05,270000.0,pranuar,E_Vleftesuar,Miratuar,Po,R_Kaloi,2026-07-10,,M41707006H,FURN-000003,sherbim,30
FAT-0003491,INST-0243-2603491,ANG-0001803,True,NIVF-7087871814,2026-07-10,2026-07-13,899990.0,pranuar,E_Vleftesuar,Miratuar,Po,R_Kaloi,2026-07-19,,M19305501L,FURN-000435,sherbim,30
FAT-0003492,INST-0243-2603492,ANG-0001804,True,NIVF-3894387370,2026-07-14,2026-07-16,0.0,pranuar,E_Vleftesuar,Miratuar,Po,R_Kaloi,2026-07-22,,,,sherbim,30
FAT-0003493,INST-0243-2603493,ANG-0001805,True,NIVF-1803726225,2026-07-08,2026-07-09,1194640.59,pranuar,E_Vleftesuar,Miratuar,Po,R_Kaloi,2026-07-13,,M41406021N,FURN-000445,sherbim,30
FAT-0003494,INST-0243-2603494,ANG-0001805,True,NIVF-1383514580,2026-08-25,2026-08-29,15359.41,refuzuar,Kerkon_Rivleftesim,Refuzuar,Jo,,2026-09-02,Mungesë dokumentacioni mbështetës,M41406021N,FURN-000445,sherbim,30
FAT-0003495,INST-0243-2603495,ANG-0001806,True,NIVF-1298305287,2026-07-01,2026-07-04,75625.0,refuzuar,Kerkon_Rivleftesim,Refuzuar,Jo,,2026-07-06,Mospërputhje me kontratën,L01314031G,FURN-000515,sherbim,30
FAT-0003496,INST-0243-2603496,ANG-0001806,True,NIVF-6030853358,2026-08-25,2026-08-27,1123585.0,pranuar,E_Vleftesuar,Miratuar,Po,R_Kaloi,2026-08-31,,L01314031G,FURN-000515,sherbim,30
FAT-0003497,INST-0243-2603497,ANG-0001807,True,NIVF-7567511181,2026-07-05,2026-07-07,11186017.07,pranuar,E_Vleftesuar,Miratuar,Po,R_Kaloi,2026-07-14,,L97522901O,FURN-001938,sherbim,30
FAT-0003498,INST-0243-2603498,ANG-0001807,True,NIVF-9673571644,2026-07-25,2026-07-25,11757932.93,pranuar,E_Vleftesuar,Miratuar,Po,R_Kaloi,2026-08-01,,L97522901O,FURN-001938,sherbim,30
FAT-0003499,INST-0243-2603499,ANG-0001808,True,NIVF-6307686211,2026-07-07,2026-07-08,201320.0,pranuar,E_Vleftesuar,Miratuar,Po,R_Kaloi,2026-07-11,,L64425401K,FURN-000086,sherbim,30
FAT-0003500,INST-0134-2603500,ANG-0001809,True,NIVF-5793663870,2026-07-12,2026-07-16,43756.54,pranuar,E_Vleftesuar,Miratuar,Po,R_Kaloi,2026-07-18,,M46915401B,FURN-000825,pune,30
FAT-0003501,INST-0134-2603501,ANG-0001809,True,NIVF-1934207100,2026-08-12,2026-08-16,276443.79,pranuar,E_Vleftesuar,Miratuar,Po,R_Kaloi,2026-08-18,,M46915401B,FURN-000825,pune,30
FAT-0003502,INST-0655-2603502,ANG-0001810,True,NIVF-6279235801,2026-07-07,2026-07-10,17831.92,pranuar,E_Vleftesuar,Miratuar,Po,R_Kaloi,2026-07-14,,K32203002I,FURN-000492,mall,30
FAT-0003503,INST-0655-2603503,ANG-0001810,True,NIVF-9364293307,2026-08-16,2026-08-18,20218.68,pranuar,E_Vleftesuar,Miratuar,Po,R_Kaloi,2026-08-21,,K32203002I,FURN-000492,mall,30
FAT-0003504,INST-0148-2603504,ANG-0001811,True,NIVF-6074936760,2026-07-09,2026-07-11,255628.68,refuzuar,Kerkon_Rivleftesim,Refuzuar,Jo,,2026-07-19,Gabim në shumën e faturuar,K21622001M,FURN-000851,sherbim,30
FAT-0003505,INST-0148-2603505,ANG-0001811,True,NIVF-9217918482,2026-08-23,2026-08-23,1030927.17,pranuar,E_Vleftesuar,Miratuar,Po,R_Kaloi,2026-08-27,,K21622001M,FURN-000851,sherbim,30
FAT-0003506,INST-0141-2603506,ANG-0001812,True,NIVF-8322119293,2026-07-02,2026-07-02,22416.41,pranuar,E_Vleftesuar,Miratuar,Po,R_Kaloi,2026-07-10,,L41629009A,FURN-000480,mall,30
FAT-0003507,INST-0141-2603507,ANG-0001812,True,NIVF-6175222112,2026-08-01,2026-08-05,82559.04,pranuar,E_Vleftesuar,Miratuar,Po,R_Kaloi,2026-08-11,,L41629009A,FURN-000480,mall,30
FAT-0003508,INST-0141-2603508,ANG-0001813,True,NIVF-6255982414,2026-07-13,2026-07-17,476000.0,pranuar,E_Vleftesuar,Miratuar,Po,R_Kaloi,2026-07-21,,M46915401B,FURN-000825,mall,30
FAT-0003509,INST-0141-2603509,ANG-0001814,True,NIVF-7270283520,2026-07-06,2026-07-10,118422.08,refuzuar,Kerkon_Rivleftesim,Refuzuar,Jo,,2026-07-11,Mospërputhje me kontratën,L87201401H,FURN-000428,mall,30
FAT-0003510,INST-0141-2603510,ANG-0001814,True,NIVF-9398941662,2026-08-27,2026-08-30,431577.92,pranuar,E_Vleftesuar,Miratuar,Po,R_Kaloi,2026-09-08,,L87201401H,FURN-000428,mall,30
FAT-0003511,INST-0621-2603511,ANG-0001815,True,NIVF-2476186348,2026-07-15,2026-07-17,220583.87,pranuar,E_Vleftesuar,Miratuar,Po,R_Kaloi,2026-07-19,,L47228701S,FURN-001215,mall,30
FAT-0003512,INST-0621-2603512,ANG-0001815,True,NIVF-9858152461,2026-08-05,2026-08-06,115629.09,pranuar,E_Vleftesuar,Miratuar,Po,R_Kaloi,2026-08-15,,L47228701S,FURN-001215,mall,30
FAT-0003513,INST-0148-2603513,ANG-0001816,True,NIVF-9460462514,2026-07-06,2026-07-10,37800.0,pranuar,E_Vleftesuar,Miratuar,Po,R_Kaloi,2026-07-14,,M43520402Q,FURN-001882,pune,30
FAT-0003514,INST-0641-2603514,ANG-0001817,True,NIVF-5288998811,2026-07-11,2026-07-14,67690.1,pranuar,E_Vleftesuar,Miratuar,Po,R_Kaloi,2026-07-15,,L12107043O,FURN-000120,pune,30
FAT-0003515,INST-0641-2603515,ANG-0001817,True,NIVF-1998033810,2026-08-18,2026-08-19,31527.9,pranuar,E_Vleftesuar,Miratuar,Po,R_Kaloi,2026-08-24,,L12107043O,FURN-000120,pune,30
FAT-0003516,INST-0454-2603516,ANG-0001818,True,NIVF-7236392293,2026-07-03,2026-07-03,172400.0,pranuar,E_Vleftesuar,Miratuar,Po,R_Kaloi,2026-07-09,,J91419001U,FURN-000218,mall,30
FAT-0003517,INST-0057-2603517,ANG-0001819,True,NIVF-6172059704,2026-07-18,2026-07-22,59076.65,pranuar,E_Vleftesuar,Miratuar,Po,R_Kaloi,2026-07-28,,L51526010J,FURN-000441,sherbim,30
FAT-0003518,INST-0057-2603518,ANG-0001819,True,NIVF-2916481990,2026-08-25,2026-08-25,22123.35,pranuar,E_Vleftesuar,Miratuar,Po,R_Kaloi,2026-09-03,,L51526010J,FURN-000441,sherbim,30
FAT-0003519,INST-0621-2603519,ANG-0001820,True,NIVF-8229106959,2026-07-09,2026-07-11,249996.0,pranuar,E_Vleftesuar,Miratuar,Po,R_Kaloi,2026-07-13,,M17211205C,FURN-001184,sherbim,30
FAT-0003520,INST-0142-2603520,ANG-0001821,True,NIVF-3526085920,2026-07-13,2026-07-17,85256.12,pranuar,E_Vleftesuar,Miratuar,Po,R_Kaloi,2026-07-22,,L62102007V,FURN-000058,mall,30
FAT-0003521,INST-0142-2603521,ANG-0001821,True,NIVF-8306697518,2026-08-26,2026-08-29,71466.72,pranuar,E_Vleftesuar,Miratuar,Po,R_Kaloi,2026-09-07,,L62102007V,FURN-000058,mall,30
FAT-0003522,INST-0159-2603522,ANG-0001822,True,NIVF-5176497459,2026-07-16,2026-07-17,82.86,pranuar,E_Vleftesuar,Miratuar,Po,R_Kaloi,2026-07-25,,K31803032W,FURN-000789,pune,30
FAT-0003523,INST-0159-2603523,ANG-0001822,True,NIVF-1373009520,2026-09-13,2026-09-13,16.93,pranuar,E_Vleftesuar,Miratuar,Po,R_Kaloi,2026-09-18,,K31803032W,FURN-000789,pune,30
FAT-0003524,INST-0121-2603524,ANG-0001823,True,NIVF-5365562117,2026-07-14,2026-07-14,82994.0,pranuar,E_Vleftesuar,Miratuar,Po,R_Kaloi,2026-07-20,,K81607050Q,FURN-000249,mall,30
FAT-0003525,INST-0957-2603525,ANG-0001824,True,NIVF-6848112383,2026-07-10,2026-07-14,98510.0,pranuar,E_Vleftesuar,Miratuar,Po,R_Kaloi,2026-07-16,,M23602001K,FURN-000288,sherbim,30
FAT-0003526,INST-0957-2603526,ANG-0001825,True,NIVF-6297039115,2026-07-05,2026-07-05,468257.1,pranuar,E_Vleftesuar,Miratuar,Po,R_Kaloi,2026-07-09,,K76926201W,FURN-000292,sherbim,30
FAT-0003527,INST-0957-2603527,ANG-0001825,True,NIVF-8697116999,2026-08-30,2026-08-31,43514.23,pranuar,E_Vleftesuar,Miratuar,Po,R_Kaloi,2026-09-08,,K76926201W,FURN-000292,sherbim,30
FAT-0003528,INST-0621-2603528,ANG-0001826,True,NIVF-4730795716,2026-07-09,2026-07-10,520235.93,pranuar,E_Vleftesuar,Miratuar,Po,R_Kaloi,2026-07-14,,M22421024U,FURN-000060,mall,30
FAT-0003529,INST-0621-2603529,ANG-0001826,True,NIVF-1595444453,2026-08-31,2026-09-03,71194.91,pranuar,E_Vleftesuar,Miratuar,Po,R_Kaloi,2026-09-05,,M22421024U,FURN-000060,mall,30
FAT-0003530,INST-0621-2603530,ANG-0001827,True,NIVF-6272471262,2026-07-06,2026-07-06,65775.72,refuzuar,Kerkon_Rivleftesim,Refuzuar,Jo,,2026-07-08,Gabim në shumën e faturuar,L81722022V,FURN-000675,mall,30
FAT-0003531,INST-0621-2603531,ANG-0001827,True,NIVF-9533987302,2026-07-26,2026-07-27,23275.06,pranuar,E_Vleftesuar,Miratuar,Po,R_Kaloi,2026-07-31,,L81722022V,FURN-000675,mall,30
FAT-0003532,INST-0621-2603532,ANG-0001828,True,NIVF-3036438665,2026-07-10,2026-07-13,29193.78,pranuar,E_Vleftesuar,Miratuar,Po,R_Kaloi,2026-07-19,,K21912001R,FURN-000018,mall,30
FAT-0003533,INST-0621-2603533,ANG-0001828,True,NIVF-8507674973,2026-09-04,2026-09-06,25166.22,pranuar,E_Vleftesuar,Miratuar,Po,R_Kaloi,2026-09-07,,K21912001R,FURN-000018,mall,30
FAT-0003534,INST-0570-2603534,ANG-0001829,True,NIVF-2748178367,2026-07-17,2026-07-18,393010.26,pranuar,E_Vleftesuar,Miratuar,Po,R_Kaloi,2026-07-21,,L21809501H,FURN-000545,pune,30
FAT-0003535,INST-0570-2603535,ANG-0001829,True,NIVF-5069029789,2026-09-09,2026-09-10,1158855.74,pranuar,E_Vleftesuar,Miratuar,Po,R_Kaloi,2026-09-11,,L21809501H,FURN-000545,pune,30
FAT-0003536,INST-0134-2603536,ANG-0001830,True,NIVF-9343726368,2026-07-05,2026-07-06,273264.97,pranuar,E_Vleftesuar,Miratuar,Po,R_Kaloi,2026-07-08,,M11307042L,FURN-000419,pune,30
FAT-0003537,INST-0134-2603537,ANG-0001830,True,NIVF-9902707098,2026-08-07,2026-08-09,39735.03,pranuar,E_Vleftesuar,Miratuar,Po,R_Kaloi,2026-08-10,,M11307042L,FURN-000419,pune,30
FAT-0003538,INST-0172-2603538,ANG-0001831,True,NIVF-7871886587,2026-07-16,2026-07-19,323000.0,pranuar,E_Vleftesuar,Miratuar,Po,R_Kaloi,2026-07-24,,L31714005J,FURN-000114,sherbim,30
FAT-0003539,INST-0118-2603539,ANG-0001832,True,NIVF-4562753782,2026-07-09,2026-07-13,130085.3,pranuar,E_Vleftesuar,Miratuar,Po,R_Kaloi,2026-07-18,,L72429007F,FURN-001398,pune,30
FAT-0003540,INST-0118-2603540,ANG-0001832,True,NIVF-5296852889,2026-08-01,2026-08-05,258451.61,pranuar,E_Vleftesuar,Miratuar,Po,R_Kaloi,2026-08-09,,L72429007F,FURN-001398,pune,30
FAT-0003541,INST-0118-2603541,ANG-0001832,True,NIVF-8001427426,2026-08-25,2026-08-28,380463.09,pranuar,E_Vleftesuar,Miratuar,Po,R_Kaloi,2026-09-03,,L72429007F,FURN-001398,pune,30
FAT-0003542,INST-0453-2603542,ANG-0001833,True,NIVF-3156881691,2026-07-14,2026-07-16,10845.16,pranuar,E_Vleftesuar,Miratuar,Po,R_Kaloi,2026-07-21,,K62320012O,FURN-000162,pune,30
FAT-0003543,INST-0453-2603543,ANG-0001833,True,NIVF-3291065859,2026-08-27,2026-08-30,12654.84,pranuar,E_Vleftesuar,Miratuar,Po,R_Kaloi,2026-09-07,,K62320012O,FURN-000162,pune,30
FAT-0003544,INST-0621-2603544,ANG-0001834,True,NIVF-4517462386,2026-07-04,2026-07-06,14408.62,pranuar,E_Vleftesuar,Miratuar,Po,R_Kaloi,2026-07-08,,J76705047U,FURN-000210,pune,30
FAT-0003545,INST-0621-2603545,ANG-0001834,True,NIVF-8842254842,2026-08-07,2026-08-07,22106.61,pranuar,E_Vleftesuar,Miratuar,Po,R_Kaloi,2026-08-10,,J76705047U,FURN-000210,pune,30
FAT-0003546,INST-0621-2603546,ANG-0001834,True,NIVF-9482273377,2026-09-07,2026-09-10,63484.77,pranuar,E_Vleftesuar,Miratuar,Po,R_Kaloi,2026-09-11,,J76705047U,FURN-000210,pune,30
FAT-0003547,INST-1005-2603547,ANG-0001835,True,NIVF-5863158627,2026-07-15,2026-07-19,276422.25,pranuar,E_Vleftesuar,Miratuar,Po,R_Kaloi,2026-07-20,,K72417006F,FURN-001869,mall,30
FAT-0003548,INST-1005-2603548,ANG-0001835,True,NIVF-1042177664,2026-08-24,2026-08-24,244363.43,pranuar,E_Vleftesuar,Miratuar,Po,R_Kaloi,2026-09-01,,K72417006F,FURN-001869,mall,30
FAT-0003549,INST-0454-2603549,ANG-0001836,True,NIVF-4172054215,2026-07-08,2026-07-10,58368.81,pranuar,E_Vleftesuar,Miratuar,Po,R_Kaloi,2026-07-13,,L01314031G,FURN-000515,sherbim,30
FAT-0003550,INST-0454-2603550,ANG-0001836,True,NIVF-1431359520,2026-08-10,2026-08-13,559931.19,pranuar,E_Vleftesuar,Miratuar,Po,R_Kaloi,2026-08-19,,L01314031G,FURN-000515,sherbim,30
FAT-0003551,INST-0087-2603551,ANG-0001837,True,NIVF-9748625148,2026-07-05,2026-07-05,49296.84,pranuar,E_Vleftesuar,Miratuar,Po,R_Kaloi,2026-07-06,,J62426002Q,FURN-000236,mall,30
FAT-0003552,INST-0087-2603552,ANG-0001837,True,NIVF-2559315995,2026-08-01,2026-08-02,98823.46,pranuar,E_Vleftesuar,Miratuar,Po,R_Kaloi,2026-08-03,,J62426002Q,FURN-000236,mall,30
FAT-0003553,INST-0087-2603553,ANG-0001837,True,NIVF-8300689564,2026-09-07,2026-09-07,96879.71,pranuar,E_Vleftesuar,Miratuar,Po,R_Kaloi,2026-09-08,,J62426002Q,FURN-000236,mall,30
FAT-0003554,INST-0424-2603554,ANG-0001838,True,NIVF-9670344993,2026-07-16,2026-07-16,4485129.64,pranuar,E_Vleftesuar,Miratuar,Po,R_Kaloi,2026-07-22,,K31520054N,FURN-000117,pune,30
FAT-0003555,INST-0424-2603555,ANG-0001838,True,NIVF-8247259760,2026-08-25,2026-08-27,4743970.36,pranuar,E_Vleftesuar,Miratuar,Po,R_Kaloi,2026-09-02,,K31520054N,FURN-000117,pune,30
FAT-0003556,INST-1035-2603556,ANG-0001839,True,NIVF-9264742367,2026-07-16,2026-07-19,127654.99,pranuar,E_Vleftesuar,Miratuar,Po,R_Kaloi,2026-07-21,,M32407021T,FURN-000297,mall,30
FAT-0003557,INST-1035-2603557,ANG-0001839,True,NIVF-4124292121,2026-08-24,2026-08-28,280335.01,pranuar,E_Vleftesuar,Miratuar,Po,R_Kaloi,2026-08-31,,M32407021T,FURN-000297,mall,30
FAT-0003558,INST-0424-2603558,ANG-0001840,True,NIVF-6115266807,2026-07-19,2026-07-23,181204.45,refuzuar,Kerkon_Rivleftesim,Refuzuar,Jo,,2026-07-25,Fiskalizim i pavlefshëm,L58310206N,FURN-001864,pune,30
FAT-0003559,INST-0424-2603559,ANG-0001840,True,NIVF-5718106949,2026-09-15,2026-09-18,320758.23,pranuar,E_Vleftesuar,Miratuar,Po,R_Kaloi,2026-09-18,,L58310206N,FURN-001864,pune,30
FAT-0003560,INST-0621-2603560,ANG-0001841,True,NIVF-9564068850,2026-07-10,2026-07-14,74946.18,refuzuar,Kerkon_Rivleftesim,Refuzuar,Jo,,2026-07-23,Mospërputhje me kontratën,J98009202P,FURN-000079,mall,30
FAT-0003561,INST-0621-2603561,ANG-0001841,True,NIVF-7818169111,2026-08-29,2026-08-29,49222.84,pranuar,E_Vleftesuar,Miratuar,Po,R_Kaloi,2026-08-30,,J98009202P,FURN-000079,mall,30
FAT-0003562,INST-0621-2603562,ANG-0001842,True,NIVF-1856058718,2026-07-14,2026-07-15,34006.29,pranuar,E_Vleftesuar,Miratuar,Po,R_Kaloi,2026-07-20,,J61820021C,FURN-000049,mall,30
FAT-0003563,INST-0621-2603563,ANG-0001842,True,NIVF-6823197461,2026-09-04,2026-09-04,144516.69,refuzuar,Kerkon_Rivleftesim,Refuzuar,Jo,,2026-09-09,Mospërputhje me kontratën,J61820021C,FURN-000049,mall,30
FAT-0003564,INST-0172-2603564,ANG-0001843,True,NIVF-2043667157,2026-07-17,2026-07-20,67500.0,pranuar,E_Vleftesuar,Miratuar,Po,R_Kaloi,2026-07-25,,K82717204L,FURN-000747,pune,30
FAT-0003565,INST-0136-2603565,ANG-0001844,True,NIVF-9394060011,2026-07-10,2026-07-13,101101.45,pranuar,E_Vleftesuar,Miratuar,Po,R_Kaloi,2026-07-21,,J62426002Q,FURN-000236,sherbim,30
FAT-0003566,INST-0136-2603566,ANG-0001844,True,NIVF-9736077085,2026-08-19,2026-08-22,148.27,pranuar,E_Vleftesuar,Miratuar,Po,R_Kaloi,2026-08-27,,J62426002Q,FURN-000236,sherbim,30
FAT-0003567,INST-1007-2603567,ANG-0001845,True,NIVF-5332389201,2026-07-13,2026-07-15,208333.0,pranuar,E_Vleftesuar,Miratuar,Po,R_Kaloi,2026-07-21,,J62426002Q,FURN-000236,sherbim,30
FAT-0003568,INST-0099-2603568,ANG-0001846,True,NIVF-7923233595,2026-07-14,2026-07-18,50816.82,pranuar,E_Vleftesuar,Miratuar,Po,R_Kaloi,2026-07-23,,L61608005C,FURN-000451,sherbim,30
FAT-0003569,INST-0099-2603569,ANG-0001846,True,NIVF-1987712897,2026-09-06,2026-09-09,30631.24,pranuar,E_Vleftesuar,Miratuar,Po,R_Kaloi,2026-09-12,,L61608005C,FURN-000451,sherbim,30
FAT-0003570,INST-0172-2603570,ANG-0001847,True,NIVF-8492273066,2026-07-11,2026-07-14,98661.3,refuzuar,Kerkon_Rivleftesim,Refuzuar,Jo,,2026-07-21,Fiskalizim i pavlefshëm,L21420002F,FURN-001524,sherbim,30
FAT-0003571,INST-0172-2603571,ANG-0001847,True,NIVF-2954194748,2026-08-11,2026-08-14,102179.65,pranuar,E_Vleftesuar,Miratuar,Po,R_Kaloi,2026-08-18,,L21420002F,FURN-001524,sherbim,30
FAT-0003572,INST-0172-2603572,ANG-0001848,True,NIVF-6237664882,2026-07-12,2026-07-15,15799.88,pranuar,E_Vleftesuar,Miratuar,Po,R_Kaloi,2026-07-20,,L32622601G,FURN-001679,sherbim,30
FAT-0003573,INST-0172-2603573,ANG-0001848,True,NIVF-1783720365,2026-08-10,2026-08-11,65543.73,pranuar,E_Vleftesuar,Miratuar,Po,R_Kaloi,2026-08-12,,L32622601G,FURN-001679,sherbim,30
FAT-0003574,INST-0172-2603574,ANG-0001848,True,NIVF-8570005242,2026-09-07,2026-09-09,10656.39,pranuar,E_Vleftesuar,Miratuar,Po,R_Kaloi,2026-09-18,,L32622601G,FURN-001679,sherbim,30
FAT-0003575,INST-0098-2603575,ANG-0001849,True,NIVF-6707359896,2026-07-07,2026-07-09,34041.35,pranuar,E_Vleftesuar,Miratuar,Po,R_Kaloi,2026-07-11,,K72210003J,FURN-000173,mall,30
FAT-0003576,INST-0098-2603576,ANG-0001849,True,NIVF-3046865696,2026-08-11,2026-08-14,14103.04,pranuar,E_Vleftesuar,Miratuar,Po,R_Kaloi,2026-08-17,,K72210003J,FURN-000173,mall,30
FAT-0003577,INST-0172-2603577,ANG-0001850,True,NIVF-7690735528,2026-07-20,2026-07-24,680000.0,refuzuar,Kerkon_Rivleftesim,Refuzuar,Jo,,2026-07-26,Mospërputhje me kontratën,L98722401P,FURN-001223,sherbim,30
FAT-0003578,INST-0172-2603578,ANG-0001851,True,NIVF-7319010295,2026-07-07,2026-07-07,14616.84,pranuar,E_Vleftesuar,Miratuar,Po,R_Kaloi,2026-07-11,,L67321201E,FURN-001732,sherbim,30
FAT-0003579,INST-0172-2603579,ANG-0001851,True,NIVF-4233555302,2026-08-10,2026-08-14,450383.16,pranuar,E_Vleftesuar,Miratuar,Po,R_Kaloi,2026-08-22,,L67321201E,FURN-001732,sherbim,30
FAT-0003580,INST-0172-2603580,ANG-0001852,True,NIVF-7164818440,2026-07-09,2026-07-11,167686.15,pranuar,E_Vleftesuar,Miratuar,Po,R_Kaloi,2026-07-17,,L64704601S,FURN-000261,pune,30
FAT-0003581,INST-0172-2603581,ANG-0001852,True,NIVF-5913641317,2026-08-20,2026-08-24,715713.85,pranuar,E_Vleftesuar,Miratuar,Po,R_Kaloi,2026-08-30,,L64704601S,FURN-000261,pune,30
FAT-0003582,INST-0167-2603582,ANG-0001853,True,NIVF-9443261156,2026-07-18,2026-07-21,857159.04,pranuar,E_Vleftesuar,Miratuar,Po,R_Kaloi,2026-07-22,,J71315004T,FURN-001108,mall,30
FAT-0003583,INST-0167-2603583,ANG-0001853,True,NIVF-3912607251,2026-08-18,2026-08-20,73599.23,pranuar,E_Vleftesuar,Miratuar,Po,R_Kaloi,2026-08-26,,J71315004T,FURN-001108,mall,30
FAT-0003584,INST-0621-2603584,ANG-0001854,True,NIVF-1972180967,2026-07-14,2026-07-18,361332.0,pranuar,E_Vleftesuar,Miratuar,Po,R_Kaloi,2026-07-24,,J91419001U,FURN-000218,sherbim,30
FAT-0003585,INST-0121-2603585,ANG-0001855,True,NIVF-3040985704,2026-07-17,2026-07-21,416970.0,pranuar,E_Vleftesuar,Miratuar,Po,R_Kaloi,2026-07-28,,J62009007F,FURN-000385,mall,30
FAT-0003586,INST-0561-2603586,ANG-0001856,True,NIVF-5323980139,2026-07-16,2026-07-17,23201.59,pranuar,E_Vleftesuar,Miratuar,Po,R_Kaloi,2026-07-22,,L63712606E,FURN-000748,mall,30
FAT-0003587,INST-0561-2603587,ANG-0001856,True,NIVF-5300503444,2026-08-12,2026-08-15,18465.08,pranuar,E_Vleftesuar,Miratuar,Po,R_Kaloi,2026-08-23,,L63712606E,FURN-000748,mall,30
FAT-0003588,INST-0591-2603588,ANG-0001857,True,NIVF-5751655171,2026-07-10,2026-07-12,33840.58,pranuar,E_Vleftesuar,Miratuar,Po,R_Kaloi,2026-07-20,,K01403504J,FURN-000836,pune,30
FAT-0003589,INST-0591-2603589,ANG-0001857,True,NIVF-7497287115,2026-09-03,2026-09-06,199460.15,refuzuar,Kerkon_Rivleftesim,Refuzuar,Jo,,2026-09-14,Gabim në shumën e faturuar,K01403504J,FURN-000836,pune,30
FAT-0003590,INST-1005-2603590,ANG-0001858,True,NIVF-7837937155,2026-07-16,2026-07-17,236000.0,pranuar,E_Vleftesuar,Miratuar,Po,R_Kaloi,2026-07-19,,L32622601G,FURN-001679,mall,30
FAT-0003591,INST-1016-2603591,ANG-0001859,True,NIVF-5939918372,2026-07-16,2026-07-19,1859700.0,refuzuar,Kerkon_Rivleftesim,Refuzuar,Jo,,2026-07-24,Gabim në shumën e faturuar,L12407012R,FURN-000579,mall,30
FAT-0003592,INST-0456-2603592,ANG-0001860,True,NIVF-8313569431,2026-07-12,2026-07-13,195000.0,pranuar,E_Vleftesuar,Miratuar,Po,R_Kaloi,2026-07-19,,J61905015B,FURN-000366,sherbim,30
FAT-0003593,INST-0057-2603593,ANG-0001861,True,NIVF-9044157765,2026-07-11,2026-07-11,50417.6,refuzuar,Kerkon_Rivleftesim,Refuzuar,Jo,,2026-07-14,Fiskalizim i pavlefshëm,L32314016O,FURN-000653,mall,30
FAT-0003594,INST-0057-2603594,ANG-0001861,True,NIVF-9066934639,2026-08-07,2026-08-07,29.55,pranuar,E_Vleftesuar,Miratuar,Po,R_Kaloi,2026-08-12,,L32314016O,FURN-000653,mall,30
FAT-0003595,INST-0057-2603595,ANG-0001861,True,NIVF-8385094852,2026-09-08,2026-09-11,49552.85,pranuar,E_Vleftesuar,Miratuar,Po,R_Kaloi,2026-09-16,,L32314016O,FURN-000653,mall,30
FAT-0003596,INST-0098-2603596,ANG-0001862,True,NIVF-7780525727,2026-07-19,2026-07-23,632000.0,pranuar,E_Vleftesuar,Miratuar,Po,R_Kaloi,2026-07-29,,K11807008V,FURN-000073,sherbim,30
FAT-0003597,INST-0173-2603597,ANG-0001863,True,NIVF-4462500909,2026-07-20,2026-07-20,1042800.0,pranuar,E_Vleftesuar,Miratuar,Po,R_Kaloi,2026-07-28,,K97730102T,FURN-001010,mall,30
FAT-0003598,INST-0274-2603598,ANG-0001864,True,NIVF-4326861117,2026-07-07,2026-07-07,252309.07,pranuar,E_Vleftesuar,Miratuar,Po,R_Kaloi,2026-07-16,,L54424205B,FURN-000844,sherbim,30
FAT-0003599,INST-0274-2603599,ANG-0001864,True,NIVF-3215314705,2026-08-20,2026-08-20,118627.16,pranuar,E_Vleftesuar,Miratuar,Po,R_Kaloi,2026-08-24,,L54424205B,FURN-000844,sherbim,30
FAT-0003600,INST-0915-2603600,ANG-0001865,True,NIVF-4500816572,2026-07-08,2026-07-12,20330.8,pranuar,E_Vleftesuar,Miratuar,Po,R_Kaloi,2026-07-19,,K21521009W,FURN-000461,mall,30
FAT-0003601,INST-0915-2603601,ANG-0001865,True,NIVF-1106964576,2026-08-01,2026-08-03,37651.33,pranuar,E_Vleftesuar,Miratuar,Po,R_Kaloi,2026-08-04,,K21521009W,FURN-000461,mall,30
FAT-0003602,INST-0915-2603602,ANG-0001865,True,NIVF-5206695049,2026-08-23,2026-08-24,24367.87,pranuar,E_Vleftesuar,Miratuar,Po,R_Kaloi,2026-08-31,,K21521009W,FURN-000461,mall,30
FAT-0003603,INST-0131-2603603,ANG-0001866,True,NIVF-7451059974,2026-07-19,2026-07-23,55033.33,refuzuar,Kerkon_Rivleftesim,Refuzuar,Jo,,2026-07-31,Fiskalizim i pavlefshëm,L44719002R,FURN-000158,mall,30
FAT-0003604,INST-0169-2603604,ANG-0001867,True,NIVF-5837843202,2026-07-14,2026-07-17,44421.49,pranuar,E_Vleftesuar,Miratuar,Po,R_Kaloi,2026-07-25,,330471699,FURN-000112,pune,30
FAT-0003605,INST-0169-2603605,ANG-0001867,True,NIVF-8521878507,2026-09-06,2026-09-10,30578.51,pranuar,E_Vleftesuar,Miratuar,Po,R_Kaloi,2026-09-16,,330471699,FURN-000112,pune,30
FAT-0003606,INST-0141-2603606,ANG-0001868,True,NIVF-8163302895,2026-07-14,2026-07-14,18182.44,pranuar,E_Vleftesuar,Miratuar,Po,R_Kaloi,2026-07-20,,L51309001L,FURN-000802,sherbim,30
FAT-0003607,INST-0141-2603607,ANG-0001868,True,NIVF-9527441331,2026-08-18,2026-08-20,10559.93,pranuar,E_Vleftesuar,Miratuar,Po,R_Kaloi,2026-08-21,,L51309001L,FURN-000802,sherbim,30
FAT-0003608,INST-0141-2603608,ANG-0001869,True,NIVF-1627922763,2026-07-18,2026-07-21,408151.36,pranuar,E_Vleftesuar,Miratuar,Po,R_Kaloi,2026-07-29,,K22218003V,FURN-001092,sherbim,30
FAT-0003609,INST-0141-2603609,ANG-0001869,True,NIVF-9803828780,2026-08-08,2026-08-09,151848.64,pranuar,E_Vleftesuar,Miratuar,Po,R_Kaloi,2026-08-10,,K22218003V,FURN-001092,sherbim,30
FAT-0003610,INST-0970-2603610,ANG-0001870,True,NIVF-4529216322,2026-07-08,2026-07-11,161134.83,pranuar,E_Vleftesuar,Miratuar,Po,R_Kaloi,2026-07-19,,L92204011T,FURN-000676,sherbim,30
FAT-0003611,INST-0970-2603611,ANG-0001870,True,NIVF-6361499292,2026-08-30,2026-08-31,96221.43,pranuar,E_Vleftesuar,Miratuar,Po,R_Kaloi,2026-09-06,,L92204011T,FURN-000676,sherbim,30
FAT-0003612,INST-0591-2603612,ANG-0001871,True,NIVF-4025723559,2026-07-19,2026-07-22,205050.0,pranuar,E_Vleftesuar,Miratuar,Po,R_Kaloi,2026-07-25,,K61610003S,FURN-001886,mall,30
FAT-0003613,INST-0098-2603613,ANG-0001872,True,NIVF-1754548488,2026-07-14,2026-07-17,99800.0,pranuar,E_Vleftesuar,Miratuar,Po,R_Kaloi,2026-07-25,,M52610204S,FURN-000417,mall,30
FAT-0003614,INST-0129-2603614,ANG-0001873,True,NIVF-9996589677,2026-07-18,2026-07-21,233397.4,pranuar,E_Vleftesuar,Miratuar,Po,R_Kaloi,2026-07-23,,K82015004O,FURN-000478,mall,30
FAT-0003615,INST-0129-2603615,ANG-0001873,True,NIVF-8222053255,2026-08-27,2026-08-30,47453.18,pranuar,E_Vleftesuar,Miratuar,Po,R_Kaloi,2026-09-04,,K82015004O,FURN-000478,mall,30
FAT-0003616,INST-0132-2603616,ANG-0001874,True,NIVF-2047038559,2026-07-09,2026-07-12,336259.69,refuzuar,Kerkon_Rivleftesim,Refuzuar,Jo,,2026-07-19,Mospërputhje me kontratën,K91803020F,FURN-000878,pune,30
FAT-0003617,INST-0132-2603617,ANG-0001874,True,NIVF-1975703294,2026-08-09,2026-08-10,3173679.86,pranuar,E_Vleftesuar,Miratuar,Po,R_Kaloi,2026-08-18,,K91803020F,FURN-000878,pune,30
FAT-0003618,INST-0132-2603618,ANG-0001874,True,NIVF-9378329117,2026-09-10,2026-09-12,3375160.46,pranuar,E_Vleftesuar,Miratuar,Po,R_Kaloi,2026-09-15,,K91803020F,FURN-000878,pune,30
FAT-0003619,INST-0958-2603619,ANG-0001875,True,NIVF-5206352702,2026-07-16,2026-07-16,7109.14,pranuar,E_Vleftesuar,Miratuar,Po,R_Kaloi,2026-07-17,,M51602049J,FURN-000723,sherbim,30
FAT-0003620,INST-0958-2603620,ANG-0001875,True,NIVF-7138646878,2026-09-13,2026-09-14,51533.76,pranuar,E_Vleftesuar,Miratuar,Po,R_Kaloi,2026-09-18,,M51602049J,FURN-000723,sherbim,30
FAT-0003621,INST-0156-2603621,ANG-0001876,True,NIVF-7868697445,2026-07-14,2026-07-18,258661.84,pranuar,E_Vleftesuar,Miratuar,Po,R_Kaloi,2026-07-19,,K31503045V,FURN-000036,mall,30
FAT-0003622,INST-0156-2603622,ANG-0001876,True,NIVF-6618163673,2026-09-05,2026-09-05,36622.48,pranuar,E_Vleftesuar,Miratuar,Po,R_Kaloi,2026-09-07,,K31503045V,FURN-000036,mall,30
FAT-0003623,INST-0124-2603623,ANG-0001877,True,NIVF-1179798740,2026-07-14,2026-07-14,20702.46,pranuar,E_Vleftesuar,Miratuar,Po,R_Kaloi,2026-07-19,,L61704504H,FURN-000570,mall,30
FAT-0003624,INST-0124-2603624,ANG-0001877,True,NIVF-9240654872,2026-09-08,2026-09-11,47632.77,pranuar,E_Vleftesuar,Miratuar,Po,R_Kaloi,2026-09-13,,L61704504H,FURN-000570,mall,30
FAT-0003625,INST-0175-2603625,ANG-0001878,True,NIVF-4383320923,2026-07-11,2026-07-13,97500.0,pranuar,E_Vleftesuar,Miratuar,Po,R_Kaloi,2026-07-17,,M11712001M,FURN-000654,pune,30
FAT-0003626,INST-0124-2603626,ANG-0001879,True,NIVF-5829715771,2026-07-18,2026-07-20,33125.78,pranuar,E_Vleftesuar,Miratuar,Po,R_Kaloi,2026-07-22,,K42611766Q,FURN-000083,mall,30
FAT-0003627,INST-0124-2603627,ANG-0001879,True,NIVF-7748972580,2026-08-24,2026-08-27,47833.2,pranuar,E_Vleftesuar,Miratuar,Po,R_Kaloi,2026-09-01,,K42611766Q,FURN-000083,mall,30
FAT-0003628,INST-0175-2603628,ANG-0001880,True,NIVF-1647036105,2026-07-22,2026-07-24,2801.93,pranuar,E_Vleftesuar,Miratuar,Po,R_Kaloi,2026-07-30,,K51407506E,FURN-000452,pune,30
FAT-0003629,INST-0175-2603629,ANG-0001880,True,NIVF-7804993382,2026-08-30,2026-08-30,21501.82,pranuar,E_Vleftesuar,Miratuar,Po,R_Kaloi,2026-09-03,,K51407506E,FURN-000452,pune,30
FAT-0003630,INST-0338-2603630,ANG-0001881,True,NIVF-9061008970,2026-07-08,2026-07-09,99700.0,pranuar,E_Vleftesuar,Miratuar,Po,R_Kaloi,2026-07-16,,K31802096W,FURN-000607,pune,30
FAT-0003631,INST-0128-2603631,ANG-0001882,True,NIVF-5437404758,2026-07-21,2026-07-22,64623.88,refuzuar,Kerkon_Rivleftesim,Refuzuar,Jo,,2026-07-24,Mospërputhje me kontratën,L12107043O,FURN-000120,mall,30
FAT-0003632,INST-0128-2603632,ANG-0001882,True,NIVF-5993670621,2026-08-10,2026-08-11,110847.15,pranuar,E_Vleftesuar,Miratuar,Po,R_Kaloi,2026-08-15,,L12107043O,FURN-000120,mall,30
FAT-0003633,INST-0126-2603633,ANG-0001883,True,NIVF-8521352389,2026-07-17,2026-07-21,4101.01,pranuar,E_Vleftesuar,Miratuar,Po,R_Kaloi,2026-07-25,,J61817047D,FURN-000143,mall,30
FAT-0003634,INST-0126-2603634,ANG-0001883,True,NIVF-5106578339,2026-08-21,2026-08-21,1211.75,pranuar,E_Vleftesuar,Miratuar,Po,R_Kaloi,2026-08-30,,J61817047D,FURN-000143,mall,30
FAT-0003635,INST-0126-2603635,ANG-0001883,True,NIVF-5281206343,2026-09-13,2026-09-17,687.24,pranuar,E_Vleftesuar,Miratuar,Po,R_Kaloi,2026-09-18,,J61817047D,FURN-000143,mall,30
FAT-0003636,INST-0099-2603636,ANG-0001884,True,NIVF-9810685980,2026-07-15,2026-07-18,339850.0,pranuar,E_Vleftesuar,Miratuar,Po,R_Kaloi,2026-07-22,,L82203011N,FURN-000199,sherbim,30
FAT-0003637,INST-0319-2603637,ANG-0001885,True,NIVF-2626073956,2026-07-11,2026-07-11,150000.0,pranuar,E_Vleftesuar,Miratuar,Po,R_Kaloi,2026-07-18,,M52116034T,FURN-001078,mall,30
FAT-0003638,INST-0235-2603638,ANG-0001886,True,NIVF-1963529719,2026-07-22,2026-07-24,350859.36,pranuar,E_Vleftesuar,Miratuar,Po,R_Kaloi,2026-07-30,,M17305402J,FURN-000280,pune,30
FAT-0003639,INST-0235-2603639,ANG-0001886,True,NIVF-6040010763,2026-09-12,2026-09-15,5140.64,pranuar,E_Vleftesuar,Miratuar,Po,R_Kaloi,2026-09-18,,M17305402J,FURN-000280,pune,30
FAT-0003640,INST-0098-2603640,ANG-0001887,True,NIVF-7736416578,2026-07-18,2026-07-22,386466.89,pranuar,E_Vleftesuar,Miratuar,Po,R_Kaloi,2026-07-26,,J61820021C,FURN-000049,pune,30
FAT-0003641,INST-0098-2603641,ANG-0001887,True,NIVF-1899071819,2026-08-17,2026-08-17,136013.11,pranuar,E_Vleftesuar,Miratuar,Po,R_Kaloi,2026-08-23,,J61820021C,FURN-000049,pune,30
FAT-0003642,INST-0563-2603642,ANG-0001888,True,NIVF-8119683587,2026-07-24,2026-07-28,583953.11,pranuar,E_Vleftesuar,Miratuar,Po,R_Kaloi,2026-08-03,,M02130025Q,FURN-000934,mall,30
FAT-0003643,INST-0563-2603643,ANG-0001888,True,NIVF-3040678059,2026-09-02,2026-09-02,113046.89,pranuar,E_Vleftesuar,Miratuar,Po,R_Kaloi,2026-09-07,,M02130025Q,FURN-000934,mall,30
FAT-0003644,INST-0175-2603644,ANG-0001889,True,NIVF-7724020012,2026-07-25,2026-07-27,153000.0,pranuar,E_Vleftesuar,Miratuar,Po,R_Kaloi,2026-07-30,,L41825004O,FURN-000849,pune,30
FAT-0003645,INST-0968-2603645,ANG-0001890,True,NIVF-2221623406,2026-07-19,2026-07-20,25414.6,refuzuar,Kerkon_Rivleftesim,Refuzuar,Jo,,2026-07-28,Gabim në shumën e faturuar,M11529014H,FURN-000062,sherbim,30
FAT-0003646,INST-0968-2603646,ANG-0001890,True,NIVF-4262489751,2026-08-31,2026-09-02,74585.4,pranuar,E_Vleftesuar,Miratuar,Po,R_Kaloi,2026-09-06,,M11529014H,FURN-000062,sherbim,30
FAT-0003647,INST-0960-2603647,ANG-0001891,True,NIVF-6285090330,2026-07-16,2026-07-18,16401.24,pranuar,E_Vleftesuar,Miratuar,Po,R_Kaloi,2026-07-27,,M21621008T,FURN-000536,sherbim,30
FAT-0003648,INST-0960-2603648,ANG-0001891,True,NIVF-2942761800,2026-08-08,2026-08-08,29103.12,pranuar,E_Vleftesuar,Miratuar,Po,R_Kaloi,2026-08-16,,M21621008T,FURN-000536,sherbim,30
FAT-0003649,INST-0960-2603649,ANG-0001891,True,NIVF-7137631705,2026-08-30,2026-08-31,49499.64,pranuar,E_Vleftesuar,Miratuar,Po,R_Kaloi,2026-09-09,,M21621008T,FURN-000536,sherbim,30
FAT-0003650,INST-0165-2603650,ANG-0001892,True,NIVF-3030984240,2026-07-20,2026-07-23,143000.0,pranuar,E_Vleftesuar,Miratuar,Po,R_Kaloi,2026-07-30,,M42216504H,FURN-000660,pune,30
FAT-0003651,INST-1005-2603651,ANG-0001893,True,NIVF-8513816125,2026-07-12,2026-07-14,408516.01,pranuar,E_Vleftesuar,Miratuar,Po,R_Kaloi,2026-07-19,,M51714016E,FURN-001400,sherbim,30
FAT-0003652,INST-1005-2603652,ANG-0001893,True,NIVF-1255168369,2026-08-21,2026-08-24,317980.48,pranuar,E_Vleftesuar,Miratuar,Po,R_Kaloi,2026-08-28,,M51714016E,FURN-001400,sherbim,30
FAT-0003653,INST-0317-2603653,ANG-0001894,True,NIVF-9403472386,2026-07-15,2026-07-15,250000.0,pranuar,E_Vleftesuar,Miratuar,Po,R_Kaloi,2026-07-21,,K51501001W,FURN-000514,pune,30
FAT-0003654,INST-0424-2603654,ANG-0001895,True,NIVF-7037283624,2026-07-14,2026-07-17,78726.07,pranuar,E_Vleftesuar,Miratuar,Po,R_Kaloi,2026-07-20,,L01314031G,FURN-000515,sherbim,30
FAT-0003655,INST-0424-2603655,ANG-0001895,True,NIVF-3197142350,2026-08-31,2026-08-31,316958.43,pranuar,E_Vleftesuar,Miratuar,Po,R_Kaloi,2026-09-04,,L01314031G,FURN-000515,sherbim,30
FAT-0003656,INST-0057-2603656,ANG-0001896,True,NIVF-2803663174,2026-07-26,2026-07-30,427533.36,pranuar,E_Vleftesuar,Miratuar,Po,R_Kaloi,2026-07-31,,M39230601D,FURN-001813,sherbim,30
FAT-0003657,INST-0057-2603657,ANG-0001896,True,NIVF-8946589911,2026-08-26,2026-08-27,280466.64,pranuar,E_Vleftesuar,Miratuar,Po,R_Kaloi,2026-08-29,,M39230601D,FURN-001813,sherbim,30
FAT-0003658,INST-0128-2603658,ANG-0001897,True,NIVF-6467138091,2026-07-14,2026-07-17,416000.0,pranuar,E_Vleftesuar,Miratuar,Po,R_Kaloi,2026-07-22,,L87812902D,FURN-000960,mall,30
FAT-0003659,INST-0566-2603659,ANG-0001898,True,NIVF-1225010155,2026-07-12,2026-07-12,10964.12,pranuar,E_Vleftesuar,Miratuar,Po,R_Kaloi,2026-07-16,,K87628701K,FURN-001075,mall,30
FAT-0003660,INST-0566-2603660,ANG-0001898,True,NIVF-8269066499,2026-09-05,2026-09-06,10097.12,pranuar,E_Vleftesuar,Miratuar,Po,R_Kaloi,2026-09-15,,K87628701K,FURN-001075,mall,30
FAT-0003661,INST-0920-2603661,ANG-0001899,True,NIVF-3811363621,2026-07-22,2026-07-26,348672.0,pranuar,E_Vleftesuar,Miratuar,Po,R_Kaloi,2026-07-27,,J91809007H,FURN-000028,mall,30
FAT-0003662,INST-0172-2603662,ANG-0001900,True,NIVF-5288762699,2026-07-12,2026-07-13,295453.25,pranuar,E_Vleftesuar,Miratuar,Po,R_Kaloi,2026-07-21,,M41707006H,FURN-000003,pune,30
FAT-0003663,INST-0172-2603663,ANG-0001900,True,NIVF-9986850524,2026-08-30,2026-08-31,491546.75,pranuar,E_Vleftesuar,Miratuar,Po,R_Kaloi,2026-09-01,,M41707006H,FURN-000003,pune,30
FAT-0003664,INST-0136-2603664,ANG-0001901,True,NIVF-4868562890,2026-07-26,2026-07-26,61843.85,pranuar,E_Vleftesuar,Miratuar,Po,R_Kaloi,2026-07-29,,J62903318M,FURN-000617,pune,30
FAT-0003665,INST-0135-2603665,ANG-0001902,True,NIVF-8593096548,2026-07-20,2026-07-22,687626.47,pranuar,E_Vleftesuar,Miratuar,Po,R_Kaloi,2026-07-29,,K31510153H,FURN-000326,mall,30
FAT-0003666,INST-0135-2603666,ANG-0001902,True,NIVF-2570348132,2026-09-13,2026-09-16,257373.53,pranuar,E_Vleftesuar,Miratuar,Po,R_Kaloi,2026-09-18,,K31510153H,FURN-000326,mall,30
FAT-0003667,INST-0424-2603667,ANG-0001903,True,NIVF-6732176373,2026-07-23,2026-07-24,20927.69,pranuar,E_Vleftesuar,Miratuar,Po,R_Kaloi,2026-07-26,,L71417022J,FURN-001438,pune,30
FAT-0003668,INST-0424-2603668,ANG-0001903,True,NIVF-4291422701,2026-08-23,2026-08-26,379072.31,pranuar,E_Vleftesuar,Miratuar,Po,R_Kaloi,2026-08-27,,L71417022J,FURN-001438,pune,30
FAT-0003669,INST-0958-2603669,ANG-0001904,True,NIVF-5869697668,2026-07-15,2026-07-15,213311.95,pranuar,E_Vleftesuar,Miratuar,Po,R_Kaloi,2026-07-20,,M52617004S,FURN-000458,sherbim,30
FAT-0003670,INST-0958-2603670,ANG-0001904,True,NIVF-2068279733,2026-08-14,2026-08-16,513688.05,pranuar,E_Vleftesuar,Miratuar,Po,R_Kaloi,2026-08-17,,M52617004S,FURN-000458,sherbim,30
FAT-0003671,INST-0961-2603671,ANG-0001905,True,NIVF-5483215067,2026-07-21,2026-07-22,319638.42,pranuar,E_Vleftesuar,Miratuar,Po,R_Kaloi,2026-07-27,,M42209031I,FURN-000796,mall,30
FAT-0003672,INST-0961-2603672,ANG-0001905,True,NIVF-8858549055,2026-08-15,2026-08-19,13694.58,pranuar,E_Vleftesuar,Miratuar,Po,R_Kaloi,2026-08-28,,M42209031I,FURN-000796,mall,30
FAT-0003673,INST-0961-2603673,ANG-0001906,True,NIVF-6028569910,2026-07-14,2026-07-14,37076.52,pranuar,E_Vleftesuar,Miratuar,Po,R_Kaloi,2026-07-18,,M21517029S,FURN-000272,mall,30
FAT-0003674,INST-0961-2603674,ANG-0001906,True,NIVF-8141859355,2026-08-20,2026-08-20,20923.48,pranuar,E_Vleftesuar,Miratuar,Po,R_Kaloi,2026-08-23,,M21517029S,FURN-000272,mall,30
FAT-0003675,INST-0961-2603675,ANG-0001907,True,NIVF-4342890649,2026-07-26,2026-07-30,91052.14,pranuar,E_Vleftesuar,Miratuar,Po,R_Kaloi,2026-08-08,,M07108401J,FURN-000064,mall,30
FAT-0003676,INST-0961-2603676,ANG-0001907,True,NIVF-8627101248,2026-09-12,2026-09-14,55120.5,pranuar,E_Vleftesuar,Miratuar,Po,R_Kaloi,2026-09-16,,M07108401J,FURN-000064,mall,30
FAT-0003677,INST-0964-2603677,ANG-0001908,True,NIVF-6965598162,2026-07-24,2026-07-28,12920.0,refuzuar,Kerkon_Rivleftesim,Refuzuar,Jo,,2026-08-03,Fiskalizim i pavlefshëm,M21517029S,FURN-000272,sherbim,30
FAT-0003678,INST-0342-2603678,ANG-0001909,True,NIVF-9072339400,2026-07-26,2026-07-29,8811.67,pranuar,E_Vleftesuar,Miratuar,Po,R_Kaloi,2026-07-30,,K33710769Q,FURN-000020,mall,30
FAT-0003679,INST-0342-2603679,ANG-0001909,True,NIVF-6337690203,2026-08-21,2026-08-21,15550.14,refuzuar,Kerkon_Rivleftesim,Refuzuar,Jo,,2026-08-24,Mospërputhje me kontratën,K33710769Q,FURN-000020,mall,30
FAT-0003680,INST-0342-2603680,ANG-0001909,True,NIVF-5286954552,2026-09-12,2026-09-12,16887.18,pranuar,E_Vleftesuar,Miratuar,Po,R_Kaloi,2026-09-15,,K33710769Q,FURN-000020,mall,30
FAT-0003681,INST-0150-2603681,ANG-0001910,True,NIVF-3873529689,2026-07-16,2026-07-17,43876.64,pranuar,E_Vleftesuar,Miratuar,Po,R_Kaloi,2026-07-26,,M11529014H,FURN-000062,mall,30
FAT-0003682,INST-0150-2603682,ANG-0001910,True,NIVF-5366852136,2026-08-27,2026-08-31,4123.36,pranuar,E_Vleftesuar,Miratuar,Po,R_Kaloi,2026-09-01,,M11529014H,FURN-000062,mall,30
FAT-0003683,INST-0569-2603683,ANG-0001911,True,NIVF-5139269882,2026-07-19,2026-07-20,18873.25,pranuar,E_Vleftesuar,Miratuar,Po,R_Kaloi,2026-07-28,,K11324003F,FURN-000810,mall,30
FAT-0003684,INST-0569-2603684,ANG-0001911,True,NIVF-2249194689,2026-09-11,2026-09-13,916126.75,pranuar,E_Vleftesuar,Miratuar,Po,R_Kaloi,2026-09-18,,K11324003F,FURN-000810,mall,30
FAT-0003685,INST-0124-2603685,ANG-0001912,True,NIVF-6321345649,2026-07-25,2026-07-29,25685.27,pranuar,E_Vleftesuar,Miratuar,Po,R_Kaloi,2026-07-31,,J61905015B,FURN-000366,mall,30
FAT-0003686,INST-0124-2603686,ANG-0001912,True,NIVF-9348321882,2026-09-06,2026-09-06,217229.27,refuzuar,Kerkon_Rivleftesim,Refuzuar,Jo,,2026-09-09,Fiskalizim i pavlefshëm,J61905015B,FURN-000366,mall,30
FAT-0003687,INST-0123-2603687,ANG-0001913,True,NIVF-3026789289,2026-07-23,2026-07-23,63281.42,pranuar,E_Vleftesuar,Miratuar,Po,R_Kaloi,2026-07-27,,K22518401P,FURN-001731,pune,30
FAT-0003688,INST-0123-2603688,ANG-0001913,True,NIVF-1895600706,2026-08-23,2026-08-24,786718.58,pranuar,E_Vleftesuar,Miratuar,Po,R_Kaloi,2026-08-31,,K22518401P,FURN-001731,pune,30
FAT-0003689,INST-0169-2603689,ANG-0001914,True,NIVF-1743016483,2026-07-17,2026-07-18,469900.0,pranuar,E_Vleftesuar,Miratuar,Po,R_Kaloi,2026-07-21,,L76414203K,FURN-000593,pune,30
FAT-0003690,INST-0925-2603690,ANG-0001915,True,NIVF-6871415979,2026-07-20,2026-07-20,366564.76,pranuar,E_Vleftesuar,Miratuar,Po,R_Kaloi,2026-07-25,,L01606034A,FURN-000056,mall,30
FAT-0003691,INST-0925-2603691,ANG-0001915,True,NIVF-1769907293,2026-08-14,2026-08-16,582435.24,pranuar,E_Vleftesuar,Miratuar,Po,R_Kaloi,2026-08-23,,L01606034A,FURN-000056,mall,30
FAT-0003692,INST-0925-2603692,ANG-0001916,True,NIVF-5792101164,2026-07-26,2026-07-26,51000.0,pranuar,E_Vleftesuar,Miratuar,Po,R_Kaloi,2026-07-30,,J64103422D,FURN-000118,mall,30
FAT-0003693,INST-0398-2603693,ANG-0001917,True,NIVF-7260253880,2026-07-20,2026-07-20,95788723.6,pranuar,E_Vleftesuar,Miratuar,Po,R_Kaloi,2026-07-23,,J84003411K,FURN-000563,mall,30
FAT-0003694,INST-0143-2603694,ANG-0001918,True,NIVF-4384950610,2026-07-15,2026-07-15,96000.0,pranuar,E_Vleftesuar,Miratuar,Po,R_Kaloi,2026-07-18,,M67509801K,FURN-000296,mall,30
FAT-0003695,INST-0174-2603695,ANG-0001919,True,NIVF-4276708007,2026-07-16,2026-07-16,264.27,pranuar,E_Vleftesuar,Miratuar,Po,R_Kaloi,2026-07-20,,K21405001N,FURN-000404,pune,30
FAT-0003696,INST-0174-2603696,ANG-0001919,True,NIVF-7623358590,2026-08-23,2026-08-26,10735.73,pranuar,E_Vleftesuar,Miratuar,Po,R_Kaloi,2026-08-28,,K21405001N,FURN-000404,pune,30
FAT-0003697,INST-0174-2603697,ANG-0001920,True,NIVF-8760416294,2026-07-15,2026-07-19,164250.0,pranuar,E_Vleftesuar,Miratuar,Po,R_Kaloi,2026-07-21,,L58309521A,FURN-000540,pune,30
FAT-0003698,INST-1005-2603698,ANG-0001921,True,NIVF-1750516817,2026-07-17,2026-07-17,77907.06,pranuar,E_Vleftesuar,Miratuar,Po,R_Kaloi,2026-07-21,,L92605407J,FURN-000544,mall,30
FAT-0003699,INST-1005-2603699,ANG-0001921,True,NIVF-8835354145,2026-09-08,2026-09-10,5425.94,pranuar,E_Vleftesuar,Miratuar,Po,R_Kaloi,2026-09-18,,L92605407J,FURN-000544,mall,30
FAT-0003700,INST-0157-2603700,ANG-0001922,True,NIVF-9564294349,2026-07-20,2026-07-21,4417.24,pranuar,E_Vleftesuar,Miratuar,Po,R_Kaloi,2026-07-24,,M48716101J,FURN-000466,mall,30
FAT-0003701,INST-0157-2603701,ANG-0001922,True,NIVF-2423908838,2026-08-16,2026-08-18,66326.54,pranuar,E_Vleftesuar,Miratuar,Po,R_Kaloi,2026-08-26,,M48716101J,FURN-000466,mall,30
FAT-0003702,INST-0157-2603702,ANG-0001923,True,NIVF-4181440285,2026-07-14,2026-07-18,4111.67,pranuar,E_Vleftesuar,Miratuar,Po,R_Kaloi,2026-07-26,,K81607050Q,FURN-000249,sherbim,30
FAT-0003703,INST-0157-2603703,ANG-0001923,True,NIVF-8376420210,2026-08-17,2026-08-21,4548.18,pranuar,E_Vleftesuar,Miratuar,Po,R_Kaloi,2026-08-25,,K81607050Q,FURN-000249,sherbim,30
FAT-0003704,INST-0336-2603704,ANG-0001924,True,NIVF-5561469692,2026-07-21,2026-07-25,218674.41,pranuar,E_Vleftesuar,Miratuar,Po,R_Kaloi,2026-07-29,,M51602049J,FURN-000723,sherbim,30
FAT-0003705,INST-0336-2603705,ANG-0001924,True,NIVF-5955675207,2026-09-06,2026-09-10,109793.73,pranuar,E_Vleftesuar,Miratuar,Po,R_Kaloi,2026-09-15,,M51602049J,FURN-000723,sherbim,30
FAT-0003706,INST-0132-2603706,ANG-0001925,True,NIVF-2545745148,2026-07-18,2026-07-19,65327.66,pranuar,E_Vleftesuar,Miratuar,Po,R_Kaloi,2026-07-24,,L01325010Q,FURN-000414,pune,30
FAT-0003707,INST-0132-2603707,ANG-0001925,True,NIVF-3450064711,2026-08-11,2026-08-15,241143.24,pranuar,E_Vleftesuar,Miratuar,Po,R_Kaloi,2026-08-16,,L01325010Q,FURN-000414,pune,30
FAT-0003708,INST-0153-2603708,ANG-0001926,True,NIVF-9028621801,2026-07-26,2026-07-27,5167.04,pranuar,E_Vleftesuar,Miratuar,Po,R_Kaloi,2026-07-30,,L21319037M,FURN-000043,pune,30
FAT-0003709,INST-0153-2603709,ANG-0001926,True,NIVF-9531166929,2026-08-28,2026-08-29,60261.78,pranuar,E_Vleftesuar,Miratuar,Po,R_Kaloi,2026-08-30,,L21319037M,FURN-000043,pune,30
FAT-0003710,INST-0151-2603710,ANG-0001927,True,NIVF-4298123822,2026-07-19,2026-07-22,4800.83,refuzuar,Kerkon_Rivleftesim,Refuzuar,Jo,,2026-07-27,Fiskalizim i pavlefshëm,K91410008J,FURN-000824,pune,30
FAT-0003711,INST-0151-2603711,ANG-0001927,True,NIVF-3927215412,2026-08-20,2026-08-20,273761.28,refuzuar,Kerkon_Rivleftesim,Refuzuar,Jo,,2026-08-29,Fiskalizim i pavlefshëm,K91410008J,FURN-000824,pune,30
FAT-0003712,INST-0134-2603712,ANG-0001928,True,NIVF-5967572191,2026-07-17,2026-07-19,39237.93,pranuar,E_Vleftesuar,Miratuar,Po,R_Kaloi,2026-07-24,,M14828001J,FURN-000039,pune,30
FAT-0003713,INST-0134-2603713,ANG-0001928,True,NIVF-8044177336,2026-08-31,2026-09-01,59962.07,pranuar,E_Vleftesuar,Miratuar,Po,R_Kaloi,2026-09-03,,M14828001J,FURN-000039,pune,30
FAT-0003714,INST-0586-2603714,ANG-0001929,True,NIVF-4203105269,2026-07-27,2026-07-31,166400.0,pranuar,E_Vleftesuar,Miratuar,Po,R_Kaloi,2026-08-06,,J87730202A,FURN-000755,mall,30
FAT-0003715,INST-0586-2603715,ANG-0001930,True,NIVF-2911049065,2026-07-25,2026-07-29,210758.84,pranuar,E_Vleftesuar,Miratuar,Po,R_Kaloi,2026-07-30,,M61418011A,FURN-000754,mall,30
FAT-0003716,INST-0586-2603716,ANG-0001930,True,NIVF-1744639981,2026-08-22,2026-08-22,359637.98,pranuar,E_Vleftesuar,Miratuar,Po,R_Kaloi,2026-08-30,,M61418011A,FURN-000754,mall,30
FAT-0003717,INST-0586-2603717,ANG-0001930,True,NIVF-1903238386,2026-09-11,2026-09-13,110353.18,pranuar,E_Vleftesuar,Miratuar,Po,R_Kaloi,2026-09-18,,M61418011A,FURN-000754,mall,30
FAT-0003718,INST-0968-2603718,ANG-0001931,True,NIVF-8803289230,2026-07-19,2026-07-23,192106.95,pranuar,E_Vleftesuar,Miratuar,Po,R_Kaloi,2026-07-26,,K61516506H,FURN-000388,sherbim,30
FAT-0003719,INST-0968-2603719,ANG-0001931,True,NIVF-9981047157,2026-09-01,2026-09-02,14937.95,pranuar,E_Vleftesuar,Miratuar,Po,R_Kaloi,2026-09-08,,K61516506H,FURN-000388,sherbim,30
FAT-0003720,INST-0404-2603720,ANG-0001932,True,NIVF-2909876744,2026-07-18,2026-07-20,492283.5,pranuar,E_Vleftesuar,Miratuar,Po,R_Kaloi,2026-07-29,,L42103023G,FURN-000752,mall,30
FAT-0003721,INST-0234-2603721,ANG-0001933,True,NIVF-1206393124,2026-07-19,2026-07-20,354216.89,pranuar,E_Vleftesuar,Miratuar,Po,R_Kaloi,2026-07-26,,M32407021T,FURN-000297,pune,30
FAT-0003722,INST-0234-2603722,ANG-0001933,True,NIVF-5368793633,2026-08-20,2026-08-24,55349.61,pranuar,E_Vleftesuar,Miratuar,Po,R_Kaloi,2026-08-27,,M32407021T,FURN-000297,pune,30
FAT-0003723,INST-0099-2603723,ANG-0001934,True,NIVF-9927767275,2026-07-18,2026-07-22,0.0,pranuar,E_Vleftesuar,Miratuar,Po,R_Kaloi,2026-07-25,,,,pune,30
FAT-0003724,INST-0174-2603724,ANG-0001935,True,NIVF-4794193941,2026-07-25,2026-07-26,192299.52,pranuar,E_Vleftesuar,Miratuar,Po,R_Kaloi,2026-08-04,,K41420001V,FURN-000016,pune,30
FAT-0003725,INST-0174-2603725,ANG-0001935,True,NIVF-3464746374,2026-09-02,2026-09-02,710900.48,pranuar,E_Vleftesuar,Miratuar,Po,R_Kaloi,2026-09-10,,K41420001V,FURN-000016,pune,30
FAT-0003726,INST-0957-2603726,ANG-0001936,True,NIVF-9616246770,2026-07-15,2026-07-15,17571.96,pranuar,E_Vleftesuar,Miratuar,Po,R_Kaloi,2026-07-20,,J61825037N,FURN-000548,sherbim,30
FAT-0003727,INST-0957-2603727,ANG-0001936,True,NIVF-9355683096,2026-09-03,2026-09-03,87048.04,pranuar,E_Vleftesuar,Miratuar,Po,R_Kaloi,2026-09-09,,J61825037N,FURN-000548,sherbim,30
FAT-0003728,INST-0915-2603728,ANG-0001937,True,NIVF-1839435154,2026-07-20,2026-07-21,61361.27,pranuar,E_Vleftesuar,Miratuar,Po,R_Kaloi,2026-07-24,,M16402003C,FURN-000356,mall,30
FAT-0003729,INST-0915-2603729,ANG-0001937,True,NIVF-5856029500,2026-08-27,2026-08-27,38638.73,pranuar,E_Vleftesuar,Miratuar,Po,R_Kaloi,2026-09-01,,M16402003C,FURN-000356,mall,30
FAT-0003730,INST-0156-2603730,ANG-0001938,True,NIVF-3818895855,2026-07-22,2026-07-26,10000.0,pranuar,E_Vleftesuar,Miratuar,Po,R_Kaloi,2026-08-01,,K74623801H,FURN-000523,mall,30
FAT-0003731,INST-0156-2603731,ANG-0001939,True,NIVF-9456318091,2026-07-19,2026-07-21,211445.1,pranuar,E_Vleftesuar,Miratuar,Po,R_Kaloi,2026-07-28,,M52617004S,FURN-000458,mall,30
FAT-0003732,INST-0156-2603732,ANG-0001939,True,NIVF-8773260065,2026-08-22,2026-08-25,232554.9,pranuar,E_Vleftesuar,Miratuar,Po,R_Kaloi,2026-08-30,,M52617004S,FURN-000458,mall,30
FAT-0003733,INST-0961-2603733,ANG-0001940,True,NIVF-2942349070,2026-07-26,2026-07-29,1983565.47,pranuar,E_Vleftesuar,Miratuar,Po,R_Kaloi,2026-07-31,,K34225202T,FURN-000738,pune,30
FAT-0003734,INST-0961-2603734,ANG-0001940,True,NIVF-8290436135,2026-09-03,2026-09-03,6476794.51,pranuar,E_Vleftesuar,Miratuar,Po,R_Kaloi,2026-09-07,,K34225202T,FURN-000738,pune,30
FAT-0003735,INST-1007-2603735,ANG-0001941,True,NIVF-7855925551,2026-07-16,2026-07-16,184789.44,pranuar,E_Vleftesuar,Miratuar,Po,R_Kaloi,2026-07-20,,L82203011N,FURN-000199,pune,30
FAT-0003736,INST-1007-2603736,ANG-0001941,True,NIVF-1001479633,2026-08-29,2026-08-31,1135.56,pranuar,E_Vleftesuar,Miratuar,Po,R_Kaloi,2026-09-04,,L82203011N,FURN-000199,pune,30
FAT-0003737,INST-0175-2603737,ANG-0001942,True,NIVF-7061900227,2026-07-26,2026-07-30,41439.59,pranuar,E_Vleftesuar,Miratuar,Po,R_Kaloi,2026-08-03,,L32314016O,FURN-000653,sherbim,30
FAT-0003738,INST-0175-2603738,ANG-0001942,True,NIVF-3035994251,2026-08-30,2026-09-02,1157.09,pranuar,E_Vleftesuar,Miratuar,Po,R_Kaloi,2026-09-10,,L32314016O,FURN-000653,sherbim,30
FAT-0003739,INST-0175-2603739,ANG-0001943,True,NIVF-4444058737,2026-07-16,2026-07-17,250000.0,pranuar,E_Vleftesuar,Miratuar,Po,R_Kaloi,2026-07-20,,L81325026K,FURN-000749,sherbim,30
FAT-0003740,INST-0175-2603740,ANG-0001944,True,NIVF-7973325849,2026-07-19,2026-07-22,166000.0,pranuar,E_Vleftesuar,Miratuar,Po,R_Kaloi,2026-07-23,,K01515004T,FURN-000390,sherbim,30
FAT-0003741,INST-0332-2603741,ANG-0001945,True,NIVF-4229686701,2026-07-16,2026-07-20,3740000.0,refuzuar,Kerkon_Rivleftesim,Refuzuar,Jo,,2026-07-23,Fiskalizim i pavlefshëm,K22013001U,FURN-000965,mall,30
FAT-0003742,INST-0136-2603742,ANG-0001946,True,NIVF-6293531330,2026-07-21,2026-07-23,15074.25,pranuar,E_Vleftesuar,Miratuar,Po,R_Kaloi,2026-07-27,,K31503045V,FURN-000036,pune,30
FAT-0003743,INST-0136-2603743,ANG-0001946,True,NIVF-4447264679,2026-09-08,2026-09-10,7545.29,pranuar,E_Vleftesuar,Miratuar,Po,R_Kaloi,2026-09-14,,K31503045V,FURN-000036,pune,30
FAT-0003744,INST-0970-2603744,ANG-0001947,True,NIVF-7390760448,2026-07-27,2026-07-30,296884.0,pranuar,E_Vleftesuar,Miratuar,Po,R_Kaloi,2026-08-01,,L32403002P,FURN-000123,sherbim,30
FAT-0003745,INST-0174-2603745,ANG-0001948,True,NIVF-8334483142,2026-07-18,2026-07-22,570000.0,pranuar,E_Vleftesuar,Miratuar,Po,R_Kaloi,2026-07-30,,L71821024L,FURN-001096,pune,30
FAT-0003746,INST-0123-2603746,ANG-0001949,True,NIVF-4919393729,2026-07-19,2026-07-23,0.0,pranuar,E_Vleftesuar,Miratuar,Po,R_Kaloi,2026-07-31,,,,pune,30
FAT-0003747,INST-0123-2603747,ANG-0001949,True,NIVF-4943124446,2026-08-17,2026-08-18,0.0,pranuar,E_Vleftesuar,Miratuar,Po,R_Kaloi,2026-08-22,,,,pune,30
FAT-0003748,INST-1005-2603748,ANG-0001950,True,NIVF-2383118249,2026-07-24,2026-07-24,677895.0,pranuar,E_Vleftesuar,Miratuar,Po,R_Kaloi,2026-07-28,,L87312201H,FURN-000994,pune,30
FAT-0003749,INST-0057-2603749,ANG-0001951,True,NIVF-5295448541,2026-07-21,2026-07-23,821417.54,pranuar,E_Vleftesuar,Miratuar,Po,R_Kaloi,2026-08-01,,L31714005J,FURN-000114,mall,30
FAT-0003750,INST-0057-2603750,ANG-0001951,True,NIVF-9988354013,2026-09-13,2026-09-16,412382.46,pranuar,E_Vleftesuar,Miratuar,Po,R_Kaloi,2026-09-18,,L31714005J,FURN-000114,mall,30
FAT-0003751,INST-0057-2603751,ANG-0001952,True,NIVF-8642455215,2026-07-23,2026-07-27,60977.84,pranuar,E_Vleftesuar,Miratuar,Po,R_Kaloi,2026-08-04,,L71715003C,FURN-000184,mall,30
FAT-0003752,INST-0057-2603752,ANG-0001952,True,NIVF-7998666400,2026-09-06,2026-09-09,476938.16,pranuar,E_Vleftesuar,Miratuar,Po,R_Kaloi,2026-09-15,,L71715003C,FURN-000184,mall,30
FAT-0003753,INST-0057-2603753,ANG-0001953,True,NIVF-9772800989,2026-07-30,2026-07-31,9320.24,pranuar,E_Vleftesuar,Miratuar,Po,R_Kaloi,2026-08-09,,K21405001N,FURN-000404,mall,30
FAT-0003754,INST-0621-2603754,ANG-0001954,True,NIVF-8209188002,2026-07-18,2026-07-19,355000.0,pranuar,E_Vleftesuar,Miratuar,Po,R_Kaloi,2026-07-21,,M46915401B,FURN-000825,mall,30
FAT-0003755,INST-0424-2603755,ANG-0001955,True,NIVF-7187415475,2026-07-28,2026-07-28,101532.02,pranuar,E_Vleftesuar,Miratuar,Po,R_Kaloi,2026-08-04,,K21912001R,FURN-000018,pune,30
FAT-0003756,INST-0424-2603756,ANG-0001955,True,NIVF-9587907528,2026-08-22,2026-08-25,14867.98,pranuar,E_Vleftesuar,Miratuar,Po,R_Kaloi,2026-08-28,,K21912001R,FURN-000018,pune,30
FAT-0003757,INST-0126-2603757,ANG-0001956,True,NIVF-3183789729,2026-07-26,2026-07-30,105943.97,pranuar,E_Vleftesuar,Miratuar,Po,R_Kaloi,2026-07-31,,J98009202P,FURN-000079,pune,30
FAT-0003758,INST-0126-2603758,ANG-0001957,True,NIVF-9809877691,2026-07-21,2026-07-23,350000.0,pranuar,E_Vleftesuar,Miratuar,Po,R_Kaloi,2026-08-01,,J61817045K,FURN-000616,pune,30
FAT-0003759,INST-0172-2603759,ANG-0001958,True,NIVF-7950277556,2026-07-23,2026-07-26,99200.0,pranuar,E_Vleftesuar,Miratuar,Po,R_Kaloi,2026-08-03,,K21912001R,FURN-000018,sherbim,30
FAT-0003760,INST-0172-2603760,ANG-0001959,True,NIVF-5948221828,2026-07-23,2026-07-27,153478.55,pranuar,E_Vleftesuar,Miratuar,Po,R_Kaloi,2026-07-31,,L97119401D,FURN-000225,sherbim,30
FAT-0003761,INST-0172-2603761,ANG-0001959,True,NIVF-2435136088,2026-08-19,2026-08-21,171521.45,pranuar,E_Vleftesuar,Miratuar,Po,R_Kaloi,2026-08-29,,L97119401D,FURN-000225,sherbim,30
FAT-0003762,INST-0172-2603762,ANG-0001960,True,NIVF-5641119540,2026-07-26,2026-07-28,99200.0,pranuar,E_Vleftesuar,Miratuar,Po,R_Kaloi,2026-08-01,,L83725007U,FURN-000156,sherbim,30
FAT-0003763,INST-0998-2603763,ANG-0001961,True,NIVF-2323289663,2026-07-21,2026-07-22,75331.18,pranuar,E_Vleftesuar,Miratuar,Po,R_Kaloi,2026-07-29,,L47401203N,FURN-000855,pune,30
FAT-0003764,INST-0998-2603764,ANG-0001961,True,NIVF-5843095903,2026-08-19,2026-08-22,276838.25,pranuar,E_Vleftesuar,Miratuar,Po,R_Kaloi,2026-08-26,,L47401203N,FURN-000855,pune,30
FAT-0003765,INST-0998-2603765,ANG-0001961,True,NIVF-3462404744,2026-09-08,2026-09-10,147830.57,pranuar,E_Vleftesuar,Miratuar,Po,R_Kaloi,2026-09-11,,L47401203N,FURN-000855,pune,30
FAT-0003766,INST-0621-2603766,ANG-0001962,True,NIVF-1320946923,2026-07-23,2026-07-23,65584.26,pranuar,E_Vleftesuar,Miratuar,Po,R_Kaloi,2026-07-29,,K57123001R,FURN-000591,sherbim,30
FAT-0003767,INST-0621-2603767,ANG-0001962,True,NIVF-4095504640,2026-09-06,2026-09-09,26578.09,pranuar,E_Vleftesuar,Miratuar,Po,R_Kaloi,2026-09-11,,K57123001R,FURN-000591,sherbim,30
FAT-0003768,INST-0621-2603768,ANG-0001963,True,NIVF-9668034015,2026-07-20,2026-07-24,990000.0,refuzuar,Kerkon_Rivleftesim,Refuzuar,Jo,,2026-07-31,Fiskalizim i pavlefshëm,M41406021N,FURN-000445,sherbim,30
FAT-0003769,INST-0621-2603769,ANG-0001964,True,NIVF-3698734588,2026-07-23,2026-07-25,7065.56,pranuar,E_Vleftesuar,Miratuar,Po,R_Kaloi,2026-07-28,,J61814028F,FURN-000068,sherbim,30
FAT-0003770,INST-0621-2603770,ANG-0001964,True,NIVF-9486724595,2026-09-02,2026-09-05,25365.9,pranuar,E_Vleftesuar,Miratuar,Po,R_Kaloi,2026-09-07,,J61814028F,FURN-000068,sherbim,30
FAT-0003771,INST-0621-2603771,ANG-0001965,True,NIVF-6323311568,2026-08-01,2026-08-04,85816.7,pranuar,E_Vleftesuar,Miratuar,Po,R_Kaloi,2026-08-10,,K42108801C,FURN-000106,sherbim,30
FAT-0003772,INST-0621-2603772,ANG-0001965,True,NIVF-7507997854,2026-09-11,2026-09-15,4321.62,pranuar,E_Vleftesuar,Miratuar,Po,R_Kaloi,2026-09-18,,K42108801C,FURN-000106,sherbim,30
FAT-0003773,INST-0621-2603773,ANG-0001966,True,NIVF-5614324653,2026-07-22,2026-07-23,10000.0,pranuar,E_Vleftesuar,Miratuar,Po,R_Kaloi,2026-08-01,,K91628009V,FURN-000412,sherbim,30
FAT-0003774,INST-0621-2603774,ANG-0001967,True,NIVF-1230990184,2026-07-26,2026-07-30,1579320.0,refuzuar,Kerkon_Rivleftesim,Refuzuar,Jo,,2026-08-04,Mungesë dokumentacioni mbështetës,K41420001V,FURN-000016,sherbim,30
FAT-0003775,INST-0621-2603775,ANG-0001968,True,NIVF-5821416741,2026-07-20,2026-07-23,24688.24,pranuar,E_Vleftesuar,Miratuar,Po,R_Kaloi,2026-07-25,,J71907014E,FURN-000621,sherbim,30
FAT-0003776,INST-0621-2603776,ANG-0001968,True,NIVF-5153749626,2026-08-29,2026-08-29,89367.44,pranuar,E_Vleftesuar,Miratuar,Po,R_Kaloi,2026-08-30,,J71907014E,FURN-000621,sherbim,30
FAT-0003777,INST-0621-2603777,ANG-0001969,True,NIVF-7819461390,2026-07-23,2026-07-24,7796411.76,pranuar,E_Vleftesuar,Miratuar,Po,R_Kaloi,2026-07-30,,M44506003B,FURN-000510,sherbim,30
FAT-0003778,INST-0621-2603778,ANG-0001969,True,NIVF-3862045272,2026-08-20,2026-08-24,708641.81,pranuar,E_Vleftesuar,Miratuar,Po,R_Kaloi,2026-08-30,,M44506003B,FURN-000510,sherbim,30
FAT-0003779,INST-0464-2603779,ANG-0001970,True,NIVF-7541731703,2026-07-30,2026-08-01,37961.57,pranuar,E_Vleftesuar,Miratuar,Po,R_Kaloi,2026-08-10,,K32621406F,FURN-000109,mall,30
FAT-0003780,INST-0464-2603780,ANG-0001970,True,NIVF-4131016748,2026-08-26,2026-08-28,62038.43,pranuar,E_Vleftesuar,Miratuar,Po,R_Kaloi,2026-08-29,,K32621406F,FURN-000109,mall,30
FAT-0003781,INST-0961-2603781,ANG-0001971,True,NIVF-1978604201,2026-07-28,2026-08-01,421646.3,refuzuar,Kerkon_Rivleftesim,Refuzuar,Jo,,2026-08-08,Gabim në shumën e faturuar,K72105003E,FURN-000733,sherbim,30
FAT-0003782,INST-0961-2603782,ANG-0001972,True,NIVF-1553635910,2026-07-31,2026-08-03,4202.06,pranuar,E_Vleftesuar,Miratuar,Po,R_Kaloi,2026-08-12,,M57521502N,FURN-000601,mall,30
FAT-0003783,INST-0961-2603783,ANG-0001972,True,NIVF-4558227456,2026-08-21,2026-08-23,1291.99,pranuar,E_Vleftesuar,Miratuar,Po,R_Kaloi,2026-08-26,,M57521502N,FURN-000601,mall,30
FAT-0003784,INST-0175-2603784,ANG-0001973,True,NIVF-6012235416,2026-07-24,2026-07-25,33165.96,pranuar,E_Vleftesuar,Miratuar,Po,R_Kaloi,2026-08-02,,J71406006Q,FURN-000127,pune,30
FAT-0003785,INST-0175-2603785,ANG-0001973,True,NIVF-8077379797,2026-08-29,2026-08-30,160334.04,pranuar,E_Vleftesuar,Miratuar,Po,R_Kaloi,2026-09-08,,J71406006Q,FURN-000127,pune,30
FAT-0003786,INST-0057-2603786,ANG-0001974,True,NIVF-4520641966,2026-08-01,2026-08-03,1225982.13,pranuar,E_Vleftesuar,Miratuar,Po,R_Kaloi,2026-08-05,,M42216504H,FURN-000660,sherbim,30
FAT-0003787,INST-0057-2603787,ANG-0001974,True,NIVF-8989587441,2026-09-17,2026-09-18,121419.19,pranuar,E_Vleftesuar,Miratuar,Po,R_Kaloi,2026-09-18,,M42216504H,FURN-000660,sherbim,30
FAT-0003788,INST-0128-2603788,ANG-0001975,True,NIVF-4305803842,2026-07-20,2026-07-23,169518.12,pranuar,E_Vleftesuar,Miratuar,Po,R_Kaloi,2026-07-25,,J63423463I,FURN-000406,mall,30
FAT-0003789,INST-0128-2603789,ANG-0001975,True,NIVF-6026979720,2026-08-30,2026-09-01,891159.0,pranuar,E_Vleftesuar,Miratuar,Po,R_Kaloi,2026-09-03,,J63423463I,FURN-000406,mall,30
FAT-0003790,INST-0963-2603790,ANG-0001976,True,NIVF-7788854108,2026-07-28,2026-07-30,5996.94,pranuar,E_Vleftesuar,Miratuar,Po,R_Kaloi,2026-08-04,,M31813031U,FURN-000007,mall,30
FAT-0003791,INST-0963-2603791,ANG-0001976,True,NIVF-2149178852,2026-08-28,2026-08-28,38562.38,pranuar,E_Vleftesuar,Miratuar,Po,R_Kaloi,2026-09-01,,M31813031U,FURN-000007,mall,30
FAT-0003792,INST-0963-2603792,ANG-0001976,True,NIVF-3906731597,2026-09-18,2026-09-18,55140.68,pranuar,E_Vleftesuar,Miratuar,Po,R_Kaloi,2026-09-18,,M31813031U,FURN-000007,mall,30
FAT-0003793,INST-0566-2603793,ANG-0001977,True,NIVF-4968001285,2026-07-28,2026-07-30,158538.87,pranuar,E_Vleftesuar,Miratuar,Po,R_Kaloi,2026-08-05,,K42701205E,FURN-000605,mall,30
FAT-0003794,INST-0566-2603794,ANG-0001977,True,NIVF-9213835758,2026-09-17,2026-09-18,93898.63,pranuar,E_Vleftesuar,Miratuar,Po,R_Kaloi,2026-09-18,,K42701205E,FURN-000605,mall,30
FAT-0003795,INST-1011-2603795,ANG-0001978,True,NIVF-7352909222,2026-07-27,2026-07-28,232193.12,pranuar,E_Vleftesuar,Miratuar,Po,R_Kaloi,2026-08-02,,K31510153H,FURN-000326,mall,30
FAT-0003796,INST-1011-2603796,ANG-0001978,True,NIVF-4664634304,2026-08-25,2026-08-26,40806.88,pranuar,E_Vleftesuar,Miratuar,Po,R_Kaloi,2026-09-01,,K31510153H,FURN-000326,mall,30
FAT-0003797,INST-0574-2603797,ANG-0001979,True,NIVF-8588880163,2026-07-20,2026-07-20,949000.0,pranuar,E_Vleftesuar,Miratuar,Po,R_Kaloi,2026-07-25,,L87301801L,FURN-000961,mall,30
FAT-0003798,INST-1011-2603798,ANG-0001980,True,NIVF-8169006368,2026-07-31,2026-08-04,118000.0,pranuar,E_Vleftesuar,Miratuar,Po,R_Kaloi,2026-08-09,,L82203011N,FURN-000199,mall,30
FAT-0003799,INST-0129-2603799,ANG-0001981,True,NIVF-5096314809,2026-07-30,2026-08-01,392300.0,pranuar,E_Vleftesuar,Miratuar,Po,R_Kaloi,2026-08-02,,M21621046I,FURN-000331,pune,30
FAT-0003800,INST-0621-2603800,ANG-0001982,True,NIVF-5362800239,2026-07-21,2026-07-25,3082920.0,pranuar,E_Vleftesuar,Miratuar,Po,R_Kaloi,2026-08-03,,L51706022H,FURN-000259,mall,30
FAT-0003801,INST-0621-2603801,ANG-0001983,True,NIVF-4513237873,2026-07-25,2026-07-25,102229.2,pranuar,E_Vleftesuar,Miratuar,Po,R_Kaloi,2026-08-02,,J71519004W,FURN-000420,mall,30
FAT-0003802,INST-0621-2603802,ANG-0001983,True,NIVF-2977062976,2026-09-04,2026-09-04,1185646.04,pranuar,E_Vleftesuar,Miratuar,Po,R_Kaloi,2026-09-06,,J71519004W,FURN-000420,mall,30
FAT-0003803,INST-0621-2603803,ANG-0001984,True,NIVF-7843902333,2026-07-28,2026-07-29,1670613.28,pranuar,E_Vleftesuar,Miratuar,Po,R_Kaloi,2026-08-03,,J61827062E,FURN-000337,mall,30
FAT-0003804,INST-0621-2603804,ANG-0001984,True,NIVF-2326806332,2026-09-08,2026-09-10,749386.72,pranuar,E_Vleftesuar,Miratuar,Po,R_Kaloi,2026-09-15,,J61827062E,FURN-000337,mall,30
FAT-0003805,INST-0621-2603805,ANG-0001985,True,NIVF-5476448291,2026-07-26,2026-07-27,138984.37,pranuar,E_Vleftesuar,Miratuar,Po,R_Kaloi,2026-08-03,,L92318009L,FURN-000534,sherbim,30
FAT-0003806,INST-0621-2603806,ANG-0001986,True,NIVF-2132819122,2026-07-21,2026-07-24,850000.0,pranuar,E_Vleftesuar,Miratuar,Po,R_Kaloi,2026-07-29,,M62617802F,FURN-000763,mall,30
FAT-0003807,INST-0976-2603807,ANG-0001987,True,NIVF-9901107539,2026-07-31,2026-08-01,93164.39,pranuar,E_Vleftesuar,Miratuar,Po,R_Kaloi,2026-08-10,,K01410001N,FURN-000009,mall,30
FAT-0003808,INST-0976-2603808,ANG-0001987,True,NIVF-9721025975,2026-09-06,2026-09-09,5035.61,pranuar,E_Vleftesuar,Miratuar,Po,R_Kaloi,2026-09-11,,K01410001N,FURN-000009,mall,30
FAT-0003809,INST-0621-2603809,ANG-0001988,True,NIVF-9943555647,2026-07-21,2026-07-22,81872.37,pranuar,E_Vleftesuar,Miratuar,Po,R_Kaloi,2026-07-28,,K17621104C,FURN-000222,sherbim,30
FAT-0003810,INST-0621-2603810,ANG-0001988,True,NIVF-4107860432,2026-08-13,2026-08-16,142.63,pranuar,E_Vleftesuar,Miratuar,Po,R_Kaloi,2026-08-22,,K17621104C,FURN-000222,sherbim,30
FAT-0003811,INST-0124-2603811,ANG-0001989,True,NIVF-9870529811,2026-07-22,2026-07-22,78044.28,pranuar,E_Vleftesuar,Miratuar,Po,R_Kaloi,2026-07-29,,M22307015R,FURN-000354,mall,30
FAT-0003812,INST-0124-2603812,ANG-0001989,True,NIVF-5813273774,2026-08-16,2026-08-16,245955.72,pranuar,E_Vleftesuar,Miratuar,Po,R_Kaloi,2026-08-23,,M22307015R,FURN-000354,mall,30
FAT-0003813,INST-0170-2603813,ANG-0001990,True,NIVF-5883752400,2026-07-28,2026-08-01,2232.78,pranuar,E_Vleftesuar,Miratuar,Po,R_Kaloi,2026-08-09,,M12506803T,FURN-000497,pune,30
FAT-0003814,INST-0170-2603814,ANG-0001990,True,NIVF-4267395201,2026-08-26,2026-08-26,100666.68,pranuar,E_Vleftesuar,Miratuar,Po,R_Kaloi,2026-09-03,,M12506803T,FURN-000497,pune,30
FAT-0003815,INST-0170-2603815,ANG-0001990,True,NIVF-2834069853,2026-09-15,2026-09-16,156100.54,pranuar,E_Vleftesuar,Miratuar,Po,R_Kaloi,2026-09-18,,M12506803T,FURN-000497,pune,30
FAT-0003816,INST-0621-2603816,ANG-0001991,True,NIVF-9813464105,2026-07-29,2026-07-31,28807.06,pranuar,E_Vleftesuar,Miratuar,Po,R_Kaloi,2026-08-01,,L03202402E,FURN-000190,sherbim,30
FAT-0003817,INST-0621-2603817,ANG-0001991,True,NIVF-2128465003,2026-09-12,2026-09-13,71042.94,pranuar,E_Vleftesuar,Miratuar,Po,R_Kaloi,2026-09-18,,L03202402E,FURN-000190,sherbim,30
FAT-0003818,INST-0123-2603818,ANG-0001992,True,NIVF-5230153208,2026-07-22,2026-07-23,2040.3,pranuar,E_Vleftesuar,Miratuar,Po,R_Kaloi,2026-07-26,,M04710002P,FURN-001413,sherbim,30
FAT-0003819,INST-0123-2603819,ANG-0001992,True,NIVF-2374657813,2026-09-11,2026-09-14,6250.7,pranuar,E_Vleftesuar,Miratuar,Po,R_Kaloi,2026-09-18,,M04710002P,FURN-001413,sherbim,30
FAT-0003820,INST-1016-2603820,ANG-0001993,True,NIVF-4776691732,2026-07-31,2026-08-03,248999.0,pranuar,E_Vleftesuar,Miratuar,Po,R_Kaloi,2026-08-08,,M52617004S,FURN-000458,sherbim,30
FAT-0003821,INST-0128-2603821,ANG-0001994,True,NIVF-8781466728,2026-07-28,2026-07-30,13478.08,pranuar,E_Vleftesuar,Miratuar,Po,R_Kaloi,2026-08-07,,K46523066Q,FURN-000731,mall,30
FAT-0003822,INST-0128-2603822,ANG-0001994,True,NIVF-6594296762,2026-08-17,2026-08-17,117410.9,pranuar,E_Vleftesuar,Miratuar,Po,R_Kaloi,2026-08-20,,K46523066Q,FURN-000731,mall,30
FAT-0003823,INST-0128-2603823,ANG-0001995,True,NIVF-2509360914,2026-07-25,2026-07-26,98749.61,pranuar,E_Vleftesuar,Miratuar,Po,R_Kaloi,2026-08-04,,M21307517P,FURN-000433,mall,30
FAT-0003824,INST-0128-2603824,ANG-0001995,True,NIVF-7099759237,2026-08-21,2026-08-25,446400.39,pranuar,E_Vleftesuar,Miratuar,Po,R_Kaloi,2026-08-30,,M21307517P,FURN-000433,mall,30
FAT-0003825,INST-0128-2603825,ANG-0001996,True,NIVF-2784901828,2026-07-28,2026-07-28,151812.5,pranuar,E_Vleftesuar,Miratuar,Po,R_Kaloi,2026-07-29,,J61814028F,FURN-000068,mall,30
FAT-0003826,INST-0128-2603826,ANG-0001997,True,NIVF-9517765682,2026-07-31,2026-07-31,184006.62,pranuar,E_Vleftesuar,Miratuar,Po,R_Kaloi,2026-08-03,,K71707007Q,FURN-000160,mall,30
FAT-0003827,INST-0128-2603827,ANG-0001997,True,NIVF-2524134401,2026-09-17,2026-09-18,15568.28,pranuar,E_Vleftesuar,Miratuar,Po,R_Kaloi,2026-09-18,,K71707007Q,FURN-000160,mall,30
FAT-0003828,INST-0424-2603828,ANG-0001998,True,NIVF-6274065236,2026-07-31,2026-08-02,977837.8,pranuar,E_Vleftesuar,Miratuar,Po,R_Kaloi,2026-08-04,,J61905015B,FURN-000366,pune,30
FAT-0003829,INST-0424-2603829,ANG-0001998,True,NIVF-2041781319,2026-08-29,2026-08-30,1215162.2,pranuar,E_Vleftesuar,Miratuar,Po,R_Kaloi,2026-08-31,,J61905015B,FURN-000366,pune,30
FAT-0003830,INST-1006-2603830,ANG-0001999,True,NIVF-4401820318,2026-07-29,2026-07-31,100000.0,pranuar,E_Vleftesuar,Miratuar,Po,R_Kaloi,2026-08-08,,L73810001O,FURN-000672,mall,30
FAT-0003831,INST-0140-2603831,ANG-0002000,True,NIVF-2834918746,2026-07-31,2026-08-04,46350.0,pranuar,E_Vleftesuar,Miratuar,Po,R_Kaloi,2026-08-12,,K41420001V,FURN-000016,pune,30
FAT-0003832,INST-0099-2603832,ANG-0002001,True,NIVF-3866510802,2026-07-30,2026-08-01,249162.0,pranuar,E_Vleftesuar,Miratuar,Po,R_Kaloi,2026-08-03,,M52617004S,FURN-000458,pune,30
FAT-0003833,INST-0099-2603833,ANG-0002001,True,NIVF-3184853477,2026-08-23,2026-08-23,477838.0,pranuar,E_Vleftesuar,Miratuar,Po,R_Kaloi,2026-08-30,,M52617004S,FURN-000458,pune,30
FAT-0003834,INST-0121-2603834,ANG-0002002,True,NIVF-7329110082,2026-07-22,2026-07-22,95885.0,pranuar,E_Vleftesuar,Miratuar,Po,R_Kaloi,2026-07-29,,M22112502M,FURN-001693,sherbim,30
FAT-0003835,INST-0155-2603835,ANG-0002003,True,NIVF-2155631472,2026-07-27,2026-07-29,99760.0,refuzuar,Kerkon_Rivleftesim,Refuzuar,Jo,,2026-07-31,Gabim në shumën e faturuar,M67509801K,FURN-000296,pune,30
FAT-0003836,INST-0175-2603836,ANG-0002004,True,NIVF-9540634113,2026-07-24,2026-07-26,1440000.0,pranuar,E_Vleftesuar,Miratuar,Po,R_Kaloi,2026-07-27,,K71707007Q,FURN-000160,sherbim,30
FAT-0003837,INST-0168-2603837,ANG-0002005,True,NIVF-5667544336,2026-08-02,2026-08-03,17476.1,refuzuar,Kerkon_Rivleftesim,Refuzuar,Jo,,2026-08-08,Gabim në shumën e faturuar,L52031020F,FURN-000410,mall,30
FAT-0003838,INST-0053-2603838,ANG-0002006,True,NIVF-4825517191,2026-07-29,2026-07-30,242845.0,pranuar,E_Vleftesuar,Miratuar,Po,R_Kaloi,2026-08-03,,M22318016L,FURN-000459,sherbim,30
FAT-0003839,INST-0966-2603839,ANG-0002007,True,NIVF-5091230700,2026-07-31,2026-07-31,102335.82,refuzuar,Kerkon_Rivleftesim,Refuzuar,Jo,,2026-08-04,Mungesë dokumentacioni mbështetës,K31610057N,FURN-001931,sherbim,30
FAT-0003840,INST-0515-2603840,ANG-0002008,True,NIVF-2518436186,2026-07-28,2026-07-28,418199.82,pranuar,E_Vleftesuar,Miratuar,Po,R_Kaloi,2026-07-29,,L52206020B,FURN-001932,pune,30
FAT-0003841,INST-0515-2603841,ANG-0002008,True,NIVF-1981153464,2026-09-11,2026-09-14,147102.75,pranuar,E_Vleftesuar,Miratuar,Po,R_Kaloi,2026-09-18,,L52206020B,FURN-001932,pune,30
FAT-0003842,INST-1035-2603842,ANG-0002009,True,NIVF-4544358834,2026-07-31,2026-08-01,40081.65,pranuar,E_Vleftesuar,Miratuar,Po,R_Kaloi,2026-08-09,,L41309503K,FURN-000371,sherbim,30
FAT-0003843,INST-1035-2603843,ANG-0002009,True,NIVF-4549471634,2026-09-10,2026-09-14,24429.35,pranuar,E_Vleftesuar,Miratuar,Po,R_Kaloi,2026-09-18,,L41309503K,FURN-000371,sherbim,30
FAT-0003844,INST-0126-2603844,ANG-0002010,True,NIVF-4001893921,2026-07-30,2026-07-31,9062.63,pranuar,E_Vleftesuar,Miratuar,Po,R_Kaloi,2026-08-08,,M32224025P,FURN-000648,mall,30
FAT-0003845,INST-0126-2603845,ANG-0002010,True,NIVF-2919921089,2026-09-12,2026-09-15,7423.9,pranuar,E_Vleftesuar,Miratuar,Po,R_Kaloi,2026-09-18,,M32224025P,FURN-000648,mall,30
FAT-0003846,INST-1006-2603846,ANG-0002011,True,NIVF-9947410412,2026-07-24,2026-07-26,19900.0,pranuar,E_Vleftesuar,Miratuar,Po,R_Kaloi,2026-08-02,,L71325019D,FURN-000140,mall,30
FAT-0003847,INST-1006-2603847,ANG-0002012,True,NIVF-9219173231,2026-07-24,2026-07-24,493391.94,pranuar,E_Vleftesuar,Miratuar,Po,R_Kaloi,2026-07-26,,L52407024V,FURN-001129,mall,30
FAT-0003848,INST-1006-2603848,ANG-0002012,True,NIVF-2684460374,2026-08-26,2026-08-29,232122.41,pranuar,E_Vleftesuar,Miratuar,Po,R_Kaloi,2026-09-01,,L52407024V,FURN-001129,mall,30
FAT-0003849,INST-1006-2603849,ANG-0002013,True,NIVF-9184700338,2026-08-04,2026-08-06,16934.11,pranuar,E_Vleftesuar,Miratuar,Po,R_Kaloi,2026-08-10,,K51612031J,FURN-000015,mall,30
FAT-0003850,INST-1006-2603850,ANG-0002013,True,NIVF-7372553203,2026-09-01,2026-09-01,46645.14,pranuar,E_Vleftesuar,Miratuar,Po,R_Kaloi,2026-09-02,,K51612031J,FURN-000015,mall,30
FAT-0003851,INST-0652-2603851,ANG-0002014,True,NIVF-6506319975,2026-07-24,2026-07-28,2240.39,pranuar,E_Vleftesuar,Miratuar,Po,R_Kaloi,2026-07-30,,K31503045V,FURN-000036,pune,30
FAT-0003852,INST-0652-2603852,ANG-0002014,True,NIVF-5001406091,2026-08-23,2026-08-24,6636.28,pranuar,E_Vleftesuar,Miratuar,Po,R_Kaloi,2026-08-25,,K31503045V,FURN-000036,pune,30
FAT-0003853,INST-0624-2603853,ANG-0002015,True,NIVF-8059320941,2026-07-21,2026-07-22,41667.41,pranuar,E_Vleftesuar,Miratuar,Po,R_Kaloi,2026-07-24,,K92201080V,FURN-000119,sherbim,30
FAT-0003854,INST-0624-2603854,ANG-0002015,True,NIVF-4122319731,2026-09-18,2026-09-18,12712.59,pranuar,E_Vleftesuar,Miratuar,Po,R_Kaloi,2026-09-18,,K92201080V,FURN-000119,sherbim,30
FAT-0003855,INST-0099-2603855,ANG-0002016,True,NIVF-4531984038,2026-07-23,2026-07-27,3989.79,pranuar,E_Vleftesuar,Miratuar,Po,R_Kaloi,2026-07-29,,M42413012F,FURN-000197,pune,30
FAT-0003856,INST-0099-2603856,ANG-0002016,True,NIVF-3836113417,2026-08-15,2026-08-15,69715.54,pranuar,E_Vleftesuar,Miratuar,Po,R_Kaloi,2026-08-23,,M42413012F,FURN-000197,pune,30
FAT-0003857,INST-0153-2603857,ANG-0002017,True,NIVF-8483394052,2026-07-24,2026-07-28,2628.94,pranuar,E_Vleftesuar,Miratuar,Po,R_Kaloi,2026-07-31,,K12201002T,FURN-000088,pune,30
FAT-0003858,INST-0153-2603858,ANG-0002017,True,NIVF-9278795256,2026-08-21,2026-08-24,5250.54,pranuar,E_Vleftesuar,Miratuar,Po,R_Kaloi,2026-09-02,,K12201002T,FURN-000088,pune,30
FAT-0003859,INST-0957-2603859,ANG-0002018,True,NIVF-9113551070,2026-07-26,2026-07-28,63826.79,pranuar,E_Vleftesuar,Miratuar,Po,R_Kaloi,2026-08-04,,L72429007F,FURN-001398,sherbim,30
FAT-0003860,INST-0957-2603860,ANG-0002018,True,NIVF-8156700454,2026-09-13,2026-09-16,26756.21,pranuar,E_Vleftesuar,Miratuar,Po,R_Kaloi,2026-09-18,,L72429007F,FURN-001398,sherbim,30
FAT-0003861,INST-0957-2603861,ANG-0002019,True,NIVF-6958740942,2026-08-03,2026-08-03,31567.06,refuzuar,Kerkon_Rivleftesim,Refuzuar,Jo,,2026-08-11,Mungesë dokumentacioni mbështetës,L96611004A,FURN-000077,sherbim,30
FAT-0003862,INST-0957-2603862,ANG-0002019,True,NIVF-4117623765,2026-09-15,2026-09-15,44966.51,pranuar,E_Vleftesuar,Miratuar,Po,R_Kaloi,2026-09-18,,L96611004A,FURN-000077,sherbim,30
FAT-0003863,INST-0151-2603863,ANG-0002020,True,NIVF-3555829589,2026-07-29,2026-07-30,232648.78,pranuar,E_Vleftesuar,Miratuar,Po,R_Kaloi,2026-08-05,,M51310002C,FURN-001220,mall,30
FAT-0003864,INST-0151-2603864,ANG-0002020,True,NIVF-7449062557,2026-09-15,2026-09-15,16111.22,pranuar,E_Vleftesuar,Miratuar,Po,R_Kaloi,2026-09-18,,M51310002C,FURN-001220,mall,30
FAT-0003865,INST-0170-2603865,ANG-0002021,True,NIVF-3998202609,2026-07-28,2026-07-31,2337.98,pranuar,E_Vleftesuar,Miratuar,Po,R_Kaloi,2026-08-03,,K97006004D,FURN-000176,sherbim,30
FAT-0003866,INST-0170-2603866,ANG-0002021,True,NIVF-7396707296,2026-08-28,2026-08-31,9791.01,refuzuar,Kerkon_Rivleftesim,Refuzuar,Jo,,2026-09-07,Mungesë dokumentacioni mbështetës,K97006004D,FURN-000176,sherbim,30
FAT-0003867,INST-0146-2603867,ANG-0002022,True,NIVF-6570585293,2026-07-29,2026-07-29,4439.21,pranuar,E_Vleftesuar,Miratuar,Po,R_Kaloi,2026-08-07,,J62903750A,FURN-000010,pune,30
FAT-0003868,INST-0146-2603868,ANG-0002022,True,NIVF-9287851721,2026-09-04,2026-09-04,20419.67,pranuar,E_Vleftesuar,Miratuar,Po,R_Kaloi,2026-09-11,,J62903750A,FURN-000010,pune,30
FAT-0003869,INST-0102-2603869,ANG-0002023,True,NIVF-9522135503,2026-07-23,2026-07-24,59426.51,pranuar,E_Vleftesuar,Miratuar,Po,R_Kaloi,2026-07-31,,K42108801C,FURN-000106,sherbim,30
FAT-0003870,INST-0102-2603870,ANG-0002023,True,NIVF-7122989686,2026-09-05,2026-09-08,145380.57,pranuar,E_Vleftesuar,Miratuar,Po,R_Kaloi,2026-09-12,,K42108801C,FURN-000106,sherbim,30
FAT-0003871,INST-0102-2603871,ANG-0002024,True,NIVF-3021364770,2026-07-28,2026-07-31,96314.02,pranuar,E_Vleftesuar,Miratuar,Po,R_Kaloi,2026-08-08,,L71325019D,FURN-000140,sherbim,30
FAT-0003872,INST-0102-2603872,ANG-0002024,True,NIVF-1100669984,2026-09-15,2026-09-18,172685.98,pranuar,E_Vleftesuar,Miratuar,Po,R_Kaloi,2026-09-18,,L71325019D,FURN-000140,sherbim,30
FAT-0003873,INST-0102-2603873,ANG-0002025,True,NIVF-2655072662,2026-07-27,2026-07-27,82660.0,pranuar,E_Vleftesuar,Miratuar,Po,R_Kaloi,2026-08-03,,K57123001R,FURN-000591,sherbim,30
FAT-0003874,INST-0434-2603874,ANG-0002026,True,NIVF-1488467237,2026-07-23,2026-07-24,395229.54,pranuar,E_Vleftesuar,Miratuar,Po,R_Kaloi,2026-08-01,,M22113018T,FURN-000795,sherbim,30
FAT-0003875,INST-0404-2603875,ANG-0002027,True,NIVF-5631251519,2026-07-23,2026-07-25,32221.11,pranuar,E_Vleftesuar,Miratuar,Po,R_Kaloi,2026-07-28,,M03405001R,FURN-000203,mall,30
FAT-0003876,INST-0404-2603876,ANG-0002027,True,NIVF-7950618616,2026-09-11,2026-09-12,25168.89,pranuar,E_Vleftesuar,Miratuar,Po,R_Kaloi,2026-09-18,,M03405001R,FURN-000203,mall,30
FAT-0003877,INST-0591-2603877,ANG-0002028,True,NIVF-4188458651,2026-07-29,2026-08-02,778900.0,pranuar,E_Vleftesuar,Miratuar,Po,R_Kaloi,2026-08-05,,K71707007Q,FURN-000160,mall,30
FAT-0003878,INST-0621-2603878,ANG-0002029,True,NIVF-6046329778,2026-07-27,2026-07-29,129169.0,pranuar,E_Vleftesuar,Miratuar,Po,R_Kaloi,2026-08-02,,M32407021T,FURN-000297,sherbim,30
FAT-0003879,INST-0424-2603879,ANG-0002030,True,NIVF-8725174410,2026-07-28,2026-07-30,8263.31,pranuar,E_Vleftesuar,Miratuar,Po,R_Kaloi,2026-08-02,,K31823507K,FURN-000530,sherbim,30
FAT-0003880,INST-0424-2603880,ANG-0002030,True,NIVF-2271378380,2026-08-19,2026-08-22,44124.28,pranuar,E_Vleftesuar,Miratuar,Po,R_Kaloi,2026-08-27,,K31823507K,FURN-000530,sherbim,30
FAT-0003881,INST-0126-2603881,ANG-0002031,True,NIVF-1415739223,2026-08-01,2026-08-04,10325.43,pranuar,E_Vleftesuar,Miratuar,Po,R_Kaloi,2026-08-10,,M28717102U,FURN-000157,pune,30
FAT-0003882,INST-0126-2603882,ANG-0002031,True,NIVF-7692866640,2026-08-25,2026-08-26,419134.29,pranuar,E_Vleftesuar,Miratuar,Po,R_Kaloi,2026-08-29,,M28717102U,FURN-000157,pune,30
FAT-0003883,INST-0126-2603883,ANG-0002032,True,NIVF-8600311058,2026-07-25,2026-07-28,36237.55,pranuar,E_Vleftesuar,Miratuar,Po,R_Kaloi,2026-07-29,,K53717806Q,FURN-000411,pune,30
FAT-0003884,INST-0126-2603884,ANG-0002032,True,NIVF-4878622436,2026-08-19,2026-08-20,637862.45,pranuar,E_Vleftesuar,Miratuar,Po,R_Kaloi,2026-08-23,,K53717806Q,FURN-000411,pune,30
FAT-0003885,INST-0153-2603885,ANG-0002033,True,NIVF-7426270024,2026-07-30,2026-07-31,367580.0,pranuar,E_Vleftesuar,Miratuar,Po,R_Kaloi,2026-08-06,,L13426006B,FURN-000227,sherbim,30
FAT-0003886,INST-0172-2603886,ANG-0002034,True,NIVF-2733634414,2026-07-31,2026-08-04,146450.0,pranuar,E_Vleftesuar,Miratuar,Po,R_Kaloi,2026-08-13,,J64103422D,FURN-000118,pune,30
FAT-0003887,INST-0621-2603887,ANG-0002035,True,NIVF-7098088072,2026-07-28,2026-07-29,8373.55,pranuar,E_Vleftesuar,Miratuar,Po,R_Kaloi,2026-08-04,,M22811202K,FURN-000187,sherbim,30
FAT-0003888,INST-0621-2603888,ANG-0002035,True,NIVF-5143383351,2026-08-18,2026-08-18,21398.68,pranuar,E_Vleftesuar,Miratuar,Po,R_Kaloi,2026-08-21,,M22811202K,FURN-000187,sherbim,30
FAT-0003889,INST-0621-2603889,ANG-0002035,True,NIVF-7630992911,2026-09-14,2026-09-18,3227.76,pranuar,E_Vleftesuar,Miratuar,Po,R_Kaloi,2026-09-18,,M22811202K,FURN-000187,sherbim,30
FAT-0003890,INST-0621-2603890,ANG-0002036,True,NIVF-8252078095,2026-07-22,2026-07-25,102000.0,pranuar,E_Vleftesuar,Miratuar,Po,R_Kaloi,2026-07-30,,L31714005J,FURN-000114,sherbim,30
FAT-0003891,INST-0621-2603891,ANG-0002037,True,NIVF-1750215916,2026-07-26,2026-07-30,445000.0,pranuar,E_Vleftesuar,Miratuar,Po,R_Kaloi,2026-08-05,,L49609501T,FURN-000703,sherbim,30
FAT-0003892,INST-0155-2603892,ANG-0002038,True,NIVF-6654737239,2026-07-24,2026-07-28,158136.0,pranuar,E_Vleftesuar,Miratuar,Po,R_Kaloi,2026-07-29,,K42108801C,FURN-000106,mall,30
FAT-0003893,INST-0121-2603893,ANG-0002039,True,NIVF-2820158255,2026-07-27,2026-07-30,231000.0,pranuar,E_Vleftesuar,Miratuar,Po,R_Kaloi,2026-08-01,,M01907027I,FURN-001377,mall,30
FAT-0003894,INST-0121-2603894,ANG-0002040,True,NIVF-5522287616,2026-08-01,2026-08-04,10766.0,pranuar,E_Vleftesuar,Miratuar,Po,R_Kaloi,2026-08-12,,K41926801W,FURN-000316,mall,30
FAT-0003895,INST-0121-2603895,ANG-0002040,True,NIVF-3656859851,2026-08-30,2026-09-01,8962.19,pranuar,E_Vleftesuar,Miratuar,Po,R_Kaloi,2026-09-07,,K41926801W,FURN-000316,mall,30
FAT-0003896,INST-0121-2603896,ANG-0002041,True,NIVF-4193392228,2026-08-04,2026-08-06,449240.0,pranuar,E_Vleftesuar,Miratuar,Po,R_Kaloi,2026-08-08,,L62311016C,FURN-000133,mall,30
FAT-0003897,INST-0342-2603897,ANG-0002042,True,NIVF-8961251158,2026-07-24,2026-07-25,30446.91,pranuar,E_Vleftesuar,Miratuar,Po,R_Kaloi,2026-07-31,,J62903750A,FURN-000010,mall,30
FAT-0003898,INST-0342-2603898,ANG-0002042,True,NIVF-1080513400,2026-09-08,2026-09-08,66909.1,pranuar,E_Vleftesuar,Miratuar,Po,R_Kaloi,2026-09-16,,J62903750A,FURN-000010,mall,30
FAT-0003899,INST-0342-2603899,ANG-0002043,True,NIVF-8773921664,2026-07-26,2026-07-26,23500.0,pranuar,E_Vleftesuar,Miratuar,Po,R_Kaloi,2026-08-03,,K62320012O,FURN-000162,mall,30
FAT-0003900,INST-0342-2603900,ANG-0002044,True,NIVF-5387537866,2026-07-23,2026-07-27,99000.0,pranuar,E_Vleftesuar,Miratuar,Po,R_Kaloi,2026-08-04,,L92119032V,FURN-000367,mall,30
FAT-0003901,INST-0135-2603901,ANG-0002045,True,NIVF-4641085838,2026-08-01,2026-08-01,54689.64,pranuar,E_Vleftesuar,Miratuar,Po,R_Kaloi,2026-08-02,,L86304701S,FURN-000493,mall,30
FAT-0003902,INST-0135-2603902,ANG-0002045,True,NIVF-7607922549,2026-09-10,2026-09-12,45310.36,pranuar,E_Vleftesuar,Miratuar,Po,R_Kaloi,2026-09-16,,L86304701S,FURN-000493,mall,30
FAT-0003903,INST-0135-2603903,ANG-0002046,True,NIVF-4459409322,2026-08-02,2026-08-03,261766.84,pranuar,E_Vleftesuar,Miratuar,Po,R_Kaloi,2026-08-10,,K71718012P,FURN-000377,mall,30
FAT-0003904,INST-0135-2603904,ANG-0002046,True,NIVF-9837821293,2026-08-31,2026-09-01,135854.16,pranuar,E_Vleftesuar,Miratuar,Po,R_Kaloi,2026-09-02,,K71718012P,FURN-000377,mall,30
FAT-0003905,INST-1010-2603905,ANG-0002047,True,NIVF-3926950977,2026-08-04,2026-08-08,21017.27,pranuar,E_Vleftesuar,Miratuar,Po,R_Kaloi,2026-08-09,,M68817201C,FURN-000775,mall,30
FAT-0003906,INST-1010-2603906,ANG-0002047,True,NIVF-7479165992,2026-08-26,2026-08-27,478982.73,pranuar,E_Vleftesuar,Miratuar,Po,R_Kaloi,2026-09-05,,M68817201C,FURN-000775,mall,30
FAT-0003907,INST-0136-2603907,ANG-0002048,True,NIVF-8925399017,2026-08-02,2026-08-05,30896.69,refuzuar,Kerkon_Rivleftesim,Refuzuar,Jo,,2026-08-10,Mospërputhje me kontratën,M42216504H,FURN-000660,mall,30
FAT-0003908,INST-0136-2603908,ANG-0002048,True,NIVF-1622027917,2026-09-13,2026-09-13,2593103.31,refuzuar,Kerkon_Rivleftesim,Refuzuar,Jo,,2026-09-15,Gabim në shumën e faturuar,M42216504H,FURN-000660,mall,30
FAT-0003909,INST-0159-2603909,ANG-0002049,True,NIVF-8677609201,2026-07-28,2026-07-29,64981.83,pranuar,E_Vleftesuar,Miratuar,Po,R_Kaloi,2026-08-07,,L64425401K,FURN-000086,mall,30
FAT-0003910,INST-0159-2603910,ANG-0002049,True,NIVF-2623703991,2026-09-03,2026-09-03,155018.17,pranuar,E_Vleftesuar,Miratuar,Po,R_Kaloi,2026-09-11,,L64425401K,FURN-000086,mall,30
FAT-0003911,INST-0159-2603911,ANG-0002050,True,NIVF-2791515303,2026-08-02,2026-08-02,69556.89,pranuar,E_Vleftesuar,Miratuar,Po,R_Kaloi,2026-08-10,,M68817201C,FURN-000775,mall,30
FAT-0003912,INST-0159-2603912,ANG-0002051,True,NIVF-3643991224,2026-07-27,2026-07-29,48000.0,pranuar,E_Vleftesuar,Miratuar,Po,R_Kaloi,2026-08-05,,K21710002J,FURN-000095,mall,30
FAT-0003913,INST-0175-2603913,ANG-0002052,True,NIVF-6310362524,2026-07-24,2026-07-25,23500.0,pranuar,E_Vleftesuar,Miratuar,Po,R_Kaloi,2026-07-29,,K62320012O,FURN-000162,pune,30
FAT-0003914,INST-0621-2603914,ANG-0002053,True,NIVF-8769554854,2026-07-31,2026-08-03,188060.68,pranuar,E_Vleftesuar,Miratuar,Po,R_Kaloi,2026-08-04,,K71821009N,FURN-000794,sherbim,30
FAT-0003915,INST-0621-2603915,ANG-0002053,True,NIVF-2186669937,2026-09-07,2026-09-07,601532.18,pranuar,E_Vleftesuar,Miratuar,Po,R_Kaloi,2026-09-13,,K71821009N,FURN-000794,sherbim,30
FAT-0003916,INST-0243-2603916,ANG-0002054,True,NIVF-4525422441,2026-07-25,2026-07-26,24853384.98,pranuar,E_Vleftesuar,Miratuar,Po,R_Kaloi,2026-07-27,,K36609610Q,FURN-000833,pune,30
FAT-0003917,INST-0243-2603917,ANG-0002054,True,NIVF-4567550273,2026-08-25,2026-08-26,31740630.71,pranuar,E_Vleftesuar,Miratuar,Po,R_Kaloi,2026-09-03,,K36609610Q,FURN-000833,pune,30
FAT-0003918,INST-0432-2603918,ANG-0002055,True,NIVF-5548713615,2026-08-01,2026-08-04,124648.39,pranuar,E_Vleftesuar,Miratuar,Po,R_Kaloi,2026-08-08,,L96611004A,FURN-000077,sherbim,30
FAT-0003919,INST-0432-2603919,ANG-0002055,True,NIVF-7654514081,2026-09-03,2026-09-06,32382.65,pranuar,E_Vleftesuar,Miratuar,Po,R_Kaloi,2026-09-10,,L96611004A,FURN-000077,sherbim,30
FAT-0003920,INST-0568-2603920,ANG-0002056,True,NIVF-6123286541,2026-07-26,2026-07-29,91259.84,pranuar,E_Vleftesuar,Miratuar,Po,R_Kaloi,2026-08-05,,L96611004A,FURN-000077,mall,30
FAT-0003921,INST-0568-2603921,ANG-0002056,True,NIVF-9044556256,2026-08-16,2026-08-19,96240.16,pranuar,E_Vleftesuar,Miratuar,Po,R_Kaloi,2026-08-21,,L96611004A,FURN-000077,mall,30
FAT-0003922,INST-1006-2603922,ANG-0002057,True,NIVF-9769870270,2026-07-26,2026-07-27,7248.88,pranuar,E_Vleftesuar,Miratuar,Po,R_Kaloi,2026-07-30,,M66812003A,FURN-001530,mall,30
FAT-0003923,INST-1006-2603923,ANG-0002057,True,NIVF-4702611896,2026-09-18,2026-09-18,569136.98,pranuar,E_Vleftesuar,Miratuar,Po,R_Kaloi,2026-09-18,,M66812003A,FURN-001530,mall,30
FAT-0003924,INST-0456-2603924,ANG-0002058,True,NIVF-6914421739,2026-08-05,2026-08-07,193746.91,pranuar,E_Vleftesuar,Miratuar,Po,R_Kaloi,2026-08-11,,L96611004A,FURN-000077,sherbim,30
FAT-0003925,INST-0456-2603925,ANG-0002058,True,NIVF-8900411992,2026-09-08,2026-09-08,274753.09,pranuar,E_Vleftesuar,Miratuar,Po,R_Kaloi,2026-09-09,,L96611004A,FURN-000077,sherbim,30
FAT-0003926,INST-0621-2603926,ANG-0002059,True,NIVF-9035969114,2026-07-30,2026-08-02,82083.0,pranuar,E_Vleftesuar,Miratuar,Po,R_Kaloi,2026-08-10,,L52117125H,FURN-000183,mall,30
FAT-0003927,INST-0621-2603927,ANG-0002060,True,NIVF-8730613120,2026-08-07,2026-08-09,926614.41,pranuar,E_Vleftesuar,Miratuar,Po,R_Kaloi,2026-08-16,,L23401003O,FURN-000071,sherbim,30
FAT-0003928,INST-0621-2603928,ANG-0002060,True,NIVF-7343575046,2026-09-06,2026-09-07,20815.9,pranuar,E_Vleftesuar,Miratuar,Po,R_Kaloi,2026-09-14,,L23401003O,FURN-000071,sherbim,30
FAT-0003929,INST-0621-2603929,ANG-0002061,True,NIVF-7254352422,2026-08-02,2026-08-04,191735.05,pranuar,E_Vleftesuar,Miratuar,Po,R_Kaloi,2026-08-05,,L51808011F,FURN-000848,sherbim,30
FAT-0003930,INST-0621-2603930,ANG-0002061,True,NIVF-9764839878,2026-09-13,2026-09-15,321535.6,refuzuar,Kerkon_Rivleftesim,Refuzuar,Jo,,2026-09-18,Mungesë dokumentacioni mbështetës,L51808011F,FURN-000848,sherbim,30
FAT-0003931,INST-0621-2603931,ANG-0002062,True,NIVF-7123265835,2026-07-28,2026-08-01,535529.75,pranuar,E_Vleftesuar,Miratuar,Po,R_Kaloi,2026-08-03,,L57109401S,FURN-001859,sherbim,30
FAT-0003932,INST-0621-2603932,ANG-0002063,True,NIVF-2361014471,2026-08-03,2026-08-03,182950.0,pranuar,E_Vleftesuar,Miratuar,Po,R_Kaloi,2026-08-06,,K36310782O,FURN-001179,sherbim,30
FAT-0003933,INST-0621-2603933,ANG-0002064,True,NIVF-5283929414,2026-07-31,2026-08-04,930000.0,pranuar,E_Vleftesuar,Miratuar,Po,R_Kaloi,2026-08-13,,K17621104C,FURN-000222,sherbim,30
FAT-0003934,INST-0099-2603934,ANG-0002065,True,NIVF-6032746480,2026-08-05,2026-08-08,84979.94,pranuar,E_Vleftesuar,Miratuar,Po,R_Kaloi,2026-08-12,,L86506002A,FURN-001076,pune,30
FAT-0003935,INST-0099-2603935,ANG-0002065,True,NIVF-8795644641,2026-08-25,2026-08-28,72206.61,pranuar,E_Vleftesuar,Miratuar,Po,R_Kaloi,2026-08-29,,L86506002A,FURN-001076,pune,30
FAT-0003936,INST-0099-2603936,ANG-0002065,True,NIVF-8253117850,2026-09-14,2026-09-15,309028.45,pranuar,E_Vleftesuar,Miratuar,Po,R_Kaloi,2026-09-18,,L86506002A,FURN-001076,pune,30
FAT-0003937,INST-0962-2603937,ANG-0002066,True,NIVF-5969020089,2026-08-06,2026-08-08,839499.16,pranuar,E_Vleftesuar,Miratuar,Po,R_Kaloi,2026-08-11,,M31724039V,FURN-000706,pune,30
FAT-0003938,INST-0621-2603938,ANG-0002067,True,NIVF-3595346077,2026-07-31,2026-08-02,755000.0,pranuar,E_Vleftesuar,Miratuar,Po,R_Kaloi,2026-08-10,,K14721001P,FURN-000549,mall,30
FAT-0003939,INST-0915-2603939,ANG-0002068,True,NIVF-3508030328,2026-07-29,2026-07-31,20156.83,pranuar,E_Vleftesuar,Miratuar,Po,R_Kaloi,2026-08-01,,L41726016Q,FURN-000238,sherbim,30
FAT-0003940,INST-0915-2603940,ANG-0002068,True,NIVF-9084421476,2026-08-21,2026-08-23,64045.07,pranuar,E_Vleftesuar,Miratuar,Po,R_Kaloi,2026-08-30,,L41726016Q,FURN-000238,sherbim,30
FAT-0003941,INST-0130-2603941,ANG-0002069,True,NIVF-4134005101,2026-07-26,2026-07-27,661110.0,pranuar,E_Vleftesuar,Miratuar,Po,R_Kaloi,2026-08-05,,L71715003C,FURN-000184,sherbim,30
FAT-0003942,INST-0940-2603942,ANG-0002070,True,NIVF-5627322355,2026-08-06,2026-08-07,1565751.5,pranuar,E_Vleftesuar,Miratuar,Po,R_Kaloi,2026-08-16,,K87628701K,FURN-001075,mall,30
FAT-0003943,INST-0940-2603943,ANG-0002070,True,NIVF-8647643242,2026-09-05,2026-09-09,1242686.17,pranuar,E_Vleftesuar,Miratuar,Po,R_Kaloi,2026-09-13,,K87628701K,FURN-001075,mall,30
FAT-0003944,INST-0940-2603944,ANG-0002071,True,NIVF-8360236078,2026-07-29,2026-07-30,805486.89,pranuar,E_Vleftesuar,Miratuar,Po,R_Kaloi,2026-08-05,,K44802603B,FURN-000408,mall,30
FAT-0003945,INST-0940-2603945,ANG-0002071,True,NIVF-8683935753,2026-09-07,2026-09-07,1059015.39,pranuar,E_Vleftesuar,Miratuar,Po,R_Kaloi,2026-09-12,,K44802603B,FURN-000408,mall,30
FAT-0003946,INST-0940-2603946,ANG-0002072,True,NIVF-8706868564,2026-07-27,2026-07-28,303960.0,pranuar,E_Vleftesuar,Miratuar,Po,R_Kaloi,2026-07-30,,L92713601Q,FURN-000744,mall,30
FAT-0003947,INST-0156-2603947,ANG-0002073,True,NIVF-4045626268,2026-08-06,2026-08-09,9787.1,pranuar,E_Vleftesuar,Miratuar,Po,R_Kaloi,2026-08-18,,L41705503C,FURN-000475,mall,30
FAT-0003948,INST-0156-2603948,ANG-0002073,True,NIVF-1451225081,2026-08-26,2026-08-29,90212.9,pranuar,E_Vleftesuar,Miratuar,Po,R_Kaloi,2026-09-05,,L41705503C,FURN-000475,mall,30
FAT-0003949,INST-0176-2603949,ANG-0002074,True,NIVF-9096249035,2026-07-25,2026-07-27,41730.77,pranuar,E_Vleftesuar,Miratuar,Po,R_Kaloi,2026-08-05,,L86304701S,FURN-000493,pune,30
FAT-0003950,INST-0176-2603950,ANG-0002074,True,NIVF-6155848094,2026-08-19,2026-08-23,57779.23,pranuar,E_Vleftesuar,Miratuar,Po,R_Kaloi,2026-08-24,,L86304701S,FURN-000493,pune,30
FAT-0003951,INST-0122-2603951,ANG-0002075,True,NIVF-2674631577,2026-07-31,2026-08-02,0.0,pranuar,E_Vleftesuar,Miratuar,Po,R_Kaloi,2026-08-09,,,,pune,30
FAT-0003952,INST-0122-2603952,ANG-0002075,True,NIVF-7643709443,2026-09-05,2026-09-08,0.0,pranuar,E_Vleftesuar,Miratuar,Po,R_Kaloi,2026-09-12,,,,pune,30
FAT-0003953,INST-0089-2603953,ANG-0002076,True,NIVF-8924818602,2026-08-06,2026-08-06,35586.46,pranuar,E_Vleftesuar,Miratuar,Po,R_Kaloi,2026-08-15,,L21410501A,FURN-000560,sherbim,30
FAT-0003954,INST-0089-2603954,ANG-0002076,True,NIVF-5609122255,2026-09-13,2026-09-13,40105.96,pranuar,E_Vleftesuar,Miratuar,Po,R_Kaloi,2026-09-17,,L21410501A,FURN-000560,sherbim,30
FAT-0003955,INST-0172-2603955,ANG-0002077,True,NIVF-5362725051,2026-07-26,2026-07-29,4662.94,pranuar,E_Vleftesuar,Miratuar,Po,R_Kaloi,2026-08-05,,K12201002T,FURN-000088,sherbim,30
FAT-0003956,INST-0172-2603956,ANG-0002077,True,NIVF-6391493514,2026-08-21,2026-08-24,15217.04,pranuar,E_Vleftesuar,Miratuar,Po,R_Kaloi,2026-09-01,,K12201002T,FURN-000088,sherbim,30
FAT-0003957,INST-0172-2603957,ANG-0002077,True,NIVF-6622665204,2026-09-15,2026-09-18,1663.03,pranuar,E_Vleftesuar,Miratuar,Po,R_Kaloi,2026-09-18,,K12201002T,FURN-000088,sherbim,30
FAT-0003958,INST-0172-2603958,ANG-0002078,True,NIVF-5370116401,2026-07-30,2026-07-31,3325000.0,pranuar,E_Vleftesuar,Miratuar,Po,R_Kaloi,2026-08-03,,M31417021V,FURN-000834,sherbim,30
FAT-0003959,INST-0172-2603959,ANG-0002079,True,NIVF-2439039580,2026-08-07,2026-08-08,412945.87,pranuar,E_Vleftesuar,Miratuar,Po,R_Kaloi,2026-08-13,,M27412402C,FURN-000557,sherbim,30
FAT-0003960,INST-0172-2603960,ANG-0002080,True,NIVF-3791124454,2026-07-31,2026-08-01,9732.53,pranuar,E_Vleftesuar,Miratuar,Po,R_Kaloi,2026-08-04,,K46523066Q,FURN-000731,sherbim,30
FAT-0003961,INST-0450-2603961,ANG-0002081,True,NIVF-9942856557,2026-07-25,2026-07-29,150932.22,pranuar,E_Vleftesuar,Miratuar,Po,R_Kaloi,2026-08-03,,K31503045V,FURN-000036,mall,30
FAT-0003962,INST-0450-2603962,ANG-0002081,True,NIVF-7507195607,2026-08-18,2026-08-19,27147.78,pranuar,E_Vleftesuar,Miratuar,Po,R_Kaloi,2026-08-28,,K31503045V,FURN-000036,mall,30
FAT-0003963,INST-1007-2603963,ANG-0002082,True,NIVF-1900217904,2026-07-25,2026-07-29,11820.0,pranuar,E_Vleftesuar,Miratuar,Po,R_Kaloi,2026-08-02,,K62202046U,FURN-000341,mall,30
FAT-0003964,INST-0144-2603964,ANG-0002083,True,NIVF-5418871120,2026-07-27,2026-07-30,3122.95,pranuar,E_Vleftesuar,Miratuar,Po,R_Kaloi,2026-08-01,,L81819025K,FURN-000381,mall,30
FAT-0003965,INST-0144-2603965,ANG-0002083,True,NIVF-2438872503,2026-09-05,2026-09-06,386.43,pranuar,E_Vleftesuar,Miratuar,Po,R_Kaloi,2026-09-15,,L81819025K,FURN-000381,mall,30
FAT-0003966,INST-0970-2603966,ANG-0002084,True,NIVF-4176919456,2026-08-08,2026-08-09,86669.68,pranuar,E_Vleftesuar,Miratuar,Po,R_Kaloi,2026-08-15,,M01308013C,FURN-001087,sherbim,30
FAT-0003967,INST-1007-2603967,ANG-0002085,True,NIVF-1019641164,2026-08-04,2026-08-08,439085.69,pranuar,E_Vleftesuar,Miratuar,Po,R_Kaloi,2026-08-09,,M42008005I,FURN-000659,pune,30
FAT-0003968,INST-1007-2603968,ANG-0002085,True,NIVF-4033140045,2026-08-30,2026-09-03,270639.31,pranuar,E_Vleftesuar,Miratuar,Po,R_Kaloi,2026-09-10,,M42008005I,FURN-000659,pune,30
FAT-0003969,INST-0565-2603969,ANG-0002086,True,NIVF-7880028816,2026-07-31,2026-08-02,89216.05,refuzuar,Kerkon_Rivleftesim,Refuzuar,Jo,,2026-08-08,Fiskalizim i pavlefshëm,L51622005C,FURN-001155,mall,30
FAT-0003970,INST-0916-2603970,ANG-0002087,True,NIVF-1129836595,2026-08-01,2026-08-05,3271.9,pranuar,E_Vleftesuar,Miratuar,Po,R_Kaloi,2026-08-10,,L72429007F,FURN-001398,mall,30
FAT-0003971,INST-0916-2603971,ANG-0002087,True,NIVF-6274828599,2026-09-05,2026-09-06,18590.38,pranuar,E_Vleftesuar,Miratuar,Po,R_Kaloi,2026-09-11,,L72429007F,FURN-001398,mall,30
FAT-0003972,INST-0127-2603972,ANG-0002088,True,NIVF-3751561220,2026-08-09,2026-08-11,173900.0,pranuar,E_Vleftesuar,Miratuar,Po,R_Kaloi,2026-08-16,,K52115005W,FURN-000116,sherbim,30
FAT-0003973,INST-0456-2603973,ANG-0002089,True,NIVF-8386268293,2026-07-31,2026-08-02,100950.09,refuzuar,Kerkon_Rivleftesim,Refuzuar,Jo,,2026-08-09,Mospërputhje me kontratën,M51321047K,FURN-000422,mall,30
FAT-0003974,INST-0456-2603974,ANG-0002089,True,NIVF-6001835028,2026-09-04,2026-09-08,10400.15,pranuar,E_Vleftesuar,Miratuar,Po,R_Kaloi,2026-09-17,,M51321047K,FURN-000422,mall,30
FAT-0003975,INST-0424-2603975,ANG-0002090,True,NIVF-2145586638,2026-08-05,2026-08-08,342386.3,pranuar,E_Vleftesuar,Miratuar,Po,R_Kaloi,2026-08-12,,J61814028F,FURN-000068,sherbim,30
FAT-0003976,INST-0424-2603976,ANG-0002090,True,NIVF-6202612872,2026-09-04,2026-09-07,323946.7,pranuar,E_Vleftesuar,Miratuar,Po,R_Kaloi,2026-09-15,,J61814028F,FURN-000068,sherbim,30
FAT-0003977,INST-0159-2603977,ANG-0002091,True,NIVF-4808483548,2026-07-26,2026-07-26,480930.03,pranuar,E_Vleftesuar,Miratuar,Po,R_Kaloi,2026-08-03,,K77916947A,FURN-000625,pune,30
FAT-0003978,INST-0159-2603978,ANG-0002091,True,NIVF-6458630120,2026-08-31,2026-08-31,2202367.9,pranuar,E_Vleftesuar,Miratuar,Po,R_Kaloi,2026-09-08,,K77916947A,FURN-000625,pune,30
FAT-0003979,INST-0099-2603979,ANG-0002092,True,NIVF-3198234626,2026-08-06,2026-08-08,7023.54,pranuar,E_Vleftesuar,Miratuar,Po,R_Kaloi,2026-08-13,,L82916601N,FURN-000286,pune,30
FAT-0003980,INST-0099-2603980,ANG-0002092,True,NIVF-5214133804,2026-09-15,2026-09-15,34526.46,pranuar,E_Vleftesuar,Miratuar,Po,R_Kaloi,2026-09-18,,L82916601N,FURN-000286,pune,30
FAT-0003981,INST-0621-2603981,ANG-0002093,True,NIVF-4866899285,2026-07-26,2026-07-27,3728178.0,pranuar,E_Vleftesuar,Miratuar,Po,R_Kaloi,2026-08-01,,K66725002G,FURN-001172,mall,30
FAT-0003982,INST-0621-2603982,ANG-0002094,True,NIVF-4469408605,2026-08-05,2026-08-09,14023.01,pranuar,E_Vleftesuar,Miratuar,Po,R_Kaloi,2026-08-18,,K62320012O,FURN-000162,mall,30
FAT-0003983,INST-0621-2603983,ANG-0002094,True,NIVF-4163930747,2026-09-11,2026-09-13,23976.99,pranuar,E_Vleftesuar,Miratuar,Po,R_Kaloi,2026-09-15,,K62320012O,FURN-000162,mall,30
FAT-0003984,INST-0621-2603984,ANG-0002095,True,NIVF-3216489252,2026-07-30,2026-07-31,7000.0,pranuar,E_Vleftesuar,Miratuar,Po,R_Kaloi,2026-08-03,,K62320012O,FURN-000162,mall,30
FAT-0003985,INST-0121-2603985,ANG-0002096,True,NIVF-6300874515,2026-07-30,2026-08-01,49800.0,pranuar,E_Vleftesuar,Miratuar,Po,R_Kaloi,2026-08-09,,K33915001O,FURN-000193,mall,30
FAT-0003986,INST-0563-2603986,ANG-0002097,True,NIVF-2039446932,2026-07-28,2026-08-01,58332.5,pranuar,E_Vleftesuar,Miratuar,Po,R_Kaloi,2026-08-08,,K33915001O,FURN-000193,mall,30
FAT-0003987,INST-0134-2603987,ANG-0002098,True,NIVF-9443373712,2026-08-01,2026-08-05,788.76,pranuar,E_Vleftesuar,Miratuar,Po,R_Kaloi,2026-08-11,,L21508008T,FURN-000115,pune,30
FAT-0003988,INST-0134-2603988,ANG-0002098,True,NIVF-8718275433,2026-09-06,2026-09-08,1457.26,pranuar,E_Vleftesuar,Miratuar,Po,R_Kaloi,2026-09-14,,L21508008T,FURN-000115,pune,30
FAT-0003989,INST-0134-2603989,ANG-0002099,True,NIVF-1941204009,2026-08-01,2026-08-01,29278.0,pranuar,E_Vleftesuar,Miratuar,Po,R_Kaloi,2026-08-04,,L21319037M,FURN-000043,pune,30
FAT-0003990,INST-0915-2603990,ANG-0002100,True,NIVF-3727528600,2026-08-05,2026-08-08,39700.45,pranuar,E_Vleftesuar,Miratuar,Po,R_Kaloi,2026-08-14,,L21708012H,FURN-000063,sherbim,30
FAT-0003991,INST-0915-2603991,ANG-0002100,True,NIVF-6373871570,2026-09-03,2026-09-04,463986.82,refuzuar,Kerkon_Rivleftesim,Refuzuar,Jo,,2026-09-09,Gabim në shumën e faturuar,L21708012H,FURN-000063,sherbim,30
FAT-0003992,INST-0456-2603992,ANG-0002101,True,NIVF-6238614411,2026-07-26,2026-07-30,89216.94,pranuar,E_Vleftesuar,Miratuar,Po,R_Kaloi,2026-08-04,,M61718005K,FURN-000618,mall,30
FAT-0003993,INST-0122-2603993,ANG-0002102,True,NIVF-4988190721,2026-07-31,2026-08-01,68674.73,pranuar,E_Vleftesuar,Miratuar,Po,R_Kaloi,2026-08-10,,K41420001V,FURN-000016,pune,30
FAT-0003994,INST-0167-2603994,ANG-0002103,True,NIVF-3162571644,2026-07-28,2026-07-30,830985.48,pranuar,E_Vleftesuar,Miratuar,Po,R_Kaloi,2026-08-01,,J91801004M,FURN-000470,pune,30
FAT-0003995,INST-0167-2603995,ANG-0002103,True,NIVF-1963220470,2026-09-11,2026-09-14,117014.52,pranuar,E_Vleftesuar,Miratuar,Po,R_Kaloi,2026-09-17,,J91801004M,FURN-000470,pune,30
FAT-0003996,INST-0621-2603996,ANG-0002104,True,NIVF-9468991957,2026-08-03,2026-08-03,1219900.0,pranuar,E_Vleftesuar,Miratuar,Po,R_Kaloi,2026-08-08,,L81506043D,FURN-000687,sherbim,30
FAT-0003997,INST-0131-2603997,ANG-0002105,True,NIVF-9616063724,2026-07-28,2026-08-01,82344.78,pranuar,E_Vleftesuar,Miratuar,Po,R_Kaloi,2026-08-09,,M44008802N,FURN-001247,mall,30
FAT-0003998,INST-0131-2603998,ANG-0002105,True,NIVF-1030719653,2026-09-12,2026-09-15,104133.22,pranuar,E_Vleftesuar,Miratuar,Po,R_Kaloi,2026-09-18,,M44008802N,FURN-001247,mall,30
FAT-0003999,INST-0965-2603999,ANG-0002106,True,NIVF-6667027220,2026-08-05,2026-08-07,122152.47,pranuar,E_Vleftesuar,Miratuar,Po,R_Kaloi,2026-08-10,,J61905015B,FURN-000366,mall,30
FAT-0004000,INST-0165-2604000,ANG-0002107,True,NIVF-9851840781,2026-07-26,2026-07-30,223824.65,pranuar,E_Vleftesuar,Miratuar,Po,R_Kaloi,2026-07-31,,L71715003C,FURN-000184,pune,30
FAT-0004001,INST-0165-2604001,ANG-0002107,True,NIVF-2871807876,2026-09-07,2026-09-08,75175.35,pranuar,E_Vleftesuar,Miratuar,Po,R_Kaloi,2026-09-13,,L71715003C,FURN-000184,pune,30
FAT-0004002,INST-0621-2604002,ANG-0002108,True,NIVF-3034706226,2026-08-03,2026-08-07,27376.84,pranuar,E_Vleftesuar,Miratuar,Po,R_Kaloi,2026-08-10,,K42108801C,FURN-000106,pune,30
FAT-0004003,INST-0424-2604003,ANG-0002109,True,NIVF-1613705886,2026-08-06,2026-08-09,822289.77,pranuar,E_Vleftesuar,Miratuar,Po,R_Kaloi,2026-08-12,,L72322004M,FURN-000673,sherbim,30
FAT-0004004,INST-0424-2604004,ANG-0002109,True,NIVF-2714710586,2026-09-12,2026-09-16,4390710.23,pranuar,E_Vleftesuar,Miratuar,Po,R_Kaloi,2026-09-18,,L72322004M,FURN-000673,sherbim,30
FAT-0004005,INST-0173-2604005,ANG-0002110,True,NIVF-2801558092,2026-07-28,2026-07-29,488912.0,refuzuar,Kerkon_Rivleftesim,Refuzuar,Jo,,2026-08-04,Fiskalizim i pavlefshëm,J88730334W,FURN-000729,pune,30
FAT-0004006,INST-0099-2604006,ANG-0002111,True,NIVF-6857660098,2026-07-29,2026-08-01,230000.0,pranuar,E_Vleftesuar,Miratuar,Po,R_Kaloi,2026-08-05,,K24305001Q,FURN-000436,pune,30
FAT-0004007,INST-0621-2604007,ANG-0002112,True,NIVF-1076964127,2026-08-07,2026-08-08,20376.89,pranuar,E_Vleftesuar,Miratuar,Po,R_Kaloi,2026-08-13,,L02610601M,FURN-000586,mall,30
FAT-0004008,INST-0098-2604008,ANG-0002113,True,NIVF-4105238297,2026-07-27,2026-07-31,100000.0,pranuar,E_Vleftesuar,Miratuar,Po,R_Kaloi,2026-08-04,,M52311039R,FURN-000386,mall,30
FAT-0004009,INST-0957-2604009,ANG-0002114,True,NIVF-1250303295,2026-08-08,2026-08-09,682.69,pranuar,E_Vleftesuar,Miratuar,Po,R_Kaloi,2026-08-10,,K37509982G,FURN-000310,sherbim,30
FAT-0004010,INST-0957-2604010,ANG-0002114,True,NIVF-5170284178,2026-09-12,2026-09-14,99317.31,pranuar,E_Vleftesuar,Miratuar,Po,R_Kaloi,2026-09-18,,K37509982G,FURN-000310,sherbim,30
FAT-0004011,INST-0957-2604011,ANG-0002115,True,NIVF-8980514737,2026-07-28,2026-07-28,85000.0,pranuar,E_Vleftesuar,Miratuar,Po,R_Kaloi,2026-07-30,,M01928001F,FURN-000202,pune,30
FAT-0004012,INST-0122-2604012,ANG-0002116,True,NIVF-6282139152,2026-07-29,2026-07-29,263380.1,pranuar,E_Vleftesuar,Miratuar,Po,R_Kaloi,2026-08-06,,L51712008C,FURN-000189,mall,30
FAT-0004013,INST-0122-2604013,ANG-0002116,True,NIVF-1303411987,2026-09-07,2026-09-10,326331.9,pranuar,E_Vleftesuar,Miratuar,Po,R_Kaloi,2026-09-15,,L51712008C,FURN-000189,mall,30
FAT-0004014,INST-0122-2604014,ANG-0002117,True,NIVF-1697769744,2026-07-27,2026-07-29,51042.6,pranuar,E_Vleftesuar,Miratuar,Po,R_Kaloi,2026-08-04,,L01606034A,FURN-000056,mall,30
FAT-0004015,INST-0122-2604015,ANG-0002118,True,NIVF-9149813059,2026-08-07,2026-08-10,309895.0,pranuar,E_Vleftesuar,Miratuar,Po,R_Kaloi,2026-08-17,,K51612031J,FURN-000015,mall,30
FAT-0004016,INST-0655-2604016,ANG-0002119,True,NIVF-8513178058,2026-07-29,2026-07-30,98000.0,pranuar,E_Vleftesuar,Miratuar,Po,R_Kaloi,2026-08-08,,K32509660R,FURN-000587,mall,30
FAT-0004017,INST-0176-2604017,ANG-0002120,True,NIVF-6610189979,2026-08-01,2026-08-03,1050315.0,pranuar,E_Vleftesuar,Miratuar,Po,R_Kaloi,2026-08-12,,J64103631O,FURN-000674,pune,30
FAT-0004018,INST-0398-2604018,ANG-0002121,True,NIVF-1365861817,2026-07-27,2026-07-28,32883325.0,pranuar,E_Vleftesuar,Miratuar,Po,R_Kaloi,2026-08-05,,L51531003F,FURN-000503,mall,30
FAT-0004019,INST-0176-2604019,ANG-0002122,True,NIVF-7854261026,2026-08-08,2026-08-09,459833.25,pranuar,E_Vleftesuar,Miratuar,Po,R_Kaloi,2026-08-12,,L42103023G,FURN-000752,pune,30
FAT-0004020,INST-0176-2604020,ANG-0002122,True,NIVF-9237181262,2026-08-30,2026-09-02,299066.75,refuzuar,Kerkon_Rivleftesim,Refuzuar,Jo,,2026-09-03,Mospërputhje me kontratën,L42103023G,FURN-000752,pune,30
FAT-0004021,INST-0136-2604021,ANG-0002123,True,NIVF-1920399909,2026-07-29,2026-07-30,381064.03,pranuar,E_Vleftesuar,Miratuar,Po,R_Kaloi,2026-08-08,,K91530017T,FURN-000032,pune,30
FAT-0004022,INST-0136-2604022,ANG-0002123,True,NIVF-4121681395,2026-09-03,2026-09-05,1374751.97,pranuar,E_Vleftesuar,Miratuar,Po,R_Kaloi,2026-09-08,,K91530017T,FURN-000032,pune,30
FAT-0004023,INST-0172-2604023,ANG-0002124,True,NIVF-5866168842,2026-07-31,2026-08-04,9477.07,pranuar,E_Vleftesuar,Miratuar,Po,R_Kaloi,2026-08-06,,K33710769Q,FURN-000020,pune,30
FAT-0004024,INST-0172-2604024,ANG-0002124,True,NIVF-6354073415,2026-08-21,2026-08-24,7570.73,pranuar,E_Vleftesuar,Miratuar,Po,R_Kaloi,2026-08-31,,K33710769Q,FURN-000020,pune,30
FAT-0004025,INST-0172-2604025,ANG-0002125,True,NIVF-6398902456,2026-08-04,2026-08-04,33060.89,pranuar,E_Vleftesuar,Miratuar,Po,R_Kaloi,2026-08-07,,K31503002P,FURN-000502,pune,30
FAT-0004026,INST-0172-2604026,ANG-0002125,True,NIVF-7880548981,2026-08-27,2026-08-28,29741.15,pranuar,E_Vleftesuar,Miratuar,Po,R_Kaloi,2026-09-01,,K31503002P,FURN-000502,pune,30
FAT-0004027,INST-0172-2604027,ANG-0002126,True,NIVF-5307881464,2026-07-29,2026-07-29,4350.69,pranuar,E_Vleftesuar,Miratuar,Po,R_Kaloi,2026-08-07,,L61901013N,FURN-000577,pune,30
FAT-0004028,INST-0172-2604028,ANG-0002126,True,NIVF-8396375352,2026-09-14,2026-09-18,500518.54,pranuar,E_Vleftesuar,Miratuar,Po,R_Kaloi,2026-09-18,,L61901013N,FURN-000577,pune,30
FAT-0004029,INST-0243-2604029,ANG-0002127,True,NIVF-4468425905,2026-08-07,2026-08-08,5300.0,pranuar,E_Vleftesuar,Miratuar,Po,R_Kaloi,2026-08-09,,K51501001W,FURN-000514,sherbim,30
FAT-0004030,INST-0543-2604030,ANG-0002128,True,NIVF-5461010871,2026-08-03,2026-08-03,61596.37,pranuar,E_Vleftesuar,Miratuar,Po,R_Kaloi,2026-08-07,,L72203025F,FURN-000430,mall,30
FAT-0004031,INST-0543-2604031,ANG-0002128,True,NIVF-3662541493,2026-09-07,2026-09-08,12003.63,pranuar,E_Vleftesuar,Miratuar,Po,R_Kaloi,2026-09-12,,L72203025F,FURN-000430,mall,30
FAT-0004032,INST-0454-2604032,ANG-0002129,True,NIVF-5138433044,2026-08-09,2026-08-13,130901.58,pranuar,E_Vleftesuar,Miratuar,Po,R_Kaloi,2026-08-18,,K91530017T,FURN-000032,sherbim,30
FAT-0004033,INST-0454-2604033,ANG-0002129,True,NIVF-5546946829,2026-09-09,2026-09-11,55348.42,pranuar,E_Vleftesuar,Miratuar,Po,R_Kaloi,2026-09-16,,K91530017T,FURN-000032,sherbim,30
FAT-0004034,INST-0641-2604034,ANG-0002130,True,NIVF-8441817473,2026-08-03,2026-08-04,30429.67,pranuar,E_Vleftesuar,Miratuar,Po,R_Kaloi,2026-08-10,,M12605004A,FURN-000465,pune,30
FAT-0004035,INST-0641-2604035,ANG-0002130,True,NIVF-4398428617,2026-08-30,2026-09-03,41450.53,pranuar,E_Vleftesuar,Miratuar,Po,R_Kaloi,2026-09-06,,M12605004A,FURN-000465,pune,30
FAT-0004036,INST-0098-2604036,ANG-0002131,True,NIVF-5709156215,2026-07-29,2026-07-29,836356.94,pranuar,E_Vleftesuar,Miratuar,Po,R_Kaloi,2026-07-31,,K51612031J,FURN-000015,mall,30
FAT-0004037,INST-0098-2604037,ANG-0002131,True,NIVF-2786589887,2026-09-09,2026-09-10,560320.83,pranuar,E_Vleftesuar,Miratuar,Po,R_Kaloi,2026-09-13,,K51612031J,FURN-000015,mall,30
FAT-0004038,INST-0957-2604038,ANG-0002132,True,NIVF-1285882175,2026-08-02,2026-08-04,99537.35,pranuar,E_Vleftesuar,Miratuar,Po,R_Kaloi,2026-08-12,,J88730334W,FURN-000729,mall,30
FAT-0004039,INST-0957-2604039,ANG-0002132,True,NIVF-9953323406,2026-08-29,2026-09-01,87116.65,pranuar,E_Vleftesuar,Miratuar,Po,R_Kaloi,2026-09-10,,J88730334W,FURN-000729,mall,30
FAT-0004040,INST-0121-2604040,ANG-0002133,True,NIVF-6355885357,2026-08-08,2026-08-11,84000.0,pranuar,E_Vleftesuar,Miratuar,Po,R_Kaloi,2026-08-15,,J61814028F,FURN-000068,mall,30
FAT-0004041,INST-0134-2604041,ANG-0002134,True,NIVF-1836589443,2026-08-07,2026-08-08,825015.92,pranuar,E_Vleftesuar,Miratuar,Po,R_Kaloi,2026-08-15,,L42516201T,FURN-001048,sherbim,30
FAT-0004042,INST-0134-2604042,ANG-0002134,True,NIVF-6221557038,2026-09-18,2026-09-18,2974002.23,pranuar,E_Vleftesuar,Miratuar,Po,R_Kaloi,2026-09-18,,L42516201T,FURN-001048,sherbim,30
FAT-0004043,INST-0958-2604043,ANG-0002135,True,NIVF-2482570903,2026-07-28,2026-07-29,0.0,pranuar,E_Vleftesuar,Miratuar,Po,R_Kaloi,2026-08-05,,,,mall,30
FAT-0004044,INST-0144-2604044,ANG-0002136,True,NIVF-3480646991,2026-07-30,2026-08-01,65890.76,pranuar,E_Vleftesuar,Miratuar,Po,R_Kaloi,2026-08-09,,J88730334W,FURN-000729,mall,30
FAT-0004045,INST-0144-2604045,ANG-0002136,True,NIVF-8991649564,2026-09-05,2026-09-06,326491.24,pranuar,E_Vleftesuar,Miratuar,Po,R_Kaloi,2026-09-13,,J88730334W,FURN-000729,mall,30
FAT-0004046,INST-0175-2604046,ANG-0002137,True,NIVF-5951616152,2026-07-31,2026-07-31,12295.42,pranuar,E_Vleftesuar,Miratuar,Po,R_Kaloi,2026-08-05,,J97426216L,FURN-000200,pune,30
FAT-0004047,INST-0175-2604047,ANG-0002137,True,NIVF-2704463739,2026-09-10,2026-09-11,35738.84,pranuar,E_Vleftesuar,Miratuar,Po,R_Kaloi,2026-09-14,,J97426216L,FURN-000200,pune,30
FAT-0004048,INST-0117-2604048,ANG-0002138,True,NIVF-7850496381,2026-07-28,2026-07-28,593065.98,pranuar,E_Vleftesuar,Miratuar,Po,R_Kaloi,2026-07-29,,K74010001O,FURN-000537,pune,30
FAT-0004049,INST-0968-2604049,ANG-0002139,True,NIVF-2403241475,2026-07-30,2026-08-03,369791.75,pranuar,E_Vleftesuar,Miratuar,Po,R_Kaloi,2026-08-09,,K71707007Q,FURN-000160,pune,30
FAT-0004050,INST-0968-2604050,ANG-0002139,True,NIVF-8666080879,2026-08-26,2026-08-29,274208.25,pranuar,E_Vleftesuar,Miratuar,Po,R_Kaloi,2026-08-30,,K71707007Q,FURN-000160,pune,30
FAT-0004051,INST-0243-2604051,ANG-0002140,True,NIVF-5671192434,2026-08-02,2026-08-04,265575.64,pranuar,E_Vleftesuar,Miratuar,Po,R_Kaloi,2026-08-05,,L22203042N,FURN-000694,pune,30
FAT-0004052,INST-0139-2604052,ANG-0002141,True,NIVF-8570986140,2026-07-28,2026-08-01,4112.31,pranuar,E_Vleftesuar,Miratuar,Po,R_Kaloi,2026-08-06,,K21710002J,FURN-000095,pune,30
FAT-0004053,INST-0139-2604053,ANG-0002141,True,NIVF-2562187521,2026-09-11,2026-09-13,9288.92,pranuar,E_Vleftesuar,Miratuar,Po,R_Kaloi,2026-09-14,,K21710002J,FURN-000095,pune,30
FAT-0004054,INST-0970-2604054,ANG-0002142,True,NIVF-4844987085,2026-07-30,2026-08-03,565000.0,pranuar,E_Vleftesuar,Miratuar,Po,R_Kaloi,2026-08-04,,M51320077D,FURN-000812,sherbim,30
FAT-0004055,INST-0970-2604055,ANG-0002143,True,NIVF-5979501856,2026-08-03,2026-08-05,61575.42,pranuar,E_Vleftesuar,Miratuar,Po,R_Kaloi,2026-08-14,,K91530017T,FURN-000032,sherbim,30
FAT-0004056,INST-0970-2604056,ANG-0002143,True,NIVF-7158459610,2026-08-27,2026-08-27,46824.58,pranuar,E_Vleftesuar,Miratuar,Po,R_Kaloi,2026-08-30,,K91530017T,FURN-000032,sherbim,30
FAT-0004057,INST-0970-2604057,ANG-0002144,True,NIVF-4637935430,2026-08-06,2026-08-08,51010.02,pranuar,E_Vleftesuar,Miratuar,Po,R_Kaloi,2026-08-13,,M31904013D,FURN-001273,sherbim,30
FAT-0004058,INST-0970-2604058,ANG-0002144,True,NIVF-7212281452,2026-08-27,2026-08-29,364198.42,pranuar,E_Vleftesuar,Miratuar,Po,R_Kaloi,2026-09-01,,M31904013D,FURN-001273,sherbim,30
FAT-0004059,INST-0591-2604059,ANG-0002145,True,NIVF-4305123092,2026-08-01,2026-08-01,842.48,pranuar,E_Vleftesuar,Miratuar,Po,R_Kaloi,2026-08-08,,K91413010N,FURN-000161,mall,30
FAT-0004060,INST-0591-2604060,ANG-0002145,True,NIVF-2372405994,2026-08-26,2026-08-29,82490.52,pranuar,E_Vleftesuar,Miratuar,Po,R_Kaloi,2026-09-03,,K91413010N,FURN-000161,mall,30
FAT-0004061,INST-0456-2604061,ANG-0002146,True,NIVF-9854068191,2026-08-10,2026-08-11,7925.17,pranuar,E_Vleftesuar,Miratuar,Po,R_Kaloi,2026-08-13,,K91530017T,FURN-000032,mall,30
FAT-0004062,INST-0161-2604062,ANG-0002147,True,NIVF-2417831341,2026-07-30,2026-08-02,135950.0,pranuar,E_Vleftesuar,Miratuar,Po,R_Kaloi,2026-08-04,,K92201080V,FURN-000119,mall,30
FAT-0004063,INST-0621-2604063,ANG-0002148,True,NIVF-6431715384,2026-08-07,2026-08-10,312000.0,pranuar,E_Vleftesuar,Miratuar,Po,R_Kaloi,2026-08-11,,M11307042L,FURN-000419,mall,30
FAT-0004064,INST-0099-2604064,ANG-0002149,True,NIVF-3857249097,2026-08-04,2026-08-04,13116.95,pranuar,E_Vleftesuar,Miratuar,Po,R_Kaloi,2026-08-05,,L62102007V,FURN-000058,pune,30
FAT-0004065,INST-0099-2604065,ANG-0002149,True,NIVF-9029989795,2026-09-01,2026-09-05,36333.05,pranuar,E_Vleftesuar,Miratuar,Po,R_Kaloi,2026-09-10,,L62102007V,FURN-000058,pune,30
FAT-0004066,INST-0234-2604066,ANG-0002150,True,NIVF-3644447977,2026-08-07,2026-08-08,40265.05,pranuar,E_Vleftesuar,Miratuar,Po,R_Kaloi,2026-08-09,,K12201002T,FURN-000088,mall,30
FAT-0004067,INST-0234-2604067,ANG-0002150,True,NIVF-3442760391,2026-09-11,2026-09-13,32878.42,pranuar,E_Vleftesuar,Miratuar,Po,R_Kaloi,2026-09-14,,K12201002T,FURN-000088,mall,30
FAT-0004068,INST-0621-2604068,ANG-0002151,True,NIVF-4047824213,2026-08-11,2026-08-12,415196.0,pranuar,E_Vleftesuar,Miratuar,Po,R_Kaloi,2026-08-19,,M57122701K,FURN-000647,mall,30
FAT-0004069,INST-0621-2604069,ANG-0002152,True,NIVF-1982827437,2026-08-10,2026-08-12,1436089.92,pranuar,E_Vleftesuar,Miratuar,Po,R_Kaloi,2026-08-21,,L82322016N,FURN-000784,sherbim,30
FAT-0004070,INST-0621-2604070,ANG-0002153,True,NIVF-7581904051,2026-08-08,2026-08-10,549000.0,pranuar,E_Vleftesuar,Miratuar,Po,R_Kaloi,2026-08-14,,L82008020I,FURN-000425,sherbim,30
FAT-0004071,INST-0621-2604071,ANG-0002154,True,NIVF-5340636398,2026-08-07,2026-08-08,381150.0,pranuar,E_Vleftesuar,Miratuar,Po,R_Kaloi,2026-08-13,,K91530017T,FURN-000032,sherbim,30
FAT-0004072,INST-0161-2604072,ANG-0002155,True,NIVF-6332981986,2026-08-01,2026-08-05,182400.0,pranuar,E_Vleftesuar,Miratuar,Po,R_Kaloi,2026-08-14,,K91628009V,FURN-000412,pune,30
FAT-0004073,INST-0168-2604073,ANG-0002156,True,NIVF-6836839287,2026-08-11,2026-08-12,145435.42,pranuar,E_Vleftesuar,Miratuar,Po,R_Kaloi,2026-08-13,,L12107043O,FURN-000120,pune,30
FAT-0004074,INST-1014-2604074,ANG-0002157,True,NIVF-6683743348,2026-08-05,2026-08-06,44524.44,refuzuar,Kerkon_Rivleftesim,Refuzuar,Jo,,2026-08-07,Mospërputhje me kontratën,J61901194M,FURN-000348,mall,30
FAT-0004075,INST-1014-2604075,ANG-0002157,True,NIVF-8146554851,2026-09-06,2026-09-06,41475.56,pranuar,E_Vleftesuar,Miratuar,Po,R_Kaloi,2026-09-11,,J61901194M,FURN-000348,mall,30
FAT-0004076,INST-0588-2604076,ANG-0002158,True,NIVF-5048801729,2026-08-02,2026-08-02,28665.33,refuzuar,Kerkon_Rivleftesim,Refuzuar,Jo,,2026-08-09,Mospërputhje me kontratën,M19305501L,FURN-000435,sherbim,30
FAT-0004077,INST-0568-2604077,ANG-0002159,True,NIVF-7536161714,2026-08-12,2026-08-16,583800.0,pranuar,E_Vleftesuar,Miratuar,Po,R_Kaloi,2026-08-17,,M48110601O,FURN-000214,sherbim,30
FAT-0004078,INST-0624-2604078,ANG-0002160,True,NIVF-9029378116,2026-08-10,2026-08-12,57970.35,pranuar,E_Vleftesuar,Miratuar,Po,R_Kaloi,2026-08-16,,L71921002H,FURN-000098,mall,30
FAT-0004079,INST-0624-2604079,ANG-0002160,True,NIVF-7244872486,2026-09-15,2026-09-18,9029.65,pranuar,E_Vleftesuar,Miratuar,Po,R_Kaloi,2026-09-18,,L71921002H,FURN-000098,mall,30
FAT-0004080,INST-0921-2604080,ANG-0002161,True,NIVF-7687141113,2026-07-30,2026-08-03,127296.0,pranuar,E_Vleftesuar,Miratuar,Po,R_Kaloi,2026-08-09,,L12107043O,FURN-000120,mall,30
FAT-0004081,INST-0172-2604081,ANG-0002162,True,NIVF-7674484012,2026-08-04,2026-08-07,449052.58,pranuar,E_Vleftesuar,Miratuar,Po,R_Kaloi,2026-08-16,,M42614002J,FURN-000250,sherbim,30
FAT-0004082,INST-0172-2604082,ANG-0002163,True,NIVF-6279582930,2026-08-07,2026-08-09,140000.0,pranuar,E_Vleftesuar,Miratuar,Po,R_Kaloi,2026-08-13,,L41629009A,FURN-000480,sherbim,30
FAT-0004083,INST-0172-2604083,ANG-0002164,True,NIVF-8167697087,2026-08-10,2026-08-10,0.0,pranuar,E_Vleftesuar,Miratuar,Po,R_Kaloi,2026-08-19,,,,sherbim,30
FAT-0004084,INST-0172-2604084,ANG-0002164,True,NIVF-3052517868,2026-09-11,2026-09-13,0.0,pranuar,E_Vleftesuar,Miratuar,Po,R_Kaloi,2026-09-14,,,,sherbim,30
FAT-0004085,INST-0172-2604085,ANG-0002165,True,NIVF-9422636352,2026-08-01,2026-08-04,778800.0,pranuar,E_Vleftesuar,Miratuar,Po,R_Kaloi,2026-08-05,,L12407012R,FURN-000579,sherbim,30
FAT-0004086,INST-0621-2604086,ANG-0002166,True,NIVF-1065923581,2026-08-15,2026-08-15,71480.63,pranuar,E_Vleftesuar,Miratuar,Po,R_Kaloi,2026-08-23,,M57122701K,FURN-000647,mall,30
FAT-0004087,INST-0621-2604087,ANG-0002166,True,NIVF-1521438767,2026-09-06,2026-09-07,193519.37,pranuar,E_Vleftesuar,Miratuar,Po,R_Kaloi,2026-09-15,,M57122701K,FURN-000647,mall,30
FAT-0004088,INST-0151-2604088,ANG-0002167,True,NIVF-2808488455,2026-08-02,2026-08-06,5331.89,pranuar,E_Vleftesuar,Miratuar,Po,R_Kaloi,2026-08-10,,L41628006Q,FURN-000442,pune,30
FAT-0004089,INST-0151-2604089,ANG-0002167,True,NIVF-9361636083,2026-08-31,2026-09-01,59470.46,pranuar,E_Vleftesuar,Miratuar,Po,R_Kaloi,2026-09-03,,L41628006Q,FURN-000442,pune,30
FAT-0004090,INST-0621-2604090,ANG-0002168,True,NIVF-5718870080,2026-08-12,2026-08-12,893834.38,refuzuar,Kerkon_Rivleftesim,Refuzuar,Jo,,2026-08-16,Gabim në shumën e faturuar,M11707049K,FURN-000211,mall,30
FAT-0004091,INST-0621-2604091,ANG-0002169,True,NIVF-3523593592,2026-08-02,2026-08-05,399000.0,pranuar,E_Vleftesuar,Miratuar,Po,R_Kaloi,2026-08-11,,M51321047K,FURN-000422,mall,30
FAT-0004092,INST-0621-2604092,ANG-0002170,True,NIVF-6953949692,2026-08-01,2026-08-01,67728.66,refuzuar,Kerkon_Rivleftesim,Refuzuar,Jo,,2026-08-09,Fiskalizim i pavlefshëm,L42103023G,FURN-000752,mall,30
FAT-0004093,INST-0621-2604093,ANG-0002170,True,NIVF-7649269521,2026-09-08,2026-09-09,64771.34,pranuar,E_Vleftesuar,Miratuar,Po,R_Kaloi,2026-09-13,,L42103023G,FURN-000752,mall,30
FAT-0004094,INST-0621-2604094,ANG-0002171,True,NIVF-7641046816,2026-08-11,2026-08-15,1284.14,pranuar,E_Vleftesuar,Miratuar,Po,R_Kaloi,2026-08-18,,J61814028F,FURN-000068,mall,30
FAT-0004095,INST-0957-2604095,ANG-0002172,True,NIVF-5682820912,2026-08-06,2026-08-08,166666.0,pranuar,E_Vleftesuar,Miratuar,Po,R_Kaloi,2026-08-10,,L71821024L,FURN-001096,mall,30
FAT-0004096,INST-0456-2604096,ANG-0002173,True,NIVF-3819354520,2026-08-02,2026-08-03,284116.2,pranuar,E_Vleftesuar,Miratuar,Po,R_Kaloi,2026-08-04,,L71920001R,FURN-000772,mall,30
FAT-0004097,INST-0456-2604097,ANG-0002173,True,NIVF-1860267955,2026-09-03,2026-09-06,113509.13,pranuar,E_Vleftesuar,Miratuar,Po,R_Kaloi,2026-09-07,,L71920001R,FURN-000772,mall,30
FAT-0004098,INST-0456-2604098,ANG-0002174,True,NIVF-6821881142,2026-08-01,2026-08-05,33332.94,pranuar,E_Vleftesuar,Miratuar,Po,R_Kaloi,2026-08-08,,K63113202D,FURN-001761,mall,30
FAT-0004099,INST-0456-2604099,ANG-0002174,True,NIVF-5959628129,2026-09-03,2026-09-06,20856.57,pranuar,E_Vleftesuar,Miratuar,Po,R_Kaloi,2026-09-09,,K63113202D,FURN-001761,mall,30
FAT-0004100,INST-0579-2604100,ANG-0002175,True,NIVF-9933055029,2026-08-07,2026-08-11,78507.43,pranuar,E_Vleftesuar,Miratuar,Po,R_Kaloi,2026-08-19,,M11529014H,FURN-000062,sherbim,30
FAT-0004101,INST-0579-2604101,ANG-0002175,True,NIVF-1887140588,2026-09-03,2026-09-05,21408.57,pranuar,E_Vleftesuar,Miratuar,Po,R_Kaloi,2026-09-14,,M11529014H,FURN-000062,sherbim,30
FAT-0004102,INST-1010-2604102,ANG-0002176,True,NIVF-3184043430,2026-08-08,2026-08-09,8373.08,pranuar,E_Vleftesuar,Miratuar,Po,R_Kaloi,2026-08-14,,L62311016C,FURN-000133,mall,30
FAT-0004103,INST-1010-2604103,ANG-0002176,True,NIVF-8728212194,2026-09-18,2026-09-18,2401.07,pranuar,E_Vleftesuar,Miratuar,Po,R_Kaloi,2026-09-18,,L62311016C,FURN-000133,mall,30
FAT-0004104,INST-0215-2604104,ANG-0002177,True,NIVF-9946941501,2026-08-09,2026-08-10,467688.46,pranuar,E_Vleftesuar,Miratuar,Po,R_Kaloi,2026-08-14,,J66702413V,FURN-000898,sherbim,30
FAT-0004105,INST-0215-2604105,ANG-0002178,True,NIVF-2995626024,2026-08-05,2026-08-07,207213.67,pranuar,E_Vleftesuar,Miratuar,Po,R_Kaloi,2026-08-12,,J71907014E,FURN-000621,sherbim,30
FAT-0004106,INST-0215-2604106,ANG-0002178,True,NIVF-4556928844,2026-08-26,2026-08-26,414149.27,pranuar,E_Vleftesuar,Miratuar,Po,R_Kaloi,2026-08-31,,J71907014E,FURN-000621,sherbim,30
FAT-0004107,INST-0215-2604107,ANG-0002179,True,NIVF-1710413540,2026-08-15,2026-08-17,1982840.0,pranuar,E_Vleftesuar,Miratuar,Po,R_Kaloi,2026-08-23,,J87602809S,FURN-001678,sherbim,30
FAT-0004108,INST-0215-2604108,ANG-0002180,True,NIVF-6973358415,2026-08-01,2026-08-05,235721.4,refuzuar,Kerkon_Rivleftesim,Refuzuar,Jo,,2026-08-10,Fiskalizim i pavlefshëm,K57923807W,FURN-000813,sherbim,30
FAT-0004109,INST-0215-2604109,ANG-0002180,True,NIVF-2696311541,2026-08-30,2026-09-01,24634.5,pranuar,E_Vleftesuar,Miratuar,Po,R_Kaloi,2026-09-10,,K57923807W,FURN-000813,sherbim,30
FAT-0004110,INST-0215-2604110,ANG-0002181,True,NIVF-5337813740,2026-08-11,2026-08-13,79761.14,pranuar,E_Vleftesuar,Miratuar,Po,R_Kaloi,2026-08-20,,M61503062Q,FURN-000891,sherbim,30
FAT-0004111,INST-0215-2604111,ANG-0002182,True,NIVF-7747395297,2026-08-14,2026-08-17,15258.42,pranuar,E_Vleftesuar,Miratuar,Po,R_Kaloi,2026-08-19,,K51612031J,FURN-000015,sherbim,30
FAT-0004112,INST-0215-2604112,ANG-0002183,True,NIVF-1518354332,2026-08-13,2026-08-15,384089.81,pranuar,E_Vleftesuar,Miratuar,Po,R_Kaloi,2026-08-18,,M42113001E,FURN-001194,sherbim,30
FAT-0004113,INST-0215-2604113,ANG-0002183,True,NIVF-8383301581,2026-09-04,2026-09-08,1693849.55,pranuar,E_Vleftesuar,Miratuar,Po,R_Kaloi,2026-09-10,,M42113001E,FURN-001194,sherbim,30
FAT-0004114,INST-0215-2604114,ANG-0002184,True,NIVF-7650268886,2026-08-11,2026-08-11,19476.48,pranuar,E_Vleftesuar,Miratuar,Po,R_Kaloi,2026-08-15,,K41420001V,FURN-000016,sherbim,30
FAT-0004115,INST-0215-2604115,ANG-0002184,True,NIVF-9020227090,2026-09-04,2026-09-07,65805.5,pranuar,E_Vleftesuar,Miratuar,Po,R_Kaloi,2026-09-14,,K41420001V,FURN-000016,sherbim,30
FAT-0004116,INST-0215-2604116,ANG-0002185,True,NIVF-2023951781,2026-08-04,2026-08-04,9051000.0,pranuar,E_Vleftesuar,Miratuar,Po,R_Kaloi,2026-08-13,,J62009007F,FURN-000385,sherbim,30
FAT-0004117,INST-0215-2604117,ANG-0002186,True,NIVF-1489646227,2026-08-14,2026-08-18,3920.41,pranuar,E_Vleftesuar,Miratuar,Po,R_Kaloi,2026-08-19,,M42209031I,FURN-000796,sherbim,30
FAT-0004118,INST-0215-2604118,ANG-0002186,True,NIVF-1198196741,2026-09-06,2026-09-08,38215.82,pranuar,E_Vleftesuar,Miratuar,Po,R_Kaloi,2026-09-15,,M42209031I,FURN-000796,sherbim,30
FAT-0004119,INST-0215-2604119,ANG-0002187,True,NIVF-1460962882,2026-08-11,2026-08-14,96059.74,pranuar,E_Vleftesuar,Miratuar,Po,R_Kaloi,2026-08-22,,M52213505B,FURN-000426,sherbim,30
FAT-0004120,INST-0215-2604120,ANG-0002187,True,NIVF-4080390153,2026-09-14,2026-09-15,10871.22,pranuar,E_Vleftesuar,Miratuar,Po,R_Kaloi,2026-09-18,,M52213505B,FURN-000426,sherbim,30
FAT-0004121,INST-0169-2604121,ANG-0002188,True,NIVF-5843234717,2026-08-14,2026-08-18,39001.24,pranuar,E_Vleftesuar,Miratuar,Po,R_Kaloi,2026-08-22,,L52704802K,FURN-000235,sherbim,30
FAT-0004122,INST-0169-2604122,ANG-0002188,True,NIVF-6315328096,2026-09-08,2026-09-08,60790.76,pranuar,E_Vleftesuar,Miratuar,Po,R_Kaloi,2026-09-14,,L52704802K,FURN-000235,sherbim,30
FAT-0004123,INST-0175-2604123,ANG-0002189,True,NIVF-3765780453,2026-08-01,2026-08-03,184393.89,pranuar,E_Vleftesuar,Miratuar,Po,R_Kaloi,2026-08-06,,K66801001T,FURN-000325,mall,30
FAT-0004124,INST-0175-2604124,ANG-0002189,True,NIVF-1769584817,2026-09-04,2026-09-07,51759.81,pranuar,E_Vleftesuar,Miratuar,Po,R_Kaloi,2026-09-13,,K66801001T,FURN-000325,mall,30
FAT-0004125,INST-0175-2604125,ANG-0002190,True,NIVF-3243506331,2026-08-02,2026-08-04,350000.0,pranuar,E_Vleftesuar,Miratuar,Po,R_Kaloi,2026-08-06,,K71717003L,FURN-000704,mall,30
FAT-0004126,INST-0560-2604126,ANG-0002191,True,NIVF-9236504960,2026-08-01,2026-08-02,674702.23,pranuar,E_Vleftesuar,Miratuar,Po,R_Kaloi,2026-08-07,,K33708276F,FURN-000823,mall,30
FAT-0004127,INST-0560-2604127,ANG-0002191,True,NIVF-5845652838,2026-08-29,2026-09-01,309297.77,pranuar,E_Vleftesuar,Miratuar,Po,R_Kaloi,2026-09-08,,K33708276F,FURN-000823,mall,30
FAT-0004128,INST-1004-2604128,ANG-0002192,True,NIVF-7378894024,2026-08-09,2026-08-12,165826.25,pranuar,E_Vleftesuar,Miratuar,Po,R_Kaloi,2026-08-17,,J61814028F,FURN-000068,mall,30
FAT-0004129,INST-1004-2604129,ANG-0002192,True,NIVF-6697255860,2026-09-04,2026-09-07,252455.35,refuzuar,Kerkon_Rivleftesim,Refuzuar,Jo,,2026-09-12,Gabim në shumën e faturuar,J61814028F,FURN-000068,mall,30
FAT-0004130,INST-0963-2604130,ANG-0002193,True,NIVF-7576182416,2026-08-05,2026-08-07,140392.92,pranuar,E_Vleftesuar,Miratuar,Po,R_Kaloi,2026-08-14,,L61621027F,FURN-000562,sherbim,30
FAT-0004131,INST-0963-2604131,ANG-0002193,True,NIVF-4865776486,2026-09-12,2026-09-13,23234.3,pranuar,E_Vleftesuar,Miratuar,Po,R_Kaloi,2026-09-18,,L61621027F,FURN-000562,sherbim,30
FAT-0004132,INST-0057-2604132,ANG-0002194,True,NIVF-4087015825,2026-08-10,2026-08-12,35802.35,pranuar,E_Vleftesuar,Miratuar,Po,R_Kaloi,2026-08-21,,L91418502J,FURN-000101,pune,30
FAT-0004133,INST-0099-2604133,ANG-0002195,True,NIVF-6053204579,2026-08-15,2026-08-15,238807.66,pranuar,E_Vleftesuar,Miratuar,Po,R_Kaloi,2026-08-19,,K12201002T,FURN-000088,mall,30
FAT-0004134,INST-0242-2604134,ANG-0002196,True,NIVF-6005709703,2026-08-03,2026-08-04,3250.77,pranuar,E_Vleftesuar,Miratuar,Po,R_Kaloi,2026-08-09,,J62426002Q,FURN-000236,pune,30
FAT-0004135,INST-0456-2604135,ANG-0002197,True,NIVF-4421120403,2026-08-03,2026-08-06,38000.0,pranuar,E_Vleftesuar,Miratuar,Po,R_Kaloi,2026-08-13,,K81311017J,FURN-000361,mall,30
FAT-0004136,INST-0099-2604136,ANG-0002198,True,NIVF-8530136163,2026-08-10,2026-08-10,1118078.56,pranuar,E_Vleftesuar,Miratuar,Po,R_Kaloi,2026-08-13,,L72322004M,FURN-000673,pune,30
FAT-0004137,INST-0099-2604137,ANG-0002198,True,NIVF-1184153760,2026-09-11,2026-09-11,957864.62,pranuar,E_Vleftesuar,Miratuar,Po,R_Kaloi,2026-09-15,,L72322004M,FURN-000673,pune,30
FAT-0004138,INST-0099-2604138,ANG-0002199,True,NIVF-8756752627,2026-08-04,2026-08-07,3197.02,pranuar,E_Vleftesuar,Miratuar,Po,R_Kaloi,2026-08-13,,M06413702V,FURN-000421,pune,30
FAT-0004139,INST-0242-2604139,ANG-0002200,True,NIVF-8771606546,2026-08-15,2026-08-17,5635.38,pranuar,E_Vleftesuar,Miratuar,Po,R_Kaloi,2026-08-22,,M11718011D,FURN-001527,pune,30
FAT-0004140,INST-0098-2604140,ANG-0002201,True,NIVF-2811553180,2026-08-04,2026-08-05,6197.62,pranuar,E_Vleftesuar,Miratuar,Po,R_Kaloi,2026-08-10,,K21405001N,FURN-000404,sherbim,30
FAT-0004141,INST-0098-2604141,ANG-0002201,True,NIVF-7981119924,2026-08-25,2026-08-25,3372.38,pranuar,E_Vleftesuar,Miratuar,Po,R_Kaloi,2026-09-03,,K21405001N,FURN-000404,sherbim,30
FAT-0004142,INST-0964-2604142,ANG-0002202,True,NIVF-8441571563,2026-08-16,2026-08-16,9617.63,pranuar,E_Vleftesuar,Miratuar,Po,R_Kaloi,2026-08-25,,L71715003C,FURN-000184,sherbim,30
FAT-0004143,INST-0172-2604143,ANG-0002203,True,NIVF-7862999931,2026-08-13,2026-08-17,13384.47,pranuar,E_Vleftesuar,Miratuar,Po,R_Kaloi,2026-08-25,,K36315706P,FURN-000256,mall,30
FAT-0004144,INST-0172-2604144,ANG-0002204,True,NIVF-4672457264,2026-08-13,2026-08-16,2396.43,refuzuar,Kerkon_Rivleftesim,Refuzuar,Jo,,2026-08-24,Fiskalizim i pavlefshëm,K91530017T,FURN-000032,pune,30
FAT-0004145,INST-0172-2604145,ANG-0002204,True,NIVF-8915716630,2026-09-05,2026-09-08,36603.57,pranuar,E_Vleftesuar,Miratuar,Po,R_Kaloi,2026-09-11,,K91530017T,FURN-000032,pune,30
FAT-0004146,INST-0621-2604146,ANG-0002205,True,NIVF-9732978005,2026-08-04,2026-08-08,148301.94,pranuar,E_Vleftesuar,Miratuar,Po,R_Kaloi,2026-08-10,,K38708310A,FURN-000035,sherbim,30
FAT-0004147,INST-0144-2604147,ANG-0002206,True,NIVF-6983922714,2026-08-13,2026-08-16,40094.1,pranuar,E_Vleftesuar,Miratuar,Po,R_Kaloi,2026-08-24,,M52311020H,FURN-000213,pune,30
FAT-0004148,INST-0144-2604148,ANG-0002206,True,NIVF-5690082094,2026-09-10,2026-09-14,59705.9,pranuar,E_Vleftesuar,Miratuar,Po,R_Kaloi,2026-09-18,,M52311020H,FURN-000213,pune,30
FAT-0004149,INST-0591-2604149,ANG-0002207,True,NIVF-8978175189,2026-08-08,2026-08-12,36349.42,pranuar,E_Vleftesuar,Miratuar,Po,R_Kaloi,2026-08-19,,L91418502J,FURN-000101,mall,30
FAT-0004150,INST-0433-2604150,ANG-0002208,True,NIVF-5819985840,2026-08-13,2026-08-17,317972.47,pranuar,E_Vleftesuar,Miratuar,Po,R_Kaloi,2026-08-20,,L71421032N,FURN-000307,sherbim,30
FAT-0004151,INST-0433-2604151,ANG-0002208,True,NIVF-8375715323,2026-09-08,2026-09-10,249027.53,pranuar,E_Vleftesuar,Miratuar,Po,R_Kaloi,2026-09-15,,L71421032N,FURN-000307,sherbim,30
FAT-0004152,INST-0424-2604152,ANG-0002209,True,NIVF-3756717954,2026-08-06,2026-08-07,55930.95,pranuar,E_Vleftesuar,Miratuar,Po,R_Kaloi,2026-08-10,,L01322018T,FURN-000401,pune,30
FAT-0004153,INST-0424-2604153,ANG-0002209,True,NIVF-2003927396,2026-09-12,2026-09-13,41569.05,pranuar,E_Vleftesuar,Miratuar,Po,R_Kaloi,2026-09-15,,L01322018T,FURN-000401,pune,30
FAT-0004154,INST-0099-2604154,ANG-0002210,True,NIVF-5571172779,2026-08-05,2026-08-08,162686.37,pranuar,E_Vleftesuar,Miratuar,Po,R_Kaloi,2026-08-15,,L53520801J,FURN-000720,pune,30
FAT-0004155,INST-0099-2604155,ANG-0002210,True,NIVF-8706932376,2026-09-04,2026-09-04,92313.63,pranuar,E_Vleftesuar,Miratuar,Po,R_Kaloi,2026-09-09,,L53520801J,FURN-000720,pune,30
FAT-0004156,INST-0098-2604156,ANG-0002211,True,NIVF-5873222574,2026-08-16,2026-08-20,82250.0,pranuar,E_Vleftesuar,Miratuar,Po,R_Kaloi,2026-08-21,,K51725033B,FURN-000438,pune,30
FAT-0004157,INST-0172-2604157,ANG-0002212,True,NIVF-4592923942,2026-08-04,2026-08-06,4314.58,pranuar,E_Vleftesuar,Miratuar,Po,R_Kaloi,2026-08-08,,L81618035G,FURN-000511,pune,30
FAT-0004158,INST-0172-2604158,ANG-0002212,True,NIVF-8648094746,2026-09-07,2026-09-09,12343.8,pranuar,E_Vleftesuar,Miratuar,Po,R_Kaloi,2026-09-16,,L81618035G,FURN-000511,pune,30
FAT-0004159,INST-0156-2604159,ANG-0002213,True,NIVF-6626519904,2026-08-09,2026-08-13,40555.71,pranuar,E_Vleftesuar,Miratuar,Po,R_Kaloi,2026-08-21,,J91419001U,FURN-000218,mall,30
FAT-0004160,INST-0162-2604160,ANG-0002214,True,NIVF-9359942468,2026-08-10,2026-08-11,20863.82,pranuar,E_Vleftesuar,Miratuar,Po,R_Kaloi,2026-08-13,,M62828402T,FURN-000721,pune,30
FAT-0004161,INST-0163-2604161,ANG-0002215,True,NIVF-6700082688,2026-08-15,2026-08-16,28109.14,pranuar,E_Vleftesuar,Miratuar,Po,R_Kaloi,2026-08-19,,L51419022R,FURN-000457,pune,30
FAT-0004162,INST-0163-2604162,ANG-0002215,True,NIVF-1180709821,2026-09-18,2026-09-18,15552.05,pranuar,E_Vleftesuar,Miratuar,Po,R_Kaloi,2026-09-18,,L51419022R,FURN-000457,pune,30
FAT-0004163,INST-0144-2604163,ANG-0002216,True,NIVF-3315586994,2026-08-08,2026-08-08,88303.6,pranuar,E_Vleftesuar,Miratuar,Po,R_Kaloi,2026-08-11,,M51819020O,FURN-000603,pune,30
FAT-0004164,INST-0965-2604164,ANG-0002217,True,NIVF-1932602787,2026-08-09,2026-08-11,228830.76,pranuar,E_Vleftesuar,Miratuar,Po,R_Kaloi,2026-08-12,,M51602507S,FURN-000602,pune,30
FAT-0004165,INST-0436-2604165,ANG-0002218,True,NIVF-2198900133,2026-08-04,2026-08-05,375940.74,pranuar,E_Vleftesuar,Miratuar,Po,R_Kaloi,2026-08-13,,L62102007V,FURN-000058,pune,30
FAT-0004166,INST-0436-2604166,ANG-0002218,True,NIVF-5117531660,2026-09-01,2026-09-01,514059.26,pranuar,E_Vleftesuar,Miratuar,Po,R_Kaloi,2026-09-07,,L62102007V,FURN-000058,pune,30
FAT-0004167,INST-0169-2604167,ANG-0002219,True,NIVF-2799997888,2026-08-13,2026-08-17,648996.0,pranuar,E_Vleftesuar,Miratuar,Po,R_Kaloi,2026-08-19,,M53420402O,FURN-000147,pune,30
FAT-0004168,INST-0154-2604168,ANG-0002220,True,NIVF-1911967240,2026-08-12,2026-08-15,496067.39,pranuar,E_Vleftesuar,Miratuar,Po,R_Kaloi,2026-08-18,,L87812902D,FURN-000960,pune,30
FAT-0004169,INST-0154-2604169,ANG-0002220,True,NIVF-5398362255,2026-09-17,2026-09-17,343268.74,pranuar,E_Vleftesuar,Miratuar,Po,R_Kaloi,2026-09-18,,L87812902D,FURN-000960,pune,30
FAT-0004170,INST-0404-2604170,ANG-0002221,True,NIVF-6770516238,2026-08-05,2026-08-07,79572.62,pranuar,E_Vleftesuar,Miratuar,Po,R_Kaloi,2026-08-10,,K91425009A,FURN-000597,mall,30
FAT-0004171,INST-0404-2604171,ANG-0002221,True,NIVF-6133630084,2026-09-09,2026-09-13,574756.64,pranuar,E_Vleftesuar,Miratuar,Po,R_Kaloi,2026-09-18,,K91425009A,FURN-000597,mall,30
FAT-0004172,INST-0099-2604172,ANG-0002222,True,NIVF-6082231022,2026-08-16,2026-08-18,222169.0,pranuar,E_Vleftesuar,Miratuar,Po,R_Kaloi,2026-08-26,,K11807008V,FURN-000073,sherbim,30
FAT-0004173,INST-0099-2604173,ANG-0002223,True,NIVF-7839296666,2026-08-14,2026-08-18,48735.55,pranuar,E_Vleftesuar,Miratuar,Po,R_Kaloi,2026-08-22,,M01321501F,FURN-000205,sherbim,30
FAT-0004174,INST-0157-2604174,ANG-0002224,True,NIVF-1652512925,2026-08-08,2026-08-09,10661.75,pranuar,E_Vleftesuar,Miratuar,Po,R_Kaloi,2026-08-16,,M11501019A,FURN-000581,mall,30
FAT-0004175,INST-0157-2604175,ANG-0002224,True,NIVF-3177759039,2026-09-05,2026-09-09,113496.74,pranuar,E_Vleftesuar,Miratuar,Po,R_Kaloi,2026-09-16,,M11501019A,FURN-000581,mall,30
FAT-0004176,INST-0099-2604176,ANG-0002225,True,NIVF-2149752221,2026-08-15,2026-08-19,86745.02,pranuar,E_Vleftesuar,Miratuar,Po,R_Kaloi,2026-08-20,,K54103601Q,FURN-000553,sherbim,30
FAT-0004177,INST-0099-2604177,ANG-0002225,True,NIVF-3417616515,2026-09-10,2026-09-10,13254.98,pranuar,E_Vleftesuar,Miratuar,Po,R_Kaloi,2026-09-14,,K54103601Q,FURN-000553,sherbim,30
FAT-0004178,INST-0433-2604178,ANG-0002226,True,NIVF-1663558063,2026-08-09,2026-08-09,68390.65,refuzuar,Kerkon_Rivleftesim,Refuzuar,Jo,,2026-08-15,Mospërputhje me kontratën,M52124014A,FURN-000437,pune,30
FAT-0004179,INST-0128-2604179,ANG-0002227,True,NIVF-2358010239,2026-08-05,2026-08-09,97000.0,pranuar,E_Vleftesuar,Miratuar,Po,R_Kaloi,2026-08-10,,L41628006Q,FURN-000442,mall,30
FAT-0004180,INST-0624-2604180,ANG-0002228,True,NIVF-6566219931,2026-08-10,2026-08-14,1666500.0,pranuar,E_Vleftesuar,Miratuar,Po,R_Kaloi,2026-08-21,,L01314031G,FURN-000515,sherbim,30
FAT-0004181,INST-0237-2604181,ANG-0002229,True,NIVF-8009139130,2026-08-09,2026-08-09,1628987.92,pranuar,E_Vleftesuar,Miratuar,Po,R_Kaloi,2026-08-13,,L81618026H,FURN-000740,pune,30
FAT-0004182,INST-0237-2604182,ANG-0002229,True,NIVF-5686936873,2026-09-13,2026-09-17,433916.61,pranuar,E_Vleftesuar,Miratuar,Po,R_Kaloi,2026-09-18,,L81618026H,FURN-000740,pune,30
FAT-0004183,INST-0157-2604183,ANG-0002230,True,NIVF-4300891631,2026-08-11,2026-08-11,210000.0,pranuar,E_Vleftesuar,Miratuar,Po,R_Kaloi,2026-08-17,,M18929501J,FURN-001455,pune,30
FAT-0004184,INST-0153-2604184,ANG-0002231,True,NIVF-9767851770,2026-08-18,2026-08-20,2009000.0,pranuar,E_Vleftesuar,Miratuar,Po,R_Kaloi,2026-08-28,,K52115005W,FURN-000116,sherbim,30
FAT-0004185,INST-0153-2604185,ANG-0002232,True,NIVF-4077897611,2026-08-15,2026-08-17,33316.39,refuzuar,Kerkon_Rivleftesim,Refuzuar,Jo,,2026-08-18,Gabim në shumën e faturuar,J61814028F,FURN-000068,sherbim,30
FAT-0004186,INST-0153-2604186,ANG-0002232,True,NIVF-8155658499,2026-09-10,2026-09-10,35402.17,pranuar,E_Vleftesuar,Miratuar,Po,R_Kaloi,2026-09-11,,J61814028F,FURN-000068,sherbim,30
FAT-0004187,INST-0153-2604187,ANG-0002233,True,NIVF-7345572130,2026-08-05,2026-08-07,549000.0,pranuar,E_Vleftesuar,Miratuar,Po,R_Kaloi,2026-08-09,,K41420001V,FURN-000016,sherbim,30
FAT-0004188,INST-0458-2604188,ANG-0002234,True,NIVF-9136941761,2026-08-05,2026-08-05,80570.57,pranuar,E_Vleftesuar,Miratuar,Po,R_Kaloi,2026-08-06,,K01529003M,FURN-000342,sherbim,30
FAT-0004189,INST-0458-2604189,ANG-0002234,True,NIVF-3810702867,2026-09-16,2026-09-18,6641.4,refuzuar,Kerkon_Rivleftesim,Refuzuar,Jo,,2026-09-18,Fiskalizim i pavlefshëm,K01529003M,FURN-000342,sherbim,30
FAT-0004190,INST-0915-2604190,ANG-0002235,True,NIVF-2695052053,2026-08-12,2026-08-12,6803.26,pranuar,E_Vleftesuar,Miratuar,Po,R_Kaloi,2026-08-19,,K91530017T,FURN-000032,mall,30
FAT-0004191,INST-0122-2604191,ANG-0002236,True,NIVF-1142928896,2026-08-11,2026-08-12,59180.59,pranuar,E_Vleftesuar,Miratuar,Po,R_Kaloi,2026-08-19,,M22527601F,FURN-001456,pune,30
FAT-0004192,INST-0162-2604192,ANG-0002237,True,NIVF-1478790675,2026-08-09,2026-08-13,6147.49,pranuar,E_Vleftesuar,Miratuar,Po,R_Kaloi,2026-08-16,,K64630003J,FURN-000215,sherbim,30
FAT-0004193,INST-0162-2604193,ANG-0002237,True,NIVF-2100071826,2026-09-14,2026-09-16,22634.09,pranuar,E_Vleftesuar,Miratuar,Po,R_Kaloi,2026-09-18,,K64630003J,FURN-000215,sherbim,30
FAT-0004194,INST-0147-2604194,ANG-0002238,True,NIVF-1962260774,2026-08-11,2026-08-15,31545.81,pranuar,E_Vleftesuar,Miratuar,Po,R_Kaloi,2026-08-20,,K41420001V,FURN-000016,mall,30
FAT-0004195,INST-0147-2604195,ANG-0002238,True,NIVF-1580127999,2026-09-18,2026-09-18,30854.19,pranuar,E_Vleftesuar,Miratuar,Po,R_Kaloi,2026-09-18,,K41420001V,FURN-000016,mall,30
FAT-0004196,INST-0118-2604196,ANG-0002239,True,NIVF-4628727741,2026-08-09,2026-08-12,23500.0,pranuar,E_Vleftesuar,Miratuar,Po,R_Kaloi,2026-08-20,,K62320012O,FURN-000162,mall,30
FAT-0004197,INST-0172-2604197,ANG-0002240,True,NIVF-1249447045,2026-08-14,2026-08-14,395485.26,pranuar,E_Vleftesuar,Miratuar,Po,R_Kaloi,2026-08-20,,L92318009L,FURN-000534,pune,30
FAT-0004198,INST-0172-2604198,ANG-0002240,True,NIVF-5714340841,2026-09-14,2026-09-17,291744.74,pranuar,E_Vleftesuar,Miratuar,Po,R_Kaloi,2026-09-18,,L92318009L,FURN-000534,pune,30
FAT-0004199,INST-0239-2604199,ANG-0002241,True,NIVF-3054361573,2026-08-17,2026-08-21,553045.3,pranuar,E_Vleftesuar,Miratuar,Po,R_Kaloi,2026-08-25,,K42108801C,FURN-000106,pune,30
FAT-0004200,INST-0560-2604200,ANG-0002242,True,NIVF-8267224367,2026-08-11,2026-08-15,85966.7,pranuar,E_Vleftesuar,Miratuar,Po,R_Kaloi,2026-08-22,,L82203011N,FURN-000199,mall,30
FAT-0004201,INST-0560-2604201,ANG-0002242,True,NIVF-5757287696,2026-09-15,2026-09-18,63501.86,pranuar,E_Vleftesuar,Miratuar,Po,R_Kaloi,2026-09-18,,L82203011N,FURN-000199,mall,30
FAT-0004202,INST-0496-2604202,ANG-0002243,True,NIVF-1115617791,2026-08-06,2026-08-06,118145.45,pranuar,E_Vleftesuar,Miratuar,Po,R_Kaloi,2026-08-10,,M06411202E,FURN-000658,mall,30
FAT-0004203,INST-0496-2604203,ANG-0002243,True,NIVF-9369621150,2026-08-30,2026-09-01,24338.72,pranuar,E_Vleftesuar,Miratuar,Po,R_Kaloi,2026-09-07,,M06411202E,FURN-000658,mall,30
FAT-0004204,INST-0165-2604204,ANG-0002244,True,NIVF-6393091540,2026-08-12,2026-08-15,85000.0,pranuar,E_Vleftesuar,Miratuar,Po,R_Kaloi,2026-08-18,,L52208070A,FURN-000137,mall,30
FAT-0004205,INST-0425-2604205,ANG-0002245,True,NIVF-5506351635,2026-08-06,2026-08-10,426250.82,pranuar,E_Vleftesuar,Miratuar,Po,R_Kaloi,2026-08-12,,M51823037F,FURN-000933,mall,30
FAT-0004206,INST-0425-2604206,ANG-0002245,True,NIVF-9894696521,2026-09-01,2026-09-01,308749.18,pranuar,E_Vleftesuar,Miratuar,Po,R_Kaloi,2026-09-03,,M51823037F,FURN-000933,mall,30
FAT-0004207,INST-0156-2604207,ANG-0002246,True,NIVF-8595263997,2026-08-06,2026-08-09,482601.19,pranuar,E_Vleftesuar,Miratuar,Po,R_Kaloi,2026-08-12,,M42216504H,FURN-000660,pune,30
FAT-0004208,INST-0156-2604208,ANG-0002246,True,NIVF-2283677672,2026-09-11,2026-09-12,12550.73,pranuar,E_Vleftesuar,Miratuar,Po,R_Kaloi,2026-09-13,,M42216504H,FURN-000660,pune,30
FAT-0004209,INST-0846-2604209,ANG-0002247,True,NIVF-1200924716,2026-08-18,2026-08-20,40000.0,pranuar,E_Vleftesuar,Miratuar,Po,R_Kaloi,2026-08-24,,L23401003O,FURN-000071,sherbim,30
FAT-0004210,INST-0432-2604210,ANG-0002248,True,NIVF-6564108078,2026-08-08,2026-08-08,49858.67,pranuar,E_Vleftesuar,Miratuar,Po,R_Kaloi,2026-08-17,,L51825011V,FURN-000633,mall,30
FAT-0004211,INST-0432-2604211,ANG-0002248,True,NIVF-3298649101,2026-09-11,2026-09-12,885981.89,pranuar,E_Vleftesuar,Miratuar,Po,R_Kaloi,2026-09-18,,L51825011V,FURN-000633,mall,30
FAT-0004212,INST-0040-2604212,ANG-0002249,True,NIVF-2634596704,2026-08-15,2026-08-15,2436.21,pranuar,E_Vleftesuar,Miratuar,Po,R_Kaloi,2026-08-23,,K51425049B,FURN-000535,mall,30
FAT-0004213,INST-0126-2604213,ANG-0002250,True,NIVF-9912107069,2026-08-08,2026-08-12,8330.0,refuzuar,Kerkon_Rivleftesim,Refuzuar,Jo,,2026-08-20,Gabim në shumën e faturuar,L89619601K,FURN-001773,sherbim,30
FAT-0004214,INST-0164-2604214,ANG-0002251,True,NIVF-5757548158,2026-08-10,2026-08-11,670000.0,refuzuar,Kerkon_Rivleftesim,Refuzuar,Jo,,2026-08-14,Gabim në shumën e faturuar,K91530017T,FURN-000032,pune,30
FAT-0004215,INST-0424-2604215,ANG-0002252,True,NIVF-6416852521,2026-08-06,2026-08-07,750000.0,pranuar,E_Vleftesuar,Miratuar,Po,R_Kaloi,2026-08-09,,K91628009V,FURN-000412,sherbim,30
FAT-0004216,INST-0127-2604216,ANG-0002253,True,NIVF-4797467158,2026-08-13,2026-08-15,334360.0,pranuar,E_Vleftesuar,Miratuar,Po,R_Kaloi,2026-08-20,,K21912001R,FURN-000018,mall,30
FAT-0004217,INST-0424-2604217,ANG-0002254,True,NIVF-7574667769,2026-08-17,2026-08-19,890208.29,pranuar,E_Vleftesuar,Miratuar,Po,R_Kaloi,2026-08-23,,L71416010E,FURN-000488,sherbim,30
FAT-0004218,INST-0424-2604218,ANG-0002255,True,NIVF-8517128431,2026-08-08,2026-08-11,598000.0,pranuar,E_Vleftesuar,Miratuar,Po,R_Kaloi,2026-08-19,,M42216504H,FURN-000660,sherbim,30
FAT-0004219,INST-0424-2604219,ANG-0002256,True,NIVF-4926814808,2026-08-11,2026-08-11,228000.0,pranuar,E_Vleftesuar,Miratuar,Po,R_Kaloi,2026-08-13,,J61814028F,FURN-000068,sherbim,30
FAT-0004220,INST-0424-2604220,ANG-0002257,True,NIVF-1358781145,2026-08-16,2026-08-17,50060.98,pranuar,E_Vleftesuar,Miratuar,Po,R_Kaloi,2026-08-19,,K36315706P,FURN-000256,sherbim,30
FAT-0004221,INST-1016-2604221,ANG-0002258,True,NIVF-1516015404,2026-08-07,2026-08-08,51730.76,pranuar,E_Vleftesuar,Miratuar,Po,R_Kaloi,2026-08-17,,K51423046N,FURN-000512,mall,30
FAT-0004222,INST-1016-2604222,ANG-0002258,True,NIVF-4820806307,2026-09-02,2026-09-05,45745.24,pranuar,E_Vleftesuar,Miratuar,Po,R_Kaloi,2026-09-14,,K51423046N,FURN-000512,mall,30
FAT-0004223,INST-1016-2604223,ANG-0002259,True,NIVF-5251680720,2026-08-18,2026-08-19,844350.0,pranuar,E_Vleftesuar,Miratuar,Po,R_Kaloi,2026-08-27,,K11715005L,FURN-000108,mall,30
FAT-0004224,INST-1016-2604224,ANG-0002260,True,NIVF-9892607838,2026-08-13,2026-08-15,10993.3,pranuar,E_Vleftesuar,Miratuar,Po,R_Kaloi,2026-08-23,,L41628006Q,FURN-000442,mall,30
FAT-0004225,INST-0915-2604225,ANG-0002261,True,NIVF-1598075648,2026-08-07,2026-08-10,75420.57,pranuar,E_Vleftesuar,Miratuar,Po,R_Kaloi,2026-08-16,,M23719001G,FURN-000486,mall,30
FAT-0004226,INST-0915-2604226,ANG-0002261,True,NIVF-1455330267,2026-09-11,2026-09-14,1579.43,pranuar,E_Vleftesuar,Miratuar,Po,R_Kaloi,2026-09-18,,M23719001G,FURN-000486,mall,30
FAT-0004227,INST-0134-2604227,ANG-0002262,True,NIVF-9179639950,2026-08-09,2026-08-11,154692.69,pranuar,E_Vleftesuar,Miratuar,Po,R_Kaloi,2026-08-12,,J91419001U,FURN-000218,pune,30
FAT-0004228,INST-0131-2604228,ANG-0002263,True,NIVF-6080734035,2026-08-11,2026-08-15,405350.93,pranuar,E_Vleftesuar,Miratuar,Po,R_Kaloi,2026-08-18,,K42701205E,FURN-000605,mall,30
FAT-0004229,INST-0337-2604229,ANG-0002264,True,NIVF-7906602400,2026-08-17,2026-08-20,32200.0,pranuar,E_Vleftesuar,Miratuar,Po,R_Kaloi,2026-08-24,,K62320012O,FURN-000162,mall,30
FAT-0004230,INST-0337-2604230,ANG-0002265,True,NIVF-1866726318,2026-08-15,2026-08-15,78960.0,pranuar,E_Vleftesuar,Miratuar,Po,R_Kaloi,2026-08-20,,L71607034L,FURN-000447,mall,30
FAT-0004231,INST-0436-2604231,ANG-0002266,True,NIVF-9600820198,2026-08-15,2026-08-17,223522.08,pranuar,E_Vleftesuar,Miratuar,Po,R_Kaloi,2026-08-21,,K72210003J,FURN-000173,mall,30
FAT-0004232,INST-0148-2604232,ANG-0002267,True,NIVF-7204708069,2026-08-18,2026-08-18,321750.0,pranuar,E_Vleftesuar,Miratuar,Po,R_Kaloi,2026-08-23,,K91530017T,FURN-000032,pune,30
FAT-0004233,INST-0621-2604233,ANG-0002268,True,NIVF-7306804127,2026-08-19,2026-08-20,45028.25,refuzuar,Kerkon_Rivleftesim,Refuzuar,Jo,,2026-08-27,Mospërputhje me kontratën,M06316001G,FURN-000275,mall,30
FAT-0004234,INST-0621-2604234,ANG-0002269,True,NIVF-1375629297,2026-08-15,2026-08-15,313488.4,pranuar,E_Vleftesuar,Miratuar,Po,R_Kaloi,2026-08-20,,J69102223E,FURN-000981,mall,30
FAT-0004235,INST-0621-2604235,ANG-0002270,True,NIVF-9893228542,2026-08-20,2026-08-20,17655.72,pranuar,E_Vleftesuar,Miratuar,Po,R_Kaloi,2026-08-21,,K31503045V,FURN-000036,mall,30
FAT-0004236,INST-0921-2604236,ANG-0002271,True,NIVF-6481737612,2026-08-09,2026-08-13,94529.62,pranuar,E_Vleftesuar,Miratuar,Po,R_Kaloi,2026-08-17,,K23116602P,FURN-000716,mall,30
FAT-0004237,INST-0921-2604237,ANG-0002271,True,NIVF-3180618976,2026-09-10,2026-09-13,6038100.38,pranuar,E_Vleftesuar,Miratuar,Po,R_Kaloi,2026-09-16,,K23116602P,FURN-000716,mall,30
FAT-0004238,INST-0621-2604238,ANG-0002272,True,NIVF-7256967730,2026-08-13,2026-08-17,7988.35,pranuar,E_Vleftesuar,Miratuar,Po,R_Kaloi,2026-08-24,,M41903040T,FURN-000494,sherbim,30
FAT-0004239,INST-0621-2604239,ANG-0002273,True,NIVF-9119861326,2026-08-13,2026-08-14,392509.0,pranuar,E_Vleftesuar,Miratuar,Po,R_Kaloi,2026-08-20,,K31503045V,FURN-000036,sherbim,30
FAT-0004240,INST-0621-2604240,ANG-0002274,True,NIVF-8203050949,2026-08-11,2026-08-13,203300.0,pranuar,E_Vleftesuar,Miratuar,Po,R_Kaloi,2026-08-20,,K31528061N,FURN-000306,sherbim,30
FAT-0004241,INST-0057-2604241,ANG-0002275,True,NIVF-5828004635,2026-08-10,2026-08-12,26500.0,pranuar,E_Vleftesuar,Miratuar,Po,R_Kaloi,2026-08-13,,K91530017T,FURN-000032,mall,30
FAT-0004242,INST-0621-2604242,ANG-0002276,True,NIVF-2240894767,2026-08-17,2026-08-21,99900.0,pranuar,E_Vleftesuar,Miratuar,Po,R_Kaloi,2026-08-24,,M12409002V,FURN-000061,mall,30
FAT-0004243,INST-0621-2604243,ANG-0002277,True,NIVF-4559774728,2026-08-17,2026-08-19,192609.11,pranuar,E_Vleftesuar,Miratuar,Po,R_Kaloi,2026-08-24,,K43309402W,FURN-000005,mall,30
FAT-0004244,INST-0621-2604244,ANG-0002278,True,NIVF-6954909800,2026-08-18,2026-08-21,344227.02,pranuar,E_Vleftesuar,Miratuar,Po,R_Kaloi,2026-08-27,,K41420001V,FURN-000016,mall,30
FAT-0004245,INST-0621-2604245,ANG-0002279,True,NIVF-9574745866,2026-08-09,2026-08-13,57691.93,pranuar,E_Vleftesuar,Miratuar,Po,R_Kaloi,2026-08-17,,L42206505K,FURN-000372,mall,30
FAT-0004246,INST-0621-2604246,ANG-0002280,True,NIVF-9962887224,2026-08-18,2026-08-20,7256.22,pranuar,E_Vleftesuar,Miratuar,Po,R_Kaloi,2026-08-26,,L41614018P,FURN-000380,mall,30
FAT-0004247,INST-0621-2604247,ANG-0002280,True,NIVF-8648684041,2026-09-11,2026-09-11,48550.12,pranuar,E_Vleftesuar,Miratuar,Po,R_Kaloi,2026-09-18,,L41614018P,FURN-000380,mall,30
FAT-0004248,INST-0621-2604248,ANG-0002281,True,NIVF-8592401686,2026-08-09,2026-08-13,858.77,pranuar,E_Vleftesuar,Miratuar,Po,R_Kaloi,2026-08-15,,K91530017T,FURN-000032,mall,30
FAT-0004249,INST-0621-2604249,ANG-0002281,True,NIVF-2974960117,2026-09-04,2026-09-06,181.23,pranuar,E_Vleftesuar,Miratuar,Po,R_Kaloi,2026-09-10,,K91530017T,FURN-000032,mall,30
FAT-0004250,INST-0621-2604250,ANG-0002282,True,NIVF-7389384992,2026-08-18,2026-08-22,889700.0,pranuar,E_Vleftesuar,Miratuar,Po,R_Kaloi,2026-08-25,,L71421032N,FURN-000307,mall,30
FAT-0004251,INST-0621-2604251,ANG-0002283,True,NIVF-3855173638,2026-08-13,2026-08-16,69294.33,pranuar,E_Vleftesuar,Miratuar,Po,R_Kaloi,2026-08-18,,L27606201D,FURN-000087,mall,30
FAT-0004252,INST-0621-2604252,ANG-0002283,True,NIVF-3384834693,2026-09-03,2026-09-04,70698.26,pranuar,E_Vleftesuar,Miratuar,Po,R_Kaloi,2026-09-10,,L27606201D,FURN-000087,mall,30
FAT-0004253,INST-0424-2604253,ANG-0002284,True,NIVF-1009888650,2026-08-09,2026-08-12,19171.12,pranuar,E_Vleftesuar,Miratuar,Po,R_Kaloi,2026-08-18,,M22102009L,FURN-000520,pune,30
FAT-0004254,INST-0156-2604254,ANG-0002285,True,NIVF-5648640866,2026-08-15,2026-08-18,1228248.67,pranuar,E_Vleftesuar,Miratuar,Po,R_Kaloi,2026-08-26,,M27412402C,FURN-000557,mall,30
FAT-0004255,INST-0122-2604255,ANG-0002286,True,NIVF-7788849236,2026-08-12,2026-08-16,150800.0,refuzuar,Kerkon_Rivleftesim,Refuzuar,Jo,,2026-08-21,Mungesë dokumentacioni mbështetës,K82430006C,FURN-001848,mall,30
FAT-0004256,INST-0957-2604256,ANG-0002287,True,NIVF-8760302662,2026-08-16,2026-08-16,266750.0,pranuar,E_Vleftesuar,Miratuar,Po,R_Kaloi,2026-08-19,,L71715003C,FURN-000184,mall,30
FAT-0004257,INST-0121-2604257,ANG-0002288,True,NIVF-8389285769,2026-08-11,2026-08-14,322714.0,pranuar,E_Vleftesuar,Miratuar,Po,R_Kaloi,2026-08-19,,M41810021A,FURN-000264,mall,30
FAT-0004258,INST-0134-2604258,ANG-0002289,True,NIVF-6451517925,2026-08-09,2026-08-09,37813.72,pranuar,E_Vleftesuar,Miratuar,Po,R_Kaloi,2026-08-13,,K36306784K,FURN-000576,pune,30
FAT-0004259,INST-0122-2604259,ANG-0002290,True,NIVF-9519190765,2026-08-08,2026-08-12,208333.0,pranuar,E_Vleftesuar,Miratuar,Po,R_Kaloi,2026-08-21,,K81503063B,FURN-000491,pune,30
FAT-0004260,INST-1010-2604260,ANG-0002291,True,NIVF-1904007888,2026-08-11,2026-08-14,37814.0,pranuar,E_Vleftesuar,Miratuar,Po,R_Kaloi,2026-08-17,,K21912001R,FURN-000018,pune,30
FAT-0004261,INST-0330-2604261,ANG-0002292,True,NIVF-6614419461,2026-08-12,2026-08-15,229183.91,pranuar,E_Vleftesuar,Miratuar,Po,R_Kaloi,2026-08-18,,L42325017J,FURN-001750,mall,30
FAT-0004262,INST-0330-2604262,ANG-0002292,True,NIVF-7073452356,2026-09-06,2026-09-06,284816.09,pranuar,E_Vleftesuar,Miratuar,Po,R_Kaloi,2026-09-12,,L42325017J,FURN-001750,mall,30
FAT-0004263,INST-0621-2604263,ANG-0002293,True,NIVF-3922995270,2026-08-12,2026-08-12,84172969.89,pranuar,E_Vleftesuar,Miratuar,Po,R_Kaloi,2026-08-14,,J84003411K,FURN-000563,sherbim,30
FAT-0004264,INST-0621-2604264,ANG-0002293,True,NIVF-9529383805,2026-09-02,2026-09-05,4088653.55,pranuar,E_Vleftesuar,Miratuar,Po,R_Kaloi,2026-09-06,,J84003411K,FURN-000563,sherbim,30
FAT-0004265,INST-1010-2604265,ANG-0002294,True,NIVF-2826232826,2026-08-08,2026-08-08,457.09,refuzuar,Kerkon_Rivleftesim,Refuzuar,Jo,,2026-08-11,Mungesë dokumentacioni mbështetës,K81503063B,FURN-000491,pune,30
FAT-0004266,INST-1010-2604266,ANG-0002294,True,NIVF-8117852333,2026-09-02,2026-09-04,41208.91,pranuar,E_Vleftesuar,Miratuar,Po,R_Kaloi,2026-09-13,,K81503063B,FURN-000491,pune,30
FAT-0004267,INST-0243-2604267,ANG-0002295,True,NIVF-8445225666,2026-08-18,2026-08-20,36169.2,pranuar,E_Vleftesuar,Miratuar,Po,R_Kaloi,2026-08-23,,M43709001E,FURN-001140,mall,30
FAT-0004268,INST-0621-2604268,ANG-0002296,True,NIVF-1121011835,2026-08-18,2026-08-20,1743.92,pranuar,E_Vleftesuar,Miratuar,Po,R_Kaloi,2026-08-28,,K36306784K,FURN-000576,sherbim,30
FAT-0004269,INST-0957-2604269,ANG-0002297,True,NIVF-5619566777,2026-08-09,2026-08-12,147227.02,pranuar,E_Vleftesuar,Miratuar,Po,R_Kaloi,2026-08-19,,K78317002F,FURN-000040,pune,30
FAT-0004270,INST-0621-2604270,ANG-0002298,True,NIVF-1719233889,2026-08-16,2026-08-18,76269.52,pranuar,E_Vleftesuar,Miratuar,Po,R_Kaloi,2026-08-23,,M47009701K,FURN-001891,sherbim,30
FAT-0004271,INST-0621-2604271,ANG-0002298,True,NIVF-2751615307,2026-09-08,2026-09-11,43867.3,pranuar,E_Vleftesuar,Miratuar,Po,R_Kaloi,2026-09-13,,M47009701K,FURN-001891,sherbim,30
FAT-0004272,INST-0099-2604272,ANG-0002299,True,NIVF-9018681730,2026-08-17,2026-08-17,100000.0,pranuar,E_Vleftesuar,Miratuar,Po,R_Kaloi,2026-08-23,,L21708012H,FURN-000063,sherbim,30
FAT-0004273,INST-0164-2604273,ANG-0002300,True,NIVF-1024152422,2026-08-13,2026-08-16,81991.4,pranuar,E_Vleftesuar,Miratuar,Po,R_Kaloi,2026-08-25,,K98512601Q,FURN-000868,mall,30
FAT-0004274,INST-1011-2604274,ANG-0002301,True,NIVF-2754832167,2026-08-20,2026-08-20,623204.61,pranuar,E_Vleftesuar,Miratuar,Po,R_Kaloi,2026-08-27,,M11307042L,FURN-000419,mall,30
FAT-0004275,INST-0969-2604275,ANG-0002302,True,NIVF-4112314160,2026-08-15,2026-08-19,1998.97,pranuar,E_Vleftesuar,Miratuar,Po,R_Kaloi,2026-08-25,,L62102007V,FURN-000058,pune,30
FAT-0004276,INST-0099-2604276,ANG-0002303,True,NIVF-2008963061,2026-08-17,2026-08-18,59379.83,refuzuar,Kerkon_Rivleftesim,Refuzuar,Jo,,2026-08-25,Mungesë dokumentacioni mbështetës,M01920009G,FURN-000343,pune,30
FAT-0004277,INST-0424-2604277,ANG-0002304,True,NIVF-9544749232,2026-08-20,2026-08-22,99450.0,pranuar,E_Vleftesuar,Miratuar,Po,R_Kaloi,2026-08-27,,M66425002A,FURN-000315,pune,30
FAT-0004278,INST-0161-2604278,ANG-0002305,True,NIVF-2481368205,2026-08-20,2026-08-20,11097.28,pranuar,E_Vleftesuar,Miratuar,Po,R_Kaloi,2026-08-23,,L62102007V,FURN-000058,pune,30
FAT-0004279,INST-0161-2604279,ANG-0002305,True,NIVF-9153245374,2026-09-16,2026-09-17,32102.72,pranuar,E_Vleftesuar,Miratuar,Po,R_Kaloi,2026-09-18,,L62102007V,FURN-000058,pune,30
FAT-0004280,INST-0621-2604280,ANG-0002306,True,NIVF-7591609364,2026-08-23,2026-08-24,526830.0,pranuar,E_Vleftesuar,Miratuar,Po,R_Kaloi,2026-09-02,,L71715003C,FURN-000184,mall,30
FAT-0004281,INST-0621-2604281,ANG-0002307,True,NIVF-9115623186,2026-08-09,2026-08-10,881795.89,pranuar,E_Vleftesuar,Miratuar,Po,R_Kaloi,2026-08-18,,K31422029Q,FURN-000347,mall,30
FAT-0004282,INST-0621-2604282,ANG-0002307,True,NIVF-2876370160,2026-09-16,2026-09-18,1914030.07,pranuar,E_Vleftesuar,Miratuar,Po,R_Kaloi,2026-09-18,,K31422029Q,FURN-000347,mall,30
FAT-0004283,INST-0621-2604283,ANG-0002308,True,NIVF-7883936893,2026-08-15,2026-08-19,8584.1,pranuar,E_Vleftesuar,Miratuar,Po,R_Kaloi,2026-08-27,,K31418036C,FURN-000012,mall,30
FAT-0004284,INST-0621-2604284,ANG-0002309,True,NIVF-1140259823,2026-08-21,2026-08-22,252000.0,pranuar,E_Vleftesuar,Miratuar,Po,R_Kaloi,2026-08-27,,M11307042L,FURN-000419,mall,30
FAT-0004285,INST-0958-2604285,ANG-0002310,True,NIVF-7968298541,2026-08-16,2026-08-20,50166.42,pranuar,E_Vleftesuar,Miratuar,Po,R_Kaloi,2026-08-28,,L51419022R,FURN-000457,sherbim,30
FAT-0004286,INST-0958-2604286,ANG-0002310,True,NIVF-6676860599,2026-09-10,2026-09-11,109155.88,pranuar,E_Vleftesuar,Miratuar,Po,R_Kaloi,2026-09-13,,L51419022R,FURN-000457,sherbim,30
FAT-0004287,INST-0964-2604287,ANG-0002311,True,NIVF-6106856771,2026-08-09,2026-08-10,3548.92,pranuar,E_Vleftesuar,Miratuar,Po,R_Kaloi,2026-08-17,,K31418036C,FURN-000012,pune,30
FAT-0004288,INST-0964-2604288,ANG-0002311,True,NIVF-8147245657,2026-09-06,2026-09-09,966.49,pranuar,E_Vleftesuar,Miratuar,Po,R_Kaloi,2026-09-18,,K31418036C,FURN-000012,pune,30
FAT-0004289,INST-0964-2604289,ANG-0002312,True,NIVF-9865456924,2026-08-13,2026-08-13,3909549.17,pranuar,E_Vleftesuar,Miratuar,Po,R_Kaloi,2026-08-18,,K21518003F,FURN-000550,pune,30
FAT-0004290,INST-1007-2604290,ANG-0002313,True,NIVF-2791918979,2026-08-18,2026-08-22,475389.83,pranuar,E_Vleftesuar,Miratuar,Po,R_Kaloi,2026-08-24,,J72510467A,FURN-000725,mall,30
FAT-0004291,INST-0141-2604291,ANG-0002314,True,NIVF-7675070305,2026-08-12,2026-08-15,345463.26,pranuar,E_Vleftesuar,Miratuar,Po,R_Kaloi,2026-08-18,,L47707101H,FURN-000543,mall,30
FAT-0004292,INST-0141-2604292,ANG-0002314,True,NIVF-2307920171,2026-09-10,2026-09-12,77125.21,pranuar,E_Vleftesuar,Miratuar,Po,R_Kaloi,2026-09-17,,L47707101H,FURN-000543,mall,30
FAT-0004293,INST-0127-2604293,ANG-0002315,True,NIVF-7910360658,2026-08-16,2026-08-17,139135.9,pranuar,E_Vleftesuar,Miratuar,Po,R_Kaloi,2026-08-18,,M41707006H,FURN-000003,sherbim,30
FAT-0004294,INST-1016-2604294,ANG-0002316,True,NIVF-9754839026,2026-08-14,2026-08-16,78539.84,refuzuar,Kerkon_Rivleftesim,Refuzuar,Jo,,2026-08-18,Fiskalizim i pavlefshëm,K63910203U,FURN-001723,sherbim,30
FAT-0004295,INST-1016-2604295,ANG-0002317,True,NIVF-2456060453,2026-08-18,2026-08-19,172000.0,pranuar,E_Vleftesuar,Miratuar,Po,R_Kaloi,2026-08-20,,J71907014E,FURN-000621,sherbim,30
FAT-0004296,INST-0456-2604296,ANG-0002318,True,NIVF-1433537132,2026-08-24,2026-08-25,17788.93,pranuar,E_Vleftesuar,Miratuar,Po,R_Kaloi,2026-08-31,,L71325019D,FURN-000140,mall,30
FAT-0004297,INST-0621-2604297,ANG-0002319,True,NIVF-3637909085,2026-08-14,2026-08-15,10580102.52,pranuar,E_Vleftesuar,Miratuar,Po,R_Kaloi,2026-08-21,,M01323012A,FURN-000539,mall,30
FAT-0004298,INST-0621-2604298,ANG-0002320,True,NIVF-4805134941,2026-08-14,2026-08-18,89758.41,pranuar,E_Vleftesuar,Miratuar,Po,R_Kaloi,2026-08-24,,K81309045E,FURN-001033,mall,30
FAT-0004299,INST-0621-2604299,ANG-0002320,True,NIVF-1986792786,2026-09-07,2026-09-11,129074.41,pranuar,E_Vleftesuar,Miratuar,Po,R_Kaloi,2026-09-18,,K81309045E,FURN-001033,mall,30
FAT-0004300,INST-0621-2604300,ANG-0002321,True,NIVF-5137811225,2026-08-21,2026-08-21,26500.0,pranuar,E_Vleftesuar,Miratuar,Po,R_Kaloi,2026-08-27,,J81603002W,FURN-000364,mall,30
FAT-0004301,INST-0098-2604301,ANG-0002322,True,NIVF-7673245575,2026-08-20,2026-08-23,48020.54,pranuar,E_Vleftesuar,Miratuar,Po,R_Kaloi,2026-08-27,,K32731239W,FURN-000679,mall,30
FAT-0004302,INST-0921-2604302,ANG-0002323,True,NIVF-6848057724,2026-08-20,2026-08-24,13184.78,pranuar,E_Vleftesuar,Miratuar,Po,R_Kaloi,2026-09-01,,J91809007H,FURN-000028,mall,30
FAT-0004303,INST-0915-2604303,ANG-0002324,True,NIVF-3954581667,2026-08-14,2026-08-15,189057.06,pranuar,E_Vleftesuar,Miratuar,Po,R_Kaloi,2026-08-17,,M66614602J,FURN-001885,sherbim,30
FAT-0004304,INST-0915-2604304,ANG-0002324,True,NIVF-7421900950,2026-09-11,2026-09-14,13497.94,pranuar,E_Vleftesuar,Miratuar,Po,R_Kaloi,2026-09-18,,M66614602J,FURN-001885,sherbim,30
FAT-0004305,INST-0575-2604305,ANG-0002325,True,NIVF-9921990038,2026-08-16,2026-08-17,279000.0,pranuar,E_Vleftesuar,Miratuar,Po,R_Kaloi,2026-08-19,,M22421024U,FURN-000060,sherbim,30
FAT-0004306,INST-0958-2604306,ANG-0002326,True,NIVF-1729611383,2026-08-21,2026-08-24,210743.18,pranuar,E_Vleftesuar,Miratuar,Po,R_Kaloi,2026-08-28,,K42108801C,FURN-000106,sherbim,30
FAT-0004307,INST-0534-2604307,ANG-0002327,True,NIVF-3060969615,2026-08-18,2026-08-20,600000.0,pranuar,E_Vleftesuar,Miratuar,Po,R_Kaloi,2026-08-25,,M61417003D,FURN-000592,sherbim,30
FAT-0004308,INST-0136-2604308,ANG-0002328,True,NIVF-6039705595,2026-08-22,2026-08-22,515728.85,pranuar,E_Vleftesuar,Miratuar,Po,R_Kaloi,2026-08-30,,L61621027F,FURN-000562,mall,30
FAT-0004309,INST-1002-2604309,ANG-0002329,True,NIVF-3023034925,2026-08-20,2026-08-23,27494.11,pranuar,E_Vleftesuar,Miratuar,Po,R_Kaloi,2026-08-24,,M21529042N,FURN-000230,mall,30
FAT-0004310,INST-1002-2604310,ANG-0002329,True,NIVF-5669556081,2026-09-15,2026-09-17,26155.52,pranuar,E_Vleftesuar,Miratuar,Po,R_Kaloi,2026-09-18,,M21529042N,FURN-000230,mall,30
FAT-0004311,INST-0146-2604311,ANG-0002330,True,NIVF-1892235860,2026-08-23,2026-08-25,8407.44,pranuar,E_Vleftesuar,Miratuar,Po,R_Kaloi,2026-09-03,,L91418502J,FURN-000101,sherbim,30
FAT-0004312,INST-0966-2604312,ANG-0002331,True,NIVF-5003321497,2026-08-15,2026-08-18,2275.28,refuzuar,Kerkon_Rivleftesim,Refuzuar,Jo,,2026-08-24,Mospërputhje me kontratën,M12506803T,FURN-000497,pune,30
FAT-0004313,INST-0621-2604313,ANG-0002332,True,NIVF-7680879317,2026-08-11,2026-08-13,5033.89,pranuar,E_Vleftesuar,Miratuar,Po,R_Kaloi,2026-08-21,,K87628701K,FURN-001075,mall,30
FAT-0004314,INST-0156-2604314,ANG-0002333,True,NIVF-2775201540,2026-08-16,2026-08-18,36291.9,pranuar,E_Vleftesuar,Miratuar,Po,R_Kaloi,2026-08-24,,M21906013M,FURN-000093,pune,30
FAT-0004315,INST-0165-2604315,ANG-0002334,True,NIVF-6219610035,2026-08-19,2026-08-21,20867.4,pranuar,E_Vleftesuar,Miratuar,Po,R_Kaloi,2026-08-25,,L92318009L,FURN-000534,pune,30
FAT-0004316,INST-0454-2604316,ANG-0002335,True,NIVF-1941050488,2026-08-24,2026-08-24,799000.0,pranuar,E_Vleftesuar,Miratuar,Po,R_Kaloi,2026-09-02,,M01321501F,FURN-000205,sherbim,30
FAT-0004317,INST-0504-2604317,ANG-0002336,True,NIVF-1068665873,2026-08-24,2026-08-24,45833.33,pranuar,E_Vleftesuar,Miratuar,Po,R_Kaloi,2026-08-30,,L41726016Q,FURN-000238,mall,30
FAT-0004318,INST-0126-2604318,ANG-0002337,True,NIVF-1361556127,2026-08-23,2026-08-27,340000.0,pranuar,E_Vleftesuar,Miratuar,Po,R_Kaloi,2026-08-29,,K93018204V,FURN-000518,sherbim,30
FAT-0004319,INST-0057-2604319,ANG-0002338,True,NIVF-2447554583,2026-08-17,2026-08-20,63620.42,pranuar,E_Vleftesuar,Miratuar,Po,R_Kaloi,2026-08-22,,K31528037R,FURN-001556,mall,30
FAT-0004320,INST-0424-2604320,ANG-0002339,True,NIVF-4321134780,2026-08-25,2026-08-29,859000.0,pranuar,E_Vleftesuar,Miratuar,Po,R_Kaloi,2026-08-30,,M61718005K,FURN-000618,sherbim,30
FAT-0004321,INST-0424-2604321,ANG-0002340,True,NIVF-6051503441,2026-08-17,2026-08-19,85796.97,pranuar,E_Vleftesuar,Miratuar,Po,R_Kaloi,2026-08-23,,M27412402C,FURN-000557,pune,30
FAT-0004322,INST-0098-2604322,ANG-0002341,True,NIVF-7071360387,2026-08-13,2026-08-16,5030.93,pranuar,E_Vleftesuar,Miratuar,Po,R_Kaloi,2026-08-19,,M12127026K,FURN-000085,sherbim,30
FAT-0004323,INST-0098-2604323,ANG-0002342,True,NIVF-3180075478,2026-08-21,2026-08-21,196326.77,pranuar,E_Vleftesuar,Miratuar,Po,R_Kaloi,2026-08-30,,L21305035S,FURN-000528,sherbim,30
FAT-0004324,INST-0915-2604324,ANG-0002343,True,NIVF-2527242787,2026-08-13,2026-08-16,66695.27,pranuar,E_Vleftesuar,Miratuar,Po,R_Kaloi,2026-08-17,,J61820021C,FURN-000049,mall,30
FAT-0004325,INST-0915-2604325,ANG-0002343,True,NIVF-2805181761,2026-09-05,2026-09-09,32487.18,pranuar,E_Vleftesuar,Miratuar,Po,R_Kaloi,2026-09-16,,J61820021C,FURN-000049,mall,30
FAT-0004326,INST-0621-2604326,ANG-0002344,True,NIVF-1361352006,2026-08-16,2026-08-18,8636.15,pranuar,E_Vleftesuar,Miratuar,Po,R_Kaloi,2026-08-22,,K12201002T,FURN-000088,mall,30
FAT-0004327,INST-0424-2604327,ANG-0002345,True,NIVF-8299058683,2026-08-19,2026-08-23,65018.89,pranuar,E_Vleftesuar,Miratuar,Po,R_Kaloi,2026-08-26,,M41810021A,FURN-000264,sherbim,30
FAT-0004328,INST-0621-2604328,ANG-0002346,True,NIVF-7843053290,2026-08-21,2026-08-23,7761.78,pranuar,E_Vleftesuar,Miratuar,Po,R_Kaloi,2026-08-29,,K37509982G,FURN-000310,pune,30
FAT-0004329,INST-0568-2604329,ANG-0002347,True,NIVF-3025008363,2026-08-18,2026-08-18,330000.0,pranuar,E_Vleftesuar,Miratuar,Po,R_Kaloi,2026-08-24,,M28717102U,FURN-000157,mall,30
FAT-0004330,INST-0404-2604330,ANG-0002348,True,NIVF-8644101352,2026-08-20,2026-08-23,99925.0,pranuar,E_Vleftesuar,Miratuar,Po,R_Kaloi,2026-08-26,,M12920001O,FURN-000182,sherbim,30
FAT-0004331,INST-0636-2604331,ANG-0002349,True,NIVF-3175871056,2026-08-20,2026-08-24,99500.0,pranuar,E_Vleftesuar,Miratuar,Po,R_Kaloi,2026-08-28,,K31503045V,FURN-000036,mall,30
FAT-0004332,INST-0456-2604332,ANG-0002350,True,NIVF-8234617117,2026-08-12,2026-08-15,155805.52,pranuar,E_Vleftesuar,Miratuar,Po,R_Kaloi,2026-08-18,,L13426006B,FURN-000227,sherbim,30
FAT-0004333,INST-0126-2604333,ANG-0002351,True,NIVF-2305193911,2026-08-26,2026-08-30,39576.61,pranuar,E_Vleftesuar,Miratuar,Po,R_Kaloi,2026-09-04,,K21912001R,FURN-000018,sherbim,30
FAT-0004334,INST-0132-2604334,ANG-0002352,True,NIVF-8535497162,2026-08-12,2026-08-12,4811.37,pranuar,E_Vleftesuar,Miratuar,Po,R_Kaloi,2026-08-21,,M22307015R,FURN-000354,mall,30
FAT-0004335,INST-0132-2604335,ANG-0002353,True,NIVF-6536296055,2026-08-26,2026-08-27,95000.0,pranuar,E_Vleftesuar,Miratuar,Po,R_Kaloi,2026-09-01,,L06508002C,FURN-000501,mall,30
FAT-0004336,INST-0915-2604336,ANG-0002354,True,NIVF-1474279216,2026-08-25,2026-08-27,20099.89,pranuar,E_Vleftesuar,Miratuar,Po,R_Kaloi,2026-08-31,,J61814028F,FURN-000068,sherbim,30
FAT-0004337,INST-0915-2604337,ANG-0002355,True,NIVF-8104084729,2026-08-19,2026-08-20,720000.0,pranuar,E_Vleftesuar,Miratuar,Po,R_Kaloi,2026-08-25,,K11807008V,FURN-000073,mall,30
FAT-0004338,INST-0134-2604338,ANG-0002356,True,NIVF-4708140241,2026-08-12,2026-08-16,10446.25,pranuar,E_Vleftesuar,Miratuar,Po,R_Kaloi,2026-08-25,,L62102007V,FURN-000058,pune,30
FAT-0004339,INST-0040-2604339,ANG-0002357,True,NIVF-1905002981,2026-08-15,2026-08-15,123840.0,pranuar,E_Vleftesuar,Miratuar,Po,R_Kaloi,2026-08-22,,L62102007V,FURN-000058,sherbim,30
FAT-0004340,INST-0175-2604340,ANG-0002358,True,NIVF-9028007047,2026-08-16,2026-08-16,137082.33,pranuar,E_Vleftesuar,Miratuar,Po,R_Kaloi,2026-08-22,,L51714014K,FURN-000705,mall,30
FAT-0004341,INST-0146-2604341,ANG-0002359,True,NIVF-4873464971,2026-08-24,2026-08-27,126950.0,pranuar,E_Vleftesuar,Miratuar,Po,R_Kaloi,2026-09-04,,L92112031B,FURN-000374,sherbim,30
FAT-0004342,INST-0118-2604342,ANG-0002360,True,NIVF-5031853685,2026-08-12,2026-08-16,104700.0,pranuar,E_Vleftesuar,Miratuar,Po,R_Kaloi,2026-08-20,,K31503045V,FURN-000036,pune,30
FAT-0004343,INST-0175-2604343,ANG-0002361,True,NIVF-7864822874,2026-08-21,2026-08-21,830700.0,pranuar,E_Vleftesuar,Miratuar,Po,R_Kaloi,2026-08-23,,L31714005J,FURN-000114,mall,30
FAT-0004344,INST-0144-2604344,ANG-0002362,True,NIVF-2137116403,2026-08-26,2026-08-28,1278041.38,pranuar,E_Vleftesuar,Miratuar,Po,R_Kaloi,2026-09-02,,L92207009A,FURN-000338,mall,30
FAT-0004345,INST-0568-2604345,ANG-0002363,True,NIVF-8036621278,2026-08-20,2026-08-23,3724.0,pranuar,E_Vleftesuar,Miratuar,Po,R_Kaloi,2026-08-28,,J61814028F,FURN-000068,mall,30
FAT-0004346,INST-0436-2604346,ANG-0002364,True,NIVF-2312612808,2026-08-13,2026-08-13,377.8,pranuar,E_Vleftesuar,Miratuar,Po,R_Kaloi,2026-08-14,,K91530017T,FURN-000032,mall,30
FAT-0004347,INST-0436-2604347,ANG-0002364,True,NIVF-9165463002,2026-09-11,2026-09-14,1298.69,pranuar,E_Vleftesuar,Miratuar,Po,R_Kaloi,2026-09-18,,K91530017T,FURN-000032,mall,30
FAT-0004348,INST-0174-2604348,ANG-0002365,True,NIVF-2763473630,2026-08-12,2026-08-16,137508.15,refuzuar,Kerkon_Rivleftesim,Refuzuar,Jo,,2026-08-23,Mospërputhje me kontratën,K52115005W,FURN-000116,pune,30
FAT-0004349,INST-0174-2604349,ANG-0002365,True,NIVF-3469377063,2026-09-12,2026-09-12,196183.49,pranuar,E_Vleftesuar,Miratuar,Po,R_Kaloi,2026-09-18,,K52115005W,FURN-000116,pune,30
FAT-0004350,INST-0115-2604350,ANG-0002366,True,NIVF-3867906268,2026-08-12,2026-08-14,98951.71,pranuar,E_Vleftesuar,Miratuar,Po,R_Kaloi,2026-08-16,,K51611059N,FURN-000574,mall,30
FAT-0004351,INST-1016-2604351,ANG-0002367,True,NIVF-9487595003,2026-08-24,2026-08-25,1277.15,pranuar,E_Vleftesuar,Miratuar,Po,R_Kaloi,2026-09-01,,M42614002J,FURN-000250,pune,30
FAT-0004352,INST-0535-2604352,ANG-0002368,True,NIVF-7807705970,2026-08-22,2026-08-26,614774.0,pranuar,E_Vleftesuar,Miratuar,Po,R_Kaloi,2026-08-31,,L51712008C,FURN-000189,sherbim,30
FAT-0004353,INST-0119-2604353,ANG-0002369,True,NIVF-9245356593,2026-08-24,2026-08-28,113000.0,pranuar,E_Vleftesuar,Miratuar,Po,R_Kaloi,2026-09-01,,K92201080V,FURN-000119,sherbim,30
FAT-0004354,INST-0172-2604354,ANG-0002370,True,NIVF-7204022711,2026-08-27,2026-08-31,25000.0,pranuar,E_Vleftesuar,Miratuar,Po,R_Kaloi,2026-09-02,,M22811202K,FURN-000187,sherbim,30
FAT-0004355,INST-0157-2604355,ANG-0002371,True,NIVF-3178040483,2026-08-26,2026-08-27,6120.84,pranuar,E_Vleftesuar,Miratuar,Po,R_Kaloi,2026-08-30,,K33931040W,FURN-000487,mall,30
FAT-0004356,INST-0338-2604356,ANG-0002372,True,NIVF-8751362893,2026-08-24,2026-08-26,245000.0,pranuar,E_Vleftesuar,Miratuar,Po,R_Kaloi,2026-09-01,,L41629009A,FURN-000480,sherbim,30
FAT-0004357,INST-0424-2604357,ANG-0002373,True,NIVF-3841853605,2026-08-17,2026-08-21,28000.0,pranuar,E_Vleftesuar,Miratuar,Po,R_Kaloi,2026-08-22,,M22811202K,FURN-000187,sherbim,30
FAT-0004358,INST-0046-2604358,ANG-0002374,True,NIVF-5237107955,2026-08-24,2026-08-28,837500.0,refuzuar,Kerkon_Rivleftesim,Refuzuar,Jo,,2026-09-01,Fiskalizim i pavlefshëm,J67117044Q,FURN-001245,mall,30
FAT-0004359,INST-0621-2604359,ANG-0002375,True,NIVF-2354279814,2026-08-15,2026-08-16,185391.69,pranuar,E_Vleftesuar,Miratuar,Po,R_Kaloi,2026-08-18,,L92207009A,FURN-000338,mall,30
FAT-0004360,INST-0456-2604360,ANG-0002376,True,NIVF-4699864582,2026-08-29,2026-08-30,65879.1,pranuar,E_Vleftesuar,Miratuar,Po,R_Kaloi,2026-09-05,,K62721401R,FURN-001383,mall,30
FAT-0004361,INST-0456-2604361,ANG-0002377,True,NIVF-5027055425,2026-08-29,2026-08-31,799999.0,pranuar,E_Vleftesuar,Miratuar,Po,R_Kaloi,2026-09-02,,M13011803I,FURN-000499,mall,30
FAT-0004362,INST-0456-2604362,ANG-0002378,True,NIVF-3263143715,2026-08-19,2026-08-19,36617.39,pranuar,E_Vleftesuar,Miratuar,Po,R_Kaloi,2026-08-26,,J62426002Q,FURN-000236,mall,30
FAT-0004363,INST-0621-2604363,ANG-0002379,True,NIVF-7037860593,2026-08-22,2026-08-25,387500.0,pranuar,E_Vleftesuar,Miratuar,Po,R_Kaloi,2026-08-27,,L62302021Q,FURN-000241,mall,30
FAT-0004364,INST-0621-2604364,ANG-0002380,True,NIVF-8578888152,2026-08-24,2026-08-26,249800.0,pranuar,E_Vleftesuar,Miratuar,Po,R_Kaloi,2026-08-30,,M52213505B,FURN-000426,mall,30
FAT-0004365,INST-0621-2604365,ANG-0002381,True,NIVF-1630251600,2026-08-21,2026-08-23,20256.94,pranuar,E_Vleftesuar,Miratuar,Po,R_Kaloi,2026-08-28,,M42614002J,FURN-000250,mall,30
FAT-0004366,INST-0621-2604366,ANG-0002381,True,NIVF-1380774233,2026-09-11,2026-09-12,9743.06,pranuar,E_Vleftesuar,Miratuar,Po,R_Kaloi,2026-09-16,,M42614002J,FURN-000250,mall,30
FAT-0004367,INST-0621-2604367,ANG-0002382,True,NIVF-5143692976,2026-08-23,2026-08-23,108983.64,pranuar,E_Vleftesuar,Miratuar,Po,R_Kaloi,2026-08-28,,M51714016E,FURN-001400,mall,30
FAT-0004368,INST-0621-2604368,ANG-0002383,True,NIVF-4978041584,2026-08-24,2026-08-27,232112.99,pranuar,E_Vleftesuar,Miratuar,Po,R_Kaloi,2026-09-01,,M41406035G,FURN-000485,mall,30
FAT-0004369,INST-0621-2604369,ANG-0002384,True,NIVF-7826461552,2026-08-18,2026-08-18,13336.53,pranuar,E_Vleftesuar,Miratuar,Po,R_Kaloi,2026-08-27,,K36608208V,FURN-000198,mall,30
FAT-0004370,INST-0337-2604370,ANG-0002385,True,NIVF-3221191945,2026-08-25,2026-08-29,348257.29,pranuar,E_Vleftesuar,Miratuar,Po,R_Kaloi,2026-09-06,,M52402068L,FURN-000947,sherbim,30
FAT-0004371,INST-0435-2604371,ANG-0002386,True,NIVF-5563942743,2026-08-21,2026-08-22,136286.21,pranuar,E_Vleftesuar,Miratuar,Po,R_Kaloi,2026-08-25,,K41510041C,FURN-000620,mall,30
FAT-0004372,INST-0435-2604372,ANG-0002387,True,NIVF-5672674260,2026-08-26,2026-08-29,100000.0,pranuar,E_Vleftesuar,Miratuar,Po,R_Kaloi,2026-09-06,,M52311020H,FURN-000213,mall,30
FAT-0004373,INST-0435-2604373,ANG-0002388,True,NIVF-2939056816,2026-08-23,2026-08-24,40054.13,pranuar,E_Vleftesuar,Miratuar,Po,R_Kaloi,2026-08-25,,L56409203G,FURN-000323,mall,30
FAT-0004374,INST-0435-2604374,ANG-0002388,True,NIVF-8902803304,2026-09-12,2026-09-12,43111.87,pranuar,E_Vleftesuar,Miratuar,Po,R_Kaloi,2026-09-17,,L56409203G,FURN-000323,mall,30
FAT-0004375,INST-0122-2604375,ANG-0002389,True,NIVF-8513613140,2026-08-20,2026-08-24,41600.67,pranuar,E_Vleftesuar,Miratuar,Po,R_Kaloi,2026-08-31,,L32402038K,FURN-000474,pune,30
FAT-0004376,INST-0621-2604376,ANG-0002390,True,NIVF-2997586458,2026-08-15,2026-08-16,70000.0,pranuar,E_Vleftesuar,Miratuar,Po,R_Kaloi,2026-08-24,,M28015201K,FURN-000099,sherbim,30
FAT-0004377,INST-0173-2604377,ANG-0002391,True,NIVF-6458384652,2026-08-16,2026-08-19,426835.28,pranuar,E_Vleftesuar,Miratuar,Po,R_Kaloi,2026-08-23,,K74025003N,FURN-000409,mall,30
FAT-0004378,INST-0173-2604378,ANG-0002391,True,NIVF-1311350118,2026-09-16,2026-09-18,199439.97,pranuar,E_Vleftesuar,Miratuar,Po,R_Kaloi,2026-09-18,,K74025003N,FURN-000409,mall,30
FAT-0004379,INST-0621-2604379,ANG-0002392,True,NIVF-6572045725,2026-08-28,2026-08-29,109372.52,pranuar,E_Vleftesuar,Miratuar,Po,R_Kaloi,2026-09-05,,L41320036L,FURN-001605,sherbim,30
FAT-0004380,INST-0131-2604380,ANG-0002393,True,NIVF-9301977643,2026-08-28,2026-08-29,79240.72,pranuar,E_Vleftesuar,Miratuar,Po,R_Kaloi,2026-09-01,,L82916601N,FURN-000286,mall,30
FAT-0004381,INST-0170-2604381,ANG-0002394,True,NIVF-4746011900,2026-08-18,2026-08-20,80004.32,pranuar,E_Vleftesuar,Miratuar,Po,R_Kaloi,2026-08-25,,L42314005A,FURN-000928,mall,30
FAT-0004382,INST-0170-2604382,ANG-0002394,True,NIVF-7899629839,2026-09-13,2026-09-15,51995.68,pranuar,E_Vleftesuar,Miratuar,Po,R_Kaloi,2026-09-18,,L42314005A,FURN-000928,mall,30
FAT-0004383,INST-0162-2604383,ANG-0002395,True,NIVF-2667262078,2026-08-23,2026-08-23,17002.7,pranuar,E_Vleftesuar,Miratuar,Po,R_Kaloi,2026-09-01,,M42008005I,FURN-000659,sherbim,30
FAT-0004384,INST-0434-2604384,ANG-0002396,True,NIVF-5837025044,2026-08-22,2026-08-23,350000.0,pranuar,E_Vleftesuar,Miratuar,Po,R_Kaloi,2026-09-01,,L92019017V,FURN-000712,mall,30
FAT-0004385,INST-0434-2604385,ANG-0002397,True,NIVF-1740481227,2026-08-15,2026-08-18,898700.0,pranuar,E_Vleftesuar,Miratuar,Po,R_Kaloi,2026-08-24,,M61718005K,FURN-000618,mall,30
FAT-0004386,INST-0434-2604386,ANG-0002398,True,NIVF-7451311661,2026-08-21,2026-08-21,50777.71,pranuar,E_Vleftesuar,Miratuar,Po,R_Kaloi,2026-08-22,,M22307015R,FURN-000354,mall,30
FAT-0004387,INST-0569-2604387,ANG-0002399,True,NIVF-2957705625,2026-08-20,2026-08-23,315845.37,pranuar,E_Vleftesuar,Miratuar,Po,R_Kaloi,2026-09-01,,K51611059N,FURN-000574,pune,30
FAT-0004388,INST-0569-2604388,ANG-0002400,True,NIVF-6706094822,2026-08-27,2026-08-29,310800.0,pranuar,E_Vleftesuar,Miratuar,Po,R_Kaloi,2026-09-02,,L71607034L,FURN-000447,pune,30
FAT-0004389,INST-0569-2604389,ANG-0002401,True,NIVF-7312654693,2026-08-28,2026-08-28,194100.0,pranuar,E_Vleftesuar,Miratuar,Po,R_Kaloi,2026-08-30,,L01606034A,FURN-000056,pune,30
FAT-0004390,INST-0139-2604390,ANG-0002402,True,NIVF-9940238024,2026-08-16,2026-08-16,37133.7,pranuar,E_Vleftesuar,Miratuar,Po,R_Kaloi,2026-08-20,,M32407021T,FURN-000297,pune,30
FAT-0004391,INST-0175-2604391,ANG-0002403,True,NIVF-7891682094,2026-08-16,2026-08-18,9934337.6,refuzuar,Kerkon_Rivleftesim,Refuzuar,Jo,,2026-08-22,Gabim në shumën e faturuar,L22117021M,FURN-000146,pune,30
FAT-0004392,INST-0150-2604392,ANG-0002404,True,NIVF-6759047170,2026-08-24,2026-08-27,260151.15,pranuar,E_Vleftesuar,Miratuar,Po,R_Kaloi,2026-09-04,,J74517205P,FURN-000495,mall,30
FAT-0004393,INST-0364-2604393,ANG-0002405,True,NIVF-3868079888,2026-08-24,2026-08-25,188000.0,pranuar,E_Vleftesuar,Miratuar,Po,R_Kaloi,2026-08-29,,J71907014E,FURN-000621,mall,30
FAT-0004394,INST-0965-2604394,ANG-0002406,True,NIVF-7961053935,2026-08-20,2026-08-22,499997.0,pranuar,E_Vleftesuar,Miratuar,Po,R_Kaloi,2026-08-25,,M52617004S,FURN-000458,mall,30
FAT-0004395,INST-0621-2604395,ANG-0002407,True,NIVF-2481894365,2026-08-18,2026-08-22,128871.85,pranuar,E_Vleftesuar,Miratuar,Po,R_Kaloi,2026-08-24,,K01730502W,FURN-001756,sherbim,30
FAT-0004396,INST-0621-2604396,ANG-0002408,True,NIVF-6642869963,2026-08-30,2026-08-31,946.15,pranuar,E_Vleftesuar,Miratuar,Po,R_Kaloi,2026-09-08,,K44125003N,FURN-000924,pune,30
FAT-0004397,INST-0125-2604397,ANG-0002409,True,NIVF-7423383581,2026-08-27,2026-08-28,88677.28,pranuar,E_Vleftesuar,Miratuar,Po,R_Kaloi,2026-09-02,,K76605201A,FURN-002001,pune,30
FAT-0004398,INST-0084-2604398,ANG-0002410,True,NIVF-6842945223,2026-08-27,2026-08-29,425880.0,refuzuar,Kerkon_Rivleftesim,Refuzuar,Jo,,2026-09-06,Gabim në shumën e faturuar,L41320036L,FURN-001605,mall,30
FAT-0004399,INST-0084-2604399,ANG-0002411,True,NIVF-2817120215,2026-08-19,2026-08-22,462740.23,pranuar,E_Vleftesuar,Miratuar,Po,R_Kaloi,2026-08-25,,M67509801K,FURN-000296,mall,30
FAT-0004400,INST-0084-2604400,ANG-0002412,True,NIVF-5562500966,2026-08-20,2026-08-22,765200.0,pranuar,E_Vleftesuar,Miratuar,Po,R_Kaloi,2026-08-23,,K01529003M,FURN-000342,mall,30
FAT-0004401,INST-0099-2604401,ANG-0002413,True,NIVF-1791134335,2026-08-27,2026-08-31,148428.83,pranuar,E_Vleftesuar,Miratuar,Po,R_Kaloi,2026-09-05,,M12506803T,FURN-000497,pune,30
FAT-0004402,INST-0424-2604402,ANG-0002414,True,NIVF-2160518265,2026-08-18,2026-08-20,227590.8,pranuar,E_Vleftesuar,Miratuar,Po,R_Kaloi,2026-08-29,,J72111003K,FURN-000554,pune,30
FAT-0004403,INST-0424-2604403,ANG-0002414,True,NIVF-9439293521,2026-09-17,2026-09-18,21709.2,pranuar,E_Vleftesuar,Miratuar,Po,R_Kaloi,2026-09-18,,J72111003K,FURN-000554,pune,30
FAT-0004404,INST-0969-2604404,ANG-0002415,True,NIVF-7705273439,2026-08-16,2026-08-20,1144789.44,pranuar,E_Vleftesuar,Miratuar,Po,R_Kaloi,2026-08-21,,K44802603B,FURN-000408,pune,30
FAT-0004405,INST-0621-2604405,ANG-0002416,True,NIVF-9775909597,2026-08-19,2026-08-21,20634.51,pranuar,E_Vleftesuar,Miratuar,Po,R_Kaloi,2026-08-27,,L62206012L,FURN-001004,mall,30
FAT-0004406,INST-0621-2604406,ANG-0002416,True,NIVF-8132551365,2026-09-13,2026-09-15,19295.94,pranuar,E_Vleftesuar,Miratuar,Po,R_Kaloi,2026-09-18,,L62206012L,FURN-001004,mall,30
FAT-0004407,INST-0621-2604407,ANG-0002417,True,NIVF-4167576941,2026-08-29,2026-08-30,332696.73,pranuar,E_Vleftesuar,Miratuar,Po,R_Kaloi,2026-09-07,,M53125601L,FURN-001545,mall,30
FAT-0004408,INST-0621-2604408,ANG-0002418,True,NIVF-9319898561,2026-08-21,2026-08-24,95084.33,pranuar,E_Vleftesuar,Miratuar,Po,R_Kaloi,2026-08-29,,K57123001R,FURN-000591,sherbim,30
FAT-0004409,INST-0621-2604409,ANG-0002419,True,NIVF-9025806803,2026-08-18,2026-08-21,1081.3,pranuar,E_Vleftesuar,Miratuar,Po,R_Kaloi,2026-08-26,,K48130519Q,FURN-000231,sherbim,30
FAT-0004410,INST-0621-2604410,ANG-0002420,True,NIVF-4090386411,2026-08-18,2026-08-21,99933.0,pranuar,E_Vleftesuar,Miratuar,Po,R_Kaloi,2026-08-29,,L99718401U,FURN-000456,sherbim,30
FAT-0004411,INST-0621-2604411,ANG-0002421,True,NIVF-9206064080,2026-08-19,2026-08-21,850000.0,pranuar,E_Vleftesuar,Miratuar,Po,R_Kaloi,2026-08-28,,L81506043D,FURN-000687,sherbim,30
FAT-0004412,INST-0621-2604412,ANG-0002422,True,NIVF-8475898595,2026-08-24,2026-08-25,826000.0,pranuar,E_Vleftesuar,Miratuar,Po,R_Kaloi,2026-08-31,,K07729920F,FURN-000500,sherbim,30
FAT-0004413,INST-0331-2604413,ANG-0002423,True,NIVF-2308666038,2026-08-24,2026-08-27,58262.79,pranuar,E_Vleftesuar,Miratuar,Po,R_Kaloi,2026-09-01,,K31524101D,FURN-000373,mall,30
FAT-0004414,INST-0175-2604414,ANG-0002424,True,NIVF-5381566898,2026-08-24,2026-08-26,46677.12,pranuar,E_Vleftesuar,Miratuar,Po,R_Kaloi,2026-09-03,,J61901194M,FURN-000348,pune,30
FAT-0004415,INST-0139-2604415,ANG-0002425,True,NIVF-3874186544,2026-08-27,2026-08-28,143000.0,pranuar,E_Vleftesuar,Miratuar,Po,R_Kaloi,2026-09-05,,L92228018L,FURN-000769,pune,30
FAT-0004416,INST-0364-2604416,ANG-0002426,True,NIVF-9457074902,2026-08-23,2026-08-24,96800.0,pranuar,E_Vleftesuar,Miratuar,Po,R_Kaloi,2026-08-29,,M12309034J,FURN-000330,mall,30
FAT-0004417,INST-0330-2604417,ANG-0002427,True,NIVF-3587279304,2026-08-20,2026-08-22,3523.77,refuzuar,Kerkon_Rivleftesim,Refuzuar,Jo,,2026-08-24,Mospërputhje me kontratën,M21307517P,FURN-000433,mall,30
FAT-0004418,INST-0330-2604418,ANG-0002428,True,NIVF-2651273159,2026-08-30,2026-09-01,244621.72,pranuar,E_Vleftesuar,Miratuar,Po,R_Kaloi,2026-09-06,,K41926801W,FURN-000316,mall,30
FAT-0004419,INST-0330-2604419,ANG-0002429,True,NIVF-8085005515,2026-08-27,2026-08-30,36189.73,pranuar,E_Vleftesuar,Miratuar,Po,R_Kaloi,2026-09-07,,M21415501D,FURN-000217,mall,30
FAT-0004420,INST-0621-2604420,ANG-0002430,True,NIVF-8200679334,2026-08-31,2026-09-01,249609.4,pranuar,E_Vleftesuar,Miratuar,Po,R_Kaloi,2026-09-02,,K58510112K,FURN-001380,mall,30
FAT-0004421,INST-0621-2604421,ANG-0002431,True,NIVF-9651137258,2026-08-28,2026-08-30,242437.39,pranuar,E_Vleftesuar,Miratuar,Po,R_Kaloi,2026-09-01,,M41508003F,FURN-000166,mall,30
FAT-0004422,INST-0621-2604422,ANG-0002432,True,NIVF-8213566804,2026-08-30,2026-08-30,10210.02,refuzuar,Kerkon_Rivleftesim,Refuzuar,Jo,,2026-09-07,Mospërputhje me kontratën,L64425401K,FURN-000086,mall,30
FAT-0004423,INST-0621-2604423,ANG-0002433,True,NIVF-5479396157,2026-08-28,2026-08-28,137540.97,pranuar,E_Vleftesuar,Miratuar,Po,R_Kaloi,2026-09-03,,L53520801J,FURN-000720,mall,30
FAT-0004424,INST-0621-2604424,ANG-0002434,True,NIVF-8293483336,2026-08-20,2026-08-24,80215.67,pranuar,E_Vleftesuar,Miratuar,Po,R_Kaloi,2026-08-29,,L01717030C,FURN-000490,mall,30
FAT-0004425,INST-0621-2604425,ANG-0002435,True,NIVF-1989749148,2026-08-20,2026-08-22,160868.49,pranuar,E_Vleftesuar,Miratuar,Po,R_Kaloi,2026-08-28,,J88730334W,FURN-000729,mall,30
FAT-0004426,INST-0621-2604426,ANG-0002436,True,NIVF-5502427506,2026-08-20,2026-08-20,29764.62,pranuar,E_Vleftesuar,Miratuar,Po,R_Kaloi,2026-08-21,,M52022023I,FURN-000589,mall,30
FAT-0004427,INST-0621-2604427,ANG-0002437,True,NIVF-2546343749,2026-08-31,2026-09-02,135000.0,pranuar,E_Vleftesuar,Miratuar,Po,R_Kaloi,2026-09-06,,L21708012H,FURN-000063,mall,30
FAT-0004428,INST-0621-2604428,ANG-0002438,True,NIVF-9851684472,2026-08-25,2026-08-26,3523.51,pranuar,E_Vleftesuar,Miratuar,Po,R_Kaloi,2026-08-28,,L06801002A,FURN-000446,mall,30
FAT-0004429,INST-0621-2604429,ANG-0002439,True,NIVF-9641306830,2026-08-19,2026-08-22,100000.0,pranuar,E_Vleftesuar,Miratuar,Po,R_Kaloi,2026-08-25,,M21621046I,FURN-000331,mall,30
FAT-0004430,INST-0621-2604430,ANG-0002440,True,NIVF-6859391304,2026-08-22,2026-08-26,193623.48,pranuar,E_Vleftesuar,Miratuar,Po,R_Kaloi,2026-08-27,,L92019017V,FURN-000712,mall,30
FAT-0004431,INST-0621-2604431,ANG-0002440,True,NIVF-4015304404,2026-09-12,2026-09-16,706376.52,pranuar,E_Vleftesuar,Miratuar,Po,R_Kaloi,2026-09-18,,L92019017V,FURN-000712,mall,30
FAT-0004432,INST-0621-2604432,ANG-0002441,True,NIVF-9412059166,2026-08-20,2026-08-24,350000.0,pranuar,E_Vleftesuar,Miratuar,Po,R_Kaloi,2026-08-25,,L97124201Q,FURN-000649,mall,30
FAT-0004433,INST-0621-2604433,ANG-0002442,True,NIVF-7235798446,2026-08-22,2026-08-22,1169560.8,pranuar,E_Vleftesuar,Miratuar,Po,R_Kaloi,2026-08-31,,L71715003C,FURN-000184,mall,30
FAT-0004434,INST-0099-2604434,ANG-0002443,True,NIVF-9619390688,2026-08-21,2026-08-25,46999.38,pranuar,E_Vleftesuar,Miratuar,Po,R_Kaloi,2026-08-30,,J72124001N,FURN-000179,mall,30
FAT-0004435,INST-0129-2604435,ANG-0002444,True,NIVF-3891091419,2026-08-28,2026-08-28,549218.16,pranuar,E_Vleftesuar,Miratuar,Po,R_Kaloi,2026-09-06,,K61619003R,FURN-000822,mall,30
FAT-0004436,INST-0921-2604436,ANG-0002445,True,NIVF-3666078308,2026-08-26,2026-08-28,414212.1,pranuar,E_Vleftesuar,Miratuar,Po,R_Kaloi,2026-09-01,,L01508026P,FURN-000052,sherbim,30
FAT-0004437,INST-0128-2604437,ANG-0002446,True,NIVF-8573581101,2026-08-26,2026-08-28,45819.68,pranuar,E_Vleftesuar,Miratuar,Po,R_Kaloi,2026-09-04,,K91628009V,FURN-000412,mall,30
FAT-0004438,INST-0172-2604438,ANG-0002447,True,NIVF-7565687709,2026-08-30,2026-08-31,209000.0,pranuar,E_Vleftesuar,Miratuar,Po,R_Kaloi,2026-09-06,,M12218017P,FURN-000450,pune,30
FAT-0004439,INST-0156-2604439,ANG-0002448,True,NIVF-6192151728,2026-08-30,2026-09-01,46940.81,refuzuar,Kerkon_Rivleftesim,Refuzuar,Jo,,2026-09-09,Mospërputhje me kontratën,L01717030C,FURN-000490,mall,30
FAT-0004440,INST-0122-2604440,ANG-0002449,True,NIVF-4410358526,2026-08-21,2026-08-22,415033.64,pranuar,E_Vleftesuar,Miratuar,Po,R_Kaloi,2026-08-30,,L82008020I,FURN-000425,pune,30
FAT-0004441,INST-0122-2604441,ANG-0002450,True,NIVF-8636578477,2026-08-31,2026-09-03,100000.0,pranuar,E_Vleftesuar,Miratuar,Po,R_Kaloi,2026-09-11,,L64704601S,FURN-000261,pune,30
FAT-0004442,INST-0134-2604442,ANG-0002451,True,NIVF-7459168192,2026-08-29,2026-08-31,526238.87,pranuar,E_Vleftesuar,Miratuar,Po,R_Kaloi,2026-09-02,,L72203065K,FURN-000634,pune,30
FAT-0004443,INST-0169-2604443,ANG-0002452,True,NIVF-2520076032,2026-08-29,2026-08-31,213190.94,refuzuar,Kerkon_Rivleftesim,Refuzuar,Jo,,2026-09-05,Mungesë dokumentacioni mbështetës,L91703022T,FURN-000580,pune,30
FAT-0004444,INST-0169-2604444,ANG-0002452,True,NIVF-3989262550,2026-09-18,2026-09-18,526809.06,pranuar,E_Vleftesuar,Miratuar,Po,R_Kaloi,2026-09-18,,L91703022T,FURN-000580,pune,30
FAT-0004445,INST-0586-2604445,ANG-0002453,True,NIVF-7326266548,2026-08-19,2026-08-22,53802.11,pranuar,E_Vleftesuar,Miratuar,Po,R_Kaloi,2026-08-31,,K44802603B,FURN-000408,sherbim,30
FAT-0004446,INST-0586-2604446,ANG-0002454,True,NIVF-6406923900,2026-08-31,2026-08-31,12498.59,pranuar,E_Vleftesuar,Miratuar,Po,R_Kaloi,2026-09-08,,L74320602D,FURN-000532,pune,30
FAT-0004447,INST-0968-2604447,ANG-0002455,True,NIVF-5352338524,2026-08-18,2026-08-18,11579.75,pranuar,E_Vleftesuar,Miratuar,Po,R_Kaloi,2026-08-24,,M22307015R,FURN-000354,sherbim,30
FAT-0004448,INST-0889-2604448,ANG-0002456,True,NIVF-9080901835,2026-08-20,2026-08-23,17891.41,pranuar,E_Vleftesuar,Miratuar,Po,R_Kaloi,2026-08-25,,L21305035S,FURN-000528,mall,30
FAT-0004449,INST-0164-2604449,ANG-0002457,True,NIVF-1621695039,2026-08-22,2026-08-23,99541.67,pranuar,E_Vleftesuar,Miratuar,Po,R_Kaloi,2026-09-01,,K46524021W,FURN-000178,mall,30
FAT-0004450,INST-0404-2604450,ANG-0002458,True,NIVF-7101441495,2026-08-21,2026-08-24,265638.37,pranuar,E_Vleftesuar,Miratuar,Po,R_Kaloi,2026-08-31,,M22318016L,FURN-000459,mall,30
FAT-0004451,INST-0126-2604451,ANG-0002459,True,NIVF-5965371314,2026-08-28,2026-08-29,218765.85,pranuar,E_Vleftesuar,Miratuar,Po,R_Kaloi,2026-09-05,,L41629009A,FURN-000480,sherbim,30
FAT-0004452,INST-0138-2604452,ANG-0002460,True,NIVF-6576907252,2026-08-21,2026-08-25,18000.0,pranuar,E_Vleftesuar,Miratuar,Po,R_Kaloi,2026-08-30,,K62320012O,FURN-000162,sherbim,30
FAT-0004453,INST-0126-2604453,ANG-0002461,True,NIVF-7226922039,2026-08-19,2026-08-19,93567.87,refuzuar,Kerkon_Rivleftesim,Refuzuar,Jo,,2026-08-27,Mospërputhje me kontratën,J67902827A,FURN-000724,pune,30
FAT-0004454,INST-0126-2604454,ANG-0002462,True,NIVF-9894241545,2026-08-31,2026-08-31,39500.0,refuzuar,Kerkon_Rivleftesim,Refuzuar,Jo,,2026-09-03,Mungesë dokumentacioni mbështetës,K62320012O,FURN-000162,pune,30
FAT-0004455,INST-0563-2604455,ANG-0002463,True,NIVF-3992612965,2026-08-26,2026-08-29,170140.0,pranuar,E_Vleftesuar,Miratuar,Po,R_Kaloi,2026-09-04,,K31528061N,FURN-000306,mall,30
FAT-0004456,INST-0621-2604456,ANG-0002464,True,NIVF-9288061400,2026-08-26,2026-08-26,193555.55,pranuar,E_Vleftesuar,Miratuar,Po,R_Kaloi,2026-08-30,,L91323013Q,FURN-000477,sherbim,30
FAT-0004457,INST-0621-2604457,ANG-0002465,True,NIVF-7325315715,2026-08-27,2026-08-29,130000.0,pranuar,E_Vleftesuar,Miratuar,Po,R_Kaloi,2026-08-31,,M12409002V,FURN-000061,sherbim,30
FAT-0004458,INST-0621-2604458,ANG-0002466,True,NIVF-7187115228,2026-08-19,2026-08-22,307048.73,pranuar,E_Vleftesuar,Miratuar,Po,R_Kaloi,2026-08-23,,M41427020S,FURN-000941,sherbim,30
FAT-0004459,INST-0342-2604459,ANG-0002467,True,NIVF-9194490250,2026-08-24,2026-08-25,521881.64,pranuar,E_Vleftesuar,Miratuar,Po,R_Kaloi,2026-08-30,,M31913025C,FURN-000186,mall,30
FAT-0004460,INST-0342-2604460,ANG-0002467,True,NIVF-5650175305,2026-09-16,2026-09-18,463618.36,pranuar,E_Vleftesuar,Miratuar,Po,R_Kaloi,2026-09-18,,M31913025C,FURN-000186,mall,30
FAT-0004461,INST-0621-2604461,ANG-0002468,True,NIVF-4340185982,2026-08-26,2026-08-27,148624.89,pranuar,E_Vleftesuar,Miratuar,Po,R_Kaloi,2026-08-31,,K11807008V,FURN-000073,pune,30
FAT-0004462,INST-0175-2604462,ANG-0002469,True,NIVF-1986709531,2026-08-21,2026-08-25,15039.63,pranuar,E_Vleftesuar,Miratuar,Po,R_Kaloi,2026-08-27,,L62513212V,FURN-000274,sherbim,30
FAT-0004463,INST-0342-2604463,ANG-0002470,True,NIVF-5132221318,2026-09-01,2026-09-01,0.0,pranuar,E_Vleftesuar,Miratuar,Po,R_Kaloi,2026-09-03,,,,mall,30
FAT-0004464,INST-0243-2604464,ANG-0002471,True,NIVF-2131519234,2026-08-21,2026-08-21,6065.42,pranuar,E_Vleftesuar,Miratuar,Po,R_Kaloi,2026-08-25,,M64010003I,FURN-000413,pune,30
FAT-0004465,INST-0148-2604465,ANG-0002472,True,NIVF-3189305757,2026-08-29,2026-08-30,259882.72,pranuar,E_Vleftesuar,Miratuar,Po,R_Kaloi,2026-09-02,,J71907014E,FURN-000621,pune,30
FAT-0004466,INST-0148-2604466,ANG-0002473,True,NIVF-7728721026,2026-08-22,2026-08-25,5167.03,pranuar,E_Vleftesuar,Miratuar,Po,R_Kaloi,2026-09-02,,J81603002W,FURN-000364,pune,30
FAT-0004467,INST-0957-2604467,ANG-0002474,True,NIVF-6698767843,2026-08-22,2026-08-24,242279.24,pranuar,E_Vleftesuar,Miratuar,Po,R_Kaloi,2026-08-30,,K91530017T,FURN-000032,sherbim,30
FAT-0004468,INST-0957-2604468,ANG-0002474,True,NIVF-7878509833,2026-09-18,2026-09-18,69720.76,pranuar,E_Vleftesuar,Miratuar,Po,R_Kaloi,2026-09-18,,K91530017T,FURN-000032,sherbim,30
FAT-0004469,INST-0330-2604469,ANG-0002475,True,NIVF-2493167177,2026-08-29,2026-09-02,1250052.75,pranuar,E_Vleftesuar,Miratuar,Po,R_Kaloi,2026-09-07,,K11807008V,FURN-000073,sherbim,30
FAT-0004470,INST-0404-2604470,ANG-0002476,True,NIVF-2808523751,2026-08-26,2026-08-26,188096.8,pranuar,E_Vleftesuar,Miratuar,Po,R_Kaloi,2026-08-27,,M01927023H,FURN-000708,mall,30
FAT-0004471,INST-0119-2604471,ANG-0002477,True,NIVF-9106038003,2026-08-21,2026-08-22,32757.5,pranuar,E_Vleftesuar,Miratuar,Po,R_Kaloi,2026-08-27,,K62320012O,FURN-000162,pune,30
FAT-0004472,INST-1016-2604472,ANG-0002478,True,NIVF-8078665524,2026-08-30,2026-09-01,1599846.74,pranuar,E_Vleftesuar,Miratuar,Po,R_Kaloi,2026-09-10,,M01310013M,FURN-000600,mall,30
FAT-0004473,INST-0446-2604473,ANG-0002479,True,NIVF-1589254611,2026-08-21,2026-08-21,12191.55,pranuar,E_Vleftesuar,Miratuar,Po,R_Kaloi,2026-08-30,,K11807008V,FURN-000073,pune,30
FAT-0004474,INST-0424-2604474,ANG-0002480,True,NIVF-2240000231,2026-08-31,2026-09-04,100000.0,pranuar,E_Vleftesuar,Miratuar,Po,R_Kaloi,2026-09-06,,M48110601O,FURN-000214,mall,30
FAT-0004475,INST-0446-2604475,ANG-0002481,True,NIVF-4544347399,2026-08-25,2026-08-29,684386.53,pranuar,E_Vleftesuar,Miratuar,Po,R_Kaloi,2026-09-03,,L94017201S,FURN-000832,pune,30
FAT-0004476,INST-0424-2604476,ANG-0002482,True,NIVF-6566378435,2026-08-20,2026-08-20,3135.47,pranuar,E_Vleftesuar,Miratuar,Po,R_Kaloi,2026-08-23,,K81531041T,FURN-000132,mall,30
FAT-0004477,INST-0127-2604477,ANG-0002483,True,NIVF-2778954984,2026-08-24,2026-08-28,0.2,pranuar,E_Vleftesuar,Miratuar,Po,R_Kaloi,2026-09-05,,M32310015K,FURN-000142,pune,30
FAT-0004478,INST-0957-2604478,ANG-0002484,True,NIVF-6757155503,2026-08-23,2026-08-23,165000.0,pranuar,E_Vleftesuar,Miratuar,Po,R_Kaloi,2026-08-29,,L34705001H,FURN-000498,mall,30
FAT-0004479,INST-0151-2604479,ANG-0002485,True,NIVF-9445047499,2026-08-28,2026-08-31,11874.02,pranuar,E_Vleftesuar,Miratuar,Po,R_Kaloi,2026-09-05,,L52031020F,FURN-000410,mall,30
FAT-0004480,INST-0151-2604480,ANG-0002486,True,NIVF-7931173176,2026-08-23,2026-08-25,7943.6,refuzuar,Kerkon_Rivleftesim,Refuzuar,Jo,,2026-08-27,Mungesë dokumentacioni mbështetës,K53717806Q,FURN-000411,mall,30
FAT-0004481,INST-0961-2604481,ANG-0002487,True,NIVF-2883983804,2026-08-28,2026-08-29,43050.77,pranuar,E_Vleftesuar,Miratuar,Po,R_Kaloi,2026-09-04,,K91715006E,FURN-001816,sherbim,30
FAT-0004482,INST-0961-2604482,ANG-0002488,True,NIVF-6553448208,2026-08-30,2026-08-30,267166.23,pranuar,E_Vleftesuar,Miratuar,Po,R_Kaloi,2026-09-08,,K31412087P,FURN-000615,sherbim,30
FAT-0004483,INST-0170-2604483,ANG-0002489,True,NIVF-8111541034,2026-08-23,2026-08-26,46.48,pranuar,E_Vleftesuar,Miratuar,Po,R_Kaloi,2026-09-04,,M32310015K,FURN-000142,sherbim,30
FAT-0004484,INST-0580-2604484,ANG-0002490,True,NIVF-1257005197,2026-08-25,2026-08-29,726744.48,pranuar,E_Vleftesuar,Miratuar,Po,R_Kaloi,2026-08-30,,L93309201I,FURN-000476,mall,30
FAT-0004485,INST-0168-2604485,ANG-0002491,True,NIVF-6726051103,2026-08-31,2026-09-01,497267.11,pranuar,E_Vleftesuar,Miratuar,Po,R_Kaloi,2026-09-04,,M42008005I,FURN-000659,mall,30
FAT-0004486,INST-0168-2604486,ANG-0002492,True,NIVF-1066519894,2026-08-29,2026-08-31,22686.22,pranuar,E_Vleftesuar,Miratuar,Po,R_Kaloi,2026-09-02,,K82015004O,FURN-000478,mall,30
FAT-0004487,INST-0168-2604487,ANG-0002493,True,NIVF-8651952767,2026-08-25,2026-08-29,130819.9,refuzuar,Kerkon_Rivleftesim,Refuzuar,Jo,,2026-09-03,Fiskalizim i pavlefshëm,J91809007H,FURN-000028,mall,30
FAT-0004488,INST-0405-2604488,ANG-0002494,True,NIVF-5903388325,2026-08-27,2026-08-27,423100.0,pranuar,E_Vleftesuar,Miratuar,Po,R_Kaloi,2026-09-02,,K32725211G,FURN-000479,mall,30
FAT-0004489,INST-0581-2604489,ANG-0002495,True,NIVF-5053375506,2026-08-26,2026-08-29,92253.98,pranuar,E_Vleftesuar,Miratuar,Po,R_Kaloi,2026-09-01,,L74320602D,FURN-000532,pune,30
FAT-0004490,INST-0581-2604490,ANG-0002495,True,NIVF-7581439508,2026-09-17,2026-09-18,212246.02,pranuar,E_Vleftesuar,Miratuar,Po,R_Kaloi,2026-09-18,,L74320602D,FURN-000532,pune,30
FAT-0004491,INST-0405-2604491,ANG-0002496,True,NIVF-5967772742,2026-09-03,2026-09-07,69028.1,pranuar,E_Vleftesuar,Miratuar,Po,R_Kaloi,2026-09-15,,M41707006H,FURN-000003,mall,30
FAT-0004492,INST-0168-2604492,ANG-0002497,True,NIVF-1458707951,2026-08-26,2026-08-30,173.5,pranuar,E_Vleftesuar,Miratuar,Po,R_Kaloi,2026-09-05,,J61817047D,FURN-000143,pune,30
FAT-0004493,INST-0118-2604493,ANG-0002498,True,NIVF-2949688837,2026-08-25,2026-08-27,17187.66,pranuar,E_Vleftesuar,Miratuar,Po,R_Kaloi,2026-09-04,,J61901194M,FURN-000348,pune,30
FAT-0004494,INST-0170-2604494,ANG-0002499,True,NIVF-5766768743,2026-09-02,2026-09-03,69352.25,pranuar,E_Vleftesuar,Miratuar,Po,R_Kaloi,2026-09-08,,M12521601U,FURN-000081,pune,30
FAT-0004495,INST-0621-2604495,ANG-0002500,True,NIVF-2090896280,2026-08-24,2026-08-28,996400.0,pranuar,E_Vleftesuar,Miratuar,Po,R_Kaloi,2026-09-02,,J61817063I,FURN-000681,pune,30
FAT-0004496,INST-0621-2604496,ANG-0002501,True,NIVF-1691210512,2026-09-04,2026-09-04,6624.25,pranuar,E_Vleftesuar,Miratuar,Po,R_Kaloi,2026-09-12,,K01529003M,FURN-000342,pune,30
FAT-0004497,INST-0174-2604497,ANG-0002502,True,NIVF-7464997539,2026-09-01,2026-09-01,16528.15,pranuar,E_Vleftesuar,Miratuar,Po,R_Kaloi,2026-09-10,,L71619028E,FURN-000226,mall,30
FAT-0004498,INST-0963-2604498,ANG-0002503,True,NIVF-1844453381,2026-08-24,2026-08-28,19600.44,pranuar,E_Vleftesuar,Miratuar,Po,R_Kaloi,2026-08-29,,K64112206J,FURN-001559,sherbim,30
FAT-0004499,INST-0969-2604499,ANG-0002504,True,NIVF-1023205361,2026-09-03,2026-09-07,761669.96,pranuar,E_Vleftesuar,Miratuar,Po,R_Kaloi,2026-09-11,,J66702707S,FURN-000449,sherbim,30
FAT-0004500,INST-0621-2604500,ANG-0002505,True,NIVF-1230713947,2026-08-28,2026-08-29,47271.91,pranuar,E_Vleftesuar,Miratuar,Po,R_Kaloi,2026-09-07,,M11501034T,FURN-000285,mall,30
FAT-0004501,INST-0621-2604501,ANG-0002506,True,NIVF-5098180330,2026-08-31,2026-09-03,229300.0,pranuar,E_Vleftesuar,Miratuar,Po,R_Kaloi,2026-09-07,,K33721008C,FURN-000327,mall,30
FAT-0004502,INST-0621-2604502,ANG-0002507,True,NIVF-5625356750,2026-09-03,2026-09-03,284800.0,refuzuar,Kerkon_Rivleftesim,Refuzuar,Jo,,2026-09-05,Mungesë dokumentacioni mbështetës,J66902008N,FURN-000730,mall,30
FAT-0004503,INST-0621-2604503,ANG-0002508,True,NIVF-3993115270,2026-08-24,2026-08-26,34500.0,pranuar,E_Vleftesuar,Miratuar,Po,R_Kaloi,2026-09-04,,K92201080V,FURN-000119,mall,30
FAT-0004504,INST-0621-2604504,ANG-0002509,True,NIVF-2777788399,2026-08-27,2026-08-30,71000.0,pranuar,E_Vleftesuar,Miratuar,Po,R_Kaloi,2026-09-01,,M66320208I,FURN-000922,mall,30
FAT-0004505,INST-0234-2604505,ANG-0002510,True,NIVF-3713014671,2026-09-02,2026-09-05,39909.54,pranuar,E_Vleftesuar,Miratuar,Po,R_Kaloi,2026-09-08,,K82020005B,FURN-000779,mall,30
FAT-0004506,INST-0621-2604506,ANG-0002511,True,NIVF-2169408501,2026-08-26,2026-08-29,96000.0,pranuar,E_Vleftesuar,Miratuar,Po,R_Kaloi,2026-09-06,,L62419007A,FURN-000097,mall,30
FAT-0004507,INST-0621-2604507,ANG-0002512,True,NIVF-2782174647,2026-09-01,2026-09-04,595766.0,pranuar,E_Vleftesuar,Miratuar,Po,R_Kaloi,2026-09-08,,L71715003C,FURN-000184,mall,30
FAT-0004508,INST-0621-2604508,ANG-0002513,True,NIVF-4253403386,2026-08-25,2026-08-27,10858.54,pranuar,E_Vleftesuar,Miratuar,Po,R_Kaloi,2026-08-28,,K44125003N,FURN-000924,mall,30
FAT-0004509,INST-0621-2604509,ANG-0002513,True,NIVF-7060841671,2026-09-15,2026-09-17,1211.46,pranuar,E_Vleftesuar,Miratuar,Po,R_Kaloi,2026-09-18,,K44125003N,FURN-000924,mall,30
FAT-0004510,INST-0621-2604510,ANG-0002514,True,NIVF-3952623984,2026-09-03,2026-09-05,25673.87,pranuar,E_Vleftesuar,Miratuar,Po,R_Kaloi,2026-09-06,,M26620203T,FURN-000270,mall,30
FAT-0004511,INST-0621-2604511,ANG-0002515,True,NIVF-5477449369,2026-08-26,2026-08-26,99000.0,pranuar,E_Vleftesuar,Miratuar,Po,R_Kaloi,2026-09-02,,M36509202A,FURN-000201,mall,30
FAT-0004512,INST-0464-2604512,ANG-0002516,True,NIVF-5177495281,2026-09-05,2026-09-07,479166.5,pranuar,E_Vleftesuar,Miratuar,Po,R_Kaloi,2026-09-14,,L81506043D,FURN-000687,sherbim,30
FAT-0004513,INST-0570-2604513,ANG-0002517,True,NIVF-5639292337,2026-08-27,2026-08-29,89181.0,pranuar,E_Vleftesuar,Miratuar,Po,R_Kaloi,2026-08-31,,K33708276F,FURN-000823,mall,30
FAT-0004514,INST-0570-2604514,ANG-0002517,True,NIVF-1356823933,2026-09-16,2026-09-17,38148.74,pranuar,E_Vleftesuar,Miratuar,Po,R_Kaloi,2026-09-18,,K33708276F,FURN-000823,mall,30
FAT-0004515,INST-0135-2604515,ANG-0002518,True,NIVF-9142099856,2026-08-22,2026-08-22,260117.84,pranuar,E_Vleftesuar,Miratuar,Po,R_Kaloi,2026-08-29,,K81503063B,FURN-000491,mall,30
FAT-0004516,INST-0135-2604516,ANG-0002518,True,NIVF-2190126048,2026-09-16,2026-09-17,33111.37,pranuar,E_Vleftesuar,Miratuar,Po,R_Kaloi,2026-09-18,,K81503063B,FURN-000491,mall,30
FAT-0004517,INST-0131-2604517,ANG-0002519,True,NIVF-4510311753,2026-09-04,2026-09-06,74666.0,pranuar,E_Vleftesuar,Miratuar,Po,R_Kaloi,2026-09-12,,K92506202E,FURN-000314,pune,30
FAT-0004518,INST-0621-2604518,ANG-0002520,True,NIVF-2367667069,2026-09-03,2026-09-04,96866.36,pranuar,E_Vleftesuar,Miratuar,Po,R_Kaloi,2026-09-12,,K67917806I,FURN-000004,sherbim,30
FAT-0004519,INST-0621-2604519,ANG-0002521,True,NIVF-2506115193,2026-08-29,2026-09-02,52748.89,pranuar,E_Vleftesuar,Miratuar,Po,R_Kaloi,2026-09-06,,M21320039L,FURN-000396,sherbim,30
FAT-0004520,INST-0621-2604520,ANG-0002522,True,NIVF-3706128617,2026-08-24,2026-08-25,23067.5,pranuar,E_Vleftesuar,Miratuar,Po,R_Kaloi,2026-08-26,,M21621046I,FURN-000331,sherbim,30
FAT-0004521,INST-0102-2604521,ANG-0002523,True,NIVF-6043857785,2026-08-23,2026-08-27,47943.01,pranuar,E_Vleftesuar,Miratuar,Po,R_Kaloi,2026-09-01,,M41911010P,FURN-001328,sherbim,30
FAT-0004522,INST-0503-2604522,ANG-0002524,True,NIVF-2545422075,2026-09-01,2026-09-05,4355.03,pranuar,E_Vleftesuar,Miratuar,Po,R_Kaloi,2026-09-06,,L22319013O,FURN-001132,mall,30
FAT-0004523,INST-0144-2604523,ANG-0002525,True,NIVF-7738325197,2026-08-24,2026-08-26,133838.82,pranuar,E_Vleftesuar,Miratuar,Po,R_Kaloi,2026-09-04,,K17621104C,FURN-000222,mall,30
FAT-0004524,INST-0621-2604524,ANG-0002526,True,NIVF-3371126193,2026-08-22,2026-08-24,583794.23,refuzuar,Kerkon_Rivleftesim,Refuzuar,Jo,,2026-08-31,Gabim në shumën e faturuar,K67917806I,FURN-000004,pune,30
FAT-0004525,INST-0621-2604525,ANG-0002526,True,NIVF-2003612124,2026-09-16,2026-09-18,172635.77,pranuar,E_Vleftesuar,Miratuar,Po,R_Kaloi,2026-09-18,,K67917806I,FURN-000004,pune,30
FAT-0004526,INST-0621-2604526,ANG-0002527,True,NIVF-8782759802,2026-08-25,2026-08-25,541500.0,pranuar,E_Vleftesuar,Miratuar,Po,R_Kaloi,2026-08-31,,L42103023G,FURN-000752,pune,30
FAT-0004527,INST-0084-2604527,ANG-0002528,True,NIVF-2192383603,2026-08-30,2026-08-31,78143.22,pranuar,E_Vleftesuar,Miratuar,Po,R_Kaloi,2026-09-04,,M52311039R,FURN-000386,mall,30
FAT-0004528,INST-0446-2604528,ANG-0002529,True,NIVF-8241369568,2026-09-01,2026-09-03,1477.19,pranuar,E_Vleftesuar,Miratuar,Po,R_Kaloi,2026-09-06,,L92112031B,FURN-000374,mall,30
FAT-0004529,INST-0119-2604529,ANG-0002530,True,NIVF-5376996338,2026-09-04,2026-09-06,41940.44,pranuar,E_Vleftesuar,Miratuar,Po,R_Kaloi,2026-09-12,,K66801001T,FURN-000325,pune,30
FAT-0004530,INST-0126-2604530,ANG-0002531,True,NIVF-4074011036,2026-08-28,2026-08-31,70906.62,pranuar,E_Vleftesuar,Miratuar,Po,R_Kaloi,2026-09-01,,L61611043G,FURN-000243,mall,30
FAT-0004531,INST-0621-2604531,ANG-0002532,True,NIVF-2427271677,2026-08-30,2026-09-01,22853.0,pranuar,E_Vleftesuar,Miratuar,Po,R_Kaloi,2026-09-07,,L21319037M,FURN-000043,mall,30
FAT-0004532,INST-0145-2604532,ANG-0002533,True,NIVF-2225371747,2026-08-27,2026-08-31,72587.44,pranuar,E_Vleftesuar,Miratuar,Po,R_Kaloi,2026-09-01,,M61818031C,FURN-002032,sherbim,30
FAT-0004533,INST-0921-2604533,ANG-0002534,True,NIVF-7997521905,2026-08-23,2026-08-25,27832.59,refuzuar,Kerkon_Rivleftesim,Refuzuar,Jo,,2026-08-27,Gabim në shumën e faturuar,L68705501C,FURN-001464,sherbim,30
FAT-0004534,INST-0621-2604534,ANG-0002535,True,NIVF-5001135555,2026-08-31,2026-09-01,60000.0,pranuar,E_Vleftesuar,Miratuar,Po,R_Kaloi,2026-09-03,,L22306003L,FURN-000185,mall,30
FAT-0004535,INST-0621-2604535,ANG-0002536,True,NIVF-8098547966,2026-08-24,2026-08-28,47252.12,pranuar,E_Vleftesuar,Miratuar,Po,R_Kaloi,2026-09-06,,L82729403H,FURN-000645,mall,30
FAT-0004536,INST-0621-2604536,ANG-0002537,True,NIVF-3788295349,2026-08-23,2026-08-26,222.59,pranuar,E_Vleftesuar,Miratuar,Po,R_Kaloi,2026-08-27,,K66503204K,FURN-000290,mall,30
FAT-0004537,INST-0621-2604537,ANG-0002537,True,NIVF-2521902313,2026-09-12,2026-09-12,62077.41,refuzuar,Kerkon_Rivleftesim,Refuzuar,Jo,,2026-09-18,Mospërputhje me kontratën,K66503204K,FURN-000290,mall,30
FAT-0004538,INST-0621-2604538,ANG-0002538,True,NIVF-5282512519,2026-08-28,2026-09-01,157768.22,pranuar,E_Vleftesuar,Miratuar,Po,R_Kaloi,2026-09-06,,M21307517P,FURN-000433,mall,30
FAT-0004539,INST-0621-2604539,ANG-0002539,True,NIVF-1221485006,2026-08-30,2026-09-02,84442.81,pranuar,E_Vleftesuar,Miratuar,Po,R_Kaloi,2026-09-03,,K32720203N,FURN-000680,mall,30
FAT-0004540,INST-0621-2604540,ANG-0002540,True,NIVF-9801232286,2026-08-27,2026-08-27,695000.0,pranuar,E_Vleftesuar,Miratuar,Po,R_Kaloi,2026-09-03,,M68818501C,FURN-000429,mall,30
FAT-0004541,INST-0140-2604541,ANG-0002541,True,NIVF-5853834732,2026-09-03,2026-09-06,304963.93,pranuar,E_Vleftesuar,Miratuar,Po,R_Kaloi,2026-09-09,,M19305501L,FURN-000435,pune,30
FAT-0004542,INST-0242-2604542,ANG-0002542,True,NIVF-1837081504,2026-09-02,2026-09-03,239642.65,refuzuar,Kerkon_Rivleftesim,Refuzuar,Jo,,2026-09-12,Mungesë dokumentacioni mbështetës,L42314005A,FURN-000928,pune,30
FAT-0004543,INST-0464-2604543,ANG-0002543,True,NIVF-2582827372,2026-08-31,2026-08-31,72081.93,pranuar,E_Vleftesuar,Miratuar,Po,R_Kaloi,2026-09-01,,J62426002Q,FURN-000236,mall,30
FAT-0004544,INST-0173-2604544,ANG-0002544,True,NIVF-9773483211,2026-08-27,2026-08-31,146143.15,pranuar,E_Vleftesuar,Miratuar,Po,R_Kaloi,2026-09-07,,J91809007H,FURN-000028,mall,30
FAT-0004545,INST-0173-2604545,ANG-0002544,True,NIVF-4067181970,2026-09-17,2026-09-18,221432.48,pranuar,E_Vleftesuar,Miratuar,Po,R_Kaloi,2026-09-18,,J91809007H,FURN-000028,mall,30
FAT-0004546,INST-0164-2604546,ANG-0002545,True,NIVF-2649942862,2026-09-04,2026-09-05,795000.0,pranuar,E_Vleftesuar,Miratuar,Po,R_Kaloi,2026-09-14,,M68818501C,FURN-000429,pune,30
FAT-0004547,INST-0122-2604547,ANG-0002546,True,NIVF-7037090891,2026-08-25,2026-08-25,20527.0,pranuar,E_Vleftesuar,Miratuar,Po,R_Kaloi,2026-09-02,,L32403002P,FURN-000123,pune,30
FAT-0004548,INST-0331-2604548,ANG-0002547,True,NIVF-4429602134,2026-09-06,2026-09-06,230186.65,pranuar,E_Vleftesuar,Miratuar,Po,R_Kaloi,2026-09-07,,L21809501H,FURN-000545,mall,30
FAT-0004549,INST-0147-2604549,ANG-0002548,True,NIVF-9464037734,2026-08-26,2026-08-28,1300000.0,pranuar,E_Vleftesuar,Miratuar,Po,R_Kaloi,2026-09-01,,L71416010E,FURN-000488,sherbim,30
FAT-0004550,INST-0044-2604550,ANG-0002549,True,NIVF-3072744658,2026-08-31,2026-09-03,470087.99,pranuar,E_Vleftesuar,Miratuar,Po,R_Kaloi,2026-09-08,,K16604201M,FURN-000688,mall,30
FAT-0004551,INST-0572-2604551,ANG-0002550,True,NIVF-9212119961,2026-08-26,2026-08-28,237000.0,pranuar,E_Vleftesuar,Miratuar,Po,R_Kaloi,2026-09-02,,M52311039R,FURN-000386,mall,30
FAT-0004552,INST-0124-2604552,ANG-0002551,True,NIVF-7368752335,2026-08-26,2026-08-30,525848.82,pranuar,E_Vleftesuar,Miratuar,Po,R_Kaloi,2026-09-07,,M31802011U,FURN-000434,mall,30
FAT-0004553,INST-0118-2604553,ANG-0002552,True,NIVF-6633078953,2026-08-25,2026-08-29,33325.07,pranuar,E_Vleftesuar,Miratuar,Po,R_Kaloi,2026-09-07,,K33915001O,FURN-000193,pune,30
FAT-0004554,INST-1007-2604554,ANG-0002553,True,NIVF-2819973208,2026-09-02,2026-09-03,269647.88,pranuar,E_Vleftesuar,Miratuar,Po,R_Kaloi,2026-09-08,,M51624039U,FURN-000392,pune,30
FAT-0004555,INST-0513-2604555,ANG-0002554,True,NIVF-2092131969,2026-09-05,2026-09-05,29590.98,pranuar,E_Vleftesuar,Miratuar,Po,R_Kaloi,2026-09-13,,J81609010U,FURN-000662,pune,30
FAT-0004556,INST-0621-2604556,ANG-0002555,True,NIVF-3959065996,2026-08-29,2026-09-02,108991.22,pranuar,E_Vleftesuar,Miratuar,Po,R_Kaloi,2026-09-06,,J64103603J,FURN-000517,sherbim,30
FAT-0004557,INST-0621-2604557,ANG-0002556,True,NIVF-6205707197,2026-09-07,2026-09-09,99000.0,pranuar,E_Vleftesuar,Miratuar,Po,R_Kaloi,2026-09-16,,M41819508B,FURN-000360,sherbim,30
FAT-0004558,INST-0621-2604558,ANG-0002557,True,NIVF-6081485981,2026-09-02,2026-09-04,396364.56,pranuar,E_Vleftesuar,Miratuar,Po,R_Kaloi,2026-09-06,,J61813529P,FURN-000228,sherbim,30
FAT-0004559,INST-0621-2604559,ANG-0002558,True,NIVF-8548021841,2026-08-26,2026-08-26,100000.0,pranuar,E_Vleftesuar,Miratuar,Po,R_Kaloi,2026-09-01,,M31503048B,FURN-000084,sherbim,30
FAT-0004560,INST-0621-2604560,ANG-0002559,True,NIVF-8264633316,2026-08-31,2026-08-31,314825.63,pranuar,E_Vleftesuar,Miratuar,Po,R_Kaloi,2026-09-07,,M51615505V,FURN-001684,sherbim,30
FAT-0004561,INST-0621-2604561,ANG-0002560,True,NIVF-5065782770,2026-09-04,2026-09-06,412393.43,pranuar,E_Vleftesuar,Miratuar,Po,R_Kaloi,2026-09-11,,K62202046U,FURN-000341,sherbim,30
FAT-0004562,INST-0621-2604562,ANG-0002561,True,NIVF-1783427793,2026-09-01,2026-09-02,31892.97,pranuar,E_Vleftesuar,Miratuar,Po,R_Kaloi,2026-09-11,,L27231201B,FURN-002005,sherbim,30
FAT-0004563,INST-0621-2604563,ANG-0002562,True,NIVF-2371336964,2026-08-28,2026-08-30,195500.0,pranuar,E_Vleftesuar,Miratuar,Po,R_Kaloi,2026-08-31,,L71715003C,FURN-000184,sherbim,30
FAT-0004564,INST-0621-2604564,ANG-0002563,True,NIVF-5487887163,2026-09-06,2026-09-09,43036.8,pranuar,E_Vleftesuar,Miratuar,Po,R_Kaloi,2026-09-10,,K01514009I,FURN-000519,sherbim,30
FAT-0004565,INST-0621-2604565,ANG-0002564,True,NIVF-6041932211,2026-09-07,2026-09-11,3603947.86,pranuar,E_Vleftesuar,Miratuar,Po,R_Kaloi,2026-09-18,,M42026032D,FURN-000482,sherbim,30
FAT-0004566,INST-0623-2604566,ANG-0002565,True,NIVF-9555664688,2026-09-02,2026-09-04,3716217.68,pranuar,E_Vleftesuar,Miratuar,Po,R_Kaloi,2026-09-05,,J61813529P,FURN-000228,mall,30
FAT-0004567,INST-0621-2604567,ANG-0002566,True,NIVF-9830577137,2026-09-01,2026-09-04,445039.93,pranuar,E_Vleftesuar,Miratuar,Po,R_Kaloi,2026-09-12,,L82008020I,FURN-000425,sherbim,30
FAT-0004568,INST-0144-2604568,ANG-0002567,True,NIVF-2001842040,2026-08-29,2026-09-02,22010.49,pranuar,E_Vleftesuar,Miratuar,Po,R_Kaloi,2026-09-08,,L71325019D,FURN-000140,mall,30
FAT-0004569,INST-0916-2604569,ANG-0002568,True,NIVF-9427481393,2026-08-31,2026-08-31,32416.39,pranuar,E_Vleftesuar,Miratuar,Po,R_Kaloi,2026-09-04,,M42614002J,FURN-000250,mall,30
FAT-0004570,INST-0174-2604570,ANG-0002569,True,NIVF-7568349121,2026-08-26,2026-08-29,914000.0,pranuar,E_Vleftesuar,Miratuar,Po,R_Kaloi,2026-08-31,,L72316030R,FURN-000424,pune,30
FAT-0004571,INST-0404-2604571,ANG-0002570,True,NIVF-6083315449,2026-08-25,2026-08-28,17062.93,refuzuar,Kerkon_Rivleftesim,Refuzuar,Jo,,2026-09-06,Mospërputhje me kontratën,L76402003H,FURN-000091,mall,30
FAT-0004572,INST-0060-2604572,ANG-0002571,True,NIVF-6583261038,2026-08-24,2026-08-26,894200.0,refuzuar,Kerkon_Rivleftesim,Refuzuar,Jo,,2026-09-02,Fiskalizim i pavlefshëm,L52117022A,FURN-000448,sherbim,30
FAT-0004573,INST-0920-2604573,ANG-0002572,True,NIVF-7228485043,2026-08-27,2026-08-29,1949.16,pranuar,E_Vleftesuar,Miratuar,Po,R_Kaloi,2026-08-30,,M33506402O,FURN-000349,mall,30
FAT-0004574,INST-0920-2604574,ANG-0002572,True,NIVF-7955998541,2026-09-18,2026-09-18,13283.33,pranuar,E_Vleftesuar,Miratuar,Po,R_Kaloi,2026-09-18,,M33506402O,FURN-000349,mall,30
FAT-0004575,INST-0140-2604575,ANG-0002573,True,NIVF-1130302640,2026-08-24,2026-08-26,693700.0,pranuar,E_Vleftesuar,Miratuar,Po,R_Kaloi,2026-08-28,,K16604201M,FURN-000688,pune,30
FAT-0004576,INST-0238-2604576,ANG-0002574,True,NIVF-1030270375,2026-08-24,2026-08-26,9807.73,pranuar,E_Vleftesuar,Miratuar,Po,R_Kaloi,2026-08-30,,K67917806I,FURN-000004,mall,30
FAT-0004577,INST-0238-2604577,ANG-0002574,True,NIVF-1130432843,2026-09-15,2026-09-15,39362.27,refuzuar,Kerkon_Rivleftesim,Refuzuar,Jo,,2026-09-18,Gabim në shumën e faturuar,K67917806I,FURN-000004,mall,30
FAT-0004578,INST-0145-2604578,ANG-0002575,True,NIVF-8228635435,2026-08-30,2026-09-03,1738.68,pranuar,E_Vleftesuar,Miratuar,Po,R_Kaloi,2026-09-09,,M21611022E,FURN-000407,sherbim,30
FAT-0004579,INST-0126-2604579,ANG-0002576,True,NIVF-9559522828,2026-09-03,2026-09-06,25000.0,pranuar,E_Vleftesuar,Miratuar,Po,R_Kaloi,2026-09-12,,L01409504R,FURN-000121,pune,30
FAT-0004580,INST-0238-2604580,ANG-0002577,True,NIVF-2891362530,2026-08-26,2026-08-27,6925.52,pranuar,E_Vleftesuar,Miratuar,Po,R_Kaloi,2026-08-28,,L01409504R,FURN-000121,pune,30
FAT-0004581,INST-0621-2604581,ANG-0002578,True,NIVF-6583104541,2026-09-05,2026-09-08,45234.28,pranuar,E_Vleftesuar,Miratuar,Po,R_Kaloi,2026-09-09,,J62426002Q,FURN-000236,sherbim,30
FAT-0004582,INST-0172-2604582,ANG-0002579,True,NIVF-3558794239,2026-09-07,2026-09-11,245000.0,pranuar,E_Vleftesuar,Miratuar,Po,R_Kaloi,2026-09-15,,L16318701M,FURN-001858,sherbim,30
FAT-0004583,INST-0172-2604583,ANG-0002580,True,NIVF-7813517102,2026-09-03,2026-09-07,595.37,pranuar,E_Vleftesuar,Miratuar,Po,R_Kaloi,2026-09-09,,J61817047D,FURN-000143,sherbim,30
FAT-0004584,INST-0098-2604584,ANG-0002581,True,NIVF-5590359757,2026-09-06,2026-09-07,44495.65,pranuar,E_Vleftesuar,Miratuar,Po,R_Kaloi,2026-09-15,,M52213505B,FURN-000426,sherbim,30
FAT-0004585,INST-0175-2604585,ANG-0002582,True,NIVF-2212155558,2026-09-07,2026-09-10,534656.77,pranuar,E_Vleftesuar,Miratuar,Po,R_Kaloi,2026-09-11,,K81408035S,FURN-001947,mall,30
FAT-0004586,INST-0175-2604586,ANG-0002583,True,NIVF-3400972293,2026-08-27,2026-08-30,18730.43,pranuar,E_Vleftesuar,Miratuar,Po,R_Kaloi,2026-09-08,,K31528061N,FURN-000306,pune,30
FAT-0004587,INST-0398-2604587,ANG-0002584,True,NIVF-6882007665,2026-09-03,2026-09-07,109607.34,pranuar,E_Vleftesuar,Miratuar,Po,R_Kaloi,2026-09-08,,K36308504V,FURN-000762,pune,30
FAT-0004588,INST-0115-2604588,ANG-0002585,True,NIVF-3963440146,2026-09-05,2026-09-07,72000.0,pranuar,E_Vleftesuar,Miratuar,Po,R_Kaloi,2026-09-11,,M57122701K,FURN-000647,mall,30
FAT-0004589,INST-0889-2604589,ANG-0002586,True,NIVF-3669351148,2026-09-03,2026-09-07,271710.0,pranuar,E_Vleftesuar,Miratuar,Po,R_Kaloi,2026-09-10,,M11417503F,FURN-000460,sherbim,30
FAT-0004590,INST-0059-2604590,ANG-0002587,True,NIVF-1939689697,2026-09-01,2026-09-02,53379.7,refuzuar,Kerkon_Rivleftesim,Refuzuar,Jo,,2026-09-04,Mospërputhje me kontratën,M01819501K,FURN-000359,mall,30
FAT-0004591,INST-0641-2604591,ANG-0002588,True,NIVF-6063492656,2026-08-29,2026-08-30,20382.69,pranuar,E_Vleftesuar,Miratuar,Po,R_Kaloi,2026-09-03,,M21307517P,FURN-000433,pune,30
FAT-0004592,INST-0963-2604592,ANG-0002589,True,NIVF-6282183157,2026-09-02,2026-09-04,600000.0,pranuar,E_Vleftesuar,Miratuar,Po,R_Kaloi,2026-09-09,,L97124201Q,FURN-000649,sherbim,30
FAT-0004593,INST-0456-2604593,ANG-0002590,True,NIVF-2866647143,2026-08-29,2026-09-01,106430.38,pranuar,E_Vleftesuar,Miratuar,Po,R_Kaloi,2026-09-07,,M52213505B,FURN-000426,mall,30
FAT-0004594,INST-0126-2604594,ANG-0002591,True,NIVF-6953420953,2026-09-05,2026-09-08,25000.0,pranuar,E_Vleftesuar,Miratuar,Po,R_Kaloi,2026-09-17,,J87603505T,FURN-000027,mall,30
FAT-0004595,INST-0126-2604595,ANG-0002592,True,NIVF-4212221493,2026-08-26,2026-08-27,9638.83,pranuar,E_Vleftesuar,Miratuar,Po,R_Kaloi,2026-08-28,,K31528061N,FURN-000306,mall,30
FAT-0004596,INST-0126-2604596,ANG-0002593,True,NIVF-8778808216,2026-08-31,2026-09-03,42976.16,pranuar,E_Vleftesuar,Miratuar,Po,R_Kaloi,2026-09-10,,L01325010Q,FURN-000414,mall,30
FAT-0004597,INST-0142-2604597,ANG-0002594,True,NIVF-8914566174,2026-09-06,2026-09-08,183551.01,pranuar,E_Vleftesuar,Miratuar,Po,R_Kaloi,2026-09-12,,L92318009L,FURN-000534,sherbim,30
FAT-0004598,INST-0424-2604598,ANG-0002595,True,NIVF-1916707309,2026-08-27,2026-08-30,38531.07,pranuar,E_Vleftesuar,Miratuar,Po,R_Kaloi,2026-09-01,,K71903025A,FURN-001246,pune,30
FAT-0004599,INST-0424-2604599,ANG-0002596,True,NIVF-3871171775,2026-08-28,2026-08-28,661110.0,pranuar,E_Vleftesuar,Miratuar,Po,R_Kaloi,2026-08-31,,L71715003C,FURN-000184,pune,30
FAT-0004600,INST-0621-2604600,ANG-0002597,True,NIVF-5235137106,2026-09-07,2026-09-11,98583.0,pranuar,E_Vleftesuar,Miratuar,Po,R_Kaloi,2026-09-16,,M13909001H,FURN-000305,sherbim,30
FAT-0004601,INST-0134-2604601,ANG-0002598,True,NIVF-3133491643,2026-09-06,2026-09-06,773707.87,refuzuar,Kerkon_Rivleftesim,Refuzuar,Jo,,2026-09-10,Fiskalizim i pavlefshëm,K43309402W,FURN-000005,pune,30
FAT-0004602,INST-0331-2604602,ANG-0002599,True,NIVF-5897078786,2026-09-06,2026-09-09,42926.75,pranuar,E_Vleftesuar,Miratuar,Po,R_Kaloi,2026-09-12,,L62302021Q,FURN-000241,pune,30
FAT-0004603,INST-0172-2604603,ANG-0002600,True,NIVF-2270970489,2026-09-06,2026-09-08,206009.33,pranuar,E_Vleftesuar,Miratuar,Po,R_Kaloi,2026-09-15,,M51321047K,FURN-000422,sherbim,30
FAT-0004604,INST-0172-2604604,ANG-0002601,True,NIVF-6441875783,2026-08-31,2026-09-01,89320.0,pranuar,E_Vleftesuar,Miratuar,Po,R_Kaloi,2026-09-06,,J64103422D,FURN-000118,sherbim,30
FAT-0004605,INST-0172-2604605,ANG-0002602,True,NIVF-8554600824,2026-09-08,2026-09-08,241339.25,pranuar,E_Vleftesuar,Miratuar,Po,R_Kaloi,2026-09-11,,M52311039R,FURN-000386,sherbim,30
FAT-0004606,INST-0449-2604606,ANG-0002603,True,NIVF-1360372101,2026-09-04,2026-09-05,263611.31,pranuar,E_Vleftesuar,Miratuar,Po,R_Kaloi,2026-09-14,,K71707007Q,FURN-000160,mall,30
FAT-0004607,INST-0243-2604607,ANG-0002604,True,NIVF-1004574476,2026-09-07,2026-09-11,44939.39,pranuar,E_Vleftesuar,Miratuar,Po,R_Kaloi,2026-09-18,,L71325019D,FURN-000140,pune,30
FAT-0004608,INST-0511-2604608,ANG-0002605,True,NIVF-3702783007,2026-08-25,2026-08-28,649990.0,pranuar,E_Vleftesuar,Miratuar,Po,R_Kaloi,2026-09-05,,M19305501L,FURN-000435,pune,30
FAT-0004609,INST-0509-2604609,ANG-0002606,True,NIVF-6629897955,2026-08-25,2026-08-28,13637.45,pranuar,E_Vleftesuar,Miratuar,Po,R_Kaloi,2026-09-05,,L81329024O,FURN-000432,pune,30
FAT-0004610,INST-0624-2604610,ANG-0002607,True,NIVF-3849411951,2026-09-07,2026-09-11,2200000.0,pranuar,E_Vleftesuar,Miratuar,Po,R_Kaloi,2026-09-18,,K41926801W,FURN-000316,sherbim,30
FAT-0004611,INST-0137-2604611,ANG-0002608,True,NIVF-7981367686,2026-08-29,2026-08-30,124340.99,refuzuar,Kerkon_Rivleftesim,Refuzuar,Jo,,2026-09-03,Mospërputhje me kontratën,J61817045K,FURN-000616,sherbim,30
FAT-0004612,INST-0099-2604612,ANG-0002609,True,NIVF-1437498059,2026-09-03,2026-09-04,945000.0,refuzuar,Kerkon_Rivleftesim,Refuzuar,Jo,,2026-09-05,Fiskalizim i pavlefshëm,M28717102U,FURN-000157,sherbim,30
FAT-0004613,INST-0099-2604613,ANG-0002610,True,NIVF-8669061563,2026-09-01,2026-09-02,649726.92,refuzuar,Kerkon_Rivleftesim,Refuzuar,Jo,,2026-09-10,Fiskalizim i pavlefshëm,K29824105N,FURN-000533,sherbim,30
FAT-0004614,INST-0099-2604614,ANG-0002611,True,NIVF-8279680968,2026-09-07,2026-09-09,316582.34,pranuar,E_Vleftesuar,Miratuar,Po,R_Kaloi,2026-09-11,,K82015004O,FURN-000478,sherbim,30
FAT-0004615,INST-0099-2604615,ANG-0002612,True,NIVF-4309794643,2026-08-29,2026-08-31,81250.0,pranuar,E_Vleftesuar,Miratuar,Po,R_Kaloi,2026-09-04,,L01508026P,FURN-000052,sherbim,30
FAT-0004616,INST-0099-2604616,ANG-0002613,True,NIVF-3743348964,2026-08-27,2026-08-30,211309.24,pranuar,E_Vleftesuar,Miratuar,Po,R_Kaloi,2026-09-04,,J61827062E,FURN-000337,pune,30
FAT-0004617,INST-0424-2604617,ANG-0002614,True,NIVF-3405783726,2026-09-04,2026-09-06,92989.24,pranuar,E_Vleftesuar,Miratuar,Po,R_Kaloi,2026-09-11,,J91809007H,FURN-000028,pune,30
FAT-0004618,INST-0099-2604618,ANG-0002615,True,NIVF-3572829810,2026-08-31,2026-09-01,577558.0,pranuar,E_Vleftesuar,Miratuar,Po,R_Kaloi,2026-09-06,,J88730334W,FURN-000729,pune,30
FAT-0004619,INST-0570-2604619,ANG-0002616,True,NIVF-7548354660,2026-08-29,2026-09-01,274500.0,pranuar,E_Vleftesuar,Miratuar,Po,R_Kaloi,2026-09-04,,M53319201J,FURN-000340,mall,30
FAT-0004620,INST-0959-2604620,ANG-0002617,True,NIVF-9496141820,2026-09-06,2026-09-08,295650.0,pranuar,E_Vleftesuar,Miratuar,Po,R_Kaloi,2026-09-09,,K32725211G,FURN-000479,pune,30
FAT-0004621,INST-0621-2604621,ANG-0002618,True,NIVF-2702221775,2026-09-03,2026-09-06,970000.0,pranuar,E_Vleftesuar,Miratuar,Po,R_Kaloi,2026-09-12,,J91601504N,FURN-000431,sherbim,30
FAT-0004622,INST-0915-2604622,ANG-0002619,True,NIVF-2937053653,2026-09-08,2026-09-12,1443232.64,pranuar,E_Vleftesuar,Miratuar,Po,R_Kaloi,2026-09-14,,K17621104C,FURN-000222,mall,30
FAT-0004623,INST-0175-2604623,ANG-0002620,True,NIVF-2742855606,2026-08-31,2026-09-02,167360.05,pranuar,E_Vleftesuar,Miratuar,Po,R_Kaloi,2026-09-05,,L74320602D,FURN-000532,pune,30
FAT-0004624,INST-0968-2604624,ANG-0002621,True,NIVF-2715630880,2026-09-08,2026-09-12,134581.85,pranuar,E_Vleftesuar,Miratuar,Po,R_Kaloi,2026-09-13,,L62206012L,FURN-001004,sherbim,30
FAT-0004625,INST-0968-2604625,ANG-0002622,True,NIVF-8251377255,2026-08-31,2026-09-01,2717.27,pranuar,E_Vleftesuar,Miratuar,Po,R_Kaloi,2026-09-09,,L32403002P,FURN-000123,sherbim,30
FAT-0004626,INST-0621-2604626,ANG-0002623,True,NIVF-9465145227,2026-09-06,2026-09-08,100000.0,pranuar,E_Vleftesuar,Miratuar,Po,R_Kaloi,2026-09-17,,M01321501F,FURN-000205,sherbim,30
FAT-0004627,INST-0568-2604627,ANG-0002624,True,NIVF-5594582581,2026-09-09,2026-09-13,9575.78,pranuar,E_Vleftesuar,Miratuar,Po,R_Kaloi,2026-09-17,,K12201002T,FURN-000088,mall,30
FAT-0004628,INST-0621-2604628,ANG-0002625,True,NIVF-8075209945,2026-09-06,2026-09-09,35000.0,pranuar,E_Vleftesuar,Miratuar,Po,R_Kaloi,2026-09-18,,K31517091C,FURN-000107,sherbim,30
FAT-0004629,INST-0480-2604629,ANG-0002626,True,NIVF-8353326761,2026-09-03,2026-09-07,249997.0,pranuar,E_Vleftesuar,Miratuar,Po,R_Kaloi,2026-09-11,,M26620203T,FURN-000270,mall,30
FAT-0004630,INST-0132-2604630,ANG-0002627,True,NIVF-6905819723,2026-09-05,2026-09-08,24480.68,pranuar,E_Vleftesuar,Miratuar,Po,R_Kaloi,2026-09-15,,M11529014H,FURN-000062,pune,30
FAT-0004631,INST-0087-2604631,ANG-0002628,True,NIVF-8213120811,2026-09-12,2026-09-13,815000.0,pranuar,E_Vleftesuar,Miratuar,Po,R_Kaloi,2026-09-18,,M12218017P,FURN-000450,sherbim,30
FAT-0004632,INST-0920-2604632,ANG-0002629,True,NIVF-3373619284,2026-09-05,2026-09-05,35392.43,pranuar,E_Vleftesuar,Miratuar,Po,R_Kaloi,2026-09-07,,K62320012O,FURN-000162,mall,30
FAT-0004633,INST-0621-2604633,ANG-0002630,True,NIVF-9322801281,2026-09-02,2026-09-02,60000.0,pranuar,E_Vleftesuar,Miratuar,Po,R_Kaloi,2026-09-06,,L52320022V,FURN-000352,mall,30
FAT-0004634,INST-0173-2604634,ANG-0002631,True,NIVF-7649908201,2026-09-10,2026-09-13,13181.91,pranuar,E_Vleftesuar,Miratuar,Po,R_Kaloi,2026-09-18,,M53319201J,FURN-000340,pune,30
FAT-0004635,INST-0332-2604635,ANG-0002632,True,NIVF-6105583327,2026-08-29,2026-08-30,181304.97,refuzuar,Kerkon_Rivleftesim,Refuzuar,Jo,,2026-09-01,Gabim në shumën e faturuar,J61905015B,FURN-000366,mall,30
FAT-0004636,INST-0424-2604636,ANG-0002633,True,NIVF-8807177080,2026-09-07,2026-09-09,42818.76,pranuar,E_Vleftesuar,Miratuar,Po,R_Kaloi,2026-09-17,,K61516506H,FURN-000388,pune,30
FAT-0004637,INST-0424-2604637,ANG-0002634,True,NIVF-9188684575,2026-09-02,2026-09-04,12571.57,pranuar,E_Vleftesuar,Miratuar,Po,R_Kaloi,2026-09-08,,J61827076U-OE,FURN-000389,pune,30
FAT-0004638,INST-0098-2604638,ANG-0002635,True,NIVF-3437945655,2026-09-10,2026-09-10,198395.99,pranuar,E_Vleftesuar,Miratuar,Po,R_Kaloi,2026-09-18,,L81325008M,FURN-001577,mall,30
FAT-0004639,INST-0151-2604639,ANG-0002636,True,NIVF-9580670194,2026-09-11,2026-09-11,58731.81,pranuar,E_Vleftesuar,Miratuar,Po,R_Kaloi,2026-09-17,,K36306710v,FURN-000076,mall,30
FAT-0004640,INST-0176-2604640,ANG-0002637,True,NIVF-2070011658,2026-09-03,2026-09-03,84919.81,pranuar,E_Vleftesuar,Miratuar,Po,R_Kaloi,2026-09-06,,M32407021T,FURN-000297,pune,30
FAT-0004641,INST-0957-2604641,ANG-0002638,True,NIVF-3697022981,2026-09-02,2026-09-04,28732.76,pranuar,E_Vleftesuar,Miratuar,Po,R_Kaloi,2026-09-05,,K42611766Q,FURN-000083,mall,30
FAT-0004642,INST-0121-2604642,ANG-0002639,True,NIVF-2482170015,2026-09-01,2026-09-03,24672.26,pranuar,E_Vleftesuar,Miratuar,Po,R_Kaloi,2026-09-08,,K62320012O,FURN-000162,pune,30
FAT-0004643,INST-0151-2604643,ANG-0002640,True,NIVF-1260278118,2026-09-07,2026-09-10,18114.3,pranuar,E_Vleftesuar,Miratuar,Po,R_Kaloi,2026-09-11,,L92019017V,FURN-000712,pune,30
FAT-0004644,INST-1012-2604644,ANG-0002641,True,NIVF-7730472477,2026-09-03,2026-09-07,37013.45,pranuar,E_Vleftesuar,Miratuar,Po,R_Kaloi,2026-09-11,,L47401203N,FURN-000855,sherbim,30
FAT-0004645,INST-0170-2604645,ANG-0002642,True,NIVF-1837422017,2026-09-09,2026-09-11,419900.0,pranuar,E_Vleftesuar,Miratuar,Po,R_Kaloi,2026-09-12,,K33721008C,FURN-000327,mall,30
FAT-0004646,INST-0925-2604646,ANG-0002643,True,NIVF-4186190086,2026-09-08,2026-09-08,345850.0,pranuar,E_Vleftesuar,Miratuar,Po,R_Kaloi,2026-09-13,,K21521009W,FURN-000461,mall,30
FAT-0004647,INST-0925-2604647,ANG-0002644,True,NIVF-1356122623,2026-09-05,2026-09-08,66968.8,pranuar,E_Vleftesuar,Miratuar,Po,R_Kaloi,2026-09-17,,K62320012O,FURN-000162,mall,30
FAT-0004648,INST-0925-2604648,ANG-0002645,True,NIVF-5744634787,2026-09-11,2026-09-12,68292.55,pranuar,E_Vleftesuar,Miratuar,Po,R_Kaloi,2026-09-18,,M41707006H,FURN-000003,mall,30
FAT-0004649,INST-0150-2604649,ANG-0002646,True,NIVF-4061040899,2026-09-01,2026-09-02,55713.7,pranuar,E_Vleftesuar,Miratuar,Po,R_Kaloi,2026-09-07,,L12107043O,FURN-000120,pune,30
FAT-0004650,INST-0158-2604650,ANG-0002647,True,NIVF-5476036631,2026-09-05,2026-09-05,448439.05,pranuar,E_Vleftesuar,Miratuar,Po,R_Kaloi,2026-09-13,,K81503063B,FURN-000491,sherbim,30
FAT-0004651,INST-0364-2604651,ANG-0002648,True,NIVF-4107252983,2026-09-10,2026-09-11,19.0,pranuar,E_Vleftesuar,Miratuar,Po,R_Kaloi,2026-09-13,,J61813529P,FURN-000228,mall,30
FAT-0004652,INST-0243-2604652,ANG-0002649,True,NIVF-5784147824,2026-09-09,2026-09-10,245237.96,pranuar,E_Vleftesuar,Miratuar,Po,R_Kaloi,2026-09-12,,K53821602S,FURN-001972,pune,30
FAT-0004653,INST-0543-2604653,ANG-0002650,True,NIVF-1032938372,2026-09-12,2026-09-14,115000.0,refuzuar,Kerkon_Rivleftesim,Refuzuar,Jo,,2026-09-18,Fiskalizim i pavlefshëm,K31722069H,FURN-000999,sherbim,30
FAT-0004654,INST-0143-2604654,ANG-0002651,True,NIVF-3294181814,2026-09-04,2026-09-06,3671.42,pranuar,E_Vleftesuar,Miratuar,Po,R_Kaloi,2026-09-08,,L21319037M,FURN-000043,pune,30
FAT-0004655,INST-0148-2604655,ANG-0002652,True,NIVF-5871822132,2026-09-02,2026-09-05,309.13,pranuar,E_Vleftesuar,Miratuar,Po,R_Kaloi,2026-09-07,,K82612003J,FURN-000384,pune,30
FAT-0004656,INST-0148-2604656,ANG-0002653,True,NIVF-7707210782,2026-09-03,2026-09-03,3454.6,pranuar,E_Vleftesuar,Miratuar,Po,R_Kaloi,2026-09-10,,J62426002Q,FURN-000236,pune,30
FAT-0004657,INST-0128-2604657,ANG-0002654,True,NIVF-9929357433,2026-09-13,2026-09-14,99500.0,pranuar,E_Vleftesuar,Miratuar,Po,R_Kaloi,2026-09-18,,L92119032V,FURN-000367,mall,30
FAT-0004658,INST-0128-2604658,ANG-0002655,True,NIVF-9594720599,2026-09-02,2026-09-05,30984.51,pranuar,E_Vleftesuar,Miratuar,Po,R_Kaloi,2026-09-07,,L21319037M,FURN-000043,mall,30
FAT-0004659,INST-0128-2604659,ANG-0002656,True,NIVF-6860551810,2026-08-31,2026-09-02,759000.0,pranuar,E_Vleftesuar,Miratuar,Po,R_Kaloi,2026-09-07,,L71715003C,FURN-000184,mall,30
FAT-0004660,INST-0173-2604660,ANG-0002657,True,NIVF-1366631284,2026-09-10,2026-09-14,100000.0,pranuar,E_Vleftesuar,Miratuar,Po,R_Kaloi,2026-09-17,,K36313762P,FURN-000369,mall,30
FAT-0004661,INST-0057-2604661,ANG-0002658,True,NIVF-6492719865,2026-09-13,2026-09-13,44041.16,pranuar,E_Vleftesuar,Miratuar,Po,R_Kaloi,2026-09-18,,M61718005K,FURN-000618,mall,30
FAT-0004662,INST-1016-2604662,ANG-0002659,True,NIVF-5217391204,2026-09-13,2026-09-17,12198.17,pranuar,E_Vleftesuar,Miratuar,Po,R_Kaloi,2026-09-18,,K36310782O,FURN-001179,pune,30
FAT-0004663,INST-0621-2604663,ANG-0002660,True,NIVF-4489404641,2026-09-13,2026-09-16,506044.37,pranuar,E_Vleftesuar,Miratuar,Po,R_Kaloi,2026-09-18,,K42108801C,FURN-000106,mall,30
FAT-0004664,INST-0621-2604664,ANG-0002661,True,NIVF-5833906991,2026-09-04,2026-09-07,102572.62,pranuar,E_Vleftesuar,Miratuar,Po,R_Kaloi,2026-09-14,,L97119401D,FURN-000225,mall,30
FAT-0004665,INST-0621-2604665,ANG-0002662,True,NIVF-3447794969,2026-09-13,2026-09-17,137442.48,pranuar,E_Vleftesuar,Miratuar,Po,R_Kaloi,2026-09-18,,L21612025J,FURN-000423,mall,30
FAT-0004666,INST-0621-2604666,ANG-0002663,True,NIVF-5702775940,2026-09-06,2026-09-08,922800.0,pranuar,E_Vleftesuar,Miratuar,Po,R_Kaloi,2026-09-12,,K48130527H,FURN-001122,mall,30
FAT-0004667,INST-0151-2604667,ANG-0002664,True,NIVF-4602475432,2026-09-08,2026-09-10,124851.87,pranuar,E_Vleftesuar,Miratuar,Po,R_Kaloi,2026-09-13,,K72210003J,FURN-000173,pune,30
FAT-0004668,INST-0575-2604668,ANG-0002665,True,NIVF-9826544361,2026-09-09,2026-09-12,5026666.66,pranuar,E_Vleftesuar,Miratuar,Po,R_Kaloi,2026-09-18,,J61813529P,FURN-000228,sherbim,30
FAT-0004669,INST-0331-2604669,ANG-0002666,True,NIVF-7289408834,2026-09-02,2026-09-03,93000.0,pranuar,E_Vleftesuar,Miratuar,Po,R_Kaloi,2026-09-06,,K72417006F,FURN-001869,mall,30
FAT-0004670,INST-0621-2604670,ANG-0002667,True,NIVF-1952880230,2026-09-05,2026-09-05,564388.57,pranuar,E_Vleftesuar,Miratuar,Po,R_Kaloi,2026-09-08,,L51712008C,FURN-000189,sherbim,30
FAT-0004671,INST-1017-2604671,ANG-0002668,True,NIVF-3609371019,2026-09-12,2026-09-12,12277.13,pranuar,E_Vleftesuar,Miratuar,Po,R_Kaloi,2026-09-14,,J61817047D,FURN-000143,mall,30
FAT-0004672,INST-0124-2604672,ANG-0002669,True,NIVF-6039497778,2026-09-11,2026-09-11,3210160.14,pranuar,E_Vleftesuar,Miratuar,Po,R_Kaloi,2026-09-18,,L51706022H,FURN-000259,mall,30
FAT-0004673,INST-0965-2604673,ANG-0002670,True,NIVF-1814104556,2026-09-08,2026-09-12,418851.77,pranuar,E_Vleftesuar,Miratuar,Po,R_Kaloi,2026-09-13,,K61625001I,FURN-001863,mall,30
FAT-0004674,INST-0148-2604674,ANG-0002671,True,NIVF-8070559038,2026-08-30,2026-08-30,25953.71,pranuar,E_Vleftesuar,Miratuar,Po,R_Kaloi,2026-09-06,,L32403002P,FURN-000123,mall,30
FAT-0004675,INST-0621-2604675,ANG-0002672,True,NIVF-8304387693,2026-09-09,2026-09-10,301391.14,pranuar,E_Vleftesuar,Miratuar,Po,R_Kaloi,2026-09-13,,J64103054Q,FURN-000257,mall,30
FAT-0004676,INST-0621-2604676,ANG-0002673,True,NIVF-1607234422,2026-09-04,2026-09-06,1790685.11,pranuar,E_Vleftesuar,Miratuar,Po,R_Kaloi,2026-09-14,,K51408016J,FURN-000258,mall,30
FAT-0004677,INST-0621-2604677,ANG-0002674,True,NIVF-2657558144,2026-09-10,2026-09-14,187879.35,pranuar,E_Vleftesuar,Miratuar,Po,R_Kaloi,2026-09-18,,M22307015R,FURN-000354,mall,30
FAT-0004678,INST-0621-2604678,ANG-0002675,True,NIVF-3815506461,2026-09-08,2026-09-12,81955.64,pranuar,E_Vleftesuar,Miratuar,Po,R_Kaloi,2026-09-17,,M61308015B,FURN-000399,mall,30
FAT-0004679,INST-0621-2604679,ANG-0002676,True,NIVF-7417342991,2026-09-01,2026-09-03,157874.62,pranuar,E_Vleftesuar,Miratuar,Po,R_Kaloi,2026-09-12,,M22102009L,FURN-000520,mall,30
FAT-0004680,INST-0148-2604680,ANG-0002677,True,NIVF-1840540773,2026-09-01,2026-09-04,71568.0,pranuar,E_Vleftesuar,Miratuar,Po,R_Kaloi,2026-09-06,,L58309521A,FURN-000540,pune,30
FAT-0004681,INST-0154-2604681,ANG-0002678,True,NIVF-9880475460,2026-08-30,2026-08-30,322850.79,pranuar,E_Vleftesuar,Miratuar,Po,R_Kaloi,2026-09-02,,M27412402C,FURN-000557,pune,30
FAT-0004682,INST-0128-2604682,ANG-0002679,True,NIVF-6436916171,2026-09-02,2026-09-04,371051.81,pranuar,E_Vleftesuar,Miratuar,Po,R_Kaloi,2026-09-12,,M41508003F,FURN-000166,sherbim,30
FAT-0004683,INST-0621-2604683,ANG-0002680,True,NIVF-1262193450,2026-09-14,2026-09-16,22864.29,pranuar,E_Vleftesuar,Miratuar,Po,R_Kaloi,2026-09-17,,M48110601O,FURN-000214,mall,30
FAT-0004684,INST-0166-2604684,ANG-0002681,True,NIVF-7592552412,2026-09-05,2026-09-09,38926.99,pranuar,E_Vleftesuar,Miratuar,Po,R_Kaloi,2026-09-13,,J62903318M,FURN-000617,mall,30
FAT-0004685,INST-0127-2604685,ANG-0002682,True,NIVF-9013880451,2026-09-02,2026-09-06,261198.88,pranuar,E_Vleftesuar,Miratuar,Po,R_Kaloi,2026-09-08,,L82203011N,FURN-000199,pune,30
FAT-0004686,INST-0127-2604686,ANG-0002683,True,NIVF-4457972231,2026-08-31,2026-09-01,384495.94,refuzuar,Kerkon_Rivleftesim,Refuzuar,Jo,,2026-09-07,Fiskalizim i pavlefshëm,M22002001N,FURN-000619,pune,30
FAT-0004687,INST-1016-2604687,ANG-0002684,True,NIVF-4971637885,2026-09-06,2026-09-10,44526.22,pranuar,E_Vleftesuar,Miratuar,Po,R_Kaloi,2026-09-17,,L92112031B,FURN-000374,mall,30
FAT-0004688,INST-0920-2604688,ANG-0002685,True,NIVF-3343835116,2026-09-04,2026-09-08,35000.0,pranuar,E_Vleftesuar,Miratuar,Po,R_Kaloi,2026-09-09,,M01406012K,FURN-000252,mall,30
FAT-0004689,INST-0126-2604689,ANG-0002686,True,NIVF-7574708494,2026-09-03,2026-09-05,80840.0,pranuar,E_Vleftesuar,Miratuar,Po,R_Kaloi,2026-09-09,,K31528061N,FURN-000306,pune,30
FAT-0004690,INST-0424-2604690,ANG-0002687,True,NIVF-9745018760,2026-09-05,2026-09-06,2315.83,pranuar,E_Vleftesuar,Miratuar,Po,R_Kaloi,2026-09-15,,L51714014K,FURN-000705,pune,30
FAT-0004691,INST-0238-2604691,ANG-0002688,True,NIVF-7697575298,2026-09-03,2026-09-04,33010.5,pranuar,E_Vleftesuar,Miratuar,Po,R_Kaloi,2026-09-07,,K31528061N,FURN-000306,pune,30
FAT-0004692,INST-0915-2604692,ANG-0002689,True,NIVF-8005593917,2026-09-06,2026-09-08,426740.0,refuzuar,Kerkon_Rivleftesim,Refuzuar,Jo,,2026-09-12,Fiskalizim i pavlefshëm,K12201002T,FURN-000088,sherbim,30
FAT-0004693,INST-0331-2604693,ANG-0002690,True,NIVF-6548158450,2026-09-10,2026-09-12,46880.55,pranuar,E_Vleftesuar,Miratuar,Po,R_Kaloi,2026-09-16,,K42727403P,FURN-000711,sherbim,30
FAT-0004694,INST-0156-2604694,ANG-0002691,True,NIVF-8448221177,2026-09-10,2026-09-12,47429.39,refuzuar,Kerkon_Rivleftesim,Refuzuar,Jo,,2026-09-18,Gabim në shumën e faturuar,L11606503B,FURN-002003,mall,30
FAT-0004695,INST-0915-2604695,ANG-0002692,True,NIVF-7581536737,2026-09-04,2026-09-08,148856.58,pranuar,E_Vleftesuar,Miratuar,Po,R_Kaloi,2026-09-14,,K82020005B,FURN-000779,mall,30
FAT-0004696,INST-0151-2604696,ANG-0002693,True,NIVF-6396984721,2026-09-06,2026-09-09,459386.51,pranuar,E_Vleftesuar,Miratuar,Po,R_Kaloi,2026-09-18,,J98009202P,FURN-000079,mall,30
FAT-0004697,INST-0586-2604697,ANG-0002694,True,NIVF-4239623599,2026-09-13,2026-09-17,500000.0,pranuar,E_Vleftesuar,Miratuar,Po,R_Kaloi,2026-09-18,,L91418502J,FURN-000101,mall,30
FAT-0004698,INST-0131-2604698,ANG-0002695,True,NIVF-4326852229,2026-09-04,2026-09-06,898660.0,refuzuar,Kerkon_Rivleftesim,Refuzuar,Jo,,2026-09-15,Mungesë dokumentacioni mbështetës,K62028003A,FURN-000395,mall,30
FAT-0004699,INST-0164-2604699,ANG-0002696,True,NIVF-7866338507,2026-08-31,2026-08-31,65749.93,refuzuar,Kerkon_Rivleftesim,Refuzuar,Jo,,2026-09-06,Mungesë dokumentacioni mbështetës,K37509823M,FURN-000394,pune,30
FAT-0004700,INST-0172-2604700,ANG-0002697,True,NIVF-8330609986,2026-09-11,2026-09-12,354807.35,pranuar,E_Vleftesuar,Miratuar,Po,R_Kaloi,2026-09-18,,M22307034A,FURN-000732,pune,30
FAT-0004701,INST-0621-2604701,ANG-0002698,True,NIVF-7399794393,2026-09-07,2026-09-08,295400.0,pranuar,E_Vleftesuar,Miratuar,Po,R_Kaloi,2026-09-12,,M02415002E,FURN-000321,sherbim,30
FAT-0004702,INST-0082-2604702,ANG-0002699,True,NIVF-7257135463,2026-09-11,2026-09-13,158902.32,pranuar,E_Vleftesuar,Miratuar,Po,R_Kaloi,2026-09-18,,M41622016R,FURN-000884,mall,30
FAT-0004703,INST-0156-2604703,ANG-0002700,True,NIVF-3981978940,2026-09-03,2026-09-03,519753.88,pranuar,E_Vleftesuar,Miratuar,Po,R_Kaloi,2026-09-06,,L61611043G,FURN-000243,pune,30
FAT-0004704,INST-0317-2604704,ANG-0002701,True,NIVF-6830633591,2026-09-04,2026-09-07,317000.0,pranuar,E_Vleftesuar,Miratuar,Po,R_Kaloi,2026-09-11,,K31528061N,FURN-000306,pune,30
FAT-0004705,INST-0119-2604705,ANG-0002702,True,NIVF-3991436153,2026-09-08,2026-09-10,31004.17,pranuar,E_Vleftesuar,Miratuar,Po,R_Kaloi,2026-09-12,,J72124001N,FURN-000179,pune,30
FAT-0004706,INST-1016-2604706,ANG-0002703,True,NIVF-8943399639,2026-09-02,2026-09-02,32642.02,pranuar,E_Vleftesuar,Miratuar,Po,R_Kaloi,2026-09-05,,M22307015R,FURN-000354,sherbim,30
FAT-0004707,INST-0965-2604707,ANG-0002704,True,NIVF-6055206216,2026-09-07,2026-09-11,890000.0,pranuar,E_Vleftesuar,Miratuar,Po,R_Kaloi,2026-09-12,,L82523203F,FURN-001059,sherbim,30
FAT-0004708,INST-0138-2604708,ANG-0002705,True,NIVF-7111276057,2026-09-13,2026-09-16,230000.0,pranuar,E_Vleftesuar,Miratuar,Po,R_Kaloi,2026-09-18,,M61417003D,FURN-000592,mall,30
FAT-0004709,INST-1011-2604709,ANG-0002706,True,NIVF-8327904814,2026-09-08,2026-09-10,64355.98,pranuar,E_Vleftesuar,Miratuar,Po,R_Kaloi,2026-09-14,,K01410001N,FURN-000009,sherbim,30
FAT-0004710,INST-0128-2604710,ANG-0002707,True,NIVF-4530553645,2026-09-03,2026-09-06,13200.8,pranuar,E_Vleftesuar,Miratuar,Po,R_Kaloi,2026-09-15,,J91809007H,FURN-000028,pune,30
FAT-0004711,INST-0965-2604711,ANG-0002708,True,NIVF-4191913854,2026-09-06,2026-09-07,41973.81,pranuar,E_Vleftesuar,Miratuar,Po,R_Kaloi,2026-09-08,,K31528061N,FURN-000306,pune,30
FAT-0004712,INST-0621-2604712,ANG-0002709,True,NIVF-4705512227,2026-09-12,2026-09-13,5580.13,pranuar,E_Vleftesuar,Miratuar,Po,R_Kaloi,2026-09-17,,L97124201Q,FURN-000649,sherbim,30
FAT-0004713,INST-0110-2604713,ANG-0002710,True,NIVF-4560501402,2026-09-06,2026-09-08,417000.0,pranuar,E_Vleftesuar,Miratuar,Po,R_Kaloi,2026-09-15,,J62426002Q,FURN-000236,mall,30
FAT-0004714,INST-0134-2604714,ANG-0002711,True,NIVF-1111570167,2026-09-10,2026-09-10,4883.64,pranuar,E_Vleftesuar,Miratuar,Po,R_Kaloi,2026-09-15,,M22307015R,FURN-000354,pune,30
FAT-0004715,INST-0172-2604715,ANG-0002712,True,NIVF-1888541866,2026-09-05,2026-09-06,116323.62,pranuar,E_Vleftesuar,Miratuar,Po,R_Kaloi,2026-09-08,,L01305031H,FURN-001865,mall,30
FAT-0004716,INST-0102-2604716,ANG-0002713,True,NIVF-6188823818,2026-09-01,2026-09-05,38180.35,pranuar,E_Vleftesuar,Miratuar,Po,R_Kaloi,2026-09-08,,L42206505K,FURN-000372,sherbim,30
FAT-0004717,INST-0172-2604717,ANG-0002714,True,NIVF-3738241212,2026-09-10,2026-09-14,287000.0,pranuar,E_Vleftesuar,Miratuar,Po,R_Kaloi,2026-09-15,,J62426002Q,FURN-000236,mall,30
FAT-0004718,INST-0131-2604718,ANG-0002715,True,NIVF-6915839645,2026-09-15,2026-09-15,209439.68,pranuar,E_Vleftesuar,Miratuar,Po,R_Kaloi,2026-09-18,,K71718012P,FURN-000377,mall,30
FAT-0004719,INST-0131-2604719,ANG-0002716,True,NIVF-5448493615,2026-09-11,2026-09-14,142280.7,pranuar,E_Vleftesuar,Miratuar,Po,R_Kaloi,2026-09-18,,M21906013M,FURN-000093,mall,30
FAT-0004720,INST-0621-2604720,ANG-0002717,True,NIVF-4786334118,2026-09-09,2026-09-11,49221.66,refuzuar,Kerkon_Rivleftesim,Refuzuar,Jo,,2026-09-14,Mospërputhje me kontratën,K11715005L,FURN-000108,pune,30
FAT-0004721,INST-0243-2604721,ANG-0002718,True,NIVF-1439414192,2026-09-04,2026-09-06,85089.67,pranuar,E_Vleftesuar,Miratuar,Po,R_Kaloi,2026-09-12,,L01717030C,FURN-000490,pune,30
FAT-0004722,INST-0588-2604722,ANG-0002719,True,NIVF-1917385728,2026-09-07,2026-09-07,98333.0,pranuar,E_Vleftesuar,Miratuar,Po,R_Kaloi,2026-09-13,,L53512601D,FURN-000332,mall,30
FAT-0004723,INST-0588-2604723,ANG-0002720,True,NIVF-7211491911,2026-09-03,2026-09-03,97050.0,refuzuar,Kerkon_Rivleftesim,Refuzuar,Jo,,2026-09-10,Mospërputhje me kontratën,M12309034J,FURN-000330,mall,30
FAT-0004724,INST-0963-2604724,ANG-0002721,True,NIVF-3108942094,2026-09-04,2026-09-08,124000.0,pranuar,E_Vleftesuar,Miratuar,Po,R_Kaloi,2026-09-12,,L41726016Q,FURN-000238,mall,30
FAT-0004725,INST-0855-2604725,ANG-0002722,True,NIVF-9433199233,2026-09-14,2026-09-14,210000.0,pranuar,E_Vleftesuar,Miratuar,Po,R_Kaloi,2026-09-16,,L81512021D,FURN-000308,mall,30
FAT-0004726,INST-0241-2604726,ANG-0002723,True,NIVF-4749107735,2026-09-06,2026-09-10,92854.61,pranuar,E_Vleftesuar,Miratuar,Po,R_Kaloi,2026-09-16,,M22307015R,FURN-000354,pune,30
FAT-0004727,INST-0566-2604727,ANG-0002724,True,NIVF-7239521794,2026-09-03,2026-09-07,758000.0,pranuar,E_Vleftesuar,Miratuar,Po,R_Kaloi,2026-09-09,,L92713601Q,FURN-000744,sherbim,30
FAT-0004728,INST-0126-2604728,ANG-0002725,True,NIVF-9649037538,2026-09-02,2026-09-03,18863.82,refuzuar,Kerkon_Rivleftesim,Refuzuar,Jo,,2026-09-07,Mungesë dokumentacioni mbështetës,J91809007H,FURN-000028,mall,30
FAT-0004729,INST-0585-2604729,ANG-0002726,True,NIVF-9821806795,2026-09-14,2026-09-18,32650.09,pranuar,E_Vleftesuar,Miratuar,Po,R_Kaloi,2026-09-18,,L51419022R,FURN-000457,mall,30
FAT-0004730,INST-0127-2604730,ANG-0002727,True,NIVF-3004133274,2026-09-13,2026-09-16,37145.83,pranuar,E_Vleftesuar,Miratuar,Po,R_Kaloi,2026-09-18,,M22421024U,FURN-000060,pune,30
FAT-0004731,INST-0338-2604731,ANG-0002728,True,NIVF-2193263102,2026-09-06,2026-09-09,256600.0,pranuar,E_Vleftesuar,Miratuar,Po,R_Kaloi,2026-09-16,,L97006001D,FURN-000780,pune,30
FAT-0004732,INST-0117-2604732,ANG-0002729,True,NIVF-4564546613,2026-09-15,2026-09-17,47594.65,pranuar,E_Vleftesuar,Miratuar,Po,R_Kaloi,2026-09-18,,K31528061N,FURN-000306,pune,30
FAT-0004733,INST-0424-2604733,ANG-0002730,True,NIVF-1240393796,2026-09-10,2026-09-10,80333.0,pranuar,E_Vleftesuar,Miratuar,Po,R_Kaloi,2026-09-18,,L97417204O,FURN-000322,pune,30
FAT-0004734,INST-0424-2604734,ANG-0002731,True,NIVF-6533069301,2026-09-05,2026-09-06,1426.27,pranuar,E_Vleftesuar,Miratuar,Po,R_Kaloi,2026-09-07,,M11707049K,FURN-000211,pune,30
FAT-0004735,INST-0174-2604735,ANG-0002732,True,NIVF-7666960763,2026-09-13,2026-09-14,11712.85,pranuar,E_Vleftesuar,Miratuar,Po,R_Kaloi,2026-09-18,,K31908022U,FURN-000075,mall,30
FAT-0004736,INST-0621-2604736,ANG-0002733,True,NIVF-4879945071,2026-09-12,2026-09-13,24949.41,pranuar,E_Vleftesuar,Miratuar,Po,R_Kaloi,2026-09-15,,L52111032A,FURN-000247,mall,30
FAT-0004737,INST-0621-2604737,ANG-0002734,True,NIVF-6684910104,2026-09-15,2026-09-18,120355.3,pranuar,E_Vleftesuar,Miratuar,Po,R_Kaloi,2026-09-18,,K92201080V,FURN-000119,mall,30
FAT-0004738,INST-0167-2604738,ANG-0002735,True,NIVF-6956409455,2026-09-12,2026-09-14,5246.0,pranuar,E_Vleftesuar,Miratuar,Po,R_Kaloi,2026-09-18,,M63706602M,FURN-001222,pune,30
FAT-0004739,INST-0151-2604739,ANG-0002736,True,NIVF-1031240492,2026-09-16,2026-09-16,100000.0,pranuar,E_Vleftesuar,Miratuar,Po,R_Kaloi,2026-09-18,,L96611004A,FURN-000077,mall,30
FAT-0004740,INST-0134-2604740,ANG-0002737,True,NIVF-3459157519,2026-09-03,2026-09-05,595000.0,pranuar,E_Vleftesuar,Miratuar,Po,R_Kaloi,2026-09-07,,L72203025F,FURN-000430,pune,30
FAT-0004741,INST-0130-2604741,ANG-0002738,True,NIVF-9110007647,2026-09-04,2026-09-06,460000.0,pranuar,E_Vleftesuar,Miratuar,Po,R_Kaloi,2026-09-12,,L36807191B,FURN-000393,pune,30
FAT-0004742,INST-1012-2604742,ANG-0002739,True,NIVF-3198314037,2026-09-13,2026-09-14,62931.51,pranuar,E_Vleftesuar,Miratuar,Po,R_Kaloi,2026-09-18,,M12623003N,FURN-000192,sherbim,30
FAT-0004743,INST-0169-2604743,ANG-0002740,True,NIVF-1334077180,2026-09-07,2026-09-08,2500.0,pranuar,E_Vleftesuar,Miratuar,Po,R_Kaloi,2026-09-17,,M32413030C,FURN-000165,mall,30
FAT-0004744,INST-0164-2604744,ANG-0002741,True,NIVF-5309444081,2026-09-10,2026-09-11,8161.16,pranuar,E_Vleftesuar,Miratuar,Po,R_Kaloi,2026-09-18,,M22307015R,FURN-000354,mall,30
FAT-0004745,INST-0961-2604745,ANG-0002742,True,NIVF-6951389423,2026-09-14,2026-09-16,83333.0,pranuar,E_Vleftesuar,Miratuar,Po,R_Kaloi,2026-09-18,,K67127202M,FURN-000065,mall,30
FAT-0004746,INST-0513-2604746,ANG-0002743,True,NIVF-7297961334,2026-09-10,2026-09-13,64023.7,pranuar,E_Vleftesuar,Miratuar,Po,R_Kaloi,2026-09-18,,K31908022U,FURN-000075,pune,30
FAT-0004747,INST-0131-2604747,ANG-0002744,True,NIVF-7653669036,2026-09-05,2026-09-05,59000.0,pranuar,E_Vleftesuar,Miratuar,Po,R_Kaloi,2026-09-07,,M62911002F,FURN-000289,pune,30
FAT-0004748,INST-0169-2604748,ANG-0002745,True,NIVF-3667571997,2026-09-17,2026-09-18,48548.74,pranuar,E_Vleftesuar,Miratuar,Po,R_Kaloi,2026-09-18,,L32708801U,FURN-000234,sherbim,30
FAT-0004749,INST-0169-2604749,ANG-0002746,True,NIVF-3857975107,2026-09-16,2026-09-17,99936.0,pranuar,E_Vleftesuar,Miratuar,Po,R_Kaloi,2026-09-18,,K78317002F,FURN-000040,sherbim,30
FAT-0004750,INST-0169-2604750,ANG-0002747,True,NIVF-6096734339,2026-09-10,2026-09-11,83000.0,pranuar,E_Vleftesuar,Miratuar,Po,R_Kaloi,2026-09-18,,M52617004S,FURN-000458,sherbim,30
FAT-0004751,INST-0150-2604751,ANG-0002748,True,NIVF-4057700005,2026-09-14,2026-09-17,195000.0,pranuar,E_Vleftesuar,Miratuar,Po,R_Kaloi,2026-09-18,,L92204011T,FURN-000676,sherbim,30
FAT-0004752,INST-0084-2604752,ANG-0002749,True,NIVF-4418802167,2026-09-07,2026-09-10,6330.0,pranuar,E_Vleftesuar,Miratuar,Po,R_Kaloi,2026-09-17,,K51612031J,FURN-000015,mall,30
FAT-0004753,INST-0084-2604753,ANG-0002750,True,NIVF-2467581140,2026-09-08,2026-09-09,55658.02,pranuar,E_Vleftesuar,Miratuar,Po,R_Kaloi,2026-09-18,,L91418502J,FURN-000101,mall,30
FAT-0004754,INST-0084-2604754,ANG-0002751,True,NIVF-4377955513,2026-09-06,2026-09-08,18537.38,refuzuar,Kerkon_Rivleftesim,Refuzuar,Jo,,2026-09-11,Mospërputhje me kontratën,L84612401A,FURN-000013,mall,30
FAT-0004755,INST-0398-2604755,ANG-0002752,True,NIVF-4787384409,2026-09-16,2026-09-18,24271.38,pranuar,E_Vleftesuar,Miratuar,Po,R_Kaloi,2026-09-18,,M61406059I,FURN-000102,pune,30
FAT-0004756,INST-0964-2604756,ANG-0002753,True,NIVF-8689311887,2026-09-12,2026-09-15,75000.0,pranuar,E_Vleftesuar,Miratuar,Po,R_Kaloi,2026-09-18,,J87603505T,FURN-000027,sherbim,30
FAT-0004757,INST-0621-2604757,ANG-0002754,True,NIVF-2211998168,2026-09-13,2026-09-13,5522.42,refuzuar,Kerkon_Rivleftesim,Refuzuar,Jo,,2026-09-15,Fiskalizim i pavlefshëm,K21912001R,FURN-000018,mall,30
FAT-0004758,INST-0655-2604758,ANG-0002755,True,NIVF-6834816488,2026-09-16,2026-09-17,129496.2,pranuar,E_Vleftesuar,Miratuar,Po,R_Kaloi,2026-09-18,,M22325028A,FURN-000379,mall,30
FAT-0004759,INST-0957-2604759,ANG-0002756,True,NIVF-5021584859,2026-09-07,2026-09-07,79250.0,pranuar,E_Vleftesuar,Miratuar,Po,R_Kaloi,2026-09-14,,M57516503T,FURN-000284,pune,30
FAT-0004760,INST-0621-2604760,ANG-0002757,True,NIVF-6136421950,2026-09-05,2026-09-09,75862.76,pranuar,E_Vleftesuar,Miratuar,Po,R_Kaloi,2026-09-11,,K81503063B,FURN-000491,mall,30
FAT-0004761,INST-0621-2604761,ANG-0002758,True,NIVF-3940159444,2026-09-12,2026-09-14,580335.5,pranuar,E_Vleftesuar,Miratuar,Po,R_Kaloi,2026-09-15,,K37509289U,FURN-000651,mall,30
FAT-0004762,INST-0621-2604762,ANG-0002759,True,NIVF-6006853240,2026-09-15,2026-09-18,29961.93,pranuar,E_Vleftesuar,Miratuar,Po,R_Kaloi,2026-09-18,,M52213505B,FURN-000426,mall,30
FAT-0004763,INST-0621-2604763,ANG-0002760,True,NIVF-7066611531,2026-09-12,2026-09-12,52068.59,pranuar,E_Vleftesuar,Miratuar,Po,R_Kaloi,2026-09-17,,M02415002E,FURN-000321,mall,30
FAT-0004764,INST-0621-2604764,ANG-0002761,True,NIVF-3696563415,2026-09-10,2026-09-11,94000.0,pranuar,E_Vleftesuar,Miratuar,Po,R_Kaloi,2026-09-18,,J62426002Q,FURN-000236,mall,30
FAT-0004765,INST-0621-2604765,ANG-0002762,True,NIVF-7056219336,2026-09-13,2026-09-17,13288.56,pranuar,E_Vleftesuar,Miratuar,Po,R_Kaloi,2026-09-18,,J88730334W,FURN-000729,mall,30
FAT-0004766,INST-0621-2604766,ANG-0002763,True,NIVF-9489847070,2026-09-16,2026-09-18,292467.3,pranuar,E_Vleftesuar,Miratuar,Po,R_Kaloi,2026-09-18,,M43604204M,FURN-000375,mall,30
FAT-0004767,INST-0621-2604767,ANG-0002764,True,NIVF-5079288345,2026-09-16,2026-09-17,28547.27,pranuar,E_Vleftesuar,Miratuar,Po,R_Kaloi,2026-09-18,,M42203017M,FURN-000376,mall,30
FAT-0004768,INST-0621-2604768,ANG-0002765,True,NIVF-4125873694,2026-09-11,2026-09-13,84593.74,pranuar,E_Vleftesuar,Miratuar,Po,R_Kaloi,2026-09-18,,K41420001V,FURN-000016,mall,30
FAT-0004769,INST-0621-2604769,ANG-0002767,True,NIVF-5539801939,2026-09-06,2026-09-06,98433.0,pranuar,E_Vleftesuar,Miratuar,Po,R_Kaloi,2026-09-10,,L38505801L,FURN-000294,mall,30
FAT-0004770,INST-0621-2604770,ANG-0002768,True,NIVF-2381719900,2026-09-16,2026-09-16,101752.14,pranuar,E_Vleftesuar,Miratuar,Po,R_Kaloi,2026-09-17,,M12312003S,FURN-000221,mall,30
FAT-0004771,INST-0621-2604771,ANG-0002770,True,NIVF-8951369870,2026-09-18,2026-09-18,24299.25,pranuar,E_Vleftesuar,Miratuar,Po,R_Kaloi,2026-09-18,,L32403002P,FURN-000123,mall,30
FAT-0004772,INST-0621-2604772,ANG-0002771,True,NIVF-7895305790,2026-09-09,2026-09-11,64272.73,pranuar,E_Vleftesuar,Miratuar,Po,R_Kaloi,2026-09-13,,K91425009A,FURN-000597,mall,30
FAT-0004773,INST-0621-2604773,ANG-0002772,True,NIVF-5848192495,2026-09-09,2026-09-13,8750.0,pranuar,E_Vleftesuar,Miratuar,Po,R_Kaloi,2026-09-18,,J61814028F,FURN-000068,mall,30
FAT-0004774,INST-0621-2604774,ANG-0002773,True,NIVF-8950892541,2026-09-13,2026-09-13,210721.46,pranuar,E_Vleftesuar,Miratuar,Po,R_Kaloi,2026-09-18,,M02403014N,FURN-001024,mall,30
FAT-0004775,INST-0621-2604775,ANG-0002774,True,NIVF-3475304590,2026-09-07,2026-09-11,421396.62,pranuar,E_Vleftesuar,Miratuar,Po,R_Kaloi,2026-09-18,,M41406021N,FURN-000445,mall,30
FAT-0004776,INST-0621-2604776,ANG-0002775,True,NIVF-3250033174,2026-09-08,2026-09-11,29011.8,pranuar,E_Vleftesuar,Miratuar,Po,R_Kaloi,2026-09-13,,L71421032N,FURN-000307,mall,30
FAT-0004777,INST-0621-2604777,ANG-0002776,True,NIVF-5166965732,2026-09-13,2026-09-15,171813.28,pranuar,E_Vleftesuar,Miratuar,Po,R_Kaloi,2026-09-18,,M22307015R,FURN-000354,mall,30
FAT-0004778,INST-0621-2604778,ANG-0002777,True,NIVF-7363573987,2026-09-13,2026-09-15,425369.83,pranuar,E_Vleftesuar,Miratuar,Po,R_Kaloi,2026-09-18,,L81530012C,FURN-000126,mall,30
FAT-0004779,INST-0621-2604779,ANG-0002778,True,NIVF-5199841654,2026-09-10,2026-09-10,508021.11,pranuar,E_Vleftesuar,Miratuar,Po,R_Kaloi,2026-09-16,,L81512021D,FURN-000308,mall,30
FAT-0004780,INST-0621-2604780,ANG-0002779,True,NIVF-9386019091,2026-09-14,2026-09-17,82500.0,pranuar,E_Vleftesuar,Miratuar,Po,R_Kaloi,2026-09-18,,L64425401K,FURN-000086,mall,30
FAT-0004781,INST-0621-2604781,ANG-0002780,True,NIVF-9087584969,2026-09-16,2026-09-18,7509.14,pranuar,E_Vleftesuar,Miratuar,Po,R_Kaloi,2026-09-18,,K31528061N,FURN-000306,mall,30
FAT-0004782,INST-0921-2604782,ANG-0002781,True,NIVF-6606116461,2026-09-12,2026-09-16,616982.7,refuzuar,Kerkon_Rivleftesim,Refuzuar,Jo,,2026-09-18,Mungesë dokumentacioni mbështetës,K71707007Q,FURN-000160,sherbim,30
FAT-0004783,INST-0920-2604783,ANG-0002782,True,NIVF-4224858340,2026-09-08,2026-09-08,4535.04,pranuar,E_Vleftesuar,Miratuar,Po,R_Kaloi,2026-09-11,,K31503045V,FURN-000036,mall,30
FAT-0004784,INST-0159-2604784,ANG-0002783,True,NIVF-7572364907,2026-09-11,2026-09-11,177900.0,refuzuar,Kerkon_Rivleftesim,Refuzuar,Jo,,2026-09-13,Gabim në shumën e faturuar,J91419001U,FURN-000218,pune,30
FAT-0004785,INST-0621-2604785,ANG-0002784,True,NIVF-3368143598,2026-09-13,2026-09-14,55156.26,pranuar,E_Vleftesuar,Miratuar,Po,R_Kaloi,2026-09-18,,J91809007H,FURN-000028,mall,30
FAT-0004786,INST-0621-2604786,ANG-0002785,True,NIVF-4884120958,2026-09-16,2026-09-18,35379.86,pranuar,E_Vleftesuar,Miratuar,Po,R_Kaloi,2026-09-18,,K36306710v,FURN-000076,mall,30
FAT-0004787,INST-0621-2604787,ANG-0002786,True,NIVF-3026421343,2026-09-07,2026-09-08,256307.43,pranuar,E_Vleftesuar,Miratuar,Po,R_Kaloi,2026-09-12,,L51611004I,FURN-000309,mall,30
FAT-0004788,INST-0621-2604788,ANG-0002787,True,NIVF-1573428630,2026-09-09,2026-09-09,237228.56,pranuar,E_Vleftesuar,Miratuar,Po,R_Kaloi,2026-09-13,,M26620203T,FURN-000270,mall,30
FAT-0004789,INST-0507-2604789,ANG-0002788,True,NIVF-5377088367,2026-09-17,2026-09-18,155786.66,pranuar,E_Vleftesuar,Miratuar,Po,R_Kaloi,2026-09-18,,M52617004S,FURN-000458,pune,30
FAT-0004790,INST-0331-2604790,ANG-0002789,True,NIVF-3587175078,2026-09-11,2026-09-11,198106.97,pranuar,E_Vleftesuar,Miratuar,Po,R_Kaloi,2026-09-12,,L12407012R,FURN-000579,sherbim,30
FAT-0004791,INST-0331-2604791,ANG-0002790,True,NIVF-5764571829,2026-09-07,2026-09-10,3489.55,pranuar,E_Vleftesuar,Miratuar,Po,R_Kaloi,2026-09-15,,K71630026T,FURN-000144,mall,30
FAT-0004792,INST-0134-2604792,ANG-0002791,True,NIVF-1054550709,2026-09-10,2026-09-12,10394.39,pranuar,E_Vleftesuar,Miratuar,Po,R_Kaloi,2026-09-18,,L92318009L,FURN-000534,pune,30
FAT-0004793,INST-0330-2604793,ANG-0002792,True,NIVF-2000194148,2026-09-14,2026-09-14,62790.0,refuzuar,Kerkon_Rivleftesim,Refuzuar,Jo,,2026-09-18,Mungesë dokumentacioni mbështetës,L32403002P,FURN-000123,sherbim,30
FAT-0004794,INST-0134-2604794,ANG-0002793,True,NIVF-2034491001,2026-09-07,2026-09-09,175983.95,pranuar,E_Vleftesuar,Miratuar,Po,R_Kaloi,2026-09-16,,K43309402W,FURN-000005,pune,30
FAT-0004795,INST-0176-2604795,ANG-0002794,True,NIVF-4838499077,2026-09-08,2026-09-10,9781.06,pranuar,E_Vleftesuar,Miratuar,Po,R_Kaloi,2026-09-18,,M26704001G,FURN-001755,pune,30
FAT-0004796,INST-0621-2604796,ANG-0002795,True,NIVF-7212126180,2026-09-17,2026-09-18,198000.0,pranuar,E_Vleftesuar,Miratuar,Po,R_Kaloi,2026-09-18,,M52213505B,FURN-000426,pune,30
FAT-0004797,INST-0621-2604797,ANG-0002796,True,NIVF-5704555718,2026-09-16,2026-09-18,92025.02,pranuar,E_Vleftesuar,Miratuar,Po,R_Kaloi,2026-09-18,,L21305035S,FURN-000528,pune,30
FAT-0004798,INST-0621-2604798,ANG-0002797,True,NIVF-2787025459,2026-09-08,2026-09-12,86316.13,pranuar,E_Vleftesuar,Miratuar,Po,R_Kaloi,2026-09-14,,L67508702G,FURN-001800,pune,30
FAT-0004799,INST-0621-2604799,ANG-0002798,True,NIVF-1384107325,2026-09-18,2026-09-18,25032.0,pranuar,E_Vleftesuar,Miratuar,Po,R_Kaloi,2026-09-18,,M31305029A,FURN-000378,pune,30
FAT-0004800,INST-0172-2604800,ANG-0002799,True,NIVF-9684959262,2026-09-15,2026-09-15,573796.19,pranuar,E_Vleftesuar,Miratuar,Po,R_Kaloi,2026-09-18,,K91712015L,FURN-001121,mall,30
FAT-0004801,INST-0172-2604801,ANG-0002800,True,NIVF-1774040696,2026-09-11,2026-09-11,170193.5,pranuar,E_Vleftesuar,Miratuar,Po,R_Kaloi,2026-09-14,,K92201080V,FURN-000119,pune,30
FAT-0004802,INST-0621-2604802,ANG-0002801,True,NIVF-3049949831,2026-09-17,2026-09-18,15039.9,pranuar,E_Vleftesuar,Miratuar,Po,R_Kaloi,2026-09-18,,J91809007H,FURN-000028,mall,30
FAT-0004803,INST-0243-2604803,ANG-0002802,True,NIVF-9322175341,2026-09-16,2026-09-18,127871.39,pranuar,E_Vleftesuar,Miratuar,Po,R_Kaloi,2026-09-18,,K92201080V,FURN-000119,pune,30
FAT-0004804,INST-1004-2604804,ANG-0002805,True,NIVF-9000455575,2026-09-08,2026-09-11,28709.02,pranuar,E_Vleftesuar,Miratuar,Po,R_Kaloi,2026-09-18,,L71715003C,FURN-000184,sherbim,30
FAT-0004805,INST-0040-2604805,ANG-0002806,True,NIVF-6857415585,2026-09-14,2026-09-16,7388.96,pranuar,E_Vleftesuar,Miratuar,Po,R_Kaloi,2026-09-17,,K21912001R,FURN-000018,sherbim,30
FAT-0004806,INST-0621-2604806,ANG-0002808,True,NIVF-8291626165,2026-09-18,2026-09-18,13755.26,pranuar,E_Vleftesuar,Miratuar,Po,R_Kaloi,2026-09-18,,J61904061W,FURN-001154,sherbim,30
FAT-0004807,INST-0138-2604807,ANG-0002811,True,NIVF-3243019467,2026-09-10,2026-09-14,55014.25,pranuar,E_Vleftesuar,Miratuar,Po,R_Kaloi,2026-09-17,,J62426002Q,FURN-000236,mall,30
FAT-0004808,INST-0624-2604808,ANG-0002813,True,NIVF-1778635665,2026-09-16,2026-09-16,186651.37,refuzuar,Kerkon_Rivleftesim,Refuzuar,Jo,,2026-09-18,Mospërputhje me kontratën,L68705501C,FURN-001464,sherbim,30
FAT-0004809,INST-0962-2604809,ANG-0002814,True,NIVF-2346578233,2026-09-12,2026-09-13,248225.0,pranuar,E_Vleftesuar,Miratuar,Po,R_Kaloi,2026-09-18,,M52610204S,FURN-000417,sherbim,30
FAT-0004810,INST-1016-2604810,ANG-0002815,True,NIVF-9999583156,2026-09-14,2026-09-14,35625.0,pranuar,E_Vleftesuar,Miratuar,Po,R_Kaloi,2026-09-18,,K31528061N,FURN-000306,mall,30
FAT-0004811,INST-0133-2604811,ANG-0002816,True,NIVF-6598985865,2026-09-16,2026-09-18,50119000.0,pranuar,E_Vleftesuar,Miratuar,Po,R_Kaloi,2026-09-18,,J62903750A,FURN-000010,pune,30
FAT-0004812,INST-0134-2604812,ANG-0002818,True,NIVF-9972227158,2026-09-11,2026-09-11,467316.78,pranuar,E_Vleftesuar,Miratuar,Po,R_Kaloi,2026-09-12,,L62204033A,FURN-001564,pune,30
FAT-0004813,INST-0958-2604813,ANG-0002819,True,NIVF-1125188054,2026-09-18,2026-09-18,7000.0,refuzuar,Kerkon_Rivleftesim,Refuzuar,Jo,,2026-09-18,Gabim në shumën e faturuar,K62320012O,FURN-000162,sherbim,30
FAT-0004814,INST-0586-2604814,ANG-0002820,True,NIVF-5579470992,2026-09-08,2026-09-10,42727.35,pranuar,E_Vleftesuar,Miratuar,Po,R_Kaloi,2026-09-14,,M19305501L,FURN-000435,pune,30
FAT-0004815,INST-0172-2604815,ANG-0002821,True,NIVF-8035331686,2026-09-13,2026-09-17,41899.43,pranuar,E_Vleftesuar,Miratuar,Po,R_Kaloi,2026-09-18,,M07108401J,FURN-000064,mall,30
FAT-0004816,INST-0569-2604816,ANG-0002822,True,NIVF-1594515834,2026-09-09,2026-09-09,50179.33,pranuar,E_Vleftesuar,Miratuar,Po,R_Kaloi,2026-09-17,,L21708012H,FURN-000063,pune,30
FAT-0004817,INST-0569-2604817,ANG-0002823,True,NIVF-3100271891,2026-09-09,2026-09-09,8794.46,pranuar,E_Vleftesuar,Miratuar,Po,R_Kaloi,2026-09-13,,K62320012O,FURN-000162,pune,30
FAT-0004818,INST-0175-2604818,ANG-0002825,True,NIVF-7826220103,2026-09-12,2026-09-13,158276.92,pranuar,E_Vleftesuar,Miratuar,Po,R_Kaloi,2026-09-17,,M22421024U,FURN-000060,pune,30
FAT-0004819,INST-0965-2604819,ANG-0002828,True,NIVF-2549589176,2026-09-13,2026-09-14,232998.34,pranuar,E_Vleftesuar,Miratuar,Po,R_Kaloi,2026-09-18,,M21517029S,FURN-000272,pune,30
FAT-0004820,INST-0576-2604820,ANG-0002829,True,NIVF-1988217951,2026-09-17,2026-09-17,55596.21,pranuar,E_Vleftesuar,Miratuar,Po,R_Kaloi,2026-09-18,,L82203011N,FURN-000199,mall,30
FAT-0004821,INST-1006-2604821,ANG-0002830,True,NIVF-3033764490,2026-09-08,2026-09-11,8748.26,pranuar,E_Vleftesuar,Miratuar,Po,R_Kaloi,2026-09-12,,K82231003A,FURN-000968,mall,30
FAT-0004822,INST-0142-2604822,ANG-0002831,True,NIVF-1172836385,2026-09-16,2026-09-17,68274.0,pranuar,E_Vleftesuar,Miratuar,Po,R_Kaloi,2026-09-18,,J72124001N,FURN-000179,mall,30
FAT-0004823,INST-0243-2604823,ANG-0002833,True,NIVF-1271863596,2026-09-14,2026-09-18,846642.98,pranuar,E_Vleftesuar,Miratuar,Po,R_Kaloi,2026-09-18,,L43611201A,FURN-000069,sherbim,30
FAT-0004824,INST-0243-2604824,ANG-0002835,True,NIVF-2464701536,2026-09-18,2026-09-18,174000.0,pranuar,E_Vleftesuar,Miratuar,Po,R_Kaloi,2026-09-18,,M51602049J,FURN-000723,sherbim,30
FAT-0004825,INST-0243-2604825,ANG-0002836,True,NIVF-8613248984,2026-09-08,2026-09-08,41360.79,pranuar,E_Vleftesuar,Miratuar,Po,R_Kaloi,2026-09-14,,K81309045E,FURN-001033,sherbim,30
FAT-0004826,INST-0243-2604826,ANG-0002837,True,NIVF-5126875838,2026-09-08,2026-09-09,907085.81,pranuar,E_Vleftesuar,Miratuar,Po,R_Kaloi,2026-09-10,,L77616801C,FURN-000489,sherbim,30
FAT-0004827,INST-0243-2604827,ANG-0002838,True,NIVF-6353419594,2026-09-15,2026-09-16,11401.68,pranuar,E_Vleftesuar,Miratuar,Po,R_Kaloi,2026-09-18,,L51327014R,FURN-000054,sherbim,30
FAT-0004828,INST-0243-2604828,ANG-0002839,True,NIVF-2466511515,2026-09-16,2026-09-16,34411.36,pranuar,E_Vleftesuar,Miratuar,Po,R_Kaloi,2026-09-18,,L21319037M,FURN-000043,sherbim,30
FAT-0004829,INST-0636-2604829,ANG-0002841,True,NIVF-6509193832,2026-09-18,2026-09-18,141801.23,pranuar,E_Vleftesuar,Miratuar,Po,R_Kaloi,2026-09-18,,J61814028F,FURN-000068,mall,30
FAT-0004830,INST-0636-2604830,ANG-0002842,True,NIVF-1390210158,2026-09-12,2026-09-14,29119.41,pranuar,E_Vleftesuar,Miratuar,Po,R_Kaloi,2026-09-18,,L73622401A,FURN-000002,mall,30
FAT-0004831,INST-0173-2604831,ANG-0002844,True,NIVF-3073429960,2026-09-15,2026-09-16,17937.75,refuzuar,Kerkon_Rivleftesim,Refuzuar,Jo,,2026-09-18,Fiskalizim i pavlefshëm,M31823508U,FURN-000246,pune,30
FAT-0004832,INST-0958-2604832,ANG-0002846,True,NIVF-7372303305,2026-09-12,2026-09-12,449286.57,pranuar,E_Vleftesuar,Miratuar,Po,R_Kaloi,2026-09-13,,M11313501M,FURN-000300,sherbim,30
FAT-0004833,INST-0958-2604833,ANG-0002847,True,NIVF-6312257707,2026-09-14,2026-09-14,13379.41,pranuar,E_Vleftesuar,Miratuar,Po,R_Kaloi,2026-09-15,,L31310007Q,FURN-001792,sherbim,30
FAT-0004834,INST-0330-2604834,ANG-0002849,True,NIVF-6633639557,2026-09-09,2026-09-12,99867.0,pranuar,E_Vleftesuar,Miratuar,Po,R_Kaloi,2026-09-18,,K42611766Q,FURN-000083,mall,30
FAT-0004835,INST-0961-2604835,ANG-0002852,True,NIVF-1019062430,2026-09-18,2026-09-18,123908.08,pranuar,E_Vleftesuar,Miratuar,Po,R_Kaloi,2026-09-18,,M12409002V,FURN-000061,sherbim,30
FAT-0004836,INST-0172-2604836,ANG-0002853,True,NIVF-9734288751,2026-09-14,2026-09-17,18881.79,pranuar,E_Vleftesuar,Miratuar,Po,R_Kaloi,2026-09-18,,L51419022R,FURN-000457,mall,30
FAT-0004837,INST-0364-2604837,ANG-0002854,True,NIVF-5321152283,2026-09-10,2026-09-14,492500.0,pranuar,E_Vleftesuar,Miratuar,Po,R_Kaloi,2026-09-17,,J61814028F,FURN-000068,pune,30
FAT-0004838,INST-0364-2604838,ANG-0002855,True,NIVF-2557292933,2026-09-18,2026-09-18,292000.0,pranuar,E_Vleftesuar,Miratuar,Po,R_Kaloi,2026-09-18,,K31528061N,FURN-000306,sherbim,30
FAT-0004839,INST-0136-2604839,ANG-0002858,True,NIVF-7796780049,2026-09-14,2026-09-16,6934.88,pranuar,E_Vleftesuar,Miratuar,Po,R_Kaloi,2026-09-18,,K51612031J,FURN-000015,sherbim,30
FAT-0004840,INST-0588-2604840,ANG-0002859,True,NIVF-5788246460,2026-09-18,2026-09-18,160000.0,pranuar,E_Vleftesuar,Miratuar,Po,R_Kaloi,2026-09-18,,K31528061N,FURN-000306,sherbim,30
FAT-0004841,INST-0456-2604841,ANG-0002864,True,NIVF-4426924407,2026-09-15,2026-09-16,24750.0,pranuar,E_Vleftesuar,Miratuar,Po,R_Kaloi,2026-09-18,,K41420001V,FURN-000016,sherbim,30
FAT-0004842,INST-0057-2604842,ANG-0002870,True,NIVF-6577616256,2026-09-13,2026-09-15,31891.61,refuzuar,Kerkon_Rivleftesim,Refuzuar,Jo,,2026-09-18,Mungesë dokumentacioni mbështetës,L91908002N,FURN-000131,pune,30
FAT-0004843,INST-0424-2604843,ANG-0002874,True,NIVF-1074453740,2026-09-18,2026-09-18,602904.82,pranuar,E_Vleftesuar,Miratuar,Po,R_Kaloi,2026-09-18,,K42108801C,FURN-000106,mall,30
FAT-0004844,INST-0126-2604844,ANG-0002876,True,NIVF-8945860069,2026-09-16,2026-09-18,136686.64,pranuar,E_Vleftesuar,Miratuar,Po,R_Kaloi,2026-09-18,,K62022009S,FURN-000522,pune,30
FAT-0004845,INST-0621-2604845,ANG-0002879,True,NIVF-9898103455,2026-09-17,2026-09-17,470000.0,pranuar,E_Vleftesuar,Miratuar,Po,R_Kaloi,2026-09-18,,K91530017T,FURN-000032,mall,30
FAT-0004846,INST-0621-2604846,ANG-0002880,True,NIVF-4119711785,2026-09-14,2026-09-18,132751.73,pranuar,E_Vleftesuar,Miratuar,Po,R_Kaloi,2026-09-18,,L83415801H,FURN-000155,mall,30
FAT-0004847,INST-0621-2604847,ANG-0002892,True,NIVF-5826534203,2026-09-17,2026-09-18,69826.91,refuzuar,Kerkon_Rivleftesim,Refuzuar,Jo,,2026-09-18,Mospërputhje me kontratën,L12107043O,FURN-000120,mall,30
FAT-0004848,INST-0621-2604848,ANG-0002893,True,NIVF-9355592916,2026-09-16,2026-09-16,28311.07,refuzuar,Kerkon_Rivleftesim,Refuzuar,Jo,,2026-09-18,Mospërputhje me kontratën,J72124001N,FURN-000179,mall,30
FAT-0004849,INST-0621-2604849,ANG-0002897,True,NIVF-5833753893,2026-09-17,2026-09-18,159000.0,pranuar,E_Vleftesuar,Miratuar,Po,R_Kaloi,2026-09-18,,K12201002T,FURN-000088,mall,30
FAT-0004850,INST-0098-2604850,ANG-0002901,True,NIVF-1070822513,2026-09-16,2026-09-18,103224.86,pranuar,E_Vleftesuar,Miratuar,Po,R_Kaloi,2026-09-18,,K31528061N,FURN-000306,mall,30
FAT-0004851,INST-0562-2604851,ANG-0002904,True,NIVF-4661671921,2026-09-16,2026-09-18,125600.0,pranuar,E_Vleftesuar,Miratuar,Po,R_Kaloi,2026-09-18,,J62426002Q,FURN-000236,mall,30
FAT-0004852,INST-0170-2604852,ANG-0002905,True,NIVF-1951398952,2026-09-15,2026-09-18,22365.0,pranuar,E_Vleftesuar,Miratuar,Po,R_Kaloi,2026-09-18,,K12201002T,FURN-000088,mall,30
FAT-0004853,INST-0123-2604853,ANG-0002907,True,NIVF-2074734235,2026-09-15,2026-09-18,19947.23,pranuar,E_Vleftesuar,Miratuar,Po,R_Kaloi,2026-09-18,,K91425009A,FURN-000597,pune,30
FAT-0004854,INST-0240-2604854,ANG-0002914,True,NIVF-5001451964,2026-09-16,2026-09-17,83000.0,pranuar,E_Vleftesuar,Miratuar,Po,R_Kaloi,2026-09-18,,L62102007V,FURN-000058,pune,30
