nipt,emertimi,iban,numri_llogarise_bankare,adresa_bankes
K91329017I,GREEMED,AL85988250331030622141597108,5104669670,Shkodër
L73622401A,Aldi Lulaj,AL35294138287913810007317319,4978854540,Shkodër
M41707006H,KEJ Group,AL25702056114316743135918553,2902588582,Shkodër
K67917806I,"""FEK 06"" SHPK",AL35491543082151672000437364,7666589389,Vlorë
K43309402W,MAG,AL54730438924420964142296327,7816953203,Vlorë
K62115018I,ALBANIAN SATELLITE COMMUNICATIONS,AL46300098397123863839760197,8731224403,Durrës
M31813031U,Besar Osmani,AL33471939850579072758056333,9777130791,Vlorë
L57702202U,Xhadi Taci,AL24903832011852863227764585,3045191776,Durrës
K01410001N,Instituti i Modelimeve ne Biznes,AL04868377774353680641283072,7651852718,Durrës
J62903750A,PEGASUS.,AL99096808338756390504589791,6366521701,Tiranë
L81422033E,Distributor of Medical Devices Group,AL50629366833605395781664140,2272094542,Shkodër
K31418036C,INFOSOFT SOFTWARE DEVELOPER,AL12161743505571009321249780,5499023586,Tiranë
L84612401A,SHAID,AL45097900996227964821346672,9291130258,Vlorë
M18219201M,KITI MARKET,AL49811941696232543108812459,6718501886,Vlorë
K51612031J,T R I M E D,AL69940932171920622162724458,7773754283,Tiranë
K41420001V,M E D  I C A M E N T A,AL84086536237394566538706959,3196681199,Durrës
K94405601Q,Elvira Biba,AL10500421536417971510189584,7539537893,Tiranë
K21912001R,ILMA,AL60900098145520096982062699,5353895339,Vlorë
K33708625J,FRETO F.T.,AL25356842068484405545561543,9979429014,Durrës
K33710769Q,NEKI KREKU,AL20330458646215428556258680,6929200714,Shkodër
K64112603J,"""ADA-CO""",AL91498153753493211005576164,6862933823,Tiranë
K31611085A,ODISEA TRAVEL & TOURS,AL41071264838307690574220674,7955522815,Shkodër
L43123601A,Enea Mijo,AL60459407624013026316853830,2981474941,Vlorë
M02430015S,Kliton Kola,AL30442564744618632700641374,1823300707,Vlorë
K37506202I,LAVDRIM DULLA,AL12242830412566380320506876,6059934513,Tiranë
L51420007C,INFINITI OFFICE,AL44188751691399422435000791,2477464993,Tiranë
J87603505T,STELLA,AL22919846592949987462277296,6398129365,Shkodër
J91809007H,SIGAL   Insurance  Group,AL61296500501598496925998160,1272500984,Shkodër
M03317401G,E & M ELECTRONIC,AL70988499537030707546082885,4645839231,Vlorë
L41722008F,"""PUNTEX SH.P.K""",AL39430327539447247340786588,6560579133,Shkodër
K97727502F,Erlis Marku,AL27304571566874288147682920,4153654690,Vlorë
K91530017T,INCOMED,AL18061613497952455981725984,9563834600,Shkodër
K37508541K,NDUE LUSHI,AL31584045986492389879164524,9365975537,Tiranë
L47521501D,Edmond Cara,AL09605182085685750992612639,7390038369,Vlorë
K38708310A,EVIS CARA,AL88872469861467248822366759,3027656262,Tiranë
K31503045V,ALDOSCH - FARMA,AL58894640270644722110162375,5726875311,Vlorë
M43717002G,Abriela Kokoneshi,AL68585619095340404117136554,2164065604,Vlorë
L03721002V,PROMO PRINT,AL98437684442771003159791774,1765640896,Vlorë
M14828001J,Ervis Lipi,AL83102886228573846837648470,9851778792,Shkodër
K78317002F,Messer Albagaz,AL86797219199085354841354593,9929644797,Shkodër
J67902524E,SERDADO,AL59428913282699856735485451,2174388436,Durrës
L38513503D,Alessio Konstruksion,AL69667119441701299019675271,8533908227,Durrës
L21319037M,ANSIG,AL04146308505907370995216764,4017948203,Shkodër
J61814094W,ONE ALBANIA,AL71857607702731853531599612,1458079099,Tiranë
J63112677S,ERAL,AL74800622694738415211300507,1493270746,Shkodër
M43626403L,Xhuljano Postolli,AL20288988517696576163128603,5579403429,Shkodër
M43215401U,Fatjon Nuhaj,AL60859260188928044763132604,7374140312,Vlorë
L01914003T,ARGENT DACI,AL25049864947507876008446945,5282497947,Vlorë
J61820021C,INFOSOFT SYSTEMS,AL13454488854486889539239755,4703124606,Durrës
K31516061W,Edlira Dalipi,AL40122265050500809481480413,5896049792,Durrës
L89226601K,Kadri Buçpapaj,AL62057115393359668852156344,4993367022,Vlorë
L01508026P,LIZARD,AL54376528878462705252918693,1272210267,Vlorë
L61329010T,MENT-PHARMA,AL47743793848666883765242197,1645098084,Vlorë
L51327014R,SPARKLE 32,AL31549868315091862557454072,3983963731,Vlorë
L92228010Q,BAU TOP,AL78539418922331012119285470,8462330001,Vlorë
L01606034A,PC STORE,AL97197019849485609124776861,3366879015,Vlorë
L71509032C,BUDIAG CLIMA,AL63322934721204035226578225,1014177764,Tiranë
L62102007V,MSHZ,AL39750848791872856956876996,7232199002,Durrës
L62316503D,Lulzim Myftari,AL53392166909828810658919863,4509159175,Vlorë
M22421024U,Erblina Beqiri,AL07323038703694909171923605,4896424211,Durrës
M12409002V,Telia Kurti,AL84706358632820207846990032,8346886170,Tiranë
M11529014H,PL-97 GROUP,AL14067520471896826777196169,8983648310,Durrës
L21708012H,HEP-2012,AL24712823620503679804080701,5266377629,Shkodër
M07108401J,TETEA,AL56946914396619046823061604,5513343418,Durrës
K67127202M,6+1 VLORA,AL17924113767002355187362070,9063988287,Tiranë
J66902033R,"""EL-GJO-2006""",AL57986341559172049413622206,3752905815,Durrës
L38515201C,Fitim  Domi,AL68757296921732757204958884,5508279687,Tiranë
J61814028F,"""MEGAPHARMA""",AL34738231882576620999062342,6357441904,Shkodër
L43611201A,AD OIL,AL87940834393665508322365883,8734350060,Shkodër
L72824002V,Kristi BR,AL05626719921100366561913614,3099078202,Vlorë
L23401003O,3M-AGRO,AL60010525231719197884166828,3420350056,Shkodër
K53001002T,Elvira Gjoni,AL21843141834661027892711500,8235560498,Vlorë
K11807008V,Atlantik - Shoqeri Sigurimesh,AL20148589702357994991648816,8680100268,Shkodër
K87711101H,Ani Vrusho,AL77891735661877652528007755,8544645935,Shkodër
K31908022U,ILIRIAN   BULKU,AL20521163736256386284730557,5537467250,Vlorë
K36306710v,KASTRIOT VORFI,AL05990810051648225145641209,3858003823,Durrës
L96611004A,BORIS 2019,AL04072110300252445090924038,4309116527,Vlorë
L76513701A,Blerim Zajmi,AL97263164086597971452354155,1924647720,Durrës
J98009202P,LAJTHIZA INVEST,AL92731779737032565130572581,3940596557,Shkodër
M13817805J,NIKA TRADING SA,AL73421801872873076423282460,6710692607,Vlorë
M12521601U,Klaudio Gjolleshi,AL64693360214124648706017531,6082655779,Durrës
L63627601N,ALKETA LAZO,AL14210711885701370609276376,6956850017,Durrës
K42611766Q,SOFIA MYFTARI,AL77468622983706239174449520,2160624725,Tiranë
M31503048B,AMERICAN COMPUTERS,AL94952171033255456130968704,6179508484,Vlorë
M12127026K,GLAMA,AL97773980525867408017440175,4828822052,Durrës
L64425401K,4 S,AL98415065845082723287737472,9554861568,Tiranë
L27606201D,GERTI - 1987,AL76497536024258344772868857,5795301387,Vlorë
K12201002T,INTERSIG VIENNA INSURANCE GROUP,AL23774118120282887296736655,9979898702,Shkodër
K67120001D,"""AUTOELITE""",AL38321748852193038064945460,4549196752,Tiranë
M27423002K,Ozvald Mitku,AL17711743530660267960329035,7578641798,Tiranë
L76402003H,iNTECO,AL94391405375699257145808286,4115885086,Durrës
M56315011N,Senad Okaj,AL72620689566402363290703883,9463060908,Shkodër
M21906013M,Arjan Sulaj,AL40678785162610451768369186,7198414106,Vlorë
L66720003N,Go Safe Albania,AL70009499308427433939501611,4969096521,Shkodër
K21710002J,Advanced Business Solutions - ABS,AL89089698643325421503036607,7087504494,Durrës
M16602005B,HOTEL GOLDEN PALACE,AL01130051429144719307569399,8085002940,Tiranë
L62419007A,BUZMADHE,AL60470442589992119274679031,8838522562,Durrës
L71921002H,i - FIRE,AL71477828926680280426480555,5181905100,Shkodër
M28015201K,Jetmir Axhami,AL61798001394907795608673077,1010885472,Tiranë
K98214201Q,Zeqir Vehapaj,AL60743786708514675227867644,1115634782,Vlorë
L91418502J,LIBRARI DYRRAHU,AL19846058580930661391086438,8441533112,Shkodër
M61406059I,MR SMART,AL43345906003733927869901362,9079785380,Tiranë
K37509280R,BARDHYL SOPI,AL84960902591513247760760976,3816956921,Durrës
L41507011N,DIAL-ALB,AL76671158259608976563657879,7805369037,Durrës
L62030020B,TIMAK,AL72607223415153519083858576,3308882654,Vlorë
K42108801C,Albsig,AL88724711458327886061796227,8312920349,Tiranë
K31517091C,AGIM SPAHIU,AL79047596367729922331179052,2210550991,Tiranë
K11715005L,VODAFONE ALBANIA,AL08408676473688500460444525,9322914603,Durrës
K32621406F,EDMOND KUSHOVA,AL99346472960262463964220077,3953784327,Tiranë
M41903014H,2R FIBER,AL65761689745161254369955488,8164975085,Tiranë
M11623502K,Shkelqim Meta,AL73572158135285510105872157,3278899581,Shkodër
330471699,RIKON SHPK,AL47807720321218053845386534,6921793805,Durrës
M06802801A,Ervin Zhupani,AL24949505981264852312724149,3284163905,Shkodër
L31714005J,E v i t a,AL30993626033942012317325365,6849518351,Durrës
L21508008T,winpharma,AL11603038099861093400547809,4367216297,Shkodër
K52115005W,ALFARMAKOS,AL12719178245702136444002089,6998886963,Tiranë
K31520054N,O.E.S DISTRIMED,AL06793471920794112566721915,3930393853,Durrës
J64103422D,TEMPO,AL13114927595140259636207864,4313250494,Shkodër
K92201080V,Vitanet Albania,AL58032190520923169384589634,5207878080,Shkodër
L12107043O,PETER PHARMA,AL78498421110292335550399061,1075692484,Shkodër
L01409504R,KAROLINA RASA,AL91411711339351323315554572,2236038025,Tiranë
L72713403S,Genci Nushi,AL35574407286983398796053055,8010921000,Durrës
L32403002P,SPIRIT TRAVEL & TOURS,AL94419318925964519503498310,5712198668,Vlorë
K91313048D,Vol-Al Service,AL28592256255662121550874119,8745464680,Vlorë
L82309007S,Host.AL,AL68829173684081744251247582,2007090129,Tiranë
L81530012C,AEE SERVICE,AL59415784452171654397191844,5339625424,Tiranë
J71406006Q,KALLFA,AL17634380631141638133621498,7917401996,Vlorë
M41622018K,Evis Bakshevani,AL73499701456278271483684865,7455312191,Durrës
M52027014L,Klodjan Plesha,AL29339275054732259418348112,6707733044,Durrës
M32411008M,Erison Kurti,AL73441539681145568322358449,2471989967,Durrës
L91908002N,Eriona Fortuzi,AL03888348718125677237989647,9270717690,Tiranë
K81531041T,VICTORIA - AL,AL55512706315248693461834503,6501702292,Vlorë
L62311016C,Auto Manoku Servis,AL00838673376536387380842860,6655966212,Durrës
M12617801P,EPIDAMN-B,AL83873992585775358382408712,5458489930,Tiranë
L72106007T,Bruno Zyla,AL84671377237304159125152639,2372691281,Shkodër
L99108101D,Jonida Xhoni,AL90288280305865163615479936,8594957260,Shkodër
L52208070A,Elvis Hajdëraj,AL08496329101525820367085429,5192494960,Tiranë
K31505091L,PHOENIX +,AL52937629466565748595543763,1976926163,Tiranë
M41728025D,SiteSprint,AL64767222669219533871387815,1936920977,Tiranë
L71325019D,INSIG SH.A,AL22183190184335309915403613,4180663473,Vlorë
M01426011K,Helios Duraj,AL47566819710064134050607253,9595459861,Shkodër
M32310015K,Watt Co,AL79238017323740571068067125,5546812328,Tiranë
J61817047D,BNT ELECTRONICS,AL84555231730094658879242827,1143165629,Tiranë
K71630026T,C.C.S. OFFICE,AL78554554514482987731778580,1625959938,Durrës
L22620401G,Rrapo Driza,AL10818661013942235807035126,7998335535,Vlorë
L22117021M,Adel CO,AL46297617366883044345636966,4021307698,Tiranë
M53420402O,Tele.Co.Albania Fier,AL50798164078490866504940414,5156284323,Vlorë
M21305045D,Anri Qereshniku,AL57066016887861532107163432,8083883480,Vlorë
M11614004U,INTERGOMA,AL79481540875677243919371859,8521765187,Durrës
M56407001P,Arsen Tafilica,AL03428022460646085274314273,7363719099,Shkodër
L58311202J,Nexhmije Shehu,AL84323182736949327103540562,1538134394,Vlorë
K51914014P,PORSCHE ALBANIA SH.P.K,AL74910789936048689763505914,4209501041,Vlorë
M32210031M,Erlind Diva,AL77600792501405505402584648,3662971441,Shkodër
M01808508L,Helio Qendro,AL58537121999082933673808558,8979139301,Tiranë
L83415801H,Mitat Daja,AL97301106877960474347334422,2901656483,Tiranë
L83725007U,Çezarina Osmani,AL99698738315100903780899651,8357703211,Shkodër
M28717102U,Shkelzen Bahja,AL86510243577829832894168417,8760711055,Shkodër
L44719002R,Jorgo Kinolli,AL43118969373361444721609936,7244561157,Tiranë
J64103148B,KONSTRUKSION 93,AL98583796920536381923066914,6255779096,Shkodër
K71707007Q,ERVIN LUZI,AL23780637881897370386250955,2996360381,Durrës
K91413010N,Pastrime Silvio,AL44454352962697721521938711,3492939318,Vlorë
K62320012O,PROSOUND,AL16213343550257080629678080,6939717617,Shkodër
L01630007H,Bledar Tandili,AL77900124838647408141769822,9447424355,Durrës
M31403043E,Jurgen Gjoka,AL04208586425702310235883508,1577677502,Vlorë
M32413030C,Albanian Night,AL34468568713496879524066147,1877445090,Shkodër
M41508003F,Daniela Lleshaj,AL35119551699125802174701541,7538853082,Tiranë
L51315036K,Lad Kika,AL81760743114285082686402590,8097471259,Tiranë
M41408504R,AUTOMOTIV SALIU SHPK,AL91599772396108163115807575,4676735936,Shkodër
L72003505P,Sikris Karamani,AL83905761179789977735255009,4329280035,Vlorë
M21403031D,Kujtim Keçaj,AL87867287237264217352109354,8467645402,Shkodër
L52202527V,FLAER.AL,AL10310800354770709399131948,6381012271,Vlorë
J61814110J,ARAL,AL04698589893401834398795160,8475967565,Tiranë
K72210003J,DIXHI PRINT - AL,AL57753217260237044379098813,3164821706,Vlorë
L91401023I,Aleksander Harizi,AL58109409216717336018997138,8499010225,Durrës
K01417001C,ABISSNET,AL57770246937621632220191447,8001634742,Durrës
K97006004D,HTM,AL58345109001522898309591937,7670940421,Durrës
K61704005H,Enerta Këndella,AL91268810304490335368661851,9130136694,Vlorë
K46524021W,"""RESHKETA - S""",AL69922226948728407822792468,2799419336,Shkodër
J72124001N,MARKETING & DISTRIBUTION,AL57007394856617933563298533,1040320247,Durrës
M41311515V,Aerd Mahmutaj,AL65122997697336449963434344,8989473414,Vlorë
K41316001V,DOKA  - ROAL,AL21693002977394497263610904,7746885627,Tiranë
M12920001O,Egert Balliu,AL27566147214833173113244430,5934870251,Tiranë
L52117125H,Ervis Pepa,AL09914548527808799040092094,1122522224,Tiranë
L71715003C,EGIAN MED,AL69383420150892214937344946,9496797345,Shkodër
L22306003L,Erjon Saraçi,AL11436440356165284271664222,8561576306,Tiranë
M31913025C,Premium Service Albania,AL58667551642484428189155836,8382778760,Shkodër
M22811202K,Albana Pisha,AL21186355046619189751350797,3312598092,Shkodër
M11714046V,ERJET,AL04168155327206030522347964,5512161834,Tiranë
L51712008C,AIR,AL47806100105977195067476539,7891392948,Vlorë
L03202402E,NEXHAT MEHONIQI,AL29762397181443416684513549,1461967011,Shkodër
K21915002R,A.E. DISTRIBUTION,AL50929332184534435477618676,2073693173,Vlorë
M12623003N,Mobileri – SALILLARI,AL98972382661007229503447802,1297816212,Vlorë
K33915001O,ILIRJAN POSTOLI,AL05074908446688228899697849,9639465084,Tiranë
M02219012C,ELVIRA GOGA,AL79431180243900263803665400,5540148708,Shkodër
K32619402J,PETRO KULAS,AL00653086529077763448747963,1155893376,Tiranë
L24330001E,GENAP GRUP,AL50806775557087902248763060,4658473067,Shkodër
M42413012F,Ridjan Biçi,AL61285638507286100216143604,8641496113,Shkodër
K36608208V,COLOMBO,AL17235755260018636273620966,9067702244,Tiranë
L82203011N,Biotek,AL94598390122648667431826731,8668310745,Vlorë
J97426216L,TRIPTIK,AL43737684010822629846344341,1611245807,Shkodër
M36509202A,Ritvan Tahiraj,AL92040473807524269576854178,4210481047,Shkodër
M01928001F,Procons & Partners,AL73808782527667042951353676,6911662876,Durrës
M03405001R,Skerdilajd Manka,AL60738295925772426402359969,5704180857,Tiranë
M12519002F,HOTEL COLOMBO BERAT,AL33384196373502377743525693,4108143791,Shkodër
M01321501F,HENRI 2010,AL44428690700833116551904515,4302496024,Vlorë
L52506002M,Ylli Koka,AL91733261340838626448699844,8831223479,Durrës
M22702001L,Lorenc Zani,AL75110293944265377746394249,8964823795,Shkodër
L87405004K,Business Solution,AL31222230354421994711577386,5234418099,Durrës
M41309001L,Besmir Vuka,AL10409877678582871112789158,6965330453,Shkodër
J76705047U,NIKA,AL00891895175386243526400010,6354365184,Tiranë
M11707049K,BENNETT,AL42555307787369056958770571,8658877926,Shkodër
L76513002L,"""MarSeY""",AL68909542455767598972992857,3318918638,Durrës
M52311020H,MARK,AL11490322015468138202325258,7417755890,Durrës
M48110601O,Valentina Bogdani,AL03624491699531270794897552,8121299500,Vlorë
K64630003J,BRADEA - SHPK,AL97290066762193108888105508,5918313603,Vlorë
M07401002N,AR-NETWORK,AL97558381003589072389710922,2513967414,Vlorë
M21415501D,CONFORTCLIMA,AL83488070161144594328205706,1299025616,Durrës
J91419001U,REJSI  FARMA,AL88667187741552939801361284,5797191152,Shkodër
K31610091Q,NATASHA VASKA,AL15004947906887960981964867,1887918183,Durrës
L66621203E,XHEVAIR SULAJ,AL82103486800230894810887878,8905773488,Shkodër
M12312003S,A1 HEALTH CARE AL,AL48238384245051436800472702,4282333851,Vlorë
K17621104C,FLED,AL84619542604776351623713397,6474394280,Tiranë
K38228162J,ARTAN TOLI,AL73982490655553490106302207,9805491102,Tiranë
L71731025U,Endri Dulellari,AL92296581417213529893359536,9976613142,Vlorë
L97119401D,Jueli,AL40359495707243563064863057,2879765027,Shkodër
L71619028E,Olsi Motors,AL06275062803064578356815823,7364867364,Vlorë
L13426006B,NRG,AL12865498438349176318783972,5833045067,Durrës
J61813529P,KASTRATI   ENERGY,AL17466676556843216735399988,5928030513,Durrës
K41525046C,FARMACI ''ANA 12'',AL73390176740286803604810621,8348811025,Vlorë
M21529042N,Melisa Llapanji,AL17662816164114344044321065,3133105611,Durrës
K48130519Q,AL-TEK,AL19718969126579281448481915,5746804197,Durrës
L71324039M,EUROTAXI,AL85793067133787262696774193,8578077686,Vlorë
K81324039M,UNIVERS PROMOTIONS,AL52189692515824549423338531,4146297362,Shkodër
L32708801U,Esmeralda Ligeja,AL60390206004792587900637749,4267402461,Tiranë
L52704802K,Tomorr Ibrushi,AL99807937547562265383435537,1593816648,Tiranë
J62426002Q,InfoSoft Office,AL24469750936861297649779986,3412688363,Tiranë
M22317025F,MARA INT&SERVICES,AL83275234707081239382351037,6538349652,Tiranë
L41726016Q,Naim Hysi,AL21541684483285998374797498,9464143081,Durrës
M28622201R,DEMNUSHAJ KLIMA,AL22736491537939607594210796,1155257728,Vlorë
K31506060K,NAIM ALLMETA,AL45493923273413178294828133,9633055500,Durrës
L62302021Q,Blerim Ajdinaj,AL40612981679232561012528619,7043994082,Vlorë
L51518015J,Sajmir Mema,AL64679579671893882951155853,5574098563,Durrës
L61611043G,Denis Mana,AL71821936391405748799949600,1739404761,Durrës
K02008001Q,LAJTHIZA INVEST SH.A.,AL56693095654158139419124347,5319842797,Vlorë
L94131401L,Erlis Doda,AL66452410882495058297096278,8921069753,Vlorë
M31823508U,Enes Xhaferi,AL31892553559314116813145989,8092739199,Durrës
L52111032A,Aurela Jahollari,AL09911947950616544938898697,7086213534,Tiranë
M11905015A,Arben Qinami,AL58528490019177860005400249,5025372089,Durrës
K81607050Q,MEGATEK,AL79341182133275599296132767,5879972663,Tiranë
M42614002J,BLINFIRE,AL63084942405921113273315370,8208853279,Vlorë
K23425201O,UDHETARI  2001,AL26856841933613571829978141,6101053148,Durrës
M01406012K,IGROUP,AL00924513627695836987455226,7189646639,Vlorë
810802422,RSM COMPANY,AL55631637831058880096897476,2538932389,Shkodër
M47005702V,SIGA,AL86734815971152889325178113,3930838069,Vlorë
L46809701I,Edmont Vishka,AL94193598836353879292617772,7597643141,Shkodër
K36315706P,Ajet Çemalli,AL41971371410275328689609172,8239255420,Shkodër
J64103054Q,VASHTEMIA,AL26181812797336426490778793,1621897889,Durrës
K51408016J,I.D.K-KONSTRUKSION,AL87516407851355527094806994,8941313516,Vlorë
L51706022H,POWER INDUSTRIES,AL92434885044725758264445559,9299737225,Vlorë
M29514401L,Fatjon Meço,AL22120166698314992178992763,6882229985,Durrës
L64704601S,Selvije Abasllari,AL20111903916234576016205388,8725021706,Tiranë
K62804030Q,KLODIAN MELI,AL66440165136128440063217922,5557570367,Shkodër
L81329001A,Donetin Dvorani,AL77154867866507313332980438,1777564218,Durrës
M41810021A,2H STUDIO,AL74813822350683136568947415,4826902958,Vlorë
K34122965R,ARJAN MYRTAJ,AL78004197654074344911160777,9454179245,Durrës
L81924026A,Qamil Doka,AL81224620356161251502524251,9691487668,Durrës
L33610601R,ALEX-TOLI,AL60173312279016838079452788,5727843957,Shkodër
M41527023A,B&D CONSTRUCTION,AL50814071550806162756947833,9353034164,Tiranë
M01627006I,Lorena Parruca,AL11645347430371324883588613,3051391729,Durrës
M26620203T,ELITE GROUP CONSTRUCTION,AL08179845724325400658033644,1035797427,Shkodër
K33012202P,BORJAN,AL20527747130677386528783505,7583019824,Vlorë
M21517029S,AMI-ARLI,AL99190496956591364951634084,5335049043,Shkodër
K61416029M,F M T  GROUP,AL31408920767552369335061689,5026547273,Tiranë
L62513212V,CAPITAL GROUP,AL46955653865022613471657154,1667993625,Durrës
M06316001G,Armand Velaj,AL40863070422732317423956843,2945543933,Shkodër
M21327034G,Fatjon Musaku,AL87426520889375293019054784,8343169998,Shkodër
L38518502U,"""AGRO - ALKO"" SHPK",AL87357294759677338465041022,8174193932,Vlorë
L52101183A,Embedded Systems Design and Production,AL28501042068818421726597745,8048748544,Shkodër
K68404710V,"""ALPIN"" SHPK",AL31777083258819799500606182,9184876114,Tiranë
M17305402J,XHEKA GROUP SHPK,AL59261436606730437127950600,4333657030,Tiranë
J61909041K,BLU - IMPERIAL,AL43691669319046121826267076,8662906448,Tiranë
M01419502G,Selami Gordani,AL40674113476261179648366096,8402563645,Durrës
L78611901I,Ilir Ballabani,AL06156174317112487716346133,9610535035,Shkodër
M57516503T,Samuel Pergjoni,AL56776937679088825005927006,1886970925,Shkodër
M11501034T,Sindi Gjata,AL80907721580869264614982042,5874288481,Durrës
L82916601N,MIFEEL,AL09015150853658788179186673,7710274159,Durrës
K91624001G,VELMAR ALBANIA,AL69380757541294112734660377,2646516297,Durrës
M23602001K,K A S I O N,AL01943451945599171054406503,9131561082,Vlorë
M62911002F,Dea Shameti,AL40835739231374883744204684,3623374241,Tiranë
K66503204K,J & B,AL96934013362978355785942132,5068962014,Durrës
L72121504I,T & XH,AL93679625029030570182009912,8432195063,Tiranë
K76926201W,ANDI HAMO,AL73629592926025510827120555,6998065255,Tiranë
K11501002D,KRISTALINA.KH,AL40631840029043654803032862,2691504920,Vlorë
L38505801L,Sokol Ismailaj,AL54936533882414874754015003,7593240484,Shkodër
L47908801O,Bujar Hoxhaj,AL69260163597369257644543876,2840854456,Tiranë
M67509801K,SEOL-EB,AL12175792110056252777580408,4921907428,Tiranë
M32407021T,Express Air Conditioning,AL74599432695591005827897365,7131625285,Durrës
M01903009N,ALBGOLDING 2E,AL85624875523610579416316707,7674315073,Vlorë
K26330201T,NISATEL,AL43615720054689317062310142,2248683746,Durrës
M11313501M,Medical-trade,AL78797172768969590479836017,6005659959,Tiranë
K43405201I,SHOQATA “PER NJE SHQIPERI TE SHENDETSHME”,AL70668235277746113282947074,2804772496,Shkodër
K42723204O,ENET SH.P.K,AL85553950294700256096345705,8077423222,Durrës
K31321008J,K A D R A,AL38888166249183850187265071,3192610403,Durrës
K72218022J,M.C.CATERING,AL95720621441549047429398675,3438058038,Tiranë
M13909001H,Ervijon Mullalli,AL68879512298783711675463223,5822136632,Durrës
K31528061N,AMADEUS TRAWELL AND TOURS,AL41951004294720367124329930,8928622351,Shkodër
L71421032N,AMEL - E. Z,AL76348248617029018623963143,5211002757,Durrës
L81512021D,"""Aquarius Medical""",AL29223672611265461279038820,7256962671,Durrës
L51611004I,Adenis Kastrati,AL36528979317542016294066187,5368620236,Vlorë
K37509982G,"""RUÇI""",AL92916306432415025736957423,5939321743,Tiranë
M22203028C,RGF GROUP,AL71747122723128198966875483,6812601143,Vlorë
M57527201R,REY -T,AL10268562110370360539458756,7296974947,Durrës
K22305002U,CFO PHARMA,AL38451365305390632750618273,9276774579,Durrës
K92506202E,Kelmend Dalipi,AL51024033841280100997067776,1553116914,Shkodër
M66425002A,Ardit Spahja,AL95494389223189574997818429,6910249072,Shkodër
K41926801W,EUROSIG SHA,AL86404582298546125415686651,5057030539,Vlorë
L31519018N,LEKSI SECURITY,AL27534703236253085259180832,2197271384,Shkodër
K62315503U,VALENTINA FRASHËRI,AL49353789229533103760087786,6320259226,Vlorë
M28306103H,Marjus Shyti,AL85067918073135157856907989,8257229743,Shkodër
M26608205V,Elton Mahilaj,AL31017483783558337900945934,7594227366,Vlorë
M02415002E,BOA SORTE,AL37896887546856566010783004,6522759238,Vlorë
L97417204O,Bledi Cani,AL17397499156396719994902671,1800242860,Tiranë
L56409203G,Vasiola Bega,AL09860757409896904340821116,1264904991,Shkodër
L56406203O,Ernest Pasha,AL83116049417432744736154531,4622532934,Vlorë
K66801001T,"""GEGA CENTER GKG""",AL94840885868082990632945362,2907093341,Durrës
K31510153H,GAMMA,AL79731542391239322933387521,3660591598,Shkodër
K33721008C,EURO INFORM,AL77653710846967433939029531,4214404691,Durrës
M33326401I,FILUX SHPK,AL43866648603829897114398790,8832739746,Shkodër
M18317202N,ITFM.al,AL88714862703775241987310383,8221514128,Shkodër
M12309034J,HIDROSANITARE KLAJDI,AL03161030329546111879811856,5521584842,Shkodër
M21621046I,ER & EM,AL46792968210352287668298331,3405910850,Vlorë
L53512601D,ALDI XHAFER,AL61180963534792580061917398,6760085447,Tiranë
K77825502T,"""KALLMETI""",AL12072467571277699059301797,4138551786,Tiranë
J62028009B,HASTOÇI,AL95257547318778708069439493,6008379807,Durrës
M32428022R,SELECT GROUP,AL72733722533363628901117252,9483014508,Tiranë
M51316098F,“CAPITAL”SH.P.K.,AL56146765636274545724408600,8616977199,Vlorë
J61827062E,BIOMETRIC  ALBANIA,AL78504318691965165716004174,5479353287,Tiranë
L92207009A,ISOMETRIC,AL57556532512149808192178357,4770350290,Shkodër
K41829010I,ALBANIA MOTOR COMPANY,AL77884394990150608464662883,6916558620,Tiranë
M53319201J,MAGAZINA E SHTËPISË,AL72475761277820241111383256,1033133033,Durrës
K62202046U,DELTA PHARMA - AL,AL01613381056578656223785672,2143261414,Tiranë
K01529003M,SULOLLARI-KLIMA,AL13731120308010285964911398,9363263162,Vlorë
M01920009G,V zani,AL20083430076215027178167529,2101891152,Durrës
M02123033S,Erjon Haska,AL92102668608293034850060588,3752773922,Vlorë
L61418009J,Vjollca Osmani,AL17106554541500570397861356,9425538478,Tiranë
K31417035M,ELVIS HAJDERAJ,AL05138630826273706944688028,6877312675,Tiranë
K31422029Q,NAZERI - 2000,AL69875965801808928559788741,5325801710,Tiranë
J61901194M,COMFORT,AL13703937677592257695710842,4570585096,Tiranë
M33506402O,DEMALT GROUP,AL51933806909618899607771780,7221173226,Tiranë
K31406014E,IDRIZ KADARE,AL38907701801979276820355868,4303241394,Shkodër
L96604001J,Eduard Simoni,AL38620870245316769353944723,1341386425,Shkodër
L52320022V,Jani Vrusho,AL82761198248263824761087162,6640343214,Vlorë
L26521001P,Endrit Uligaj,AL38585320559208503985060347,1058068629,Vlorë
M22307015R,2 FELEQI,AL08637909275716977128451744,6678628316,Durrës
K56424010F,MALDI LIKA,AL36423275219887869942884918,1572250372,Tiranë
M16402003C,Erjon Ndoci,AL01334952192878177971444382,5021417094,Vlorë
M36507003J,NewAge Distribution,AL49942798106330906906942795,2968217974,Tiranë
L61725018G,SEAD-SGS,AL92664786702414030444951692,9115178654,Tiranë
M01819501K,ARBEN ALLARAJ,AL84778752913242848045876839,5528634225,Shkodër
M41819508B,Denis Kurti,AL08480038014817477906437546,4281577879,Durrës
K81311017J,RUDINA HOXHA,AL22418565884395713245919842,9187563498,Shkodër
L42506401E,Redian Merkaj,AL92557790887274234722349290,8591607392,Durrës
J61814009W,INA,AL26200450275679042631851274,1699002897,Shkodër
J81603002W,GALERI ARTI KLEDIO,AL63870992660794967569551586,2370677807,Shkodër
L74317001N,Ko Market,AL54086359827045603236071588,5402992123,Shkodër
J61905015B,GTS-Gazra Teknike Shqiptare sh.p.k.,AL91900028248843453680860740,1529396360,Durrës
L92119032V,PARID SMART SOLUTION,AL52909114767487059787630327,8716487253,Durrës
M06801002A,Etleva Bandula,AL17399479686062571652770306,9411919696,Durrës
K36313762P,Naim Mirku,AL23036078374955826828263618,8356703824,Tiranë
M11408020M,Rigers Kullaj,AL08428885177873467329920601,4328016076,Tiranë
L41309503K,Gentiana  Seni,AL36772636043622564896550486,8535066943,Tiranë
L42206505K,SOLID GROUP,AL74907944287424438317706462,6010468971,Tiranë
K31524101D,OSMAN      HIDRI,AL20395771912642346733096209,8957988504,Tiranë
L92112031B,PROJECT DALUZ 2019,AL38559033738798737432870357,7362101536,Durrës
M43604204M,Blerinda Budani,AL10868552071809422684484398,4486116480,Vlorë
M42203017M,PRO COMMUNICATION,AL99648503362726327975989085,9420216053,Vlorë
K71718012P,EUROMED,AL69177106332520026575295644,8310988828,Shkodër
M31305029A,EMAR 21,AL09783670688782628582399131,1391715696,Tiranë
M22325028A,K.E.B SHPK,AL58765126903113124755620088,3334571631,Durrës
L41614018P,Iva Bejko,AL36969904412914465043195999,8415378611,Tiranë
L81819025K,Agjencia Ekonomike Mbështetëse,AL58520479747732278190440792,7042798385,Vlorë
K52112501F,KL-ED KABELL,AL49467637345272178259346610,5040456668,Vlorë
M32607601B,G.M.R,AL31740545816173706232370613,9055714705,Vlorë
K82612003J,ALFA 2 Sh.p.k,AL66931864025058462517563366,2260378474,Tiranë
J62009007F,MONTAL,AL23550085083641631285472101,4630457039,Shkodër
M52311039R,VALTREX SH.P.K,AL43516593710788034223093571,6692367314,Shkodër
L52122014L,Inpress,AL49079710456952096678881201,7123861066,Shkodër
K61516506H,ALPEN PULITO,AL54177139869865689331032846,5106174194,Shkodër
J61827076U-OE,Shtypshkronja e Letrave me Vlere sh.a,AL23525651782151362337881728,4608714719,Vlorë
K01515004T,EDNA - FARMA,AL38370692901336817859074467,3453369310,Durrës
K14107001T,VELA.,AL94356005642716431615870968,7462448601,Tiranë
M51624039U,Skyline SC,AL89848996954149186120731153,9626161677,Tiranë
L36807191B,"Shoqata ""Shkodra Sport""",AL80452659987383745818846271,3215012170,Vlorë
K37509823M,NATASHA MYRTAJ,AL82580461568286559649626967,8698594590,Tiranë
K62028003A,A R G I,AL89075313650303979163498694,1931744711,Tiranë
M21320039L,Marketing One,AL29808715251067164954096102,9540806225,Vlorë
M03116403L,AIDA CONSTRUCTION,AL01201076719311303690523624,7409630261,Durrës
K33615401G,ADRIANA GJINI,AL25767440765761260836563713,2388657323,Tiranë
M61308015B,MIMOZA MANA,AL40246075009495174324925078,7057010618,Shkodër
J66915036O,ROZAFA 94,AL58020224685004683116900053,8250791078,Vlorë
L01322018T,ANGERBA,AL05387933485393860469503943,7957522419,Shkodër
L72526404Q,Nikola Nushi,AL05015614448909096725535914,2814670570,Durrës
K32527404Q,N U H A J,AL11833678622789861414662636,2579992235,Shkodër
K21405001N,FLORFARMA,AL94224393427758257831750846,9865029511,Durrës
J81624501L,LEKLI,AL55960805348109249760350673,7673892253,Shkodër
J63423463I,O L S I,AL31657419970894506726210721,7657161538,Durrës
M21611022E,Albi Saraçi,AL74027749509090307351843047,9340125834,Tiranë
K44802603B,GORA 2004,AL89821573215068820579101519,8283560282,Durrës
K74025003N,ANDREA MIHALLARI,AL20277603592184334476016898,1736128186,Vlorë
L52031020F,T C P E,AL79417361378272747207050511,9221405914,Durrës
K53717806Q,ALBANIA NEW FARM SHPK,AL36312696670614471963313177,2017255475,Vlorë
K91628009V,LUVIV,AL83781897182061507168008452,8492489763,Shkodër
M64010003I,FOODS & GOODS,AL82743391896061307496372227,5862858748,Shkodër
L01325010Q,CLASS ASHENSOR,AL09364235413464158364289169,5846874194,Shkodër
M01330023E,PARK STUDIOS,AL68151278975417719361164098,2536779681,Tiranë
M03414402C,ARJANI TRAVEL,AL77750296394880989662101920,2661574531,Vlorë
M52610204S,Nevila Boci,AL65702475778676028057410656,5929069898,Tiranë
J91329003O,SIGMA VIENNA INSURANCE GROUP,AL81665016667329655734075824,9706249662,Durrës
M11307042L,GE-D,AL16815412691687896024928671,5357504599,Durrës
J71519004W,MEDI - TEL,AL83886302629426185980807338,9166626527,Tiranë
M06413702V,Fejzulla Tomçini,AL13289453432612146575396016,1898432581,Tiranë
M51321047K,iMORI,AL81291281270322327130164421,8132008347,Durrës
L21612025J,ENGINEERING & RISK MANAGEMENT CONSULTANTS,AL08411903521609478740033849,4037828020,Durrës
L72316030R,E.A Management,AL95092882579348461633975586,5923405696,Vlorë
L82008020I,BLUE-PHARMA,AL01450416404904194690407542,1190639011,Tiranë
M52213505B,OFFICE PRO,AL13393323267786639903625889,9609069396,Vlorë
L64214401S,Elvin Bashaj,AL52821789793121744991867938,7803323705,Vlorë
L87201401H,Anadea,AL74901742510083953015681505,3090388482,Durrës
M68818501C,Mucaj Build,AL41648680481270999799218404,7063901250,Tiranë
L72203025F,MARJO - MONDI,AL01930030127573059620082038,9784539943,Vlorë
J91601504N,ALGRAFIKA,AL92547112980458477570381575,1880828961,Shkodër
L81329024O,Bardh Kola,AL57754330872158924552878163,5580633368,Vlorë
M21307517P,CRF,AL52580104250126055317457070,1277029475,Vlorë
M31802011U,Murati Sh.p.k,AL45321549459942324140908994,9449712284,Shkodër
M19305501L,SADIK XHELILI,AL84729422816255629894150721,1873556677,Shkodër
K24305001Q,TH O R E N E K S,AL86234958050358228579060944,6663673241,Vlorë
M52124014A,AXION,AL90799680062776828832686143,9873966900,Vlorë
K51725033B,T A SH I,AL85111511162946581754656513,1836296229,Tiranë
K87713502D,Gjon Suli,AL71072248923570412608084543,1559969568,Vlorë
M08317501A,Irisa Kaceli,AL02200843951772619529580342,4182014267,Shkodër
L51526010J,Endriana Saliaj,AL21970816028043213317139364,5254813043,Vlorë
L41628006Q,FIRE PROTECTION,AL64373026654302980970417627,5422057851,Tiranë
L28029301Q,V.A.L.E. RECYCLING,AL91881118068250967276151698,9945344740,Durrës
K72228008B,Asgeto sh.p.k.,AL43163590257984541787382424,5260206332,Shkodër
M41406021N,BionicTech,AL91916426901513446406307466,2816303766,Tiranë
L06801002A,I.B.C-Telecom,AL77118029163415367406477114,3741483947,Durrës
L71607034L,KELVIN TRAVEL,AL78798147517139903358817055,6733679248,Durrës
L52117022A,Elis Muça,AL94452731465007929412938684,5388128376,Shkodër
J66702707S,SHEHU,AL94123954812735875080022759,5336084190,Tiranë
M12218017P,O&A,AL50757929437069257598236438,5423848781,Durrës
L61608005C,Malvina Visoka,AL79933183339936247595747893,8988573181,Vlorë
K51407506E,TEOREN,AL10012219813380805520485836,4566583360,Shkodër
L52104227K,Albanian Development Company ADC,AL85411839325344886926447324,7400307019,Tiranë
K71916503T,ERION KOÇLLARI,AL14211455001764003815592264,6966440836,Shkodër
L91610504O,Indrit Xhumra,AL91776475017458282426132706,5610655164,Vlorë
L99718401U,Kleart Sakollari,AL61562124096785757084434439,8078651582,Shkodër
L51419022R,Oltjan Hastoçi,AL63707042866671095638046490,1719020941,Vlorë
M52617004S,Klejdi Fejzollari,AL60638230706391610889184231,6206281007,Tiranë
M22318016L,OZZI GROUP SHPK,AL75618341957606355729476556,3362601691,Shkodër
M11417503F,HYDRO-ENG CONSULTING,AL99337992251932989574060126,2589637250,Vlorë
K21521009W,OLA 1,AL75641114611669991347989004,3146912335,Shkodër
L61429451E,SHOQATA  NISMA  PER  NDRYSHIM SHOQEROR (ARSIS),AL27730224319423794536615924,1677077426,Vlorë
K62810040H,DRITAN TEPELENA,AL65382538432576101811411105,9820268207,Durrës
L03109001E,Demokrat Dervishaj,AL90905564614856040537703901,5126931933,Vlorë
M12605004A,Florjan Malaj,AL24638962207899162156741007,8175038185,Vlorë
M48716101J,Impuls 10,AL32856830639377760825223493,7009733019,Vlorë
K63121801C,GENIUS SHPK,AL99436213597375969757827954,9793150423,Tiranë
J66703048R,B.M-Konstruksion,AL69157381800894252306172864,3701664221,Tiranë
J92211003P,DAJTI  CONSTRUXION,AL05868739226073770399546703,2137000748,Tiranë
J91801004M,F.L.E.SH.,AL83892709765026268805128767,5627852638,Tiranë
K97209002I,SHKODRA INTEL.TV,AL09428738722132321731724821,5639309068,Vlorë
L56607004V,Bekim Oroshi,AL84177315704332680037077332,2483512226,Durrës
M16815006L,Vladimir Vladaj,AL23900449256638340992580676,5150258690,Shkodër
L32402038K,Akademia Shendetit Publik,AL69023878654511013499725460,3693102004,Tiranë
L41705503C,Ardian Naqellari,AL33961519025659192736078375,6168683951,Durrës
L93309201I,Grein-T,AL33405557438202731417117729,2622465622,Tiranë
L91323013Q,Introvus  Solutions,AL55326480884678507188730429,1176800135,Shkodër
K82015004O,ELECTRON ALBANIA 2008,AL95763828907677913486631341,7969290017,Tiranë
K32725211G,ALMA KODRA,AL21405009421422314447023302,1765989434,Durrës
L41629009A,CARPATHIA  ALBANIA,AL41953961775073144126612805,7671637197,Tiranë
M17305701T,TRIANGLE,AL18337440614366662387780004,6688285260,Vlorë
M42026032D,“SoLed”,AL79166240453469374957262515,5567112234,Durrës
K91810005U,GJEOKONSULT & CO,AL81279852482924521306243293,4651886000,Vlorë
L82316004G,Instituti i studimeve Ambjentit,AL29635969663568734392521108,1011233225,Durrës
M41406035G,ZGA,AL41393580846963823648262599,5076896347,Shkodër
M23719001G,SARJAN KOLINA,AL30578919277641506215290873,4296178695,Tiranë
K33931040W,""" G E A """,AL33558579845861976918380519,7647128262,Durrës
L71416010E,AlbaScan,AL41432328912046253027845536,1462108224,Durrës
L77616801C,Aleksandër Likaj,AL14441912344980559349463709,1609371886,Tiranë
L01717030C,NOVATECH STUDIO,AL07730097327868837229383920,6384971680,Durrës
K81503063B,IT Gjergji Kompjuter,AL28370871577410913894651476,2698327848,Vlorë
K32203002I,R. S. & M,AL51097945010342764453781941,4729814070,Tiranë
L86304701S,Marjana Ademi,AL54274503027936770262688423,9110646481,Vlorë
M41903040T,GMAX Led Sound Light,AL82112309315189936105709460,6088047145,Durrës
J74517205P,ERALD,AL68005790379298285882747122,3120797290,Shkodër
L32307064V,Express Print,AL76689395860954369120102485,1777215410,Shkodër
M12506803T,JEMI-2021,AL17268905487183612019167024,2579714558,Durrës
L34705001H,Amir Pepaj,AL74336360242125969501768493,2338987563,Durrës
M13011803I,Viking Engineering,AL97384908612871032672310977,4388625344,Shkodër
K07729920F,CARA,AL76730577166321153655910307,2320737394,Tiranë
L06508002C,Valbona Kraja,AL83417738399458149238741185,4445635119,Shkodër
K31503002P,S.SELENICA,AL01052184564149675344580429,1559568469,Vlorë
L51531003F,ENCOAL,AL22591531592216250710079418,9616447687,Tiranë
M01727004S,Adriatik Spahiu,AL37323848972535797488214729,1089802606,Durrës
L58604901R,Dedolli 2015,AL28767776950468622820656463,7184809582,Durrës
K37508925G,Ilir  Dedolli,AL53527566882457093425293307,6194984297,Shkodër
K37507919D,Mimoza Xhepmeta,AL46871901278534622247502035,1906075499,Durrës
L58317905N,Edison  Rexhepi,AL64953073540916192508202533,7555871679,Durrës
L87931901B,Klodjan Çollaku,AL84730669760817683403829033,8709213281,Shkodër
M44506003B,MERO OIL SHPK,AL85775947333184616064130088,2106517645,Vlorë
L81618035G,BESTSELLER,AL63529227296959881838007034,6444387729,Tiranë
K51423046N,ALB  - VERNICI,AL62002268259424099021883569,7155307615,Durrës
L82007020D,Aldi Hazizi,AL76520599590823322502208455,1792996197,Durrës
K51501001W,BUKURIJE DAJA,AL87678069825213394896447343,3930964926,Tiranë
L01314031G,VILNIK MOTORS,AL88674590180737950509399338,8776271237,Vlorë
L06319202R,Penta Group Albania,AL26303192973801831184430923,1450271395,Vlorë
J64103603J,BEQARI,AL57903384425656885930770325,6120387035,Durrës
K93018204V,AKUA-SHERMADHI,AL88256490993201287832850700,9882303349,Vlorë
K01514009I,FEDOS,AL31450604103590573840246157,7175116796,Durrës
M22102009L,Ina Muça,AL63881562113279485937893306,4523534763,Tiranë
L77129202B,EuroGroup,AL89947873860149766954352993,6521810531,Vlorë
K62022009S,STUDIO PRIVATE PROJEKTIMESH STUDIMESH MONITORIMES,AL10718481314022503745858954,8826896689,Shkodër
K74623801H,DURIM BAJO,AL16293096984483255814592659,6028923059,Durrës
L02928204T,LOERMA,AL81757381552194936544216255,8505276880,Tiranë
M02214001I,Pharma Lab,AL09077833212294561945221590,7221217138,Durrës
J94824803M,JODY-KOMPANY,AL78224142371364804004219749,9331296108,Shkodër
M01316054J,We Translate Albania,AL47294216966723762078488799,5960564831,Durrës
L21305035S,BN PROJECT,AL32682489488241060312257575,3648147075,Durrës
L01703501S,UNIVERS SERVIS,AL15167849479595047622771412,6024744114,Shkodër
K31823507K,ILIRIAN TAHIRI,AL43880220533796644525338081,7518454857,Shkodër
L21317046B,ALBNEON,AL87333860015942470699191436,7884999209,Shkodër
L74320602D,BEKLAJ 2017,AL95552450326315467965264962,5083594752,Vlorë
K29824105N,LLUCA,AL76578156951788210417532414,5391620112,Vlorë
L92318009L,Inside System Touch,AL83151817448818338141565970,5475303185,Durrës
K51425049B,BESNIK DALIPI,AL15548376964065856992271813,1475544634,Shkodër
M21621008T,Herbon Selimaj,AL78747637148146596092586030,8900232219,Durrës
K74010001O,MEHMET SHEME & NIKOLLA SHEME,AL70259677194384635144296814,2886178750,Shkodër
4810007,,AL91403834936575889311782405,2423422373,Shkodër
M01323012A,LAVIVA TECHNOLOGIES,AL89904409063542475226259526,6143638724,Shkodër
L58309521A,Entoni Prenga,AL60054948638064702259961785,2513143960,Shkodër
L52606201T,ELBA-OIL 2015 SHA,AL13714648153516288375898250,5432937581,Durrës
L71914008U,Videomobile,AL80482805936140139900695564,2106624778,Tiranë
L47707101H,Haxhire Sadiku,AL02525041260728796410761070,7452430449,Vlorë
L92605407J,Ornel Ymeraj,AL00177751211744168091978150,2575893147,Tiranë
L21809501H,"""DOKSANI - G""",AL87345653390422109879818808,5338501527,Vlorë
M44805601C,Hektor Çorbaxhi,AL77691306037822037841346585,2080664026,Shkodër
L13726601G,Artemis Elezaj,AL03484493705727901192939525,6658999700,Tiranë
J61825037N,FUFARMA,AL74833536934356409677080795,8864329368,Vlorë
K14721001P,AVDOLLI,AL48700778010253153273507573,9870771863,Durrës
K21518003F,KLAME,AL12902377802475581862423638,2515226561,Shkodër
M54102604O,Denisa Pere,AL74221839737447724927860896,7512225891,Shkodër
M32315028U,ALBAPONIK,AL85586015621636627135896654,9419403582,Vlorë
K54103601Q,JONI,AL85784645288929738557140469,1351603076,Tiranë
J72111003K,EUROCOL SERVICE,AL03251591464404987015211106,7027381631,Tiranë
M21403052C,ProSafety,AL61917610606669459844754874,1007338154,Durrës
K51428048I,TRANSPORT HIGHWAY CONSULTING,AL74853106184843148849000000,5162331040,Shkodër
M27412402C,NAZI & CO,AL76016916015654273735938055,6235479791,Shkodër
K11507003S,DAJTI PARK 2007,AL51944806098539274879638672,8685080336,Durrës
L71614032H,OrthoNet 360,AL52174211430499559715319567,8948664611,Tiranë
L21410501A,RADA OIL INDUSTRY,AL21628777161092637440467859,8181823556,Tiranë
J66902020J,VLLAZEN HOXHA,AL25549405202064904953628620,9327702125,Vlorë
L61621027F,Alb-Korrekt,AL69838189591030214613723732,9643755088,Shkodër
J84003411K,Z D R A V A,AL40479012114259559699091257,3519174094,Shkodër
L61817502N,ADES,AL33227951654076235560501068,7517593113,Shkodër
L91520508B,Ndoni Art wood,AL10334601853868659976081040,4526470613,Tiranë
K71412502W,VINTAGE,AL19228732906001526906914019,2542257273,Shkodër
M66328401E,Aleks Cani,AL22875827653158018854095038,2246948012,Shkodër
M36515401L,Donika Cani,AL13777233770733549588969538,3738945331,Shkodër
M63816601L,Petro Berberi,AL42624541106965800985017257,9311295301,Durrës
L61704504H,Arlina Ulluri,AL94201595970350038655583225,9780298291,Vlorë
M09801601L,Lumturie Haziraj,AL32489510563803721781491124,4364915162,Shkodër
M12429007A,LAB CHEM DISTRIBUTION,AL82321592091071946227599678,8205277087,Tiranë
K31517127H,M&B BOTIME DHE STUDIO GRAFIKE,AL14046398876619726495711966,4792441588,Durrës
K51611059N,FILARA,AL66289700819316667534674045,8276437579,Shkodër
L41313009C,Ronis Kraja,AL20216215479008931240107494,9322249746,Durrës
K36306784K,ERALD-G,AL17890686898718626186621438,6679721530,Shkodër
L61901013N,G & L CONSTRUCTION,AL97322326924990332970655747,8510041912,Durrës
L52028093R,KLODIAN ALIKO,AL01300084781669866555882024,4700530412,Durrës
L12407012R,Besnik Meçi,AL94140062603555533447157336,4839668425,Vlorë
L91703022T,SAHORA,AL01472421899847252643024587,5456287849,Durrës
M11501019A,M.A.G PARTNERS,AL88353548710931745635669357,2785740468,Vlorë
K71906007R,LA PETROLIFERA ITALO ALBANESE SH.A,AL94223912790444751272434727,9978449253,Durrës
K22103001T,A&A INTERNACIONAL,AL06701355119753493341186354,1921392838,Tiranë
L44707601I,VAYA international,AL52444201705366166284064349,7234558359,Shkodër
L24302003S,KODIS,AL58424122018890934199704296,5805386225,Shkodër
L02610601M,Florand Dajlani,AL27679664411910714343026028,5619326727,Vlorë
K32509660R,JORGAQ MARKO,AL90844235239862889623917541,6309057577,Shkodër
M11517040F,PRO GREEN,AL53116727623350956638305180,9500037351,Durrës
M52022023I,NOAR,AL58230809734573214468222117,6240622421,Vlorë
M52327017V,Ani Rusi,AL84850158178158334435276182,9427748535,Vlorë
K57123001R,DELIA IMPEX,AL96841151440803800829115976,8038418508,Durrës
M61417003D,Ergest Lapi,AL11438264297742692684091747,2808391819,Tiranë
L76414203K,Fatbardh Seriani,AL12806385789839352819484118,4270301792,Vlorë
M52207043A,DoIt Support&Solution,AL54051366052484504769710288,7378177839,Vlorë
J61826012K,ALBAELETTRICA,AL36609722628406939773526868,3653961622,Tiranë
L42005014O,Inxhije Dragoshi,AL51335758234685945611304369,9578063280,Vlorë
K91425009A,Dorina Karaiskaj,AL68596346270701987961826860,2126469904,Shkodër
J67902917W,UNIVERS,AL91056016082873724989130878,4042293555,Vlorë
L52313007M,HOREAL Expo Group,AL32957767948003438016018873,2629871472,Tiranë
M01310013M,Drilon Cenaj,AL28222189282496846279152644,5506669704,Tiranë
M57521502N,Prengë Gjeçaj,AL20466284880058366785763578,2153412523,Tiranë
M51602507S,Infinit Primus,AL12939503763175721325514357,3498124570,Shkodër
M51819020O,R Studio,AL79267812951198257437020818,6221916273,Durrës
L43713012P,Ardian Matka,AL34960076472247926488160523,6072969275,Shkodër
K42701205E,RAMA - GRAF,AL58928212415579198062060160,3793733444,Shkodër
J61817029F,ALBARTEX,AL21521346010752587921791758,4121311665,Vlorë
K31802096W,DHIMITRAQ KOSTA,AL88431492921747915242154746,5050305534,Vlorë
K11409003C,ME - AL,AL56018740266857213880107891,5023530658,Shkodër
K91727010A,EUROKOS HOLDING  SH.P.K. DEGA NE SHQIPERI,AL98237650494848868030625876,4024308518,Tiranë
L72411026N,FTA Studio,AL93753225893025411522398379,1037212748,Tiranë
L62629204V,SAM-ARS 2016,AL81292488325376441698678271,6308942363,Shkodër
M01714005H,Alpest,AL00681877286182413684612503,5414570894,Durrës
M02102022N,Genci Duka,AL24174920413794132177244476,9609031163,Tiranë
M34105805B,STUDIO M&H CONSULTING,AL44775958421584758763448612,6459442475,Shkodër
K31412087P,LU - NA,AL17621172146453456783106447,8875339983,Vlorë
J61817045K,KADIU,AL76819425811667878137835285,6154470526,Durrës
J62903318M,UNIVERSAL,AL43881348270932765945413617,8338532611,Vlorë
M61718005K,LIVEX,AL47722405987181497159453451,8744558671,Tiranë
M22002001N,Daniel Abasllari,AL16460701732862714162228821,8522769607,Vlorë
K41510041C,Alked Kopaçi,AL87001378783611847951682467,1488801521,Vlorë
J71907014E,MURATI   BA,AL04348963619830801019419475,9594165817,Tiranë
M12304002Q,RGP,AL97679593314641451535083414,1539818602,Vlorë
K71605001B,S.L.M.,AL23061547469216127605637762,1932282824,Durrës
L49001601N,Hire Hajdarmataj,AL49683771246791691981210344,4966621180,Tiranë
K77916947A,DERBI-E,AL66461720425494058231712038,7756971389,Durrës
M24026801B,Agron Halo,AL31031546201027532112459927,8173512211,Shkodër
J61827065F,TOENA,AL65389708832767938482874937,3566014689,Vlorë
J93316637T,KALLFA shpk,AL84817897402687683306120828,1688976622,Shkodër
K91624015A,Mero Baze,AL27113706714957747930736127,7805469019,Tiranë
L91612011A,PARTNERS PHARMA,AL41615459874712483499056699,9535617325,Durrës
K11723003M,FREDI-A,AL03296303341557571159379006,9995328803,Shkodër
K31512515G,ELTON BINERI,AL05760193111559405437947574,6377410643,Durrës
L51825011V,G B Civil Engineering,AL07565810584453594476354340,8201646201,Durrës
L72203065K,MCE,AL67203441279956633003359815,9859883645,Durrës
L01906030A,ARKIMADE,AL37006328200950239584703402,1200713501,Vlorë
K47414042Q,Gjon  Treshaj,AL24200535755712728407412842,2150982339,Durrës
L02904408M,ECIT,AL59284801473112357179329918,9810568319,Shkodër
M01511008K,ALCERT,AL15709934318854647519456841,6550344967,Durrës
L81506013F,Alketa Çela,AL58362602216322758569875891,3904083070,Shkodër
K33715699K,HALIL DERVISHI,AL87661713058809232403378049,5944311874,Shkodër
K94623601U,Zhenika Loli,AL28055159615751341421307013,1341651441,Vlorë
M21508008U,Klodjan Trimi,AL30428351480334491246075230,8122277632,Shkodër
J71601012S,NELSA,AL22314103898986189463507573,6255302816,Durrës
J74304623M,INFINIT,AL95807044457707359266527894,9054603552,Vlorë
L82729403H,BREGU COMPANY,AL17784414582022473339370135,6334619821,Durrës
L91708008J,FIRMITAS STUDIO,AL24119530734606919304241637,1367747852,Durrës
M57122701K,SkaiSolution shpk,AL79809302851731372127146057,5692203950,Vlorë
M32224025P,FRATELI,AL92154660791536551666172131,2976214491,Tiranë
L97124201Q,Brejdi Bellaj,AL96333720429363138090765060,8734616623,Vlorë
L51708026D,Ermed,AL36157183902719908487303457,3638872623,Tiranë
K37509289U,FAT-5,AL67667427100345146252848337,1739551608,Durrës
K71617011W,EXPLORER JOURNEY,AL87543337223424821727955610,4868463458,Shkodër
L32314016O,Julian Shyqyriu,AL68387156374772088906148234,4354822399,Durrës
M11712001M,H&G Veshje Profesionale Pune,AL80363621972047675918982998,8167662383,Shkodër
M51322038Q,Vilson Rusi,AL12786593792016274865232039,4288782673,Shkodër
M01825007M,Edmond Zyli,AL70757096180178068002227253,9169060288,Durrës
L42231011L,Health & Light,AL22985555608794033610161675,8530522472,Tiranë
M06411202E,LK-GEOING,AL67948496209381411542332726,3970204901,Tiranë
M42008005I,G.D.A. sh.p.k,AL05014247730180293087865701,7855694041,Vlorë
M42216504H,Gjenerali Shpk,AL92318437458268882650525667,5268346038,Shkodër
M21331011L,ATECH,AL32893898576019219377465401,1642294445,Shkodër
J81609010U,FASTECH,AL33049694795719951339008920,8262157035,Vlorë
M32903001A,Nikolin Aliu,AL79617004353899450822898094,7192782677,Tiranë
M12910801M,Goni Xhihani,AL84674822453334626312826566,9286631875,Durrës
K61313010H,MEDIA  - PRINT,AL33649743789578011220666713,4796371444,Durrës
L77003901R,Bedri Cahani,AL46222285807674758881724917,3364269187,Tiranë
K12128004G,LASER MED,AL78416977086638523298578329,8083604554,Durrës
K34210403K,A. E. I.,AL22790638810403197167865829,8253016738,Shkodër
L64626401V,Shkëlqim Levendi,AL26825868258245874966120092,2554257762,Vlorë
L51511023L,XPERT SYSTEMS,AL85778514785096544662313928,9180482853,Vlorë
K31503024W,COFFEE CLUB,AL73036230302310161074933018,7722932669,Tiranë
L73810001O,Saimir Qorllari,AL93361287169229954205149943,8976792890,Vlorë
L72322004M,LUAR Bros,AL74651007855997545796703282,5725681385,Durrës
J64103631O,""" LEKA """,AL42890988446792936860805627,4451884503,Tiranë
L81722022V,ADD GROUP,AL61910288574906337758102085,1859382407,Durrës
L92204011T,XH - N - SH GROUP,AL69127720728398077397287585,5585706387,Durrës
M01804013U,O3 LAB,AL15887489877473986785872150,1931201406,Vlorë
L81325020I,Shpresa Al Computer,AL35705234134726321032750736,1502359501,Tiranë
K32731239W,ARTAN LLOZANA,AL48989774260146376202927699,4872055548,Shkodër
K32720203N,KRISTAQ SKENDERI,AL46186200331406424486283277,9452802584,Vlorë
J61817063I,CORATEL,AL47590570830389138055339367,7894003507,Tiranë
M32320016A,Xheni Kape,AL11598164655505145781573098,7748460012,Durrës
L68727201C,Donika Çaushi,AL79248260900472639440208432,3986631937,Vlorë
K72223025M,ARB-SECURITY,AL29059308903088837115924948,9002576988,Durrës
M31502035L,Ergys Spahiu,AL88893860976099830752268595,1523264672,Vlorë
L11608007N,ETRONIC,AL23615559133768580162221290,5854421625,Shkodër
L81506043D,INSTANT.AL,AL70286354092826486538152406,7293795470,Vlorë
K16604201M,ANA 2001.,AL06366211450728672668574970,2320023381,Tiranë
K53002402C,ASI-2A CO,AL54443977575907436924285292,3782016028,Tiranë
K52505401W,EUROKARTONI,AL20939683633983059945812158,8970717790,Vlorë
M56623206P,BESO ELECTRONICS,AL29651524994322598284628472,6902561996,Shkodër
M57102602E,Ballkan Konsult,AL55292344286934551895340032,3982861844,Tiranë
L57214206F,Gentjan Çobaj,AL40761101500594288830985790,7428250086,Durrës
L22203042N,ATOM,AL10341257557622118664041941,6794522715,Durrës
K91923009F,GDi,AL03655674791721296425544750,9324545979,Durrës
K41719004D,DIGIT-ALB,AL39234907628553489836960754,5235931004,Shkodër
L16318401R,Vilson Keta,AL52846012144064323185884373,6428249271,Durrës
K72418010P,ELAL COM,AL02646634074250493342246227,3761168540,Shkodër
L62113033T,HSE-ALBANIA,AL98293059000824097582495369,5228348672,Tiranë
M47209007A,VTB GROUP,AL09521052359813239368248361,2130411741,Vlorë
K26330202E,VALONA KONSTRUKSION,AL91490391972235970535457230,7564598099,Durrës
M22204502V,Work Smart Group,AL68506116933631286393619245,6234450201,Shkodër
L49609501T,Drita Abedini,AL83654586007558226799316143,3764454398,Durrës
K71717003L,PUBLICITA,AL82227703951242454505065632,1499459575,Durrës
L51714014K,AICOM,AL23442142084031948399649510,7688620795,Vlorë
M31724039V,Frexhi Lato,AL54222679656280919744223824,8161744458,Durrës
K33707664B,Çelnike Pupa,AL81719087173999684080653729,8620893153,Shkodër
M01927023H,ASI INVEST,AL89977113332257815478375250,4724893289,Shkodër
J97201201R,SEVAST,AL56845229614786034143533841,2541543435,Vlorë
L41306506T,Sokol Karasani,AL72017235210099648847018585,2420527801,Vlorë
K42727403P,T & P SH P K,AL18262725285521700663704937,3950137819,Durrës
L92019017V,Albsig Jetë,AL21959683198992578197472313,6274553583,Durrës
L52222066T,Eglantina Arapi,AL23578247275161530662084847,8764051271,Shkodër
K12023001A,KRIJON,AL07786267978717711257819159,9710113691,Vlorë
K21505002B,4E-COLOR,AL38073709162988310263098424,4573395215,Tiranë
K23116602P,EUROBETON,AL11908948598650299744472566,8416939963,Durrës
K33708632P,ARTING,AL94718057396957005346397680,8154063031,Tiranë
K33708624B,"""DIJA-PORADECI""",AL51250839530868212337905624,5657621947,Tiranë
K36315740S,AJET BRAHO,AL43113881674071120958011071,3567374954,Shkodër
L53520801J,R ÇEKA&CO,AL23564872387900527740323876,6766358082,Vlorë
M62828402T,MEXUS,AL64537489754578774239444312,1916577016,Tiranë
L42430002N,STUDIO EKO-KESHILLIM,AL90159616572497278767524577,1889811234,Tiranë
M51602049J,RevoTrade,AL22474497770746706856079345,1759560207,Tiranë
J67902827A,ZEQIRI,AL17660295095453633119214041,2642454871,Shkodër
J72510467A,A R B L E V,AL40991012479890961977670568,6909948443,Vlorë
L72118034H,Top Occupational Safety & Health Albania ( TOSHA ),AL22633511417691706170023717,1642179439,Shkodër
J66915047G,N.N.Z.K.Shkodra,AL58041578922773317153598964,4264030222,Shkodër
L21527009H,HEST,AL89484455897513106202014673,1851099472,Tiranë
J88730334W,LENI-ING,AL36105444916770397970986098,9268572573,Shkodër
J66902008N,"""ONI""",AL05729519199934782436748374,3762817656,Shkodër
K46523066Q,TIM,AL47642763030723298971647666,5805058535,Shkodër
M22307034A,ALB-FAER NDERTIM,AL00084429286369001656484442,1397611081,Tiranë
K72105003E,XH & MILER,AL46473262561202807140491327,2137065324,Shkodër
J61909018W,MENI,AL81857863365978348285492639,6212458832,Durrës
M22314001N,"Studio Ligjore ""Demiraj Partners Consulting""",AL09469307663940574495337707,2420856763,Durrës
K71819029R,ALEKSANDER ASIMI,AL82554300488629381524790405,4003625798,Durrës
L11326001A,SCREEN AD,AL28882211758690613452112683,3510795729,Shkodër
K34225202T,LOTI,AL13198353020443675334737352,5483017172,Vlorë
M02212501F,Endri Karaboja,AL47009536789304151682593706,6197621217,Tiranë
L81618026H,ENetCom,AL87434208585307682321830030,8424059385,Shkodër
L52222034F,Vebian Muçaj,AL80688491629890239698216726,6616526588,Durrës
K74019206T,Brian Durma,AL60862421467960349182649246,3376346247,Shkodër
M58408601O,ILAV,AL76129945060058945547742864,8607997766,Tiranë
L92713601Q,IN PRINT,AL38210127560665614711752383,8490345691,Tiranë
L87219004F,Aimir Osmani,AL43428156808260151444073722,4592180849,Tiranë
K91628005M,DROMEAS Albania,AL12110759965991578464665700,4493631453,Durrës
K82717204L,Ndriçim Shopi,AL75593209044940257071111680,9860997115,Shkodër
L63712606E,Erjon Shkulaku,AL86494131204552253075182703,1614196976,Durrës
L81325026K,Klodjan Vërçani,AL22582174971704078908784646,3880270952,Vlorë
M02313013G,Idi Balla,AL98007729015526817592673574,7682781686,Tiranë
L32320008H,A&T,AL75280627863620363148442429,6967263891,Shkodër
L42103023G,BESIM KAMBERI,AL36918900465782501785790769,6708663874,Shkodër
J91915001P,ALMO KONSTRUKSION,AL42918803511394664095344939,2348984598,Tiranë
M61418011A,TRIAX ENGINEERING,AL95401993739103169991017165,2052397557,Durrës
J87730202A,LAND & CO,AL00757031557008612447357142,3835022959,Shkodër
M31423002A,ELECTROVA,AL65090405366906369899786186,3957185907,Vlorë
K36306934K,KRESHNIK BARDHOSHI,AL40631267238438065372627485,1016626327,Tiranë
M61409035A,Eni Qëndraj,AL72924512937426196602331054,6302245342,Shkodër
K62404012G,FORMULA,AL98212303529834430352250769,1910362067,Tiranë
M41824506K,2 GEN,AL72818602467563316695678578,5947667315,Vlorë
L68302701K,ARDIAN HYSA,AL85529083227214983643018999,2691144508,Durrës
K36308504V,JORGO KONOMI,AL76923993959059950913852017,2498501933,Shkodër
M62617802F,Daut Krasnaj,AL46610679855469044385069142,4059141392,Tiranë
L73711202N,Auto Holiday Albania,AL95695755293233377522674245,8706148238,Vlorë
K06605226B,FRAL-2000,AL28758239188349330312578350,9362213439,Durrës
J61806015D,GOLDEN  EAGLE,AL83115953842892952812389108,4541228818,Tiranë
L71517015G,TG International,AL51512117748912753555507155,3512810861,Tiranë
L94309403P,RUSTEM HOXHA,AL23250153402305090150630606,4109988421,Vlorë
L92228018L,Magus Group Albania,AL08915472338570090615842139,6866911511,Vlorë
K87629701P,Angjelin Hasaj,AL54142330514889188331952059,7912031917,Durrës
L87218003P,Eriselda Pashaj,AL96864032855986315949105309,5800861752,Durrës
L71920001R,ENEA MASLLAVICA,AL81376107208644875553566383,4830646214,Shkodër
K31321021N,SHPRESA - AL,AL77619702114769062091353126,3568555470,Tiranë
L08003301A,Preng Cara,AL91635294023902119798855308,7028826530,Shkodër
M68817201C,ER.AL,AL31390207122093850102513083,5448317185,Shkodër
M54213201B,Jurgen Kurti,AL41788474174302473130447067,9796648711,Vlorë
M41722006N,MVV Consulting,AL93109117350485216771307235,5138682937,Tiranë
M42314042F,Klodiana Prifti,AL57600882069103644492054291,2200098017,Shkodër
K82020005B,Herjol Xhagolli,AL89103426663021989714608892,8059898966,Durrës
L97006001D,LLESHI FARMA,AL23361527793122056325172667,2450681069,Tiranë
L52005005Q,YLLI PICALLI,AL01814461087617780503312995,5219577469,Durrës
L34711601E,Maksim Sulollari,AL40143076092318990907685365,6965974653,Vlorë
L94721002J,Besian Bacelli,AL26353601467169606304011292,6191138666,Shkodër
L82322016N,LEAD CONSULTING,AL33596090465579280937295625,6220308174,Tiranë
J97426201K,FJORTES,AL92165430626835655416640081,1701447324,Shkodër
K68121808W,"""SHKELQIMI 07""",AL22311790656327661595873434,1227855910,Vlorë
M31516511T,GOMA ERJONI,AL28365264932055713252493904,3658309114,Tiranë
K72022032H,JOENA,AL19617056190047510199078511,6031492040,Tiranë
K31803032W,EURO OFFICE,AL04397455651579969001065554,4319899614,Shkodër
L01422017O,M.A.K Studio,AL05325971392880974342744903,3184342763,Tiranë
K66607001U,Palma Construction,AL51400710055566782080460998,6062991654,Vlorë
J62903182B,BESTA,AL70201578167036134108054781,2045139066,Shkodër
M31625003A,3V ASLLANI,AL50585078646318475853359112,8038558345,Shkodër
K71821009N,MALBERTEX,AL55616580598273764075579291,5388855241,Shkodër
M22113018T,"""LC-LINK""",AL55462242302446364407600728,9857364051,Shkodër
M42209031I,Alpha Procurement,AL59058288760985359041869914,1261852695,Shkodër
K88010301S,S I L V E R,AL35139915194252733782530207,4954850521,Durrës
L32216022T,Ilirjana Jaku,AL24101050375621148910411392,2426787374,Vlorë
J91801003E,ONUFRI,AL99757097128593509887303668,4464473055,Vlorë
K31419099E,"""P I R R O""",AL90604024307179246931138629,7298572161,Tiranë
K71616042A,ERMIR PETANAJ,AL90063985511014701344172139,6933970082,Tiranë
L51309001L,Edison Konika,AL61676543067470033501777362,1072460848,Vlorë
M51911023B,Robert Menga,AL08203812581396537949284244,9195581628,Vlorë
M24131003U,Nikolin Qiro,AL12802750173768501215435834,4865366214,Tiranë
L52121033M,SWISS AUTO,AL12543844246980082069712226,6025231286,Vlorë
L91310511L,IDEAL CONSTRUCTION AND PROJECTION (I.C.P),AL43109682256754521237883998,6424341185,Durrës
K32802421F,ARBEN ALLIAJ,AL82328548561344393552818532,5928613537,Vlorë
K97718101U,Aqif Marra,AL33298118322827443001212706,2958563212,Durrës
L82216026K,Electrical Inspection Services Albania,AL32346632776626355794103453,3605971214,Durrës
K11324003F,SINTEZA  CO,AL04610618390442330225216301,2847440966,Shkodër
L42611001I,Saliko Hadëri,AL62976026486089771761153596,3310959240,Shkodër
M51320077D,OPTIO SHPK,AL87337008784237204549672533,7618084695,Durrës
K57923807W,ALTEC SHPK,AL95170730542164359823819449,9013420655,Tiranë
L92005017U,AUTO TECH ALBANIA,AL74157023259659850295901103,1200311696,Shkodër
K31603258V,BESIM  KAMBERI,AL00071186379583862630404806,6581955845,Tiranë
L82505601P,ANEL & CO,AL76235285663768358383104428,6648965467,Shkodër
L86603401E,AUTO ERGI,AL56205115335802320218336522,4591451694,Tiranë
M61312059M,Start MTE,AL42874836763713863444270754,9434359569,Durrës
K62220004U,GEN - ALB FARMA,AL54435070936039543665958445,5074615867,Durrës
L82321017Q,S. W. O. T,AL23393268446619350610917523,6482242653,Shkodër
L41628003P,Ilir Shordja,AL39197080962931289951958022,4722606004,Durrës
K61619003R,CMC GROUP,AL64998187329722558684999731,4349273259,Tiranë
K33708276F,ALI VESELI,AL38202114839816772752132541,5266286016,Vlorë
K91410008J,ALB SUPERVIZION - D.S.,AL08302571312351679546901215,1738097872,Vlorë
M46915401B,KetaElite,AL13079643024086182693895618,8753124045,Tiranë
L52107165I,MORIX,AL26339071876603751726620970,6006480572,Shkodër
J71424020D,I N T E R M E D,AL25785415585744042396154726,6202795309,Shkodër
K32515185C,TOSKA - TRANS,AL07965509375606547676788954,6407420474,Vlorë
K91628013D,ALKO IMPEX CONSTRUCTION,AL20817992697205613450382888,3278904117,Vlorë
J93711608Q,REJ,AL57809223313806864553860725,5236508354,Tiranë
K66501003D,Irfan Agrushi,AL28030175307251486412993674,5211378675,Tiranë
L94017201S,Bersant Ylli,AL34131324986530620920562214,4213177569,Shkodër
K36609610Q,NIEM,AL98592766019236838615999084,7052899767,Durrës
M31417021V,inAuto,AL50391217880988880795905954,8171094414,Shkodër
K16604717F,TOP-OIL,AL34464793255411475719668984,2267955754,Vlorë
K01403504J,SHTARO,AL96763737864708552138069622,2346938970,Vlorë
L36611201E,Shkëlqim Levendi,AL75084556025319229255994086,3621344334,Tiranë
L22218008Q,EXTRABIS,AL82805965352502794641941026,5712251765,Tiranë
K81323024G,SWISSMED,AL99960104875746564762946530,9695042913,Tiranë
L03614803Q,Eko-Studio-Projekt,AL15256099947911831263399428,7797414214,Tiranë
L81527027L,Multi Service Group,AL20508361228951926240468999,2467170869,Durrës
K83724602K,Arjana Gora,AL10735354519469025640660982,8346117605,Durrës
J92408001N,A. N. K.,AL04380933306721862626416181,5720535361,Shkodër
L54424205B,Eduart Xhixha,AL89427923825355543073048659,9603134929,Shkodër
M12316019B,Ornela Çitozi,AL50596288717846876412573323,6780250404,Vlorë
M58926201D,En Group,AL09793441718923032670164877,4757077549,Vlorë
K33729014R,VASKE GAQI,AL10222637135935402241740352,7009084915,Vlorë
L51808011F,ARMANDO KONDAJ,AL69573758092836387319913221,7993121729,Vlorë
L41825004O,D&J,AL49705143884765862348145972,1542977512,Tiranë
L02602603L,VANIVA,AL47675483523065361805211367,6563711068,Durrës
K21622001M,AGI KONS,AL78440088390955724264478871,1178908476,Vlorë
K72113010E,A & E ENGINEERING sh.p.k,AL15377202995859141110974854,4832172554,Durrës
L78006801F,L.T.E CONSTRUCTION,AL89170797597795884769679013,8765403011,Vlorë
K32814414N,FAIK   BALA,AL03172260903500950330526743,7529995930,Durrës
L47401203N,Bledi Loçi,AL82736973524603998765625502,4056562876,Durrës
L11331015S,SAKULI,AL27563353989708234485517364,7033377200,Vlorë
M42413034M,BRUNO ALBANIA,AL47194951658827544668824984,9210017634,Tiranë
L62415503B,XHEJNI TRAVEL,AL77715605292386951218074589,9339979701,Shkodër
M22420031V,HSE Plus,AL81108935539925108805153570,4539957122,Durrës
L12710202A,ERGI-PINK,AL99673643783249726839926260,4071987606,Vlorë
L31329009M,ASLV,AL59051641117933011937112122,5716710244,Durrës
K42003004T,MURATI D,AL36596681846725218711032749,9013380896,Tiranë
L47307701I,LEO GITA TRANS,AL93354314417103329515299531,3583888756,Shkodër
L02103503S,VIBTIS,AL52718034979594023622608989,2930132426,Shkodër
K77929501L,"""LEKA - 2007""",AL27524485461356134058962760,8843004040,Tiranë
L61416011L,Ilirian Bulku,AL43020187703653478972967355,1749628334,Vlorë
M01622504U,DECON PROTECT,AL21753609316897837098695350,1019225528,Shkodër
K98512601Q,HASBALLA,AL65972048788588112980907567,7300499379,Vlorë
K11323001H,ITE GROUP,AL59766287179787853496130830,9710793623,Shkodër
K46502001N,"""DOVA""",AL34578551164116825286345846,3654997707,Vlorë
L57213019T,Arjana Drinazi,AL79097236335698219956266273,2175269393,Vlorë
K71625019L,Lumturi Dollonja,AL68588787833456513601985127,2997991645,Tiranë
J67902012U,EC Pro Partners,AL97684109673177756320144442,5795327698,Vlorë
K12205001I,AN&RA,AL54543568011082238618974900,2711078026,Tiranë
L92406016G,Zhaneta Velaj,AL04644139338008324040686186,4599455962,Shkodër
L53316602C,Bledar Nasi,AL98564804109649094124881445,9978388616,Durrës
J64103483H,Sinani Trading,AL42130744559578088600075354,5145005975,Durrës
K91803020F,FREDI ELECTRONIC,AL59969339810172921093851201,6854206850,Tiranë
K41602074K,BEN ALB,AL42612679972869785820256441,1804185267,Shkodër
L54830401A,LUVA GROUP,AL10937496211508291885488530,9763047194,Shkodër
K31320002C,A R J E I L,AL04240552556213062305042695,4255754523,Shkodër
M03616601A,SERINE,AL83997638983190727519931846,6890618091,Durrës
K02023001W,ASG,AL70566273570950528107013886,3747289884,Durrës
M41622016R,B.O.T.A COMPANY,AL86556564273000562063736627,8396404993,Durrës
L22119012A,Artan Doda,AL22189809800243664351071955,5935819525,Shkodër
L67619801Q,ARENA MK,AL44994323402770811011841024,5329486227,Tiranë
M21709019A,Ledjan Bali,AL14083660661504138899589213,6838819294,Vlorë
K32802228D,AGRON MICI,AL34373468415063614150541785,4210162192,Durrës
K77524909Q,UDHA,AL04503525491038966799630160,9214359379,Shkodër
L82128011U,Royal security,AL85419641806260844916566832,6151743888,Shkodër
M61503062Q,BELSON COMPANY,AL72363973863462639575166190,7887592485,Durrës
K86412010R,Arjana Isufi,AL45844594235785496067715798,8056533601,Durrës
M01922021M,Nevila Plasa,AL50129238010579878951639565,9553622151,Durrës
L51603008A,Spar Albania,AL89064549876119075794503283,5102987965,Vlorë
L42215015J,Frida Banush,AL79463522767737202667727480,5373401131,Shkodër
K82311006T,SALUS TIRANA,AL82334260014061788553122509,4131712965,Durrës
K32522629L,TEA-D,AL86997155300371926005163293,3860951794,Tiranë
J66702413V,"""M U R A T I""",AL45412150752200651796869587,1561427068,Durrës
J66702510D,ILIRIA/D,AL18783524038687043120262720,9728663137,Vlorë
M21422008S,Rexhina Disha,AL40234633917125018017438814,2186061468,Durrës
M11415504D,Valbonë Allajbej,AL11861339319093652515020690,2784751252,Vlorë
K67516029E,HAMET ILJAZI,AL67901571346221297994179273,3029883358,Vlorë
M13601407H,"""GOAT""",AL09447271434562961149925377,9289465745,Durrës
M11313029O,Bajro Bros,AL48045005728204140860925646,3859901255,Vlorë
K32712210C,KUMRIA 1,AL13218928429114827841980585,4187797882,Tiranë
M32616201A,Afrim Cërriku,AL01446102006311760666767192,7637264679,Durrës
M23431204B,LAVDIJE BEDELI,AL48620136476790537867958129,9207046608,Tiranë
K38706511K,BAFTJAR HAXHIA,AL35740762689508468209147712,4753706229,Vlorë
M42927603M,Aldair Seferi,AL78619576368890939567736530,3048114245,Shkodër
M12413025K,TIRES-R,AL34931197042565467165425940,9355611091,Shkodër
K92128001N,AUTO MANOKU,AL08139662305412000321194589,4587078307,Durrës
L41307020G,TE  ELECTRONICS,AL21391123399483378053355949,6635686097,Vlorë
L72023002P,NET-GROUP,AL35519866159193296880229516,9488115415,Durrës
K53821402G,ALGERT KOLA,AL29703886681439770784836250,9113167195,Vlorë
M51812029F,“Universal Print Service”.,AL54573375448508202106637045,9583573029,Shkodër
K31518077S,Iceberg Communication,AL37165425425260241244385353,5021500059,Durrës
L31903003N,GREEN RECYCLING,AL45245201466748901342209714,4818881697,Vlorë
L77406402A,G NET,AL59552465472032929475094521,5732708221,Durrës
L47201206I,Lumturi Haxhijosifi,AL49676168900970892273165234,6824515368,Tiranë
K61617040L,"""TAULANT"" SHPK",AL24315655707819432959740927,8510371021,Tiranë
M12807001P,Dritan Hazinedari,AL12792578217084544013289275,8326071542,Shkodër
M66320208I,KM-7 SHPK,AL95940360882873954596567156,7772823769,Tiranë
K51605041E,B R A T I,AL03614187935335982347301386,8158069083,Durrës
K44125003N,Panajot Pilani,AL27661144392300375675430342,6325731669,Durrës
K84616001R,A - M LIFT,AL98746852715887532453275489,3433193533,Vlorë
L41817014E,ASSANET,AL87515613762881060657090481,7263520338,Shkodër
L67811201P,GRAND GRUP,AL53817170384095485561167900,6115602346,Shkodër
L42314005A,GENTIAN SADIKU,AL41772862205516311595686851,7363171613,Durrës
L71814022G,Printing Opportunity,AL50491677812300629868278159,1515512536,Vlorë
L81316021R,Gurali Stafaj,AL30751857792516360340184019,8594685157,Tiranë
M61320026H,Riselda Zalli,AL18187959602084585992716581,8312813257,Shkodër
M03717001R,Evelina Qafëzezi,AL88210868350696854126335589,1982584481,Shkodër
M51823037F,BATJA-ALB CONSTRUCTION,AL95579328016354716753913526,4164731225,Shkodër
M02130025Q,EVEREX,AL65860233807253003838918654,2150356227,Tiranë
L63204002T,STAR 2002,AL08650188787784116128543219,3716838122,Vlorë
L22327003B,F.GJ.S GRUP,AL11989142503528080764089798,3155199245,Shkodër
M41427008A,Vasilika Rrodhe,AL60025989717335369329083971,1393394821,Vlorë
K32922204O,DURIM KULLA,AL66876661615483012879710554,4681067776,Tiranë
M17107701A,Hysnije Çenga,AL53484916705708362131156955,4294954624,Vlorë
M06306701V,Xhevdet Hakorja,AL67184424583685175380976694,1412620035,Shkodër
M41427020S,Jona Doma,AL92733522590447957199370591,6062836926,Shkodër
L77022701I,Saimir Nesimi,AL72474089561191904701758375,7253283331,Shkodër
L21931014G,Language Solutions,AL27293695442057197637926462,2605653998,Durrës
J71826005F,SELAS,AL80889992895687798995553662,4499251144,Durrës
K61731002D,ZENIT&CO,AL86134734551596770435021047,5685562232,Durrës
L47022001J,SMO VATAKSI,AL62434918904621374836764811,7369014043,Durrës
M52402068L,GJL Construction  shpk,AL11046229080793224221920351,7228979913,Durrës
L19008502B,HE & SK 11,AL38302043041862787050670720,9937492658,Durrës
K32508805W,ADRIAN TEGU,AL00861606871350861771532804,4822847242,Durrës
L32224041T,Mitat Lika,AL53571453586469050978540691,5743176757,Vlorë
M21628036N,UNICERT,AL41451680057194144352928841,3981391961,Shkodër
L72213048B,Etjen Canaj,AL13650731678032591644970471,5478124683,Tiranë
L97818502K,Juljan Kola,AL93200172463449922425544817,6170413400,Vlorë
K52811202L,SHTYPSHKONJA AFERDITA 2005,AL76748273781653268338775110,1300756671,Durrës
M11404038R,Gerti Xhixha,AL09401167470304075750300991,4863777415,Durrës
K32701201R,ENADA - ONLINE,AL63805756617215630984383225,3896158676,Tiranë
K99003403I,Afrim Avdylaj,AL90516301415829704554356811,9060763908,Vlorë
L59522404I,Bilbil Çuni,AL52880832100799528942835813,7801260928,Tiranë
K99302401T,Vasilika Gjika,AL13379526709570999514644365,3207136916,Vlorë
L87812902D,HB-GROUPCONSTRUCTION,AL87644674833675982788577921,6764334288,Shkodër
L87301801L,"""GELE ZANI""",AL00468673516111912915149348,4411225197,Vlorë
M52415044H,VEXOS,AL20305015617414958820643119,9257110540,Durrës
K89016401K,ALBERT BALLA,AL15121009121011143124418335,9229189992,Durrës
L11317503B,Alban Rubiku,AL83012642159725583341838467,7181553317,Vlorë
K22013001U,ALMETA  GMBH,AL30982090096667577253618211,7408910304,Vlorë
M03002001N,3 EL KONSTRUKSION,AL43326192067631844279677142,8677714468,Shkodër
L31615017L,2 N,AL51375539968117628726874839,7192044426,Shkodër
K82231003A,ANI - print,AL92754647921698489219103773,9470847932,Tiranë
J68028214P,MARSI,AL86802376324198746212591304,6331588233,Shkodër
M27528201T,DEDJA GROUP,AL10549261583151626791931955,2557077614,Tiranë
L18328201N,UFO CENGU,AL80528701170241334035493316,8822510931,Vlorë
K31623501C,AL 2003,AL99718482654308795363956637,1900641156,Durrës
L32614402I,TR - 7,AL07684963391016754107298743,9508016736,Shkodër
K08002506W,FLORIFARMA,AL80296386945606718442819526,3318110604,Shkodër
L61424012N,PHARMA PLUS,AL01974366046579055219146460,5591520009,Vlorë
K51503512I,EXTRAMARKET,AL94343342020982833597678743,2467831097,Vlorë
M12420009R,Arnaldo Duro,AL80869787351865662666931932,2921786334,Durrës
K32923184A,Muharem Lilaj,AL07572248741506489215068877,9229912002,Shkodër
L51704017H,URBAN ALBANIA CONSTRUCTION,AL05413941824109660601758338,5924661081,Vlorë
L62412026R,Adhurim Çaushi,AL10256028373262617998086488,6324068196,Vlorë
J69102223E,ROSI,AL26464133213556111665563792,3985628790,Durrës
M11803504B,2AS INVEST,AL32338208981422916708245892,6478420978,Durrës
M42725802A,Xheri’s Company,AL07516964720424685699794756,1092054371,Vlorë
K52531415H,SARK,AL93010278056898787791029743,4376346397,Shkodër
K26625603U,ARTYKA II,AL99751574759163037162417853,9384364218,Shkodër
L23617401Q,Fatmir Mone,AL72145113324500078192818370,8730165717,Tiranë
L01412015R,A.S - CO,AL48950914814604068221408063,5243505443,Shkodër
M22517402U,Fabio Ymeraj,AL06154115297334844626347062,3830746503,Shkodër
L46317601E,Elvis Zyfi,AL72383247457864772673260264,1881947393,Tiranë
L51323025M,BIG RRUGA URA,AL50765218632335270602979519,5651284900,Shkodër
K51615512C,KUPA,AL27710872501001090146701011,3051310324,Shkodër
K04005080H,MEROLLI  OIL,AL18705827312303910396570287,3399946077,Tiranë
M06916701U,Edlira Loshi,AL08183905003691689209821525,4700773548,Tiranë
L87312201H,""" INDAY - 18 """,AL12671792679180511210313358,8699249858,Vlorë
M51414009M,ProStruct,AL94020858692378983692154614,1640171288,Vlorë
M01816021C,Blendi Kumi,AL15318456730529887991640719,3168024711,Tiranë
M41926023G,ATY,AL98487650231712655846615511,4886123179,Durrës
M61312002N,Veli Selamaj,AL23296965421731446998897024,7921932245,Shkodër
K31722069H,GRAPHIC LINE - 01,AL15733684402098724090645038,6267538656,Shkodër
M11308027T,SHABA 2021,AL86499207187057081501708063,6590934864,Vlorë
M61402042R,Elvis Velaj,AL59584663828178229689986935,3946293319,Durrës
K31520002I,SHKELQIM DERVISHI,AL93143974842662103783621531,3501748930,Durrës
M42030011B,Next Promotion & Advertising,AL58952146517358758222882184,6116807358,Vlorë
L62206012L,ITT -  IDEAL TRAVEL & TOURS,AL64855264663333831823252940,2979127121,Durrës
L32222023L,HELIOS GASTRONOMI,AL91763404557948832543075189,6486104421,Tiranë
K24005001H,GRAND KORCA - SHPK,AL23336065794142520531098636,1035750318,Shkodër
L48720101F,Gezim Progmi,AL44875875619830852952674612,2772869868,Durrës
K21626004K,P E T A L,AL54303493501643354828951495,4512897948,Vlorë
L22205001K,PUBLIKIME SHQIPTARE,AL22169304361703184957886786,2811396385,Vlorë
K97730102T,Blerina Sadiku,AL58844790742392562808680828,7242099769,Shkodër
K41914024V,BT Solutions,AL70219355234089641341746516,7073586388,Vlorë
L64506003C,Ylli Myteveli,AL92830486399956545015449609,2501253195,Shkodër
K31524113D,DHIMITER VASI,AL33593510520032944112861022,7975920566,Shkodër
K66531011G,Lazër Gjekaj,AL33266498755651627005751342,5077298047,Shkodër
L71502060S,Rigers Kasneci,AL14828750946641550123561880,4766050606,Tiranë
M42626404R,2AK Group,AL44919284713150354868532699,4810652114,Vlorë
K51705032I,PANAJOT SHIMA,AL93781348911305230212427426,9891081099,Shkodër
L32116013R,Aleksander Lalaj,AL34497530917569103508692931,1691215983,Vlorë
K29824103U,FABBTEL,AL26208360964943264576667786,3135575294,Tiranë
M21517046I,Microtech Computer Systems,AL76644120991863160111038229,1219217612,Vlorë
L62217032L,Albadent Group,AL54860356342624894208418460,7957802322,Shkodër
K91624505A,EURO MEGA 2010,AL21405404550632891427647699,2382282726,Shkodër
M22325012O,E3 Computers Store,AL48658765226367006956222973,3560541836,Tiranë
M02403014N,EKM Konstruksion & Teknologji,AL27125199855211107773118906,8293696156,Tiranë
L03306201H,M&M Topuzi Group,AL68963610050184640516673474,7803995613,Shkodër
M56320006C,A2Farma,AL61465598221745846280587183,5465393919,Durrës
M02326029L,4 A Studio,AL39693256034051851534241237,4356446447,Shkodër
L61321012S,GRIFIN ALBANIA,AL32592723578668610507790691,9743854387,Tiranë
M21501011F,GENERAL TRADING sh.p.k,AL40482780529656157919289795,2862072776,Shkodër
M11815028I,Albania Distribution Chemicals,AL77456454444315405828538997,8630935002,Shkodër
J98926001P,AEK MUNELLA,AL88398810965760350814104724,8573724202,Shkodër
M13809001E,HANI I PAZARIT,AL95686589372702774740808809,6441726146,Durrës
K81309045E,KLAR & COFFEE,AL10470284193150669246131760,6924050069,Tiranë
L41705012R,HH CONSULTING & SERVICES STUDIO,AL74845269274554631348648069,6335704836,Vlorë
L01703004M,Elton Sardi,AL11193967950831294575109220,6755247412,Shkodër
K84602001Q,Oralda Kulla,AL15587667259780861886984941,7202005603,Tiranë
L51410502L,EMINE REKA,AL89011726869497426713919153,9526963761,Tiranë
L81828508D,Arif Kadria,AL28694503531499310669520527,5632752419,Vlorë
L81310520J,Santana Devole,AL56701474991607017334467958,8655742659,Vlorë
K31527625C,"""LIVIA""",AL44889544323726284598325793,2025248865,Vlorë
K31422501O,LEONARD KARAMANI,AL56240334968296081826719842,1795999349,Vlorë
K31531608J,RUSLLAN RUSHIT BEBO,AL16295636240473082672254100,2226385678,Shkodër
L31518004P,Xhekiola Beqiri,AL87239134498920916806992225,3928562903,Shkodër
J66703306O,AVDULI,AL57608964712937478536220563,4826077625,Tiranë
K71530002Q,DRITAN AGASTRA,AL08842543620138291980564915,3406529555,Vlorë
L07416701G,Isuf Manja,AL41157690403752014931262803,5167688615,Durrës
M12304005R,ACTA ENGINEERING,AL53262892298452694458544083,3299978049,Shkodër
L42516201T,M-MALAJ OIL,AL81782238314051200793094377,7148136756,Tiranë
J82916489E,C O L O M B O,AL36863851384506309487847966,5840761912,Shkodër
L72527203B,Bashkim Peci,AL79747544709169255069894722,3654788793,Vlorë
L81308048B,Arbër Puka,AL86092913703995879428456893,3941599916,Durrës
K11722002W,"""VITRINA FRANCEZE""",AL66467114834471662170240066,6349238062,Tiranë
L21513012D,Gjelbërimi 2000,AL50021965011676124404218170,2931028143,Tiranë
L02819403V,Lorenc Voli,AL04265502090886898272139151,9183369038,Shkodër
K32628415Q,ALEKSANDER SOFRONI,AL88506427014167616991212905,5091932093,Shkodër
L61814009B,ECO RICIKLIM,AL54695493026486597176901892,1352991899,Vlorë
M01721013K,BAU ZONE,AL36852925189344960740402744,3219145895,Durrës
K61920009K,S E L C O M,AL93367464788626628740727478,1252367095,Vlorë
L82523203F,ARTEO 2018,AL46182148058502561315463902,3692640755,Tiranë
M61306002G,Emi Vasi,AL07882021734642221526348620,3950725084,Tiranë
M22226027R,GeoENG,AL68681835268924838559890115,7226104612,Durrës
M41904029N,LIGHT&SOUND,AL29340011047685188285319647,5620746854,Tiranë
M31316031U,Sorgiena Agaj,AL46119564830727435442334936,7234717988,Tiranë
L61907009P,Retin Pepa,AL67530919250745124073710929,5785524046,Vlorë
L62203025E,Renato Todhe,AL53907616925300167018857209,5561897890,Durrës
L82113031F,PASHAJ JP,AL60557976840899996070169215,8546576864,Tiranë
M51903023H,KURTI METAL,AL92368456671902725183111705,6540233115,Vlorë
M22302011G,Xhulio Karalli,AL24011032207971723729865264,1536855417,Durrës
L47719201E,Sokol Ollomani,AL14718821776152259122291163,2207451774,Shkodër
K61611004I,RIZA ÇERA,AL41494639577794122503743510,6476865907,Vlorë
L83324001B,ANI - TRANS,AL32870952350049487819880256,1129088697,Vlorë
M04508201D,Alban Tanuzi,AL20526323691198892167898225,7829518497,Shkodër
K37509245G,NAZMI DIDA,AL70823517643269494083646799,7196627074,Durrës
K37508208U,ELTON OMURI,AL23755869144883962816975812,7722062440,Durrës
K87628701K,MIKI CONSULTING,AL67519345208715799081659546,7614377187,Tiranë
L86506002A,Briken Tuzi,AL47483421110347855122432418,9930977209,Durrës
K82008005K,SIGURIA PRESION,AL58391153683730856348515119,1818997835,Shkodër
M52116034T,Proximus,AL92153485297201219097040226,7996256193,Vlorë
K83017404E,Klaudi Kuka,AL95376226859563606459467195,3786101550,Vlorë
M66314701V,SI - AR SHPK,AL95058014411550739960124375,9688983252,Shkodër
L41931002I,SANDERS BALLET (kostums),AL62871126810640409848905226,5411810549,Tiranë
L82001005A,MSE,AL80737555449951091678364277,8633710229,Vlorë
J93610823R,MEDFAU,AL77860997928165856343952086,3627454653,Durrës
L58526601O,KUJTIM BALLA,AL65569167435731009161571447,7722729866,Vlorë
J94625209A,"""IGLI-SAND""",AL25947600514447314837415476,2201642400,Tiranë
L31804009R,NRB Engineering Studio,AL64340516129684746506161854,9469335747,Durrës
M01308013C,Engineering Consulting Group,AL94398845909940316335614053,8170284261,Durrës
L21621001I,EUROPRINTY  GROUP,AL26660867757233357237721316,7279261030,Durrës
M32330045Q,Iberlina Hadja,AL34799310995047777069452839,6075773494,Vlorë
M42411028E,AIREN,AL09444676176928809889206585,5724216940,Durrës
L82309028R,Star Trade Albania,AL87871812108100626221228549,4574387798,Durrës
K22218003V,ATLANTIK 3,AL91548233624622119815187733,6055037592,Vlorë
L91314023B,Samed Koni,AL98302713942592575847303174,5781017191,Vlorë
L58107001J,Argert Cenko,AL94667448909955451395327453,3645906558,Vlorë
K01421002H,MUCA,AL25818146224092728177701838,2595461928,Shkodër
L71821024L,TRONIX,AL30084711554021126783584040,3698164441,Shkodër
L57104903Q,2R-Group,AL76993550030602048065858674,2206137349,Durrës
L64214802E,Arben Harizaj,AL71901110963325343251551897,9383245041,Vlorë
K87914501G,BEGOGJI,AL32847896208052484141809268,4784600898,Tiranë
K63627001W,Ardian  Gjishti,AL53963086142240209815254077,2895642185,Tiranë
M43108001E,Klidi Droboniku,AL34661478825132287833807639,4219666828,Tiranë
L04413401N,Besnik Kërçuku,AL33494666323384996611798266,8876461178,Durrës
L64202404F,FATOS SADIKU,AL63948904687631908038222626,6784903713,Vlorë
M32422009G,ERMAL HOXHAJ,AL41459239981132395278404316,4595902358,Durrës
M33107602T,Dorina Gorici,AL71945540787607434238758184,8147813360,Vlorë
K49322502N,A & E,AL92106564381713000293668902,8073199362,Shkodër
M11619018P,HTS COMPANY,AL75340606698762755622038048,4331702492,Shkodër
J71315004T,VINIPHARMA,AL32466647309085950004768511,9350312117,Shkodër
M12212027P,Albanian Fiber Telecommunications,AL02270928630507290337273081,1135438989,Durrës
L61606040D,S&L STUDIO,AL65718093024122140210483617,4672819908,Durrës
L01720016F,TIRANA PAPER PROVIDER,AL56713888702234175083543340,5628403875,Vlorë
M11706022E,Klensi Guga,AL85367756967699376558993308,9842212999,Vlorë
K71509006M,QEND.PER ÇESHTJET E INFORMIMIT PUBLIK,AL22374963953370716751582918,3066309136,Durrës
M03407801G,"""DITURIA1""",AL66489186516301021824713158,4691437494,Tiranë
L17625001Q,Refie Lifo,AL94555144748618472780772344,9386319081,Durrës
K33810026R,GJELBERIMI,AL94600760667577557198597446,5971797717,Durrës
L91616027G,ALB-MATRIX GROUP,AL54074125728701751904094682,9321663066,Durrës
J61924002T,SHANSI INVEST,AL14211416152411364359845278,2878193212,Vlorë
K01719004W,VIDEO GRAFIC AGENCY (VGA),AL10742542407956749272247483,6935824952,Durrës
K92402036A,QENDRA E MONITORIMIT TE MJEDISIT,AL44011734531435675996998161,8113896466,Vlorë
K91712015L,SUPERIOR GROUP,AL63836708612040606733799623,2215167941,Tiranë
K48130527H,LEZHA KONSTRUKSION,AL74520440625309622073299458,3405358050,Shkodër
L72909202H,Agron Balukja,AL15457083259845568145705711,9407830844,Tiranë
M62717203D,Dallim Koçi,AL48591676421654038670457708,5410137825,Tiranë
L81918013I,Marsela Byberi,AL34501602821441489076776821,2649180834,Durrës
K97101002L,Ensar Bekteshi,AL05806941621403715922774762,3499190596,Vlorë
M01812020U,ADRIATIK OSMANI,AL55897537016249346793926097,1909505267,Durrës
L61524003R,Klodjan Shanaj,AL34660819453342964606116410,5683467141,Tiranë
L52407024V,Leonard Hala,AL27898273114217094336929996,5669985861,Tiranë
L82428011G,Blueprint Technologies,AL70560544707173529148302209,8845367427,Vlorë
L53302406V,Elton Lilaj,AL38871866824315527387372562,3184990824,Tiranë
L22319013O,2-MJ,AL61833467618486058778520968,4274585423,Tiranë
L72926601Q,VETEFARM-JUGU,AL88528875992371059812398940,4252973598,Vlorë
M56617402L,EAGLE SCP,AL25284864472489078424913962,2632173126,Vlorë
L83908002Q,Sotir Ilia,AL48716625272460908654373586,1371380459,Vlorë
L16404401T,Adrian Dema,AL00242589617878035132266068,7809502696,Vlorë
L91508503Q,LEKA COMMERCE,AL79731974550226445811589338,5218468724,Tiranë
M32520404G,Top Tools,AL24993492526027622795779251,4763371563,Shkodër
L92202031A,VERTIKUS,AL30547097582422992201910877,6997345189,Tiranë
M43709001E,Miledia Shaholli,AL51489003775544149559062403,5534230341,Durrës
L01306049O,DIVITECH,AL92253205657663887195420859,4662572785,Shkodër
L31730502D,GUSTOSO,AL34078086570987313494740735,7577870162,Shkodër
M31520504K,Manuela Joanidhi,AL78657622071080929607998213,9861501581,Vlorë
K82509006P,ARDMIR,AL44894523712127838429512319,9465355589,Tiranë
L91323019S,Eidon-Grup,AL86331775867936697288172243,9043311245,Shkodër
K62713404B,A G A -1,AL02458651075458455820945421,6054738033,Vlorë
L52108199U,Rufit Rama,AL72468021291777101807394448,4732267822,Shkodër
M11902021F,Erkla,AL80660190579267962893468577,3964017995,Shkodër
K61628006R,FIRDEUS SECURITY,AL52520409926365770826667163,6299820671,Durrës
M52317021A,AMATECH,AL36445560812703678623070191,4682379661,Tiranë
K86418203H,Heridjon Zahari,AL63253285839801727422260183,1142580094,Vlorë
M11721013L,3E-K CONSULTING,AL42788608814982638973359357,3802481365,Durrës
L81729016M,Aldo Shehu,AL40069898808468020474522504,1870260619,Shkodër
J61904061W,HOTEL DORO CITY,AL43669621165371761987619184,1190171443,Durrës
L51622005C,NOA CONTROL,AL07231153082004513306370083,6993069520,Durrës
K64004401H,EUGEN ISLAMI,AL77852524045310139491990062,7118283361,Tiranë
L82029503P,PRIAM NET,AL88495726976413751240497990,7081630311,Durrës
L51901006G,SCANDINAVIAN LIVING,AL06312648956436086201766008,3718664102,Tiranë
M02012011A,Lorenc Xhabafti,AL17722348478529669658192958,5649001483,Durrës
L37201601O,EGOIL,AL65972636422448671100164474,1225168907,Tiranë
K31525172T,ETLEVA  MAZREKU,AL38170136878424230790089064,2979861045,Shkodër
L08815301O,Leze Totaj,AL26215676484699448570813191,2235767132,Tiranë
L91329013A,Alb Auditing & Co,AL20216140943302838136038491,4519442444,Shkodër
L52020002V,BIOMEDICA ALBANIA DISTRIBUTION,AL51133590826970512559294266,9685091724,Vlorë
K36528217C,Luljeta Zanaj,AL62256355404214773512436750,8589808056,Shkodër
K68321219H,BESNIK  LEKA,AL26258593148568279119998259,5725968793,Vlorë
K46811001V,ALBAMEDIA,AL23790464863734294951718953,4372150979,Durrës
J61901033C,C.C.S.,AL05713465767094474785587767,8136719016,Durrës
L42921001V,Gentian Droboniku,AL75840850801712495972532587,8722213296,Durrës
J79602601O,VLLAZNIMI,AL64807446280549634204069090,6618674307,Vlorë
K16619001G,SABINA,AL30742445559906200697128651,3715401063,Shkodër
K66725002G,K.M. KONSTRUKSION,AL94091046694148026241177054,7272426413,Vlorë
L23109601T,WOODPECKER,AL19251602404593729972932413,5425992628,Durrës
K41531001K,D& C PARTNERS,AL78955962555641379671747677,4756320486,Shkodër
M22218506I,Marjus Dalipi,AL71223702411463949531759952,2402081490,Durrës
L51816017B,RIGELS KRAJA,AL41881282274852164462958760,1640118002,Vlorë
M56521401U,AEG-Consulting,AL95965510081623681512702523,1709094241,Vlorë
L01508005Q,Fation Tota,AL56407204165298393452616931,3688207663,Vlorë
K36310782O,Tomor Çemalli,AL30280822792970420988676018,8168945493,Vlorë
M22219015F,Bledar Saraçi,AL59469498000487730011913827,7874794122,Durrës
L13718404B,Mirela Kuka,AL97367939746590780568125618,8133629425,Durrës
L61809022D,Evalt Nozlli,AL52418331310637252295098324,5448366165,Tiranë
M22217040A,I.S.C. Inovative System Construction,AL19256113683237562638516084,5479652646,Shkodër
M17211205C,Marjola Haxhiraj,AL10317071108785500658506184,1380758255,Durrës
L74208602J,Kristi Çomo,AL01545888008800350429851228,1194962033,Vlorë
M32113053I,Sui Generis,AL86287000249899089694772741,7442009523,Shkodër
L62321004G,Studio Projektim Irgen SGT Group,AL79917274911658826793032021,6604523466,Tiranë
K32506634N,Zia Mahmutaj,AL14822736105487315736078267,2563266731,Durrës
M43822401E,Donika Çuko,AL83222562343403844634275053,1770425034,Tiranë
K54213401L,''MUÇA'',AL16528902013096027241800233,6958561255,Tiranë
L93303210A,ADVANCE COMPANY EL,AL13379262960044209692563658,6164803059,Shkodër
J67019018L,LAÇAJ,AL07466017528823157200273799,6152543998,Vlorë
J64103475Q,BASHKIMI/L,AL16153334422496007553556998,3437826819,Vlorë
M42113001E,VIENNA LIFE INSURANCE-VIENNA SIGURIM JETE,AL82184467037764341914729510,3510475832,Tiranë
L53518404A,AR&ED,AL65084558202663963920948897,9402443526,Tiranë
L46827004L,NDERTUESI 2014,AL78727651142631091958915668,2238621529,Shkodër
J96409033R,NDERTUESI 2000,AL69206760824078106582788063,9235392187,Vlorë
L29107401J,2AF,AL43173628649450695365218683,6265494996,Shkodër
L81515016F,AZ Trading,AL79670588592732889487834749,4551151956,Shkodër
J68007522L,JUNIK,AL57565133329134617002268814,6484033108,Durrës
K24010212N,EUROPETROL DURRES ALBANIA,AL67609466598663407125607167,5635032472,Tiranë
L44523003Q,ASPIS TEXTILE,AL58945960369226199534587465,3763704754,Tiranë
J84015104A,A.L.F.,AL59765329092889955085038322,3493748479,Tiranë
L82403029V,Klajd Ndoj,AL54650033479732325626342504,4664929008,Shkodër
M54809002S,Valentina Dino,AL75866422960292537840302310,3290635240,Durrës
K43803005H,Jorgo Pandazi,AL15786007729646072060019943,6627277813,Vlorë
L51808027O,ALAR FOOD & SERVICE,AL32424019341822487112152073,8375077800,Tiranë
L01402011E,Lefter Bizhga,AL63832304745389566898045754,6352145459,Vlorë
K92317014S,LAYO,AL74515302950816086838845376,4695632152,Tiranë
M13504003J,Dorjan Delibashi,AL46214397266975223889946012,7769407305,Shkodër
L99827401A,Blerina Avdylaj,AL06243173455161763314151817,2648049167,Durrës
L72216036Q,Gëzim Dapi,AL67608970536788901877246683,3806456429,Shkodër
K81314021G,TIRANA POOLS,AL02025805110562647596992336,1397746051,Vlorë
M39807401J,BRAMI 2012,AL41981464179838888256810962,4513392307,Vlorë
L47228701S,Ridjan Rexhepi,AL98652100435561117931926892,9130335169,Tiranë
M51511507O,BRIKA SHPK,AL48858967493799819125179234,2551737243,Shkodër
J91909004J,C L A S S I C,AL95700807973564909805699418,7966028104,Vlorë
L52117045P,Lirjan Elezi,AL00431240706315694948272014,8014180521,Tiranë
M41619043A,AMAR SMART SYSTEM,AL93477893667292781591882793,9458660221,Tiranë
M51310002C,MIA Group Albania,AL98526880791665796055275170,6536922853,Shkodër
K94503601J,MANOL & ILIR,AL32486437202213721399003181,6291807318,Tiranë
M63706602M,Besmira Niko,AL12598220265309397741265080,2774667428,Tiranë
L98722401P,Mariglen Bregu,AL43497353241257692165812481,9428449731,Shkodër
K56511202K,ALKET REFATLLARI,AL61903733215485512097245219,7831502847,Vlorë
L77316202L,Mariglen Manolaj,AL46227776830265279106467071,5249096575,Vlorë
K06429210O,GABA,AL39452508647643024493400436,1468032811,Tiranë
M02302028V,TIEN,AL50370607705490659721585553,5749369420,Shkodër
M29718101T,T&J Construction,AL82471270358157344864038437,2396626860,Shkodër
J77506312B,MARVELS''S Construction Group SHPK,AL35203893675819517934953613,6090303118,Shkodër
K13001010G,TOTILA,AL65398809563575539138401892,3154602144,Shkodër
M22602204V,Eleni Topi,AL00390313614104370094813622,7346699517,Tiranë
M51713014G,IMERI,AL21664277535102562635131670,6438445592,Vlorë
J61819002O,XHEKO shpk,AL77168598990380023657243998,5849146686,Tiranë
L82806205O,Tushe Toromani,AL78723979226490695104761696,1154064523,Vlorë
M31920010N,GLOTED,AL78745176031905392910446553,4544227249,Shkodër
L27627504M,Emirian Pacani,AL04408726116191640017932942,4297182977,Durrës
L42403012A,ARCHISPACE,AL97158414428011022822407806,7527386365,Vlorë
K69006212H,MARJETA MUKE,AL98696841615782827864531402,1787769644,Tiranë
K64108001G,MIKAEL-GRUP,AL97215909191204610145693513,2382549477,Tiranë
L61904024U,Ksantjana Agastra,AL02030382024660943917934589,7446918499,Shkodër
K41926003N,UNIVERS  REKLAMA,AL57558317553746097419549926,4655028634,Durrës
J71827001B,NO  LIMITS,AL25424766106563136954301365,5750027752,Tiranë
K11627002V,ERA  2000,AL02157100219266211840641173,2745965942,Tiranë
L81623023I,Aleksandër Qëndraj,AL95572612539000948588095528,2174291703,Tiranë
J67117044Q,ERXHEN,AL88254504406327829057237326,3566719579,Tiranë
K71903025A,OPTIMA COMMUNICATION,AL34726383470838311806627373,4916321980,Durrës
M44008802N,Kristaq Kali,AL80400177795145740851947728,2822178156,Shkodër
L17206005K,F-PALUSHAJ,AL15266071550154476678294963,2097302166,Vlorë
L43604601L,Ermal Meçi,AL61937769814555196836252954,8436169526,Vlorë
L22608602M,Ferdinant Kabuci,AL29835312839746808598804922,3949855658,Vlorë
M01606009T,Niko Hyka,AL34180122095416025954675383,8076612637,Tiranë
L36308201D,SALATAJ . GJ,AL04093269083104221173850403,3950938104,Tiranë
M21421010C,Emerlinda Gjana,AL11295716877793301407339055,9226139276,Shkodër
L51520014L,Blerta Topulli,AL63546237953099276952372681,3336135377,Durrës
J67209280K,JON ALB FLORA,AL13136386962564012480959641,4322156248,Vlorë
M56412208Q,MANGO EVENT,AL87216159739840889940333880,3743784321,Tiranë
M31826004T,Serxhio Shehu,AL20120127199302108176433332,8803098679,Shkodër
M63708003R,Marius Dajko,AL82841798011958153565089518,8771833136,Vlorë
M61314025P,Gazmend Prendi,AL77024724066559076419936109,1585616333,Shkodër
M21318047P,ILIR LILA,AL10336188791743620370894282,7442894114,Durrës
L52028039A,Artemis Subashi,AL62929746969989905616873492,5407413620,Vlorë
K72429004D,Beril Disha,AL18338177820819733680074402,8877526362,Tiranë
L53527001T,COOP ÇLIRIM,AL47844897666518735074827343,7643465807,Shkodër
M31421023L,VIVITECH ALBANIA,AL07494164014794975186719345,7224444360,Durrës
K31607124F,Violeta Pacani,AL55781869351387982315789345,2324363914,Shkodër
K32927202A,ANHEL,AL32215645669190054594860418,7999293028,Tiranë
M14801401N,Kevin Sota,AL38804842779908188247883098,9540197957,Tiranë
K61401020D,ADRIAN KOVACI,AL37494193214832458137474186,2489346090,Durrës
L53307433U,Ditri Hasani,AL92842132598399444418309191,3009815863,Durrës
K33919034K,Satber Lamellari,AL55848786167366666636187201,1311891718,Tiranë
J63229478K,J O G I,AL74325204955317403089887430,3477583860,Shkodër
L06503004Q,Sytki Llazani,AL46958491422876099640416702,3238014642,Shkodër
M31904013D,QuantX IT Solutions,AL46766512839572137651016997,1569759083,Durrës
L98819501J,STATENG,AL32959771028968091189138544,9800605013,Vlorë
M46615005A,LUFAPRINT,AL28909991383424442060809548,5631201806,Durrës
K71412003A,BE  -  IS   SH.P.K,AL49503321073349795895497333,5256352055,Vlorë
K82731805K,KIDA.,AL60065099000694820449341403,6874608973,Tiranë
L42612401O,VESA 2014,AL73830220653729327197239557,4776038827,Durrës
L61411511Q,Etleva Qendro,AL33474000176303244141098906,9917313669,Shkodër
J64104124G,KORSEL  SHPK,AL91801198291589276589142437,7737998936,Vlorë
K58615301M,"""GENER 2""",AL36452211314712181983611663,6089778680,Durrës
L81912032H,WATER BOUTIQUE,AL28645237111989332779299131,5413660091,Tiranë
L41702004L,Magrip Bana,AL51350946274521435531223727,6704374406,Tiranë
J91519001A,E V F A R M,AL76338957990465562566543178,4486100476,Tiranë
L42306022T,Dynamicx GROUP,AL66334467561327185130260572,4426821760,Tiranë
M63728001J,Go Albania Travel&Tours,AL44543197620693159439232183,5491404606,Vlorë
L41526451W,"SHOQATA ""ALBICT""",AL05991797415064074524116811,4513914970,Vlorë
K31406535K,ELIN HOXHA,AL99694018116428722722889471,1480418593,Shkodër
L12511404E,Redian Rexhepi,AL69616745426507202874440386,1692772991,Durrës
M24026001A,LIDER SHOP,AL84599855973588285344021641,5248386769,Vlorë
M42126503A,Klevis Muça,AL99400106977375305454795338,7130985924,Vlorë
J61825094I,ADRION,AL50741348639694887950302716,5989923133,Vlorë
L82326012B,Silvana Subashi,AL46757749309842259373567721,3461988928,Vlorë
K13127201O,LLIXHA 2001,AL18013202345195479058285080,6165134950,Shkodër
M52216504I,EDVIN SULA,AL31475064798967111769787651,9770954230,Vlorë
L04104001E,Petrit Hajdërlli,AL93124989206447916050852262,1136355137,Durrës
M04413001N,Andi Boço,AL70827118929828934209515787,7899704389,Durrës
L92705003C,Kreshnik Kurti,AL47906684324488567670465739,8182384646,Vlorë
L83104003D,Majlinda Ramaj,AL02967808723362257411840302,4460904836,Tiranë
M44225001C,Ediola Koki,AL16941468150504491251042600,8712930308,Vlorë
K92704003T,DASHNOR HOXHA,AL25641387381100303005574842,4447688807,Tiranë
M33506403A,ARED,AL59031751717956061457797061,8794649310,Durrës
L93409001A,Armel Ago,AL09380241491406455679780141,6372904196,Shkodër
K64521001O,SPIRO MIHAL KOTI,AL48598361009126116916599582,2513590727,Tiranë
K31915018E,A & A SECURITY SURVEY,AL75088302603262731297523493,2458610557,Shkodër
M26319801C,Arjol Ahmati,AL70791514401582810300359666,1205601183,Durrës
K73609801E,KAZAZI- MEAT sh.p.k,AL15745607794924743540871254,9800706633,Tiranë
M01730003C,CODELAND,AL23891388473296720063577156,7883975728,Durrës
L04820001N,DAISY  &  ETM,AL33105912021929633098709265,2339929625,Tiranë
L04328001P,PRINTPOINT,AL12077642662286432284596623,5666002229,Durrës
M01314054A,Lumturie Markja,AL44056823580470003132739118,6595318281,Tiranë
L81401501H,Tauland Troplini,AL82204222955453123218448829,5460431788,Shkodër
J82201002C,MASGLASS,AL99103261275789965678654833,4110648502,Vlorë
K38708412W,HAMZA HYSENBELLIU,AL07011775005875572131284472,5669901232,Vlorë
L13405401S,Barjam Abazaj,AL39911757361966182149409665,2288893797,Tiranë
L77821602G,"""AUTO- LB"" SHPK",AL25520109073300972583954840,7587918632,Vlorë
L11824002N,Gëzim Cara,AL81539727734231656931334896,4296679937,Shkodër
M12308501M,Luan Neza,AL83388776570080637437972892,7732019074,Vlorë
K42603202K,ARMAND TEROLLI,AL92280088187933369930440915,6993420972,Durrës
M31421005N,FIRE SYSTEM ALBANIA,AL90238357926829327347227819,6682259910,Durrës
L01807503L,Luan Spahija,AL17024620704661600272814453,6928460428,Tiranë
K31826026B,P O W E R,AL69874023290643768129834100,1314807894,Durrës
J64103131H,KOTTI,AL66666334758366611684088846,1552605995,Tiranë
L94217001M,ENDRI ORGOCKA,AL49057409848868671019465477,1665382245,Durrës
M51603025O,FIQIRI LILA,AL15616059679515392597183799,1280446849,Vlorë
L91413013P,Jonida Qafmolla,AL99209512666278056368877404,5210910394,Shkodër
J91516009D,MOSKETIER MOKET TIRANA,AL50840637799718048991705327,7500447126,Shkodër
M41911010P,BIG BOYS AUTO GARAGE,AL76387820601219856683745379,4708493113,Tiranë
J61904010C-OE,Drejtoria e Pergjithshme e Sherbimit te Transporti,AL80183512226619570398067181,6851112023,Shkodër
K31604092R,Shpëtim Pupla,AL26757738057739910510848763,1900945087,Durrës
J61814017N,AG - BER -EX,AL86285711993982353226498066,5869755610,Tiranë
M02104033P,Enkelejda Kolli,AL84467745983613539802115774,3040030143,Shkodër
L51330015R,IND-ER,AL83147231787818836080067890,9260198484,Vlorë
M52201022Q,Super Profesionisti,AL24279533662399370836689356,4003987770,Durrës
K32718419B,ROLAND KUMARAKU,AL59027543988269226178495486,5495302763,Tiranë
K71606006A,INSTITUTI DEKLIADA - ALB,AL38739815645951831289119152,6477291908,Tiranë
M31420052T,Colombo LTD,AL26395166596762866070359185,5035844875,Vlorë
J99016203O,EUROSTIL,AL10392105335304759001066726,9918907617,Durrës
K62112030M,AIDA BERHAMI,AL01574311871153144572777927,7480604710,Tiranë
K46526058R,DANI SECURITY,AL91735884842939907824973319,8169018576,Durrës
L66403006M,FERAMARK,AL43302621483763651425003540,1766161769,Tiranë
K32704221A,SHKELQIM  ZENELI,AL82749969431565232812343953,5599804708,Durrës
K33931077H,TURIZMI BEHAR KOCIBELLI,AL81349223690653166165459480,7476866769,Vlorë
M22126053D,ProBranding,AL30031203913345913107224448,4406945642,Tiranë
K87706601M,RESTAURIM GURRA-KACA,AL07767669597431356811608250,6965771287,Tiranë
M42203021R,UNICARE ALBANIA,AL98917621384256653339493333,6893619106,Shkodër
L97029002L,Armir Boriçi,AL23320001613404902028538985,7679430150,Durrës
L73119201E,Marsela Miraku,AL45757481684564467488713095,3311593267,Vlorë
K73617203B,Tomorr Panxhi,AL13077794687487843708689786,9137861401,Tiranë
M52721202O,Loreta Riska,AL20454814568289903620207260,2866013179,Tiranë
L53506205E,E-TECH,AL10990265698333151117535774,8585014935,Shkodër
M02122016A,Sandi Mata,AL11778098551676251589733703,1413009107,Shkodër
L91401018S,Media Graph Group,AL38104901715003659007328300,9898725765,Shkodër
L62121030M,Denada Beqiri,AL13049930638007665861851762,9006993319,Shkodër
L81316032J,Alfred Balliu,AL16192179788266955890834405,5473840020,Shkodër
K94016202U,KEGLI-DURI,AL07643323139558853583947197,8048597430,Durrës
M12410008F,GRELEK,AL28522197228770947160424804,6108634426,Shkodër
M12208014K,MOBILITY,AL65418482126562365333271604,9370778422,Vlorë
L13329801V,AGRO - KORANI,AL33787924440234237324020070,6796357955,Tiranë
L92708803T,VIONER,AL32729886267908882161199565,5551247631,Vlorë
K24725213C,MAKARESH,AL77571017378741835795873357,1410894335,Vlorë
M37002601O,DAMOS,AL41079983134832997152103002,6896303841,Shkodër
L42610208C,TUNAMAR,AL27973358641665148948007901,5082588423,Shkodër
L23224402B,HIDRO - SISTEM,AL03633447454660080585021033,8366444102,Vlorë
L03509401R,Erxhin Boriçi,AL58245835237819597109680188,2383040373,Durrës
M21503014Q,AMAR 17,AL31546254288122213636085746,2444624204,Tiranë
M42515406V,Bledar Bejdaj,AL83057889273827854431567062,9527068975,Vlorë
L72127031F,ECO HYDROGEN ALBANIA,AL12722651360934625993918430,1748782591,Vlorë
M11817028S,DeBORA’S Clean,AL05494378578488140770063008,5047128827,Durrës
L32405034Q,SOKOL RROKAJ,AL98960405459287443670911517,3887188247,Vlorë
L61312008O,Sanije Tarja,AL91865868543202824385390110,7578779547,Tiranë
M31614017H,Sulejman Vogli,AL00987643350990533359792843,9004588754,Tiranë
L51503032Q,INPLY,AL49619522853283502779151711,8841267929,Shkodër
L73711002B,Tomi Jorgji,AL75122321309821807109530650,5762044973,Shkodër
L21509009J,Edmond Ponari,AL75022935806885315856274326,9713522226,Tiranë
M53715205K,Lumnije Doku,AL99884100711811420654265595,8854595665,Tiranë
M01907027I,Ada Enesi,AL26174352475948589801975605,6143665707,Tiranë
L62130005H,ONYX,AL66958472469824060074177885,6098630582,Vlorë
K37506605K,"""SHERLI"" SHPK",AL15286776029690160036994737,2208448299,Shkodër
K58510112K,QORRI OIL,AL29780357176587759827593729,2603560155,Shkodër
M11312020G,Jetmir Disha,AL25472389144550822899271422,2371707405,Shkodër
M52307052B,PRIME GLOBAL SOLUTIONS,AL30825513118346848509278862,5602467750,Vlorë
K62721401R,3 - SH,AL36491755515429243456337655,3015102288,Tiranë
K33902013S,ARBEN QAFËZEZI,AL06557331092492173272089914,6690607177,Durrës
K92216018T,FALGEO,AL33667274070070539311991308,5536386397,Shkodër
M42706201A,Redian Meta,AL32754379174673209770912507,4680499545,Tiranë
M41427002U,Skerdilajd Llapi,AL57922007234075425757411704,3431775141,Tiranë
M21621042A,Drita Lybeshari,AL71614614720231865476630078,1374213855,Tiranë
K32721202K,MANJOLA SARJA,AL31586349714086274704514761,4897087943,Vlorë
M49016501O,AXH 2024,AL86979831659902563248971956,5402080571,Vlorë
L62813202A,Albert Trandafili,AL51737012216016668736288546,1702874146,Shkodër
K63629201V,Mirela Bërdufi,AL62000488766080772082564244,4557748877,Tiranë
L86322004V,Medical Distribution,AL33214916993173272548730217,4176703182,Shkodër
K11325002C,NDERTIMI shpk,AL18716806519048327251031544,8660977242,Durrës
M21313027A,G & M CONSTRUCTION 07,AL12789908712946062719240097,6858956384,Shkodër
J77304712J,GRAMA,AL63792957365308645601901976,7167767081,Tiranë
K04814853M,LALI,AL08432786453314323778893848,4403779865,Shkodër
L72429007F,Evolve Web Studio,AL36912482427204029864804400,2324370327,Shkodër
M04705801H,FRESH LINE,AL10744207532170951822716284,2718671227,Vlorë
M51714016E,VENUS CONSULTING,AL38510089555372705518164745,1088959629,Tiranë
L07805502F,CLIMACASA,AL43060716832242886312487945,6791596604,Tiranë
L58723301K,"""Vellezerit Tuci-OIL"" SHPK",AL04954179999372310501164961,3033146169,Durrës
L31626006F,NIGMA KONSTRUKSJON,AL04318307633131138188025147,3748031871,Tiranë
M41925020A,“R&A Kontruksion “ sh.p.k,AL71774447491455494130240429,5100700337,Tiranë
M51505021M,Kevi Hida,AL44444286647614889792996661,3546286681,Tiranë
L41602022G,Ador Tasho,AL07031695552338325730488759,2086998047,Vlorë
L42222024U,Bilbil Beqaraj,AL82322026789263263624007816,4854449964,Vlorë
L34603402D,Judmir Gjini,AL20835006468802214498052920,7473377067,Vlorë
J81921001V,BILLI AL,AL67262939313570027249116731,6290393249,Tiranë
L42018012R,DIGICom,AL33127495671485256971567022,8118424376,Durrës
K34001001L,JOSIF DELIU,AL35025243989325885554138869,8046126187,Shkodër
K94316001J,Altin Iljas,AL24484338610388102840560680,8543940032,Durrës
M04710002P,FASTNET ALBANIA,AL01889668906790756991444488,2297907184,Vlorë
L03114402P,M.F.M.,AL33156045420298620845995754,1316679334,Shkodër
M31607030A,Iceberg Decoration,AL83711896460325804788491816,2631140817,Shkodër
M12523201G,High tech supplies,AL89426990158062282198952773,9864091683,Vlorë
L81924003I,Elmira Aliaj,AL80991425816135414353494736,2597249348,Durrës
J91505006Q,ALCANI SHPK,AL81162962992649939605391010,8777282444,Durrës
L21507021S,Aurel Brozi,AL08970216307751936058524265,9749312205,Shkodër
K21711502V,KASTRATI ENERGY TRADE,AL21247527039934321765798170,9488313744,Shkodër
J61818010A,A BI ESSE,AL49297797949813861531123821,9889667675,Shkodër
K61422004L,LANDWAYS INTERNATIONAL,AL31817185182714291527548663,1472957298,Vlorë
K81811016Q,Gas Group,AL62205960491286101531003277,5110495211,Shkodër
K12222001B,NEPTUN,AL11697880968919539666673964,1555514384,Tiranë
L31626002T,ARFANET,AL73948703871294741519282001,2138249921,Shkodër
M61418057G,ASIS LCC TRAVEL,AL29824526239497301377437041,7093957483,Shkodër
M21627009L,Fatjon Dalipi,AL92245725909131026367662808,8010311901,Tiranë
L93403601F,E-NETWORK-AL,AL95822958581626359177359516,4348113180,Shkodër
M24716802D,Aldo Çela,AL76208293573724833080428445,2103840017,Vlorë
K02322002L,PETRAQ PECANI,AL19057681360474741548839841,5775043775,Vlorë
K81309019P,Artur Sulçe,AL67933167718690398696426531,3501686950,Durrës
K31517103H,SOKOL KASTRATI,AL50357812605257147732467728,7156553848,Vlorë
M51705010D,Gesmiana Llazi,AL98175441905969901133311553,2486499301,Durrës
K86419702L,Nexhat Mehmeti,AL10303326129912521391698733,9758642524,Durrës
M56907701D,Indrit Korumi,AL69793620474294111960545843,1784179985,Durrës
L91309043N,ALPHA STUDIO,AL67944884394945577181875087,3075894924,Shkodër
L11807013M,C.E.C GROUP,AL24349776777083119839588289,5902449539,Vlorë
L71417022J,KONEX,AL84007626342095913407928947,3317360088,Durrës
M61409036I,BLIN CONSTRUCTION,AL29048503617627332380979607,6264704062,Vlorë
L12510413V,RESULI - ER,AL39859424980680593631344295,6006146952,Durrës
M12702205I,Naim Vashaku,AL94044314037771915920306762,9196424048,Tiranë
J82816208R,IMAG,AL39972213470333569011203254,8596822292,Tiranë
L73431201E,MEPS-A,AL17390145043685953123746137,5083151659,Shkodër
L56306204T,Enton Lulo,AL29186911122327228233435849,3734757254,Durrës
L61423023A,FORSITEK,AL00774145344110689693753694,5533596241,Vlorë
K36526262K,ZIHNI MUÇAJ,AL62778765920346129440086334,8968001287,Durrës
L58231208Q,Bekim Halilaj,AL34432482424147665649626373,9825303919,Durrës
L11906006E,Alfred Toçila,AL55970473251563672456621433,4770074649,Shkodër
K31505518S,ORNELA MULLALIU,AL61162930281488176141182313,4230194214,Tiranë
J68310708M,STERKAJ,AL97839511986361833986015127,8608395309,Vlorë
K26529001I,JUBICA.,AL00200419194507754548943705,5203436494,Durrës
K72017027P,''TETRA'',AL74247345589365688391744568,8676930313,Shkodër
L87308201K,Sajmon Bedinaj,AL77322342329504543577570064,6545847143,Durrës
K31404135W,BIOCHEM  NRP,AL50953591168980521395279644,9639747574,Durrës
M18929501J,Avdul Gjoni,AL30748114069932610478305704,8407941749,Tiranë
M22527601F,Dritan Çumanaj,AL55178173987536625597816220,9666252694,Vlorë
L72216039R,KUADR.COM,AL86078855995726899155407703,8747301945,Shkodër
K37513530U,LINDA-80,AL02805019478368480935282011,6692188093,Tiranë
M41812019U,SMARTSEC,AL12031243429041548784367184,3955161808,Shkodër
L11312046V,M E T A N I,AL37278296505240715139119097,6836627590,Vlorë
M26619004K,Behar Puka,AL61846764455876340246301179,2427045322,Shkodër
L31518001O,TESLA VIZION,AL94733570496068811782177979,8772044600,Shkodër
J67902928O,ULZA,AL41429383463605314189333801,8272453230,Tiranë
L68705501C,Lisand Xhelili,AL61398018612677025597210515,7909400235,Vlorë
K26625601E,MELDI,AL38669971051932473144908211,7134298766,Durrës
M22121029F,Prisma,AL71604967083736579502304552,8407490440,Tiranë
M52320014I,VERTEX SOLUTION,AL57953647232747078105983946,7651119662,Shkodër
L61605043A,Smart Selling Network - S.S.N. ALBANIA,AL42436156866852703289399324,8616549374,Vlorë
M66624209A,Mali Travel & Tours,AL44958878642019842122870071,1341428488,Vlorë
J61901094G,R & T,AL61229221889951457403596059,3858700227,Tiranë
K71821013S,DM CONSULTING SERVICES ALBANIA,AL52926673015231452763571377,6279617865,Durrës
M31305506O,Renato Mema,AL58234668161900833714321347,8077810723,Tiranë
L82118024B,CIMI,AL63865089159688828185069818,6026618417,Shkodër
L37507702V,Shkelzime Cubaj,AL92533267871464125376265187,9907895198,Durrës
K37507738U,KUJTIM HOXHAJ,AL89068103112249818734481596,2844664495,Durrës
K16513001T,BLINISHTA,AL29727139309094221897257062,9014513044,Durrës
L52316021Q,Besnik Qoku,AL24022074822427861739363809,2935307652,Shkodër
K47103804L,VIANTE Konstruksion,AL33561805734014159376777088,6314324834,Shkodër
M12103015N,Water & Energy Solutions,AL31637471455849381499136039,5242262691,Shkodër
M37218005E,Hotel Mozart,AL31617375969873076208508842,6910521205,Tiranë
K87230005V,ITCOM,AL50539654274105302961992484,6693740080,Shkodër
L72303010H,B. F. - BULDING FACADES,AL86070309638027936021430201,2463132607,Tiranë
M22101036D,Start Moving Employment agency,AL67137186782257069601230793,1015494653,Tiranë
M24506601T,Uji Bishnica,AL31683459693791495464461789,9738273944,Vlorë
L66614202H,Bledar Zotaj,AL46149016571439517694935335,4300013398,Vlorë
M03504401Q,Adriatik Golemaj,AL64892530869232378106181334,6198759532,Durrës
M21517002R,Dean Anadolli,AL65998121581905393150613586,7490368379,Shkodër
M01718023C,Xhaferr Xeka,AL33828182799414647609212874,3472482191,Shkodër
K42109004G,MULTI MEDIA STUDIO NOSITI,AL51501208657665305792902804,2569587405,Vlorë
M41322022G,Helios Rrapaj,AL38723148022098305413918040,4847626121,Vlorë
L56712601P,Euro Market Freal,AL98737566775190626409733579,1200612282,Shkodër
K21702007J,G L O B I,AL13096187336599967476529016,8750117198,Tiranë
J62006006F,MONDIAL Shpk,AL62541408219644840641239812,2458125202,Tiranë
L81324038F,Tirana Euro Hotel,AL50536999555823382234712963,3213898046,Vlorë
L03321203G,Elite Travel Group,AL26415468837542539440396764,4169722233,Shkodër
K71523008G,KORABI 2007,AL75368740897182865141798699,1567918500,Shkodër
M61510028C,LUXOR AUTO,AL03280940903272600024660343,4058297907,Vlorë
K92318036H,Erjona Beqiraj,AL23874425815705593705266384,7059531577,Vlorë
L52230020G,DAS OIL,AL51935107160395318547964682,3395891212,Vlorë
L92314031R,DELTAREX,AL25123133026436190477448404,8881263045,Tiranë
K51408501P,MEKTRIN MOTORS,AL16277522082405253796841310,7043795933,Shkodër
J61922018S,FUSHA,AL46255152543409501029784233,6328308926,Shkodër
L51523001S,LIGUS,AL29852501597294681164011429,4292922290,Tiranë
M03821401S,"""Bala Konstruksion""",AL17705402354471082509799248,7475954262,Durrës
M43108402N,ANDREA KËRI,AL44844542368499125217822800,6996065214,Vlorë
J91907002G,F E F A,AL44962711339446464496004355,3755971193,Vlorë
K83520201V,EN-SAL,AL92993720214295223050576074,5421228944,Shkodër
K22006001I,ARK IT,AL40468532882784596699772732,4772385398,Vlorë
L04216402H,FABEN,AL66889804782875355255816028,6767216329,Vlorë
K83219801U,Besim Balliu,AL93723911017513857293947560,4889732920,Durrës
M08428602C,Interfibër,AL67792153360440689912459246,7139430014,Shkodër
K19303605O,TREZHNJEVA,AL98873077619764063001211301,1071152279,Tiranë
M42727204N,FIRE GUARD,AL84745172327653086590290375,4646958283,Durrës
L89431501M,AZM2018,AL20607799950892303382167972,9116137405,Shkodër
L22517004L,Juliana Çobo,AL52135947747867696122902650,1753119542,Shkodër
M14516402S,Migen Allkaj,AL84501236392308658748264465,7220541138,Durrës
J63229466K,2Z KONSTRUKSION,AL89528634766703527264507299,3298139622,Tiranë
M01426001D,Klajdi Qilimi,AL39021865832787029047868120,6945421008,Shkodër
M61409034P,DAJA GROUP,AL66748963695754930750277579,7825531720,Durrës
M28204502K,Arber Mandreja,AL36590897919997380718261004,3235142981,Tiranë
K12512848A,"""FREDI""",AL31236673878702719272129555,3546584638,Vlorë
L62109024A,Elton Leka,AL08386872112908488731552144,2454160256,Durrës
J94808405Q,SENKA,AL45668903891291480878016370,7130504948,Durrës
L21420002F,SI & CO COMPANY,AL65502629033192965908875316,4637563287,Shkodër
L08501201V,AMERIKA GRUP,AL02495487764544752638967196,7862190018,Shkodër
M32727402I,LUXURY CAR RENTAL,AL12354453576391035855303681,1969510141,Vlorë
M11718011D,Dorian Trimi,AL38790825268424571071284038,3326001020,Vlorë
L11424007S,NMC,AL80158938291405476391015917,3600075645,Tiranë
J63111646H,HALPA,AL77774305712528542975218045,1315297430,Vlorë
M66812003A,GLAMB,AL20228351758678053339949270,2661089251,Vlorë
L62414001T,Albi Çurri,AL60183704376025018075951662,5520534850,Durrës
L81603023A,GREEN EAGLE CONSULTING,AL27817412910752752684710033,9914599907,Vlorë
M21529044G,ALBAFIREworks,AL99424068825870098759462315,9280487336,Durrës
K91718022B,New Century,AL85746100264904325325273419,6766949445,Vlorë
K61628516I,ARTUR ABEDIN DAMINI,AL11195189558407360333549742,7115696223,Durrës
M22108021O,Elez Ceka,AL97910795451907487876508337,2617958800,Shkodër
M02215020T,VIVA O,AL99035300786144114232191582,1894497728,Durrës
L26310801C,"""METEO"".SH.p.k",AL61763310901047286835239347,8271014832,Durrës
K02727229P,ERGI,AL96957610951623855527537527,3584643770,Vlorë
K83714004J,Vasil Shumka,AL73729723353811068384270998,9100852844,Durrës
L34616002V,Agim Vilas,AL05478888462650766220078343,8842183705,Shkodër
M21324046O,Gega Company,AL09032625818454110304477807,8246033031,Shkodër
K58507710P,"""BAJRAMAJ PETROL"" SHPK",AL05522147779632541361224831,7666730008,Tiranë
L71407038O,Danjela Çakraj,AL06989974677344889813480781,6630461107,Vlorë
M53125601L,2AE  KONSTRUKSION,AL42025291732229330301765261,1663003104,Vlorë
M53812001A,Majlinda Gaçe,AL69698090284629028725058296,4696080480,Tiranë
M51614507J,ELSHIP,AL20862032016723937899196283,6851925389,Shkodër
L02116025O,Eldi Qafmolla,AL49418074632910435337701889,5357021674,Tiranë
M41612034L,KRISIKO,AL15012010554318846965688168,4447896975,Tiranë
K07014610W,SPARTAK S.A,AL85417992679962146268573890,7660451285,Shkodër
M21507509H,Emanuela Toto,AL55458080631020132470332522,4061929157,Tiranë
M21528035C,RUDINA RAMA,AL80258132046363591018593938,8288638459,Shkodër
K82215016U,M2M Albania,AL27156052741925686633198286,7743680843,Tiranë
K33904024U,HIDROTEK-KO,AL91949424532437237583790698,4888878958,Durrës
K21511002I,ALMedical,AL28048764836002433040675368,5465846982,Tiranë
K31528037R,ALBAS,AL42359212599236268577162870,1663916695,Durrës
M31312006T,Brian Bilçari,AL59342537618316251893071431,7121722737,Tiranë
L66308208Q,Shpresa Haxhiraj,AL30157166011108898335966785,6207641497,Vlorë
K64112206J,ALBUJI,AL77585323894353605246490383,9883345349,Tiranë
J66702708D,FAMA,AL99480070561119268829392159,1632418017,Shkodër
M47208701L,Melisa Spahiu,AL79742935694871164079096953,9659386105,Shkodër
J77304706L,SELAMI,AL26558584176302447308327442,5844389388,Durrës
L52125019U,Lulëzim Përllaku,AL34628379355737638083824187,1914359239,Durrës
L62204033A,Andi Pengu,AL65853778686796502121622847,6699206708,Shkodër
K77217701L,"SH.P.S.F ""SNAJPER SECURITY""",AL11667230266518509504105004,1726656873,Vlorë
J62904004G,BERO,AL71251873708390216408383798,5813802546,Shkodër
L61904011M,Joana Çobaj,AL94806928718642343472934415,8484438494,Tiranë
L41513008A,APIS CONSTRUCTION,AL33289110433359928799177971,7151485267,Durrës
M51327508E,Varaku A,AL56817970356788160136874026,1379883431,Shkodër
L88624101D,3 V - PASHO,AL58279572748351653199456126,4421117756,Vlorë
K02003001O,EURONDERTIMI  2000,AL17292051250282243942706402,7810244500,Durrës
L71427020U,BIO TRADE ALBANIA,AL80301735218680249851957378,6819471565,Shkodër
K81608040O,COTONI CENTER,AL36455293777296164692882242,7306307093,Tiranë
M51826015N,DTX,AL76155981597460494979182212,3952591425,Tiranë
J61924005U,O L S O N I,AL21975829726932935069026543,1394273339,Vlorë
M32315033K,ESI Projects,AL13609904315758678858396303,2004471003,Vlorë
L81325008M,Kastrijot Imeraj,AL83942866258107625121934255,4706787957,Tiranë
L88419502E,Hekuran Koka,AL41050572294386596877601577,6944229638,Tiranë
M31819005P,CANAJ LIFT,AL57965184817219787560332366,9279649430,Vlorë
J62903413B,MODESTE,AL53828799124218028429683249,8592378060,Shkodër
L84527003R,Mirela Matraku,AL99496930426646475211978648,9977317079,Shkodër
K98517504N,Fred Ndoj,AL15173089313884563504798322,9047797413,Tiranë
L61307015S,ONE EXPLORER,AL26131236896716596781583799,9681103046,Durrës
K36805204D,COMERCIR.,AL32650168649838916059855806,7926365935,Tiranë
M58624502K,3D GROUP,AL47779378922488570763699666,9920583093,Tiranë
M38506501A,Nuevo Deluxe,AL03963573948608190941215279,1877030820,Tiranë
L11313501L,TAKU TRAVEL & TOURS,AL67915104017239510480946543,2780752460,Durrës
M41919024C,Noor Engineering,AL79548177394226999178240651,2961637469,Vlorë
K71829801O,GECI,AL55275308732971157006153871,7662743348,Tiranë
M41429012O,IMPACT IMAGE STUDIOS,AL42098241366235574722928213,7722725577,Shkodër
L31714015Q,Ergys Bezhani,AL59896362574430112097850127,6270056048,Shkodër
M02012007R,Ideal Dragjoshi,AL30286792677896873095571474,6066799713,Durrës
K31511030O,ZBOGO Trans,AL64808772965244331724395298,8990150340,Shkodër
M34507001M,Florjan Dërsniku,AL11300035115141779971516346,4323798344,Durrës
L02619201K,PLANET -KB,AL22104604688598348754250843,9527665596,Shkodër
M32107014E,Jonida Muço,AL84776227006497232129925014,7272817282,Durrës
J61827043V,REAN 95,AL37962452181110216885846341,3638635267,Durrës
K37513520N,A l b G a r d e n,AL64869567114199132982701531,9095737707,Vlorë
M22121502L,PEAKY HOTEL,AL41483816621663498354840170,2520455323,Vlorë
L27701001P,Erjon Zhuli,AL61971380265213406429889333,8796930565,Durrës
5685435,Novita d.o.o.,AL79238495348068853933542351,2692865066,Vlorë
L31827001A,Leonard Lamaj,AL28910895843844532106485592,9467448471,Vlorë
L91713012Q,Astrit Gjinaj,AL68547834763721298183220211,6488424481,Durrës
K91817016B,ULYSSES ENTERPRISES,AL16912415622755075638060885,3135012382,Tiranë
L41320036L,KALIA shpk,AL02417756022043466313305391,4435333647,Shkodër
M41716022L,Ecosecurity Intelligent Systems,AL23093877363787480786490924,9986784868,Durrës
K72429007E,HYSI-2 F,AL36232716319330991217135994,4004273138,Tiranë
L12616601U,FIGALI MANDI,AL48455384578306189007791030,6539038854,Vlorë
M34713802M,Gori Kovaçi,AL65429511180981096990071884,4801005121,Durrës
L92511601A,GJIROKASTRA NET,AL25379128871021477434720761,4359658253,Shkodër
M02111501U,Arjan Bala,AL74972668092501874081026251,9700988425,Vlorë
L71703037S,Ergys Krisiko,AL99887217296353245632115266,1378897375,Shkodër
L61415511N,Hasan Zane,AL94591977297986531045543479,8572726781,Durrës
M31414501A,SOCIETAS SERVICES INTEGRATED,AL44559082345719805903495065,7997791643,Tiranë
J61825100L,DUDA,AL31999234081601601242118826,6273200472,Vlorë
L32228074P,START REKLAMA,AL03573177112079812240266740,5653847667,Shkodër
M41322509J,GJIKA GROUP,AL81768701225953749470445703,2023050915,Durrës
K31329048I,NDREGJONI,AL77575904706169216371787373,7682111471,Shkodër
L71515507M,PURA-MEDICAL,AL59580123269129361848058187,8605749592,Durrës
M27420004L,Dejvis Tafa,AL10246123544668998266687425,7180761589,Tiranë
L37127001N,Gazmend Bushati,AL07675835990195600617791305,9987300495,Vlorë
M22723402K,Besjana Likaj,AL53747785229554506156918774,1773434972,Durrës
K09111318O,ADOAL,AL95856774630165249845771249,4658635442,Tiranë
M23403404L,Elton Fejzulla,AL45164311263088766799231546,6272420298,Tiranë
J66703117R,KADIA,AL61904380687232349884554125,3031037487,Tiranë
J62903384G,BLERIMI,AL99028426663723931566297577,9320654731,Durrës
L81408033D,IbraLabs,AL05280799385047733608354347,1868766793,Durrës
M11825026T,Martil Lybeshari,AL40395063104166899327478648,2680191549,Tiranë
J81615501M,HERA & ANDA,AL01455335971298428830566949,5833424243,Shkodër
J72902830L,IDEA  -  TEL,AL10078496036677695312440634,8755119555,Vlorë
L02710204P,VELLEZERIT FERHATI,AL97941223259175174691215965,4886582249,Tiranë
K82701401L,Gramoz Nexhipi,AL49304638749297136382991761,3677069096,Shkodër
M34507003F,Olta Tërpollari,AL80893975141291591144429102,7807147322,Vlorë
L29604301D,"""Bertien"" shpk.",AL37270704709962736163532384,7010959882,Vlorë
L71325020H,INSIG JETE SH.A,AL90599403330953982178781145,4169660473,Tiranë
K21731001O,ELEKTRO - METAL .PP,AL78822917021416467553691076,1320220616,Durrës
M22427007O,Megi Çupi,AL57150805931636430399019804,8046483888,Durrës
J82916470R,MARIO,AL70684424319217105363023351,2500385789,Vlorë
L52102364K,Argert Kajtazi,AL51599757430478467215607434,1579171711,Durrës
L81620002R,Ervin Zenelaj,AL82813310081708294547242785,7626833306,Durrës
L51512009E,"ECCAT Environmental Consulting, Chemical Analysis",AL29605427643268606463446891,8048719500,Tiranë
L31617003F,A.SH. Engineering,AL21142187501734829952928483,7550279867,Durrës
M41731005E,TYRE MASTER,AL02674871350278154889972286,9312093895,Shkodër
L71306509A,NEW AGE,AL18308990433304027168968497,9236413833,Vlorë
M47113001O,Artur Drabeja,AL20329059251496598266418132,5080744394,Shkodër
M51615504N,Elementi,AL88254387083874647160797785,6250664366,Durrës
K32312501J,TEUTA PRINT,AL00429946523310390556933585,5545166629,Tiranë
K31608121J,Mobitel,AL86637012405830206722336338,9358649995,Durrës
M02123028F,ENRIK GJONI,AL92392889883552380047868115,1664721338,Durrës
K01816001J,DESARET  COMPANY,AL32529008584947972736612105,7215411808,Tiranë
M01323508C,QIRICI'S MARINE,AL01518718389231056591282342,8332218187,Vlorë
K93728201A,O.B.KONSTRUKSION,AL49388207064476646657100671,4029785209,Shkodër
M22225502L,ISAKU-ERDA,AL46953087362642008041637044,3282095682,Durrës
J63208420N,ALSTEZO,AL97480560775693249497168538,8732415930,Tiranë
L42605202V,SKY ELBASAN,AL05074777188517618606898810,8742870049,Tiranë
M21604022P,Egi Gjevori,AL09246132334617161830139247,7127861354,Durrës
M41625501P,Mel Group,AL86348358188521735050589857,9603081687,Tiranë
L01512019G,Edlira Sulaj,AL12947890328881657113371905,4257510696,Tiranë
M34723406B,Smart Industrial Solutions,AL02418978381654835453751460,2437269769,Tiranë
M02114010E,Central Pharma Group,AL50866961846848940780971765,2028742239,Shkodër
K63813001E,KORÇA GAS,AL22120880142178354307979838,7351948554,Tiranë
K31523078F,SERVIS - AUTO 2000,AL27117491724483349350600215,2916513480,Shkodër
J76705049N,ALB - KONSTRUKSION,AL60778599309680303713835429,8653503032,Shkodër
L52125110A,RAFIN COMPANY,AL46239247373597918573794452,2765150873,Vlorë
L97318202A,GUSTO DI LUSSO,AL97947546607511183437493966,8842215083,Shkodër
K76317905K,VELLEZERIT POGA,AL84724145805874467450374494,7830883297,Shkodër
M12731202O,Mahije Popa,AL31617493700461661873326625,4563948920,Tiranë
M41909029P,Drino Duka,AL32094780336965247563434167,3128118370,Durrës
M43408402A,Nysret Hazizaj,AL48944030432976632847508037,9459909758,Vlorë
M22101034K,Elionor Zogu,AL72073651393764756392587503,8661963797,Shkodër
M32303056L,Albanian Furniture Office sh.p.k,AL43141195343856554793371496,9502064467,Tiranë
M51330005L,Kristaq Ekonomi,AL58876120416497234070844067,3205091217,Shkodër
L32403017Q,SPRINT DISTRIBUTION,AL46755686821104806898019099,1528241095,Durrës
J77119021M,ROZAFAT SH,AL13242230684298427802812882,3779529569,Tiranë
L33709406U,ALPAK SOLUTIONS,AL45626002970085732155596971,7445866272,Vlorë
L94004003D,Kristina Shaka,AL11064499089097260732773178,4909908934,Vlorë
L33122201P,ERA TRAVEL 2013,AL13773927653728643103264156,9268957628,Durrës
J87602809S,NGRACAN 1934,AL53686416756194867223271715,7627011412,Durrës
L32622601G,FLADY PETROLEUM,AL88506605026464206511783955,5648960340,Shkodër
K62101004O,OLSI  PLASA,AL15315099788819208751367726,3383950934,Tiranë
L42607601B,Telo Taraj,AL83509343338082084900824125,3637389278,Tiranë
L54606203Q,Doris Doku,AL93796974999707227709689530,4390750456,Durrës
K41919004J,LA  BOHEME,AL64184772897863296485408036,8570944394,Vlorë
M51615505V,Forma Concept Group,AL58543449141044260740954656,3450943728,Vlorë
L97006701A,Majkëll Hoxha,AL71731775644374123781159267,2399794826,Tiranë
J97005712H,FARRUKU DIBER,AL90171255988958759133534978,3903109517,Vlorë
M02325002F,LACONICS,AL46214800835769184145040661,6813317509,Vlorë
K36503231E,Eurolab Internacional Grup Shpk.,AL28590800138709292668619390,3611142141,Shkodër
M12110017S,Elvin Zyla,AL79177970829776657918759940,4030848626,Tiranë
K36309769F,ZUNA,AL20267860741699724540533371,2289368187,Shkodër
K97223701U,ALTIN BULKU,AL39079199870137403888611907,8591165137,Vlorë
K31427035Q,Besnik Çera,AL96929565878497327087592917,7010561749,Durrës
M22112502M,Internship,AL32954272538361359418223839,4936032883,Shkodër
L32005501M,AMEL INVEST,AL88331347522121720650669777,6690322286,Vlorë
M23901202L,Ermi Konstruksion,AL40990772378364118002875611,5993516144,Vlorë
L71607033D,Tech - Inspect,AL63881121526811189766249302,7255176792,Durrës
L61311515A,UBI GROUP,AL46273113014997961658386709,5150255016,Vlorë
K82529403A,Q.SINAJ,AL15613622151810931514649766,5295364040,Tiranë
K41416033P,KRONOS KONSTRUKSION,AL23227944366054451791858110,9529103728,Vlorë
K31517064F,FATMIR PIRA,AL59208085522274107633809815,9235405917,Vlorë
K37811672A,PELLUMB NOGU,AL02534992195516813442622518,4316574188,Durrës
L36331601E,XHEA TRANS,AL03604787277464469902877646,1842792870,Tiranë
L82118039C,EDICO GROUP,AL70413140876705286085515322,4938101813,Tiranë
M14118002P,Ronaldo Sokoli,AL25350160935842867202727432,4262095263,Shkodër
K32513045E,FLORESHA MIMANI,AL57877444306646798324360240,9250064723,Durrës
L71611037J,ANTIGONE RENTALS,AL14247371969265274701741710,2327750091,Vlorë
K32606203J,LULZIM LAROSHI,AL49515681769595011585956207,9698465103,Tiranë
M51625036B,Dionis Beqiri,AL20895349516905575261529770,7207985562,Durrës
M31802032T,Amar Tools Albania,AL15673599369057228138665372,2128642480,Durrës
K31521059M,NO LIMIT  S  SHPK,AL69730658409270990979235479,8965730490,Durrës
J66926804L,INERTI,AL01174370342386381862815592,3202172089,Shkodër
L02927803T,KAPIDANI-2010,AL03710506770531127402108805,6357519190,Durrës
L92230027U,I.S.S (INTEGRATED SMART SOLUTIONS),AL10968937167554854380743473,4865361847,Durrës
L81919003G,ALBSET-EU,AL83943782938552111765994705,3399765694,Durrës
L21407003R,Rezarta Biba,AL15514348462943085152617162,2197591571,Shkodër
L34523401A,PETROL 06,AL88330641622971541080593646,3436501256,Vlorë
K77925234S,XHEM NEXHI,AL15692128412891590140563987,3149875448,Vlorë
L42215009L,PEPA GROUP,AL95472338404249324020971317,6862891814,Vlorë
L43918002Q,Klodjana Sulçe,AL78938118963482531562699946,5661839562,Vlorë
L54814001L,Gertian Bashllari,AL85830338661669260787440479,6037358952,Tiranë
M31330013A,MATILDA KONFEKSION,AL37002272997471834811699946,8880257393,Shkodër
L21811033B,A-T-D - ALBANIAN TECHNOLOGY DISTRIBUTION,AL80447494428447761987577240,5618045292,Shkodër
K63910203U,Qafshtama,AL78358063353565530353055895,5354933851,Tiranë
L77227205S,VLORA NEWS,AL57648365882852696142271891,3926635141,Tiranë
K72223007O,MC NETWORKING,AL07425251182274170436558500,8708863000,Durrës
K86322201I,KEM COLOR,AL77663014298648457353179403,6901012281,Durrës
L62212043B,Alban Sipri,AL91441160475394463392673334,4268352904,Vlorë
L32214064H,RAMOVI,AL47011182983026483169575259,8491048838,Vlorë
L51313012A,BEST CHOICE,AL04895088547383760064879174,8726050516,Durrës
K47003202C,KLODI - 1,AL50477478058498133468508338,8915935430,Shkodër
K22518401P,S I L A,AL11493399553882757466420964,5072919890,Durrës
L67321201E,Indrit Hodaj,AL49474707246505124653004984,4149042091,Durrës
M68705101C,Olgert Xhyra,AL65469408850819103480265846,5169752317,Tiranë
J66902026L,DEDVUKAJ,AL68362302759241202069038075,5230181008,Tiranë
L32002002V,Mirjan Niço,AL59501472399858493959485890,3528340829,Durrës
K42201801Q,SICRED,AL04303409320060063766069898,4025687548,Durrës
M02209004H,SKAITECH,AL51693366640201710250088257,8763746634,Tiranë
L62905004N,MSC,AL01896976083804613041254084,3581417268,Tiranë
K63604008J,P.T.N,AL87086602563858025752800313,5385353795,Shkodër
L11629005K,RADIO FREQUENCY & ADVANCE ENGINEERING,AL37320674389426638202756417,8634171428,Tiranë
K14229213G,ALBA STOJKU,AL03718979609781316651192950,6162499846,Durrës
L91609028C,TAG ALBANIA,AL97886262667329368231171311,3272190775,Durrës
M32727403Q,DECAGON,AL69641460608909208349956207,3672567478,Durrës
L74815005E,Dervish Myftaraj,AL27516867156599580918438152,9654781422,Tiranë
K81310021J,Dhimitër Vasi,AL90232260545393545362585273,9388835540,Shkodër
K36308403H,NAZIFE BICA,AL86623866232654789344979255,5039705836,Shkodër
L81426009F,AED SOLUTION,AL34160769579235024207206247,8194205067,Durrës
K53725821H,VANGJEL GJONI,AL73311299825321967292159795,5486330369,Durrës
M34320803U,Click.al,AL92244518544975421992282699,8973055012,Vlorë
L42325017J,Niman Myzyraj,AL12101402176280149292635324,6192289988,Durrës
K13909401G,NUSHI,AL51571202902185026765483989,6821276568,Vlorë
J68403912U,LURIMI,AL49907769090168908646342362,4144662877,Shkodër
K67908306C,LLESHI-06,AL03355055557716843514138949,9382632731,Durrës
M17417201G,MELIKA GROUP,AL65369273338248419083662312,1490699226,Durrës
M26704001G,BEHRI ARG,AL83736576852072149354784447,3965391152,Vlorë
K01730502W,LIQENI VII,AL75708881562806547504900719,7484581232,Vlorë
K81311015Q,Adrenaline,AL89863339400506065653051879,8008132326,Vlorë
L52125069J,Ilia Xhaferri,AL82757229492341411136319164,8144221612,Tiranë
L71710002P,GENTIAN KADIU,AL10130102127195211715048852,2884407064,Durrës
M01809026H,I&V Company,AL61916666416228153196483307,8565594463,Tiranë
K63113202D,PAOLA,AL39924513771527665307840519,7924666567,Vlorë
L71907025V,NO-AR MEDICAL,AL84943933555649873107164780,9285633216,Durrës
L72003016A,EURO DISTRIBUTION & DELIVERY,AL77808001717266392060259765,1191174702,Durrës
K27113508E,TOTO-VRION,AL11620165575856351298436707,1402817006,Durrës
L96323901L,shqiponjaisp.al,AL63946542431720863713344433,4305489702,Tiranë
M31806007M,Florian Xhelili,AL68925307018855757190780224,5568175820,Shkodër
K51325001V,LOG IN ALBANIA,AL08745190171025389455242954,1723149930,Tiranë
L81317045A,STUDIO TARTARI,AL36961055051690277594649418,7189642399,Durrës
M56527001D,Rebani Gemi,AL22003716666836869847490982,6656309302,Tiranë
L53308609S,Ledjon Ciko,AL36534056930189749723917063,1451663064,Tiranë
K17710805A,GLAVENICA,AL99231585799324047188339873,7478009304,Durrës
L02222010A,LEXALKO,AL20034103826768211455816361,6058807041,Durrës
L89619601K,IH-NETWORK,AL97436477936412021110594565,8383076446,Tiranë
M24424001B,Nikolin Karapanxho,AL21667625816629185143476177,9265117692,Tiranë
M37728501V,Antoneta Çuku,AL22064838503357181939029135,7329593075,Tiranë
M22018009T,ALPHATECHS,AL44698064422795221577698290,6092243146,Tiranë
K32618815N,BIBA-X,AL38757116420473519834615254,4356608969,Durrës
K92005016L,4 A-M,AL72065736098331908192402953,9376614977,Durrës
J61820031J,GSA,AL38525336356998744079695184,4953049675,Vlorë
J91524502R,ALBITAL - CANON,AL46341275392509882443060914,2922257479,Shkodër
L62405005G,INFOTEAM SRL,AL18564050455739464358406378,7586195958,Durrës
M42012016U,David Hoxhalli,AL69879787438951827284377209,6947499000,Tiranë
M21827006Q,Flogert Metaj,AL94665295916118100310524164,4388781660,Shkodër
J66703076W,"""KARL GEGA KONSTRUKSION""",AL38380648099465656499702319,7969233172,Shkodër
J66902042Q,S.M.O.UNION,AL27660550976394095561048929,3517385248,Shkodër
K71813010A,.. te Birra STELA,AL79582816347485526274550797,6626543164,Tiranë
L72121021O,IT STORE,AL64850858021246347481785209,2711665896,Tiranë
L72230026K,A.K.M ALBANIAN INVESTMENT GROUP,AL12248311809000908074267412,6539525129,Durrës
K32801212M,Alfred Braho,AL65742696129767291923649885,3898592343,Shkodër
M61902007V,NOVENTRA,AL53274283723447301090960374,5196707842,Durrës
M02407007E,Electrotech and light,AL26761362792377245871196815,4142567009,Tiranë
L31310007Q,GOLDEN TRAVEL,AL32115237486979763643082377,8063415899,Shkodër
K71925022R,KEMINET,AL94012546777803814788809472,5594366187,Shkodër
K41425042N,O F F I C E CENTER,AL05950522533167840297582068,1240574371,Vlorë
K31601059H,KLIK EKSPO GROUP & TIRANA INTERNATIONAL FAIR,AL70892894749012106557824605,6993096560,Durrës
L74630001S,TOME GAZ,AL33751637420266839732574174,2723612597,Vlorë
L81501042Q,Rudolf Mëneri,AL51765011920272708587169415,2408082163,Vlorë
M52410037A,T-SOLUTIONS,AL63275923943815381311254488,1800563673,Vlorë
L87210204S,Mevlan Xhakaj,AL06116733088179841533650691,5667406483,Shkodër
L67508702G,MALESIA TRAVEL,AL09790680911298450807380267,1697140838,Durrës
K23711001K,""" VASO - SECURITY """,AL66453562027858475026672193,8954462079,Shkodër
M52626205O,B.S.B INVEST,AL87202597467615863570150475,1671926420,Durrës
J93112212H,ELB NDERTUESI,AL96840382867995611910004018,5651374612,Tiranë
J78716317H,DRINI-1,AL23417705356367815493273159,2430735982,Durrës
M11704003L,ENERCOM,AL42604185666686134948738441,7851535804,Tiranë
K71420003R,LA - OR,AL87424151714267329883072271,3173162085,Durrës
L62205052L,PRIMA ENERGY,AL66656341539906034280897926,2957959368,Shkodër
K77623501S,"""PJETRAJ GRUP""",AL30513907215368776249556515,7595722463,Shkodër
L67909101C,Fatjon Hysa,AL22036148809868546807386058,2065634876,Shkodër
K36504231J,F.P.M,AL96889650169881466492846435,7734282762,Tiranë
M27707201M,GP2 PETROL,AL03276118686438944391189252,6380717719,Shkodër
M52223043K,OMAX GROUP Sh.p.k,AL59534680751358846569081941,8921918400,Vlorë
M39230601D,NORD INVEST,AL49815665221459146406172616,7873314307,Tiranë
L91309008C,Rezarta Gjyla,AL24425357726757405945684366,6422086970,Shkodër
M52803203E,Adem Bedalli,AL23818268862376259055821438,4228928619,Shkodër
K91715006E,EXIMOIL,AL00567115084575023150181048,4571697922,Shkodër
L41428002B,PROMPT ADRIATIC,AL92128384479723159329023998,1866975568,Shkodër
M16809205I,Arbër Linatopi,AL83159741701710957786751745,8410986611,Shkodër
M31416006T,ATOPI,AL51425049244898547063464214,8768475531,Tiranë
K61517038T,EUROFORM,AL62752401308933737050774862,5025563810,Vlorë
K52602003C,KAJO SHPK,AL67103043669047286415033008,3941364154,Durrës
L41723017J,Leo-FM Company,AL58414616394578030044769251,1943612041,Shkodër
K52214509N,VRANA SECURITY GROUP,AL50377769949607282487194500,1345728092,Durrës
J64228811C,KALIVIOTI,AL07555949276211616671124040,4502693376,Vlorë
M07006501C,EDI MOTORS,AL47109467208658407831800827,8526793927,Vlorë
L82307007I,SHAHAJ GROUP,AL47199259319114428096240979,9329934011,Shkodër
L56729201H,TE M.E.S.A OIL,AL56359835336469141003073296,3050204035,Shkodër
L01306513V,PC Security,AL61592705194991564648648623,4610878479,Vlorë
J72027001C,TIRKA 2000,AL57237747847252638930799200,2303327919,Durrës
K48021210Q,"""DENOLT""",AL13089150028771253755595740,8701266931,Shkodër
J97005705B,DODA-R,AL59999314216101469652361079,9319900329,Shkodër
M11829034H,Aurum Print,AL70302989423195034782787231,4079548743,Durrës
M41716029V,Adri Levendi,AL09620311705751219691337084,8755282228,Shkodër
K94431401T,LALA COMPANY,AL84836914052092712073951786,8420155876,Tiranë
M22106016O,Enkel Ramaj,AL27710521429809211349360845,6671975658,Durrës
K83725201G,A.M.E 2020,AL38196143098513745818929376,1607796315,Vlorë
K31517010H,"""Agjensia e Abonimit te Shtypit""",AL80004574916455678301617099,9115606699,Durrës
J61905050M,EUROTEOREMA  PEQIN,AL86233960184595483908142747,4116918725,Vlorë
L53303228V,Erion Sina,AL32895920884883168542273563,6792781411,Durrës
L38109801T,GRAND KONSTRUKSION M,AL75060372869541868223482214,1772785993,Durrës
K36608210K,SHKELQIM LEVENDI,AL44995980530656284222182741,7924907364,Shkodër
L76316202J,ANDI MITA,AL30778080077373138576661011,4907296412,Durrës
L52209050O,B93 II,AL84761327358392014033314275,4819195718,Vlorë
L41513509P,EWIS COMPANY,AL17947601632559904734679145,4795887141,Tiranë
K32522625C,ERJALBA,AL39095233987008312662583129,3258278299,Durrës
L92218013N,Eva Zoto,AL81186957503994823700205761,5250710455,Durrës
K41315003J,ALBAFIRE,AL51943637484659847286387192,4916017318,Tiranë
K82430006C,IMES-D,AL05454518621958422057101455,9808329646,Shkodër
M27811503A,NetCom ISP,AL34729147191236353342542444,6012695724,Vlorë
M57403204K,M&G VISION,AL47622335298662501509768480,2047635575,Tiranë
L31902011A,Mirjana Deshiku,AL77312429843110387043756033,1664979756,Shkodër
M16627702G,Marjeta Osmani,AL17353314751276959781331507,4024174799,Tiranë
M01722017B,VIKTOR KOLA,AL34811377862646597984323138,1500608131,Tiranë
L41504010N,PRONTO GAZ,AL18531021692096376713565234,8479099616,Vlorë
M01726015F,MEDIA INTELLIGENCE,AL67456670957044284845566827,4719661942,Shkodër
L12121023B,KREATX,AL47507755546128801198566899,4061175179,Tiranë
L81618008J,ANBIM,AL84089868955369983730839565,1999986380,Durrës
L16318701M,Engjulla Uka,AL16987102713315214420088626,8629804294,Vlorë
L57109401S,Astrit Murra,AL14970841049645204192243609,8958623779,Tiranë
M22231012S,Arsida Murra,AL04506818492064688103195057,9546331461,Vlorë
M02011008U,PEPOSHI-2016,AL60877984680136832130584480,1960571929,Shkodër
J62903470T,VASAA,AL50476072134256023626706320,7890590877,Tiranë
K61625001I,ED KONSTRUKSION,AL01828154923431157147918350,3118888797,Durrës
L58310206N,Armen Halilaj,AL81227541384902161405174616,2306588678,Shkodër
L01305031H,ARLO Travel-Blu Tour Operator,AL27819853225145603188999390,3265617596,Tiranë
K72316010C,UNITEC-STUDIO,AL77140971732624831518745067,7495416583,Durrës
L12212026G,ZENITH TRAVEL,AL53683717773790933115777704,3554050551,Vlorë
J72603129H,KOLOSEU,AL20445192650263377844653398,1731570849,Shkodër
K72417006F,SUPPORT - 07 SH.P.K,AL02071360976525853258465413,3748360733,Shkodër
L94212002S,KLIMA SERVIS,AL56803457368356874110442460,7118868589,Tiranë
K14610001D,ERNISA - S,AL57312629149702097244815783,6268885752,Durrës
J64103601Q,AL - Dok,AL92345114041040651726973433,7183819549,Vlorë
L63302801G,Brahimaj Tours,AL25670853753999092364861103,4108343211,Durrës
L11801011M,PRONATYRA TREG,AL05480260560595170891287568,6109664274,Durrës
K31805022C,YLLI HIDRI,AL85883762595613033145535514,7479669671,Shkodër
L61628029K,ÇUNAT TONE,AL28481826047632293605658626,1398880091,Shkodër
J94416206R,BAMI HOLDING,AL44967811404591920822051642,8308919501,Vlorë
L53728001H,EURO MARKET,AL60929694736117024659727788,6697206999,Durrës
L13727001V,Ornel Manoku,AL39287637858584809699462911,3278954486,Durrës
M16906001V,Anilë Medha,AL98283498368528385785330426,9192178326,Tiranë
M56830202B,FRIS CONSTRUCTION,AL72782946768057048303504696,6977498937,Tiranë
M43520402Q,Brisilda Gega,AL83043493288718087410024361,2387429447,Durrës
L93724601E,GËSHTENJAS TRANS,AL09431220411008768434412443,5135432046,Tiranë
L82020015J,GENERAL PLUS,AL24339874811791409387199698,6117900149,Shkodër
M66614602J,GJERGJEFI ENTERPRISE,AL14507608410234567437194610,7591975575,Tiranë
K61610003S,KADRI HALDEDA,AL96451189887800802452837709,6429018960,Vlorë
K93016802I,Ardiana Gjini,AL09042201160520089652846743,7485436388,Durrës
M07508201J,AUTOSERVIS BASHA,AL63350157337107406936774015,1269656781,Tiranë
M31910020Q,SoftExpres,AL38782860529449368543284340,8177027380,Tiranë
K36529206P,Kastriot Likaj,AL88041021959253550621960105,7029860292,Tiranë
M47009701K,Unique Awards,AL21817283359443396984812410,9447185034,Durrës
M27526001U,Orelg Gjoni,AL59626057429227221719119577,5815684999,Durrës
M04619001D,2H-Construction,AL98069457226967008703265071,6586036083,Vlorë
K14019001H,''2 AT'',AL94257402539863179602515144,2832321962,Vlorë
L81704016C,Emiljano Dervishi,AL24804934114525058759807704,2262723230,Vlorë
M01418021A,GENTIAN ELEZI,AL20506875677691468130333057,6448971477,Durrës
M41611008R,Myrvete Ferhati,AL64973451321288566625805106,5088719629,Durrës
K73029205N,PETRIT QOSJA,AL53512350828635238940465615,3373403399,Shkodër
J61824056O,MER-COM,AL53461921493514205579785907,7553074665,Tiranë
L26804206O,GSM KLIMAIRE,AL12062605234037324281473994,4256760851,Shkodër
M42413052K,AronTech24,AL56343293906800331558374794,3441704031,Shkodër
M38315502A,Marjo Lushaj,AL86586907403604628866294037,6278247589,Vlorë
J78423806C,NERI,AL32847655957245096149520482,7794054935,Shkodër
K92006501A,ERISONI COMPANY,AL97617527968583063050542543,7139802674,Tiranë
M58402901C,Asllan Ruçi,AL98134590964370188493312219,3937758131,Durrës
K81422017V,SULA AL TRANS,AL84252838744705778748110732,7189528954,Durrës
L72511402R,Enkela Gjika,AL96518380770705936154081068,4208580888,Tiranë
K83410201O,BAHITI-G,AL78533510645742055508930864,1293185543,Tiranë
M32118003V,Migjen Zebi,AL01960771918344281639484763,2495058948,Shkodër
M51616018E,FLOTEX MOBILITY,AL63777878990789299637135846,9066894849,Shkodër
M31317014M,Sara Kasmi,AL24360297867444039731268324,5242430249,Tiranë
K31528567W,GENTIAN XHUMRRA,AL34587952023454386051725090,5635320010,Tiranë
L88419801O,Caushi M,AL84841214653352738219002158,3948907463,Tiranë
J61813041E,VITAL Z & D,AL73310948955872980602662504,9367245466,Shkodër
K87423701C,DIFEKU,AL34988546711451051139048087,1898127017,Tiranë
K36310622M,AGIM MENKULAZI,AL39808965652003782309150887,5171722282,Shkodër
L41306076P,Erdit Kalemi,AL81849404886875920977356623,6548289895,Durrës
J61827087M,BEN IMPEX & CO,AL23328051464450930332613026,7909402675,Vlorë
M11501503U,Tea Myzyri,AL22358296533795052751299353,3974906451,Shkodër
M01412004D,ALBSTRUKTUR,AL21795437036136327922229783,2286509687,Shkodër
K91712011C,Mikel Xhani,AL21631363941823345562949038,3244596156,Tiranë
L24204003C,Artan Ameda,AL86429844707774496745318556,8694785442,Vlorë
M07214203A,VELLEZERIT AGALLIU 20,AL87917140434831182368073511,4012836962,Vlorë
L12513801O,Mersin Karaboja,AL35482562153925435726896189,7285641272,Tiranë
K91517011V,BOLT,AL61701620134754974973407611,3900647448,Tiranë
M53315204N,EdilPro Construction,AL79455660538935201831264148,9759061030,Durrës
J91607001M,A. GJOKA,AL25889070727306313124432852,1071823662,Durrës
L32203009T,MOTO-MANIA,AL91252975393996659592410293,3498992546,Vlorë
M51424021M,DEA OFFICE,AL14783554394745512696696838,4303615981,Shkodër
M22322020N,Endri Kurti,AL78521819522058755285898973,7199529491,Tiranë
K31610057N,Shkelqim Pelinku,AL56211617076225587509482367,6134152981,Tiranë
L52206020B,Florenc Baboçi,AL85565139242477196676869685,5637068831,Tiranë
M61608050V,VNR GROUP,AL47734516476153663613750428,4313822389,Shkodër
L87605501A,Gjovalin Ndokaj,AL53718223922219651039583122,2731215523,Shkodër
K59723504B,"""MARMO-GRANIT"" SHPK",AL64677053362260374224706726,7349838451,Durrës
L61530001I,ITE Engineering,AL76041646802590871850035706,4473292450,Durrës
K91628001D,INFRATECH,AL24251792675396328787179077,4628607434,Durrës
L97522901O,EA ENGINEERING,AL40375373350572508774573333,9158790276,Tiranë
L41517001K,KP TRADING & DISTRIBUTION,AL20373012289409781119786330,4762160881,Tiranë
K51423801Q,SIGAL  LIFE   Insurance  Group,AL58179812646618169044480709,7727504442,Shkodër
K07924803N,Shendelli,AL11233118683817259075397898,4510816522,Shkodër
K11828002J,AIMA,AL31275062000263830126591157,2625331667,Durrës
K52207006Q,Axians Albania,AL64108304226668472663996116,7427021287,Shkodër
K62805404K,GANT CONSTRUCTION,AL55114264659336512801798727,3955343030,Durrës
M61402506F,Fatmir Prenga,AL36868256375270714773608285,7920947716,Durrës
L17301204P,Enkeleda Mahilaj,AL36061277111123570406990778,2200087946,Durrës
K81408035S,Dashnor Kullolli,AL03288270399360820586420003,6282806891,Vlorë
M22422501R,MIRANDA DOMI,AL71437370996872180601370024,7789713281,Durrës
K92311013D,ALBANIA CAR RENTALS,AL88276681850303160084079335,4401341699,Tiranë
L21619022U,Rifat Meta,AL27314941287027348766218064,6214389231,Tiranë
M48123101D,Elios Dollani,AL82263335771459585550499148,5988905635,Shkodër
L71507007L,Elidon Bendo,AL86782931259160586996041719,9230478590,Shkodër
K42317002N,Agron   Meta,AL80592315003708698777062199,9747512072,Shkodër
K31420012M,Abi's,AL09110782828458445249629797,1816153174,Tiranë
L61418501V,Mine Lloshi,AL44107776356741586786467423,1785887492,Durrës
L03425410B,DEHA 2010,AL64137982594255239984823167,9035658673,Tiranë
K71828007J,"INSTITUTI I KONSULENCES NE NDERTIM ""IKN""",AL79559155212767886011410692,9206381018,Tiranë
L56322701N,Altin Reçi,AL93454758472562528643779732,1222750012,Tiranë
L77419701F,Fatjona Osmani,AL49371641392933009470155764,6446703731,Vlorë
L91404021H,GMK Auditing,AL88985055947019095782405266,3579320277,Durrës
L13609801A,Fatbardha Biturku,AL70942295454211067463782676,4576088394,Vlorë
K16501202C,BENA - GAS,AL01563948498196730323462715,7296010801,Durrës
M16809801M,"""GUESS""",AL36481709409297863474950040,8584318715,Durrës
K31510059D,SORI-AL,AL85899043250229964661279928,6090492558,Tiranë
L71719018A,RIMMED,AL61530387273495795426895259,4952695393,Tiranë
L32307016C,Ols Abazi,AL73429498535248675556202798,5257586808,Durrës
L51423008C,Oltion Belishaku,AL84590705179596033997507428,3973134131,Tiranë
M36603702D,Albert Loshi,AL86190754437885944286513357,7075361186,Vlorë
L91315035G,KASTRATI RESIDENCES,AL12353724225236676994508591,2570270323,Durrës
M43118201U,Andi Agalliu,AL22666311718361899092596829,8895460532,Tiranë
L91311047J,ZETAKONSULT,AL48028931187603256825016534,1569156694,Shkodër
K53821602S,EDIFAT,AL13585018187155111909633942,6424129602,Vlorë
K87727802A,Feride Fejzaj,AL29093044185094814640865148,9445770326,Durrës
L38122101T,Ervin Sadiku,AL34039896780309586669846515,8026713056,Shkodër
L37326401P,REJ.ON.OIL,AL71934657467578959451045462,2626881254,Tiranë
L11328009F,SOFT & SOLUTION,AL38046933292687553577127449,9050857870,Vlorë
L91619016G,EB CONSTRUCTION,AL94827295790350061467900070,8405187767,Durrës
L19006001A,Anton Nikolli,AL86956493251653045500728138,9096055154,Tiranë
M42104020L,SHORTY,AL12654557494864250353059437,5323898667,Tiranë
K87001901H,Dritan Koka,AL73262766739840040944595754,7143016195,Durrës
L01614030H,G.S.E. Security,AL91861587260140513581341143,3484116881,Vlorë
L82009013H,Megi Hajdari,AL18309598681610800439601878,9584776018,Durrës
L51622027J,GUARD & PROTECT RICA,AL18113851859631818745408785,6508820530,Shkodër
L32223026R,Erion Lapi,AL94483028324496708302607181,7761523127,Tiranë
L87708801M,EB-2000,AL40032772284666970422288254,5133104473,Shkodër
L32211009N,DDAir Group,AL44491133495221027869267921,6662171327,Shkodër
K71630041Q,POWATEC - AL,AL51136955768326179675325983,1011724656,Tiranë
M23517203S,GP,AL15802902073701100285718957,3018117050,Shkodër
L07308203S,RAIMONDA CENO,AL13038788595642798738942629,5682846616,Shkodër
J67125754N,MEBA 96,AL10014231790784586230838351,6674363359,Vlorë
M21912016U,Avni Tarba,AL36266878938409115646858655,4235135655,Shkodër
K12511603H,KLEIDI,AL76160532613113669338157483,2020552442,Vlorë
K82230002K,ERAL  CONSTRUCTION  COMPANY,AL55349478125787999689256377,8976608231,Shkodër
L41923504O,HOTEL VILA BELVEDERE 2014,AL95437569751174077924672263,3681523676,Tiranë
L77113205O,Elona Toçaj,AL67928952568493776670494197,6178650018,Vlorë
L32507204U,Klodian Çilaj,AL81455302890999231613543225,3598787926,Tiranë
L92719402T,Florian Kita,AL22420385296602360292818326,8811616825,Vlorë
J98624801V,BEQIRI,AL73909488814025620353966096,5414882485,Vlorë
M51511503F,Stela Përfundi,AL58736164288060495120782257,5964272346,Shkodër
M16328902O,Hasije Gradica,AL60092521841344746892666719,3826023554,Durrës
K76605201A,UNITED   COLORS,AL26949770349858218743017680,2463614463,Shkodër
M06727202B,SEELLSS,AL93374758251394720624750642,9051731603,Tiranë
L11606503B,Margarita Kodra,AL08231046948945470941250785,9456704332,Vlorë
K37508981Q,VANI,AL44240528126066557588295386,5429246019,Tiranë
L27231201B,ALBANIA BUS ITALIA,AL57802708673621119085765905,2765235365,Shkodër
J61912013U,IVA ELEKTRONIK,AL27650244554767309827371356,6510427581,Durrës
M33120401S,Green Solutions,AL38175678348589781755922101,3398171600,Vlorë
K32514943B,SHERBET MURRANI,AL97196437474670172730499467,7281852577,Shkodër
K32528408H,B O L V - O I L SHA,AL75076434311350702912902535,4766382342,Shkodër
L52027085V,Përparim Rustemi,AL33501747823660524819371786,1660821811,Shkodër
M62513401T,Eva Bejko,AL52647778325289474809597736,9940740016,Shkodër
K46420001I,PREKA,AL02465312750336869480390952,8750515118,Tiranë
K87703502A,EDI SHTJEFNI,AL99264504453413561632876484,6058364455,Tiranë
K71904010E,VLASH  DHAMO,AL62542633955511402068094133,3997033595,Shkodër
L41915013M,2A2F - L OIL,AL51339817422640200193596940,9724550938,Tiranë
L81523036N,LEONARD MOLLA,AL63173965846290209629775391,2828790621,Shkodër
M31310054F,HardTech,AL88255993982792388822078840,4184619408,Shkodër
L72411009A,Lejda Gjino,AL73859760465252902023961411,5420965342,Tiranë
K47413022U,BLEDI BILALI,AL89885251334876408161419484,7671793842,Durrës
L21327005P,SEZON DEKOR,AL79052920395651913792905281,2533551106,Tiranë
K12512837I,XHAST SHPK,AL52524279048990902484754190,6263357290,Tiranë
L92621601H,ALGES KONSTRUKSION,AL32128866279359147301828763,3893667285,Durrës
L67617501L,KEIVI TOURS,AL33335591989864983216988838,4329156910,Tiranë
M51805033V,ANOVA,AL24785364314756718223760065,3310322887,Vlorë
L22309011R,FIRDEUS SECURITY GROUP,AL98805228260731136888078648,1752256162,Tiranë
M12323038T,Stela Malaj,AL70055284676451686297966884,9360353204,Shkodër
L51609014F,aci engineering,AL19517981616490475462233263,9178242447,Durrës
M56511001P,In Print Promotion,AL15969149091682856000336249,7730710551,Vlorë
L62119008A,Smart Processes,AL77733596592762556924500483,6967250307,Vlorë
M43003203E,Ervin Xhina,AL55593084965637395427441704,5066581848,Tiranë
K31521002N,PRONET,AL90606950023805767608449713,2069831048,Durrës
M61818031C,TORO AL,AL44152378040107524724122088,2969631316,Tiranë
K01418014P,TREG AUTO,AL94557457972138841661899580,6110182014,Tiranë
