numri_urdherit_shpenzimit,numri_fatures,menyra_pageses,numri_dokumentit_pageses,data_urdherit_shpenzimit,data_ekzekutimit_pageses,vlera_paguar_faktikisht,anulluar,afati_aplikueshem_dite
URDH-0000001,FAT-0000001,Elektronike,DOK-0000002,2025-06-03,2025-06-10,47190.05,False,30
URDH-0000002,FAT-0000002,Elektronike,DOK-0000003,2025-07-02,2025-07-03,52629.95,False,30
URDH-0000003,FAT-0000003,Elektronike,DOK-0000004,2025-07-24,2025-07-24,15760.73,False,30
URDH-0000004,FAT-0000004,Elektronike,DOK-0000005,2025-09-09,2025-09-09,905.07,False,30
URDH-0000005,FAT-0000005,Elektronike,DOK-0000006,2025-10-16,2025-10-19,24334.2,False,30
URDH-0000006,FAT-0000006,Elektronike,DOK-0000007,2025-04-10,2025-04-10,2307081.66,False,30
URDH-0000007,FAT-0000007,Elektronike,DOK-0000008,2025-06-02,2025-06-20,1124558.0,False,30
URDH-0000008,FAT-0000008,Elektronike,DOK-0000009,2025-07-01,2025-07-05,264181.34,False,30
URDH-0000009,FAT-0000009,Elektronike,DOK-0000010,2025-10-24,2025-10-25,2198340.0,False,30
URDH-0000010,FAT-0000010,Elektronike,DOK-0000011,2025-06-02,2025-06-13,6853910.5,False,30
URDH-0000011,FAT-0000011,Elektronike,DOK-0000012,2025-11-11,2025-11-18,47157.44,False,30
URDH-0000012,FAT-0000012,Elektronike,DOK-0000013,2026-01-06,2026-01-06,2792.56,False,30
URDH-0000013,FAT-0000013,Elektronike,DOK-0000014,2026-01-01,2026-01-01,93125.0,False,30
URDH-0000014,FAT-0000014,Elektronike,DOK-0000015,2026-01-04,2026-01-04,124414.86,False,30
URDH-0000015,FAT-0000015,Elektronike,DOK-0000016,2026-02-22,2026-02-22,16585.14,False,30
URDH-0000016,FAT-0000016,Elektronike,DOK-0000017,2026-01-14,2026-01-19,41038.35,False,30
URDH-0000017,FAT-0000017,Elektronike,DOK-0000018,2026-02-08,2026-03-03,70211.65,False,30
URDH-0000018,FAT-0000018,Elektronike,DOK-0000019,2026-01-26,2026-03-01,455942.18,False,30
URDH-0000019,FAT-0000019,Elektronike,DOK-0000020,2026-02-23,2026-03-05,513697.89,False,30
URDH-0000020,FAT-0000020,Elektronike,DOK-0000021,2026-04-16,2026-04-27,522359.93,False,30
URDH-0000021,FAT-0000021,Elektronike,DOK-0000022,2026-01-16,2026-02-01,3256618.14,False,30
URDH-0000022,FAT-0000022,Elektronike,DOK-0000023,2026-03-14,2026-03-27,2741621.2,False,30
URDH-0000023,FAT-0000023,Elektronike,DOK-0000024,2026-04-06,2026-04-17,2480912.66,False,30
URDH-0000024,FAT-0000024,Elektronike,DOK-0000025,2025-04-14,2025-04-17,963790.56,False,30
URDH-0000025,FAT-0000025,Elektronike,DOK-0000026,2025-06-09,2025-06-09,13304531.89,False,30
URDH-0000026,FAT-0000026,Elektronike,DOK-0000027,2025-06-29,2025-07-04,15967062.55,False,30
URDH-0000027,FAT-0000027,Elektronike,DOK-0000028,2025-10-16,2025-12-06,15979677.5,False,30
URDH-0000028,FAT-0000028,Elektronike,DOK-0000029,2026-01-25,2026-01-26,2234758.0,False,30
URDH-0000029,FAT-0000029,Elektronike,DOK-0000030,2026-01-23,2026-02-06,1923663.06,False,30
URDH-0000030,FAT-0000030,Elektronike,DOK-0000031,2026-01-21,2026-02-16,238390.0,False,30
URDH-0000031,FAT-0000031,Elektronike,DOK-0000032,2026-01-31,2026-03-04,762354.79,False,30
URDH-0000032,FAT-0000032,Elektronike,DOK-0000033,2026-03-30,2026-04-01,749571.62,False,30
URDH-0000033,FAT-0000033,Elektronike,DOK-0000034,2026-05-20,2026-05-21,307073.6,False,30
URDH-0000034,FAT-0000034,Elektronike,DOK-0000035,2026-01-25,2026-02-04,0.0,False,30
URDH-0000035,FAT-0000035,Elektronike,DOK-0000036,2025-10-22,2025-10-22,20126740.79,False,30
URDH-0000036,FAT-0000036,Elektronike,DOK-0000037,2025-11-22,2025-12-01,15913635.21,False,30
URDH-0000037,FAT-0000037,Elektronike,DOK-0000038,2026-01-27,2026-02-27,475154.24,False,30
URDH-0000038,FAT-0000038,Elektronike,DOK-0000039,2026-03-28,2026-03-28,83879.5,False,30
URDH-0000039,FAT-0000039,Elektronike,DOK-0000040,2026-05-09,2026-05-09,400057.46,False,30
URDH-0000040,FAT-0000040,Elektronike,DOK-0000041,2026-01-14,2026-02-06,0.0,False,30
URDH-0000041,FAT-0000042,Elektronike,DOK-0000042,2026-03-17,2026-04-05,2249752.27,False,30
URDH-0000042,FAT-0000043,Elektronike,DOK-0000043,2026-01-31,2026-01-31,15666.89,False,30
URDH-0000043,FAT-0000044,Elektronike,DOK-0000044,2026-03-14,2026-04-23,84333.11,False,30
URDH-0000044,FAT-0000045,Elektronike,DOK-0000045,2026-02-03,2026-02-11,21108.54,False,30
URDH-0000045,FAT-0000046,Elektronike,DOK-0000046,2026-03-05,2026-03-05,43135.38,False,30
URDH-0000046,FAT-0000047,Elektronike,DOK-0000047,2026-04-13,2026-04-13,4096.08,False,30
URDH-0000047,FAT-0000048,Elektronike,DOK-0000048,2026-01-24,2026-01-24,1201.12,False,30
URDH-0000048,FAT-0000050,Elektronike,DOK-0000049,2026-01-22,2026-01-28,40093.23,False,30
URDH-0000049,FAT-0000052,Elektronike,DOK-0000050,2026-01-27,2026-02-06,23099.42,False,30
URDH-0000050,FAT-0000053,Elektronike,DOK-0000051,2026-02-18,2026-03-07,10713.09,False,30
URDH-0000051,FAT-0000054,Elektronike,DOK-0000052,2026-04-05,2026-04-05,41187.49,False,30
URDH-0000052,FAT-0000055,Elektronike,DOK-0000053,2026-02-04,2026-02-13,47024.4,False,30
URDH-0000053,FAT-0000056,Elektronike,DOK-0000054,2026-03-28,2026-03-28,45475.52,False,30
URDH-0000054,FAT-0000057,Elektronike,DOK-0000055,2026-05-14,2026-05-29,7500.07,False,30
URDH-0000055,FAT-0000058,Elektronike,DOK-0000056,2026-02-01,2026-02-18,100000.0,False,30
URDH-0000056,FAT-0000059,Elektronike,DOK-0000057,2026-01-27,2026-01-27,61731.4,False,30
URDH-0000057,FAT-0000061,Elektronike,DOK-0000058,2026-01-28,2026-01-28,74410.0,False,30
URDH-0000058,FAT-0000062,Elektronike,DOK-0000059,2026-01-23,2026-02-03,65465.53,False,30
URDH-0000059,FAT-0000063,Elektronike,DOK-0000060,2026-02-12,2026-02-12,17867.47,False,30
URDH-0000060,FAT-0000064,Elektronike,DOK-0000061,2026-01-22,2026-02-10,100000.0,False,30
URDH-0000061,FAT-0000065,Elektronike,DOK-0000062,2026-01-28,2026-02-10,75000.0,False,30
URDH-0000062,FAT-0000066,Elektronike,DOK-0000063,2026-01-18,2026-02-01,99000.0,False,30
URDH-0000063,FAT-0000067,Elektronike,DOK-0000064,2026-01-23,2026-02-06,8742.0,False,30
URDH-0000064,FAT-0000068,Elektronike,DOK-0000065,2026-02-18,2026-02-18,45035.08,False,30
URDH-0000065,FAT-0000069,Elektronike,DOK-0000066,2026-04-23,2026-05-13,44142.92,False,30
URDH-0000066,FAT-0000070,Elektronike,DOK-0000067,2026-01-26,2026-04-02,24203.69,False,30
URDH-0000067,FAT-0000071,Elektronike,DOK-0000068,2026-03-23,2026-03-23,75796.31,False,30
URDH-0000068,FAT-0000072,Elektronike,DOK-0000069,2026-01-27,2026-01-29,1858.92,False,30
URDH-0000069,FAT-0000073,Elektronike,DOK-0000070,2026-03-07,2026-04-25,81474.08,False,30
URDH-0000070,FAT-0000074,Elektronike,DOK-0000071,2026-01-23,2026-02-01,7340.0,False,30
URDH-0000071,FAT-0000075,Elektronike,DOK-0000072,2026-01-26,2026-02-08,16000.0,False,30
URDH-0000072,FAT-0000077,Elektronike,DOK-0000073,2026-03-31,2026-04-26,23.59,False,30
URDH-0000073,FAT-0000078,Elektronike,DOK-0000074,2026-02-02,2026-03-25,31393.81,False,30
URDH-0000074,FAT-0000079,Elektronike,DOK-0000075,2026-03-26,2026-03-26,43606.19,False,30
URDH-0000075,FAT-0000080,Elektronike,DOK-0000076,2026-01-25,2026-02-03,100000.0,False,30
URDH-0000076,FAT-0000081,Elektronike,DOK-0000077,2026-01-31,2026-02-08,28851.05,False,30
URDH-0000077,FAT-0000082,Elektronike,DOK-0000078,2026-03-01,2026-03-11,71148.95,False,30
URDH-0000078,FAT-0000083,Elektronike,DOK-0000079,2026-01-29,2026-03-02,1144480.0,False,30
URDH-0000079,FAT-0000084,Elektronike,DOK-0000080,2026-01-25,2026-02-11,618000.0,False,30
URDH-0000080,FAT-0000085,Elektronike,DOK-0000081,2026-02-15,2026-02-15,78635.89,False,30
URDH-0000081,FAT-0000086,Elektronike,DOK-0000082,2026-04-03,2026-04-23,54864.11,False,30
URDH-0000082,FAT-0000087,Elektronike,DOK-0000083,2026-01-22,2026-03-06,132250.0,False,30
URDH-0000083,FAT-0000088,Elektronike,DOK-0000084,2026-02-02,2026-02-08,1780000.0,False,30
URDH-0000084,FAT-0000089,Elektronike,DOK-0000085,2026-01-25,2026-01-27,173634.24,False,30
URDH-0000085,FAT-0000090,Elektronike,DOK-0000086,2026-03-09,2026-04-07,46288.94,False,30
URDH-0000086,FAT-0000091,Elektronike,DOK-0000087,2026-04-08,2026-04-24,149596.82,False,30
URDH-0000087,FAT-0000092,Elektronike,DOK-0000088,2026-01-30,2026-02-16,14685.0,False,30
URDH-0000088,FAT-0000093,Elektronike,DOK-0000089,2026-01-26,2026-01-29,16712100.0,False,30
URDH-0000089,FAT-0000094,Elektronike,DOK-0000090,2026-01-26,2026-02-28,1093411.01,False,30
URDH-0000090,FAT-0000095,Elektronike,DOK-0000091,2026-03-12,2026-04-18,333281.29,False,30
URDH-0000091,FAT-0000096,Elektronike,DOK-0000092,2026-01-31,2026-01-31,123750.0,False,30
URDH-0000092,FAT-0000097,Elektronike,DOK-0000093,2026-01-28,2026-01-28,2421.42,False,30
URDH-0000093,FAT-0000098,Elektronike,DOK-0000094,2026-02-28,2026-03-01,41182.4,False,30
URDH-0000094,FAT-0000099,Elektronike,DOK-0000095,2026-04-01,2026-04-10,16396.18,False,30
URDH-0000095,FAT-0000100,Elektronike,DOK-0000096,2026-01-30,2026-01-30,317067.91,False,30
URDH-0000096,FAT-0000101,Elektronike,DOK-0000097,2026-03-10,2026-03-13,130432.09,False,30
URDH-0000097,FAT-0000102,Elektronike,DOK-0000098,2026-01-25,2026-02-05,34201.53,False,30
URDH-0000098,FAT-0000103,Elektronike,DOK-0000099,2026-03-14,2026-03-14,60550.47,False,30
URDH-0000099,FAT-0000104,Elektronike,DOK-0000100,2026-01-27,2026-02-09,109634.47,False,30
URDH-0000100,FAT-0000105,Elektronike,DOK-0000101,2026-03-03,2026-03-10,53507.34,False,30
URDH-0000101,FAT-0000106,Elektronike,DOK-0000102,2026-04-27,2026-05-11,38458.19,False,30
URDH-0000102,FAT-0000107,Elektronike,DOK-0000103,2026-02-03,2026-02-13,99600.0,False,30
URDH-0000103,FAT-0000108,Elektronike,DOK-0000104,2026-02-07,2026-02-17,58550.63,False,30
URDH-0000104,FAT-0000109,Elektronike,DOK-0000105,2026-03-11,2026-03-11,41366.37,False,30
URDH-0000105,FAT-0000110,Elektronike,DOK-0000106,2026-02-06,2026-02-06,18102.94,False,30
URDH-0000106,FAT-0000111,Elektronike,DOK-0000107,2026-03-24,2026-04-03,48737.06,False,30
URDH-0000107,FAT-0000112,Elektronike,DOK-0000108,2026-02-06,2026-02-06,128918.85,False,30
URDH-0000108,FAT-0000113,Elektronike,DOK-0000109,2026-03-20,2026-03-30,90324.52,False,30
URDH-0000109,FAT-0000114,Elektronike,DOK-0000110,2026-05-03,2026-05-03,332756.63,False,30
URDH-0000110,FAT-0000115,Elektronike,DOK-0000111,2026-02-01,2026-02-01,1109264.19,False,30
URDH-0000111,FAT-0000116,Elektronike,DOK-0000112,2026-03-14,2026-03-14,1122735.81,False,30
URDH-0000112,FAT-0000117,Elektronike,DOK-0000113,2026-01-24,2026-02-20,27253.89,False,30
URDH-0000113,FAT-0000118,Elektronike,DOK-0000114,2026-02-13,2026-04-14,456746.11,False,30
URDH-0000114,FAT-0000119,Elektronike,DOK-0000115,2026-01-29,2026-01-30,2387306.76,False,30
URDH-0000115,FAT-0000120,Elektronike,DOK-0000116,2026-01-29,2026-01-29,99730.0,False,30
URDH-0000116,FAT-0000121,Elektronike,DOK-0000117,2026-02-06,2026-02-16,258901.41,False,30
URDH-0000117,FAT-0000122,Elektronike,DOK-0000118,2026-03-22,2026-03-22,1900436.32,False,30
URDH-0000118,FAT-0000123,Elektronike,DOK-0000119,2026-05-06,2026-05-28,3308404.19,False,30
URDH-0000119,FAT-0000124,Elektronike,DOK-0000120,2026-01-30,2026-02-12,27552.25,False,30
URDH-0000120,FAT-0000125,Elektronike,DOK-0000121,2026-03-11,2026-03-20,16099.11,False,30
URDH-0000121,FAT-0000126,Elektronike,DOK-0000122,2026-04-22,2026-04-22,39848.64,False,30
URDH-0000122,FAT-0000127,Elektronike,DOK-0000123,2026-01-25,2026-01-25,2813760.0,False,30
URDH-0000123,FAT-0000128,Elektronike,DOK-0000124,2026-01-27,2026-02-08,2166000.0,False,30
URDH-0000124,FAT-0000129,Elektronike,DOK-0000125,2026-02-01,2026-02-07,2116043.56,False,30
URDH-0000125,FAT-0000130,Elektronike,DOK-0000126,2026-03-18,2026-03-22,2983956.44,False,30
URDH-0000126,FAT-0000131,Elektronike,DOK-0000127,2026-01-31,2026-01-31,3540000.0,False,30
URDH-0000127,FAT-0000132,Elektronike,DOK-0000128,2026-01-28,2026-01-28,21.9,False,30
URDH-0000128,FAT-0000133,Elektronike,DOK-0000129,2026-03-21,2026-03-21,42571.55,False,30
URDH-0000129,FAT-0000134,Elektronike,DOK-0000130,2026-05-01,2026-05-01,37406.55,False,30
URDH-0000130,FAT-0000135,Elektronike,DOK-0000131,2026-02-09,2026-02-14,880000.0,False,30
URDH-0000131,FAT-0000136,Elektronike,DOK-0000132,2026-02-10,2026-02-17,50984.23,False,30
URDH-0000132,FAT-0000137,Elektronike,DOK-0000133,2026-03-18,2026-03-18,35690.77,False,30
URDH-0000133,FAT-0000138,Elektronike,DOK-0000134,2026-04-21,2026-04-21,13320.0,False,30
URDH-0000134,FAT-0000139,Elektronike,DOK-0000135,2026-02-11,2026-02-11,516.89,False,30
URDH-0000135,FAT-0000140,Elektronike,DOK-0000136,2026-03-13,2026-03-29,18937.53,False,30
URDH-0000136,FAT-0000141,Elektronike,DOK-0000137,2026-05-02,2026-05-02,5545.57,False,30
URDH-0000137,FAT-0000142,Elektronike,DOK-0000138,2026-02-04,2026-02-04,12780.0,False,30
URDH-0000138,FAT-0000143,Elektronike,DOK-0000139,2026-02-08,2026-02-08,59653.97,False,30
URDH-0000139,FAT-0000144,Elektronike,DOK-0000140,2026-03-15,2026-03-16,10466.03,False,30
URDH-0000140,FAT-0000145,Elektronike,DOK-0000141,2026-02-09,2026-02-09,27690000.0,False,30
URDH-0000141,FAT-0000146,Elektronike,DOK-0000142,2026-02-04,2026-02-04,64750.0,False,30
URDH-0000142,FAT-0000147,Elektronike,DOK-0000143,2026-02-03,2026-02-27,37990.48,False,30
URDH-0000143,FAT-0000148,Elektronike,DOK-0000144,2026-03-22,2026-03-22,51677.52,False,30
URDH-0000144,FAT-0000149,Elektronike,DOK-0000145,2026-04-17,2026-05-06,10292.0,False,30
URDH-0000145,FAT-0000150,Elektronike,DOK-0000146,2026-01-22,2026-01-28,2054191.66,False,30
URDH-0000146,FAT-0000152,Elektronike,DOK-0000147,2026-04-10,2026-04-23,1059026.47,False,30
URDH-0000147,FAT-0000153,Elektronike,DOK-0000148,2026-01-31,2026-03-03,40500.0,False,30
URDH-0000148,FAT-0000154,Elektronike,DOK-0000149,2026-01-30,2026-04-01,217500.0,False,30
URDH-0000149,FAT-0000155,Elektronike,DOK-0000150,2026-02-04,2026-02-04,58086.95,False,30
URDH-0000150,FAT-0000156,Elektronike,DOK-0000151,2026-02-25,2026-02-25,56913.05,False,30
URDH-0000151,FAT-0000157,Elektronike,DOK-0000152,2026-01-31,2026-01-31,4942.09,False,30
URDH-0000152,FAT-0000158,Elektronike,DOK-0000153,2026-02-21,2026-03-07,4030.77,False,30
URDH-0000153,FAT-0000159,Elektronike,DOK-0000154,2026-04-17,2026-04-22,1989.14,False,30
URDH-0000154,FAT-0000160,Elektronike,DOK-0000155,2026-02-11,2026-02-28,6652.46,False,30
URDH-0000155,FAT-0000161,Elektronike,DOK-0000156,2026-04-14,2026-05-05,314.05,False,30
URDH-0000156,FAT-0000162,Elektronike,DOK-0000157,2026-05-19,2026-05-26,14633.49,False,30
URDH-0000157,FAT-0000163,Elektronike,DOK-0000158,2026-02-09,2026-02-26,34479.52,False,30
URDH-0000158,FAT-0000164,Elektronike,DOK-0000159,2026-02-24,2026-02-24,10520.48,False,30
URDH-0000159,FAT-0000165,Elektronike,DOK-0000160,2026-02-02,2026-02-10,6214670.0,False,30
URDH-0000160,FAT-0000166,Elektronike,DOK-0000161,2026-01-26,2026-02-16,19088.75,False,30
URDH-0000161,FAT-0000167,Elektronike,DOK-0000162,2026-03-20,2026-03-20,6771.25,False,30
URDH-0000162,FAT-0000168,Elektronike,DOK-0000163,2026-02-01,2026-02-17,11000.0,False,30
URDH-0000163,FAT-0000169,Elektronike,DOK-0000164,2026-02-03,2026-02-03,2749.28,False,30
URDH-0000164,FAT-0000170,Elektronike,DOK-0000165,2026-03-14,2026-03-14,5121.36,False,30
URDH-0000165,FAT-0000171,Elektronike,DOK-0000166,2026-03-31,2026-03-31,26929.36,False,30
URDH-0000166,FAT-0000172,Elektronike,DOK-0000167,2026-02-17,2026-02-17,12293655.81,False,30
URDH-0000167,FAT-0000173,Elektronike,DOK-0000168,2026-03-15,2026-04-06,45120983.05,False,30
URDH-0000168,FAT-0000174,Elektronike,DOK-0000169,2026-02-01,2026-02-13,36494.08,False,30
URDH-0000169,FAT-0000175,Elektronike,DOK-0000170,2026-03-30,2026-03-30,98903.92,False,30
URDH-0000170,FAT-0000176,Elektronike,DOK-0000171,2026-02-06,2026-02-06,2140998.19,False,30
URDH-0000171,FAT-0000177,Elektronike,DOK-0000172,2026-03-30,2026-05-07,4692904.34,False,30
URDH-0000172,FAT-0000178,Elektronike,DOK-0000173,2026-05-18,2026-05-19,68097.47,False,30
URDH-0000173,FAT-0000179,Elektronike,DOK-0000174,2026-01-28,2026-02-15,189000.0,False,30
URDH-0000174,FAT-0000180,Elektronike,DOK-0000175,2026-02-04,2026-02-21,98000.0,False,30
URDH-0000175,FAT-0000181,Elektronike,DOK-0000176,2026-02-11,2026-02-23,4881.01,False,30
URDH-0000176,FAT-0000182,Elektronike,DOK-0000177,2026-03-08,2026-03-28,11587.58,False,30
URDH-0000177,FAT-0000183,Elektronike,DOK-0000178,2026-05-02,2026-05-11,26871.41,False,30
URDH-0000178,FAT-0000184,Elektronike,DOK-0000179,2026-02-11,2026-02-11,58000.0,False,30
URDH-0000179,FAT-0000185,Elektronike,DOK-0000180,2026-02-04,2026-02-13,8412.3,False,30
URDH-0000180,FAT-0000186,Elektronike,DOK-0000181,2026-03-07,2026-03-20,8987.7,False,30
URDH-0000181,FAT-0000187,Elektronike,DOK-0000182,2026-02-02,2026-02-10,48511.96,False,30
URDH-0000182,FAT-0000189,Elektronike,DOK-0000183,2026-04-11,2026-04-18,60341.16,False,30
URDH-0000183,FAT-0000190,Elektronike,DOK-0000184,2026-02-06,2026-02-06,8276226.06,False,30
URDH-0000184,FAT-0000191,Elektronike,DOK-0000185,2026-02-25,2026-03-12,1239698.94,False,30
URDH-0000185,FAT-0000193,Elektronike,DOK-0000186,2026-03-08,2026-03-20,54683.13,False,30
URDH-0000186,FAT-0000194,Elektronike,DOK-0000187,2026-01-28,2026-01-29,63070.13,False,30
URDH-0000187,FAT-0000195,Elektronike,DOK-0000188,2026-03-29,2026-04-27,36016.92,False,30
URDH-0000188,FAT-0000196,Elektronike,DOK-0000189,2026-05-16,2026-05-22,912.95,False,30
URDH-0000189,FAT-0000197,Elektronike,DOK-0000190,2026-02-05,2026-02-21,74382.05,False,30
URDH-0000190,FAT-0000198,Elektronike,DOK-0000191,2026-03-18,2026-04-04,283257.95,False,30
URDH-0000191,FAT-0000199,Elektronike,DOK-0000192,2026-02-11,2026-02-11,180600.0,False,30
URDH-0000192,FAT-0000200,Elektronike,DOK-0000193,2026-01-31,2026-02-12,1934232.76,False,30
URDH-0000193,FAT-0000201,Elektronike,DOK-0000194,2026-03-06,2026-03-16,859367.24,False,30
URDH-0000194,FAT-0000202,Elektronike,DOK-0000195,2026-01-29,2026-02-18,553344.25,False,30
URDH-0000195,FAT-0000203,Elektronike,DOK-0000196,2026-02-25,2026-02-25,2636540.75,False,30
URDH-0000196,FAT-0000204,Elektronike,DOK-0000197,2026-02-07,2026-03-23,100000.0,False,30
URDH-0000197,FAT-0000205,Elektronike,DOK-0000198,2026-02-18,2026-03-10,10769.03,False,30
URDH-0000198,FAT-0000206,Elektronike,DOK-0000199,2026-03-17,2026-03-20,41230.97,False,30
URDH-0000199,FAT-0000207,Elektronike,DOK-0000200,2026-02-01,2026-04-01,68330.2,False,30
URDH-0000200,FAT-0000208,Elektronike,DOK-0000201,2026-03-05,2026-03-13,18889.69,False,30
URDH-0000201,FAT-0000209,Elektronike,DOK-0000202,2026-04-20,2026-04-20,12780.11,False,30
URDH-0000202,FAT-0000210,Elektronike,DOK-0000203,2026-02-03,2026-02-20,5517.12,False,30
URDH-0000203,FAT-0000212,Elektronike,DOK-0000204,2026-06-09,2026-06-09,7076.45,False,30
URDH-0000204,FAT-0000213,Elektronike,DOK-0000205,2026-02-03,2026-02-25,12919.02,False,30
URDH-0000205,FAT-0000214,Elektronike,DOK-0000206,2026-03-12,2026-03-12,25960.98,False,30
URDH-0000206,FAT-0000215,Elektronike,DOK-0000207,2026-02-11,2026-03-28,11481.55,False,30
URDH-0000207,FAT-0000216,Elektronike,DOK-0000208,2026-03-28,2026-03-28,77778.48,False,30
URDH-0000208,FAT-0000218,Elektronike,DOK-0000209,2026-02-02,2026-02-02,430986.85,False,30
URDH-0000209,FAT-0000219,Elektronike,DOK-0000210,2026-03-17,2026-03-20,2344780.92,False,30
URDH-0000210,FAT-0000220,Elektronike,DOK-0000211,2026-04-16,2026-04-16,854438.13,False,30
URDH-0000211,FAT-0000221,Elektronike,DOK-0000212,2026-02-14,2026-02-25,1205.97,False,30
URDH-0000212,FAT-0000222,Elektronike,DOK-0000213,2026-03-22,2026-03-22,422.63,False,30
URDH-0000213,FAT-0000223,Elektronike,DOK-0000214,2026-05-04,2026-05-04,373.39,False,30
URDH-0000214,FAT-0000224,Elektronike,DOK-0000215,2026-01-26,2026-02-20,97500.0,False,30
URDH-0000215,FAT-0000225,Elektronike,DOK-0000216,2026-02-01,2026-02-07,36483.66,False,30
URDH-0000216,FAT-0000226,Elektronike,DOK-0000217,2026-03-01,2026-04-10,133868.4,False,30
URDH-0000217,FAT-0000227,Elektronike,DOK-0000218,2026-04-01,2026-04-19,9107.95,False,30
URDH-0000218,FAT-0000228,Elektronike,DOK-0000219,2026-01-30,2026-02-07,21924.0,False,30
URDH-0000219,FAT-0000229,Elektronike,DOK-0000220,2026-02-07,2026-02-07,29568.43,False,30
URDH-0000220,FAT-0000230,Elektronike,DOK-0000221,2026-03-17,2026-04-01,51749.56,False,30
URDH-0000221,FAT-0000231,Elektronike,DOK-0000222,2026-04-12,2026-04-22,18582.01,False,30
URDH-0000222,FAT-0000232,Elektronike,DOK-0000223,2026-02-03,2026-02-25,24427.27,False,30
URDH-0000223,FAT-0000233,Elektronike,DOK-0000224,2026-04-09,2026-04-16,43437.73,False,30
URDH-0000224,FAT-0000234,Elektronike,DOK-0000225,2026-02-20,2026-04-06,720250.0,False,30
URDH-0000225,FAT-0000235,Elektronike,DOK-0000226,2026-02-01,2026-02-01,46299.37,False,30
URDH-0000226,FAT-0000236,Elektronike,DOK-0000227,2026-03-16,2026-04-02,36867.63,False,30
URDH-0000227,FAT-0000237,Elektronike,DOK-0000228,2026-02-17,2026-03-01,4798333.0,False,30
URDH-0000228,FAT-0000238,Elektronike,DOK-0000229,2026-01-30,2026-02-16,6592624.28,False,30
URDH-0000229,FAT-0000239,Elektronike,DOK-0000230,2026-02-26,2026-04-19,22090261.44,False,30
URDH-0000230,FAT-0000240,Elektronike,DOK-0000231,2026-02-07,2026-02-07,15088.97,False,30
URDH-0000231,FAT-0000241,Elektronike,DOK-0000232,2026-04-03,2026-04-12,1888.65,False,30
URDH-0000232,FAT-0000242,Elektronike,DOK-0000233,2026-05-20,2026-05-24,4472.38,False,30
URDH-0000233,FAT-0000243,Elektronike,DOK-0000234,2026-02-10,2026-02-10,6415.99,False,30
URDH-0000234,FAT-0000244,Elektronike,DOK-0000235,2026-04-09,2026-04-25,964.24,False,30
URDH-0000235,FAT-0000246,Elektronike,DOK-0000236,2026-02-05,2026-03-03,26745147.61,False,30
URDH-0000236,FAT-0000248,Elektronike,DOK-0000237,2026-02-13,2026-02-20,11249.35,False,30
URDH-0000237,FAT-0000249,Elektronike,DOK-0000238,2026-03-28,2026-03-28,12728.53,False,30
URDH-0000238,FAT-0000250,Elektronike,DOK-0000239,2026-05-03,2026-05-03,13836.12,False,30
URDH-0000239,FAT-0000251,Elektronike,DOK-0000240,2026-02-06,2026-02-26,3565.29,False,30
URDH-0000240,FAT-0000252,Elektronike,DOK-0000241,2026-03-20,2026-03-30,12304.71,False,30
URDH-0000241,FAT-0000253,Elektronike,DOK-0000242,2026-02-01,2026-02-19,23020.64,False,30
URDH-0000242,FAT-0000254,Elektronike,DOK-0000243,2026-03-30,2026-03-30,6979.36,False,30
URDH-0000243,FAT-0000255,Elektronike,DOK-0000244,2026-01-29,2026-02-12,1960.65,False,30
URDH-0000244,FAT-0000256,Elektronike,DOK-0000245,2026-03-21,2026-04-04,5939.35,False,30
URDH-0000245,FAT-0000257,Elektronike,DOK-0000246,2026-02-11,2026-02-26,390150.0,False,30
URDH-0000246,FAT-0000258,Elektronike,DOK-0000247,2026-02-03,2026-02-03,172400.0,False,30
URDH-0000247,FAT-0000259,Elektronike,DOK-0000248,2026-02-06,2026-02-06,36000.0,False,30
URDH-0000248,FAT-0000260,Elektronike,DOK-0000249,2026-02-16,2026-02-25,274500.0,False,30
URDH-0000249,FAT-0000261,Elektronike,DOK-0000250,2026-02-05,2026-02-05,66759.66,False,30
URDH-0000250,FAT-0000262,Elektronike,DOK-0000251,2026-03-20,2026-03-20,8058.48,False,30
URDH-0000251,FAT-0000263,Elektronike,DOK-0000252,2026-04-28,2026-04-28,8381.86,False,30
URDH-0000252,FAT-0000264,Elektronike,DOK-0000253,2026-02-18,2026-02-18,33677.37,False,30
URDH-0000253,FAT-0000265,Elektronike,DOK-0000254,2026-03-29,2026-04-05,38779.97,False,30
URDH-0000254,FAT-0000267,Elektronike,DOK-0000255,2026-02-14,2026-02-14,7660.35,False,30
URDH-0000255,FAT-0000268,Elektronike,DOK-0000256,2026-03-30,2026-03-30,121039.65,False,30
URDH-0000256,FAT-0000269,Elektronike,DOK-0000257,2026-02-11,2026-02-17,452739.52,False,30
URDH-0000257,FAT-0000270,Elektronike,DOK-0000258,2026-03-19,2026-03-28,20959.73,False,30
URDH-0000258,FAT-0000271,Elektronike,DOK-0000259,2026-02-09,2026-02-21,1181.01,False,30
URDH-0000259,FAT-0000272,Elektronike,DOK-0000260,2026-04-13,2026-04-20,2083.5,False,30
URDH-0000260,FAT-0000273,Elektronike,DOK-0000261,2026-05-18,2026-05-20,2402.16,False,30
URDH-0000261,FAT-0000274,Elektronike,DOK-0000262,2026-02-10,2026-02-10,51061.28,False,30
URDH-0000262,FAT-0000275,Elektronike,DOK-0000263,2026-04-05,2026-05-25,48938.72,False,30
URDH-0000263,FAT-0000277,Elektronike,DOK-0000264,2026-02-19,2026-02-19,72000.0,False,30
URDH-0000264,FAT-0000278,Elektronike,DOK-0000265,2026-02-13,2026-03-04,193440.0,False,30
URDH-0000265,FAT-0000280,Elektronike,DOK-0000266,2026-02-05,2026-02-23,14135.31,False,30
URDH-0000266,FAT-0000281,Elektronike,DOK-0000267,2026-03-18,2026-03-20,3219.93,False,30
URDH-0000267,FAT-0000282,Elektronike,DOK-0000268,2026-05-16,2026-06-03,34470.66,False,30
URDH-0000268,FAT-0000283,Elektronike,DOK-0000269,2026-02-14,2026-02-14,33964.06,False,30
URDH-0000269,FAT-0000284,Elektronike,DOK-0000270,2026-03-24,2026-03-28,31286.84,False,30
URDH-0000270,FAT-0000286,Elektronike,DOK-0000271,2026-02-15,2026-03-21,28378.04,False,30
URDH-0000271,FAT-0000287,Elektronike,DOK-0000272,2026-04-06,2026-04-19,31704.96,False,30
URDH-0000272,FAT-0000288,Elektronike,DOK-0000273,2026-02-23,2026-02-23,33507.5,False,30
URDH-0000273,FAT-0000289,Elektronike,DOK-0000274,2026-03-15,2026-04-25,9867.5,False,30
URDH-0000274,FAT-0000290,Elektronike,DOK-0000275,2026-02-18,2026-03-06,683310.26,False,30
URDH-0000275,FAT-0000291,Elektronike,DOK-0000276,2026-04-04,2026-04-04,46182.78,False,30
URDH-0000276,FAT-0000292,Elektronike,DOK-0000277,2026-05-05,2026-06-16,737530.29,False,30
URDH-0000277,FAT-0000293,Elektronike,DOK-0000278,2026-02-15,2026-02-15,847000.0,False,30
URDH-0000278,FAT-0000294,Elektronike,DOK-0000279,2026-02-17,2026-02-17,8482.85,False,30
URDH-0000279,FAT-0000295,Elektronike,DOK-0000280,2026-04-10,2026-04-10,7177.15,False,30
URDH-0000280,FAT-0000297,Elektronike,DOK-0000281,2026-03-13,2026-04-18,13498.23,False,30
URDH-0000281,FAT-0000298,Elektronike,DOK-0000282,2026-04-28,2026-05-28,823.84,False,30
URDH-0000282,FAT-0000299,Elektronike,DOK-0000283,2026-02-17,2026-02-17,91274.43,False,30
URDH-0000283,FAT-0000301,Elektronike,DOK-0000284,2026-04-09,2026-04-19,5983.91,False,30
URDH-0000284,FAT-0000302,Elektronike,DOK-0000285,2026-02-17,2026-04-11,1815714.26,False,30
URDH-0000285,FAT-0000306,Elektronike,DOK-0000286,2026-04-03,2026-04-08,1106633.47,False,30
URDH-0000286,FAT-0000307,Elektronike,DOK-0000287,2026-02-12,2026-02-26,94449.79,False,30
URDH-0000287,FAT-0000308,Elektronike,DOK-0000288,2026-03-31,2026-04-19,5150.21,False,30
URDH-0000288,FAT-0000309,Elektronike,DOK-0000289,2026-02-08,2026-03-16,217675.0,False,30
URDH-0000289,FAT-0000310,Elektronike,DOK-0000290,2026-02-12,2026-04-06,99660.0,False,30
URDH-0000290,FAT-0000311,Elektronike,DOK-0000291,2026-02-14,2026-03-06,6416.99,False,30
URDH-0000291,FAT-0000312,Elektronike,DOK-0000292,2026-03-15,2026-03-18,89602.48,False,30
URDH-0000292,FAT-0000313,Elektronike,DOK-0000293,2026-04-24,2026-05-30,3480.53,False,30
URDH-0000293,FAT-0000314,Elektronike,DOK-0000294,2026-02-18,2026-02-27,59965.38,False,30
URDH-0000294,FAT-0000315,Elektronike,DOK-0000295,2026-03-13,2026-03-17,39894.62,False,30
URDH-0000295,FAT-0000317,Elektronike,DOK-0000296,2026-03-17,2026-03-23,1685394.02,False,30
URDH-0000296,FAT-0000318,Elektronike,DOK-0000297,2026-04-15,2026-04-15,706738.69,False,30
URDH-0000297,FAT-0000319,Elektronike,DOK-0000298,2026-02-12,2026-02-12,16414.02,False,30
URDH-0000298,FAT-0000320,Elektronike,DOK-0000299,2026-03-12,2026-04-05,5475.2,False,30
URDH-0000299,FAT-0000321,Elektronike,DOK-0000300,2026-04-18,2026-05-25,53710.77,False,30
URDH-0000300,FAT-0000323,Elektronike,DOK-0000301,2026-04-06,2026-04-13,4.36,False,30
URDH-0000301,FAT-0000324,Elektronike,DOK-0000302,2026-05-06,2026-05-19,12.72,False,30
URDH-0000302,FAT-0000325,Elektronike,DOK-0000303,2026-02-13,2026-03-03,45833.0,False,30
URDH-0000303,FAT-0000327,Elektronike,DOK-0000304,2026-02-05,2026-04-01,10000.0,False,30
URDH-0000304,FAT-0000328,Elektronike,DOK-0000305,2026-02-08,2026-02-16,11109.6,False,30
URDH-0000305,FAT-0000329,Elektronike,DOK-0000306,2026-03-31,2026-04-26,5879.6,False,30
URDH-0000306,FAT-0000330,Elektronike,DOK-0000307,2026-05-18,2026-05-18,9110.8,False,30
URDH-0000307,FAT-0000331,Elektronike,DOK-0000308,2026-02-14,2026-02-19,205500.0,False,30
URDH-0000308,FAT-0000332,Elektronike,DOK-0000309,2026-02-07,2026-02-07,629200.0,False,30
URDH-0000309,FAT-0000333,Elektronike,DOK-0000310,2026-02-13,2026-03-04,6208.34,False,30
URDH-0000310,FAT-0000334,Elektronike,DOK-0000311,2026-03-17,2026-03-17,10791.66,False,30
URDH-0000311,FAT-0000335,Elektronike,DOK-0000312,2026-02-24,2026-03-05,10853.78,False,30
URDH-0000312,FAT-0000336,Elektronike,DOK-0000313,2026-03-11,2026-03-18,88746.22,False,30
URDH-0000313,FAT-0000337,Elektronike,DOK-0000314,2026-02-18,2026-02-19,1222362.05,False,30
URDH-0000314,FAT-0000338,Elektronike,DOK-0000315,2026-03-28,2026-03-31,153321.65,False,30
URDH-0000315,FAT-0000339,Elektronike,DOK-0000316,2026-04-20,2026-05-01,633216.3,False,30
URDH-0000316,FAT-0000340,Elektronike,DOK-0000317,2026-02-18,2026-02-25,17233.31,False,30
URDH-0000317,FAT-0000341,Elektronike,DOK-0000318,2026-04-10,2026-04-10,5187.89,False,30
URDH-0000318,FAT-0000342,Elektronike,DOK-0000319,2026-06-04,2026-06-13,26178.8,False,30
URDH-0000319,FAT-0000343,Elektronike,DOK-0000320,2026-02-22,2026-02-23,466180.0,False,30
URDH-0000320,FAT-0000344,Elektronike,DOK-0000321,2026-04-05,2026-04-20,32325.71,False,30
URDH-0000321,FAT-0000345,Elektronike,DOK-0000322,2026-05-19,2026-06-03,6494.29,False,30
URDH-0000322,FAT-0000347,Elektronike,DOK-0000323,2026-02-08,2026-03-27,757111.45,False,30
URDH-0000323,FAT-0000348,Elektronike,DOK-0000324,2026-03-07,2026-03-07,1847781.22,False,30
URDH-0000324,FAT-0000349,Elektronike,DOK-0000325,2026-04-30,2026-05-12,556207.32,False,30
URDH-0000325,FAT-0000350,Elektronike,DOK-0000326,2026-02-20,2026-03-06,81312.91,False,30
URDH-0000326,FAT-0000351,Elektronike,DOK-0000327,2026-03-23,2026-03-23,15187.09,False,30
URDH-0000327,FAT-0000352,Elektronike,DOK-0000328,2026-02-11,2026-02-11,42330.17,False,30
URDH-0000328,FAT-0000353,Elektronike,DOK-0000329,2026-04-07,2026-04-23,4694.07,False,30
URDH-0000329,FAT-0000354,Elektronike,DOK-0000330,2026-05-24,2026-06-15,25242.16,False,30
URDH-0000330,FAT-0000355,Elektronike,DOK-0000331,2026-02-08,2026-02-17,99850.0,False,30
URDH-0000331,FAT-0000356,Elektronike,DOK-0000332,2026-02-22,2026-04-07,15205.7,False,30
URDH-0000332,FAT-0000357,Elektronike,DOK-0000333,2026-03-22,2026-04-20,52794.3,False,30
URDH-0000333,FAT-0000358,Elektronike,DOK-0000334,2026-02-10,2026-03-01,14000.0,False,30
URDH-0000334,FAT-0000359,Elektronike,DOK-0000335,2026-02-12,2026-02-23,6675.3,False,30
URDH-0000335,FAT-0000360,Elektronike,DOK-0000336,2026-04-08,2026-04-27,4124.7,False,30
URDH-0000336,FAT-0000361,Elektronike,DOK-0000337,2026-02-11,2026-02-22,52400.0,False,30
URDH-0000337,FAT-0000362,Elektronike,DOK-0000338,2026-02-08,2026-02-17,10706.37,False,30
URDH-0000338,FAT-0000363,Elektronike,DOK-0000339,2026-04-05,2026-04-10,31528.28,False,30
URDH-0000339,FAT-0000364,Elektronike,DOK-0000340,2026-06-05,2026-06-19,8765.35,False,30
URDH-0000340,FAT-0000365,Elektronike,DOK-0000341,2026-02-15,2026-03-08,58679.07,False,30
URDH-0000341,FAT-0000366,Elektronike,DOK-0000342,2026-03-18,2026-03-26,412056.93,False,30
URDH-0000342,FAT-0000367,Elektronike,DOK-0000343,2026-02-14,2026-02-24,30819.3,False,30
URDH-0000343,FAT-0000368,Elektronike,DOK-0000344,2026-03-31,2026-05-02,68680.7,False,30
URDH-0000344,FAT-0000369,Elektronike,DOK-0000345,2026-02-18,2026-02-27,4998.74,False,30
URDH-0000345,FAT-0000370,Elektronike,DOK-0000346,2026-03-18,2026-03-18,93001.26,False,30
URDH-0000346,FAT-0000371,Elektronike,DOK-0000347,2026-02-20,2026-02-26,473418.51,False,30
URDH-0000347,FAT-0000372,Elektronike,DOK-0000348,2026-04-06,2026-04-06,66581.49,False,30
URDH-0000348,FAT-0000373,Elektronike,DOK-0000349,2026-02-14,2026-02-22,99520.0,False,30
URDH-0000349,FAT-0000374,Elektronike,DOK-0000350,2026-02-19,2026-03-01,500372.47,False,30
URDH-0000350,FAT-0000375,Elektronike,DOK-0000351,2026-03-14,2026-04-07,482793.82,False,30
URDH-0000351,FAT-0000376,Elektronike,DOK-0000352,2026-04-13,2026-06-13,16333.71,False,30
URDH-0000352,FAT-0000377,Elektronike,DOK-0000353,2026-02-18,2026-03-03,209255.13,False,30
URDH-0000353,FAT-0000378,Elektronike,DOK-0000354,2026-03-17,2026-04-07,125686.98,False,30
URDH-0000354,FAT-0000379,Elektronike,DOK-0000355,2026-05-10,2026-05-29,303807.89,False,30
URDH-0000355,FAT-0000380,Elektronike,DOK-0000356,2026-02-16,2026-02-26,39703.44,False,30
URDH-0000356,FAT-0000381,Elektronike,DOK-0000357,2026-04-19,2026-04-19,4664.74,False,30
URDH-0000357,FAT-0000383,Elektronike,DOK-0000358,2026-02-17,2026-02-24,100000.0,False,30
URDH-0000358,FAT-0000384,Elektronike,DOK-0000359,2026-02-19,2026-03-13,46873.06,False,30
URDH-0000359,FAT-0000385,Elektronike,DOK-0000360,2026-03-24,2026-04-06,40800.96,False,30
URDH-0000360,FAT-0000386,Elektronike,DOK-0000361,2026-04-29,2026-05-16,12325.98,False,30
URDH-0000361,FAT-0000387,Elektronike,DOK-0000362,2026-02-20,2026-02-20,11319.55,False,30
URDH-0000362,FAT-0000388,Elektronike,DOK-0000363,2026-03-23,2026-04-01,30380.45,False,30
URDH-0000363,FAT-0000390,Elektronike,DOK-0000364,2026-04-18,2026-04-30,1911.93,False,30
URDH-0000364,FAT-0000391,Elektronike,DOK-0000365,2026-05-19,2026-05-19,50674.1,False,30
URDH-0000365,FAT-0000392,Elektronike,DOK-0000366,2026-02-12,2026-02-26,59599.86,False,30
URDH-0000366,FAT-0000393,Elektronike,DOK-0000367,2026-03-16,2026-03-22,5757.38,False,30
URDH-0000367,FAT-0000394,Elektronike,DOK-0000368,2026-04-07,2026-04-17,30475.75,False,30
URDH-0000368,FAT-0000395,Elektronike,DOK-0000369,2026-02-17,2026-02-17,3614.67,False,30
URDH-0000369,FAT-0000396,Elektronike,DOK-0000370,2026-03-22,2026-03-27,44385.33,False,30
URDH-0000370,FAT-0000397,Elektronike,DOK-0000371,2026-02-17,2026-03-29,238842.77,False,30
URDH-0000371,FAT-0000398,Elektronike,DOK-0000372,2026-04-11,2026-04-28,6181157.23,False,30
URDH-0000372,FAT-0000399,Elektronike,DOK-0000373,2026-02-16,2026-03-28,23436.0,False,30
URDH-0000373,FAT-0000400,Elektronike,DOK-0000374,2026-02-10,2026-02-24,7849.28,False,30
URDH-0000374,FAT-0000401,Elektronike,DOK-0000375,2026-03-23,2026-03-27,26210.35,False,30
URDH-0000375,FAT-0000402,Elektronike,DOK-0000376,2026-05-20,2026-06-04,12640.37,False,30
URDH-0000376,FAT-0000403,Elektronike,DOK-0000377,2026-02-19,2026-02-19,10657231.0,False,30
URDH-0000377,FAT-0000404,Elektronike,DOK-0000378,2026-02-06,2026-02-23,316800.0,False,30
URDH-0000378,FAT-0000406,Elektronike,DOK-0000379,2026-03-15,2026-03-28,13975.19,False,30
URDH-0000379,FAT-0000407,Elektronike,DOK-0000380,2026-02-12,2026-02-22,279483.68,False,30
URDH-0000380,FAT-0000408,Elektronike,DOK-0000381,2026-04-10,2026-04-17,125516.32,False,30
URDH-0000381,FAT-0000410,Elektronike,DOK-0000382,2026-03-11,2026-03-17,303195.26,False,30
URDH-0000382,FAT-0000411,Elektronike,DOK-0000383,2026-04-03,2026-04-07,63829.86,False,30
URDH-0000383,FAT-0000412,Elektronike,DOK-0000384,2026-02-12,2026-02-12,41394.12,False,30
URDH-0000384,FAT-0000414,Elektronike,DOK-0000385,2026-05-12,2026-05-12,40395.7,False,30
URDH-0000385,FAT-0000415,Elektronike,DOK-0000386,2026-02-20,2026-02-23,98000.0,False,30
URDH-0000386,FAT-0000416,Elektronike,DOK-0000387,2026-02-14,2026-03-07,96000.0,False,30
URDH-0000387,FAT-0000417,Elektronike,DOK-0000388,2026-02-12,2026-04-20,38844.58,False,30
URDH-0000388,FAT-0000419,Elektronike,DOK-0000389,2026-02-06,2026-02-07,676.74,False,30
URDH-0000389,FAT-0000420,Elektronike,DOK-0000390,2026-03-13,2026-03-22,3297.63,False,30
URDH-0000390,FAT-0000421,Elektronike,DOK-0000391,2026-05-03,2026-06-05,265.63,False,30
URDH-0000391,FAT-0000422,Elektronike,DOK-0000392,2026-02-19,2026-02-19,12289.91,False,30
URDH-0000392,FAT-0000423,Elektronike,DOK-0000393,2026-03-25,2026-03-25,12929.35,False,30
URDH-0000393,FAT-0000424,Elektronike,DOK-0000394,2026-05-12,2026-05-16,15107.74,False,30
URDH-0000394,FAT-0000425,Elektronike,DOK-0000395,2026-02-13,2026-02-13,134849.18,False,30
URDH-0000395,FAT-0000426,Elektronike,DOK-0000396,2026-04-06,2026-04-06,7147.75,False,30
URDH-0000396,FAT-0000427,Elektronike,DOK-0000397,2026-04-22,2026-04-22,903.07,False,30
URDH-0000397,FAT-0000428,Elektronike,DOK-0000398,2026-02-14,2026-02-21,79999.0,False,30
URDH-0000398,FAT-0000429,Elektronike,DOK-0000399,2026-02-15,2026-02-17,2420803.0,False,30
URDH-0000399,FAT-0000430,Elektronike,DOK-0000400,2026-02-19,2026-02-25,50000.0,False,30
URDH-0000400,FAT-0000431,Elektronike,DOK-0000401,2026-03-01,2026-03-07,20205.0,False,30
URDH-0000401,FAT-0000432,Elektronike,DOK-0000402,2026-02-14,2026-03-30,4719.1,False,30
URDH-0000402,FAT-0000433,Elektronike,DOK-0000403,2026-03-31,2026-03-31,7595.16,False,30
URDH-0000403,FAT-0000434,Elektronike,DOK-0000404,2026-05-04,2026-05-10,3885.74,False,30
URDH-0000404,FAT-0000435,Elektronike,DOK-0000405,2026-02-28,2026-02-28,228.17,False,30
URDH-0000405,FAT-0000436,Elektronike,DOK-0000406,2026-03-24,2026-03-29,2693.81,False,30
URDH-0000406,FAT-0000437,Elektronike,DOK-0000407,2026-05-06,2026-05-07,1398.02,False,30
URDH-0000407,FAT-0000438,Elektronike,DOK-0000408,2026-02-17,2026-02-17,466188.42,False,30
URDH-0000408,FAT-0000439,Elektronike,DOK-0000409,2026-03-15,2026-04-22,151335.85,False,30
URDH-0000409,FAT-0000440,Elektronike,DOK-0000410,2026-04-23,2026-05-02,20475.74,False,30
URDH-0000410,FAT-0000441,Elektronike,DOK-0000411,2026-02-24,2026-03-03,999936.0,False,30
URDH-0000411,FAT-0000442,Elektronike,DOK-0000412,2026-02-16,2026-02-16,718847.77,False,30
URDH-0000412,FAT-0000443,Elektronike,DOK-0000413,2026-03-30,2026-06-03,98499.99,False,30
URDH-0000413,FAT-0000444,Elektronike,DOK-0000414,2026-04-26,2026-05-08,161672.25,False,30
URDH-0000414,FAT-0000445,Elektronike,DOK-0000415,2026-02-10,2026-03-11,32210.44,False,30
URDH-0000415,FAT-0000446,Elektronike,DOK-0000416,2026-03-24,2026-03-30,301565.82,False,30
URDH-0000416,FAT-0000447,Elektronike,DOK-0000417,2026-04-18,2026-04-22,100973.75,False,30
URDH-0000417,FAT-0000448,Elektronike,DOK-0000418,2026-02-12,2026-03-07,94350.6,False,30
URDH-0000418,FAT-0000449,Elektronike,DOK-0000419,2026-03-24,2026-03-24,4838.4,False,30
URDH-0000419,FAT-0000450,Elektronike,DOK-0000420,2026-02-22,2026-02-22,283682.27,False,30
URDH-0000420,FAT-0000451,Elektronike,DOK-0000421,2026-04-02,2026-04-05,713831.64,False,30
URDH-0000421,FAT-0000452,Elektronike,DOK-0000422,2026-05-10,2026-05-28,672786.08,False,30
URDH-0000422,FAT-0000453,Elektronike,DOK-0000423,2026-02-25,2026-02-26,51074.37,False,30
URDH-0000423,FAT-0000454,Elektronike,DOK-0000424,2026-03-23,2026-04-13,15525.63,False,30
URDH-0000424,FAT-0000455,Elektronike,DOK-0000425,2026-02-15,2026-03-31,3616870.48,False,30
URDH-0000425,FAT-0000456,Elektronike,DOK-0000426,2026-03-16,2026-03-20,1829032.52,False,30
URDH-0000426,FAT-0000457,Elektronike,DOK-0000427,2026-04-11,2026-04-15,8188497.0,False,30
URDH-0000427,FAT-0000458,Elektronike,DOK-0000428,2026-02-17,2026-04-09,7023.57,False,30
URDH-0000428,FAT-0000459,Elektronike,DOK-0000429,2026-04-07,2026-04-14,4976.43,False,30
URDH-0000429,FAT-0000460,Elektronike,DOK-0000430,2026-02-25,2026-02-25,292.0,False,30
URDH-0000430,FAT-0000461,Elektronike,DOK-0000431,2026-02-22,2026-02-22,9970.02,False,30
URDH-0000431,FAT-0000462,Elektronike,DOK-0000432,2026-04-02,2026-04-28,10829.98,False,30
URDH-0000432,FAT-0000463,Elektronike,DOK-0000433,2026-02-18,2026-03-02,845348.44,False,30
URDH-0000433,FAT-0000464,Elektronike,DOK-0000434,2026-04-12,2026-04-12,89651.56,False,30
URDH-0000434,FAT-0000465,Elektronike,DOK-0000435,2026-02-28,2026-03-10,7761.35,False,30
URDH-0000435,FAT-0000466,Elektronike,DOK-0000436,2026-04-09,2026-04-09,82796.09,False,30
URDH-0000436,FAT-0000467,Elektronike,DOK-0000437,2026-04-30,2026-05-06,69642.57,False,30
URDH-0000437,FAT-0000468,Elektronike,DOK-0000438,2026-02-21,2026-02-21,240020.56,False,30
URDH-0000438,FAT-0000469,Elektronike,DOK-0000439,2026-03-31,2026-03-31,220979.44,False,30
URDH-0000439,FAT-0000470,Elektronike,DOK-0000440,2026-02-22,2026-02-26,99500.0,False,30
URDH-0000440,FAT-0000471,Elektronike,DOK-0000441,2026-02-23,2026-02-23,320400.0,False,30
URDH-0000441,FAT-0000473,Elektronike,DOK-0000442,2026-02-23,2026-03-11,179900.0,False,30
URDH-0000442,FAT-0000474,Elektronike,DOK-0000443,2026-02-18,2026-02-19,65500.0,False,30
URDH-0000443,FAT-0000475,Elektronike,DOK-0000444,2026-02-14,2026-02-15,328000.33,False,30
URDH-0000444,FAT-0000476,Elektronike,DOK-0000445,2026-03-28,2026-05-20,547401.94,False,30
URDH-0000445,FAT-0000477,Elektronike,DOK-0000446,2026-04-23,2026-04-23,74597.73,False,30
URDH-0000446,FAT-0000478,Elektronike,DOK-0000447,2026-02-16,2026-02-27,3663.16,False,30
URDH-0000447,FAT-0000479,Elektronike,DOK-0000448,2026-04-04,2026-04-29,56451.83,False,30
URDH-0000448,FAT-0000480,Elektronike,DOK-0000449,2026-06-02,2026-06-11,39885.01,False,30
URDH-0000449,FAT-0000481,Elektronike,DOK-0000450,2026-02-16,2026-04-18,915053.69,False,30
URDH-0000450,FAT-0000482,Elektronike,DOK-0000451,2026-03-22,2026-04-09,217338.35,False,30
URDH-0000451,FAT-0000483,Elektronike,DOK-0000452,2026-04-16,2026-04-30,1063607.96,False,30
URDH-0000452,FAT-0000485,Elektronike,DOK-0000453,2026-04-09,2026-06-08,16809.82,False,30
URDH-0000453,FAT-0000486,Elektronike,DOK-0000454,2026-05-15,2026-05-15,9626.7,False,30
URDH-0000454,FAT-0000487,Elektronike,DOK-0000455,2026-02-14,2026-02-14,31997.04,False,30
URDH-0000455,FAT-0000488,Elektronike,DOK-0000456,2026-04-15,2026-05-18,243702.96,False,30
URDH-0000456,FAT-0000489,Elektronike,DOK-0000457,2026-02-12,2026-02-12,54000.0,False,30
URDH-0000457,FAT-0000490,Elektronike,DOK-0000458,2026-02-14,2026-02-24,23987.9,False,30
URDH-0000458,FAT-0000491,Elektronike,DOK-0000459,2026-03-22,2026-04-01,73611.86,False,30
URDH-0000459,FAT-0000493,Elektronike,DOK-0000460,2026-02-12,2026-04-05,0.0,False,30
URDH-0000460,FAT-0000494,Elektronike,DOK-0000461,2026-02-13,2026-02-28,76824.05,False,30
URDH-0000461,FAT-0000496,Elektronike,DOK-0000462,2026-02-14,2026-02-14,5764545.05,False,30
URDH-0000462,FAT-0000497,Elektronike,DOK-0000463,2026-03-13,2026-03-16,1180154.95,False,30
URDH-0000463,FAT-0000498,Elektronike,DOK-0000464,2026-02-25,2026-02-25,9965.01,False,30
URDH-0000464,FAT-0000499,Elektronike,DOK-0000465,2026-03-23,2026-03-25,98834.99,False,30
URDH-0000465,FAT-0000500,Elektronike,DOK-0000466,2026-02-13,2026-03-01,43618.16,False,30
URDH-0000466,FAT-0000501,Elektronike,DOK-0000467,2026-03-18,2026-03-20,6381.84,False,30
URDH-0000467,FAT-0000502,Elektronike,DOK-0000468,2026-02-09,2026-04-04,296457.16,False,30
URDH-0000468,FAT-0000503,Elektronike,DOK-0000469,2026-04-03,2026-04-03,424742.17,False,30
URDH-0000469,FAT-0000504,Elektronike,DOK-0000470,2026-04-27,2026-05-14,28800.67,False,30
URDH-0000470,FAT-0000505,Elektronike,DOK-0000471,2026-02-21,2026-02-21,120596.61,False,30
URDH-0000471,FAT-0000506,Elektronike,DOK-0000472,2026-04-05,2026-04-21,46403.39,False,30
URDH-0000472,FAT-0000507,Elektronike,DOK-0000473,2026-02-16,2026-02-16,9208.41,False,30
URDH-0000473,FAT-0000508,Elektronike,DOK-0000474,2026-04-05,2026-04-16,99663.9,False,30
URDH-0000474,FAT-0000509,Elektronike,DOK-0000475,2026-06-03,2026-06-07,10247.69,False,30
URDH-0000475,FAT-0000510,Elektronike,DOK-0000476,2026-02-26,2026-03-09,40632.54,False,30
URDH-0000476,FAT-0000512,Elektronike,DOK-0000477,2026-05-15,2026-05-23,36070.98,False,30
URDH-0000477,FAT-0000513,Elektronike,DOK-0000478,2026-02-26,2026-03-06,3259.38,False,30
URDH-0000478,FAT-0000514,Elektronike,DOK-0000479,2026-04-03,2026-04-20,6390.62,False,30
URDH-0000479,FAT-0000515,Elektronike,DOK-0000480,2026-02-18,2026-02-18,8300.0,False,30
URDH-0000480,FAT-0000516,Elektronike,DOK-0000481,2026-02-19,2026-03-03,49606.31,False,30
URDH-0000481,FAT-0000517,Elektronike,DOK-0000482,2026-04-18,2026-04-18,254729.53,False,30
URDH-0000482,FAT-0000518,Elektronike,DOK-0000483,2026-06-16,2026-06-16,440464.15,False,30
URDH-0000483,FAT-0000519,Elektronike,DOK-0000484,2026-02-20,2026-03-04,91152.95,False,30
URDH-0000484,FAT-0000520,Elektronike,DOK-0000485,2026-04-07,2026-04-09,389427.56,False,30
URDH-0000485,FAT-0000522,Elektronike,DOK-0000486,2026-02-25,2026-02-25,295000.0,False,30
URDH-0000486,FAT-0000523,Elektronike,DOK-0000487,2026-02-21,2026-02-21,80465.82,False,30
URDH-0000487,FAT-0000524,Elektronike,DOK-0000488,2026-04-17,2026-04-30,119498.68,False,30
URDH-0000488,FAT-0000525,Elektronike,DOK-0000489,2026-02-22,2026-03-08,1926218.95,False,30
URDH-0000489,FAT-0000526,Elektronike,DOK-0000490,2026-03-24,2026-03-29,151478.05,False,30
URDH-0000490,FAT-0000527,Elektronike,DOK-0000491,2026-02-16,2026-02-28,156750.0,False,30
URDH-0000491,FAT-0000528,Elektronike,DOK-0000492,2026-02-20,2026-02-27,6708.74,False,30
URDH-0000492,FAT-0000529,Elektronike,DOK-0000493,2026-03-20,2026-04-01,90291.26,False,30
URDH-0000493,FAT-0000530,Elektronike,DOK-0000494,2026-02-24,2026-03-10,49500.0,False,30
URDH-0000494,FAT-0000531,Elektronike,DOK-0000495,2026-02-23,2026-03-31,0.0,False,30
URDH-0000495,FAT-0000533,Elektronike,DOK-0000496,2026-02-14,2026-02-14,52200.0,False,30
URDH-0000496,FAT-0000534,Elektronike,DOK-0000497,2026-02-18,2026-02-26,381150.0,False,30
URDH-0000497,FAT-0000535,Elektronike,DOK-0000498,2026-02-22,2026-02-23,2887266.71,False,30
URDH-0000498,FAT-0000536,Elektronike,DOK-0000499,2026-03-29,2026-03-29,3021733.29,False,30
URDH-0000499,FAT-0000538,Elektronike,DOK-0000500,2026-04-19,2026-04-29,229034.96,False,30
URDH-0000500,FAT-0000539,Elektronike,DOK-0000501,2026-02-28,2026-03-10,186373.1,False,30
URDH-0000501,FAT-0000541,Elektronike,DOK-0000502,2026-02-17,2026-03-08,385187.96,False,30
URDH-0000502,FAT-0000542,Elektronike,DOK-0000503,2026-04-03,2026-04-03,256662.04,False,30
URDH-0000503,FAT-0000543,Elektronike,DOK-0000504,2026-02-22,2026-03-06,7324.36,False,30
URDH-0000504,FAT-0000544,Elektronike,DOK-0000505,2026-03-20,2026-03-28,8637.98,False,30
URDH-0000505,FAT-0000546,Elektronike,DOK-0000506,2026-02-16,2026-02-16,5319549.85,False,30
URDH-0000506,FAT-0000547,Elektronike,DOK-0000507,2026-04-19,2026-05-21,936400.53,False,30
URDH-0000507,FAT-0000548,Elektronike,DOK-0000508,2026-05-10,2026-05-10,397099.62,False,30
URDH-0000508,FAT-0000549,Elektronike,DOK-0000509,2026-02-18,2026-03-03,666000.0,False,30
URDH-0000509,FAT-0000550,Elektronike,DOK-0000510,2026-02-13,2026-02-15,274579.04,False,30
URDH-0000510,FAT-0000551,Elektronike,DOK-0000511,2026-03-29,2026-04-17,182547.11,False,30
URDH-0000511,FAT-0000552,Elektronike,DOK-0000512,2026-04-30,2026-05-13,492873.86,False,30
URDH-0000512,FAT-0000553,Elektronike,DOK-0000513,2026-02-25,2026-03-15,24200.0,False,30
URDH-0000513,FAT-0000555,Elektronike,DOK-0000514,2026-03-31,2026-03-31,2120.99,False,30
URDH-0000514,FAT-0000556,Elektronike,DOK-0000515,2026-02-26,2026-02-26,9548.32,False,30
URDH-0000515,FAT-0000558,Elektronike,DOK-0000516,2026-05-14,2026-07-03,20399.06,False,30
URDH-0000516,FAT-0000559,Elektronike,DOK-0000517,2026-02-10,2026-02-18,45500.0,False,30
URDH-0000517,FAT-0000560,Elektronike,DOK-0000518,2026-02-23,2026-03-11,4336.0,False,30
URDH-0000518,FAT-0000561,Elektronike,DOK-0000519,2026-02-14,2026-02-23,9.75,False,30
URDH-0000519,FAT-0000562,Elektronike,DOK-0000520,2026-04-01,2026-04-01,15.67,False,30
URDH-0000520,FAT-0000563,Elektronike,DOK-0000521,2026-02-09,2026-02-21,629033.64,False,30
URDH-0000521,FAT-0000564,Elektronike,DOK-0000522,2026-04-14,2026-04-23,158649.36,False,30
URDH-0000522,FAT-0000565,Elektronike,DOK-0000523,2026-02-24,2026-02-24,23056.73,False,30
URDH-0000523,FAT-0000566,Elektronike,DOK-0000524,2026-04-23,2026-05-03,55172.96,False,30
URDH-0000524,FAT-0000567,Elektronike,DOK-0000525,2026-06-14,2026-06-17,19570.3,False,30
URDH-0000525,FAT-0000569,Elektronike,DOK-0000526,2026-03-15,2026-03-15,6169.69,False,30
URDH-0000526,FAT-0000570,Elektronike,DOK-0000527,2026-04-11,2026-04-16,5449.67,False,30
URDH-0000527,FAT-0000571,Elektronike,DOK-0000528,2026-02-18,2026-02-18,174000.0,False,30
URDH-0000528,FAT-0000573,Elektronike,DOK-0000529,2026-04-02,2026-04-18,71331.5,False,30
URDH-0000529,FAT-0000574,Elektronike,DOK-0000530,2026-02-18,2026-02-28,105620.99,False,30
URDH-0000530,FAT-0000575,Elektronike,DOK-0000531,2026-04-12,2026-04-26,374379.01,False,30
URDH-0000531,FAT-0000577,Elektronike,DOK-0000532,2026-04-09,2026-04-17,23913.88,False,30
URDH-0000532,FAT-0000578,Elektronike,DOK-0000533,2026-05-19,2026-05-27,2039.46,False,30
URDH-0000533,FAT-0000580,Elektronike,DOK-0000534,2026-04-02,2026-04-16,243806.41,False,30
URDH-0000534,FAT-0000581,Elektronike,DOK-0000535,2026-02-22,2026-03-04,162350.0,False,30
URDH-0000535,FAT-0000583,Elektronike,DOK-0000536,2026-04-08,2026-04-08,413215.53,False,30
URDH-0000536,FAT-0000584,Elektronike,DOK-0000537,2026-02-24,2026-03-03,3249.96,False,30
URDH-0000537,FAT-0000585,Elektronike,DOK-0000538,2026-03-19,2026-03-19,40012.48,False,30
URDH-0000538,FAT-0000586,Elektronike,DOK-0000539,2026-05-02,2026-05-13,56737.56,False,30
URDH-0000539,FAT-0000587,Elektronike,DOK-0000540,2026-02-24,2026-02-24,10000.0,False,30
URDH-0000540,FAT-0000588,Elektronike,DOK-0000541,2026-02-24,2026-02-24,54202.75,False,30
URDH-0000541,FAT-0000589,Elektronike,DOK-0000542,2026-04-18,2026-04-21,173297.25,False,30
URDH-0000542,FAT-0000590,Elektronike,DOK-0000543,2026-02-25,2026-02-26,99700.0,False,30
URDH-0000543,FAT-0000591,Elektronike,DOK-0000544,2026-02-16,2026-02-16,58209.34,False,30
URDH-0000544,FAT-0000592,Elektronike,DOK-0000545,2026-03-28,2026-03-28,27128.98,False,30
URDH-0000545,FAT-0000593,Elektronike,DOK-0000546,2026-05-01,2026-05-01,5161.67,False,30
URDH-0000546,FAT-0000594,Elektronike,DOK-0000547,2026-03-01,2026-03-08,14329.09,False,30
URDH-0000547,FAT-0000595,Elektronike,DOK-0000548,2026-03-26,2026-04-10,3270.91,False,30
URDH-0000548,FAT-0000596,Elektronike,DOK-0000549,2026-02-21,2026-02-26,95590.0,False,30
URDH-0000549,FAT-0000597,Elektronike,DOK-0000550,2026-03-02,2026-03-02,4.3,False,30
URDH-0000550,FAT-0000598,Elektronike,DOK-0000551,2026-03-11,2026-03-19,1.12,False,30
URDH-0000551,FAT-0000599,Elektronike,DOK-0000552,2026-02-12,2026-02-24,689000.0,False,30
URDH-0000552,FAT-0000600,Elektronike,DOK-0000553,2026-02-27,2026-03-09,20.36,False,30
URDH-0000553,FAT-0000601,Elektronike,DOK-0000554,2026-04-18,2026-04-18,2.49,False,30
URDH-0000554,FAT-0000602,Elektronike,DOK-0000555,2026-06-22,2026-06-23,0.44,False,30
URDH-0000555,FAT-0000604,Elektronike,DOK-0000556,2026-02-21,2026-02-27,5630.87,False,30
URDH-0000556,FAT-0000605,Elektronike,DOK-0000557,2026-04-06,2026-04-06,19369.15,False,30
URDH-0000557,FAT-0000606,Elektronike,DOK-0000558,2026-02-24,2026-02-24,43337.11,False,30
URDH-0000558,FAT-0000607,Elektronike,DOK-0000559,2026-03-23,2026-03-23,26662.89,False,30
URDH-0000559,FAT-0000608,Elektronike,DOK-0000560,2026-02-21,2026-03-08,56201.62,False,30
URDH-0000560,FAT-0000609,Elektronike,DOK-0000561,2026-03-19,2026-03-19,13898.38,False,30
URDH-0000561,FAT-0000610,Elektronike,DOK-0000562,2026-02-16,2026-03-10,20366.0,False,30
URDH-0000562,FAT-0000611,Elektronike,DOK-0000563,2026-02-17,2026-04-05,306508.8,False,30
URDH-0000563,FAT-0000612,Elektronike,DOK-0000564,2026-02-15,2026-02-23,8969.56,False,30
URDH-0000564,FAT-0000613,Elektronike,DOK-0000565,2026-03-15,2026-03-20,3130.44,False,30
URDH-0000565,FAT-0000614,Elektronike,DOK-0000566,2026-02-16,2026-02-20,7384.2,False,30
URDH-0000566,FAT-0000615,Elektronike,DOK-0000567,2026-04-07,2026-04-07,1550.88,False,30
URDH-0000567,FAT-0000616,Elektronike,DOK-0000568,2026-05-05,2026-05-05,64.92,False,30
URDH-0000568,FAT-0000617,Elektronike,DOK-0000569,2026-03-01,2026-03-30,4329.32,False,30
URDH-0000569,FAT-0000619,Elektronike,DOK-0000570,2026-02-26,2026-02-26,5127.16,False,30
URDH-0000570,FAT-0000621,Elektronike,DOK-0000571,2026-02-12,2026-02-12,666000.0,False,30
URDH-0000571,FAT-0000622,Elektronike,DOK-0000572,2026-02-17,2026-03-07,44707.17,False,30
URDH-0000572,FAT-0000623,Elektronike,DOK-0000573,2026-04-11,2026-04-22,490292.83,False,30
URDH-0000573,FAT-0000624,Elektronike,DOK-0000574,2026-02-17,2026-02-17,580000.0,False,30
URDH-0000574,FAT-0000625,Elektronike,DOK-0000575,2026-02-15,2026-02-21,624.52,False,30
URDH-0000575,FAT-0000626,Elektronike,DOK-0000576,2026-04-15,2026-04-15,42592.48,False,30
URDH-0000576,FAT-0000627,Elektronike,DOK-0000577,2026-02-17,2026-03-08,5772.08,False,30
URDH-0000577,FAT-0000628,Elektronike,DOK-0000578,2026-04-01,2026-04-01,18237.5,False,30
URDH-0000578,FAT-0000629,Elektronike,DOK-0000579,2026-05-10,2026-05-15,62990.42,False,30
URDH-0000579,FAT-0000631,Elektronike,DOK-0000580,2026-03-02,2026-03-02,30000.0,False,30
URDH-0000580,FAT-0000632,Elektronike,DOK-0000581,2026-02-23,2026-02-23,386619.63,False,30
URDH-0000581,FAT-0000633,Elektronike,DOK-0000582,2026-04-04,2026-04-30,1587630.37,False,30
URDH-0000582,FAT-0000634,Elektronike,DOK-0000583,2026-02-28,2026-02-28,3891.8,False,30
URDH-0000583,FAT-0000635,Elektronike,DOK-0000584,2026-03-18,2026-04-05,7551.36,False,30
URDH-0000584,FAT-0000636,Elektronike,DOK-0000585,2026-04-21,2026-04-21,22556.84,False,30
URDH-0000585,FAT-0000637,Elektronike,DOK-0000586,2026-02-27,2026-03-13,845058.97,False,30
URDH-0000586,FAT-0000638,Elektronike,DOK-0000587,2026-03-25,2026-03-25,73851.16,False,30
URDH-0000587,FAT-0000639,Elektronike,DOK-0000588,2026-05-10,2026-05-12,74081.87,False,30
URDH-0000588,FAT-0000640,Elektronike,DOK-0000589,2026-02-20,2026-02-20,4249.43,False,30
URDH-0000589,FAT-0000641,Elektronike,DOK-0000590,2026-04-04,2026-04-04,10830.64,False,30
URDH-0000590,FAT-0000642,Elektronike,DOK-0000591,2026-05-16,2026-05-21,37089.93,False,30
URDH-0000591,FAT-0000643,Elektronike,DOK-0000592,2026-02-19,2026-02-19,271231.9,False,30
URDH-0000592,FAT-0000644,Elektronike,DOK-0000593,2026-03-19,2026-03-27,75255.56,False,30
URDH-0000593,FAT-0000645,Elektronike,DOK-0000594,2026-05-09,2026-05-09,43512.54,False,30
URDH-0000594,FAT-0000646,Elektronike,DOK-0000595,2026-03-01,2026-03-17,79778.45,False,30
URDH-0000595,FAT-0000647,Elektronike,DOK-0000596,2026-03-30,2026-04-19,11221.55,False,30
URDH-0000596,FAT-0000648,Elektronike,DOK-0000597,2026-02-18,2026-04-13,270958.89,False,30
URDH-0000597,FAT-0000649,Elektronike,DOK-0000598,2026-03-28,2026-03-28,319717.48,False,30
URDH-0000598,FAT-0000650,Elektronike,DOK-0000599,2026-05-10,2026-05-26,102323.64,False,30
URDH-0000599,FAT-0000651,Elektronike,DOK-0000600,2026-03-01,2026-03-01,29829.94,False,30
URDH-0000600,FAT-0000652,Elektronike,DOK-0000601,2026-04-16,2026-04-18,60170.06,False,30
URDH-0000601,FAT-0000653,Elektronike,DOK-0000602,2026-02-19,2026-02-19,34200.0,False,30
URDH-0000602,FAT-0000654,Elektronike,DOK-0000603,2026-02-12,2026-02-17,279000.0,False,30
URDH-0000603,FAT-0000655,Elektronike,DOK-0000604,2026-02-22,2026-02-22,14000.0,False,30
URDH-0000604,FAT-0000656,Elektronike,DOK-0000605,2026-02-18,2026-03-28,56550.0,False,30
URDH-0000605,FAT-0000657,Elektronike,DOK-0000606,2026-02-28,2026-04-18,33000.0,False,30
URDH-0000606,FAT-0000658,Elektronike,DOK-0000607,2026-02-21,2026-02-21,5177.08,False,30
URDH-0000607,FAT-0000659,Elektronike,DOK-0000608,2026-03-25,2026-04-07,79645.0,False,30
URDH-0000608,FAT-0000660,Elektronike,DOK-0000609,2026-05-09,2026-05-09,15177.92,False,30
URDH-0000609,FAT-0000661,Elektronike,DOK-0000610,2026-02-23,2026-02-24,5682.95,False,30
URDH-0000610,FAT-0000662,Elektronike,DOK-0000611,2026-03-28,2026-03-28,13892.56,False,30
URDH-0000611,FAT-0000663,Elektronike,DOK-0000612,2026-05-18,2026-05-23,76424.48,False,30
URDH-0000612,FAT-0000664,Elektronike,DOK-0000613,2026-03-03,2026-03-05,7588.08,False,30
URDH-0000613,FAT-0000665,Elektronike,DOK-0000614,2026-04-10,2026-04-24,6799.67,False,30
URDH-0000614,FAT-0000666,Elektronike,DOK-0000615,2026-05-19,2026-05-19,612.24,False,30
URDH-0000615,FAT-0000667,Elektronike,DOK-0000616,2026-02-27,2026-03-11,4850.97,False,30
URDH-0000616,FAT-0000668,Elektronike,DOK-0000617,2026-03-10,2026-03-15,11123.41,False,30
URDH-0000617,FAT-0000670,Elektronike,DOK-0000618,2026-03-09,2026-04-30,324.08,False,30
URDH-0000618,FAT-0000671,Elektronike,DOK-0000619,2026-04-26,2026-05-02,1246.23,False,30
URDH-0000619,FAT-0000672,Elektronike,DOK-0000620,2026-06-10,2026-06-17,3229.69,False,30
URDH-0000620,FAT-0000673,Elektronike,DOK-0000621,2026-02-26,2026-03-13,27544.0,False,30
URDH-0000621,FAT-0000674,Elektronike,DOK-0000622,2026-04-07,2026-05-13,28456.0,False,30
URDH-0000622,FAT-0000675,Elektronike,DOK-0000623,2026-02-18,2026-02-20,741000.0,False,30
URDH-0000623,FAT-0000676,Elektronike,DOK-0000624,2026-03-06,2026-03-08,19801.26,False,30
URDH-0000624,FAT-0000677,Elektronike,DOK-0000625,2026-04-08,2026-04-11,28698.74,False,30
URDH-0000625,FAT-0000678,Elektronike,DOK-0000626,2026-02-23,2026-02-23,8630.08,False,30
URDH-0000626,FAT-0000680,Elektronike,DOK-0000627,2026-05-21,2026-05-24,4435.45,False,30
URDH-0000627,FAT-0000681,Elektronike,DOK-0000628,2026-02-20,2026-02-20,65140.07,False,30
URDH-0000628,FAT-0000682,Elektronike,DOK-0000629,2026-03-24,2026-03-24,16655.55,False,30
URDH-0000629,FAT-0000683,Elektronike,DOK-0000630,2026-04-08,2026-04-14,23204.38,False,30
URDH-0000630,FAT-0000684,Elektronike,DOK-0000631,2026-02-17,2026-02-17,4797.83,False,30
URDH-0000631,FAT-0000685,Elektronike,DOK-0000632,2026-03-15,2026-03-15,19401.62,False,30
URDH-0000632,FAT-0000686,Elektronike,DOK-0000633,2026-04-10,2026-04-25,9280.55,False,30
URDH-0000633,FAT-0000687,Elektronike,DOK-0000634,2026-02-17,2026-03-24,228810.08,False,30
URDH-0000634,FAT-0000688,Elektronike,DOK-0000635,2026-04-05,2026-04-20,207510.79,False,30
URDH-0000635,FAT-0000689,Elektronike,DOK-0000636,2026-05-11,2026-05-11,57709.14,False,30
URDH-0000636,FAT-0000690,Elektronike,DOK-0000637,2026-03-01,2026-03-01,2201.56,False,30
URDH-0000637,FAT-0000691,Elektronike,DOK-0000638,2026-04-03,2026-04-07,17236.28,False,30
URDH-0000638,FAT-0000693,Elektronike,DOK-0000639,2026-02-15,2026-03-02,47000.0,False,30
URDH-0000639,FAT-0000694,Elektronike,DOK-0000640,2026-02-22,2026-02-24,5370.61,False,30
URDH-0000640,FAT-0000696,Elektronike,DOK-0000641,2026-02-18,2026-02-18,17290.92,False,30
URDH-0000641,FAT-0000697,Elektronike,DOK-0000642,2026-04-09,2026-04-25,2613.5,False,30
URDH-0000642,FAT-0000698,Elektronike,DOK-0000643,2026-06-01,2026-06-14,30095.58,False,30
URDH-0000643,FAT-0000699,Elektronike,DOK-0000644,2026-03-03,2026-03-03,19.23,False,30
URDH-0000644,FAT-0000700,Elektronike,DOK-0000645,2026-03-24,2026-03-24,0.38,False,30
URDH-0000645,FAT-0000701,Elektronike,DOK-0000646,2026-05-05,2026-05-12,75.54,False,30
URDH-0000646,FAT-0000702,Elektronike,DOK-0000647,2026-02-07,2026-02-21,129008.16,False,30
URDH-0000647,FAT-0000703,Elektronike,DOK-0000648,2026-04-03,2026-04-21,627160.21,False,30
URDH-0000648,FAT-0000704,Elektronike,DOK-0000649,2026-05-10,2026-06-07,71831.62,False,30
URDH-0000649,FAT-0000705,Elektronike,DOK-0000650,2026-02-26,2026-04-05,95800.0,False,30
URDH-0000650,FAT-0000706,Elektronike,DOK-0000651,2026-02-20,2026-02-27,46998.53,False,30
URDH-0000651,FAT-0000707,Elektronike,DOK-0000652,2026-03-23,2026-03-23,19821.58,False,30
URDH-0000652,FAT-0000708,Elektronike,DOK-0000653,2026-05-12,2026-05-29,29679.89,False,30
URDH-0000653,FAT-0000709,Elektronike,DOK-0000654,2026-02-28,2026-02-28,1540.72,False,30
URDH-0000654,FAT-0000710,Elektronike,DOK-0000655,2026-04-04,2026-04-04,14928.9,False,30
URDH-0000655,FAT-0000711,Elektronike,DOK-0000656,2026-04-28,2026-05-01,18430.38,False,30
URDH-0000656,FAT-0000712,Elektronike,DOK-0000657,2026-02-19,2026-03-03,97712.0,False,30
URDH-0000657,FAT-0000713,Elektronike,DOK-0000658,2026-02-22,2026-03-07,100000.0,False,30
URDH-0000658,FAT-0000714,Elektronike,DOK-0000659,2026-02-19,2026-03-26,130410.51,False,30
URDH-0000659,FAT-0000716,Elektronike,DOK-0000660,2026-02-23,2026-03-07,2195.2,False,30
URDH-0000660,FAT-0000717,Elektronike,DOK-0000661,2026-03-12,2026-03-12,2538.51,False,30
URDH-0000661,FAT-0000718,Elektronike,DOK-0000662,2026-04-13,2026-04-21,8266.29,False,30
URDH-0000662,FAT-0000719,Elektronike,DOK-0000663,2026-03-02,2026-03-02,165301.31,False,30
URDH-0000663,FAT-0000720,Elektronike,DOK-0000664,2026-04-22,2026-04-22,153867.06,False,30
URDH-0000664,FAT-0000721,Elektronike,DOK-0000665,2026-02-17,2026-03-05,99.88,False,30
URDH-0000665,FAT-0000722,Elektronike,DOK-0000666,2026-02-25,2026-03-25,316251.74,False,30
URDH-0000666,FAT-0000723,Elektronike,DOK-0000667,2026-03-22,2026-03-22,60096.86,False,30
URDH-0000667,FAT-0000724,Elektronike,DOK-0000668,2026-04-16,2026-04-21,18651.4,False,30
URDH-0000668,FAT-0000725,Elektronike,DOK-0000669,2026-03-01,2026-03-01,2500000.0,False,30
URDH-0000669,FAT-0000726,Elektronike,DOK-0000670,2026-02-22,2026-03-13,11835.7,False,30
URDH-0000670,FAT-0000728,Elektronike,DOK-0000671,2026-02-18,2026-03-27,37500.0,False,30
URDH-0000671,FAT-0000729,Elektronike,DOK-0000672,2026-02-22,2026-03-09,72500.0,False,30
URDH-0000672,FAT-0000730,Elektronike,DOK-0000673,2026-02-18,2026-02-18,43753.6,False,30
URDH-0000673,FAT-0000731,Elektronike,DOK-0000674,2026-04-07,2026-04-30,81646.4,False,30
URDH-0000674,FAT-0000732,Elektronike,DOK-0000675,2026-02-21,2026-02-22,101876.16,False,30
URDH-0000675,FAT-0000733,Elektronike,DOK-0000676,2026-04-13,2026-04-13,3133.85,False,30
URDH-0000676,FAT-0000734,Elektronike,DOK-0000677,2026-05-11,2026-05-11,51139.99,False,30
URDH-0000677,FAT-0000735,Elektronike,DOK-0000678,2026-02-16,2026-02-21,527900.0,False,30
URDH-0000678,FAT-0000737,Elektronike,DOK-0000679,2026-02-28,2026-02-28,3626290.0,False,30
URDH-0000679,FAT-0000738,Elektronike,DOK-0000680,2026-03-06,2026-03-09,501.97,False,30
URDH-0000680,FAT-0000739,Elektronike,DOK-0000681,2026-04-17,2026-04-23,376.76,False,30
URDH-0000681,FAT-0000740,Elektronike,DOK-0000682,2026-06-16,2026-06-16,5121.27,False,30
URDH-0000682,FAT-0000741,Elektronike,DOK-0000683,2026-03-04,2026-03-04,10397500.0,False,30
URDH-0000683,FAT-0000742,Elektronike,DOK-0000684,2026-02-23,2026-02-23,266.0,False,30
URDH-0000684,FAT-0000743,Elektronike,DOK-0000685,2026-02-19,2026-02-25,60871.44,False,30
URDH-0000685,FAT-0000744,Elektronike,DOK-0000686,2026-04-05,2026-04-05,425655.09,False,30
URDH-0000686,FAT-0000745,Elektronike,DOK-0000687,2026-05-12,2026-05-29,508473.47,False,30
URDH-0000687,FAT-0000746,Elektronike,DOK-0000688,2026-02-23,2026-03-13,13125.0,False,30
URDH-0000688,FAT-0000747,Elektronike,DOK-0000689,2026-02-24,2026-02-24,269561.51,False,30
URDH-0000689,FAT-0000748,Elektronike,DOK-0000690,2026-04-10,2026-04-10,3626.51,False,30
URDH-0000690,FAT-0000749,Elektronike,DOK-0000691,2026-04-28,2026-05-06,70871.98,False,30
URDH-0000691,FAT-0000750,Elektronike,DOK-0000692,2026-03-08,2026-03-08,6803.24,False,30
URDH-0000692,FAT-0000751,Elektronike,DOK-0000693,2026-04-25,2026-05-08,1263696.76,False,30
URDH-0000693,FAT-0000752,Elektronike,DOK-0000694,2026-02-27,2026-03-18,357.79,False,30
URDH-0000694,FAT-0000753,Elektronike,DOK-0000695,2026-04-19,2026-04-30,119648.14,False,30
URDH-0000695,FAT-0000754,Elektronike,DOK-0000696,2026-06-16,2026-08-16,198405.57,False,30
URDH-0000696,FAT-0000755,Elektronike,DOK-0000697,2026-02-23,2026-02-26,155500.0,False,30
URDH-0000697,FAT-0000756,Elektronike,DOK-0000698,2026-03-07,2026-03-10,18035.22,False,30
URDH-0000698,FAT-0000757,Elektronike,DOK-0000699,2026-03-30,2026-03-30,151476.84,False,30
URDH-0000699,FAT-0000758,Elektronike,DOK-0000700,2026-05-20,2026-05-20,40487.94,False,30
URDH-0000700,FAT-0000760,Elektronike,DOK-0000701,2026-03-23,2026-05-02,43137.7,False,30
URDH-0000701,FAT-0000761,Elektronike,DOK-0000702,2026-02-19,2026-03-05,441675.0,False,30
URDH-0000702,FAT-0000762,Elektronike,DOK-0000703,2026-02-20,2026-02-24,268345.29,False,30
URDH-0000703,FAT-0000763,Elektronike,DOK-0000704,2026-03-31,2026-05-10,4259.14,False,30
URDH-0000704,FAT-0000764,Elektronike,DOK-0000705,2026-04-26,2026-05-16,697395.57,False,30
URDH-0000705,FAT-0000765,Elektronike,DOK-0000706,2026-02-26,2026-02-26,487455.88,False,30
URDH-0000706,FAT-0000767,Elektronike,DOK-0000707,2026-03-05,2026-03-05,9197.36,False,30
URDH-0000707,FAT-0000768,Elektronike,DOK-0000708,2026-04-04,2026-04-11,3302.64,False,30
URDH-0000708,FAT-0000769,Elektronike,DOK-0000709,2026-02-27,2026-03-01,713028.41,False,30
URDH-0000709,FAT-0000770,Elektronike,DOK-0000710,2026-03-29,2026-04-10,1846471.59,False,30
URDH-0000710,FAT-0000771,Elektronike,DOK-0000711,2026-03-04,2026-03-12,53359.53,False,30
URDH-0000711,FAT-0000772,Elektronike,DOK-0000712,2026-04-26,2026-04-26,646640.47,False,30
URDH-0000712,FAT-0000773,Elektronike,DOK-0000713,2026-02-19,2026-02-26,217725.27,False,30
URDH-0000713,FAT-0000774,Elektronike,DOK-0000714,2026-04-09,2026-04-11,430164.89,False,30
URDH-0000714,FAT-0000775,Elektronike,DOK-0000715,2026-06-04,2026-06-10,22109.84,False,30
URDH-0000715,FAT-0000776,Elektronike,DOK-0000716,2026-02-26,2026-02-26,76530.18,False,30
URDH-0000716,FAT-0000777,Elektronike,DOK-0000717,2026-04-19,2026-05-03,58768.31,False,30
URDH-0000717,FAT-0000778,Elektronike,DOK-0000718,2026-05-25,2026-06-04,98746.46,False,30
URDH-0000718,FAT-0000779,Elektronike,DOK-0000719,2026-02-27,2026-02-27,99000.0,False,30
URDH-0000719,FAT-0000780,Elektronike,DOK-0000720,2026-02-25,2026-03-04,100000.0,False,30
URDH-0000720,FAT-0000781,Elektronike,DOK-0000721,2026-02-22,2026-02-28,3049.93,False,30
URDH-0000721,FAT-0000782,Elektronike,DOK-0000722,2026-04-23,2026-04-23,697.75,False,30
URDH-0000722,FAT-0000783,Elektronike,DOK-0000723,2026-05-27,2026-06-07,1252.32,False,30
URDH-0000723,FAT-0000784,Elektronike,DOK-0000724,2026-02-13,2026-03-03,48339.91,False,30
URDH-0000724,FAT-0000785,Elektronike,DOK-0000725,2026-04-07,2026-04-12,36117.96,False,30
URDH-0000725,FAT-0000787,Elektronike,DOK-0000726,2026-02-28,2026-03-10,0.0,False,30
URDH-0000726,FAT-0000788,Elektronike,DOK-0000727,2026-02-25,2026-02-25,825000.0,False,30
URDH-0000727,FAT-0000789,Elektronike,DOK-0000728,2026-02-15,2026-02-25,6758.24,False,30
URDH-0000728,FAT-0000790,Elektronike,DOK-0000729,2026-03-30,2026-04-19,89493.35,False,30
URDH-0000729,FAT-0000791,Elektronike,DOK-0000730,2026-05-16,2026-05-29,3731.4,False,30
URDH-0000730,FAT-0000793,Elektronike,DOK-0000731,2026-04-15,2026-05-01,42043.25,False,30
URDH-0000731,FAT-0000794,Elektronike,DOK-0000732,2026-06-08,2026-06-24,39432.02,False,30
URDH-0000732,FAT-0000795,Elektronike,DOK-0000733,2026-03-04,2026-03-04,8091.8,False,30
URDH-0000733,FAT-0000796,Elektronike,DOK-0000734,2026-04-13,2026-04-13,228958.2,False,30
URDH-0000734,FAT-0000797,Elektronike,DOK-0000735,2026-03-04,2026-03-30,895000.0,False,30
URDH-0000735,FAT-0000798,Elektronike,DOK-0000736,2026-02-22,2026-04-11,13843.83,False,30
URDH-0000736,FAT-0000799,Elektronike,DOK-0000737,2026-04-03,2026-04-03,684.85,False,30
URDH-0000737,FAT-0000800,Elektronike,DOK-0000738,2026-05-16,2026-07-07,16085.32,False,30
URDH-0000738,FAT-0000802,Elektronike,DOK-0000739,2026-02-21,2026-03-06,21595.22,False,30
URDH-0000739,FAT-0000803,Elektronike,DOK-0000740,2026-04-08,2026-04-21,9628.86,False,30
URDH-0000740,FAT-0000804,Elektronike,DOK-0000741,2026-05-23,2026-05-23,53775.92,False,30
URDH-0000741,FAT-0000805,Elektronike,DOK-0000742,2026-02-24,2026-02-24,62082.4,False,30
URDH-0000742,FAT-0000806,Elektronike,DOK-0000743,2026-03-26,2026-03-26,27078.35,False,30
URDH-0000743,FAT-0000807,Elektronike,DOK-0000744,2026-05-14,2026-05-14,10839.25,False,30
URDH-0000744,FAT-0000809,Elektronike,DOK-0000745,2026-03-25,2026-04-01,30362.42,False,30
URDH-0000745,FAT-0000810,Elektronike,DOK-0000746,2026-05-05,2026-05-05,18955.42,False,30
URDH-0000746,FAT-0000811,Elektronike,DOK-0000747,2026-03-01,2026-03-09,1349360.2,False,30
URDH-0000747,FAT-0000812,Elektronike,DOK-0000748,2026-03-02,2026-03-02,56785.65,False,30
URDH-0000748,FAT-0000814,Elektronike,DOK-0000749,2026-05-23,2026-05-27,14096.26,False,30
URDH-0000749,FAT-0000815,Elektronike,DOK-0000750,2026-02-17,2026-02-26,66459.95,False,30
URDH-0000750,FAT-0000816,Elektronike,DOK-0000751,2026-03-17,2026-03-28,25206.72,False,30
URDH-0000751,FAT-0000817,Elektronike,DOK-0000752,2026-03-02,2026-03-08,140968.34,False,30
URDH-0000752,FAT-0000818,Elektronike,DOK-0000753,2026-03-29,2026-04-02,209031.66,False,30
URDH-0000753,FAT-0000819,Elektronike,DOK-0000754,2026-03-02,2026-03-28,39710.0,False,30
URDH-0000754,FAT-0000820,Elektronike,DOK-0000755,2026-02-21,2026-02-26,436820.01,False,30
URDH-0000755,FAT-0000821,Elektronike,DOK-0000756,2026-04-13,2026-04-28,112179.99,False,30
URDH-0000756,FAT-0000822,Elektronike,DOK-0000757,2026-03-04,2026-03-04,5025.0,False,30
URDH-0000757,FAT-0000823,Elektronike,DOK-0000758,2026-02-26,2026-02-26,784980.27,False,30
URDH-0000758,FAT-0000824,Elektronike,DOK-0000759,2026-04-15,2026-04-15,115019.73,False,30
URDH-0000759,FAT-0000825,Elektronike,DOK-0000760,2026-02-26,2026-03-30,81320.51,False,30
URDH-0000760,FAT-0000826,Elektronike,DOK-0000761,2026-03-29,2026-03-29,18479.49,False,30
URDH-0000761,FAT-0000827,Elektronike,DOK-0000762,2026-02-24,2026-03-17,60872.45,False,30
URDH-0000762,FAT-0000828,Elektronike,DOK-0000763,2026-04-02,2026-04-04,26054.98,False,30
URDH-0000763,FAT-0000829,Elektronike,DOK-0000764,2026-04-21,2026-04-21,13072.57,False,30
URDH-0000764,FAT-0000830,Elektronike,DOK-0000765,2026-02-24,2026-04-20,232222.07,False,30
URDH-0000765,FAT-0000831,Elektronike,DOK-0000766,2026-04-12,2026-06-13,469577.93,False,30
URDH-0000766,FAT-0000833,Elektronike,DOK-0000767,2026-04-23,2026-04-23,2390.89,False,30
URDH-0000767,FAT-0000834,Elektronike,DOK-0000768,2026-02-17,2026-02-22,6860.0,False,30
URDH-0000768,FAT-0000835,Elektronike,DOK-0000769,2026-02-19,2026-04-13,971.63,False,30
URDH-0000769,FAT-0000836,Elektronike,DOK-0000770,2026-04-03,2026-04-03,5491.35,False,30
URDH-0000770,FAT-0000837,Elektronike,DOK-0000771,2026-05-02,2026-05-02,7688.03,False,30
URDH-0000771,FAT-0000838,Elektronike,DOK-0000772,2026-02-25,2026-03-07,274024.22,False,30
URDH-0000772,FAT-0000839,Elektronike,DOK-0000773,2026-04-25,2026-05-07,274875.78,False,30
URDH-0000773,FAT-0000840,Elektronike,DOK-0000774,2026-02-21,2026-02-26,327057.4,False,30
URDH-0000774,FAT-0000841,Elektronike,DOK-0000775,2026-04-12,2026-05-04,140442.6,False,30
URDH-0000775,FAT-0000842,Elektronike,DOK-0000776,2026-03-02,2026-03-09,653074.66,False,30
URDH-0000776,FAT-0000843,Elektronike,DOK-0000777,2026-04-05,2026-04-23,92125.34,False,30
URDH-0000777,FAT-0000844,Elektronike,DOK-0000778,2026-02-25,2026-03-10,2489613.75,False,30
URDH-0000778,FAT-0000845,Elektronike,DOK-0000779,2026-04-16,2026-05-26,5191.95,False,30
URDH-0000779,FAT-0000846,Elektronike,DOK-0000780,2026-02-23,2026-02-23,7769.28,False,30
URDH-0000780,FAT-0000847,Elektronike,DOK-0000781,2026-04-25,2026-04-25,17230.72,False,30
URDH-0000781,FAT-0000848,Elektronike,DOK-0000782,2026-02-25,2026-03-09,28192.42,False,30
URDH-0000782,FAT-0000849,Elektronike,DOK-0000783,2026-03-24,2026-04-08,18331.73,False,30
URDH-0000783,FAT-0000850,Elektronike,DOK-0000784,2026-05-24,2026-06-01,53475.85,False,30
URDH-0000784,FAT-0000851,Elektronike,DOK-0000785,2026-02-26,2026-03-15,0.0,False,30
URDH-0000785,FAT-0000852,Elektronike,DOK-0000786,2026-02-20,2026-03-04,735.38,False,30
URDH-0000786,FAT-0000853,Elektronike,DOK-0000787,2026-04-02,2026-04-18,78.95,False,30
URDH-0000787,FAT-0000854,Elektronike,DOK-0000788,2026-03-05,2026-03-15,36000.0,False,30
URDH-0000788,FAT-0000855,Elektronike,DOK-0000789,2026-03-02,2026-03-11,91500.0,False,30
URDH-0000789,FAT-0000856,Elektronike,DOK-0000790,2026-02-22,2026-02-26,4854.94,False,30
URDH-0000790,FAT-0000857,Elektronike,DOK-0000791,2026-03-29,2026-04-04,12665.06,False,30
URDH-0000791,FAT-0000858,Elektronike,DOK-0000792,2026-03-08,2026-03-08,15963.2,False,30
URDH-0000792,FAT-0000859,Elektronike,DOK-0000793,2026-04-17,2026-04-17,13534.28,False,30
URDH-0000793,FAT-0000860,Elektronike,DOK-0000794,2026-06-16,2026-07-27,10402.51,False,30
URDH-0000794,FAT-0000861,Elektronike,DOK-0000795,2026-03-02,2026-03-19,31927.89,False,30
URDH-0000795,FAT-0000862,Elektronike,DOK-0000796,2026-05-02,2026-05-02,12707.51,False,30
URDH-0000796,FAT-0000863,Elektronike,DOK-0000797,2026-06-26,2026-07-04,54454.61,False,30
URDH-0000797,FAT-0000864,Elektronike,DOK-0000798,2026-02-22,2026-02-26,39144.66,False,30
URDH-0000798,FAT-0000865,Elektronike,DOK-0000799,2026-04-18,2026-04-18,58855.34,False,30
URDH-0000799,FAT-0000866,Elektronike,DOK-0000800,2026-03-01,2026-04-09,3433.72,False,30
URDH-0000800,FAT-0000867,Elektronike,DOK-0000801,2026-04-19,2026-05-23,230.35,False,30
URDH-0000801,FAT-0000868,Elektronike,DOK-0000802,2026-06-14,2026-06-14,385.92,False,30
URDH-0000802,FAT-0000869,Elektronike,DOK-0000803,2026-02-28,2026-03-13,28546.84,False,30
URDH-0000803,FAT-0000870,Elektronike,DOK-0000804,2026-03-29,2026-03-29,69898.16,False,30
URDH-0000804,FAT-0000872,Elektronike,DOK-0000805,2026-04-06,2026-04-10,24718.52,False,30
URDH-0000805,FAT-0000873,Elektronike,DOK-0000806,2026-04-17,2026-04-17,8623.06,False,30
URDH-0000806,FAT-0000874,Elektronike,DOK-0000807,2026-02-25,2026-02-25,46.34,False,30
URDH-0000807,FAT-0000875,Elektronike,DOK-0000808,2026-04-03,2026-04-03,688.75,False,30
URDH-0000808,FAT-0000876,Elektronike,DOK-0000809,2026-05-16,2026-05-16,1014.91,False,30
URDH-0000809,FAT-0000877,Elektronike,DOK-0000810,2026-02-20,2026-02-27,503814.25,False,30
URDH-0000810,FAT-0000878,Elektronike,DOK-0000811,2026-03-21,2026-04-12,127526.42,False,30
URDH-0000811,FAT-0000879,Elektronike,DOK-0000812,2026-04-28,2026-04-28,68659.32,False,30
URDH-0000812,FAT-0000880,Elektronike,DOK-0000813,2026-03-03,2026-03-13,105936.77,False,30
URDH-0000813,FAT-0000881,Elektronike,DOK-0000814,2026-04-14,2026-04-24,21045.22,False,30
URDH-0000814,FAT-0000882,Elektronike,DOK-0000815,2026-04-28,2026-04-28,21018.0,False,30
URDH-0000815,FAT-0000883,Elektronike,DOK-0000816,2026-02-19,2026-02-28,79864.83,False,30
URDH-0000816,FAT-0000884,Elektronike,DOK-0000817,2026-03-22,2026-03-29,20135.17,False,30
URDH-0000817,FAT-0000885,Elektronike,DOK-0000818,2026-02-26,2026-03-07,23142.26,False,30
URDH-0000818,FAT-0000886,Elektronike,DOK-0000819,2026-04-10,2026-04-10,15965.3,False,30
URDH-0000819,FAT-0000887,Elektronike,DOK-0000820,2026-05-29,2026-05-29,38892.45,False,30
URDH-0000820,FAT-0000888,Elektronike,DOK-0000821,2026-02-20,2026-04-22,22897.8,False,30
URDH-0000821,FAT-0000889,Elektronike,DOK-0000822,2026-04-03,2026-04-05,57102.2,False,30
URDH-0000822,FAT-0000891,Elektronike,DOK-0000823,2026-04-02,2026-04-20,16564.39,False,30
URDH-0000823,FAT-0000892,Elektronike,DOK-0000824,2026-05-17,2026-06-09,3167.21,False,30
URDH-0000824,FAT-0000893,Elektronike,DOK-0000825,2026-02-19,2026-02-22,28950.0,False,30
URDH-0000825,FAT-0000894,Elektronike,DOK-0000826,2026-02-25,2026-02-25,11339.08,False,30
URDH-0000826,FAT-0000895,Elektronike,DOK-0000827,2026-03-23,2026-04-09,58660.92,False,30
URDH-0000827,FAT-0000896,Elektronike,DOK-0000828,2026-02-28,2026-04-01,1264200.0,False,30
URDH-0000828,FAT-0000897,Elektronike,DOK-0000829,2026-02-27,2026-02-27,106335.65,False,30
URDH-0000829,FAT-0000898,Elektronike,DOK-0000830,2026-04-17,2026-04-19,18443.21,False,30
URDH-0000830,FAT-0000899,Elektronike,DOK-0000831,2026-05-29,2026-06-09,175198.64,False,30
URDH-0000831,FAT-0000900,Elektronike,DOK-0000832,2026-02-23,2026-02-23,34944.16,False,30
URDH-0000832,FAT-0000902,Elektronike,DOK-0000833,2026-04-05,2026-04-13,25414.94,False,30
URDH-0000833,FAT-0000903,Elektronike,DOK-0000834,2026-03-01,2026-04-09,75227.17,False,30
URDH-0000834,FAT-0000904,Elektronike,DOK-0000835,2026-04-21,2026-04-21,20772.83,False,30
URDH-0000835,FAT-0000905,Elektronike,DOK-0000836,2026-02-26,2026-02-26,13000.0,False,30
URDH-0000836,FAT-0000906,Elektronike,DOK-0000837,2026-03-01,2026-04-15,319044.81,False,30
URDH-0000837,FAT-0000907,Elektronike,DOK-0000838,2026-04-15,2026-04-21,242465.19,False,30
URDH-0000838,FAT-0000908,Elektronike,DOK-0000839,2026-03-04,2026-03-04,668000.0,False,30
URDH-0000839,FAT-0000909,Elektronike,DOK-0000840,2026-03-03,2026-03-10,678550.0,False,30
URDH-0000840,FAT-0000910,Elektronike,DOK-0000841,2026-02-26,2026-02-28,480525.04,False,30
URDH-0000841,FAT-0000911,Elektronike,DOK-0000842,2026-03-25,2026-05-17,334840.87,False,30
URDH-0000842,FAT-0000912,Elektronike,DOK-0000843,2026-05-04,2026-05-14,463734.1,False,30
URDH-0000843,FAT-0000913,Elektronike,DOK-0000844,2026-03-07,2026-03-11,2012.09,False,30
URDH-0000844,FAT-0000914,Elektronike,DOK-0000845,2026-04-01,2026-05-11,7987.91,False,30
URDH-0000845,FAT-0000915,Elektronike,DOK-0000846,2026-02-26,2026-03-07,3388.58,False,30
URDH-0000846,FAT-0000916,Elektronike,DOK-0000847,2026-04-16,2026-04-30,361.42,False,30
URDH-0000847,FAT-0000917,Elektronike,DOK-0000848,2026-02-25,2026-02-27,20344.32,False,30
URDH-0000848,FAT-0000918,Elektronike,DOK-0000849,2026-03-30,2026-04-02,32655.68,False,30
URDH-0000849,FAT-0000919,Elektronike,DOK-0000850,2026-02-26,2026-03-12,17600.0,False,30
URDH-0000850,FAT-0000920,Elektronike,DOK-0000851,2026-02-27,2026-02-27,309784.39,False,30
URDH-0000851,FAT-0000921,Elektronike,DOK-0000852,2026-04-09,2026-04-16,97033.61,False,30
URDH-0000852,FAT-0000922,Elektronike,DOK-0000853,2026-03-07,2026-03-31,3300.62,False,30
URDH-0000853,FAT-0000923,Elektronike,DOK-0000854,2026-05-01,2026-05-08,27699.38,False,30
URDH-0000854,FAT-0000925,Elektronike,DOK-0000855,2026-02-26,2026-02-26,24916.51,False,30
URDH-0000855,FAT-0000926,Elektronike,DOK-0000856,2026-03-21,2026-05-04,319469.86,False,30
URDH-0000856,FAT-0000927,Elektronike,DOK-0000857,2026-04-17,2026-05-12,155611.63,False,30
URDH-0000857,FAT-0000928,Elektronike,DOK-0000858,2026-03-01,2026-04-30,719000.0,False,30
URDH-0000858,FAT-0000930,Elektronike,DOK-0000859,2026-02-22,2026-03-08,97020.0,False,30
URDH-0000859,FAT-0000931,Elektronike,DOK-0000860,2026-02-28,2026-02-28,2.98,False,30
URDH-0000860,FAT-0000932,Elektronike,DOK-0000861,2026-03-24,2026-03-31,19.02,False,30
URDH-0000861,FAT-0000933,Elektronike,DOK-0000862,2026-03-06,2026-03-24,23915.62,False,30
URDH-0000862,FAT-0000934,Elektronike,DOK-0000863,2026-04-12,2026-04-20,74084.38,False,30
URDH-0000863,FAT-0000935,Elektronike,DOK-0000864,2026-03-01,2026-03-01,122740.13,False,30
URDH-0000864,FAT-0000936,Elektronike,DOK-0000865,2026-04-16,2026-05-02,65990.47,False,30
URDH-0000865,FAT-0000937,Elektronike,DOK-0000866,2026-05-29,2026-06-05,81269.4,False,30
URDH-0000866,FAT-0000938,Elektronike,DOK-0000867,2026-02-26,2026-02-26,641850.0,False,30
URDH-0000867,FAT-0000940,Elektronike,DOK-0000868,2026-02-22,2026-02-22,11327.58,False,30
URDH-0000868,FAT-0000941,Elektronike,DOK-0000869,2026-04-25,2026-05-09,22588.16,False,30
URDH-0000869,FAT-0000942,Elektronike,DOK-0000870,2026-06-17,2026-08-01,16084.26,False,30
URDH-0000870,FAT-0000943,Elektronike,DOK-0000871,2026-02-26,2026-04-11,322868.49,False,30
URDH-0000871,FAT-0000944,Elektronike,DOK-0000872,2026-03-31,2026-04-13,57131.51,False,30
URDH-0000872,FAT-0000945,Elektronike,DOK-0000873,2026-02-15,2026-03-01,909036.43,False,30
URDH-0000873,FAT-0000946,Elektronike,DOK-0000874,2026-04-11,2026-04-24,90639.57,False,30
URDH-0000874,FAT-0000947,Elektronike,DOK-0000875,2026-03-05,2026-03-08,54840.14,False,30
URDH-0000875,FAT-0000948,Elektronike,DOK-0000876,2026-05-02,2026-05-02,129139.22,False,30
URDH-0000876,FAT-0000949,Elektronike,DOK-0000877,2026-05-20,2026-06-05,65020.64,False,30
URDH-0000877,FAT-0000950,Elektronike,DOK-0000878,2026-02-22,2026-02-22,0.0,False,30
URDH-0000878,FAT-0000951,Elektronike,DOK-0000879,2026-04-08,2026-04-08,0.0,False,30
URDH-0000879,FAT-0000952,Elektronike,DOK-0000880,2026-05-26,2026-06-05,0.0,False,30
URDH-0000880,FAT-0000953,Elektronike,DOK-0000881,2026-02-26,2026-03-14,75611.68,False,30
URDH-0000881,FAT-0000954,Elektronike,DOK-0000882,2026-04-18,2026-05-01,325357.3,False,30
URDH-0000882,FAT-0000955,Elektronike,DOK-0000883,2026-05-11,2026-05-20,12001.02,False,30
URDH-0000883,FAT-0000957,Elektronike,DOK-0000884,2026-04-04,2026-04-14,4769.27,False,30
URDH-0000884,FAT-0000958,Elektronike,DOK-0000885,2026-02-15,2026-02-23,99000.0,False,30
URDH-0000885,FAT-0000959,Elektronike,DOK-0000886,2026-03-07,2026-03-07,493000.0,False,30
URDH-0000886,FAT-0000960,Elektronike,DOK-0000887,2026-02-19,2026-03-08,78224.02,False,30
URDH-0000887,FAT-0000961,Elektronike,DOK-0000888,2026-04-10,2026-05-17,21425.98,False,30
URDH-0000888,FAT-0000962,Elektronike,DOK-0000889,2026-03-06,2026-03-14,14572.98,False,30
URDH-0000889,FAT-0000963,Elektronike,DOK-0000890,2026-04-01,2026-04-17,76587.91,False,30
URDH-0000890,FAT-0000964,Elektronike,DOK-0000891,2026-05-16,2026-05-16,7839.11,False,30
URDH-0000891,FAT-0000965,Elektronike,DOK-0000892,2026-02-26,2026-04-13,174884.28,False,30
URDH-0000892,FAT-0000966,Elektronike,DOK-0000893,2026-03-28,2026-05-05,65113.72,False,30
URDH-0000893,FAT-0000967,Elektronike,DOK-0000894,2026-02-23,2026-03-04,0.0,False,30
URDH-0000894,FAT-0000968,Elektronike,DOK-0000895,2026-03-23,2026-03-23,0.0,False,30
URDH-0000895,FAT-0000969,Elektronike,DOK-0000896,2026-05-15,2026-05-15,0.0,False,30
URDH-0000896,FAT-0000970,Elektronike,DOK-0000897,2026-02-24,2026-02-24,818520.0,False,30
URDH-0000897,FAT-0000971,Elektronike,DOK-0000898,2026-02-17,2026-03-01,5051.89,False,30
URDH-0000898,FAT-0000972,Elektronike,DOK-0000899,2026-03-19,2026-03-26,3193.72,False,30
URDH-0000899,FAT-0000973,Elektronike,DOK-0000900,2026-05-10,2026-06-02,4954.38,False,30
URDH-0000900,FAT-0000974,Elektronike,DOK-0000901,2026-02-28,2026-03-14,217213.01,False,30
URDH-0000901,FAT-0000975,Elektronike,DOK-0000902,2026-03-20,2026-03-20,85752.99,False,30
URDH-0000902,FAT-0000977,Elektronike,DOK-0000903,2026-02-26,2026-03-10,72800.0,False,30
URDH-0000903,FAT-0000978,Elektronike,DOK-0000904,2026-02-28,2026-04-03,393304.05,False,30
URDH-0000904,FAT-0000979,Elektronike,DOK-0000905,2026-03-26,2026-03-28,1571247.95,False,30
URDH-0000905,FAT-0000980,Elektronike,DOK-0000906,2026-03-04,2026-03-04,177.88,False,30
URDH-0000906,FAT-0000981,Elektronike,DOK-0000907,2026-04-17,2026-04-17,655.93,False,30
URDH-0000907,FAT-0000982,Elektronike,DOK-0000908,2026-05-20,2026-05-20,2766.19,False,30
URDH-0000908,FAT-0000984,Elektronike,DOK-0000909,2026-02-21,2026-02-21,143581.34,False,30
URDH-0000909,FAT-0000986,Elektronike,DOK-0000910,2026-02-23,2026-03-03,1105574.03,False,30
URDH-0000910,FAT-0000987,Elektronike,DOK-0000911,2026-04-25,2026-05-01,903425.97,False,30
URDH-0000911,FAT-0000988,Elektronike,DOK-0000912,2026-02-27,2026-03-11,26250.0,False,30
URDH-0000912,FAT-0000989,Elektronike,DOK-0000913,2026-03-08,2026-03-15,22606.56,False,30
URDH-0000913,FAT-0000990,Elektronike,DOK-0000914,2026-04-20,2026-04-20,45393.44,False,30
URDH-0000914,FAT-0000991,Elektronike,DOK-0000915,2026-02-24,2026-02-27,440000.0,False,30
URDH-0000915,FAT-0000992,Elektronike,DOK-0000916,2026-02-25,2026-04-06,300000.0,False,30
URDH-0000916,FAT-0000993,Elektronike,DOK-0000917,2026-02-17,2026-03-04,16500.0,False,30
URDH-0000917,FAT-0000994,Elektronike,DOK-0000918,2026-02-21,2026-04-11,0.0,False,30
URDH-0000918,FAT-0000995,Elektronike,DOK-0000919,2026-04-11,2026-04-21,0.0,False,30
URDH-0000919,FAT-0000996,Elektronike,DOK-0000920,2026-06-11,2026-06-11,0.0,False,30
URDH-0000920,FAT-0000997,Elektronike,DOK-0000921,2026-02-26,2026-03-09,21880.0,False,30
URDH-0000921,FAT-0000998,Elektronike,DOK-0000922,2026-03-01,2026-03-23,93745.14,False,30
URDH-0000922,FAT-0000999,Elektronike,DOK-0000923,2026-03-26,2026-03-31,47001.14,False,30
URDH-0000923,FAT-0001000,Elektronike,DOK-0000924,2026-04-29,2026-04-29,248153.71,False,30
URDH-0000924,FAT-0001001,Elektronike,DOK-0000925,2026-02-25,2026-03-06,14735000.0,False,30
URDH-0000925,FAT-0001002,Elektronike,DOK-0000926,2026-02-18,2026-02-18,460563.42,False,30
URDH-0000926,FAT-0001003,Elektronike,DOK-0000927,2026-03-18,2026-03-28,339436.58,False,30
URDH-0000927,FAT-0001004,Elektronike,DOK-0000928,2026-03-01,2026-03-01,51936.33,False,30
URDH-0000928,FAT-0001005,Elektronike,DOK-0000929,2026-04-20,2026-04-22,47063.67,False,30
URDH-0000929,FAT-0001006,Elektronike,DOK-0000930,2026-02-23,2026-02-23,9999974.0,False,30
URDH-0000930,FAT-0001007,Elektronike,DOK-0000931,2026-02-20,2026-04-09,34568.38,False,30
URDH-0000931,FAT-0001008,Elektronike,DOK-0000932,2026-03-27,2026-04-13,65431.62,False,30
URDH-0000932,FAT-0001009,Elektronike,DOK-0000933,2026-02-26,2026-02-26,16759.14,False,30
URDH-0000933,FAT-0001010,Elektronike,DOK-0000934,2026-03-30,2026-03-30,11103.28,False,30
URDH-0000934,FAT-0001011,Elektronike,DOK-0000935,2026-05-21,2026-06-10,24137.57,False,30
URDH-0000935,FAT-0001012,Elektronike,DOK-0000936,2026-02-23,2026-03-10,16633.54,False,30
URDH-0000936,FAT-0001013,Elektronike,DOK-0000937,2026-04-13,2026-04-21,64189.34,False,30
URDH-0000937,FAT-0001014,Elektronike,DOK-0000938,2026-05-03,2026-05-08,119177.12,False,30
URDH-0000938,FAT-0001015,Elektronike,DOK-0000939,2026-03-07,2026-04-24,131290.0,False,30
URDH-0000939,FAT-0001016,Elektronike,DOK-0000940,2026-02-24,2026-04-16,534237.13,False,30
URDH-0000940,FAT-0001017,Elektronike,DOK-0000941,2026-04-10,2026-05-09,345762.87,False,30
URDH-0000941,FAT-0001018,Elektronike,DOK-0000942,2026-02-28,2026-03-08,712455.28,False,30
URDH-0000942,FAT-0001019,Elektronike,DOK-0000943,2026-04-03,2026-05-01,429294.72,False,30
URDH-0000943,FAT-0001020,Elektronike,DOK-0000944,2026-03-02,2026-03-02,15104.77,False,30
URDH-0000944,FAT-0001021,Elektronike,DOK-0000945,2026-04-14,2026-05-01,2295.23,False,30
URDH-0000945,FAT-0001022,Elektronike,DOK-0000946,2026-03-01,2026-03-01,42435.94,False,30
URDH-0000946,FAT-0001023,Elektronike,DOK-0000947,2026-04-14,2026-04-14,4964.06,False,30
URDH-0000947,FAT-0001024,Elektronike,DOK-0000948,2026-03-09,2026-03-22,78471.38,False,30
URDH-0000948,FAT-0001026,Elektronike,DOK-0000949,2026-05-01,2026-05-16,2224.98,False,30
URDH-0000949,FAT-0001027,Elektronike,DOK-0000950,2026-03-04,2026-03-04,7529.91,False,30
URDH-0000950,FAT-0001028,Elektronike,DOK-0000951,2026-04-19,2026-04-19,1260.99,False,30
URDH-0000951,FAT-0001029,Elektronike,DOK-0000952,2026-05-17,2026-05-19,8709.1,False,30
URDH-0000952,FAT-0001030,Elektronike,DOK-0000953,2026-03-01,2026-03-06,4548663.72,False,30
URDH-0000953,FAT-0001031,Elektronike,DOK-0000954,2026-02-17,2026-02-28,7910.57,False,30
URDH-0000954,FAT-0001032,Elektronike,DOK-0000955,2026-04-03,2026-04-03,6389.43,False,30
URDH-0000955,FAT-0001033,Elektronike,DOK-0000956,2026-03-01,2026-03-15,63671.67,False,30
URDH-0000956,FAT-0001035,Elektronike,DOK-0000957,2026-02-22,2026-03-02,394471.13,False,30
URDH-0000957,FAT-0001036,Elektronike,DOK-0000958,2026-03-29,2026-04-06,22195.37,False,30
URDH-0000958,FAT-0001037,Elektronike,DOK-0000959,2026-03-03,2026-03-21,10240.37,False,30
URDH-0000959,FAT-0001038,Elektronike,DOK-0000960,2026-04-14,2026-04-14,799.63,False,30
URDH-0000960,FAT-0001039,Elektronike,DOK-0000961,2026-02-25,2026-03-04,798181.34,False,30
URDH-0000961,FAT-0001040,Elektronike,DOK-0000962,2026-04-20,2026-05-07,331605.05,False,30
URDH-0000962,FAT-0001041,Elektronike,DOK-0000963,2026-06-24,2026-08-01,310213.61,False,30
URDH-0000963,FAT-0001043,Elektronike,DOK-0000964,2026-03-20,2026-04-01,523.35,False,30
URDH-0000964,FAT-0001044,Elektronike,DOK-0000965,2026-04-20,2026-04-20,131.12,False,30
URDH-0000965,FAT-0001045,Elektronike,DOK-0000966,2026-03-01,2026-03-14,37304.48,False,30
URDH-0000966,FAT-0001046,Elektronike,DOK-0000967,2026-03-15,2026-04-02,110600.54,False,30
URDH-0000967,FAT-0001048,Elektronike,DOK-0000968,2026-03-08,2026-04-05,103838.0,False,30
URDH-0000968,FAT-0001049,Elektronike,DOK-0000969,2026-03-01,2026-03-02,46281.03,False,30
URDH-0000969,FAT-0001050,Elektronike,DOK-0000970,2026-03-20,2026-04-02,53718.97,False,30
URDH-0000970,FAT-0001051,Elektronike,DOK-0000971,2026-03-03,2026-03-05,221080.55,False,30
URDH-0000971,FAT-0001053,Elektronike,DOK-0000972,2026-03-04,2026-03-09,1665624.17,False,30
URDH-0000972,FAT-0001054,Elektronike,DOK-0000973,2026-03-30,2026-04-06,342775.83,False,30
URDH-0000973,FAT-0001055,Elektronike,DOK-0000974,2026-03-03,2026-03-03,525824.2,False,30
URDH-0000974,FAT-0001056,Elektronike,DOK-0000975,2026-04-29,2026-05-12,539109.46,False,30
URDH-0000975,FAT-0001057,Elektronike,DOK-0000976,2026-06-12,2026-06-27,382799.08,False,30
URDH-0000976,FAT-0001058,Elektronike,DOK-0000977,2026-03-02,2026-03-11,25121.45,False,30
URDH-0000977,FAT-0001059,Elektronike,DOK-0000978,2026-04-20,2026-06-12,29378.55,False,30
URDH-0000978,FAT-0001060,Elektronike,DOK-0000979,2026-03-02,2026-03-17,82432.03,False,30
URDH-0000979,FAT-0001061,Elektronike,DOK-0000980,2026-03-28,2026-04-06,5047.97,False,30
URDH-0000980,FAT-0001062,Elektronike,DOK-0000981,2026-03-11,2026-03-17,859.11,False,30
URDH-0000981,FAT-0001064,Elektronike,DOK-0000982,2026-05-23,2026-06-05,69782.86,False,30
URDH-0000982,FAT-0001065,Elektronike,DOK-0000983,2026-03-08,2026-03-19,0.0,False,30
URDH-0000983,FAT-0001066,Elektronike,DOK-0000984,2026-04-08,2026-04-13,0.0,False,30
URDH-0000984,FAT-0001067,Elektronike,DOK-0000985,2026-02-20,2026-03-02,29569.0,False,30
URDH-0000985,FAT-0001068,Elektronike,DOK-0000986,2026-02-24,2026-03-05,53553.19,False,30
URDH-0000986,FAT-0001069,Elektronike,DOK-0000987,2026-03-22,2026-05-19,22046.81,False,30
URDH-0000987,FAT-0001070,Elektronike,DOK-0000988,2026-02-23,2026-03-02,2953042.23,False,30
URDH-0000988,FAT-0001071,Elektronike,DOK-0000989,2026-03-17,2026-04-01,5943096.74,False,30
URDH-0000989,FAT-0001072,Elektronike,DOK-0000990,2026-04-19,2026-05-03,436716.03,False,30
URDH-0000990,FAT-0001073,Elektronike,DOK-0000991,2026-03-06,2026-03-15,902800.0,False,30
URDH-0000991,FAT-0001074,Elektronike,DOK-0000992,2026-03-07,2026-03-19,228905.59,False,30
URDH-0000992,FAT-0001075,Elektronike,DOK-0000993,2026-04-18,2026-04-18,149491.37,False,30
URDH-0000993,FAT-0001076,Elektronike,DOK-0000994,2026-06-16,2026-06-16,231733.04,False,30
URDH-0000994,FAT-0001077,Elektronike,DOK-0000995,2026-02-24,2026-02-24,44086.65,False,30
URDH-0000995,FAT-0001078,Elektronike,DOK-0000996,2026-04-16,2026-04-16,32087.21,False,30
URDH-0000996,FAT-0001079,Elektronike,DOK-0000997,2026-05-08,2026-05-21,19706.14,False,30
URDH-0000997,FAT-0001080,Elektronike,DOK-0000998,2026-03-11,2026-03-11,21764.07,False,30
URDH-0000998,FAT-0001081,Elektronike,DOK-0000999,2026-04-06,2026-04-08,31970.63,False,30
URDH-0000999,FAT-0001083,Elektronike,DOK-0001000,2026-02-22,2026-02-22,6075.29,False,30
URDH-0001000,FAT-0001084,Elektronike,DOK-0001001,2026-04-04,2026-04-04,4880.18,False,30
URDH-0001001,FAT-0001085,Elektronike,DOK-0001002,2026-05-11,2026-05-11,4444.53,False,30
URDH-0001002,FAT-0001086,Elektronike,DOK-0001003,2026-02-23,2026-04-19,1697648.87,False,30
URDH-0001003,FAT-0001087,Elektronike,DOK-0001004,2026-04-06,2026-04-26,1115229.72,False,30
URDH-0001004,FAT-0001088,Elektronike,DOK-0001005,2026-06-09,2026-06-12,993761.4,False,30
URDH-0001005,FAT-0001089,Elektronike,DOK-0001006,2026-02-23,2026-02-23,584348.28,False,30
URDH-0001006,FAT-0001090,Elektronike,DOK-0001007,2026-03-21,2026-03-21,197623.64,False,30
URDH-0001007,FAT-0001092,Elektronike,DOK-0001008,2026-03-08,2026-04-20,809759.18,False,30
URDH-0001008,FAT-0001093,Elektronike,DOK-0001009,2026-04-17,2026-05-09,246914.85,False,30
URDH-0001009,FAT-0001094,Elektronike,DOK-0001010,2026-06-15,2026-07-29,309525.98,False,30
URDH-0001010,FAT-0001095,Elektronike,DOK-0001011,2026-02-27,2026-02-27,3090.56,False,30
URDH-0001011,FAT-0001097,Elektronike,DOK-0001012,2026-05-31,2026-06-10,4202.21,False,30
URDH-0001012,FAT-0001099,Elektronike,DOK-0001013,2026-04-25,2026-05-01,9471.16,False,30
URDH-0001013,FAT-0001100,Elektronike,DOK-0001014,2026-05-18,2026-05-30,67254.28,False,30
URDH-0001014,FAT-0001101,Elektronike,DOK-0001015,2026-02-27,2026-02-27,36686.5,False,30
URDH-0001015,FAT-0001102,Elektronike,DOK-0001016,2026-04-26,2026-04-27,63313.5,False,30
URDH-0001016,FAT-0001103,Elektronike,DOK-0001017,2026-03-01,2026-03-15,62840.17,False,30
URDH-0001017,FAT-0001104,Elektronike,DOK-0001018,2026-04-19,2026-05-01,134320.02,False,30
URDH-0001018,FAT-0001105,Elektronike,DOK-0001019,2026-05-11,2026-05-21,133839.82,False,30
URDH-0001019,FAT-0001106,Elektronike,DOK-0001020,2026-03-03,2026-03-03,278514.52,False,30
URDH-0001020,FAT-0001107,Elektronike,DOK-0001021,2026-03-25,2026-04-01,1004935.48,False,30
URDH-0001021,FAT-0001108,Elektronike,DOK-0001022,2026-02-17,2026-02-17,0.0,False,30
URDH-0001022,FAT-0001109,Elektronike,DOK-0001023,2026-03-23,2026-03-24,0.0,False,30
URDH-0001023,FAT-0001110,Elektronike,DOK-0001024,2026-03-05,2026-04-29,22347.12,False,30
URDH-0001024,FAT-0001111,Elektronike,DOK-0001025,2026-04-19,2026-04-19,249277.88,False,30
URDH-0001025,FAT-0001112,Elektronike,DOK-0001026,2026-03-14,2026-03-14,237445.75,False,30
URDH-0001026,FAT-0001113,Elektronike,DOK-0001027,2026-04-27,2026-04-27,77672.12,False,30
URDH-0001027,FAT-0001114,Elektronike,DOK-0001028,2026-06-22,2026-06-22,882.13,False,30
URDH-0001028,FAT-0001115,Elektronike,DOK-0001029,2026-02-25,2026-03-29,0.0,False,30
URDH-0001029,FAT-0001116,Elektronike,DOK-0001030,2026-04-23,2026-04-23,0.0,False,30
URDH-0001030,FAT-0001117,Elektronike,DOK-0001031,2026-03-06,2026-03-06,146842.65,False,30
URDH-0001031,FAT-0001118,Elektronike,DOK-0001032,2026-04-01,2026-05-05,31387.38,False,30
URDH-0001032,FAT-0001120,Elektronike,DOK-0001033,2026-02-25,2026-03-08,93334.0,False,30
URDH-0001033,FAT-0001121,Elektronike,DOK-0001034,2026-03-12,2026-03-12,8925.61,False,30
URDH-0001034,FAT-0001123,Elektronike,DOK-0001035,2026-06-09,2026-07-18,2620.12,False,30
URDH-0001035,FAT-0001124,Elektronike,DOK-0001036,2026-03-03,2026-03-10,271767.84,False,30
URDH-0001036,FAT-0001125,Elektronike,DOK-0001037,2026-03-24,2026-04-03,318332.16,False,30
URDH-0001037,FAT-0001127,Elektronike,DOK-0001038,2026-04-21,2026-04-21,23324.25,False,30
URDH-0001038,FAT-0001128,Elektronike,DOK-0001039,2026-03-13,2026-03-13,3073.16,False,30
URDH-0001039,FAT-0001129,Elektronike,DOK-0001040,2026-04-30,2026-05-05,166.84,False,30
URDH-0001040,FAT-0001130,Elektronike,DOK-0001041,2026-03-10,2026-03-10,98400.0,False,30
URDH-0001041,FAT-0001131,Elektronike,DOK-0001042,2026-02-27,2026-02-27,20656.0,False,30
URDH-0001042,FAT-0001132,Elektronike,DOK-0001043,2026-04-21,2026-06-18,16843.04,False,30
URDH-0001043,FAT-0001133,Elektronike,DOK-0001044,2026-05-17,2026-05-29,4100.96,False,30
URDH-0001044,FAT-0001134,Elektronike,DOK-0001045,2026-03-10,2026-03-20,72546.34,False,30
URDH-0001045,FAT-0001136,Elektronike,DOK-0001046,2026-05-17,2026-07-08,798843.8,False,30
URDH-0001046,FAT-0001137,Elektronike,DOK-0001047,2026-02-26,2026-03-12,27927.31,False,30
URDH-0001047,FAT-0001138,Elektronike,DOK-0001048,2026-03-23,2026-03-27,62072.69,False,30
URDH-0001048,FAT-0001139,Elektronike,DOK-0001049,2026-02-22,2026-03-06,1179.44,False,30
URDH-0001049,FAT-0001140,Elektronike,DOK-0001050,2026-03-30,2026-04-12,49426.68,False,30
URDH-0001050,FAT-0001141,Elektronike,DOK-0001051,2026-04-12,2026-05-04,7726.88,False,30
URDH-0001051,FAT-0001143,Elektronike,DOK-0001052,2026-04-17,2026-04-22,78287.91,False,30
URDH-0001052,FAT-0001144,Elektronike,DOK-0001053,2026-05-21,2026-05-27,56727.72,False,30
URDH-0001053,FAT-0001145,Elektronike,DOK-0001054,2026-02-27,2026-03-17,99000.0,False,30
URDH-0001054,FAT-0001146,Elektronike,DOK-0001055,2026-02-28,2026-04-12,73500.0,False,30
URDH-0001055,FAT-0001147,Elektronike,DOK-0001056,2026-03-05,2026-03-13,253978.39,False,30
URDH-0001056,FAT-0001148,Elektronike,DOK-0001057,2026-04-02,2026-04-02,14791.61,False,30
URDH-0001057,FAT-0001149,Elektronike,DOK-0001058,2026-03-02,2026-03-02,6117.26,False,30
URDH-0001058,FAT-0001150,Elektronike,DOK-0001059,2026-03-28,2026-04-20,4225.03,False,30
URDH-0001059,FAT-0001151,Elektronike,DOK-0001060,2026-05-03,2026-05-03,19057.72,False,30
URDH-0001060,FAT-0001152,Elektronike,DOK-0001061,2026-03-07,2026-03-07,810.49,False,30
URDH-0001061,FAT-0001153,Elektronike,DOK-0001062,2026-05-02,2026-05-02,3438.16,False,30
URDH-0001062,FAT-0001154,Elektronike,DOK-0001063,2026-05-24,2026-06-05,501.35,False,30
URDH-0001063,FAT-0001155,Elektronike,DOK-0001064,2026-03-03,2026-03-18,26460.29,False,30
URDH-0001064,FAT-0001156,Elektronike,DOK-0001065,2026-04-10,2026-04-30,37139.71,False,30
URDH-0001065,FAT-0001158,Elektronike,DOK-0001066,2026-04-16,2026-04-16,24.5,False,30
URDH-0001066,FAT-0001159,Elektronike,DOK-0001067,2026-03-07,2026-03-07,80600.0,False,30
URDH-0001067,FAT-0001161,Elektronike,DOK-0001068,2026-04-05,2026-04-21,0.0,False,30
URDH-0001068,FAT-0001162,Elektronike,DOK-0001069,2026-05-28,2026-05-28,0.0,False,30
URDH-0001069,FAT-0001163,Elektronike,DOK-0001070,2026-03-05,2026-03-13,0.0,False,30
URDH-0001070,FAT-0001164,Elektronike,DOK-0001071,2026-04-24,2026-05-06,0.0,False,30
URDH-0001071,FAT-0001165,Elektronike,DOK-0001072,2026-03-09,2026-03-26,69200.0,False,30
URDH-0001072,FAT-0001166,Elektronike,DOK-0001073,2026-03-05,2026-05-05,46488.5,False,30
URDH-0001073,FAT-0001167,Elektronike,DOK-0001074,2026-04-16,2026-04-16,41553.65,False,30
URDH-0001074,FAT-0001168,Elektronike,DOK-0001075,2026-05-13,2026-05-13,88032.85,False,30
URDH-0001075,FAT-0001169,Elektronike,DOK-0001076,2026-02-28,2026-02-28,94115.52,False,30
URDH-0001076,FAT-0001171,Elektronike,DOK-0001077,2026-03-03,2026-03-03,1631430.0,False,30
URDH-0001077,FAT-0001173,Elektronike,DOK-0001078,2026-04-19,2026-04-29,0.0,False,30
URDH-0001078,FAT-0001175,Elektronike,DOK-0001079,2026-03-09,2026-03-15,104844.59,False,30
URDH-0001079,FAT-0001176,Elektronike,DOK-0001080,2026-04-08,2026-04-24,614405.41,False,30
URDH-0001080,FAT-0001177,Elektronike,DOK-0001081,2026-03-06,2026-03-21,174218.14,False,30
URDH-0001081,FAT-0001178,Elektronike,DOK-0001082,2026-04-13,2026-04-19,45165.59,False,30
URDH-0001082,FAT-0001179,Elektronike,DOK-0001083,2026-05-24,2026-05-24,34616.27,False,30
URDH-0001083,FAT-0001180,Elektronike,DOK-0001084,2026-03-02,2026-03-15,1692141.47,False,30
URDH-0001084,FAT-0001181,Elektronike,DOK-0001085,2026-03-23,2026-03-23,540540.53,False,30
URDH-0001085,FAT-0001182,Elektronike,DOK-0001086,2026-03-02,2026-03-05,2428839.53,False,30
URDH-0001086,FAT-0001183,Elektronike,DOK-0001087,2026-04-24,2026-04-27,1576160.47,False,30
URDH-0001087,FAT-0001184,Elektronike,DOK-0001088,2026-03-06,2026-03-06,8791.55,False,30
URDH-0001088,FAT-0001185,Elektronike,DOK-0001089,2026-04-04,2026-04-04,91208.45,False,30
URDH-0001089,FAT-0001186,Elektronike,DOK-0001090,2026-03-09,2026-03-26,197709.09,False,30
URDH-0001090,FAT-0001187,Elektronike,DOK-0001091,2026-04-12,2026-04-12,22290.91,False,30
URDH-0001091,FAT-0001188,Elektronike,DOK-0001092,2026-02-27,2026-03-02,24853.47,False,30
URDH-0001092,FAT-0001189,Elektronike,DOK-0001093,2026-04-04,2026-05-19,93296.53,False,30
URDH-0001093,FAT-0001190,Elektronike,DOK-0001094,2026-02-25,2026-03-30,99965.59,False,30
URDH-0001094,FAT-0001191,Elektronike,DOK-0001095,2026-04-21,2026-04-21,635034.41,False,30
URDH-0001095,FAT-0001192,Elektronike,DOK-0001096,2026-03-02,2026-04-16,89619.32,False,30
URDH-0001096,FAT-0001193,Elektronike,DOK-0001097,2026-04-13,2026-05-29,142380.68,False,30
URDH-0001097,FAT-0001194,Elektronike,DOK-0001098,2026-03-14,2026-03-14,417328.0,False,30
URDH-0001098,FAT-0001195,Elektronike,DOK-0001099,2026-02-27,2026-02-27,1260.0,False,30
URDH-0001099,FAT-0001196,Elektronike,DOK-0001100,2026-03-01,2026-03-01,825000.0,False,30
URDH-0001100,FAT-0001197,Elektronike,DOK-0001101,2026-03-07,2026-03-11,220000.0,False,30
URDH-0001101,FAT-0001198,Elektronike,DOK-0001102,2026-03-08,2026-03-18,57501.45,False,30
URDH-0001102,FAT-0001199,Elektronike,DOK-0001103,2026-04-23,2026-05-06,42118.55,False,30
URDH-0001103,FAT-0001200,Elektronike,DOK-0001104,2026-02-21,2026-03-14,63553.72,False,30
URDH-0001104,FAT-0001201,Elektronike,DOK-0001105,2026-04-02,2026-05-01,240946.28,False,30
URDH-0001105,FAT-0001202,Elektronike,DOK-0001106,2026-03-06,2026-03-09,219909.26,False,30
URDH-0001106,FAT-0001203,Elektronike,DOK-0001107,2026-04-12,2026-04-20,30631.73,False,30
URDH-0001107,FAT-0001204,Elektronike,DOK-0001108,2026-05-14,2026-05-14,529459.02,False,30
URDH-0001108,FAT-0001205,Elektronike,DOK-0001109,2026-02-27,2026-02-27,0.0,False,30
URDH-0001109,FAT-0001206,Elektronike,DOK-0001110,2026-02-27,2026-02-27,195158.53,False,30
URDH-0001110,FAT-0001207,Elektronike,DOK-0001111,2026-03-14,2026-03-14,0.0,False,30
URDH-0001111,FAT-0001208,Elektronike,DOK-0001112,2026-02-28,2026-04-08,547.82,False,30
URDH-0001112,FAT-0001209,Elektronike,DOK-0001113,2026-04-21,2026-05-04,775.18,False,30
URDH-0001113,FAT-0001210,Elektronike,DOK-0001114,2026-02-27,2026-02-27,62789.0,False,30
URDH-0001114,FAT-0001212,Elektronike,DOK-0001115,2026-03-04,2026-03-15,15000.0,False,30
URDH-0001115,FAT-0001214,Elektronike,DOK-0001116,2026-04-15,2026-06-12,238091.69,False,30
URDH-0001116,FAT-0001215,Elektronike,DOK-0001117,2026-05-12,2026-05-12,3896641.57,False,30
URDH-0001117,FAT-0001218,Elektronike,DOK-0001118,2026-03-14,2026-03-14,92317.88,False,30
URDH-0001118,FAT-0001219,Elektronike,DOK-0001119,2026-04-02,2026-04-02,682.12,False,30
URDH-0001119,FAT-0001220,Elektronike,DOK-0001120,2026-03-09,2026-03-27,389400.0,False,30
URDH-0001120,FAT-0001221,Elektronike,DOK-0001121,2026-03-14,2026-03-15,67037.22,False,30
URDH-0001121,FAT-0001222,Elektronike,DOK-0001122,2026-04-17,2026-04-23,12966.06,False,30
URDH-0001122,FAT-0001223,Elektronike,DOK-0001123,2026-05-24,2026-06-05,12231.72,False,30
URDH-0001123,FAT-0001224,Elektronike,DOK-0001124,2026-03-10,2026-03-22,38300.31,False,30
URDH-0001124,FAT-0001225,Elektronike,DOK-0001125,2026-03-29,2026-05-05,26499.69,False,30
URDH-0001125,FAT-0001226,Elektronike,DOK-0001126,2026-03-08,2026-03-20,13210.21,False,30
URDH-0001126,FAT-0001227,Elektronike,DOK-0001127,2026-05-03,2026-05-03,251389.79,False,30
URDH-0001127,FAT-0001228,Elektronike,DOK-0001128,2026-03-15,2026-03-15,430000.0,False,30
URDH-0001128,FAT-0001229,Elektronike,DOK-0001129,2026-03-19,2026-03-19,849.37,False,30
URDH-0001129,FAT-0001230,Elektronike,DOK-0001130,2026-04-23,2026-04-23,2018.43,False,30
URDH-0001130,FAT-0001231,Elektronike,DOK-0001131,2026-05-23,2026-06-28,76.7,False,30
URDH-0001131,FAT-0001232,Elektronike,DOK-0001132,2026-03-16,2026-05-10,8592.33,False,30
URDH-0001132,FAT-0001233,Elektronike,DOK-0001133,2026-04-28,2026-05-12,21970.28,False,30
URDH-0001133,FAT-0001235,Elektronike,DOK-0001134,2026-03-14,2026-03-27,1270500.0,False,30
URDH-0001134,FAT-0001237,Elektronike,DOK-0001135,2026-04-19,2026-05-01,1171012.79,False,30
URDH-0001135,FAT-0001238,Elektronike,DOK-0001136,2026-05-19,2026-05-19,94842.66,False,30
URDH-0001136,FAT-0001239,Elektronike,DOK-0001137,2026-03-12,2026-03-27,693800.0,False,30
URDH-0001137,FAT-0001240,Elektronike,DOK-0001138,2026-03-17,2026-03-17,0.0,False,30
URDH-0001138,FAT-0001241,Elektronike,DOK-0001139,2026-03-16,2026-05-03,45242.17,False,30
URDH-0001139,FAT-0001242,Elektronike,DOK-0001140,2026-04-13,2026-05-01,364757.83,False,30
URDH-0001140,FAT-0001243,Elektronike,DOK-0001141,2026-03-19,2026-03-20,0.0,False,30
URDH-0001141,FAT-0001244,Elektronike,DOK-0001142,2026-05-17,2026-05-17,0.0,False,30
URDH-0001142,FAT-0001245,Elektronike,DOK-0001143,2026-03-19,2026-04-04,0.0,False,30
URDH-0001143,FAT-0001246,Elektronike,DOK-0001144,2026-05-12,2026-05-12,0.0,False,30
URDH-0001144,FAT-0001247,Elektronike,DOK-0001145,2026-07-05,2026-07-05,0.0,False,30
URDH-0001145,FAT-0001248,Elektronike,DOK-0001146,2026-03-23,2026-03-23,24686.0,False,30
URDH-0001146,FAT-0001250,Elektronike,DOK-0001147,2026-04-09,2026-04-12,12376.03,False,30
URDH-0001147,FAT-0001251,Elektronike,DOK-0001148,2026-05-20,2026-05-20,10846.13,False,30
URDH-0001148,FAT-0001252,Elektronike,DOK-0001149,2026-03-16,2026-03-16,826880.0,False,30
URDH-0001149,FAT-0001253,Elektronike,DOK-0001150,2026-03-20,2026-05-02,7417.94,False,30
URDH-0001150,FAT-0001254,Elektronike,DOK-0001151,2026-04-29,2026-06-09,656.5,False,30
URDH-0001151,FAT-0001255,Elektronike,DOK-0001152,2026-05-24,2026-06-08,32335.56,False,30
URDH-0001152,FAT-0001256,Elektronike,DOK-0001153,2026-03-11,2026-03-11,0.0,False,30
URDH-0001153,FAT-0001258,Elektronike,DOK-0001154,2026-04-16,2026-04-16,0.0,False,30
URDH-0001154,FAT-0001259,Elektronike,DOK-0001155,2026-03-21,2026-03-21,665982.0,False,30
URDH-0001155,FAT-0001260,Elektronike,DOK-0001156,2026-03-11,2026-03-14,26185.68,False,30
URDH-0001156,FAT-0001262,Elektronike,DOK-0001157,2026-06-12,2026-06-12,67117.06,False,30
URDH-0001157,FAT-0001263,Elektronike,DOK-0001158,2026-03-13,2026-03-28,7193.27,False,30
URDH-0001158,FAT-0001264,Elektronike,DOK-0001159,2026-04-13,2026-04-13,67806.73,False,30
URDH-0001159,FAT-0001265,Elektronike,DOK-0001160,2026-03-17,2026-03-28,52333.33,False,30
URDH-0001160,FAT-0001266,Elektronike,DOK-0001161,2026-03-25,2026-03-25,6471.06,False,30
URDH-0001161,FAT-0001267,Elektronike,DOK-0001162,2026-04-24,2026-04-24,33698.78,False,30
URDH-0001162,FAT-0001268,Elektronike,DOK-0001163,2026-06-22,2026-06-28,27330.16,False,30
URDH-0001163,FAT-0001269,Elektronike,DOK-0001164,2026-03-21,2026-03-21,164724.6,False,30
URDH-0001164,FAT-0001270,Elektronike,DOK-0001165,2026-05-01,2026-05-14,101403.42,False,30
URDH-0001165,FAT-0001271,Elektronike,DOK-0001166,2026-06-17,2026-06-21,29871.98,False,30
URDH-0001166,FAT-0001272,Elektronike,DOK-0001167,2026-03-08,2026-03-24,247776.17,False,30
URDH-0001167,FAT-0001273,Elektronike,DOK-0001168,2026-04-16,2026-04-25,732223.83,False,30
URDH-0001168,FAT-0001274,Elektronike,DOK-0001169,2026-03-17,2026-04-06,36839.7,False,30
URDH-0001169,FAT-0001275,Elektronike,DOK-0001170,2026-04-15,2026-04-15,63160.3,False,30
URDH-0001170,FAT-0001277,Elektronike,DOK-0001171,2026-03-22,2026-03-22,0.0,False,30
URDH-0001171,FAT-0001278,Elektronike,DOK-0001172,2026-03-25,2026-03-27,54635.55,False,30
URDH-0001172,FAT-0001279,Elektronike,DOK-0001173,2026-05-02,2026-05-02,45007.18,False,30
URDH-0001173,FAT-0001280,Elektronike,DOK-0001174,2026-06-02,2026-06-09,22357.26,False,30
URDH-0001174,FAT-0001282,Elektronike,DOK-0001175,2026-05-07,2026-05-12,0.0,False,30
URDH-0001175,FAT-0001283,Elektronike,DOK-0001176,2026-06-09,2026-07-08,0.0,False,30
URDH-0001176,FAT-0001284,Elektronike,DOK-0001177,2026-03-14,2026-03-24,147900.0,False,30
URDH-0001177,FAT-0001285,Elektronike,DOK-0001178,2026-03-05,2026-03-21,1848562.16,False,30
URDH-0001178,FAT-0001286,Elektronike,DOK-0001179,2026-04-26,2026-04-26,1631437.84,False,30
URDH-0001179,FAT-0001288,Elektronike,DOK-0001180,2026-04-18,2026-04-18,414689.34,False,30
URDH-0001180,FAT-0001289,Elektronike,DOK-0001181,2026-05-12,2026-05-26,309255.19,False,30
URDH-0001181,FAT-0001290,Elektronike,DOK-0001182,2026-03-21,2026-03-23,116230.18,False,30
URDH-0001182,FAT-0001291,Elektronike,DOK-0001183,2026-04-16,2026-05-19,629969.82,False,30
URDH-0001183,FAT-0001292,Elektronike,DOK-0001184,2026-03-11,2026-05-04,47036.5,False,30
URDH-0001184,FAT-0001293,Elektronike,DOK-0001185,2026-04-20,2026-04-20,32163.5,False,30
URDH-0001185,FAT-0001294,Elektronike,DOK-0001186,2026-03-21,2026-05-18,78075.0,False,30
URDH-0001186,FAT-0001295,Elektronike,DOK-0001187,2026-03-20,2026-03-29,533137.34,False,30
URDH-0001187,FAT-0001296,Elektronike,DOK-0001188,2026-04-17,2026-05-01,80239.88,False,30
URDH-0001188,FAT-0001297,Elektronike,DOK-0001189,2026-05-16,2026-05-21,105622.78,False,30
URDH-0001189,FAT-0001298,Elektronike,DOK-0001190,2026-03-24,2026-03-24,720686.0,False,30
URDH-0001190,FAT-0001299,Elektronike,DOK-0001191,2026-03-26,2026-04-05,260000.0,False,30
URDH-0001191,FAT-0001300,Elektronike,DOK-0001192,2026-03-18,2026-04-12,1861.23,False,30
URDH-0001192,FAT-0001301,Elektronike,DOK-0001193,2026-04-23,2026-05-01,1867.03,False,30
URDH-0001193,FAT-0001302,Elektronike,DOK-0001194,2026-06-02,2026-06-02,10971.74,False,30
URDH-0001194,FAT-0001303,Elektronike,DOK-0001195,2026-03-29,2026-03-29,216000.0,False,30
URDH-0001195,FAT-0001306,Elektronike,DOK-0001196,2026-03-22,2026-04-04,170070.38,False,30
URDH-0001196,FAT-0001307,Elektronike,DOK-0001197,2026-04-22,2026-04-22,732259.28,False,30
URDH-0001197,FAT-0001308,Elektronike,DOK-0001198,2026-05-13,2026-05-14,95170.34,False,30
URDH-0001198,FAT-0001309,Elektronike,DOK-0001199,2026-03-27,2026-04-02,9084.36,False,30
URDH-0001199,FAT-0001310,Elektronike,DOK-0001200,2026-04-25,2026-04-25,114890.64,False,30
URDH-0001200,FAT-0001311,Elektronike,DOK-0001201,2026-03-15,2026-04-09,89000.0,False,30
URDH-0001201,FAT-0001312,Elektronike,DOK-0001202,2026-03-30,2026-03-31,3793.15,False,30
URDH-0001202,FAT-0001313,Elektronike,DOK-0001203,2026-05-19,2026-05-31,79206.85,False,30
URDH-0001203,FAT-0001314,Elektronike,DOK-0001204,2026-03-19,2026-03-19,341708.18,False,30
URDH-0001204,FAT-0001315,Elektronike,DOK-0001205,2026-05-04,2026-05-05,37091.82,False,30
URDH-0001205,FAT-0001316,Elektronike,DOK-0001206,2026-03-21,2026-04-06,98000.0,False,30
URDH-0001206,FAT-0001318,Elektronike,DOK-0001207,2026-04-29,2026-05-07,26829.67,False,30
URDH-0001207,FAT-0001319,Elektronike,DOK-0001208,2026-03-25,2026-04-24,429743.79,False,30
URDH-0001208,FAT-0001320,Elektronike,DOK-0001209,2026-03-25,2026-04-08,69232.07,False,30
URDH-0001209,FAT-0001321,Elektronike,DOK-0001210,2026-05-03,2026-05-12,26964.45,False,30
URDH-0001210,FAT-0001322,Elektronike,DOK-0001211,2026-06-30,2026-07-05,73343.48,False,30
URDH-0001211,FAT-0001323,Elektronike,DOK-0001212,2026-03-14,2026-04-09,395837.92,False,30
URDH-0001212,FAT-0001324,Elektronike,DOK-0001213,2026-05-04,2026-05-08,68860.35,False,30
URDH-0001213,FAT-0001326,Elektronike,DOK-0001214,2026-03-16,2026-03-26,398623.03,False,30
URDH-0001214,FAT-0001327,Elektronike,DOK-0001215,2026-04-12,2026-04-20,93915.86,False,30
URDH-0001215,FAT-0001328,Elektronike,DOK-0001216,2026-06-04,2026-06-05,1166661.11,False,30
URDH-0001216,FAT-0001329,Elektronike,DOK-0001217,2026-03-26,2026-03-26,100000.0,False,30
URDH-0001217,FAT-0001330,Elektronike,DOK-0001218,2026-03-25,2026-03-25,13295.18,False,30
URDH-0001218,FAT-0001331,Elektronike,DOK-0001219,2026-05-15,2026-05-15,36537.19,False,30
URDH-0001219,FAT-0001332,Elektronike,DOK-0001220,2026-06-20,2026-06-23,50167.63,False,30
URDH-0001220,FAT-0001333,Elektronike,DOK-0001221,2026-03-23,2026-05-15,432152.77,False,30
URDH-0001221,FAT-0001334,Elektronike,DOK-0001222,2026-04-27,2026-04-28,104847.23,False,30
URDH-0001222,FAT-0001335,Elektronike,DOK-0001223,2026-03-25,2026-04-26,10420.38,False,30
URDH-0001223,FAT-0001336,Elektronike,DOK-0001224,2026-04-14,2026-05-01,4579.62,False,30
URDH-0001224,FAT-0001337,Elektronike,DOK-0001225,2026-03-19,2026-04-02,33092.83,False,30
URDH-0001225,FAT-0001338,Elektronike,DOK-0001226,2026-04-27,2026-04-27,11406.73,False,30
URDH-0001226,FAT-0001339,Elektronike,DOK-0001227,2026-06-11,2026-06-11,22500.43,False,30
URDH-0001227,FAT-0001341,Elektronike,DOK-0001228,2026-05-10,2026-06-24,8298778.42,False,30
URDH-0001228,FAT-0001342,Elektronike,DOK-0001229,2026-03-22,2026-04-13,4057.67,False,30
URDH-0001229,FAT-0001343,Elektronike,DOK-0001230,2026-05-01,2026-05-30,12928.38,False,30
URDH-0001230,FAT-0001344,Elektronike,DOK-0001231,2026-06-18,2026-06-24,1336.96,False,30
URDH-0001231,FAT-0001345,Elektronike,DOK-0001232,2026-03-19,2026-03-19,100000.0,False,30
URDH-0001232,FAT-0001346,Elektronike,DOK-0001233,2026-03-24,2026-04-06,22420.0,False,30
URDH-0001233,FAT-0001347,Elektronike,DOK-0001234,2026-03-22,2026-03-30,420000.0,False,30
URDH-0001234,FAT-0001348,Elektronike,DOK-0001235,2026-03-26,2026-04-13,599999.0,False,30
URDH-0001235,FAT-0001349,Elektronike,DOK-0001236,2026-03-29,2026-04-06,923940.0,False,30
URDH-0001236,FAT-0001350,Elektronike,DOK-0001237,2026-04-01,2026-05-13,991026.33,False,30
URDH-0001237,FAT-0001351,Elektronike,DOK-0001238,2026-05-20,2026-06-15,107001.64,False,30
URDH-0001238,FAT-0001352,Elektronike,DOK-0001239,2026-07-10,2026-07-22,2103372.03,False,30
URDH-0001239,FAT-0001353,Elektronike,DOK-0001240,2026-03-19,2026-03-27,470000.0,False,30
URDH-0001240,FAT-0001354,Elektronike,DOK-0001241,2026-03-28,2026-04-01,246240.0,False,30
URDH-0001241,FAT-0001355,Elektronike,DOK-0001242,2026-03-21,2026-03-29,9.91,False,30
URDH-0001242,FAT-0001356,Elektronike,DOK-0001243,2026-05-13,2026-05-13,71.51,False,30
URDH-0001243,FAT-0001357,Elektronike,DOK-0001244,2026-03-31,2026-03-31,99500.0,False,30
URDH-0001244,FAT-0001360,Elektronike,DOK-0001245,2026-06-16,2026-06-22,56271.79,False,30
URDH-0001245,FAT-0001361,Elektronike,DOK-0001246,2026-03-29,2026-04-10,0.0,False,30
URDH-0001246,FAT-0001362,Elektronike,DOK-0001247,2026-04-23,2026-06-17,0.0,False,30
URDH-0001247,FAT-0001363,Elektronike,DOK-0001248,2026-05-25,2026-05-26,0.0,False,30
URDH-0001248,FAT-0001364,Elektronike,DOK-0001249,2026-04-02,2026-04-16,0.0,False,30
URDH-0001249,FAT-0001365,Elektronike,DOK-0001250,2026-03-22,2026-03-22,281.72,False,30
URDH-0001250,FAT-0001366,Elektronike,DOK-0001251,2026-04-29,2026-05-09,6208.28,False,30
URDH-0001251,FAT-0001367,Elektronike,DOK-0001252,2026-03-28,2026-03-28,8260660.0,False,30
URDH-0001252,FAT-0001368,Elektronike,DOK-0001253,2026-04-03,2026-04-06,215281.02,False,30
URDH-0001253,FAT-0001369,Elektronike,DOK-0001254,2026-04-18,2026-04-21,432718.98,False,30
URDH-0001254,FAT-0001370,Elektronike,DOK-0001255,2026-03-27,2026-04-01,38977.42,False,30
URDH-0001255,FAT-0001371,Elektronike,DOK-0001256,2026-04-30,2026-06-02,486022.58,False,30
URDH-0001256,FAT-0001373,Elektronike,DOK-0001257,2026-04-28,2026-04-28,32661.66,False,30
URDH-0001257,FAT-0001374,Elektronike,DOK-0001258,2026-03-23,2026-04-01,18642543.81,False,30
URDH-0001258,FAT-0001375,Elektronike,DOK-0001259,2026-05-09,2026-05-09,3857456.19,False,30
URDH-0001259,FAT-0001376,Elektronike,DOK-0001260,2026-03-27,2026-03-27,1792352.23,False,30
URDH-0001260,FAT-0001377,Elektronike,DOK-0001261,2026-04-28,2026-05-22,3094747.77,False,30
URDH-0001261,FAT-0001378,Elektronike,DOK-0001262,2026-03-26,2026-04-07,81639.48,False,30
URDH-0001262,FAT-0001379,Elektronike,DOK-0001263,2026-05-16,2026-06-04,16743.52,False,30
URDH-0001263,FAT-0001380,Elektronike,DOK-0001264,2026-03-23,2026-03-23,82378.3,False,30
URDH-0001264,FAT-0001381,Elektronike,DOK-0001265,2026-05-19,2026-05-29,44638.21,False,30
URDH-0001265,FAT-0001382,Elektronike,DOK-0001266,2026-07-12,2026-07-28,17583.49,False,30
URDH-0001266,FAT-0001383,Elektronike,DOK-0001267,2026-03-28,2026-03-28,75531.28,False,30
URDH-0001267,FAT-0001384,Elektronike,DOK-0001268,2026-04-21,2026-04-21,46803.37,False,30
URDH-0001268,FAT-0001385,Elektronike,DOK-0001269,2026-05-23,2026-05-23,32665.35,False,30
URDH-0001269,FAT-0001386,Elektronike,DOK-0001270,2026-04-01,2026-04-01,290000.0,False,30
URDH-0001270,FAT-0001387,Elektronike,DOK-0001271,2026-04-01,2026-04-04,65770.13,False,30
URDH-0001271,FAT-0001388,Elektronike,DOK-0001272,2026-04-12,2026-05-05,24229.87,False,30
URDH-0001272,FAT-0001389,Elektronike,DOK-0001273,2026-04-02,2026-04-02,306639.72,False,30
URDH-0001273,FAT-0001390,Elektronike,DOK-0001274,2026-05-23,2026-05-23,39260.44,False,30
URDH-0001274,FAT-0001391,Elektronike,DOK-0001275,2026-07-04,2026-07-13,349099.84,False,30
URDH-0001275,FAT-0001393,Elektronike,DOK-0001276,2026-05-14,2026-05-28,281501.95,False,30
URDH-0001276,FAT-0001394,Elektronike,DOK-0001277,2026-03-27,2026-03-27,101213.14,False,30
URDH-0001277,FAT-0001395,Elektronike,DOK-0001278,2026-05-06,2026-05-06,48686.86,False,30
URDH-0001278,FAT-0001396,Elektronike,DOK-0001279,2026-03-27,2026-04-18,3887.69,False,30
URDH-0001279,FAT-0001397,Elektronike,DOK-0001280,2026-05-18,2026-05-25,126112.31,False,30
URDH-0001280,FAT-0001398,Elektronike,DOK-0001281,2026-03-24,2026-04-21,22083104.0,False,30
URDH-0001281,FAT-0001399,Elektronike,DOK-0001282,2026-04-01,2026-04-01,26800.0,False,30
URDH-0001282,FAT-0001400,Elektronike,DOK-0001283,2026-03-27,2026-04-01,27500.0,False,30
URDH-0001283,FAT-0001401,Elektronike,DOK-0001284,2026-04-03,2026-04-10,10124.32,False,30
URDH-0001284,FAT-0001402,Elektronike,DOK-0001285,2026-04-25,2026-05-07,4684.67,False,30
URDH-0001285,FAT-0001403,Elektronike,DOK-0001286,2026-05-23,2026-05-30,28391.01,False,30
URDH-0001286,FAT-0001405,Elektronike,DOK-0001287,2026-05-20,2026-05-25,110834.12,False,30
URDH-0001287,FAT-0001406,Elektronike,DOK-0001288,2026-03-31,2026-04-02,1622855.74,False,30
URDH-0001288,FAT-0001407,Elektronike,DOK-0001289,2026-05-22,2026-05-26,369843.18,False,30
URDH-0001289,FAT-0001408,Elektronike,DOK-0001290,2026-06-26,2026-07-05,157191.08,False,30
URDH-0001290,FAT-0001409,Elektronike,DOK-0001291,2026-03-25,2026-03-25,10053.86,False,30
URDH-0001291,FAT-0001410,Elektronike,DOK-0001292,2026-04-30,2026-04-30,3623.37,False,30
URDH-0001292,FAT-0001411,Elektronike,DOK-0001293,2026-05-22,2026-05-22,12322.77,False,30
URDH-0001293,FAT-0001412,Elektronike,DOK-0001294,2026-03-22,2026-03-23,89396.96,False,30
URDH-0001294,FAT-0001413,Elektronike,DOK-0001295,2026-04-11,2026-04-27,290603.04,False,30
URDH-0001295,FAT-0001414,Elektronike,DOK-0001296,2026-03-31,2026-04-08,16859.33,False,30
URDH-0001296,FAT-0001415,Elektronike,DOK-0001297,2026-05-02,2026-05-24,52657.01,False,30
URDH-0001297,FAT-0001416,Elektronike,DOK-0001298,2026-06-17,2026-06-26,30483.65,False,30
URDH-0001298,FAT-0001417,Elektronike,DOK-0001299,2026-03-27,2026-04-10,99970.0,False,30
URDH-0001299,FAT-0001418,Elektronike,DOK-0001300,2026-04-06,2026-04-14,62000.0,False,30
URDH-0001300,FAT-0001419,Elektronike,DOK-0001301,2026-04-05,2026-04-20,25176.0,False,30
URDH-0001301,FAT-0001420,Elektronike,DOK-0001302,2026-04-25,2026-04-30,24824.0,False,30
URDH-0001302,FAT-0001422,Elektronike,DOK-0001303,2026-04-05,2026-04-10,97052.61,False,30
URDH-0001303,FAT-0001423,Elektronike,DOK-0001304,2026-04-29,2026-05-04,62224.03,False,30
URDH-0001304,FAT-0001424,Elektronike,DOK-0001305,2026-06-09,2026-06-26,85723.36,False,30
URDH-0001305,FAT-0001425,Elektronike,DOK-0001306,2026-03-31,2026-04-12,428088.0,False,30
URDH-0001306,FAT-0001426,Elektronike,DOK-0001307,2026-03-30,2026-04-13,0.0,False,30
URDH-0001307,FAT-0001427,Elektronike,DOK-0001308,2026-05-06,2026-05-06,0.0,False,30
URDH-0001308,FAT-0001428,Elektronike,DOK-0001309,2026-03-31,2026-04-07,120000.0,False,30
URDH-0001309,FAT-0001429,Elektronike,DOK-0001310,2026-04-06,2026-04-12,807.55,False,30
URDH-0001310,FAT-0001430,Elektronike,DOK-0001311,2026-05-21,2026-05-21,192.45,False,30
URDH-0001311,FAT-0001431,Elektronike,DOK-0001312,2026-03-30,2026-04-07,98750.0,False,30
URDH-0001312,FAT-0001432,Elektronike,DOK-0001313,2026-03-24,2026-05-07,297273.21,False,30
URDH-0001313,FAT-0001433,Elektronike,DOK-0001314,2026-05-21,2026-05-21,186018.1,False,30
URDH-0001314,FAT-0001435,Elektronike,DOK-0001315,2026-04-03,2026-04-09,12709.54,False,30
URDH-0001315,FAT-0001436,Elektronike,DOK-0001316,2026-05-20,2026-06-05,11290.46,False,30
URDH-0001316,FAT-0001438,Elektronike,DOK-0001317,2026-05-02,2026-05-02,43512.34,False,30
URDH-0001317,FAT-0001439,Elektronike,DOK-0001318,2026-04-01,2026-04-14,2460000.0,False,30
URDH-0001318,FAT-0001440,Elektronike,DOK-0001319,2026-04-02,2026-04-02,67701.76,False,30
URDH-0001319,FAT-0001441,Elektronike,DOK-0001320,2026-05-20,2026-05-24,140298.24,False,30
URDH-0001320,FAT-0001442,Elektronike,DOK-0001321,2026-04-09,2026-04-09,3222.89,False,30
URDH-0001321,FAT-0001443,Elektronike,DOK-0001322,2026-05-20,2026-07-15,40713.31,False,30
URDH-0001322,FAT-0001444,Elektronike,DOK-0001323,2026-06-16,2026-06-16,22659.81,False,30
URDH-0001323,FAT-0001445,Elektronike,DOK-0001324,2026-03-23,2026-03-23,62500.0,False,30
URDH-0001324,FAT-0001446,Elektronike,DOK-0001325,2026-03-26,2026-04-06,10666.96,False,30
URDH-0001325,FAT-0001447,Elektronike,DOK-0001326,2026-04-28,2026-04-28,28062.85,False,30
URDH-0001326,FAT-0001448,Elektronike,DOK-0001327,2026-06-10,2026-06-28,27936.86,False,30
URDH-0001327,FAT-0001449,Elektronike,DOK-0001328,2026-04-10,2026-05-23,52770.05,False,30
URDH-0001328,FAT-0001450,Elektronike,DOK-0001329,2026-05-15,2026-06-18,32202.45,False,30
URDH-0001329,FAT-0001452,Elektronike,DOK-0001330,2026-04-07,2026-04-21,5431.88,False,30
URDH-0001330,FAT-0001453,Elektronike,DOK-0001331,2026-05-24,2026-06-06,157451.3,False,30
URDH-0001331,FAT-0001454,Elektronike,DOK-0001332,2026-07-21,2026-07-21,47116.82,False,30
URDH-0001332,FAT-0001455,Elektronike,DOK-0001333,2026-04-01,2026-04-12,74722.2,False,30
URDH-0001333,FAT-0001456,Elektronike,DOK-0001334,2026-05-20,2026-05-22,22777.8,False,30
URDH-0001334,FAT-0001457,Elektronike,DOK-0001335,2026-04-07,2026-04-19,1501.61,False,30
URDH-0001335,FAT-0001458,Elektronike,DOK-0001336,2026-05-31,2026-06-08,687.89,False,30
URDH-0001336,FAT-0001459,Elektronike,DOK-0001337,2026-07-28,2026-09-14,11810.51,False,30
URDH-0001337,FAT-0001460,Elektronike,DOK-0001338,2026-03-28,2026-03-28,1137.71,False,30
URDH-0001338,FAT-0001461,Elektronike,DOK-0001339,2026-05-26,2026-06-09,37890.98,False,30
URDH-0001339,FAT-0001462,Elektronike,DOK-0001340,2026-07-03,2026-07-16,9971.31,False,30
URDH-0001340,FAT-0001463,Elektronike,DOK-0001341,2026-03-28,2026-04-23,509793.7,False,30
URDH-0001341,FAT-0001464,Elektronike,DOK-0001342,2026-03-29,2026-04-07,981200.0,False,30
URDH-0001342,FAT-0001465,Elektronike,DOK-0001343,2026-04-01,2026-04-01,822161.63,False,30
URDH-0001343,FAT-0001466,Elektronike,DOK-0001344,2026-05-16,2026-05-29,34838.37,False,30
URDH-0001344,FAT-0001467,Elektronike,DOK-0001345,2026-03-29,2026-03-31,7194.52,False,30
URDH-0001345,FAT-0001468,Elektronike,DOK-0001346,2026-05-19,2026-05-25,268313.45,False,30
URDH-0001346,FAT-0001469,Elektronike,DOK-0001347,2026-06-23,2026-07-07,124492.03,False,30
URDH-0001347,FAT-0001470,Elektronike,DOK-0001348,2026-04-02,2026-05-29,18847.0,False,30
URDH-0001348,FAT-0001471,Elektronike,DOK-0001349,2026-05-19,2026-05-31,11153.0,False,30
URDH-0001349,FAT-0001472,Elektronike,DOK-0001350,2026-04-02,2026-04-16,61307.42,False,30
URDH-0001350,FAT-0001473,Elektronike,DOK-0001351,2026-05-18,2026-05-18,10445.69,False,30
URDH-0001351,FAT-0001474,Elektronike,DOK-0001352,2026-06-10,2026-06-26,19746.89,False,30
URDH-0001352,FAT-0001475,Elektronike,DOK-0001353,2026-04-07,2026-04-07,0.0,False,30
URDH-0001353,FAT-0001476,Elektronike,DOK-0001354,2026-05-19,2026-05-21,0.0,False,30
URDH-0001354,FAT-0001477,Elektronike,DOK-0001355,2026-06-19,2026-06-19,0.0,False,30
URDH-0001355,FAT-0001478,Elektronike,DOK-0001356,2026-03-30,2026-04-12,92498.47,False,30
URDH-0001356,FAT-0001479,Elektronike,DOK-0001357,2026-06-04,2026-06-09,100273.66,False,30
URDH-0001357,FAT-0001480,Elektronike,DOK-0001358,2026-06-24,2026-07-10,73827.86,False,30
URDH-0001358,FAT-0001481,Elektronike,DOK-0001359,2026-04-04,2026-04-04,9698.89,False,30
URDH-0001359,FAT-0001482,Elektronike,DOK-0001360,2026-05-15,2026-05-15,22356.07,False,30
URDH-0001360,FAT-0001483,Elektronike,DOK-0001361,2026-06-06,2026-06-25,5165.04,False,30
URDH-0001361,FAT-0001484,Elektronike,DOK-0001362,2026-04-11,2026-04-11,3239865.5,False,30
URDH-0001362,FAT-0001485,Elektronike,DOK-0001363,2026-04-08,2026-04-21,481420.57,False,30
URDH-0001363,FAT-0001486,Elektronike,DOK-0001364,2026-05-16,2026-06-05,140447.19,False,30
URDH-0001364,FAT-0001487,Elektronike,DOK-0001365,2026-06-26,2026-06-26,376712.24,False,30
URDH-0001365,FAT-0001488,Elektronike,DOK-0001366,2026-04-07,2026-04-07,47320.36,False,30
URDH-0001366,FAT-0001489,Elektronike,DOK-0001367,2026-06-04,2026-06-04,348064.49,False,30
URDH-0001367,FAT-0001490,Elektronike,DOK-0001368,2026-07-23,2026-08-08,90615.15,False,30
URDH-0001368,FAT-0001491,Elektronike,DOK-0001369,2026-03-25,2026-03-25,99500.0,False,30
URDH-0001369,FAT-0001493,Elektronike,DOK-0001370,2026-04-12,2026-05-26,0.0,False,30
URDH-0001370,FAT-0001494,Elektronike,DOK-0001371,2026-04-04,2026-05-02,3818348.96,False,30
URDH-0001371,FAT-0001495,Elektronike,DOK-0001372,2026-05-19,2026-05-19,567651.04,False,30
URDH-0001372,FAT-0001496,Elektronike,DOK-0001373,2026-04-05,2026-04-13,6979.0,False,30
URDH-0001373,FAT-0001497,Elektronike,DOK-0001374,2026-03-28,2026-03-28,28335.0,False,30
URDH-0001374,FAT-0001498,Elektronike,DOK-0001375,2026-03-29,2026-04-16,633.55,False,30
URDH-0001375,FAT-0001499,Elektronike,DOK-0001376,2026-05-16,2026-07-03,1033.12,False,30
URDH-0001376,FAT-0001500,Elektronike,DOK-0001377,2026-04-10,2026-04-24,87017.45,False,30
URDH-0001377,FAT-0001501,Elektronike,DOK-0001378,2026-05-26,2026-05-30,47536.8,False,30
URDH-0001378,FAT-0001502,Elektronike,DOK-0001379,2026-06-22,2026-06-22,14445.75,False,30
URDH-0001379,FAT-0001503,Elektronike,DOK-0001380,2026-03-29,2026-04-11,3094.06,False,30
URDH-0001380,FAT-0001504,Elektronike,DOK-0001381,2026-04-27,2026-04-30,961.51,False,30
URDH-0001381,FAT-0001505,Elektronike,DOK-0001382,2026-06-28,2026-08-02,7824.43,False,30
URDH-0001382,FAT-0001506,Elektronike,DOK-0001383,2026-04-11,2026-04-14,1861400.0,False,30
URDH-0001383,FAT-0001507,Elektronike,DOK-0001384,2026-04-04,2026-04-04,570000.0,False,30
URDH-0001384,FAT-0001509,Elektronike,DOK-0001385,2026-03-29,2026-03-29,61867.19,False,30
URDH-0001385,FAT-0001510,Elektronike,DOK-0001386,2026-05-28,2026-05-28,102640.45,False,30
URDH-0001386,FAT-0001511,Elektronike,DOK-0001387,2026-06-24,2026-06-30,13792.36,False,30
URDH-0001387,FAT-0001512,Elektronike,DOK-0001388,2026-04-07,2026-04-07,100000.0,False,30
URDH-0001388,FAT-0001513,Elektronike,DOK-0001389,2026-04-08,2026-04-08,1618333.03,False,30
URDH-0001389,FAT-0001514,Elektronike,DOK-0001390,2026-05-22,2026-05-22,502166.97,False,30
URDH-0001390,FAT-0001515,Elektronike,DOK-0001391,2026-04-01,2026-05-30,2630.2,False,30
URDH-0001391,FAT-0001516,Elektronike,DOK-0001392,2026-04-30,2026-04-30,5891.66,False,30
URDH-0001392,FAT-0001517,Elektronike,DOK-0001393,2026-05-27,2026-05-27,16379.14,False,30
URDH-0001393,FAT-0001518,Elektronike,DOK-0001394,2026-04-03,2026-04-03,154000.0,False,30
URDH-0001394,FAT-0001519,Elektronike,DOK-0001395,2026-04-11,2026-04-26,92639.85,False,30
URDH-0001395,FAT-0001520,Elektronike,DOK-0001396,2026-05-19,2026-07-06,483360.15,False,30
URDH-0001396,FAT-0001521,Elektronike,DOK-0001397,2026-04-05,2026-04-05,12294.03,False,30
URDH-0001397,FAT-0001522,Elektronike,DOK-0001398,2026-05-04,2026-05-04,27371.97,False,30
URDH-0001398,FAT-0001523,Elektronike,DOK-0001399,2026-04-03,2026-04-08,81551.98,False,30
URDH-0001399,FAT-0001524,Elektronike,DOK-0001400,2026-05-17,2026-05-18,18448.02,False,30
URDH-0001400,FAT-0001525,Elektronike,DOK-0001401,2026-04-17,2026-04-26,70800.0,False,30
URDH-0001401,FAT-0001527,Elektronike,DOK-0001402,2026-04-16,2026-04-19,11630.5,False,30
URDH-0001402,FAT-0001528,Elektronike,DOK-0001403,2026-05-20,2026-05-20,86575.5,False,30
URDH-0001403,FAT-0001529,Elektronike,DOK-0001404,2026-03-29,2026-04-04,5783.0,False,30
URDH-0001404,FAT-0001530,Elektronike,DOK-0001405,2026-05-17,2026-05-17,125069.84,False,30
URDH-0001405,FAT-0001532,Elektronike,DOK-0001406,2026-04-06,2026-04-19,0.0,False,30
URDH-0001406,FAT-0001533,Elektronike,DOK-0001407,2026-05-28,2026-05-28,0.0,False,30
URDH-0001407,FAT-0001534,Elektronike,DOK-0001408,2026-04-09,2026-04-09,81000.0,False,30
URDH-0001408,FAT-0001535,Elektronike,DOK-0001409,2026-03-28,2026-04-13,1109240.0,False,30
URDH-0001409,FAT-0001537,Elektronike,DOK-0001410,2026-05-24,2026-05-24,1198273.92,False,30
URDH-0001410,FAT-0001538,Elektronike,DOK-0001411,2026-04-08,2026-04-08,250190.08,False,30
URDH-0001411,FAT-0001539,Elektronike,DOK-0001412,2026-05-21,2026-06-21,64335.4,False,30
URDH-0001412,FAT-0001540,Elektronike,DOK-0001413,2026-06-15,2026-06-29,260074.53,False,30
URDH-0001413,FAT-0001541,Elektronike,DOK-0001414,2026-04-08,2026-04-29,0.0,False,30
URDH-0001414,FAT-0001542,Elektronike,DOK-0001415,2026-04-06,2026-04-06,91800.0,False,30
URDH-0001415,FAT-0001543,Elektronike,DOK-0001416,2026-04-13,2026-04-13,310007.06,False,30
URDH-0001416,FAT-0001544,Elektronike,DOK-0001417,2026-06-03,2026-06-03,529992.94,False,30
URDH-0001417,FAT-0001545,Elektronike,DOK-0001418,2026-04-06,2026-05-15,74703.78,False,30
URDH-0001418,FAT-0001546,Elektronike,DOK-0001419,2026-05-30,2026-05-30,110296.22,False,30
URDH-0001419,FAT-0001547,Elektronike,DOK-0001420,2026-04-12,2026-04-12,34099.54,False,30
URDH-0001420,FAT-0001548,Elektronike,DOK-0001421,2026-05-14,2026-05-14,3400.46,False,30
URDH-0001421,FAT-0001549,Elektronike,DOK-0001422,2026-03-28,2026-05-11,189479.59,False,30
URDH-0001422,FAT-0001550,Elektronike,DOK-0001423,2026-05-13,2026-05-27,666770.28,False,30
URDH-0001423,FAT-0001551,Elektronike,DOK-0001424,2026-06-15,2026-06-15,113750.12,False,30
URDH-0001424,FAT-0001552,Elektronike,DOK-0001425,2026-04-16,2026-05-02,91042.0,False,30
URDH-0001425,FAT-0001553,Elektronike,DOK-0001426,2026-04-01,2026-04-01,182554.23,False,30
URDH-0001426,FAT-0001554,Elektronike,DOK-0001427,2026-05-13,2026-05-19,199557.1,False,30
URDH-0001427,FAT-0001555,Elektronike,DOK-0001428,2026-06-23,2026-07-06,522888.67,False,30
URDH-0001428,FAT-0001556,Elektronike,DOK-0001429,2026-04-11,2026-04-11,38923000.0,False,30
URDH-0001429,FAT-0001557,Elektronike,DOK-0001430,2026-04-12,2026-04-16,680000.0,False,30
URDH-0001430,FAT-0001558,Elektronike,DOK-0001431,2026-03-28,2026-03-28,30000.0,False,30
URDH-0001431,FAT-0001560,Elektronike,DOK-0001432,2026-04-13,2026-04-16,18677.41,False,30
URDH-0001432,FAT-0001561,Elektronike,DOK-0001433,2026-05-26,2026-05-28,24655.92,False,30
URDH-0001433,FAT-0001562,Elektronike,DOK-0001434,2026-04-17,2026-04-22,100000.0,False,30
URDH-0001434,FAT-0001564,Elektronike,DOK-0001435,2026-04-20,2026-04-22,125345.19,False,30
URDH-0001435,FAT-0001565,Elektronike,DOK-0001436,2026-05-14,2026-06-29,263154.81,False,30
URDH-0001436,FAT-0001566,Elektronike,DOK-0001437,2026-04-11,2026-04-14,744087.35,False,30
URDH-0001437,FAT-0001567,Elektronike,DOK-0001438,2026-06-07,2026-06-15,80912.65,False,30
URDH-0001438,FAT-0001568,Elektronike,DOK-0001439,2026-04-19,2026-04-19,496831.0,False,30
URDH-0001439,FAT-0001569,Elektronike,DOK-0001440,2026-04-22,2026-04-29,429328.69,False,30
URDH-0001440,FAT-0001570,Elektronike,DOK-0001441,2026-05-15,2026-06-02,493965.64,False,30
URDH-0001441,FAT-0001571,Elektronike,DOK-0001442,2026-07-09,2026-08-03,56705.67,False,30
URDH-0001442,FAT-0001572,Elektronike,DOK-0001443,2026-04-27,2026-04-27,465822.5,False,30
URDH-0001443,FAT-0001573,Elektronike,DOK-0001444,2026-05-18,2026-05-28,11713.72,False,30
URDH-0001444,FAT-0001574,Elektronike,DOK-0001445,2026-06-24,2026-06-24,12963.78,False,30
URDH-0001445,FAT-0001575,Elektronike,DOK-0001446,2026-04-16,2026-04-24,207846.43,False,30
URDH-0001446,FAT-0001576,Elektronike,DOK-0001447,2026-05-29,2026-07-19,92153.57,False,30
URDH-0001447,FAT-0001577,Elektronike,DOK-0001448,2026-04-10,2026-04-29,155000.0,False,30
URDH-0001448,FAT-0001578,Elektronike,DOK-0001449,2026-04-23,2026-04-23,56666.22,False,30
URDH-0001449,FAT-0001579,Elektronike,DOK-0001450,2026-06-09,2026-06-09,1667.11,False,30
URDH-0001450,FAT-0001580,Elektronike,DOK-0001451,2026-04-27,2026-04-27,153067.47,False,30
URDH-0001451,FAT-0001581,Elektronike,DOK-0001452,2026-06-06,2026-06-19,659132.53,False,30
URDH-0001452,FAT-0001582,Elektronike,DOK-0001453,2026-04-18,2026-06-08,583945.65,False,30
URDH-0001453,FAT-0001583,Elektronike,DOK-0001454,2026-06-02,2026-07-16,922054.35,False,30
URDH-0001454,FAT-0001585,Elektronike,DOK-0001455,2026-04-27,2026-04-27,527096.06,False,30
URDH-0001455,FAT-0001586,Elektronike,DOK-0001456,2026-06-06,2026-06-07,210903.94,False,30
URDH-0001456,FAT-0001587,Elektronike,DOK-0001457,2026-04-24,2026-04-24,170366.17,False,30
URDH-0001457,FAT-0001588,Elektronike,DOK-0001458,2026-05-30,2026-06-20,378633.83,False,30
URDH-0001458,FAT-0001590,Elektronike,DOK-0001459,2026-05-11,2026-05-11,900.68,False,30
URDH-0001459,FAT-0001591,Elektronike,DOK-0001460,2026-06-23,2026-07-08,385.56,False,30
URDH-0001460,FAT-0001592,Elektronike,DOK-0001461,2026-04-13,2026-04-26,318750.0,False,30
URDH-0001461,FAT-0001593,Elektronike,DOK-0001462,2026-04-19,2026-04-23,8179900.0,False,30
URDH-0001462,FAT-0001594,Elektronike,DOK-0001463,2026-04-11,2026-04-11,24558.33,False,30
URDH-0001463,FAT-0001595,Elektronike,DOK-0001464,2026-04-09,2026-04-16,22468.13,False,30
URDH-0001464,FAT-0001596,Elektronike,DOK-0001465,2026-05-20,2026-05-20,145657.31,False,30
URDH-0001465,FAT-0001597,Elektronike,DOK-0001466,2026-07-23,2026-07-23,43624.56,False,30
URDH-0001466,FAT-0001598,Elektronike,DOK-0001467,2026-04-24,2026-04-24,81083.34,False,30
URDH-0001467,FAT-0001599,Elektronike,DOK-0001468,2026-04-14,2026-05-05,90314.48,False,30
URDH-0001468,FAT-0001600,Elektronike,DOK-0001469,2026-05-26,2026-06-05,9685.52,False,30
URDH-0001469,FAT-0001602,Elektronike,DOK-0001470,2026-05-01,2026-05-14,29175.28,False,30
URDH-0001470,FAT-0001603,Elektronike,DOK-0001471,2026-04-18,2026-04-18,124541.97,False,30
URDH-0001471,FAT-0001604,Elektronike,DOK-0001472,2026-05-30,2026-06-24,75555.58,False,30
URDH-0001472,FAT-0001605,Elektronike,DOK-0001473,2026-06-24,2026-07-31,749902.45,False,30
URDH-0001473,FAT-0001606,Elektronike,DOK-0001474,2026-04-17,2026-04-17,90873.88,False,30
URDH-0001474,FAT-0001607,Elektronike,DOK-0001475,2026-05-19,2026-05-23,78697.77,False,30
URDH-0001475,FAT-0001608,Elektronike,DOK-0001476,2026-07-07,2026-07-07,174628.35,False,30
URDH-0001476,FAT-0001610,Elektronike,DOK-0001477,2026-04-22,2026-04-27,133598.02,False,30
URDH-0001477,FAT-0001611,Elektronike,DOK-0001478,2026-06-06,2026-06-18,1401.98,False,30
URDH-0001478,FAT-0001612,Elektronike,DOK-0001479,2026-04-09,2026-04-26,107100.18,False,30
URDH-0001479,FAT-0001613,Elektronike,DOK-0001480,2026-05-21,2026-05-23,159899.82,False,30
URDH-0001480,FAT-0001614,Elektronike,DOK-0001481,2026-04-22,2026-04-27,9104.03,False,30
URDH-0001481,FAT-0001615,Elektronike,DOK-0001482,2026-05-19,2026-05-26,5228.97,False,30
URDH-0001482,FAT-0001616,Elektronike,DOK-0001483,2026-04-16,2026-04-16,58298.53,False,30
URDH-0001483,FAT-0001617,Elektronike,DOK-0001484,2026-05-21,2026-05-30,94951.3,False,30
URDH-0001484,FAT-0001618,Elektronike,DOK-0001485,2026-07-11,2026-07-27,46750.17,False,30
URDH-0001485,FAT-0001619,Elektronike,DOK-0001486,2026-04-16,2026-04-22,99.71,False,30
URDH-0001486,FAT-0001620,Elektronike,DOK-0001487,2026-04-20,2026-04-20,153613.16,False,30
URDH-0001487,FAT-0001621,Elektronike,DOK-0001488,2026-06-08,2026-08-06,85286.84,False,30
URDH-0001488,FAT-0001622,Elektronike,DOK-0001489,2026-04-20,2026-04-23,398989.0,False,30
URDH-0001489,FAT-0001623,Elektronike,DOK-0001490,2026-04-21,2026-04-27,16652.62,False,30
URDH-0001490,FAT-0001624,Elektronike,DOK-0001491,2026-06-08,2026-06-08,221192.86,False,30
URDH-0001491,FAT-0001625,Elektronike,DOK-0001492,2026-07-21,2026-07-24,151154.52,False,30
URDH-0001492,FAT-0001626,Elektronike,DOK-0001493,2026-04-19,2026-05-08,89000.0,False,30
URDH-0001493,FAT-0001627,Elektronike,DOK-0001494,2026-04-21,2026-04-21,12885.55,False,30
URDH-0001494,FAT-0001628,Elektronike,DOK-0001495,2026-06-15,2026-06-15,28625.03,False,30
URDH-0001495,FAT-0001630,Elektronike,DOK-0001496,2026-04-17,2026-04-17,45925.53,False,30
URDH-0001496,FAT-0001631,Elektronike,DOK-0001497,2026-06-03,2026-06-03,34074.47,False,30
URDH-0001497,FAT-0001632,Elektronike,DOK-0001498,2026-04-12,2026-04-12,220000.0,False,30
URDH-0001498,FAT-0001633,Elektronike,DOK-0001499,2026-04-16,2026-04-16,500000.0,False,30
URDH-0001499,FAT-0001634,Elektronike,DOK-0001500,2026-04-19,2026-04-19,326900.0,False,30
URDH-0001500,FAT-0001635,Elektronike,DOK-0001501,2026-04-18,2026-05-01,98000.0,False,30
URDH-0001501,FAT-0001636,Elektronike,DOK-0001502,2026-04-23,2026-04-23,15054.81,False,30
URDH-0001502,FAT-0001637,Elektronike,DOK-0001503,2026-05-20,2026-05-20,34945.19,False,30
URDH-0001503,FAT-0001638,Elektronike,DOK-0001504,2026-04-08,2026-04-28,16231.86,False,30
URDH-0001504,FAT-0001639,Elektronike,DOK-0001505,2026-05-30,2026-06-01,41628.28,False,30
URDH-0001505,FAT-0001640,Elektronike,DOK-0001506,2026-07-11,2026-07-11,40473.16,False,30
URDH-0001506,FAT-0001641,Elektronike,DOK-0001507,2026-04-19,2026-05-08,99024.94,False,30
URDH-0001507,FAT-0001643,Elektronike,DOK-0001508,2026-04-24,2026-04-24,38900.0,False,30
URDH-0001508,FAT-0001644,Elektronike,DOK-0001509,2026-04-19,2026-06-10,11600.0,False,30
URDH-0001509,FAT-0001646,Elektronike,DOK-0001510,2026-06-08,2026-06-08,72095.51,False,30
URDH-0001510,FAT-0001647,Elektronike,DOK-0001511,2026-07-12,2026-07-20,5138.92,False,30
URDH-0001511,FAT-0001648,Elektronike,DOK-0001512,2026-04-22,2026-05-13,23500.0,False,30
URDH-0001512,FAT-0001649,Elektronike,DOK-0001513,2026-04-21,2026-04-26,500000.0,False,30
URDH-0001513,FAT-0001651,Elektronike,DOK-0001514,2026-06-01,2026-06-01,55319.95,False,30
URDH-0001514,FAT-0001652,Elektronike,DOK-0001515,2026-04-24,2026-04-27,29820.0,False,30
URDH-0001515,FAT-0001653,Elektronike,DOK-0001516,2026-04-09,2026-04-14,99870.0,False,30
URDH-0001516,FAT-0001654,Elektronike,DOK-0001517,2026-04-12,2026-04-23,4886.0,False,30
URDH-0001517,FAT-0001655,Elektronike,DOK-0001518,2026-05-29,2026-06-02,17014.74,False,30
URDH-0001518,FAT-0001656,Elektronike,DOK-0001519,2026-06-26,2026-06-26,21432.26,False,30
URDH-0001519,FAT-0001657,Elektronike,DOK-0001520,2026-04-16,2026-04-23,70163.78,False,30
URDH-0001520,FAT-0001658,Elektronike,DOK-0001521,2026-05-20,2026-05-20,748836.22,False,30
URDH-0001521,FAT-0001659,Elektronike,DOK-0001522,2026-04-26,2026-05-03,243700.0,False,30
URDH-0001522,FAT-0001660,Elektronike,DOK-0001523,2026-04-24,2026-04-24,71580.18,False,30
URDH-0001523,FAT-0001661,Elektronike,DOK-0001524,2026-05-16,2026-05-16,10085.82,False,30
URDH-0001524,FAT-0001662,Elektronike,DOK-0001525,2026-04-25,2026-06-23,69203.46,False,30
URDH-0001525,FAT-0001663,Elektronike,DOK-0001526,2026-05-28,2026-05-28,171296.54,False,30
URDH-0001526,FAT-0001664,Elektronike,DOK-0001527,2026-04-15,2026-05-05,36103.74,False,30
URDH-0001527,FAT-0001665,Elektronike,DOK-0001528,2026-06-19,2026-06-19,25849.04,False,30
URDH-0001528,FAT-0001666,Elektronike,DOK-0001529,2026-07-12,2026-08-22,26074.22,False,30
URDH-0001529,FAT-0001667,Elektronike,DOK-0001530,2026-04-17,2026-04-17,16023700.0,False,30
URDH-0001530,FAT-0001668,Elektronike,DOK-0001531,2026-04-22,2026-04-22,142877.32,False,30
URDH-0001531,FAT-0001669,Elektronike,DOK-0001532,2026-05-21,2026-05-31,325012.68,False,30
URDH-0001532,FAT-0001670,Elektronike,DOK-0001533,2026-04-18,2026-06-23,61420.99,False,30
URDH-0001533,FAT-0001671,Elektronike,DOK-0001534,2026-06-11,2026-06-17,10587.7,False,30
URDH-0001534,FAT-0001672,Elektronike,DOK-0001535,2026-06-25,2026-06-30,891.31,False,30
URDH-0001535,FAT-0001673,Elektronike,DOK-0001536,2026-04-17,2026-04-26,1000000.0,False,30
URDH-0001536,FAT-0001674,Elektronike,DOK-0001537,2026-04-27,2026-05-10,21410.26,False,30
URDH-0001537,FAT-0001676,Elektronike,DOK-0001538,2026-04-19,2026-05-01,3993.54,False,30
URDH-0001538,FAT-0001677,Elektronike,DOK-0001539,2026-05-15,2026-05-24,16755.1,False,30
URDH-0001539,FAT-0001678,Elektronike,DOK-0001540,2026-06-05,2026-06-05,9251.36,False,30
URDH-0001540,FAT-0001679,Elektronike,DOK-0001541,2026-05-02,2026-05-02,180683.19,False,30
URDH-0001541,FAT-0001680,Elektronike,DOK-0001542,2026-06-21,2026-06-21,147716.81,False,30
URDH-0001542,FAT-0001681,Elektronike,DOK-0001543,2026-04-21,2026-04-21,103809.36,False,30
URDH-0001543,FAT-0001682,Elektronike,DOK-0001544,2026-05-11,2026-05-27,107803.03,False,30
URDH-0001544,FAT-0001684,Elektronike,DOK-0001545,2026-04-22,2026-04-27,554113.76,False,30
URDH-0001545,FAT-0001685,Elektronike,DOK-0001546,2026-05-18,2026-05-31,340886.24,False,30
URDH-0001546,FAT-0001687,Elektronike,DOK-0001547,2026-05-31,2026-06-20,802888.76,False,30
URDH-0001547,FAT-0001688,Elektronike,DOK-0001548,2026-04-27,2026-05-09,308740.0,False,30
URDH-0001548,FAT-0001689,Elektronike,DOK-0001549,2026-05-03,2026-05-03,544500.0,False,30
URDH-0001549,FAT-0001690,Elektronike,DOK-0001550,2026-04-22,2026-04-22,405460.16,False,30
URDH-0001550,FAT-0001691,Elektronike,DOK-0001551,2026-05-24,2026-05-24,205146.72,False,30
URDH-0001551,FAT-0001692,Elektronike,DOK-0001552,2026-07-26,2026-07-26,186893.13,False,30
URDH-0001552,FAT-0001693,Elektronike,DOK-0001553,2026-05-02,2026-05-24,505000.0,False,30
URDH-0001553,FAT-0001694,Elektronike,DOK-0001554,2026-04-24,2026-04-28,199980.0,False,30
URDH-0001554,FAT-0001695,Elektronike,DOK-0001555,2026-04-24,2026-06-21,1180000.0,False,30
URDH-0001555,FAT-0001696,Elektronike,DOK-0001556,2026-04-27,2026-05-01,77000.0,False,30
URDH-0001556,FAT-0001697,Elektronike,DOK-0001557,2026-04-20,2026-05-11,333329.0,False,30
URDH-0001557,FAT-0001698,Elektronike,DOK-0001558,2026-04-30,2026-04-30,75221.01,False,30
URDH-0001558,FAT-0001699,Elektronike,DOK-0001559,2026-05-29,2026-06-23,24486.99,False,30
URDH-0001559,FAT-0001700,Elektronike,DOK-0001560,2026-05-05,2026-05-05,160000.0,False,30
URDH-0001560,FAT-0001701,Elektronike,DOK-0001561,2026-04-30,2026-05-19,9452.08,False,30
URDH-0001561,FAT-0001702,Elektronike,DOK-0001562,2026-06-10,2026-06-23,39877.04,False,30
URDH-0001562,FAT-0001703,Elektronike,DOK-0001563,2026-07-10,2026-07-10,48670.88,False,30
URDH-0001563,FAT-0001704,Elektronike,DOK-0001564,2026-05-03,2026-05-17,16741.38,False,30
URDH-0001564,FAT-0001705,Elektronike,DOK-0001565,2026-06-22,2026-07-12,68032.65,False,30
URDH-0001565,FAT-0001707,Elektronike,DOK-0001566,2026-04-16,2026-05-04,42159.14,False,30
URDH-0001566,FAT-0001708,Elektronike,DOK-0001567,2026-06-16,2026-06-16,77861.48,False,30
URDH-0001567,FAT-0001709,Elektronike,DOK-0001568,2026-07-28,2026-08-27,46645.88,False,30
URDH-0001568,FAT-0001710,Elektronike,DOK-0001569,2026-04-25,2026-04-25,5917392.8,False,30
URDH-0001569,FAT-0001711,Elektronike,DOK-0001570,2026-06-05,2026-06-09,2191184.29,False,30
URDH-0001570,FAT-0001713,Elektronike,DOK-0001571,2026-04-23,2026-04-25,42836.5,False,30
URDH-0001571,FAT-0001714,Elektronike,DOK-0001572,2026-06-26,2026-06-26,176963.5,False,30
URDH-0001572,FAT-0001715,Elektronike,DOK-0001573,2026-04-30,2026-04-30,27859.5,False,30
URDH-0001573,FAT-0001716,Elektronike,DOK-0001574,2026-05-30,2026-07-30,682.9,False,30
URDH-0001574,FAT-0001717,Elektronike,DOK-0001575,2026-06-27,2026-07-27,57.6,False,30
URDH-0001575,FAT-0001718,Elektronike,DOK-0001576,2026-04-25,2026-04-25,241300.0,False,30
URDH-0001576,FAT-0001719,Elektronike,DOK-0001577,2026-04-24,2026-06-11,0.0,False,30
URDH-0001577,FAT-0001720,Elektronike,DOK-0001578,2026-05-31,2026-06-26,0.0,False,30
URDH-0001578,FAT-0001721,Elektronike,DOK-0001579,2026-07-20,2026-07-24,0.0,False,30
URDH-0001579,FAT-0001722,Elektronike,DOK-0001580,2026-04-14,2026-04-29,5224.66,False,30
URDH-0001580,FAT-0001723,Elektronike,DOK-0001581,2026-05-30,2026-06-30,19275.34,False,30
URDH-0001581,FAT-0001724,Elektronike,DOK-0001582,2026-04-18,2026-04-27,28555.45,False,30
URDH-0001582,FAT-0001725,Elektronike,DOK-0001583,2026-06-21,2026-07-01,10871.02,False,30
URDH-0001583,FAT-0001726,Elektronike,DOK-0001584,2026-08-18,2026-08-24,10273.54,False,30
URDH-0001584,FAT-0001727,Elektronike,DOK-0001585,2026-05-03,2026-06-13,785000.0,False,30
URDH-0001585,FAT-0001728,Elektronike,DOK-0001586,2026-04-19,2026-04-28,249200.0,False,30
URDH-0001586,FAT-0001729,Elektronike,DOK-0001587,2026-04-29,2026-05-02,794000.0,False,30
URDH-0001587,FAT-0001730,Elektronike,DOK-0001588,2026-04-15,2026-05-15,5066.62,False,30
URDH-0001588,FAT-0001731,Elektronike,DOK-0001589,2026-05-21,2026-05-21,6381.1,False,30
URDH-0001589,FAT-0001732,Elektronike,DOK-0001590,2026-06-06,2026-06-06,12158.28,False,30
URDH-0001590,FAT-0001733,Elektronike,DOK-0001591,2026-04-27,2026-04-28,2138076.98,False,30
URDH-0001591,FAT-0001734,Elektronike,DOK-0001592,2026-06-25,2026-07-11,1484187.02,False,30
URDH-0001592,FAT-0001735,Elektronike,DOK-0001593,2026-04-25,2026-05-02,648000.0,False,30
URDH-0001593,FAT-0001736,Elektronike,DOK-0001594,2026-04-28,2026-04-28,63478.91,False,30
URDH-0001594,FAT-0001737,Elektronike,DOK-0001595,2026-06-05,2026-06-23,342771.09,False,30
URDH-0001595,FAT-0001738,Elektronike,DOK-0001596,2026-04-27,2026-05-06,507854.66,False,30
URDH-0001596,FAT-0001739,Elektronike,DOK-0001597,2026-05-22,2026-05-30,114634.01,False,30
URDH-0001597,FAT-0001740,Elektronike,DOK-0001598,2026-06-06,2026-06-14,635711.33,False,30
URDH-0001598,FAT-0001741,Elektronike,DOK-0001599,2026-05-07,2026-05-15,51500.0,False,30
URDH-0001599,FAT-0001742,Elektronike,DOK-0001600,2026-05-03,2026-05-14,40239.12,False,30
URDH-0001600,FAT-0001743,Elektronike,DOK-0001601,2026-06-10,2026-06-15,39212.42,False,30
URDH-0001601,FAT-0001745,Elektronike,DOK-0001602,2026-05-05,2026-05-05,1995000.0,False,30
URDH-0001602,FAT-0001746,Elektronike,DOK-0001603,2026-05-01,2026-05-17,4600.57,False,30
URDH-0001603,FAT-0001747,Elektronike,DOK-0001604,2026-05-27,2026-05-28,597.21,False,30
URDH-0001604,FAT-0001748,Elektronike,DOK-0001605,2026-07-10,2026-07-29,792.22,False,30
URDH-0001605,FAT-0001749,Elektronike,DOK-0001606,2026-05-05,2026-05-05,1562.38,False,30
URDH-0001606,FAT-0001751,Elektronike,DOK-0001607,2026-07-11,2026-07-11,101926.01,False,30
URDH-0001607,FAT-0001752,Elektronike,DOK-0001608,2026-04-30,2026-04-30,226737.0,False,30
URDH-0001608,FAT-0001753,Elektronike,DOK-0001609,2026-05-02,2026-05-16,2315109.99,False,30
URDH-0001609,FAT-0001754,Elektronike,DOK-0001610,2026-05-30,2026-05-30,1801690.76,False,30
URDH-0001610,FAT-0001755,Elektronike,DOK-0001611,2026-07-04,2026-07-07,243399.24,False,30
URDH-0001611,FAT-0001756,Elektronike,DOK-0001612,2026-05-11,2026-05-12,95950.0,False,30
URDH-0001612,FAT-0001757,Elektronike,DOK-0001613,2026-05-10,2026-05-10,846000.0,False,30
URDH-0001613,FAT-0001758,Elektronike,DOK-0001614,2026-05-06,2026-05-06,980000.0,False,30
URDH-0001614,FAT-0001759,Elektronike,DOK-0001615,2026-05-06,2026-05-15,32563.28,False,30
URDH-0001615,FAT-0001760,Elektronike,DOK-0001616,2026-06-23,2026-08-12,120195.15,False,30
URDH-0001616,FAT-0001761,Elektronike,DOK-0001617,2026-07-18,2026-07-21,31575.57,False,30
URDH-0001617,FAT-0001762,Elektronike,DOK-0001618,2026-05-03,2026-05-22,429594.84,False,30
URDH-0001618,FAT-0001763,Elektronike,DOK-0001619,2026-06-20,2026-08-17,11150.23,False,30
URDH-0001619,FAT-0001764,Elektronike,DOK-0001620,2026-08-03,2026-08-22,80954.93,False,30
URDH-0001620,FAT-0001765,Elektronike,DOK-0001621,2026-04-20,2026-06-20,46320840.0,False,30
URDH-0001621,FAT-0001766,Elektronike,DOK-0001622,2026-04-30,2026-05-11,100000.0,False,30
URDH-0001622,FAT-0001767,Elektronike,DOK-0001623,2026-05-05,2026-05-30,13047.29,False,30
URDH-0001623,FAT-0001768,Elektronike,DOK-0001624,2026-06-15,2026-06-15,25529.42,False,30
URDH-0001624,FAT-0001769,Elektronike,DOK-0001625,2026-08-23,2026-09-04,7843.29,False,30
URDH-0001625,FAT-0001771,Elektronike,DOK-0001626,2026-05-02,2026-06-04,139480.45,False,30
URDH-0001626,FAT-0001772,Elektronike,DOK-0001627,2026-06-09,2026-06-23,84719.55,False,30
URDH-0001627,FAT-0001773,Elektronike,DOK-0001628,2026-04-25,2026-05-23,69756.86,False,30
URDH-0001628,FAT-0001775,Elektronike,DOK-0001629,2026-07-05,2026-07-05,2209.82,False,30
URDH-0001629,FAT-0001776,Elektronike,DOK-0001630,2026-05-01,2026-05-15,39995.37,False,30
URDH-0001630,FAT-0001777,Elektronike,DOK-0001631,2026-06-26,2026-06-26,32744.65,False,30
URDH-0001631,FAT-0001778,Elektronike,DOK-0001632,2026-08-02,2026-09-18,25926.98,False,30
URDH-0001632,FAT-0001779,Elektronike,DOK-0001633,2026-05-01,2026-05-09,37816.02,False,30
URDH-0001633,FAT-0001780,Elektronike,DOK-0001634,2026-06-30,2026-07-13,62183.98,False,30
URDH-0001634,FAT-0001781,Elektronike,DOK-0001635,2026-04-30,2026-06-13,982433.21,False,30
URDH-0001635,FAT-0001782,Elektronike,DOK-0001636,2026-06-17,2026-06-17,571473.45,False,30
URDH-0001636,FAT-0001783,Elektronike,DOK-0001637,2026-08-08,2026-09-03,112249.33,False,30
URDH-0001637,FAT-0001784,Elektronike,DOK-0001638,2026-05-04,2026-05-11,372294.86,False,30
URDH-0001638,FAT-0001785,Elektronike,DOK-0001639,2026-06-15,2026-07-14,59307.37,False,30
URDH-0001639,FAT-0001786,Elektronike,DOK-0001640,2026-07-24,2026-08-11,484783.77,False,30
URDH-0001640,FAT-0001787,Elektronike,DOK-0001641,2026-05-07,2026-05-07,550156.5,False,30
URDH-0001641,FAT-0001788,Elektronike,DOK-0001642,2026-04-27,2026-06-28,99900.0,False,30
URDH-0001642,FAT-0001789,Elektronike,DOK-0001643,2026-05-08,2026-05-08,2709.99,False,30
URDH-0001643,FAT-0001792,Elektronike,DOK-0001644,2026-04-27,2026-04-27,80779.27,False,30
URDH-0001644,FAT-0001793,Elektronike,DOK-0001645,2026-05-21,2026-07-22,19120.73,False,30
URDH-0001645,FAT-0001794,Elektronike,DOK-0001646,2026-05-15,2026-05-15,185464.0,False,30
URDH-0001646,FAT-0001795,Elektronike,DOK-0001647,2026-04-28,2026-05-10,17333.69,False,30
URDH-0001647,FAT-0001796,Elektronike,DOK-0001648,2026-06-07,2026-07-22,80981.31,False,30
URDH-0001648,FAT-0001797,Elektronike,DOK-0001649,2026-05-05,2026-05-20,199048.26,False,30
URDH-0001649,FAT-0001798,Elektronike,DOK-0001650,2026-07-06,2026-07-06,674414.74,False,30
URDH-0001650,FAT-0001799,Elektronike,DOK-0001651,2026-05-04,2026-05-11,24985.04,False,30
URDH-0001651,FAT-0001800,Elektronike,DOK-0001652,2026-05-21,2026-05-24,4814.96,False,30
URDH-0001652,FAT-0001801,Elektronike,DOK-0001653,2026-05-04,2026-05-04,98698.0,False,30
URDH-0001653,FAT-0001802,Elektronike,DOK-0001654,2026-05-04,2026-05-25,74387.03,False,30
URDH-0001654,FAT-0001803,Elektronike,DOK-0001655,2026-06-03,2026-06-03,109437.97,False,30
URDH-0001655,FAT-0001804,Elektronike,DOK-0001656,2026-04-28,2026-05-04,765000.0,False,30
URDH-0001656,FAT-0001805,Elektronike,DOK-0001657,2026-05-03,2026-05-14,180760.77,False,30
URDH-0001657,FAT-0001806,Elektronike,DOK-0001658,2026-06-22,2026-07-07,374794.23,False,30
URDH-0001658,FAT-0001808,Elektronike,DOK-0001659,2026-05-10,2026-05-17,100000.0,False,30
URDH-0001659,FAT-0001809,Elektronike,DOK-0001660,2026-05-13,2026-05-18,995666.67,False,30
URDH-0001660,FAT-0001810,Elektronike,DOK-0001661,2026-05-06,2026-05-06,49200.0,False,30
URDH-0001661,FAT-0001811,Elektronike,DOK-0001662,2026-05-15,2026-05-19,31439.19,False,30
URDH-0001662,FAT-0001812,Elektronike,DOK-0001663,2026-06-26,2026-07-06,53014.65,False,30
URDH-0001663,FAT-0001813,Elektronike,DOK-0001664,2026-08-02,2026-08-13,13546.16,False,30
URDH-0001664,FAT-0001814,Elektronike,DOK-0001665,2026-05-13,2026-05-16,190762.6,False,30
URDH-0001665,FAT-0001815,Elektronike,DOK-0001666,2026-06-28,2026-07-12,20528.61,False,30
URDH-0001666,FAT-0001816,Elektronike,DOK-0001667,2026-08-05,2026-08-05,23708.79,False,30
URDH-0001667,FAT-0001817,Elektronike,DOK-0001668,2026-05-10,2026-05-16,55840.0,False,30
URDH-0001668,FAT-0001818,Elektronike,DOK-0001669,2026-05-10,2026-05-27,32174.56,False,30
URDH-0001669,FAT-0001819,Elektronike,DOK-0001670,2026-06-12,2026-07-02,49576.97,False,30
URDH-0001670,FAT-0001820,Elektronike,DOK-0001671,2026-08-10,2026-08-31,13248.47,False,30
URDH-0001671,FAT-0001821,Elektronike,DOK-0001672,2026-04-26,2026-05-23,194125.48,False,30
URDH-0001672,FAT-0001822,Elektronike,DOK-0001673,2026-05-28,2026-07-24,233474.52,False,30
URDH-0001673,FAT-0001823,Elektronike,DOK-0001674,2026-05-05,2026-05-09,144900.0,False,30
URDH-0001674,FAT-0001825,Elektronike,DOK-0001675,2026-06-04,2026-06-23,39334.66,False,30
URDH-0001675,FAT-0001826,Elektronike,DOK-0001676,2026-07-08,2026-07-26,157720.63,False,30
URDH-0001676,FAT-0001827,Elektronike,DOK-0001677,2026-05-15,2026-05-26,65775.91,False,30
URDH-0001677,FAT-0001829,Elektronike,DOK-0001678,2026-08-02,2026-08-04,6144.07,False,30
URDH-0001678,FAT-0001830,Elektronike,DOK-0001679,2026-05-01,2026-05-01,222075.17,False,30
URDH-0001679,FAT-0001831,Elektronike,DOK-0001680,2026-06-18,2026-07-04,108522.38,False,30
URDH-0001680,FAT-0001832,Elektronike,DOK-0001681,2026-07-19,2026-08-14,11069.45,False,30
URDH-0001681,FAT-0001833,Elektronike,DOK-0001682,2026-05-09,2026-05-19,225000.0,False,30
URDH-0001682,FAT-0001834,Elektronike,DOK-0001683,2026-04-27,2026-04-27,17272.83,False,30
URDH-0001683,FAT-0001835,Elektronike,DOK-0001684,2026-06-18,2026-06-23,80227.17,False,30
URDH-0001684,FAT-0001836,Elektronike,DOK-0001685,2026-05-05,2026-05-26,116215.73,False,30
URDH-0001685,FAT-0001837,Elektronike,DOK-0001686,2026-07-01,2026-07-16,383784.27,False,30
URDH-0001686,FAT-0001838,Elektronike,DOK-0001687,2026-05-06,2026-05-28,42642.99,False,30
URDH-0001687,FAT-0001839,Elektronike,DOK-0001688,2026-06-02,2026-06-09,56357.01,False,30
URDH-0001688,FAT-0001840,Elektronike,DOK-0001689,2026-05-04,2026-05-12,58888.62,False,30
URDH-0001689,FAT-0001841,Elektronike,DOK-0001690,2026-06-27,2026-06-30,10670.29,False,30
URDH-0001690,FAT-0001842,Elektronike,DOK-0001691,2026-07-27,2026-08-06,227741.09,False,30
URDH-0001691,FAT-0001843,Elektronike,DOK-0001692,2026-05-03,2026-06-11,114784.74,False,30
URDH-0001692,FAT-0001844,Elektronike,DOK-0001693,2026-06-11,2026-06-11,2105.41,False,30
URDH-0001693,FAT-0001845,Elektronike,DOK-0001694,2026-07-01,2026-07-05,93109.86,False,30
URDH-0001694,FAT-0001846,Elektronike,DOK-0001695,2026-05-13,2026-05-14,10025.75,False,30
URDH-0001695,FAT-0001847,Elektronike,DOK-0001696,2026-07-03,2026-07-19,89974.25,False,30
URDH-0001696,FAT-0001848,Elektronike,DOK-0001697,2026-05-07,2026-05-23,271120.45,False,30
URDH-0001697,FAT-0001849,Elektronike,DOK-0001698,2026-06-05,2026-06-22,292879.55,False,30
URDH-0001698,FAT-0001850,Elektronike,DOK-0001699,2026-05-09,2026-05-09,27461.56,False,30
URDH-0001699,FAT-0001851,Elektronike,DOK-0001700,2026-05-31,2026-07-24,48679.55,False,30
URDH-0001700,FAT-0001852,Elektronike,DOK-0001701,2026-07-26,2026-08-10,15858.89,False,30
URDH-0001701,FAT-0001853,Elektronike,DOK-0001702,2026-05-09,2026-05-15,4199411.27,False,30
URDH-0001702,FAT-0001854,Elektronike,DOK-0001703,2026-06-02,2026-06-02,450588.73,False,30
URDH-0001703,FAT-0001855,Elektronike,DOK-0001704,2026-05-03,2026-05-03,4846.99,False,30
URDH-0001704,FAT-0001856,Elektronike,DOK-0001705,2026-06-11,2026-07-25,30429.52,False,30
URDH-0001705,FAT-0001857,Elektronike,DOK-0001706,2026-08-04,2026-08-04,61438.5,False,30
URDH-0001706,FAT-0001858,Elektronike,DOK-0001707,2026-05-16,2026-05-16,24605010.0,False,30
URDH-0001707,FAT-0001859,Elektronike,DOK-0001708,2026-05-07,2026-05-12,138000.0,False,30
URDH-0001708,FAT-0001860,Elektronike,DOK-0001709,2026-05-07,2026-05-15,99000.0,False,30
URDH-0001709,FAT-0001861,Elektronike,DOK-0001710,2026-05-15,2026-06-03,188659.02,False,30
URDH-0001710,FAT-0001862,Elektronike,DOK-0001711,2026-06-30,2026-07-14,298940.98,False,30
URDH-0001711,FAT-0001863,Elektronike,DOK-0001712,2026-05-08,2026-05-21,22697.22,False,30
URDH-0001712,FAT-0001864,Elektronike,DOK-0001713,2026-06-15,2026-08-14,76802.78,False,30
URDH-0001713,FAT-0001865,Elektronike,DOK-0001714,2026-05-13,2026-05-13,4252.95,False,30
URDH-0001714,FAT-0001866,Elektronike,DOK-0001715,2026-05-29,2026-05-29,15333.67,False,30
URDH-0001715,FAT-0001867,Elektronike,DOK-0001716,2026-05-17,2026-05-21,73970.88,False,30
URDH-0001716,FAT-0001869,Elektronike,DOK-0001717,2026-05-06,2026-06-24,6545.17,False,30
URDH-0001717,FAT-0001870,Elektronike,DOK-0001718,2026-05-26,2026-06-12,10914.63,False,30
URDH-0001718,FAT-0001871,Elektronike,DOK-0001719,2026-06-25,2026-07-08,82540.2,False,30
URDH-0001719,FAT-0001872,Elektronike,DOK-0001720,2026-05-14,2026-05-30,175000.0,False,30
URDH-0001720,FAT-0001874,Elektronike,DOK-0001721,2026-06-10,2026-06-12,142017.76,False,30
URDH-0001721,FAT-0001875,Elektronike,DOK-0001722,2026-05-07,2026-05-19,514911.63,False,30
URDH-0001722,FAT-0001876,Elektronike,DOK-0001723,2026-06-04,2026-06-06,173088.37,False,30
URDH-0001723,FAT-0001877,Elektronike,DOK-0001724,2026-05-12,2026-07-06,623238.64,False,30
URDH-0001724,FAT-0001878,Elektronike,DOK-0001725,2026-06-08,2026-06-20,454837.97,False,30
URDH-0001725,FAT-0001879,Elektronike,DOK-0001726,2026-07-24,2026-07-24,159694.39,False,30
URDH-0001726,FAT-0001880,Elektronike,DOK-0001727,2026-05-11,2026-06-01,8159.31,False,30
URDH-0001727,FAT-0001881,Elektronike,DOK-0001728,2026-07-02,2026-07-10,33967.5,False,30
URDH-0001728,FAT-0001882,Elektronike,DOK-0001729,2026-08-02,2026-08-02,21473.2,False,30
URDH-0001729,FAT-0001883,Elektronike,DOK-0001730,2026-05-16,2026-06-19,244600.0,False,30
URDH-0001730,FAT-0001884,Elektronike,DOK-0001731,2026-05-16,2026-05-16,111196.3,False,30
URDH-0001731,FAT-0001885,Elektronike,DOK-0001732,2026-06-12,2026-07-10,366399.16,False,30
URDH-0001732,FAT-0001886,Elektronike,DOK-0001733,2026-06-27,2026-07-12,409402.14,False,30
URDH-0001733,FAT-0001887,Elektronike,DOK-0001734,2026-05-16,2026-05-16,537093.33,False,30
URDH-0001734,FAT-0001888,Elektronike,DOK-0001735,2026-06-14,2026-06-18,21239.67,False,30
URDH-0001735,FAT-0001889,Elektronike,DOK-0001736,2026-05-19,2026-05-25,91134.92,False,30
URDH-0001736,FAT-0001890,Elektronike,DOK-0001737,2026-06-02,2026-06-18,71122.97,False,30
URDH-0001737,FAT-0001891,Elektronike,DOK-0001738,2026-07-08,2026-07-27,106542.1,False,30
URDH-0001738,FAT-0001892,Elektronike,DOK-0001739,2026-05-06,2026-05-13,449700.0,False,30
URDH-0001739,FAT-0001893,Elektronike,DOK-0001740,2026-05-14,2026-05-21,0.0,False,30
URDH-0001740,FAT-0001894,Elektronike,DOK-0001741,2026-06-25,2026-06-25,0.0,False,30
URDH-0001741,FAT-0001895,Elektronike,DOK-0001742,2026-08-14,2026-08-14,0.0,False,30
URDH-0001742,FAT-0001896,Elektronike,DOK-0001743,2026-05-23,2026-05-23,44126.81,False,30
URDH-0001743,FAT-0001897,Elektronike,DOK-0001744,2026-07-03,2026-07-10,31141.62,False,30
URDH-0001744,FAT-0001898,Elektronike,DOK-0001745,2026-08-14,2026-08-21,656731.57,False,30
URDH-0001745,FAT-0001899,Elektronike,DOK-0001746,2026-05-08,2026-06-13,1579040.0,False,30
URDH-0001746,FAT-0001900,Elektronike,DOK-0001747,2026-05-19,2026-05-22,65391.25,False,30
URDH-0001747,FAT-0001902,Elektronike,DOK-0001748,2026-08-09,2026-08-20,42506.35,False,30
URDH-0001748,FAT-0001903,Elektronike,DOK-0001749,2026-05-25,2026-05-25,95000.0,False,30
URDH-0001749,FAT-0001904,Elektronike,DOK-0001750,2026-05-25,2026-05-25,215038.34,False,30
URDH-0001750,FAT-0001905,Elektronike,DOK-0001751,2026-07-19,2026-07-19,12450.39,False,30
URDH-0001751,FAT-0001906,Elektronike,DOK-0001752,2026-05-13,2026-07-01,99745.0,False,30
URDH-0001752,FAT-0001907,Elektronike,DOK-0001753,2026-05-11,2026-05-30,72352.07,False,30
URDH-0001753,FAT-0001908,Elektronike,DOK-0001754,2026-06-27,2026-06-27,3065.17,False,30
URDH-0001754,FAT-0001910,Elektronike,DOK-0001755,2026-05-12,2026-06-04,8488.05,False,30
URDH-0001755,FAT-0001911,Elektronike,DOK-0001756,2026-07-08,2026-07-15,4556.71,False,30
URDH-0001756,FAT-0001912,Elektronike,DOK-0001757,2026-09-03,2026-09-12,955.24,False,30
URDH-0001757,FAT-0001913,Elektronike,DOK-0001758,2026-05-19,2026-06-07,70000.0,False,30
URDH-0001758,FAT-0001914,Elektronike,DOK-0001759,2026-05-25,2026-06-05,20873.2,False,30
URDH-0001759,FAT-0001915,Elektronike,DOK-0001760,2026-07-10,2026-07-11,54918.33,False,30
URDH-0001760,FAT-0001916,Elektronike,DOK-0001761,2026-08-20,2026-08-25,766308.47,False,30
URDH-0001761,FAT-0001917,Elektronike,DOK-0001762,2026-05-21,2026-06-22,1420000.0,False,30
URDH-0001762,FAT-0001918,Elektronike,DOK-0001763,2026-05-10,2026-07-14,91747.24,False,30
URDH-0001763,FAT-0001920,Elektronike,DOK-0001764,2026-05-20,2026-05-30,200627.12,False,30
URDH-0001764,FAT-0001921,Elektronike,DOK-0001765,2026-06-25,2026-06-25,86027.88,False,30
URDH-0001765,FAT-0001922,Elektronike,DOK-0001766,2026-05-20,2026-05-26,83216.84,False,30
URDH-0001766,FAT-0001923,Elektronike,DOK-0001767,2026-06-20,2026-06-30,121201.16,False,30
URDH-0001767,FAT-0001924,Elektronike,DOK-0001768,2026-05-12,2026-05-12,118605.0,False,30
URDH-0001768,FAT-0001925,Elektronike,DOK-0001769,2026-05-23,2026-05-23,219441.0,False,30
URDH-0001769,FAT-0001926,Elektronike,DOK-0001770,2026-05-06,2026-05-11,33524.9,False,30
URDH-0001770,FAT-0001927,Elektronike,DOK-0001771,2026-07-05,2026-07-27,5314.43,False,30
URDH-0001771,FAT-0001928,Elektronike,DOK-0001772,2026-07-25,2026-07-25,10295.08,False,30
URDH-0001772,FAT-0001929,Elektronike,DOK-0001773,2026-05-21,2026-06-05,1200.92,False,30
URDH-0001773,FAT-0001930,Elektronike,DOK-0001774,2026-06-30,2026-08-05,33599.08,False,30
URDH-0001774,FAT-0001932,Elektronike,DOK-0001775,2026-06-17,2026-07-28,10933.48,False,30
URDH-0001775,FAT-0001934,Elektronike,DOK-0001776,2026-06-09,2026-06-17,217512.55,False,30
URDH-0001776,FAT-0001935,Elektronike,DOK-0001777,2026-05-13,2026-05-13,3480.1,False,30
URDH-0001777,FAT-0001936,Elektronike,DOK-0001778,2026-07-03,2026-08-11,5709.9,False,30
URDH-0001778,FAT-0001937,Elektronike,DOK-0001779,2026-05-22,2026-05-22,97000.0,False,30
URDH-0001779,FAT-0001938,Elektronike,DOK-0001780,2026-05-27,2026-06-04,12815.56,False,30
URDH-0001780,FAT-0001939,Elektronike,DOK-0001781,2026-07-10,2026-07-10,76087.52,False,30
URDH-0001781,FAT-0001940,Elektronike,DOK-0001782,2026-07-25,2026-08-25,1096.92,False,30
URDH-0001782,FAT-0001941,Elektronike,DOK-0001783,2026-05-25,2026-05-29,4047.83,False,30
URDH-0001783,FAT-0001942,Elektronike,DOK-0001784,2026-06-12,2026-06-17,3185.2,False,30
URDH-0001784,FAT-0001943,Elektronike,DOK-0001785,2026-07-10,2026-07-17,1028.98,False,30
URDH-0001785,FAT-0001944,Elektronike,DOK-0001786,2026-05-17,2026-05-17,98000.0,False,30
URDH-0001786,FAT-0001945,Elektronike,DOK-0001787,2026-05-13,2026-05-28,0.0,False,30
URDH-0001787,FAT-0001946,Elektronike,DOK-0001788,2026-06-18,2026-07-08,0.0,False,30
URDH-0001788,FAT-0001947,Elektronike,DOK-0001789,2026-05-13,2026-05-31,18580.18,False,30
URDH-0001789,FAT-0001948,Elektronike,DOK-0001790,2026-06-04,2026-06-13,10224.53,False,30
URDH-0001790,FAT-0001950,Elektronike,DOK-0001791,2026-05-16,2026-05-16,170219.44,False,30
URDH-0001791,FAT-0001951,Elektronike,DOK-0001792,2026-07-01,2026-07-01,379780.56,False,30
URDH-0001792,FAT-0001952,Elektronike,DOK-0001793,2026-05-12,2026-05-12,297000.0,False,30
URDH-0001793,FAT-0001953,Elektronike,DOK-0001794,2026-05-21,2026-05-21,76374.19,False,30
URDH-0001794,FAT-0001954,Elektronike,DOK-0001795,2026-06-14,2026-06-17,23625.81,False,30
URDH-0001795,FAT-0001955,Elektronike,DOK-0001796,2026-05-21,2026-05-26,55000.0,False,30
URDH-0001796,FAT-0001956,Elektronike,DOK-0001797,2026-05-14,2026-05-21,15304.74,False,30
URDH-0001797,FAT-0001957,Elektronike,DOK-0001798,2026-06-02,2026-06-11,41807.03,False,30
URDH-0001798,FAT-0001959,Elektronike,DOK-0001799,2026-05-16,2026-05-16,71033.28,False,30
URDH-0001799,FAT-0001960,Elektronike,DOK-0001800,2026-06-18,2026-06-18,18837.02,False,30
URDH-0001800,FAT-0001961,Elektronike,DOK-0001801,2026-05-28,2026-05-28,53602.04,False,30
URDH-0001801,FAT-0001963,Elektronike,DOK-0001802,2026-08-15,2026-08-17,48172.88,False,30
URDH-0001802,FAT-0001964,Elektronike,DOK-0001803,2026-05-22,2026-05-22,22803.35,False,30
URDH-0001803,FAT-0001965,Elektronike,DOK-0001804,2026-06-19,2026-07-04,12702.26,False,30
URDH-0001804,FAT-0001966,Elektronike,DOK-0001805,2026-07-28,2026-08-14,5444.39,False,30
URDH-0001805,FAT-0001968,Elektronike,DOK-0001806,2026-06-23,2026-06-23,20339.97,False,30
URDH-0001806,FAT-0001969,Elektronike,DOK-0001807,2026-05-23,2026-05-27,227916.3,False,30
URDH-0001807,FAT-0001971,Elektronike,DOK-0001808,2026-05-27,2026-05-27,7374.29,False,30
URDH-0001808,FAT-0001972,Elektronike,DOK-0001809,2026-07-14,2026-07-28,2399.6,False,30
URDH-0001809,FAT-0001973,Elektronike,DOK-0001810,2026-08-27,2026-09-06,87426.11,False,30
URDH-0001810,FAT-0001975,Elektronike,DOK-0001811,2026-07-09,2026-07-20,8922.16,False,30
URDH-0001811,FAT-0001976,Elektronike,DOK-0001812,2026-09-07,2026-09-17,12323.31,False,30
URDH-0001812,FAT-0001977,Elektronike,DOK-0001813,2026-05-24,2026-07-25,45847.15,False,30
URDH-0001813,FAT-0001978,Elektronike,DOK-0001814,2026-06-23,2026-08-25,10485.85,False,30
URDH-0001814,FAT-0001980,Elektronike,DOK-0001815,2026-05-24,2026-06-28,52000.0,False,30
URDH-0001815,FAT-0001981,Elektronike,DOK-0001816,2026-05-27,2026-05-27,2929480.0,False,30
URDH-0001816,FAT-0001982,Elektronike,DOK-0001817,2026-05-13,2026-05-22,42666.18,False,30
URDH-0001817,FAT-0001983,Elektronike,DOK-0001818,2026-06-10,2026-06-25,46817.77,False,30
URDH-0001818,FAT-0001985,Elektronike,DOK-0001819,2026-05-25,2026-06-06,99000.0,False,30
URDH-0001819,FAT-0001986,Elektronike,DOK-0001820,2026-05-22,2026-06-14,2187.94,False,30
URDH-0001820,FAT-0001987,Elektronike,DOK-0001821,2026-07-08,2026-07-26,887.66,False,30
URDH-0001821,FAT-0001988,Elektronike,DOK-0001822,2026-08-22,2026-08-27,10924.4,False,30
URDH-0001822,FAT-0001989,Elektronike,DOK-0001823,2026-05-30,2026-05-30,6109.78,False,30
URDH-0001823,FAT-0001990,Elektronike,DOK-0001824,2026-06-28,2026-07-02,22890.22,False,30
URDH-0001824,FAT-0001991,Elektronike,DOK-0001825,2026-05-20,2026-05-25,5352.24,False,30
URDH-0001825,FAT-0001993,Elektronike,DOK-0001826,2026-08-03,2026-08-30,8433.85,False,30
URDH-0001826,FAT-0001994,Elektronike,DOK-0001827,2026-05-16,2026-06-29,3373.44,False,30
URDH-0001827,FAT-0001995,Elektronike,DOK-0001828,2026-07-11,2026-07-11,41819.22,False,30
URDH-0001828,FAT-0001996,Elektronike,DOK-0001829,2026-08-01,2026-08-02,50807.34,False,30
URDH-0001829,FAT-0001997,Elektronike,DOK-0001830,2026-05-27,2026-06-07,100000.0,False,30
URDH-0001830,FAT-0001998,Elektronike,DOK-0001831,2026-05-27,2026-06-02,378000.0,False,30
URDH-0001831,FAT-0001999,Elektronike,DOK-0001832,2026-05-21,2026-06-08,177336.92,False,30
URDH-0001832,FAT-0002000,Elektronike,DOK-0001833,2026-07-25,2026-07-25,169663.08,False,30
URDH-0001833,FAT-0002001,Elektronike,DOK-0001834,2026-05-17,2026-06-03,66.83,False,30
URDH-0001834,FAT-0002002,Elektronike,DOK-0001835,2026-06-23,2026-06-23,26.46,False,30
URDH-0001835,FAT-0002003,Elektronike,DOK-0001836,2026-07-15,2026-07-15,6.61,False,30
URDH-0001836,FAT-0002004,Elektronike,DOK-0001837,2026-05-20,2026-05-22,14168.83,False,30
URDH-0001837,FAT-0002005,Elektronike,DOK-0001838,2026-06-22,2026-07-11,17070.92,False,30
URDH-0001838,FAT-0002006,Elektronike,DOK-0001839,2026-08-08,2026-08-25,68760.24,False,30
URDH-0001839,FAT-0002007,Elektronike,DOK-0001840,2026-05-25,2026-06-02,100000.0,False,30
URDH-0001840,FAT-0002008,Elektronike,DOK-0001841,2026-05-22,2026-06-01,788800.0,False,30
URDH-0001841,FAT-0002009,Elektronike,DOK-0001842,2026-05-30,2026-05-30,34898.95,False,30
URDH-0001842,FAT-0002010,Elektronike,DOK-0001843,2026-07-07,2026-07-20,27101.05,False,30
URDH-0001843,FAT-0002011,Elektronike,DOK-0001844,2026-06-04,2026-06-04,727000.0,False,30
URDH-0001844,FAT-0002012,Elektronike,DOK-0001845,2026-05-18,2026-05-18,99800.0,False,30
URDH-0001845,FAT-0002014,Elektronike,DOK-0001846,2026-06-11,2026-06-19,243152.39,False,30
URDH-0001846,FAT-0002015,Elektronike,DOK-0001847,2026-08-08,2026-08-08,309238.27,False,30
URDH-0001847,FAT-0002016,Elektronike,DOK-0001848,2026-05-27,2026-06-07,66800.0,False,30
URDH-0001848,FAT-0002017,Elektronike,DOK-0001849,2026-05-31,2026-06-13,130500.0,False,30
URDH-0001849,FAT-0002018,Elektronike,DOK-0001850,2026-05-16,2026-06-03,100058361.44,False,30
URDH-0001850,FAT-0002019,Elektronike,DOK-0001851,2026-07-16,2026-09-08,39898811.75,False,30
URDH-0001851,FAT-0002020,Elektronike,DOK-0001852,2026-05-31,2026-07-02,938520.0,False,30
URDH-0001852,FAT-0002021,Elektronike,DOK-0001853,2026-05-20,2026-05-20,218588.63,False,30
URDH-0001853,FAT-0002022,Elektronike,DOK-0001854,2026-06-18,2026-06-26,474411.37,False,30
URDH-0001854,FAT-0002023,Elektronike,DOK-0001855,2026-05-26,2026-05-30,100000.0,False,30
URDH-0001855,FAT-0002024,Elektronike,DOK-0001856,2026-06-01,2026-06-01,100000.0,False,30
URDH-0001856,FAT-0002025,Elektronike,DOK-0001857,2026-05-28,2026-06-11,58622.82,False,30
URDH-0001857,FAT-0002026,Elektronike,DOK-0001858,2026-06-28,2026-07-09,41377.18,False,30
URDH-0001858,FAT-0002027,Elektronike,DOK-0001859,2026-05-28,2026-05-28,295518.96,False,30
URDH-0001859,FAT-0002030,Elektronike,DOK-0001860,2026-06-30,2026-07-01,4986.55,False,30
URDH-0001860,FAT-0002031,Elektronike,DOK-0001861,2026-05-30,2026-05-30,655.73,False,30
URDH-0001861,FAT-0002032,Elektronike,DOK-0001862,2026-07-07,2026-07-07,2844.27,False,30
URDH-0001862,FAT-0002033,Elektronike,DOK-0001863,2026-05-25,2026-05-25,99900.0,False,30
URDH-0001863,FAT-0002034,Elektronike,DOK-0001864,2026-05-25,2026-06-17,92023.22,False,30
URDH-0001864,FAT-0002035,Elektronike,DOK-0001865,2026-07-24,2026-09-18,6409.78,False,30
URDH-0001865,FAT-0002036,Elektronike,DOK-0001866,2026-06-04,2026-06-19,28825.18,False,30
URDH-0001866,FAT-0002037,Elektronike,DOK-0001867,2026-06-27,2026-07-17,171129.82,False,30
URDH-0001867,FAT-0002038,Elektronike,DOK-0001868,2026-05-15,2026-05-31,90827.38,False,30
URDH-0001868,FAT-0002039,Elektronike,DOK-0001869,2026-06-28,2026-06-28,731517.66,False,30
URDH-0001869,FAT-0002040,Elektronike,DOK-0001870,2026-08-07,2026-08-17,455654.95,False,30
URDH-0001870,FAT-0002041,Elektronike,DOK-0001871,2026-06-01,2026-06-06,6450685.0,False,30
URDH-0001871,FAT-0002042,Elektronike,DOK-0001872,2026-06-04,2026-06-08,405891.91,False,30
URDH-0001872,FAT-0002043,Elektronike,DOK-0001873,2026-07-07,2026-08-13,569208.09,False,30
URDH-0001873,FAT-0002044,Elektronike,DOK-0001874,2026-05-26,2026-05-26,2766.38,False,30
URDH-0001874,FAT-0002045,Elektronike,DOK-0001875,2026-07-21,2026-07-31,8826.42,False,30
URDH-0001875,FAT-0002046,Elektronike,DOK-0001876,2026-08-27,2026-08-27,3707.21,False,30
URDH-0001876,FAT-0002047,Elektronike,DOK-0001877,2026-05-23,2026-06-06,866800.0,False,30
URDH-0001877,FAT-0002048,Elektronike,DOK-0001878,2026-05-20,2026-05-23,200000.0,False,30
URDH-0001878,FAT-0002051,Elektronike,DOK-0001879,2026-08-28,2026-09-08,4659.25,False,30
URDH-0001879,FAT-0002052,Elektronike,DOK-0001880,2026-05-27,2026-06-02,298.35,False,30
URDH-0001880,FAT-0002053,Elektronike,DOK-0001881,2026-07-05,2026-07-17,1371.08,False,30
URDH-0001881,FAT-0002054,Elektronike,DOK-0001882,2026-07-31,2026-07-31,22649.06,False,30
URDH-0001882,FAT-0002055,Elektronike,DOK-0001883,2026-06-02,2026-06-02,26425.69,False,30
URDH-0001883,FAT-0002056,Elektronike,DOK-0001884,2026-07-18,2026-07-29,2695.23,False,30
URDH-0001884,FAT-0002057,Elektronike,DOK-0001885,2026-08-16,2026-08-16,876.08,False,30
URDH-0001885,FAT-0002059,Elektronike,DOK-0001886,2026-06-01,2026-06-17,81010.5,False,30
URDH-0001886,FAT-0002060,Elektronike,DOK-0001887,2026-07-28,2026-07-28,38989.5,False,30
URDH-0001887,FAT-0002061,Elektronike,DOK-0001888,2026-05-23,2026-06-02,350000.0,False,30
URDH-0001888,FAT-0002062,Elektronike,DOK-0001889,2026-05-30,2026-06-11,4160.74,False,30
URDH-0001889,FAT-0002064,Elektronike,DOK-0001890,2026-07-28,2026-07-28,4269.12,False,30
URDH-0001890,FAT-0002065,Elektronike,DOK-0001891,2026-06-05,2026-06-05,7583695.41,False,30
URDH-0001891,FAT-0002066,Elektronike,DOK-0001892,2026-07-17,2026-07-20,5896304.59,False,30
URDH-0001892,FAT-0002067,Elektronike,DOK-0001893,2026-06-01,2026-06-01,104166.5,False,30
URDH-0001893,FAT-0002068,Elektronike,DOK-0001894,2026-06-01,2026-06-03,54658.57,False,30
URDH-0001894,FAT-0002069,Elektronike,DOK-0001895,2026-06-21,2026-08-16,5893.89,False,30
URDH-0001895,FAT-0002070,Elektronike,DOK-0001896,2026-08-04,2026-08-04,14447.54,False,30
URDH-0001896,FAT-0002071,Elektronike,DOK-0001897,2026-06-03,2026-06-03,4488.11,False,30
URDH-0001897,FAT-0002072,Elektronike,DOK-0001898,2026-07-09,2026-07-24,28511.89,False,30
URDH-0001898,FAT-0002073,Elektronike,DOK-0001899,2026-05-25,2026-06-14,15300.46,False,30
URDH-0001899,FAT-0002074,Elektronike,DOK-0001900,2026-06-26,2026-07-26,112499.54,False,30
URDH-0001900,FAT-0002075,Elektronike,DOK-0001901,2026-05-30,2026-06-17,0.0,False,30
URDH-0001901,FAT-0002076,Elektronike,DOK-0001902,2026-06-29,2026-07-01,0.0,False,30
URDH-0001902,FAT-0002077,Elektronike,DOK-0001903,2026-08-05,2026-08-11,0.0,False,30
URDH-0001903,FAT-0002078,Elektronike,DOK-0001904,2026-05-27,2026-06-04,28003.28,False,30
URDH-0001904,FAT-0002079,Elektronike,DOK-0001905,2026-07-06,2026-07-08,10520.01,False,30
URDH-0001905,FAT-0002080,Elektronike,DOK-0001906,2026-08-05,2026-08-05,128143.38,False,30
URDH-0001906,FAT-0002081,Elektronike,DOK-0001907,2026-05-26,2026-05-26,15579.71,False,30
URDH-0001907,FAT-0002082,Elektronike,DOK-0001908,2026-07-07,2026-07-13,1313.02,False,30
URDH-0001908,FAT-0002083,Elektronike,DOK-0001909,2026-08-25,2026-09-02,4857.27,False,30
URDH-0001909,FAT-0002084,Elektronike,DOK-0001910,2026-06-10,2026-06-21,3592.03,False,30
URDH-0001910,FAT-0002085,Elektronike,DOK-0001911,2026-07-31,2026-07-31,36407.97,False,30
URDH-0001911,FAT-0002086,Elektronike,DOK-0001912,2026-06-11,2026-06-17,11715015.51,False,30
URDH-0001912,FAT-0002088,Elektronike,DOK-0001913,2026-06-05,2026-06-05,306290.06,False,30
URDH-0001913,FAT-0002089,Elektronike,DOK-0001914,2026-07-12,2026-07-12,133709.94,False,30
URDH-0001914,FAT-0002090,Elektronike,DOK-0001915,2026-06-03,2026-06-17,35537.64,False,30
URDH-0001915,FAT-0002091,Elektronike,DOK-0001916,2026-07-24,2026-07-29,29893.11,False,30
URDH-0001916,FAT-0002092,Elektronike,DOK-0001917,2026-08-19,2026-09-18,34469.25,False,30
URDH-0001917,FAT-0002093,Elektronike,DOK-0001918,2026-06-03,2026-06-17,235119.05,False,30
URDH-0001918,FAT-0002094,Elektronike,DOK-0001919,2026-07-05,2026-09-01,459333.03,False,30
URDH-0001919,FAT-0002095,Elektronike,DOK-0001920,2026-09-02,2026-09-18,5235547.93,False,30
URDH-0001920,FAT-0002096,Elektronike,DOK-0001921,2026-05-23,2026-05-31,3920.0,False,30
URDH-0001921,FAT-0002097,Elektronike,DOK-0001922,2026-05-27,2026-07-08,626987.72,False,30
URDH-0001922,FAT-0002098,Elektronike,DOK-0001923,2026-06-14,2026-06-14,106934.47,False,30
URDH-0001923,FAT-0002099,Elektronike,DOK-0001924,2026-07-19,2026-07-25,82077.81,False,30
URDH-0001924,FAT-0002100,Elektronike,DOK-0001925,2026-06-02,2026-06-02,87723.44,False,30
URDH-0001925,FAT-0002101,Elektronike,DOK-0001926,2026-08-01,2026-08-01,63107.05,False,30
URDH-0001926,FAT-0002102,Elektronike,DOK-0001927,2026-08-22,2026-09-09,11932.51,False,30
URDH-0001927,FAT-0002104,Elektronike,DOK-0001928,2026-07-10,2026-07-10,80307.69,False,30
URDH-0001928,FAT-0002105,Elektronike,DOK-0001929,2026-06-08,2026-06-13,23095.0,False,30
URDH-0001929,FAT-0002106,Elektronike,DOK-0001930,2026-05-27,2026-05-27,10000.0,False,30
URDH-0001930,FAT-0002107,Elektronike,DOK-0001931,2026-06-09,2026-06-09,70000.0,False,30
URDH-0001931,FAT-0002108,Elektronike,DOK-0001932,2026-05-27,2026-06-28,7428.65,False,30
URDH-0001932,FAT-0002109,Elektronike,DOK-0001933,2026-06-18,2026-08-11,84871.35,False,30
URDH-0001933,FAT-0002110,Elektronike,DOK-0001934,2026-05-26,2026-08-01,11334.4,False,30
URDH-0001934,FAT-0002111,Elektronike,DOK-0001935,2026-07-01,2026-08-29,5439.93,False,30
URDH-0001935,FAT-0002112,Elektronike,DOK-0001936,2026-08-16,2026-08-24,55725.67,False,30
URDH-0001936,FAT-0002113,Elektronike,DOK-0001937,2026-05-24,2026-05-30,27049.63,False,30
URDH-0001937,FAT-0002114,Elektronike,DOK-0001938,2026-07-16,2026-07-18,50350.37,False,30
URDH-0001938,FAT-0002115,Elektronike,DOK-0001939,2026-06-08,2026-06-24,115833.1,False,30
URDH-0001939,FAT-0002116,Elektronike,DOK-0001940,2026-07-15,2026-09-16,13132.25,False,30
URDH-0001940,FAT-0002117,Elektronike,DOK-0001941,2026-09-10,2026-09-13,481037.65,False,30
URDH-0001941,FAT-0002118,Elektronike,DOK-0001942,2026-06-02,2026-06-24,221950.78,False,30
URDH-0001942,FAT-0002120,Elektronike,DOK-0001943,2026-05-30,2026-06-17,15430.63,False,30
URDH-0001943,FAT-0002121,Elektronike,DOK-0001944,2026-08-03,2026-08-03,569.37,False,30
URDH-0001944,FAT-0002123,Elektronike,DOK-0001945,2026-07-20,2026-07-29,148759.22,False,30
URDH-0001945,FAT-0002125,Elektronike,DOK-0001946,2026-06-02,2026-07-31,99750.0,False,30
URDH-0001946,FAT-0002126,Elektronike,DOK-0001947,2026-06-04,2026-06-04,177953.39,False,30
URDH-0001947,FAT-0002127,Elektronike,DOK-0001948,2026-07-11,2026-07-19,400448.08,False,30
URDH-0001948,FAT-0002128,Elektronike,DOK-0001949,2026-09-01,2026-09-11,99398.53,False,30
URDH-0001949,FAT-0002131,Elektronike,DOK-0001950,2026-09-18,2026-09-18,9986.53,False,30
URDH-0001950,FAT-0002133,Elektronike,DOK-0001951,2026-07-14,2026-07-27,221772.7,False,30
URDH-0001951,FAT-0002134,Elektronike,DOK-0001952,2026-08-23,2026-08-23,419550.46,False,30
URDH-0001952,FAT-0002135,Elektronike,DOK-0001953,2026-06-10,2026-06-17,11241.93,False,30
URDH-0001953,FAT-0002136,Elektronike,DOK-0001954,2026-07-28,2026-08-08,144908.07,False,30
URDH-0001954,FAT-0002137,Elektronike,DOK-0001955,2026-05-29,2026-06-08,99500.0,False,30
URDH-0001955,FAT-0002138,Elektronike,DOK-0001956,2026-06-06,2026-06-17,96458.0,False,30
URDH-0001956,FAT-0002139,Elektronike,DOK-0001957,2026-06-13,2026-06-13,7690.42,False,30
URDH-0001957,FAT-0002140,Elektronike,DOK-0001958,2026-08-01,2026-09-18,71475.58,False,30
URDH-0001958,FAT-0002142,Elektronike,DOK-0001959,2026-07-20,2026-07-20,4291.62,False,30
URDH-0001959,FAT-0002143,Elektronike,DOK-0001960,2026-09-07,2026-09-18,2582.31,False,30
URDH-0001960,FAT-0002144,Elektronike,DOK-0001961,2026-06-08,2026-06-26,1617409.23,False,30
URDH-0001961,FAT-0002145,Elektronike,DOK-0001962,2026-07-22,2026-07-22,2465459.65,False,30
URDH-0001962,FAT-0002146,Elektronike,DOK-0001963,2026-09-06,2026-09-17,292131.12,False,30
URDH-0001963,FAT-0002147,Elektronike,DOK-0001964,2026-06-04,2026-06-04,34033.22,False,30
URDH-0001964,FAT-0002148,Elektronike,DOK-0001965,2026-07-25,2026-08-03,62416.78,False,30
URDH-0001965,FAT-0002149,Elektronike,DOK-0001966,2026-06-04,2026-06-23,1168.39,False,30
URDH-0001966,FAT-0002150,Elektronike,DOK-0001967,2026-07-10,2026-08-22,33031.61,False,30
URDH-0001967,FAT-0002151,Elektronike,DOK-0001968,2026-06-12,2026-06-17,73634.71,False,30
URDH-0001968,FAT-0002153,Elektronike,DOK-0001969,2026-06-08,2026-06-08,7391.02,False,30
URDH-0001969,FAT-0002154,Elektronike,DOK-0001970,2026-07-23,2026-08-11,43941.98,False,30
URDH-0001970,FAT-0002155,Elektronike,DOK-0001971,2026-05-30,2026-05-30,60719.79,False,30
URDH-0001971,FAT-0002156,Elektronike,DOK-0001972,2026-07-10,2026-07-20,237280.21,False,30
URDH-0001972,FAT-0002157,Elektronike,DOK-0001973,2026-05-31,2026-07-08,99991.0,False,30
URDH-0001973,FAT-0002158,Elektronike,DOK-0001974,2026-05-27,2026-05-31,572492.93,False,30
URDH-0001974,FAT-0002159,Elektronike,DOK-0001975,2026-06-22,2026-06-22,72248.81,False,30
URDH-0001975,FAT-0002160,Elektronike,DOK-0001976,2026-08-10,2026-08-23,519258.26,False,30
URDH-0001976,FAT-0002161,Elektronike,DOK-0001977,2026-06-04,2026-06-19,22388.53,False,30
URDH-0001977,FAT-0002162,Elektronike,DOK-0001978,2026-06-18,2026-06-24,1910.22,False,30
URDH-0001978,FAT-0002163,Elektronike,DOK-0001979,2026-08-03,2026-08-06,5301.24,False,30
URDH-0001979,FAT-0002164,Elektronike,DOK-0001980,2026-06-12,2026-06-13,248132.32,False,30
URDH-0001980,FAT-0002165,Elektronike,DOK-0001981,2026-07-06,2026-07-25,99447.68,False,30
URDH-0001981,FAT-0002166,Elektronike,DOK-0001982,2026-06-10,2026-06-21,84588.53,False,30
URDH-0001982,FAT-0002168,Elektronike,DOK-0001983,2026-06-08,2026-06-08,146061.24,False,30
URDH-0001983,FAT-0002169,Elektronike,DOK-0001984,2026-08-06,2026-08-31,31050.44,False,30
URDH-0001984,FAT-0002170,Elektronike,DOK-0001985,2026-09-18,2026-09-18,122888.32,False,30
URDH-0001985,FAT-0002171,Elektronike,DOK-0001986,2026-06-06,2026-06-23,9.15,False,30
URDH-0001986,FAT-0002172,Elektronike,DOK-0001987,2026-07-09,2026-07-10,131490.85,False,30
URDH-0001987,FAT-0002173,Elektronike,DOK-0001988,2026-06-05,2026-06-05,33346.34,False,30
URDH-0001988,FAT-0002175,Elektronike,DOK-0001989,2026-08-09,2026-08-23,67151.97,False,30
URDH-0001989,FAT-0002176,Elektronike,DOK-0001990,2026-06-07,2026-06-29,50000.0,False,30
URDH-0001990,FAT-0002178,Elektronike,DOK-0001991,2026-08-11,2026-08-11,266462.27,False,30
URDH-0001991,FAT-0002180,Elektronike,DOK-0001992,2026-07-13,2026-07-20,0.0,False,30
URDH-0001992,FAT-0002181,Elektronike,DOK-0001993,2026-05-30,2026-05-30,63961.54,False,30
URDH-0001993,FAT-0002182,Elektronike,DOK-0001994,2026-06-25,2026-06-25,169300.48,False,30
URDH-0001994,FAT-0002183,Elektronike,DOK-0001995,2026-07-17,2026-08-01,236407.97,False,30
URDH-0001995,FAT-0002184,Elektronike,DOK-0001996,2026-06-07,2026-06-24,7328.18,False,30
URDH-0001996,FAT-0002185,Elektronike,DOK-0001997,2026-07-27,2026-07-27,92171.82,False,30
URDH-0001997,FAT-0002186,Elektronike,DOK-0001998,2026-06-15,2026-06-26,174046.3,False,30
URDH-0001998,FAT-0002187,Elektronike,DOK-0001999,2026-06-24,2026-07-17,1349.96,False,30
URDH-0001999,FAT-0002189,Elektronike,DOK-0002000,2026-06-05,2026-06-05,48714.04,False,30
URDH-0002000,FAT-0002190,Elektronike,DOK-0002001,2026-08-06,2026-08-06,34619.29,False,30
URDH-0002001,FAT-0002191,Elektronike,DOK-0002002,2026-05-26,2026-05-26,158000.0,False,30
URDH-0002002,FAT-0002192,Elektronike,DOK-0002003,2026-06-07,2026-06-15,101016.36,False,30
URDH-0002003,FAT-0002193,Elektronike,DOK-0002004,2026-08-07,2026-08-17,68093.77,False,30
URDH-0002004,FAT-0002196,Elektronike,DOK-0002005,2026-06-04,2026-06-08,299120.26,False,30
URDH-0002005,FAT-0002197,Elektronike,DOK-0002006,2026-07-17,2026-08-30,395879.74,False,30
URDH-0002006,FAT-0002198,Elektronike,DOK-0002007,2026-06-13,2026-06-17,34190.49,False,30
URDH-0002007,FAT-0002199,Elektronike,DOK-0002008,2026-07-20,2026-07-25,15381.51,False,30
URDH-0002008,FAT-0002200,Elektronike,DOK-0002009,2026-06-02,2026-06-20,148842.85,False,30
URDH-0002009,FAT-0002201,Elektronike,DOK-0002010,2026-08-03,2026-08-05,88117.15,False,30
URDH-0002010,FAT-0002202,Elektronike,DOK-0002011,2026-06-11,2026-06-25,136946.47,False,30
URDH-0002011,FAT-0002203,Elektronike,DOK-0002012,2026-06-30,2026-07-16,49053.53,False,30
URDH-0002012,FAT-0002204,Elektronike,DOK-0002013,2026-05-27,2026-05-31,1297238.57,False,30
URDH-0002013,FAT-0002205,Elektronike,DOK-0002014,2026-07-07,2026-07-07,4027761.43,False,30
URDH-0002014,FAT-0002206,Elektronike,DOK-0002015,2026-06-14,2026-06-28,385446.39,False,30
URDH-0002015,FAT-0002207,Elektronike,DOK-0002016,2026-07-03,2026-07-03,230509.21,False,30
URDH-0002016,FAT-0002208,Elektronike,DOK-0002017,2026-09-05,2026-09-18,59544.4,False,30
URDH-0002017,FAT-0002210,Elektronike,DOK-0002018,2026-06-08,2026-06-08,218800.0,False,30
URDH-0002018,FAT-0002211,Elektronike,DOK-0002019,2026-06-15,2026-06-27,66022.64,False,30
URDH-0002019,FAT-0002212,Elektronike,DOK-0002020,2026-07-26,2026-09-04,9747.08,False,30
URDH-0002020,FAT-0002213,Elektronike,DOK-0002021,2026-09-12,2026-09-12,7330.27,False,30
URDH-0002021,FAT-0002214,Elektronike,DOK-0002022,2026-06-13,2026-06-13,66590.29,False,30
URDH-0002022,FAT-0002216,Elektronike,DOK-0002023,2026-06-07,2026-06-16,20937.06,False,30
URDH-0002023,FAT-0002217,Elektronike,DOK-0002024,2026-08-05,2026-08-05,83758.28,False,30
URDH-0002024,FAT-0002218,Elektronike,DOK-0002025,2026-09-01,2026-09-01,134304.65,False,30
URDH-0002025,FAT-0002219,Elektronike,DOK-0002026,2026-06-12,2026-06-12,152.07,False,30
URDH-0002026,FAT-0002220,Elektronike,DOK-0002027,2026-07-04,2026-07-08,4120.89,False,30
URDH-0002027,FAT-0002222,Elektronike,DOK-0002028,2026-06-08,2026-07-28,23859.31,False,30
URDH-0002028,FAT-0002223,Elektronike,DOK-0002029,2026-07-06,2026-07-06,65576.52,False,30
URDH-0002029,FAT-0002224,Elektronike,DOK-0002030,2026-07-28,2026-07-30,10564.17,False,30
URDH-0002030,FAT-0002226,Elektronike,DOK-0002031,2026-07-19,2026-09-18,87831.93,False,30
URDH-0002031,FAT-0002227,Elektronike,DOK-0002032,2026-06-02,2026-06-18,260000.0,False,30
URDH-0002032,FAT-0002228,Elektronike,DOK-0002033,2026-06-04,2026-06-22,8717.98,False,30
URDH-0002033,FAT-0002229,Elektronike,DOK-0002034,2026-08-02,2026-08-07,87730.07,False,30
URDH-0002034,FAT-0002230,Elektronike,DOK-0002035,2026-09-11,2026-09-18,3551.95,False,30
URDH-0002035,FAT-0002231,Elektronike,DOK-0002036,2026-05-29,2026-05-29,0.0,False,30
URDH-0002036,FAT-0002232,Elektronike,DOK-0002037,2026-07-22,2026-08-08,0.0,False,30
URDH-0002037,FAT-0002233,Elektronike,DOK-0002038,2026-08-31,2026-09-09,0.0,False,30
URDH-0002038,FAT-0002234,Elektronike,DOK-0002039,2026-06-06,2026-06-25,8979.37,False,30
URDH-0002039,FAT-0002235,Elektronike,DOK-0002040,2026-07-24,2026-08-10,24770.63,False,30
URDH-0002040,FAT-0002237,Elektronike,DOK-0002041,2026-07-24,2026-07-30,0.0,False,30
URDH-0002041,FAT-0002238,Elektronike,DOK-0002042,2026-08-30,2026-09-11,0.0,False,30
URDH-0002042,FAT-0002239,Elektronike,DOK-0002043,2026-06-05,2026-06-24,16061.59,False,30
URDH-0002043,FAT-0002240,Elektronike,DOK-0002044,2026-07-16,2026-08-09,501041.12,False,30
URDH-0002044,FAT-0002243,Elektronike,DOK-0002045,2026-06-11,2026-06-11,11375.99,False,30
URDH-0002045,FAT-0002244,Elektronike,DOK-0002046,2026-07-23,2026-09-10,7913.4,False,30
URDH-0002046,FAT-0002245,Elektronike,DOK-0002047,2026-08-27,2026-09-10,49560.61,False,30
URDH-0002047,FAT-0002246,Elektronike,DOK-0002048,2026-05-31,2026-06-01,900000.0,False,30
URDH-0002048,FAT-0002247,Elektronike,DOK-0002049,2026-06-13,2026-06-13,22573.53,False,30
URDH-0002049,FAT-0002248,Elektronike,DOK-0002050,2026-08-05,2026-08-05,11217.82,False,30
URDH-0002050,FAT-0002249,Elektronike,DOK-0002051,2026-09-07,2026-09-18,20208.64,False,30
URDH-0002051,FAT-0002250,Elektronike,DOK-0002052,2026-06-13,2026-06-13,4103.41,False,30
URDH-0002052,FAT-0002251,Elektronike,DOK-0002053,2026-08-03,2026-08-03,3893.41,False,30
URDH-0002053,FAT-0002252,Elektronike,DOK-0002054,2026-09-07,2026-09-18,3.17,False,30
URDH-0002054,FAT-0002253,Elektronike,DOK-0002055,2026-06-11,2026-06-15,7068.64,False,30
URDH-0002055,FAT-0002254,Elektronike,DOK-0002056,2026-07-08,2026-07-18,37161.16,False,30
URDH-0002056,FAT-0002255,Elektronike,DOK-0002057,2026-09-01,2026-09-17,10150.2,False,30
URDH-0002057,FAT-0002256,Elektronike,DOK-0002058,2026-06-09,2026-06-27,516.76,False,30
URDH-0002058,FAT-0002257,Elektronike,DOK-0002059,2026-08-09,2026-08-09,21870.7,False,30
URDH-0002059,FAT-0002258,Elektronike,DOK-0002060,2026-09-18,2026-09-18,19278.54,False,30
URDH-0002060,FAT-0002259,Elektronike,DOK-0002061,2026-05-30,2026-05-30,31421.32,False,30
URDH-0002061,FAT-0002260,Elektronike,DOK-0002062,2026-07-01,2026-07-01,22958.68,False,30
URDH-0002062,FAT-0002261,Elektronike,DOK-0002063,2026-06-10,2026-06-27,630000.0,False,30
URDH-0002063,FAT-0002262,Elektronike,DOK-0002064,2026-06-07,2026-06-08,1584000.0,False,30
URDH-0002064,FAT-0002263,Elektronike,DOK-0002065,2026-06-10,2026-07-21,99500.0,False,30
URDH-0002065,FAT-0002264,Elektronike,DOK-0002066,2026-06-12,2026-06-13,126081.22,False,30
URDH-0002066,FAT-0002265,Elektronike,DOK-0002067,2026-07-22,2026-07-22,162918.78,False,30
URDH-0002067,FAT-0002266,Elektronike,DOK-0002068,2026-06-01,2026-07-30,0.0,False,30
URDH-0002068,FAT-0002267,Elektronike,DOK-0002069,2026-06-01,2026-06-26,14300.63,False,30
URDH-0002069,FAT-0002268,Elektronike,DOK-0002070,2026-06-22,2026-06-22,81532.37,False,30
URDH-0002070,FAT-0002269,Elektronike,DOK-0002071,2026-06-16,2026-06-16,314922.95,False,30
URDH-0002071,FAT-0002270,Elektronike,DOK-0002072,2026-08-13,2026-08-23,254142.19,False,30
URDH-0002072,FAT-0002271,Elektronike,DOK-0002073,2026-09-18,2026-09-18,20634.85,False,30
URDH-0002073,FAT-0002272,Elektronike,DOK-0002074,2026-06-13,2026-06-19,349500.0,False,30
URDH-0002074,FAT-0002273,Elektronike,DOK-0002075,2026-06-12,2026-06-28,35604.04,False,30
URDH-0002075,FAT-0002274,Elektronike,DOK-0002076,2026-08-04,2026-08-09,71944.08,False,30
URDH-0002076,FAT-0002275,Elektronike,DOK-0002077,2026-09-18,2026-09-18,28051.88,False,30
URDH-0002077,FAT-0002276,Elektronike,DOK-0002078,2026-06-07,2026-06-07,748000.0,False,30
URDH-0002078,FAT-0002277,Elektronike,DOK-0002079,2026-06-07,2026-06-07,159900.0,False,30
URDH-0002079,FAT-0002278,Elektronike,DOK-0002080,2026-06-07,2026-06-07,87725.08,False,30
URDH-0002080,FAT-0002280,Elektronike,DOK-0002081,2026-06-11,2026-06-11,0.9,False,30
URDH-0002081,FAT-0002281,Elektronike,DOK-0002082,2026-07-06,2026-08-29,24.0,False,30
URDH-0002082,FAT-0002282,Elektronike,DOK-0002083,2026-06-16,2026-06-16,2922.88,False,30
URDH-0002083,FAT-0002284,Elektronike,DOK-0002084,2026-06-22,2026-06-24,100000.0,False,30
URDH-0002084,FAT-0002286,Elektronike,DOK-0002085,2026-06-04,2026-06-12,170503.15,False,30
URDH-0002085,FAT-0002287,Elektronike,DOK-0002086,2026-08-01,2026-08-01,145693.94,False,30
URDH-0002086,FAT-0002288,Elektronike,DOK-0002087,2026-09-18,2026-09-18,132802.91,False,30
URDH-0002087,FAT-0002289,Elektronike,DOK-0002088,2026-06-04,2026-06-13,228819.25,False,30
URDH-0002088,FAT-0002291,Elektronike,DOK-0002089,2026-08-27,2026-09-01,550446.37,False,30
URDH-0002089,FAT-0002292,Elektronike,DOK-0002090,2026-06-20,2026-06-23,36095.12,False,30
URDH-0002090,FAT-0002293,Elektronike,DOK-0002091,2026-08-05,2026-08-08,63286.88,False,30
URDH-0002091,FAT-0002294,Elektronike,DOK-0002092,2026-06-13,2026-06-13,332898.11,False,30
URDH-0002092,FAT-0002295,Elektronike,DOK-0002093,2026-07-18,2026-07-18,27101.89,False,30
URDH-0002093,FAT-0002296,Elektronike,DOK-0002094,2026-06-11,2026-06-18,594000.0,False,30
URDH-0002094,FAT-0002297,Elektronike,DOK-0002095,2026-06-08,2026-07-20,386787.09,False,30
URDH-0002095,FAT-0002298,Elektronike,DOK-0002096,2026-07-09,2026-09-01,287308.95,False,30
URDH-0002096,FAT-0002299,Elektronike,DOK-0002097,2026-08-08,2026-08-08,200251.25,False,30
URDH-0002097,FAT-0002300,Elektronike,DOK-0002098,2026-06-12,2026-06-12,99789.0,False,30
URDH-0002098,FAT-0002301,Elektronike,DOK-0002099,2026-06-07,2026-06-13,316403.86,False,30
URDH-0002099,FAT-0002302,Elektronike,DOK-0002100,2026-07-23,2026-08-14,323579.92,False,30
URDH-0002100,FAT-0002304,Elektronike,DOK-0002101,2026-06-17,2026-07-14,69067.15,False,30
URDH-0002101,FAT-0002305,Elektronike,DOK-0002102,2026-08-02,2026-08-24,541535.28,False,30
URDH-0002102,FAT-0002306,Elektronike,DOK-0002103,2026-06-03,2026-06-04,76849.35,False,30
URDH-0002103,FAT-0002307,Elektronike,DOK-0002104,2026-08-02,2026-09-17,33456.05,False,30
URDH-0002104,FAT-0002308,Elektronike,DOK-0002105,2026-09-18,2026-09-18,73294.6,False,30
URDH-0002105,FAT-0002309,Elektronike,DOK-0002106,2026-06-08,2026-06-08,140102.27,False,30
URDH-0002106,FAT-0002310,Elektronike,DOK-0002107,2026-07-11,2026-07-11,302897.73,False,30
URDH-0002107,FAT-0002311,Elektronike,DOK-0002108,2026-06-17,2026-07-27,820000.0,False,30
URDH-0002108,FAT-0002312,Elektronike,DOK-0002109,2026-06-04,2026-06-14,440678.69,False,30
URDH-0002109,FAT-0002313,Elektronike,DOK-0002110,2026-07-16,2026-08-03,309321.31,False,30
URDH-0002110,FAT-0002314,Elektronike,DOK-0002111,2026-06-16,2026-07-25,23930.33,False,30
URDH-0002111,FAT-0002316,Elektronike,DOK-0002112,2026-08-29,2026-09-09,304701.5,False,30
URDH-0002112,FAT-0002317,Elektronike,DOK-0002113,2026-06-12,2026-06-12,93777.98,False,30
URDH-0002113,FAT-0002318,Elektronike,DOK-0002114,2026-07-23,2026-07-23,99262.0,False,30
URDH-0002114,FAT-0002319,Elektronike,DOK-0002115,2026-09-18,2026-09-18,31960.02,False,30
URDH-0002115,FAT-0002320,Elektronike,DOK-0002116,2026-05-31,2026-07-01,99166.0,False,30
URDH-0002116,FAT-0002321,Elektronike,DOK-0002117,2026-06-10,2026-06-25,68573.54,False,30
URDH-0002117,FAT-0002322,Elektronike,DOK-0002118,2026-07-20,2026-08-01,148926.46,False,30
URDH-0002118,FAT-0002324,Elektronike,DOK-0002119,2026-08-06,2026-08-06,59721.67,False,30
URDH-0002119,FAT-0002325,Elektronike,DOK-0002120,2026-06-19,2026-07-06,144417.38,False,30
URDH-0002120,FAT-0002326,Elektronike,DOK-0002121,2026-08-19,2026-09-18,242512.44,False,30
URDH-0002121,FAT-0002327,Elektronike,DOK-0002122,2026-09-05,2026-09-05,147070.19,False,30
URDH-0002122,FAT-0002328,Elektronike,DOK-0002123,2026-06-16,2026-07-06,319833.1,False,30
URDH-0002123,FAT-0002329,Elektronike,DOK-0002124,2026-08-04,2026-08-18,320166.9,False,30
URDH-0002124,FAT-0002330,Elektronike,DOK-0002125,2026-06-08,2026-06-18,898800.0,False,30
URDH-0002125,FAT-0002331,Elektronike,DOK-0002126,2026-06-18,2026-06-18,30000.0,False,30
URDH-0002126,FAT-0002332,Elektronike,DOK-0002127,2026-06-20,2026-06-20,70217.32,False,30
URDH-0002127,FAT-0002333,Elektronike,DOK-0002128,2026-08-15,2026-09-18,52041.69,False,30
URDH-0002128,FAT-0002334,Elektronike,DOK-0002129,2026-09-18,2026-09-18,177740.99,False,30
URDH-0002129,FAT-0002337,Elektronike,DOK-0002130,2026-06-14,2026-06-14,117648.55,False,30
URDH-0002130,FAT-0002338,Elektronike,DOK-0002131,2026-07-01,2026-07-05,20819.34,False,30
URDH-0002131,FAT-0002339,Elektronike,DOK-0002132,2026-07-25,2026-08-11,54291.11,False,30
URDH-0002132,FAT-0002340,Elektronike,DOK-0002133,2026-06-15,2026-06-30,19247.69,False,30
URDH-0002133,FAT-0002341,Elektronike,DOK-0002134,2026-08-06,2026-08-16,1552.31,False,30
URDH-0002134,FAT-0002342,Elektronike,DOK-0002135,2026-06-14,2026-06-14,806500.0,False,30
URDH-0002135,FAT-0002343,Elektronike,DOK-0002136,2026-06-06,2026-06-10,6974.71,False,30
URDH-0002136,FAT-0002344,Elektronike,DOK-0002137,2026-07-05,2026-07-12,3573.78,False,30
URDH-0002137,FAT-0002345,Elektronike,DOK-0002138,2026-09-04,2026-09-04,8349.51,False,30
URDH-0002138,FAT-0002346,Elektronike,DOK-0002139,2026-06-07,2026-06-10,23717.0,False,30
URDH-0002139,FAT-0002347,Elektronike,DOK-0002140,2026-06-04,2026-06-04,172000.0,False,30
URDH-0002140,FAT-0002348,Elektronike,DOK-0002141,2026-06-06,2026-06-06,34876.26,False,30
URDH-0002141,FAT-0002349,Elektronike,DOK-0002142,2026-06-27,2026-06-27,188823.74,False,30
URDH-0002142,FAT-0002350,Elektronike,DOK-0002143,2026-06-06,2026-06-28,14231.85,False,30
URDH-0002143,FAT-0002351,Elektronike,DOK-0002144,2026-06-27,2026-07-17,78408.15,False,30
URDH-0002144,FAT-0002352,Elektronike,DOK-0002145,2026-06-21,2026-06-21,595000.0,False,30
URDH-0002145,FAT-0002353,Elektronike,DOK-0002146,2026-06-27,2026-08-20,21232.89,False,30
URDH-0002146,FAT-0002354,Elektronike,DOK-0002147,2026-07-31,2026-09-18,126380.91,False,30
URDH-0002147,FAT-0002355,Elektronike,DOK-0002148,2026-09-16,2026-09-16,101078.79,False,30
URDH-0002148,FAT-0002356,Elektronike,DOK-0002149,2026-06-01,2026-06-26,0.0,False,30
URDH-0002149,FAT-0002357,Elektronike,DOK-0002150,2026-07-02,2026-07-06,0.0,False,30
URDH-0002150,FAT-0002358,Elektronike,DOK-0002151,2026-08-14,2026-08-22,0.0,False,30
URDH-0002151,FAT-0002359,Elektronike,DOK-0002152,2026-06-21,2026-06-27,650000.0,False,30
URDH-0002152,FAT-0002360,Elektronike,DOK-0002153,2026-06-16,2026-08-02,20893.08,False,30
URDH-0002153,FAT-0002361,Elektronike,DOK-0002154,2026-08-09,2026-08-09,54063.55,False,30
URDH-0002154,FAT-0002362,Elektronike,DOK-0002155,2026-08-30,2026-09-10,45043.37,False,30
URDH-0002155,FAT-0002363,Elektronike,DOK-0002156,2026-06-10,2026-07-27,1109.84,False,30
URDH-0002156,FAT-0002364,Elektronike,DOK-0002157,2026-07-20,2026-08-12,72898.66,False,30
URDH-0002157,FAT-0002365,Elektronike,DOK-0002158,2026-09-15,2026-09-15,23991.5,False,30
URDH-0002158,FAT-0002367,Elektronike,DOK-0002159,2026-07-06,2026-07-08,1076.14,False,30
URDH-0002159,FAT-0002368,Elektronike,DOK-0002160,2026-06-23,2026-06-27,0.0,False,30
URDH-0002160,FAT-0002369,Elektronike,DOK-0002161,2026-07-12,2026-07-19,0.0,False,30
URDH-0002161,FAT-0002370,Elektronike,DOK-0002162,2026-06-06,2026-06-18,124627.1,False,30
URDH-0002162,FAT-0002371,Elektronike,DOK-0002163,2026-07-22,2026-08-10,248938.9,False,30
URDH-0002163,FAT-0002372,Elektronike,DOK-0002164,2026-06-09,2026-06-22,4788.94,False,30
URDH-0002164,FAT-0002373,Elektronike,DOK-0002165,2026-07-05,2026-07-11,46961.54,False,30
URDH-0002165,FAT-0002374,Elektronike,DOK-0002166,2026-08-23,2026-08-30,33229.53,False,30
URDH-0002166,FAT-0002375,Elektronike,DOK-0002167,2026-06-24,2026-06-24,74509.0,False,30
URDH-0002167,FAT-0002376,Elektronike,DOK-0002168,2026-08-15,2026-09-04,2341.0,False,30
URDH-0002168,FAT-0002377,Elektronike,DOK-0002169,2026-06-07,2026-07-10,240198.8,False,30
URDH-0002169,FAT-0002378,Elektronike,DOK-0002170,2026-08-09,2026-08-21,55301.2,False,30
URDH-0002170,FAT-0002379,Elektronike,DOK-0002171,2026-06-16,2026-06-16,99636.0,False,30
URDH-0002171,FAT-0002380,Elektronike,DOK-0002172,2026-06-11,2026-08-03,2484.94,False,30
URDH-0002172,FAT-0002381,Elektronike,DOK-0002173,2026-07-08,2026-07-28,6050.48,False,30
URDH-0002173,FAT-0002382,Elektronike,DOK-0002174,2026-08-11,2026-08-16,2964.58,False,30
URDH-0002174,FAT-0002383,Elektronike,DOK-0002175,2026-06-25,2026-07-05,10758.08,False,30
URDH-0002175,FAT-0002385,Elektronike,DOK-0002176,2026-06-17,2026-06-27,585044.0,False,30
URDH-0002176,FAT-0002386,Elektronike,DOK-0002177,2026-06-15,2026-06-15,6533.09,False,30
URDH-0002177,FAT-0002387,Elektronike,DOK-0002178,2026-07-23,2026-08-12,93466.91,False,30
URDH-0002178,FAT-0002388,Elektronike,DOK-0002179,2026-06-22,2026-06-22,168990.0,False,30
URDH-0002179,FAT-0002389,Elektronike,DOK-0002180,2026-06-23,2026-07-08,10979157.16,False,30
URDH-0002180,FAT-0002390,Elektronike,DOK-0002181,2026-07-20,2026-07-20,155801842.84,False,30
URDH-0002181,FAT-0002391,Elektronike,DOK-0002182,2026-06-16,2026-06-16,127513.38,False,30
URDH-0002182,FAT-0002392,Elektronike,DOK-0002183,2026-08-11,2026-08-18,234486.62,False,30
URDH-0002183,FAT-0002394,Elektronike,DOK-0002184,2026-07-30,2026-07-30,67573.23,False,30
URDH-0002184,FAT-0002395,Elektronike,DOK-0002185,2026-08-20,2026-08-27,73998.95,False,30
URDH-0002185,FAT-0002396,Elektronike,DOK-0002186,2026-06-29,2026-07-11,828465.45,False,30
URDH-0002186,FAT-0002397,Elektronike,DOK-0002187,2026-08-17,2026-08-29,151534.55,False,30
URDH-0002187,FAT-0002398,Elektronike,DOK-0002188,2026-06-12,2026-06-12,86764.83,False,30
URDH-0002188,FAT-0002399,Elektronike,DOK-0002189,2026-07-24,2026-07-24,2433.76,False,30
URDH-0002189,FAT-0002400,Elektronike,DOK-0002190,2026-08-27,2026-08-27,132701.41,False,30
URDH-0002190,FAT-0002401,Elektronike,DOK-0002191,2026-06-09,2026-07-10,708600.0,False,30
URDH-0002191,FAT-0002402,Elektronike,DOK-0002192,2026-06-29,2026-07-01,990000.0,False,30
URDH-0002192,FAT-0002403,Elektronike,DOK-0002193,2026-06-09,2026-06-09,980000.0,False,30
URDH-0002193,FAT-0002404,Elektronike,DOK-0002194,2026-06-09,2026-08-13,1073264.13,False,30
URDH-0002194,FAT-0002405,Elektronike,DOK-0002195,2026-07-21,2026-07-28,572035.87,False,30
URDH-0002195,FAT-0002406,Elektronike,DOK-0002196,2026-06-15,2026-07-03,133726.36,False,30
URDH-0002196,FAT-0002407,Elektronike,DOK-0002197,2026-08-02,2026-08-02,351657.51,False,30
URDH-0002197,FAT-0002408,Elektronike,DOK-0002198,2026-09-10,2026-09-18,130066.13,False,30
URDH-0002198,FAT-0002409,Elektronike,DOK-0002199,2026-06-19,2026-06-27,29689.8,False,30
URDH-0002199,FAT-0002411,Elektronike,DOK-0002200,2026-07-27,2026-08-12,37909.16,False,30
URDH-0002200,FAT-0002412,Elektronike,DOK-0002201,2026-06-23,2026-06-23,21373.72,False,30
URDH-0002201,FAT-0002414,Elektronike,DOK-0002202,2026-06-10,2026-06-10,68667.76,False,30
URDH-0002202,FAT-0002415,Elektronike,DOK-0002203,2026-07-03,2026-07-03,106532.24,False,30
URDH-0002203,FAT-0002418,Elektronike,DOK-0002204,2026-06-13,2026-06-23,210140.94,False,30
URDH-0002204,FAT-0002419,Elektronike,DOK-0002205,2026-07-17,2026-07-26,79859.06,False,30
URDH-0002205,FAT-0002420,Elektronike,DOK-0002206,2026-06-07,2026-06-19,18857.71,False,30
URDH-0002206,FAT-0002421,Elektronike,DOK-0002207,2026-07-16,2026-08-24,51006.29,False,30
URDH-0002207,FAT-0002422,Elektronike,DOK-0002208,2026-06-24,2026-07-01,3053501.0,False,30
URDH-0002208,FAT-0002423,Elektronike,DOK-0002209,2026-06-26,2026-08-14,51669.48,False,30
URDH-0002209,FAT-0002424,Elektronike,DOK-0002210,2026-08-05,2026-08-18,21688.44,False,30
URDH-0002210,FAT-0002425,Elektronike,DOK-0002211,2026-06-18,2026-07-03,24.5,False,30
URDH-0002211,FAT-0002426,Elektronike,DOK-0002212,2026-08-09,2026-09-18,75151.56,False,30
URDH-0002212,FAT-0002427,Elektronike,DOK-0002213,2026-08-31,2026-09-14,43823.94,False,30
URDH-0002213,FAT-0002428,Elektronike,DOK-0002214,2026-06-16,2026-06-16,7175675.0,False,30
URDH-0002214,FAT-0002430,Elektronike,DOK-0002215,2026-07-16,2026-08-04,35037.79,False,30
URDH-0002215,FAT-0002431,Elektronike,DOK-0002216,2026-06-18,2026-06-27,20204.0,False,30
URDH-0002216,FAT-0002432,Elektronike,DOK-0002217,2026-06-17,2026-07-01,4804.96,False,30
URDH-0002217,FAT-0002433,Elektronike,DOK-0002218,2026-08-13,2026-09-10,95095.04,False,30
URDH-0002218,FAT-0002434,Elektronike,DOK-0002219,2026-06-12,2026-06-30,50295.0,False,30
URDH-0002219,FAT-0002435,Elektronike,DOK-0002220,2026-07-16,2026-07-18,8534.23,False,30
URDH-0002220,FAT-0002436,Elektronike,DOK-0002221,2026-09-04,2026-09-18,24503.77,False,30
URDH-0002221,FAT-0002437,Elektronike,DOK-0002222,2026-06-20,2026-06-30,401835.9,False,30
URDH-0002222,FAT-0002438,Elektronike,DOK-0002223,2026-08-14,2026-08-17,18838.37,False,30
URDH-0002223,FAT-0002439,Elektronike,DOK-0002224,2026-06-27,2026-07-08,37017.07,False,30
URDH-0002224,FAT-0002440,Elektronike,DOK-0002225,2026-07-18,2026-07-31,462969.93,False,30
URDH-0002225,FAT-0002441,Elektronike,DOK-0002226,2026-06-11,2026-07-28,17807.71,False,30
URDH-0002226,FAT-0002442,Elektronike,DOK-0002227,2026-08-02,2026-08-16,1613.12,False,30
URDH-0002227,FAT-0002443,Elektronike,DOK-0002228,2026-08-28,2026-08-28,17079.17,False,30
URDH-0002228,FAT-0002444,Elektronike,DOK-0002229,2026-06-23,2026-07-05,4598.54,False,30
URDH-0002229,FAT-0002445,Elektronike,DOK-0002230,2026-07-30,2026-09-12,306500.94,False,30
URDH-0002230,FAT-0002446,Elektronike,DOK-0002231,2026-08-23,2026-08-23,247900.52,False,30
URDH-0002231,FAT-0002447,Elektronike,DOK-0002232,2026-06-18,2026-07-04,47670.7,False,30
URDH-0002232,FAT-0002448,Elektronike,DOK-0002233,2026-08-04,2026-09-18,18761.34,False,30
URDH-0002233,FAT-0002450,Elektronike,DOK-0002234,2026-06-16,2026-06-17,150000.0,False,30
URDH-0002234,FAT-0002451,Elektronike,DOK-0002235,2026-06-25,2026-06-25,372.05,False,30
URDH-0002235,FAT-0002452,Elektronike,DOK-0002236,2026-07-20,2026-07-31,1296.39,False,30
URDH-0002236,FAT-0002453,Elektronike,DOK-0002237,2026-08-23,2026-09-15,4281.56,False,30
URDH-0002237,FAT-0002454,Elektronike,DOK-0002238,2026-06-25,2026-06-30,1588.14,False,30
URDH-0002238,FAT-0002455,Elektronike,DOK-0002239,2026-08-17,2026-08-17,11152.07,False,30
URDH-0002239,FAT-0002456,Elektronike,DOK-0002240,2026-06-17,2026-06-17,0.0,False,30
URDH-0002240,FAT-0002457,Elektronike,DOK-0002241,2026-08-09,2026-08-09,0.0,False,30
URDH-0002241,FAT-0002458,Elektronike,DOK-0002242,2026-06-21,2026-06-21,66666.0,False,30
URDH-0002242,FAT-0002459,Elektronike,DOK-0002243,2026-06-06,2026-06-30,175000.0,False,30
URDH-0002243,FAT-0002460,Elektronike,DOK-0002244,2026-06-15,2026-07-08,12780637.44,False,30
URDH-0002244,FAT-0002461,Elektronike,DOK-0002245,2026-08-02,2026-08-02,1290446.32,False,30
URDH-0002245,FAT-0002462,Elektronike,DOK-0002246,2026-09-18,2026-09-18,16339158.24,False,30
URDH-0002246,FAT-0002463,Elektronike,DOK-0002247,2026-06-28,2026-07-04,118997.33,False,30
URDH-0002247,FAT-0002464,Elektronike,DOK-0002248,2026-08-21,2026-09-18,173409.09,False,30
URDH-0002248,FAT-0002465,Elektronike,DOK-0002249,2026-06-14,2026-06-16,215526.49,False,30
URDH-0002249,FAT-0002466,Elektronike,DOK-0002250,2026-07-25,2026-07-25,71094.83,False,30
URDH-0002250,FAT-0002467,Elektronike,DOK-0002251,2026-09-02,2026-09-02,36978.67,False,30
URDH-0002251,FAT-0002469,Elektronike,DOK-0002252,2026-08-04,2026-08-23,129598.79,False,30
URDH-0002252,FAT-0002470,Elektronike,DOK-0002253,2026-09-18,2026-09-18,13269.15,False,30
URDH-0002253,FAT-0002471,Elektronike,DOK-0002254,2026-06-14,2026-06-14,11525.33,False,30
URDH-0002254,FAT-0002472,Elektronike,DOK-0002255,2026-07-12,2026-07-12,224876.67,False,30
URDH-0002255,FAT-0002473,Elektronike,DOK-0002256,2026-06-24,2026-06-24,267567.78,False,30
URDH-0002256,FAT-0002474,Elektronike,DOK-0002257,2026-07-15,2026-07-15,41932.22,False,30
URDH-0002257,FAT-0002475,Elektronike,DOK-0002258,2026-06-16,2026-06-26,26631.16,False,30
URDH-0002258,FAT-0002476,Elektronike,DOK-0002259,2026-08-14,2026-09-02,8649.65,False,30
URDH-0002259,FAT-0002477,Elektronike,DOK-0002260,2026-09-12,2026-09-18,969.2,False,30
URDH-0002260,FAT-0002478,Elektronike,DOK-0002261,2026-07-02,2026-08-10,27281.78,False,30
URDH-0002261,FAT-0002479,Elektronike,DOK-0002262,2026-08-06,2026-08-20,115118.22,False,30
URDH-0002262,FAT-0002480,Elektronike,DOK-0002263,2026-06-19,2026-06-19,97583.0,False,30
URDH-0002263,FAT-0002481,Elektronike,DOK-0002264,2026-06-19,2026-07-03,14000.0,False,30
URDH-0002264,FAT-0002483,Elektronike,DOK-0002265,2026-07-25,2026-08-05,67795.51,False,30
URDH-0002265,FAT-0002485,Elektronike,DOK-0002266,2026-06-12,2026-06-23,4814915.88,False,30
URDH-0002266,FAT-0002486,Elektronike,DOK-0002267,2026-07-16,2026-07-24,891930.86,False,30
URDH-0002267,FAT-0002487,Elektronike,DOK-0002268,2026-08-05,2026-08-24,641587.45,False,30
URDH-0002268,FAT-0002488,Elektronike,DOK-0002269,2026-06-20,2026-06-20,71124.03,False,30
URDH-0002269,FAT-0002489,Elektronike,DOK-0002270,2026-07-24,2026-08-08,28775.97,False,30
URDH-0002270,FAT-0002490,Elektronike,DOK-0002271,2026-06-20,2026-06-21,292071.53,False,30
URDH-0002271,FAT-0002492,Elektronike,DOK-0002272,2026-08-30,2026-09-18,21183.27,False,30
URDH-0002272,FAT-0002493,Elektronike,DOK-0002273,2026-06-20,2026-07-04,69866.94,False,30
URDH-0002273,FAT-0002494,Elektronike,DOK-0002274,2026-07-13,2026-07-30,56933.06,False,30
URDH-0002274,FAT-0002496,Elektronike,DOK-0002275,2026-06-26,2026-06-29,494000.0,False,30
URDH-0002275,FAT-0002497,Elektronike,DOK-0002276,2026-06-18,2026-06-18,21030.04,False,30
URDH-0002276,FAT-0002498,Elektronike,DOK-0002277,2026-07-29,2026-07-29,5018.91,False,30
URDH-0002277,FAT-0002500,Elektronike,DOK-0002278,2026-06-23,2026-06-28,13596.22,False,30
URDH-0002278,FAT-0002501,Elektronike,DOK-0002279,2026-07-14,2026-07-14,2403.78,False,30
URDH-0002279,FAT-0002502,Elektronike,DOK-0002280,2026-06-28,2026-06-28,121104.13,False,30
URDH-0002280,FAT-0002503,Elektronike,DOK-0002281,2026-07-14,2026-08-07,122895.87,False,30
URDH-0002281,FAT-0002504,Elektronike,DOK-0002282,2026-06-30,2026-08-11,80938.9,False,30
URDH-0002282,FAT-0002506,Elektronike,DOK-0002283,2026-06-26,2026-07-03,131987.18,False,30
URDH-0002283,FAT-0002507,Elektronike,DOK-0002284,2026-07-22,2026-09-12,24012.82,False,30
URDH-0002284,FAT-0002508,Elektronike,DOK-0002285,2026-07-01,2026-07-01,275865.12,False,30
URDH-0002285,FAT-0002510,Elektronike,DOK-0002286,2026-06-20,2026-06-20,968.88,False,30
URDH-0002286,FAT-0002511,Elektronike,DOK-0002287,2026-07-02,2026-07-27,4516.97,False,30
URDH-0002287,FAT-0002512,Elektronike,DOK-0002288,2026-08-27,2026-09-03,57014.15,False,30
URDH-0002288,FAT-0002513,Elektronike,DOK-0002289,2026-07-05,2026-07-05,166343.27,False,30
URDH-0002289,FAT-0002514,Elektronike,DOK-0002290,2026-08-27,2026-08-27,13656.73,False,30
URDH-0002290,FAT-0002515,Elektronike,DOK-0002291,2026-06-26,2026-06-26,6951.2,False,30
URDH-0002291,FAT-0002517,Elektronike,DOK-0002292,2026-09-04,2026-09-18,11517.7,False,30
URDH-0002292,FAT-0002518,Elektronike,DOK-0002293,2026-06-12,2026-06-20,319000.0,False,30
URDH-0002293,FAT-0002519,Elektronike,DOK-0002294,2026-06-23,2026-07-09,14976.0,False,30
URDH-0002294,FAT-0002520,Elektronike,DOK-0002295,2026-06-29,2026-07-15,15736.17,False,30
URDH-0002295,FAT-0002521,Elektronike,DOK-0002296,2026-08-23,2026-08-23,24815.46,False,30
URDH-0002296,FAT-0002522,Elektronike,DOK-0002297,2026-06-29,2026-07-11,121057.41,False,30
URDH-0002297,FAT-0002523,Elektronike,DOK-0002298,2026-07-19,2026-09-01,39658.13,False,30
URDH-0002298,FAT-0002524,Elektronike,DOK-0002299,2026-09-06,2026-09-16,114284.46,False,30
URDH-0002299,FAT-0002525,Elektronike,DOK-0002300,2026-06-18,2026-07-10,15333336.0,False,30
URDH-0002300,FAT-0002526,Elektronike,DOK-0002301,2026-06-11,2026-06-28,33662.12,False,30
URDH-0002301,FAT-0002527,Elektronike,DOK-0002302,2026-08-10,2026-08-10,5712.21,False,30
URDH-0002302,FAT-0002528,Elektronike,DOK-0002303,2026-09-18,2026-09-18,78325.67,False,30
URDH-0002303,FAT-0002529,Elektronike,DOK-0002304,2026-06-17,2026-07-05,76732.84,False,30
URDH-0002304,FAT-0002530,Elektronike,DOK-0002305,2026-07-17,2026-07-21,21267.16,False,30
URDH-0002305,FAT-0002531,Elektronike,DOK-0002306,2026-07-05,2026-07-09,10370.88,False,30
URDH-0002306,FAT-0002532,Elektronike,DOK-0002307,2026-08-24,2026-09-04,89629.12,False,30
URDH-0002307,FAT-0002533,Elektronike,DOK-0002308,2026-06-14,2026-07-09,278922.13,False,30
URDH-0002308,FAT-0002534,Elektronike,DOK-0002309,2026-07-05,2026-08-30,2201077.87,False,30
URDH-0002309,FAT-0002535,Elektronike,DOK-0002310,2026-06-25,2026-06-25,67263.36,False,30
URDH-0002310,FAT-0002536,Elektronike,DOK-0002311,2026-07-10,2026-07-20,134812.38,False,30
URDH-0002311,FAT-0002537,Elektronike,DOK-0002312,2026-08-27,2026-09-08,414924.26,False,30
URDH-0002312,FAT-0002538,Elektronike,DOK-0002313,2026-06-30,2026-07-15,26662.56,False,30
URDH-0002313,FAT-0002539,Elektronike,DOK-0002314,2026-08-26,2026-08-26,53317.44,False,30
URDH-0002314,FAT-0002540,Elektronike,DOK-0002315,2026-07-01,2026-08-18,22067.03,False,30
URDH-0002315,FAT-0002541,Elektronike,DOK-0002316,2026-08-10,2026-08-10,27873.07,False,30
URDH-0002316,FAT-0002542,Elektronike,DOK-0002317,2026-06-26,2026-06-26,141596.5,False,30
URDH-0002317,FAT-0002543,Elektronike,DOK-0002318,2026-08-09,2026-08-09,12610.78,False,30
URDH-0002318,FAT-0002544,Elektronike,DOK-0002319,2026-09-18,2026-09-18,23992.72,False,30
URDH-0002319,FAT-0002545,Elektronike,DOK-0002320,2026-06-24,2026-08-22,285500.0,False,30
URDH-0002320,FAT-0002546,Elektronike,DOK-0002321,2026-06-20,2026-06-28,97458.33,False,30
URDH-0002321,FAT-0002547,Elektronike,DOK-0002322,2026-06-21,2026-06-21,170078.43,False,30
URDH-0002322,FAT-0002548,Elektronike,DOK-0002323,2026-07-29,2026-08-01,251049.42,False,30
URDH-0002323,FAT-0002549,Elektronike,DOK-0002324,2026-08-23,2026-08-26,48872.15,False,30
URDH-0002324,FAT-0002550,Elektronike,DOK-0002325,2026-06-23,2026-06-28,60347.07,False,30
URDH-0002325,FAT-0002551,Elektronike,DOK-0002326,2026-08-07,2026-08-13,36552.93,False,30
URDH-0002326,FAT-0002552,Elektronike,DOK-0002327,2026-06-22,2026-06-22,306150.0,False,30
URDH-0002327,FAT-0002553,Elektronike,DOK-0002328,2026-06-27,2026-06-27,161490.99,False,30
URDH-0002328,FAT-0002555,Elektronike,DOK-0002329,2026-09-18,2026-09-18,11706.28,False,30
URDH-0002329,FAT-0002556,Elektronike,DOK-0002330,2026-07-06,2026-08-03,10605.62,False,30
URDH-0002330,FAT-0002557,Elektronike,DOK-0002331,2026-08-10,2026-08-12,9935.8,False,30
URDH-0002331,FAT-0002558,Elektronike,DOK-0002332,2026-09-18,2026-09-18,708.57,False,30
URDH-0002332,FAT-0002559,Elektronike,DOK-0002333,2026-06-18,2026-07-06,190917.4,False,30
URDH-0002333,FAT-0002560,Elektronike,DOK-0002334,2026-07-31,2026-08-16,353740.21,False,30
URDH-0002334,FAT-0002561,Elektronike,DOK-0002335,2026-09-09,2026-09-09,75342.4,False,30
URDH-0002335,FAT-0002562,Elektronike,DOK-0002336,2026-06-26,2026-07-11,299730.0,False,30
URDH-0002336,FAT-0002564,Elektronike,DOK-0002337,2026-07-31,2026-08-09,38002.15,False,30
URDH-0002337,FAT-0002565,Elektronike,DOK-0002338,2026-07-03,2026-07-07,30000.0,False,30
URDH-0002338,FAT-0002566,Elektronike,DOK-0002339,2026-07-03,2026-08-23,19107.81,False,30
URDH-0002339,FAT-0002567,Elektronike,DOK-0002340,2026-08-10,2026-08-10,9492.19,False,30
URDH-0002340,FAT-0002568,Elektronike,DOK-0002341,2026-06-23,2026-06-24,45.36,False,30
URDH-0002341,FAT-0002569,Elektronike,DOK-0002342,2026-08-04,2026-08-04,46.75,False,30
URDH-0002342,FAT-0002570,Elektronike,DOK-0002343,2026-09-04,2026-09-04,2.89,False,30
URDH-0002343,FAT-0002572,Elektronike,DOK-0002344,2026-07-02,2026-07-19,1238.48,False,30
URDH-0002344,FAT-0002573,Elektronike,DOK-0002345,2026-08-21,2026-08-21,679.72,False,30
URDH-0002345,FAT-0002574,Elektronike,DOK-0002346,2026-06-18,2026-06-18,89067.26,False,30
URDH-0002346,FAT-0002575,Elektronike,DOK-0002347,2026-07-26,2026-08-04,9932.74,False,30
URDH-0002347,FAT-0002576,Elektronike,DOK-0002348,2026-06-27,2026-06-27,100558.01,False,30
URDH-0002348,FAT-0002577,Elektronike,DOK-0002349,2026-07-17,2026-09-05,220521.38,False,30
URDH-0002349,FAT-0002578,Elektronike,DOK-0002350,2026-08-26,2026-09-18,47320.61,False,30
URDH-0002350,FAT-0002579,Elektronike,DOK-0002351,2026-06-19,2026-06-25,350073.38,False,30
URDH-0002351,FAT-0002580,Elektronike,DOK-0002352,2026-08-23,2026-09-18,117426.62,False,30
URDH-0002352,FAT-0002581,Elektronike,DOK-0002353,2026-06-23,2026-07-04,180.81,False,30
URDH-0002353,FAT-0002582,Elektronike,DOK-0002354,2026-08-11,2026-08-26,5906.12,False,30
URDH-0002354,FAT-0002583,Elektronike,DOK-0002355,2026-06-19,2026-07-05,374434.04,False,30
URDH-0002355,FAT-0002584,Elektronike,DOK-0002356,2026-08-15,2026-08-20,25555.96,False,30
URDH-0002356,FAT-0002585,Elektronike,DOK-0002357,2026-07-02,2026-07-15,16718.55,False,30
URDH-0002357,FAT-0002586,Elektronike,DOK-0002358,2026-08-20,2026-08-23,7781.45,False,30
URDH-0002358,FAT-0002587,Elektronike,DOK-0002359,2026-06-23,2026-07-12,605729.76,False,30
URDH-0002359,FAT-0002588,Elektronike,DOK-0002360,2026-09-03,2026-09-03,24270.24,False,30
URDH-0002360,FAT-0002589,Elektronike,DOK-0002361,2026-06-23,2026-06-29,368900.0,False,30
URDH-0002361,FAT-0002590,Elektronike,DOK-0002362,2026-06-28,2026-07-03,201316.73,False,30
URDH-0002362,FAT-0002591,Elektronike,DOK-0002363,2026-08-07,2026-08-07,321796.48,False,30
URDH-0002363,FAT-0002593,Elektronike,DOK-0002364,2026-06-26,2026-07-17,243600.0,False,30
URDH-0002364,FAT-0002594,Elektronike,DOK-0002365,2026-06-19,2026-07-07,99800.0,False,30
URDH-0002365,FAT-0002596,Elektronike,DOK-0002366,2026-06-27,2026-07-02,30212.65,False,30
URDH-0002366,FAT-0002597,Elektronike,DOK-0002367,2026-08-21,2026-09-06,60787.35,False,30
URDH-0002367,FAT-0002598,Elektronike,DOK-0002368,2026-06-20,2026-06-21,5298.72,False,30
URDH-0002368,FAT-0002599,Elektronike,DOK-0002369,2026-08-14,2026-08-22,2302.25,False,30
URDH-0002369,FAT-0002600,Elektronike,DOK-0002370,2026-06-25,2026-07-12,0.0,False,30
URDH-0002370,FAT-0002602,Elektronike,DOK-0002371,2026-09-04,2026-09-08,0.0,False,30
URDH-0002371,FAT-0002603,Elektronike,DOK-0002372,2026-06-17,2026-07-03,9983.12,False,30
URDH-0002372,FAT-0002604,Elektronike,DOK-0002373,2026-07-26,2026-07-26,27751.01,False,30
URDH-0002373,FAT-0002605,Elektronike,DOK-0002374,2026-09-18,2026-09-18,21265.87,False,30
URDH-0002374,FAT-0002606,Elektronike,DOK-0002375,2026-07-04,2026-08-16,95512.18,False,30
URDH-0002375,FAT-0002607,Elektronike,DOK-0002376,2026-08-20,2026-09-18,154387.82,False,30
URDH-0002376,FAT-0002608,Elektronike,DOK-0002377,2026-06-29,2026-07-07,50000.0,False,30
URDH-0002377,FAT-0002609,Elektronike,DOK-0002378,2026-06-30,2026-07-16,534499.0,False,30
URDH-0002378,FAT-0002610,Elektronike,DOK-0002379,2026-07-03,2026-08-19,23827991.0,False,30
URDH-0002379,FAT-0002611,Elektronike,DOK-0002380,2026-06-30,2026-07-26,91500.0,False,30
URDH-0002380,FAT-0002612,Elektronike,DOK-0002381,2026-06-24,2026-07-02,99000.0,False,30
URDH-0002381,FAT-0002613,Elektronike,DOK-0002382,2026-07-05,2026-07-05,88.56,False,30
URDH-0002382,FAT-0002614,Elektronike,DOK-0002383,2026-08-02,2026-08-06,10.61,False,30
URDH-0002383,FAT-0002616,Elektronike,DOK-0002384,2026-07-20,2026-07-26,133164.94,False,30
URDH-0002384,FAT-0002617,Elektronike,DOK-0002385,2026-06-28,2026-07-06,41645704.8,False,30
URDH-0002385,FAT-0002618,Elektronike,DOK-0002386,2026-06-26,2026-07-19,51509.28,False,30
URDH-0002386,FAT-0002619,Elektronike,DOK-0002387,2026-08-12,2026-08-20,15490.72,False,30
URDH-0002387,FAT-0002620,Elektronike,DOK-0002388,2026-06-23,2026-06-23,24104.65,False,30
URDH-0002388,FAT-0002621,Elektronike,DOK-0002389,2026-08-22,2026-08-22,121445.35,False,30
URDH-0002389,FAT-0002622,Elektronike,DOK-0002390,2026-07-07,2026-07-07,31169.31,False,30
URDH-0002390,FAT-0002624,Elektronike,DOK-0002391,2026-06-30,2026-07-01,139550.0,False,30
URDH-0002391,FAT-0002625,Elektronike,DOK-0002392,2026-06-28,2026-06-28,48800.0,False,30
URDH-0002392,FAT-0002626,Elektronike,DOK-0002393,2026-06-29,2026-06-29,200000.0,False,30
URDH-0002393,FAT-0002627,Elektronike,DOK-0002394,2026-07-04,2026-07-04,3500.0,False,30
URDH-0002394,FAT-0002628,Elektronike,DOK-0002395,2026-07-04,2026-07-18,56174.65,False,30
URDH-0002395,FAT-0002629,Elektronike,DOK-0002396,2026-08-31,2026-08-31,51875.38,False,30
URDH-0002396,FAT-0002630,Elektronike,DOK-0002397,2026-07-10,2026-08-08,24737.75,False,30
URDH-0002397,FAT-0002631,Elektronike,DOK-0002398,2026-08-26,2026-08-26,9255.43,False,30
URDH-0002398,FAT-0002632,Elektronike,DOK-0002399,2026-09-18,2026-09-18,9756.82,False,30
URDH-0002399,FAT-0002634,Elektronike,DOK-0002400,2026-06-29,2026-07-09,17867.2,False,30
URDH-0002400,FAT-0002635,Elektronike,DOK-0002401,2026-08-05,2026-08-21,81362.8,False,30
URDH-0002401,FAT-0002636,Elektronike,DOK-0002402,2026-06-27,2026-06-30,26373.85,False,30
URDH-0002402,FAT-0002637,Elektronike,DOK-0002403,2026-08-03,2026-08-07,2551.07,False,30
URDH-0002403,FAT-0002638,Elektronike,DOK-0002404,2026-09-01,2026-09-01,169575.08,False,30
URDH-0002404,FAT-0002639,Elektronike,DOK-0002405,2026-07-04,2026-08-06,8439.27,False,30
URDH-0002405,FAT-0002640,Elektronike,DOK-0002406,2026-08-31,2026-09-03,44234.46,False,30
URDH-0002406,FAT-0002641,Elektronike,DOK-0002407,2026-09-18,2026-09-18,82326.26,False,30
URDH-0002407,FAT-0002642,Elektronike,DOK-0002408,2026-06-26,2026-06-26,7812.19,False,30
URDH-0002408,FAT-0002643,Elektronike,DOK-0002409,2026-07-31,2026-07-31,174669.81,False,30
URDH-0002409,FAT-0002644,Elektronike,DOK-0002410,2026-07-01,2026-07-01,197833.35,False,30
URDH-0002410,FAT-0002645,Elektronike,DOK-0002411,2026-08-02,2026-08-05,18666.65,False,30
URDH-0002411,FAT-0002646,Elektronike,DOK-0002412,2026-07-09,2026-08-08,3388.48,False,30
URDH-0002412,FAT-0002647,Elektronike,DOK-0002413,2026-08-15,2026-08-15,50851.52,False,30
URDH-0002413,FAT-0002648,Elektronike,DOK-0002414,2026-06-23,2026-07-29,4792.26,False,30
URDH-0002414,FAT-0002649,Elektronike,DOK-0002415,2026-08-14,2026-08-14,8674.74,False,30
URDH-0002415,FAT-0002650,Elektronike,DOK-0002416,2026-06-30,2026-06-30,204200.0,False,30
URDH-0002416,FAT-0002652,Elektronike,DOK-0002417,2026-07-18,2026-08-04,93464.41,False,30
URDH-0002417,FAT-0002653,Elektronike,DOK-0002418,2026-08-12,2026-09-18,4671.08,False,30
URDH-0002418,FAT-0002654,Elektronike,DOK-0002419,2026-06-28,2026-06-28,61137.06,False,30
URDH-0002419,FAT-0002655,Elektronike,DOK-0002420,2026-07-19,2026-07-19,38862.94,False,30
URDH-0002420,FAT-0002656,Elektronike,DOK-0002421,2026-07-14,2026-07-24,74988.21,False,30
URDH-0002421,FAT-0002657,Elektronike,DOK-0002422,2026-08-17,2026-08-22,24711.79,False,30
URDH-0002422,FAT-0002658,Elektronike,DOK-0002423,2026-06-22,2026-08-26,21646.57,False,30
URDH-0002423,FAT-0002659,Elektronike,DOK-0002424,2026-07-28,2026-07-28,99725.83,False,30
URDH-0002424,FAT-0002660,Elektronike,DOK-0002425,2026-08-21,2026-09-02,96627.6,False,30
URDH-0002425,FAT-0002661,Elektronike,DOK-0002426,2026-07-07,2026-07-18,100.88,False,30
URDH-0002426,FAT-0002662,Elektronike,DOK-0002427,2026-08-24,2026-08-24,4587.49,False,30
URDH-0002427,FAT-0002663,Elektronike,DOK-0002428,2026-07-11,2026-07-15,29569.0,False,30
URDH-0002428,FAT-0002664,Elektronike,DOK-0002429,2026-07-03,2026-07-19,469900.0,False,30
URDH-0002429,FAT-0002665,Elektronike,DOK-0002430,2026-06-24,2026-06-30,404810.14,False,30
URDH-0002430,FAT-0002666,Elektronike,DOK-0002431,2026-08-22,2026-08-22,117525.97,False,30
URDH-0002431,FAT-0002667,Elektronike,DOK-0002432,2026-07-14,2026-08-14,140122.54,False,30
URDH-0002432,FAT-0002669,Elektronike,DOK-0002433,2026-07-14,2026-07-14,248000.0,False,30
URDH-0002433,FAT-0002670,Elektronike,DOK-0002434,2026-06-30,2026-07-29,103792.81,False,30
URDH-0002434,FAT-0002671,Elektronike,DOK-0002435,2026-07-28,2026-08-03,38207.19,False,30
URDH-0002435,FAT-0002672,Elektronike,DOK-0002436,2026-07-01,2026-07-01,938235.54,False,30
URDH-0002436,FAT-0002673,Elektronike,DOK-0002437,2026-08-19,2026-08-21,291544.46,False,30
URDH-0002437,FAT-0002674,Elektronike,DOK-0002438,2026-07-02,2026-08-04,67985.26,False,30
URDH-0002438,FAT-0002675,Elektronike,DOK-0002439,2026-08-06,2026-08-16,24938.79,False,30
URDH-0002439,FAT-0002676,Elektronike,DOK-0002440,2026-06-24,2026-06-25,120835.0,False,30
URDH-0002440,FAT-0002677,Elektronike,DOK-0002441,2026-06-28,2026-06-28,445060.0,False,30
URDH-0002441,FAT-0002678,Elektronike,DOK-0002442,2026-06-27,2026-06-27,889820.0,False,30
URDH-0002442,FAT-0002679,Elektronike,DOK-0002443,2026-07-10,2026-07-17,110772.64,False,30
URDH-0002443,FAT-0002680,Elektronike,DOK-0002444,2026-08-29,2026-09-03,125714.41,False,30
URDH-0002444,FAT-0002681,Elektronike,DOK-0002445,2026-07-03,2026-08-23,1776209.82,False,30
URDH-0002445,FAT-0002682,Elektronike,DOK-0002446,2026-08-05,2026-09-18,167790.18,False,30
URDH-0002446,FAT-0002683,Elektronike,DOK-0002447,2026-07-04,2026-07-19,115731.1,False,30
URDH-0002447,FAT-0002684,Elektronike,DOK-0002448,2026-08-28,2026-09-05,129992.0,False,30
URDH-0002448,FAT-0002685,Elektronike,DOK-0002449,2026-09-16,2026-09-18,26216.53,False,30
URDH-0002449,FAT-0002686,Elektronike,DOK-0002450,2026-06-29,2026-06-29,16759.68,False,30
URDH-0002450,FAT-0002687,Elektronike,DOK-0002451,2026-08-02,2026-09-18,329380.4,False,30
URDH-0002451,FAT-0002688,Elektronike,DOK-0002452,2026-09-14,2026-09-18,83849.92,False,30
URDH-0002452,FAT-0002689,Elektronike,DOK-0002453,2026-06-27,2026-07-15,184329.89,False,30
URDH-0002453,FAT-0002690,Elektronike,DOK-0002454,2026-08-09,2026-08-09,2220.11,False,30
URDH-0002454,FAT-0002691,Elektronike,DOK-0002455,2026-06-29,2026-08-27,480000.0,False,30
URDH-0002455,FAT-0002692,Elektronike,DOK-0002456,2026-07-06,2026-07-06,720000.0,False,30
URDH-0002456,FAT-0002693,Elektronike,DOK-0002457,2026-06-21,2026-07-03,143760.0,False,30
URDH-0002457,FAT-0002694,Elektronike,DOK-0002458,2026-07-13,2026-07-15,15452724.6,False,30
URDH-0002458,FAT-0002695,Elektronike,DOK-0002459,2026-07-01,2026-07-01,382986.8,False,30
URDH-0002459,FAT-0002696,Elektronike,DOK-0002460,2026-08-25,2026-09-09,28727.2,False,30
URDH-0002460,FAT-0002697,Elektronike,DOK-0002461,2026-09-10,2026-09-10,323285.99,False,30
URDH-0002461,FAT-0002698,Elektronike,DOK-0002462,2026-07-11,2026-07-13,436197.47,False,30
URDH-0002462,FAT-0002699,Elektronike,DOK-0002463,2026-08-22,2026-09-18,195802.53,False,30
URDH-0002463,FAT-0002700,Elektronike,DOK-0002464,2026-07-05,2026-07-10,158900.0,False,30
URDH-0002464,FAT-0002701,Elektronike,DOK-0002465,2026-06-25,2026-07-12,0.0,False,30
URDH-0002465,FAT-0002702,Elektronike,DOK-0002466,2026-07-29,2026-09-18,0.0,False,30
URDH-0002466,FAT-0002703,Elektronike,DOK-0002467,2026-09-11,2026-09-18,0.0,False,30
URDH-0002467,FAT-0002704,Elektronike,DOK-0002468,2026-06-29,2026-06-29,3768.76,False,30
URDH-0002468,FAT-0002705,Elektronike,DOK-0002469,2026-08-23,2026-08-23,359.74,False,30
URDH-0002469,FAT-0002706,Elektronike,DOK-0002470,2026-07-02,2026-07-13,28278.0,False,30
URDH-0002470,FAT-0002707,Elektronike,DOK-0002471,2026-06-28,2026-07-14,27088.25,False,30
URDH-0002471,FAT-0002708,Elektronike,DOK-0002472,2026-08-07,2026-08-11,2911.75,False,30
URDH-0002472,FAT-0002709,Elektronike,DOK-0002473,2026-07-05,2026-07-15,0.0,False,30
URDH-0002473,FAT-0002710,Elektronike,DOK-0002474,2026-07-30,2026-07-30,0.0,False,30
URDH-0002474,FAT-0002711,Elektronike,DOK-0002475,2026-07-02,2026-07-07,15000.0,False,30
URDH-0002475,FAT-0002712,Elektronike,DOK-0002476,2026-07-03,2026-07-15,638.1,False,30
URDH-0002476,FAT-0002713,Elektronike,DOK-0002477,2026-07-25,2026-09-12,99.35,False,30
URDH-0002477,FAT-0002714,Elektronike,DOK-0002478,2026-09-18,2026-09-18,4.25,False,30
URDH-0002478,FAT-0002715,Elektronike,DOK-0002479,2026-06-29,2026-07-09,7346.7,False,30
URDH-0002479,FAT-0002716,Elektronike,DOK-0002480,2026-08-22,2026-09-06,4821.3,False,30
URDH-0002480,FAT-0002717,Elektronike,DOK-0002481,2026-07-02,2026-07-17,42074.21,False,30
URDH-0002481,FAT-0002718,Elektronike,DOK-0002482,2026-08-08,2026-08-08,4097.02,False,30
URDH-0002482,FAT-0002719,Elektronike,DOK-0002483,2026-09-07,2026-09-18,50903.76,False,30
URDH-0002483,FAT-0002720,Elektronike,DOK-0002484,2026-07-10,2026-07-10,440000.0,False,30
URDH-0002484,FAT-0002721,Elektronike,DOK-0002485,2026-07-05,2026-07-10,763012.89,False,30
URDH-0002485,FAT-0002722,Elektronike,DOK-0002486,2026-08-07,2026-08-12,170987.11,False,30
URDH-0002486,FAT-0002723,Elektronike,DOK-0002487,2026-07-11,2026-07-11,11676.57,False,30
URDH-0002487,FAT-0002724,Elektronike,DOK-0002488,2026-08-24,2026-08-24,26238.42,False,30
URDH-0002488,FAT-0002725,Elektronike,DOK-0002489,2026-07-02,2026-07-08,26236.17,False,30
URDH-0002489,FAT-0002726,Elektronike,DOK-0002490,2026-07-26,2026-07-31,73263.83,False,30
URDH-0002490,FAT-0002727,Elektronike,DOK-0002491,2026-07-04,2026-07-06,63113.66,False,30
URDH-0002491,FAT-0002728,Elektronike,DOK-0002492,2026-07-27,2026-07-27,17986.34,False,30
URDH-0002492,FAT-0002729,Elektronike,DOK-0002493,2026-07-09,2026-07-18,10321.29,False,30
URDH-0002493,FAT-0002730,Elektronike,DOK-0002494,2026-09-05,2026-09-13,136533.91,False,30
URDH-0002494,FAT-0002731,Elektronike,DOK-0002495,2026-07-06,2026-07-11,361243.74,False,30
URDH-0002495,FAT-0002732,Elektronike,DOK-0002496,2026-07-30,2026-08-11,11911.21,False,30
URDH-0002496,FAT-0002733,Elektronike,DOK-0002497,2026-09-18,2026-09-18,125845.05,False,30
URDH-0002497,FAT-0002734,Elektronike,DOK-0002498,2026-07-07,2026-07-22,3317.82,False,30
URDH-0002498,FAT-0002736,Elektronike,DOK-0002499,2026-08-27,2026-08-29,6039.63,False,30
URDH-0002499,FAT-0002737,Elektronike,DOK-0002500,2026-07-09,2026-07-09,43295.9,False,30
URDH-0002500,FAT-0002738,Elektronike,DOK-0002501,2026-09-01,2026-09-01,165626.08,False,30
URDH-0002501,FAT-0002739,Elektronike,DOK-0002502,2026-09-18,2026-09-18,141078.03,False,30
URDH-0002502,FAT-0002740,Elektronike,DOK-0002503,2026-07-10,2026-07-13,83600.0,False,30
URDH-0002503,FAT-0002741,Elektronike,DOK-0002504,2026-07-05,2026-07-17,8445.04,False,30
URDH-0002504,FAT-0002742,Elektronike,DOK-0002505,2026-08-21,2026-09-18,91065.5,False,30
URDH-0002505,FAT-0002743,Elektronike,DOK-0002506,2026-07-04,2026-08-03,18789.2,False,30
URDH-0002506,FAT-0002744,Elektronike,DOK-0002507,2026-08-07,2026-08-07,3448.4,False,30
URDH-0002507,FAT-0002746,Elektronike,DOK-0002508,2026-07-02,2026-08-17,99600.0,False,30
URDH-0002508,FAT-0002747,Elektronike,DOK-0002509,2026-07-05,2026-07-05,27516.15,False,30
URDH-0002509,FAT-0002748,Elektronike,DOK-0002510,2026-08-18,2026-08-23,34283.85,False,30
URDH-0002510,FAT-0002749,Elektronike,DOK-0002511,2026-07-11,2026-07-11,219800.0,False,30
URDH-0002511,FAT-0002750,Elektronike,DOK-0002512,2026-06-26,2026-07-24,350.8,False,30
URDH-0002512,FAT-0002751,Elektronike,DOK-0002513,2026-08-05,2026-08-05,30835.4,False,30
URDH-0002513,FAT-0002752,Elektronike,DOK-0002514,2026-09-18,2026-09-18,3813.8,False,30
URDH-0002514,FAT-0002753,Elektronike,DOK-0002515,2026-07-05,2026-08-02,1473.25,False,30
URDH-0002515,FAT-0002754,Elektronike,DOK-0002516,2026-08-05,2026-08-05,11221.58,False,30
URDH-0002516,FAT-0002755,Elektronike,DOK-0002517,2026-08-25,2026-09-04,16388.17,False,30
URDH-0002517,FAT-0002756,Elektronike,DOK-0002518,2026-07-09,2026-09-01,0.0,False,30
URDH-0002518,FAT-0002757,Elektronike,DOK-0002519,2026-08-02,2026-08-16,0.0,False,30
URDH-0002519,FAT-0002758,Elektronike,DOK-0002520,2026-09-18,2026-09-18,0.0,False,30
URDH-0002520,FAT-0002759,Elektronike,DOK-0002521,2026-07-04,2026-08-27,98500.0,False,30
URDH-0002521,FAT-0002760,Elektronike,DOK-0002522,2026-07-05,2026-07-05,77211.1,False,30
URDH-0002522,FAT-0002761,Elektronike,DOK-0002523,2026-09-04,2026-09-04,4976.33,False,30
URDH-0002523,FAT-0002765,Elektronike,DOK-0002524,2026-06-30,2026-07-20,3195525.0,False,30
URDH-0002524,FAT-0002767,Elektronike,DOK-0002525,2026-07-07,2026-07-17,151200.0,False,30
URDH-0002525,FAT-0002769,Elektronike,DOK-0002526,2026-08-28,2026-09-18,484.94,False,30
URDH-0002526,FAT-0002770,Elektronike,DOK-0002527,2026-09-18,2026-09-18,641.87,False,30
URDH-0002527,FAT-0002771,Elektronike,DOK-0002528,2026-07-04,2026-07-04,9767620.0,False,30
URDH-0002528,FAT-0002772,Elektronike,DOK-0002529,2026-07-05,2026-07-05,777777.0,False,30
URDH-0002529,FAT-0002773,Elektronike,DOK-0002530,2026-07-01,2026-07-11,11838.71,False,30
URDH-0002530,FAT-0002774,Elektronike,DOK-0002531,2026-07-24,2026-08-03,11661.29,False,30
URDH-0002531,FAT-0002775,Elektronike,DOK-0002532,2026-07-08,2026-07-30,203910.56,False,30
URDH-0002532,FAT-0002776,Elektronike,DOK-0002533,2026-08-27,2026-08-27,8395.22,False,30
URDH-0002533,FAT-0002777,Elektronike,DOK-0002534,2026-09-18,2026-09-18,85694.22,False,30
URDH-0002534,FAT-0002778,Elektronike,DOK-0002535,2026-07-18,2026-07-18,192849.49,False,30
URDH-0002535,FAT-0002779,Elektronike,DOK-0002536,2026-08-31,2026-09-12,25250.99,False,30
URDH-0002536,FAT-0002780,Elektronike,DOK-0002537,2026-06-22,2026-06-23,2218178.35,False,30
URDH-0002537,FAT-0002781,Elektronike,DOK-0002538,2026-08-06,2026-09-04,909821.65,False,30
URDH-0002538,FAT-0002782,Elektronike,DOK-0002539,2026-07-11,2026-07-11,4535502.0,False,30
URDH-0002539,FAT-0002783,Elektronike,DOK-0002540,2026-07-08,2026-07-18,1409613.58,False,30
URDH-0002540,FAT-0002784,Elektronike,DOK-0002541,2026-08-01,2026-08-01,3436798.42,False,30
URDH-0002541,FAT-0002785,Elektronike,DOK-0002542,2026-07-09,2026-07-25,255000.0,False,30
URDH-0002542,FAT-0002786,Elektronike,DOK-0002543,2026-07-13,2026-07-13,29290.72,False,30
URDH-0002543,FAT-0002787,Elektronike,DOK-0002544,2026-08-04,2026-08-04,81633.88,False,30
URDH-0002544,FAT-0002788,Elektronike,DOK-0002545,2026-08-29,2026-09-02,233225.47,False,30
URDH-0002545,FAT-0002789,Elektronike,DOK-0002546,2026-07-05,2026-07-05,655.93,False,30
URDH-0002546,FAT-0002790,Elektronike,DOK-0002547,2026-08-26,2026-09-06,30441.44,False,30
URDH-0002547,FAT-0002791,Elektronike,DOK-0002548,2026-07-11,2026-08-11,35380.65,False,30
URDH-0002548,FAT-0002792,Elektronike,DOK-0002549,2026-08-16,2026-08-16,17403.92,False,30
URDH-0002549,FAT-0002793,Elektronike,DOK-0002550,2026-07-10,2026-07-10,59520.0,False,30
URDH-0002550,FAT-0002794,Elektronike,DOK-0002551,2026-07-07,2026-09-01,34983.34,False,30
URDH-0002551,FAT-0002795,Elektronike,DOK-0002552,2026-08-21,2026-08-21,26948.83,False,30
URDH-0002552,FAT-0002796,Elektronike,DOK-0002553,2026-06-28,2026-06-30,178750.06,False,30
URDH-0002553,FAT-0002797,Elektronike,DOK-0002554,2026-08-09,2026-08-09,87900.94,False,30
URDH-0002554,FAT-0002798,Elektronike,DOK-0002555,2026-07-12,2026-07-12,154722.0,False,30
URDH-0002555,FAT-0002799,Elektronike,DOK-0002556,2026-07-07,2026-07-28,4030.35,False,30
URDH-0002556,FAT-0002801,Elektronike,DOK-0002557,2026-07-07,2026-07-16,395000.0,False,30
URDH-0002557,FAT-0002804,Elektronike,DOK-0002558,2026-07-09,2026-07-20,17316.45,False,30
URDH-0002558,FAT-0002806,Elektronike,DOK-0002559,2026-07-05,2026-07-24,165600.0,False,30
URDH-0002559,FAT-0002807,Elektronike,DOK-0002560,2026-07-09,2026-08-18,4086.33,False,30
URDH-0002560,FAT-0002808,Elektronike,DOK-0002561,2026-08-11,2026-08-21,39474.62,False,30
URDH-0002561,FAT-0002809,Elektronike,DOK-0002562,2026-09-18,2026-09-18,5039.05,False,30
URDH-0002562,FAT-0002810,Elektronike,DOK-0002563,2026-07-08,2026-07-22,46340.91,False,30
URDH-0002563,FAT-0002811,Elektronike,DOK-0002564,2026-08-05,2026-08-17,10359.09,False,30
URDH-0002564,FAT-0002812,Elektronike,DOK-0002565,2026-07-12,2026-07-22,38636.37,False,30
URDH-0002565,FAT-0002813,Elektronike,DOK-0002566,2026-07-15,2026-07-15,44500.0,False,30
URDH-0002566,FAT-0002814,Elektronike,DOK-0002567,2026-07-06,2026-07-06,309039.0,False,30
URDH-0002567,FAT-0002815,Elektronike,DOK-0002568,2026-08-18,2026-08-18,7136162.45,False,30
URDH-0002568,FAT-0002816,Elektronike,DOK-0002569,2026-09-18,2026-09-18,9954798.54,False,30
URDH-0002569,FAT-0002817,Elektronike,DOK-0002570,2026-06-21,2026-08-22,8867012.81,False,30
URDH-0002570,FAT-0002818,Elektronike,DOK-0002571,2026-08-11,2026-08-11,653834.6,False,30
URDH-0002571,FAT-0002819,Elektronike,DOK-0002572,2026-09-12,2026-09-18,8699750.59,False,30
URDH-0002572,FAT-0002820,Elektronike,DOK-0002573,2026-07-01,2026-07-01,20624.69,False,30
URDH-0002573,FAT-0002821,Elektronike,DOK-0002574,2026-08-05,2026-08-09,27753.0,False,30
URDH-0002574,FAT-0002822,Elektronike,DOK-0002575,2026-08-31,2026-09-05,41622.3,False,30
URDH-0002575,FAT-0002823,Elektronike,DOK-0002576,2026-07-04,2026-08-03,391128.69,False,30
URDH-0002576,FAT-0002824,Elektronike,DOK-0002577,2026-07-24,2026-08-12,427871.31,False,30
URDH-0002577,FAT-0002825,Elektronike,DOK-0002578,2026-07-07,2026-07-19,5108300.0,False,30
URDH-0002578,FAT-0002826,Elektronike,DOK-0002579,2026-07-14,2026-07-14,409000.0,False,30
URDH-0002579,FAT-0002828,Elektronike,DOK-0002580,2026-09-03,2026-09-08,741498.91,False,30
URDH-0002580,FAT-0002829,Elektronike,DOK-0002581,2026-06-29,2026-08-25,42493500.0,False,30
URDH-0002581,FAT-0002830,Elektronike,DOK-0002582,2026-06-28,2026-06-28,84011.54,False,30
URDH-0002582,FAT-0002832,Elektronike,DOK-0002583,2026-09-14,2026-09-18,202895.27,False,30
URDH-0002583,FAT-0002834,Elektronike,DOK-0002584,2026-07-05,2026-07-07,83885.0,False,30
URDH-0002584,FAT-0002835,Elektronike,DOK-0002585,2026-07-12,2026-07-28,82694.0,False,30
URDH-0002585,FAT-0002836,Elektronike,DOK-0002586,2026-07-09,2026-07-09,28180.0,False,30
URDH-0002586,FAT-0002837,Elektronike,DOK-0002587,2026-07-06,2026-07-06,10749.21,False,30
URDH-0002587,FAT-0002838,Elektronike,DOK-0002588,2026-08-17,2026-08-17,634.79,False,30
URDH-0002588,FAT-0002839,Elektronike,DOK-0002589,2026-07-01,2026-07-19,100000.0,False,30
URDH-0002589,FAT-0002840,Elektronike,DOK-0002590,2026-07-22,2026-08-20,284706.18,False,30
URDH-0002590,FAT-0002841,Elektronike,DOK-0002591,2026-08-31,2026-09-03,204293.82,False,30
URDH-0002591,FAT-0002842,Elektronike,DOK-0002592,2026-07-08,2026-07-21,88421.59,False,30
URDH-0002592,FAT-0002843,Elektronike,DOK-0002593,2026-08-21,2026-08-21,6037.77,False,30
URDH-0002593,FAT-0002844,Elektronike,DOK-0002594,2026-09-18,2026-09-18,273540.64,False,30
URDH-0002594,FAT-0002845,Elektronike,DOK-0002595,2026-07-08,2026-07-30,216050.0,False,30
URDH-0002595,FAT-0002846,Elektronike,DOK-0002596,2026-07-15,2026-07-15,63879.58,False,30
URDH-0002596,FAT-0002847,Elektronike,DOK-0002597,2026-09-04,2026-09-17,9875.63,False,30
URDH-0002597,FAT-0002848,Elektronike,DOK-0002598,2026-07-03,2026-07-19,205500.0,False,30
URDH-0002598,FAT-0002849,Elektronike,DOK-0002599,2026-07-15,2026-07-15,72000.0,False,30
URDH-0002599,FAT-0002850,Elektronike,DOK-0002600,2026-07-15,2026-07-15,177206.97,False,30
URDH-0002600,FAT-0002852,Elektronike,DOK-0002601,2026-07-05,2026-07-24,1974000.0,False,30
URDH-0002601,FAT-0002853,Elektronike,DOK-0002602,2026-07-02,2026-07-25,44073.76,False,30
URDH-0002602,FAT-0002854,Elektronike,DOK-0002603,2026-09-01,2026-09-08,26079.7,False,30
URDH-0002603,FAT-0002855,Elektronike,DOK-0002604,2026-07-06,2026-07-24,220122.2,False,30
URDH-0002604,FAT-0002856,Elektronike,DOK-0002605,2026-08-17,2026-08-30,5090.66,False,30
URDH-0002605,FAT-0002857,Elektronike,DOK-0002606,2026-07-10,2026-07-17,25223.37,False,30
URDH-0002606,FAT-0002858,Elektronike,DOK-0002607,2026-08-11,2026-08-17,94776.63,False,30
URDH-0002607,FAT-0002859,Elektronike,DOK-0002608,2026-07-14,2026-08-01,79116.68,False,30
URDH-0002608,FAT-0002861,Elektronike,DOK-0002609,2026-07-03,2026-07-03,512284.53,False,30
URDH-0002609,FAT-0002862,Elektronike,DOK-0002610,2026-07-15,2026-08-01,224715.47,False,30
URDH-0002610,FAT-0002863,Elektronike,DOK-0002611,2026-06-29,2026-07-14,273536.49,False,30
URDH-0002611,FAT-0002865,Elektronike,DOK-0002612,2026-06-28,2026-07-10,970800.0,False,30
URDH-0002612,FAT-0002866,Elektronike,DOK-0002613,2026-07-10,2026-08-07,43539.15,False,30
URDH-0002613,FAT-0002867,Elektronike,DOK-0002614,2026-07-28,2026-07-28,1739.22,False,30
URDH-0002614,FAT-0002868,Elektronike,DOK-0002615,2026-09-17,2026-09-18,52821.63,False,30
URDH-0002615,FAT-0002869,Elektronike,DOK-0002616,2026-07-08,2026-07-08,54034.22,False,30
URDH-0002616,FAT-0002870,Elektronike,DOK-0002617,2026-09-03,2026-09-03,130570.33,False,30
URDH-0002617,FAT-0002871,Elektronike,DOK-0002618,2026-07-08,2026-07-22,14017.13,False,30
URDH-0002618,FAT-0002872,Elektronike,DOK-0002619,2026-09-03,2026-09-07,108482.87,False,30
URDH-0002619,FAT-0002873,Elektronike,DOK-0002620,2026-07-01,2026-07-17,25619.53,False,30
URDH-0002620,FAT-0002874,Elektronike,DOK-0002621,2026-08-14,2026-08-28,57380.47,False,30
URDH-0002621,FAT-0002875,Elektronike,DOK-0002622,2026-07-13,2026-07-13,169368.0,False,30
URDH-0002622,FAT-0002878,Elektronike,DOK-0002623,2026-07-05,2026-07-10,423999.0,False,30
URDH-0002623,FAT-0002880,Elektronike,DOK-0002624,2026-09-03,2026-09-15,134252.94,False,30
URDH-0002624,FAT-0002881,Elektronike,DOK-0002625,2026-07-03,2026-07-03,736800.0,False,30
URDH-0002625,FAT-0002882,Elektronike,DOK-0002626,2026-07-09,2026-07-17,71265.14,False,30
URDH-0002626,FAT-0002883,Elektronike,DOK-0002627,2026-08-06,2026-09-13,327734.86,False,30
URDH-0002627,FAT-0002884,Elektronike,DOK-0002628,2026-07-13,2026-07-17,98500.0,False,30
URDH-0002628,FAT-0002885,Elektronike,DOK-0002629,2026-07-08,2026-07-08,316752.44,False,30
URDH-0002629,FAT-0002886,Elektronike,DOK-0002630,2026-08-04,2026-08-04,3060134.18,False,30
URDH-0002630,FAT-0002887,Elektronike,DOK-0002631,2026-06-27,2026-07-17,65099.3,False,30
URDH-0002631,FAT-0002888,Elektronike,DOK-0002632,2026-08-25,2026-09-03,118234.2,False,30
URDH-0002632,FAT-0002889,Elektronike,DOK-0002633,2026-07-14,2026-07-16,48676.29,False,30
URDH-0002633,FAT-0002890,Elektronike,DOK-0002634,2026-08-02,2026-08-03,27267.28,False,30
URDH-0002634,FAT-0002891,Elektronike,DOK-0002635,2026-09-03,2026-09-06,23296.43,False,30
URDH-0002635,FAT-0002892,Elektronike,DOK-0002636,2026-07-12,2026-07-12,42259.56,False,30
URDH-0002636,FAT-0002893,Elektronike,DOK-0002637,2026-08-09,2026-09-18,65740.44,False,30
URDH-0002637,FAT-0002894,Elektronike,DOK-0002638,2026-06-26,2026-07-05,92160.26,False,30
URDH-0002638,FAT-0002895,Elektronike,DOK-0002639,2026-08-06,2026-09-05,197287.91,False,30
URDH-0002639,FAT-0002896,Elektronike,DOK-0002640,2026-09-03,2026-09-12,19551.83,False,30
URDH-0002640,FAT-0002897,Elektronike,DOK-0002641,2026-07-01,2026-07-06,297000.0,False,30
URDH-0002641,FAT-0002898,Elektronike,DOK-0002642,2026-07-19,2026-07-19,219000.0,False,30
URDH-0002642,FAT-0002899,Elektronike,DOK-0002643,2026-07-10,2026-08-17,41708.24,False,30
URDH-0002643,FAT-0002900,Elektronike,DOK-0002644,2026-08-10,2026-08-10,416625.76,False,30
URDH-0002644,FAT-0002901,Elektronike,DOK-0002645,2026-07-10,2026-07-20,155250.0,False,30
URDH-0002645,FAT-0002902,Elektronike,DOK-0002646,2026-07-13,2026-07-13,656279.53,False,30
URDH-0002646,FAT-0002903,Elektronike,DOK-0002647,2026-08-07,2026-08-20,48716.05,False,30
URDH-0002647,FAT-0002904,Elektronike,DOK-0002648,2026-09-18,2026-09-18,45004.42,False,30
URDH-0002648,FAT-0002906,Elektronike,DOK-0002649,2026-07-28,2026-07-29,4279.18,False,30
URDH-0002649,FAT-0002907,Elektronike,DOK-0002650,2026-07-08,2026-07-08,139567.76,False,30
URDH-0002650,FAT-0002908,Elektronike,DOK-0002651,2026-06-29,2026-06-29,662899.72,False,30
URDH-0002651,FAT-0002909,Elektronike,DOK-0002652,2026-08-27,2026-09-18,294400.28,False,30
URDH-0002652,FAT-0002910,Elektronike,DOK-0002653,2026-07-06,2026-07-08,570000.0,False,30
URDH-0002653,FAT-0002911,Elektronike,DOK-0002654,2026-07-15,2026-07-24,640000.0,False,30
URDH-0002654,FAT-0002912,Elektronike,DOK-0002655,2026-07-08,2026-07-10,349627.25,False,30
URDH-0002655,FAT-0002914,Elektronike,DOK-0002656,2026-09-14,2026-09-14,55935.61,False,30
URDH-0002656,FAT-0002915,Elektronike,DOK-0002657,2026-07-08,2026-07-17,43700.0,False,30
URDH-0002657,FAT-0002916,Elektronike,DOK-0002658,2026-07-19,2026-08-31,73168.89,False,30
URDH-0002658,FAT-0002917,Elektronike,DOK-0002659,2026-08-17,2026-09-01,25334.04,False,30
URDH-0002659,FAT-0002918,Elektronike,DOK-0002660,2026-07-07,2026-07-07,800000.0,False,30
URDH-0002660,FAT-0002919,Elektronike,DOK-0002661,2026-07-01,2026-07-16,77734.18,False,30
URDH-0002661,FAT-0002920,Elektronike,DOK-0002662,2026-07-25,2026-09-01,72265.82,False,30
URDH-0002662,FAT-0002921,Elektronike,DOK-0002663,2026-06-29,2026-07-18,260000.0,False,30
URDH-0002663,FAT-0002922,Elektronike,DOK-0002664,2026-07-07,2026-07-22,748370.53,False,30
URDH-0002664,FAT-0002923,Elektronike,DOK-0002665,2026-07-10,2026-07-24,251248.77,False,30
URDH-0002665,FAT-0002924,Elektronike,DOK-0002666,2026-09-07,2026-09-07,42456.69,False,30
URDH-0002666,FAT-0002925,Elektronike,DOK-0002667,2026-06-30,2026-08-08,7492.56,False,30
URDH-0002667,FAT-0002926,Elektronike,DOK-0002668,2026-08-03,2026-08-03,42907.44,False,30
URDH-0002668,FAT-0002927,Elektronike,DOK-0002669,2026-07-08,2026-07-08,143864.65,False,30
URDH-0002669,FAT-0002928,Elektronike,DOK-0002670,2026-08-20,2026-08-27,142555.35,False,30
URDH-0002670,FAT-0002930,Elektronike,DOK-0002671,2026-08-09,2026-08-12,48855.88,False,30
URDH-0002671,FAT-0002931,Elektronike,DOK-0002672,2026-07-08,2026-07-13,90288606.0,False,30
URDH-0002672,FAT-0002932,Elektronike,DOK-0002673,2026-07-07,2026-07-07,49167.37,False,30
URDH-0002673,FAT-0002933,Elektronike,DOK-0002674,2026-07-21,2026-07-27,1159.77,False,30
URDH-0002674,FAT-0002934,Elektronike,DOK-0002675,2026-09-05,2026-09-05,7172.87,False,30
URDH-0002675,FAT-0002935,Elektronike,DOK-0002676,2026-07-11,2026-07-27,465000.0,False,30
URDH-0002676,FAT-0002936,Elektronike,DOK-0002677,2026-07-06,2026-07-06,119118058.98,False,30
URDH-0002677,FAT-0002937,Elektronike,DOK-0002678,2026-08-23,2026-09-18,34773380.54,False,30
URDH-0002678,FAT-0002938,Elektronike,DOK-0002679,2026-07-11,2026-07-25,100000.0,False,30
URDH-0002679,FAT-0002939,Elektronike,DOK-0002680,2026-07-10,2026-07-19,239891.8,False,30
URDH-0002680,FAT-0002940,Elektronike,DOK-0002681,2026-08-26,2026-09-05,562608.2,False,30
URDH-0002681,FAT-0002942,Elektronike,DOK-0002682,2026-07-16,2026-07-16,700387.78,False,30
URDH-0002682,FAT-0002943,Elektronike,DOK-0002683,2026-09-11,2026-09-11,156137.49,False,30
URDH-0002683,FAT-0002945,Elektronike,DOK-0002684,2026-07-15,2026-07-15,116400.0,False,30
URDH-0002684,FAT-0002946,Elektronike,DOK-0002685,2026-07-07,2026-07-18,20833.0,False,30
URDH-0002685,FAT-0002947,Elektronike,DOK-0002686,2026-07-17,2026-07-19,128466.17,False,30
URDH-0002686,FAT-0002948,Elektronike,DOK-0002687,2026-08-14,2026-08-14,111533.83,False,30
URDH-0002687,FAT-0002949,Elektronike,DOK-0002688,2026-07-04,2026-07-17,51690.12,False,30
URDH-0002688,FAT-0002950,Elektronike,DOK-0002689,2026-08-17,2026-08-17,418653.86,False,30
URDH-0002689,FAT-0002951,Elektronike,DOK-0002690,2026-09-16,2026-09-18,279656.02,False,30
URDH-0002690,FAT-0002952,Elektronike,DOK-0002691,2026-07-11,2026-07-11,99733.33,False,30
URDH-0002691,FAT-0002953,Elektronike,DOK-0002692,2026-07-06,2026-07-06,14850.0,False,30
URDH-0002692,FAT-0002954,Elektronike,DOK-0002693,2026-07-19,2026-07-22,201082.41,False,30
URDH-0002693,FAT-0002955,Elektronike,DOK-0002694,2026-08-02,2026-08-02,90742.97,False,30
URDH-0002694,FAT-0002956,Elektronike,DOK-0002695,2026-09-06,2026-09-18,202174.63,False,30
URDH-0002695,FAT-0002957,Elektronike,DOK-0002696,2026-07-09,2026-07-25,25323.3,False,30
URDH-0002696,FAT-0002959,Elektronike,DOK-0002697,2026-07-10,2026-07-13,125000.0,False,30
URDH-0002697,FAT-0002960,Elektronike,DOK-0002698,2026-07-12,2026-07-27,1529.71,False,30
URDH-0002698,FAT-0002961,Elektronike,DOK-0002699,2026-07-29,2026-08-22,78470.29,False,30
URDH-0002699,FAT-0002962,Elektronike,DOK-0002700,2026-07-07,2026-07-17,73528.38,False,30
URDH-0002700,FAT-0002963,Elektronike,DOK-0002701,2026-08-01,2026-08-01,8592.06,False,30
URDH-0002701,FAT-0002964,Elektronike,DOK-0002702,2026-09-17,2026-09-18,17579.55,False,30
URDH-0002702,FAT-0002965,Elektronike,DOK-0002703,2026-07-14,2026-07-14,17846.26,False,30
URDH-0002703,FAT-0002966,Elektronike,DOK-0002704,2026-08-30,2026-09-18,442570.41,False,30
URDH-0002704,FAT-0002970,Elektronike,DOK-0002705,2026-07-12,2026-07-12,945520.0,False,30
URDH-0002705,FAT-0002971,Elektronike,DOK-0002706,2026-07-12,2026-07-12,1327392.33,False,30
URDH-0002706,FAT-0002972,Elektronike,DOK-0002707,2026-09-04,2026-09-11,258607.67,False,30
URDH-0002707,FAT-0002973,Elektronike,DOK-0002708,2026-07-10,2026-07-17,24001.98,False,30
URDH-0002708,FAT-0002974,Elektronike,DOK-0002709,2026-08-20,2026-08-20,882.14,False,30
URDH-0002709,FAT-0002975,Elektronike,DOK-0002710,2026-09-01,2026-09-18,11115.89,False,30
URDH-0002710,FAT-0002976,Elektronike,DOK-0002711,2026-07-12,2026-07-25,132097.02,False,30
URDH-0002711,FAT-0002977,Elektronike,DOK-0002712,2026-08-12,2026-08-12,97902.98,False,30
URDH-0002712,FAT-0002978,Elektronike,DOK-0002713,2026-07-05,2026-07-05,36676.32,False,30
URDH-0002713,FAT-0002979,Elektronike,DOK-0002714,2026-08-08,2026-08-13,33281.35,False,30
URDH-0002714,FAT-0002980,Elektronike,DOK-0002715,2026-09-18,2026-09-18,30042.33,False,30
URDH-0002715,FAT-0002981,Elektronike,DOK-0002716,2026-07-09,2026-08-05,864227.85,False,30
URDH-0002716,FAT-0002982,Elektronike,DOK-0002717,2026-09-01,2026-09-01,125772.15,False,30
URDH-0002717,FAT-0002984,Elektronike,DOK-0002718,2026-07-12,2026-07-26,13884.46,False,30
URDH-0002718,FAT-0002985,Elektronike,DOK-0002719,2026-09-06,2026-09-11,57915.31,False,30
URDH-0002719,FAT-0002986,Elektronike,DOK-0002720,2026-09-18,2026-09-18,207200.23,False,30
URDH-0002720,FAT-0002988,Elektronike,DOK-0002721,2026-07-20,2026-08-01,1504437.62,False,30
URDH-0002721,FAT-0002989,Elektronike,DOK-0002722,2026-08-18,2026-08-26,2612262.38,False,30
URDH-0002722,FAT-0002990,Elektronike,DOK-0002723,2026-07-02,2026-07-10,13026.3,False,30
URDH-0002723,FAT-0002991,Elektronike,DOK-0002724,2026-09-01,2026-09-01,23172.33,False,30
URDH-0002724,FAT-0002992,Elektronike,DOK-0002725,2026-09-18,2026-09-18,63801.37,False,30
URDH-0002725,FAT-0002993,Elektronike,DOK-0002726,2026-07-19,2026-07-29,268213.44,False,30
URDH-0002726,FAT-0002995,Elektronike,DOK-0002727,2026-09-17,2026-09-18,208360.38,False,30
URDH-0002727,FAT-0002996,Elektronike,DOK-0002728,2026-07-20,2026-07-20,51696.69,False,30
URDH-0002728,FAT-0002997,Elektronike,DOK-0002729,2026-08-16,2026-08-16,1144.21,False,30
URDH-0002729,FAT-0002998,Elektronike,DOK-0002730,2026-08-25,2026-08-25,25629.09,False,30
URDH-0002730,FAT-0002999,Elektronike,DOK-0002731,2026-07-14,2026-08-29,99000.0,False,30
URDH-0002731,FAT-0003000,Elektronike,DOK-0002732,2026-07-02,2026-07-02,2377660.0,False,30
URDH-0002732,FAT-0003001,Elektronike,DOK-0002733,2026-07-18,2026-09-02,27701.2,False,30
URDH-0002733,FAT-0003002,Elektronike,DOK-0002734,2026-08-12,2026-08-12,14988.31,False,30
URDH-0002734,FAT-0003003,Elektronike,DOK-0002735,2026-09-12,2026-09-18,11210.49,False,30
URDH-0002735,FAT-0003004,Elektronike,DOK-0002736,2026-07-16,2026-07-16,40000.0,False,30
URDH-0002736,FAT-0003005,Elektronike,DOK-0002737,2026-07-17,2026-08-12,49770.0,False,30
URDH-0002737,FAT-0003006,Elektronike,DOK-0002738,2026-07-07,2026-07-14,39000.0,False,30
URDH-0002738,FAT-0003007,Elektronike,DOK-0002739,2026-07-08,2026-07-08,338000.0,False,30
URDH-0002739,FAT-0003008,Elektronike,DOK-0002740,2026-07-01,2026-08-16,13871.52,False,30
URDH-0002740,FAT-0003009,Elektronike,DOK-0002741,2026-08-14,2026-08-24,2954.81,False,30
URDH-0002741,FAT-0003010,Elektronike,DOK-0002742,2026-09-08,2026-09-08,38173.67,False,30
URDH-0002742,FAT-0003011,Elektronike,DOK-0002743,2026-07-04,2026-07-19,3189.55,False,30
URDH-0002743,FAT-0003012,Elektronike,DOK-0002744,2026-09-08,2026-09-18,70077.02,False,30
URDH-0002744,FAT-0003013,Elektronike,DOK-0002745,2026-07-02,2026-08-28,122523.02,False,30
URDH-0002745,FAT-0003014,Elektronike,DOK-0002746,2026-08-12,2026-08-12,9086.59,False,30
URDH-0002746,FAT-0003015,Elektronike,DOK-0002747,2026-07-13,2026-09-07,108000.0,False,30
URDH-0002747,FAT-0003016,Elektronike,DOK-0002748,2026-07-05,2026-07-05,143000.0,False,30
URDH-0002748,FAT-0003017,Elektronike,DOK-0002749,2026-07-14,2026-07-14,21420328.0,False,30
URDH-0002749,FAT-0003018,Elektronike,DOK-0002750,2026-07-03,2026-07-17,15014.04,False,30
URDH-0002750,FAT-0003019,Elektronike,DOK-0002751,2026-08-18,2026-08-18,2750.56,False,30
URDH-0002751,FAT-0003020,Elektronike,DOK-0002752,2026-07-11,2026-07-14,21646.12,False,30
URDH-0002752,FAT-0003021,Elektronike,DOK-0002753,2026-08-25,2026-08-25,126143.88,False,30
URDH-0002753,FAT-0003022,Elektronike,DOK-0002754,2026-07-07,2026-07-07,22394.79,False,30
URDH-0002754,FAT-0003023,Elektronike,DOK-0002755,2026-08-22,2026-09-18,77562.45,False,30
URDH-0002755,FAT-0003024,Elektronike,DOK-0002756,2026-07-09,2026-07-09,98800.0,False,30
URDH-0002756,FAT-0003025,Elektronike,DOK-0002757,2026-07-21,2026-08-22,2758.18,False,30
URDH-0002757,FAT-0003027,Elektronike,DOK-0002758,2026-07-14,2026-07-14,10686.75,False,30
URDH-0002758,FAT-0003028,Elektronike,DOK-0002759,2026-08-26,2026-08-26,105979.75,False,30
URDH-0002759,FAT-0003029,Elektronike,DOK-0002760,2026-07-13,2026-09-01,96601.27,False,30
URDH-0002760,FAT-0003030,Elektronike,DOK-0002761,2026-08-14,2026-08-14,171398.73,False,30
URDH-0002761,FAT-0003031,Elektronike,DOK-0002762,2026-07-05,2026-07-05,25958.55,False,30
URDH-0002762,FAT-0003032,Elektronike,DOK-0002763,2026-08-12,2026-08-29,6801.54,False,30
URDH-0002763,FAT-0003033,Elektronike,DOK-0002764,2026-07-09,2026-07-22,54830.62,False,30
URDH-0002764,FAT-0003034,Elektronike,DOK-0002765,2026-09-06,2026-09-06,847796.96,False,30
URDH-0002765,FAT-0003035,Elektronike,DOK-0002766,2026-09-18,2026-09-18,42197.42,False,30
URDH-0002766,FAT-0003036,Elektronike,DOK-0002767,2026-07-10,2026-08-23,516472.03,False,30
URDH-0002767,FAT-0003037,Elektronike,DOK-0002768,2026-08-28,2026-09-01,263527.97,False,30
URDH-0002768,FAT-0003038,Elektronike,DOK-0002769,2026-07-08,2026-07-26,1790340.0,False,30
URDH-0002769,FAT-0003039,Elektronike,DOK-0002770,2026-07-01,2026-07-01,296070.0,False,30
URDH-0002770,FAT-0003040,Elektronike,DOK-0002771,2026-07-02,2026-07-06,54150.0,False,30
URDH-0002771,FAT-0003041,Elektronike,DOK-0002772,2026-07-10,2026-07-10,930000.0,False,30
URDH-0002772,FAT-0003044,Elektronike,DOK-0002773,2026-07-07,2026-07-07,299393.14,False,30
URDH-0002773,FAT-0003045,Elektronike,DOK-0002774,2026-08-06,2026-08-06,558606.86,False,30
URDH-0002774,FAT-0003046,Elektronike,DOK-0002775,2026-07-01,2026-07-20,37990653.51,False,30
URDH-0002775,FAT-0003047,Elektronike,DOK-0002776,2026-08-23,2026-08-24,2644565.06,False,30
URDH-0002776,FAT-0003048,Elektronike,DOK-0002777,2026-07-16,2026-08-07,59791.06,False,30
URDH-0002777,FAT-0003049,Elektronike,DOK-0002778,2026-08-20,2026-08-20,38848.94,False,30
URDH-0002778,FAT-0003050,Elektronike,DOK-0002779,2026-07-09,2026-07-26,5076.55,False,30
URDH-0002779,FAT-0003051,Elektronike,DOK-0002780,2026-07-26,2026-07-26,10523.45,False,30
URDH-0002780,FAT-0003052,Elektronike,DOK-0002781,2026-07-11,2026-07-27,99000.0,False,30
URDH-0002781,FAT-0003053,Elektronike,DOK-0002782,2026-07-12,2026-07-15,890054.65,False,30
URDH-0002782,FAT-0003054,Elektronike,DOK-0002783,2026-08-14,2026-09-18,139662.65,False,30
URDH-0002783,FAT-0003055,Elektronike,DOK-0002784,2026-08-19,2026-08-24,109072.7,False,30
URDH-0002784,FAT-0003056,Elektronike,DOK-0002785,2026-07-14,2026-07-14,104798.62,False,30
URDH-0002785,FAT-0003057,Elektronike,DOK-0002786,2026-08-23,2026-08-29,509193.38,False,30
URDH-0002786,FAT-0003058,Elektronike,DOK-0002787,2026-07-09,2026-07-22,1971880.71,False,30
URDH-0002787,FAT-0003059,Elektronike,DOK-0002788,2026-08-20,2026-09-18,2900894.82,False,30
URDH-0002788,FAT-0003060,Elektronike,DOK-0002789,2026-07-07,2026-07-15,5817.03,False,30
URDH-0002789,FAT-0003061,Elektronike,DOK-0002790,2026-08-14,2026-08-15,60849.64,False,30
URDH-0002790,FAT-0003062,Elektronike,DOK-0002791,2026-07-15,2026-07-24,148600.0,False,30
URDH-0002791,FAT-0003064,Elektronike,DOK-0002792,2026-08-22,2026-09-18,84805.94,False,30
URDH-0002792,FAT-0003065,Elektronike,DOK-0002793,2026-07-11,2026-07-18,23845.05,False,30
URDH-0002793,FAT-0003066,Elektronike,DOK-0002794,2026-08-31,2026-08-31,45161.83,False,30
URDH-0002794,FAT-0003067,Elektronike,DOK-0002795,2026-07-05,2026-07-24,13558.49,False,30
URDH-0002795,FAT-0003070,Elektronike,DOK-0002796,2026-08-26,2026-08-26,198062.74,False,30
URDH-0002796,FAT-0003071,Elektronike,DOK-0002797,2026-09-15,2026-09-15,461136.48,False,30
URDH-0002797,FAT-0003072,Elektronike,DOK-0002798,2026-07-06,2026-07-06,12000.0,False,30
URDH-0002798,FAT-0003073,Elektronike,DOK-0002799,2026-07-15,2026-08-01,3965.02,False,30
URDH-0002799,FAT-0003074,Elektronike,DOK-0002800,2026-08-13,2026-08-13,2967.39,False,30
URDH-0002800,FAT-0003075,Elektronike,DOK-0002801,2026-06-29,2026-07-06,139250.0,False,30
URDH-0002801,FAT-0003076,Elektronike,DOK-0002802,2026-07-09,2026-07-17,300600.0,False,30
URDH-0002802,FAT-0003077,Elektronike,DOK-0002803,2026-07-08,2026-07-10,859000.0,False,30
URDH-0002803,FAT-0003078,Elektronike,DOK-0002804,2026-07-09,2026-07-15,29291.88,False,30
URDH-0002804,FAT-0003079,Elektronike,DOK-0002805,2026-08-23,2026-08-24,922708.12,False,30
URDH-0002805,FAT-0003080,Elektronike,DOK-0002806,2026-07-02,2026-07-19,777000.0,False,30
URDH-0002806,FAT-0003081,Elektronike,DOK-0002807,2026-07-21,2026-07-24,280954.77,False,30
URDH-0002807,FAT-0003082,Elektronike,DOK-0002808,2026-08-09,2026-09-18,576425.23,False,30
URDH-0002808,FAT-0003083,Elektronike,DOK-0002809,2026-07-20,2026-07-22,373474.45,False,30
URDH-0002809,FAT-0003084,Elektronike,DOK-0002810,2026-08-29,2026-08-29,177716.09,False,30
URDH-0002810,FAT-0003085,Elektronike,DOK-0002811,2026-07-15,2026-07-17,1395.63,False,30
URDH-0002811,FAT-0003086,Elektronike,DOK-0002812,2026-09-05,2026-09-05,93604.37,False,30
URDH-0002812,FAT-0003087,Elektronike,DOK-0002813,2026-07-05,2026-08-23,33500.0,False,30
URDH-0002813,FAT-0003088,Elektronike,DOK-0002814,2026-07-05,2026-07-22,90145.46,False,30
URDH-0002814,FAT-0003089,Elektronike,DOK-0002815,2026-08-21,2026-08-25,2854.54,False,30
URDH-0002815,FAT-0003090,Elektronike,DOK-0002816,2026-07-09,2026-07-26,310432.39,False,30
URDH-0002816,FAT-0003091,Elektronike,DOK-0002817,2026-08-17,2026-08-20,298567.61,False,30
URDH-0002817,FAT-0003093,Elektronike,DOK-0002818,2026-07-17,2026-07-17,3457.54,False,30
URDH-0002818,FAT-0003094,Elektronike,DOK-0002819,2026-08-11,2026-08-27,95292.18,False,30
URDH-0002819,FAT-0003095,Elektronike,DOK-0002820,2026-09-14,2026-09-18,129720.28,False,30
URDH-0002820,FAT-0003096,Elektronike,DOK-0002821,2026-07-22,2026-07-28,475103.94,False,30
URDH-0002821,FAT-0003097,Elektronike,DOK-0002822,2026-09-08,2026-09-08,448448.06,False,30
URDH-0002822,FAT-0003098,Elektronike,DOK-0002823,2026-06-30,2026-07-04,51287.57,False,30
URDH-0002823,FAT-0003099,Elektronike,DOK-0002824,2026-08-13,2026-08-28,107733.14,False,30
URDH-0002824,FAT-0003100,Elektronike,DOK-0002825,2026-09-18,2026-09-18,114339.28,False,30
URDH-0002825,FAT-0003101,Elektronike,DOK-0002826,2026-07-07,2026-07-11,17968.45,False,30
URDH-0002826,FAT-0003102,Elektronike,DOK-0002827,2026-08-23,2026-09-13,27235.65,False,30
URDH-0002827,FAT-0003103,Elektronike,DOK-0002828,2026-07-12,2026-07-13,498798.5,False,30
URDH-0002828,FAT-0003104,Elektronike,DOK-0002829,2026-07-12,2026-07-15,149500.0,False,30
URDH-0002829,FAT-0003105,Elektronike,DOK-0002830,2026-07-06,2026-07-15,13957.28,False,30
URDH-0002830,FAT-0003106,Elektronike,DOK-0002831,2026-08-16,2026-09-10,38473.85,False,30
URDH-0002831,FAT-0003107,Elektronike,DOK-0002832,2026-07-07,2026-07-19,30903.51,False,30
URDH-0002832,FAT-0003108,Elektronike,DOK-0002833,2026-08-12,2026-08-23,44268.41,False,30
URDH-0002833,FAT-0003109,Elektronike,DOK-0002834,2026-09-14,2026-09-18,14428.08,False,30
URDH-0002834,FAT-0003110,Elektronike,DOK-0002835,2026-07-15,2026-07-18,189700.0,False,30
URDH-0002835,FAT-0003111,Elektronike,DOK-0002836,2026-07-08,2026-08-22,27378.79,False,30
URDH-0002836,FAT-0003112,Elektronike,DOK-0002837,2026-08-02,2026-08-02,176132.08,False,30
URDH-0002837,FAT-0003113,Elektronike,DOK-0002838,2026-09-12,2026-09-13,129609.13,False,30
URDH-0002838,FAT-0003114,Elektronike,DOK-0002839,2026-07-06,2026-07-06,304358.2,False,30
URDH-0002839,FAT-0003115,Elektronike,DOK-0002840,2026-08-20,2026-09-10,606694.8,False,30
URDH-0002840,FAT-0003116,Elektronike,DOK-0002841,2026-07-07,2026-07-15,26707.49,False,30
URDH-0002841,FAT-0003117,Elektronike,DOK-0002842,2026-08-16,2026-08-25,11137.52,False,30
URDH-0002842,FAT-0003119,Elektronike,DOK-0002843,2026-08-23,2026-08-23,28047.63,False,30
URDH-0002843,FAT-0003120,Elektronike,DOK-0002844,2026-07-15,2026-07-15,706250.0,False,30
URDH-0002844,FAT-0003121,Elektronike,DOK-0002845,2026-07-06,2026-07-24,877.79,False,30
URDH-0002845,FAT-0003122,Elektronike,DOK-0002846,2026-08-10,2026-08-25,104591.83,False,30
URDH-0002846,FAT-0003123,Elektronike,DOK-0002847,2026-09-09,2026-09-09,19530.38,False,30
URDH-0002847,FAT-0003124,Elektronike,DOK-0002848,2026-07-03,2026-07-15,698616.25,False,30
URDH-0002848,FAT-0003125,Elektronike,DOK-0002849,2026-08-20,2026-09-18,125583.75,False,30
URDH-0002849,FAT-0003126,Elektronike,DOK-0002850,2026-07-08,2026-07-13,121500.0,False,30
URDH-0002850,FAT-0003128,Elektronike,DOK-0002851,2026-07-08,2026-07-19,126394.44,False,30
URDH-0002851,FAT-0003129,Elektronike,DOK-0002852,2026-08-05,2026-08-05,117352.09,False,30
URDH-0002852,FAT-0003130,Elektronike,DOK-0002853,2026-08-25,2026-08-26,631253.48,False,30
URDH-0002853,FAT-0003131,Elektronike,DOK-0002854,2026-07-04,2026-07-17,68542.4,False,30
URDH-0002854,FAT-0003133,Elektronike,DOK-0002855,2026-07-19,2026-07-19,114381.63,False,30
URDH-0002855,FAT-0003134,Elektronike,DOK-0002856,2026-09-09,2026-09-09,72947.36,False,30
URDH-0002856,FAT-0003135,Elektronike,DOK-0002857,2026-07-03,2026-08-01,164008.19,False,30
URDH-0002857,FAT-0003136,Elektronike,DOK-0002858,2026-08-18,2026-08-18,125.5,False,30
URDH-0002858,FAT-0003137,Elektronike,DOK-0002859,2026-07-11,2026-08-02,267000.0,False,30
URDH-0002859,FAT-0003138,Elektronike,DOK-0002860,2026-07-13,2026-07-28,42106.55,False,30
URDH-0002860,FAT-0003139,Elektronike,DOK-0002861,2026-09-01,2026-09-01,796223.16,False,30
URDH-0002861,FAT-0003140,Elektronike,DOK-0002862,2026-07-07,2026-07-07,216000.0,False,30
URDH-0002862,FAT-0003141,Elektronike,DOK-0002863,2026-07-14,2026-07-15,2026227.77,False,30
URDH-0002863,FAT-0003142,Elektronike,DOK-0002864,2026-09-06,2026-09-06,5515145.23,False,30
URDH-0002864,FAT-0003143,Elektronike,DOK-0002865,2026-07-18,2026-08-01,107538.8,False,30
URDH-0002865,FAT-0003145,Elektronike,DOK-0002866,2026-06-30,2026-07-13,24074.06,False,30
URDH-0002866,FAT-0003146,Elektronike,DOK-0002867,2026-08-06,2026-09-17,1876.11,False,30
URDH-0002867,FAT-0003147,Elektronike,DOK-0002868,2026-07-09,2026-07-09,95529.99,False,30
URDH-0002868,FAT-0003148,Elektronike,DOK-0002869,2026-08-22,2026-08-22,3451.66,False,30
URDH-0002869,FAT-0003149,Elektronike,DOK-0002870,2026-07-15,2026-07-15,350718.69,False,30
URDH-0002870,FAT-0003150,Elektronike,DOK-0002871,2026-09-03,2026-09-16,433281.31,False,30
URDH-0002871,FAT-0003152,Elektronike,DOK-0002872,2026-07-08,2026-07-21,328075.65,False,30
URDH-0002872,FAT-0003153,Elektronike,DOK-0002873,2026-08-12,2026-08-13,449091.69,False,30
URDH-0002873,FAT-0003154,Elektronike,DOK-0002874,2026-08-29,2026-09-11,146832.67,False,30
URDH-0002874,FAT-0003155,Elektronike,DOK-0002875,2026-07-03,2026-07-09,405000.0,False,30
URDH-0002875,FAT-0003156,Elektronike,DOK-0002876,2026-07-06,2026-09-07,715428.88,False,30
URDH-0002876,FAT-0003157,Elektronike,DOK-0002877,2026-09-10,2026-09-10,274056.12,False,30
URDH-0002877,FAT-0003158,Elektronike,DOK-0002878,2026-07-13,2026-07-13,1026920.0,False,30
URDH-0002878,FAT-0003159,Elektronike,DOK-0002879,2026-07-10,2026-07-27,182129.86,False,30
URDH-0002879,FAT-0003160,Elektronike,DOK-0002880,2026-08-31,2026-08-31,61592.05,False,30
URDH-0002880,FAT-0003161,Elektronike,DOK-0002881,2026-07-11,2026-07-15,350000.0,False,30
URDH-0002881,FAT-0003163,Elektronike,DOK-0002882,2026-08-07,2026-08-07,66068.03,False,30
URDH-0002882,FAT-0003164,Elektronike,DOK-0002883,2026-07-09,2026-08-15,93792.89,False,30
URDH-0002883,FAT-0003165,Elektronike,DOK-0002884,2026-08-31,2026-08-31,57242.1,False,30
URDH-0002884,FAT-0003166,Elektronike,DOK-0002885,2026-09-18,2026-09-18,72965.01,False,30
URDH-0002885,FAT-0003167,Elektronike,DOK-0002886,2026-07-20,2026-09-05,100000.0,False,30
URDH-0002886,FAT-0003168,Elektronike,DOK-0002887,2026-07-16,2026-07-16,79500.0,False,30
URDH-0002887,FAT-0003169,Elektronike,DOK-0002888,2026-07-19,2026-07-19,1092760.9,False,30
URDH-0002888,FAT-0003170,Elektronike,DOK-0002889,2026-07-08,2026-07-08,112059.67,False,30
URDH-0002889,FAT-0003171,Elektronike,DOK-0002890,2026-08-15,2026-08-15,47209.82,False,30
URDH-0002890,FAT-0003172,Elektronike,DOK-0002891,2026-09-04,2026-09-06,90700.51,False,30
URDH-0002891,FAT-0003173,Elektronike,DOK-0002892,2026-07-21,2026-07-29,13905.14,False,30
URDH-0002892,FAT-0003174,Elektronike,DOK-0002893,2026-09-08,2026-09-08,15801.38,False,30
URDH-0002893,FAT-0003175,Elektronike,DOK-0002894,2026-07-08,2026-07-28,370000.0,False,30
URDH-0002894,FAT-0003176,Elektronike,DOK-0002895,2026-07-10,2026-07-13,107353.64,False,30
URDH-0002895,FAT-0003177,Elektronike,DOK-0002896,2026-09-12,2026-09-18,29576.36,False,30
URDH-0002896,FAT-0003178,Elektronike,DOK-0002897,2026-07-16,2026-07-16,33879.46,False,30
URDH-0002897,FAT-0003179,Elektronike,DOK-0002898,2026-08-18,2026-09-04,92463.02,False,30
URDH-0002898,FAT-0003180,Elektronike,DOK-0002899,2026-07-01,2026-07-13,59952.3,False,30
URDH-0002899,FAT-0003181,Elektronike,DOK-0002900,2026-08-23,2026-08-23,9423.37,False,30
URDH-0002900,FAT-0003182,Elektronike,DOK-0002901,2026-09-18,2026-09-18,122624.33,False,30
URDH-0002901,FAT-0003183,Elektronike,DOK-0002902,2026-07-16,2026-07-16,917000.0,False,30
URDH-0002902,FAT-0003185,Elektronike,DOK-0002903,2026-08-16,2026-08-16,0.0,False,30
URDH-0002903,FAT-0003186,Elektronike,DOK-0002904,2026-07-15,2026-07-15,262328.0,False,30
URDH-0002904,FAT-0003187,Elektronike,DOK-0002905,2026-07-10,2026-07-14,82376326.07,False,30
URDH-0002905,FAT-0003188,Elektronike,DOK-0002906,2026-08-06,2026-08-24,14534009.34,False,30
URDH-0002906,FAT-0003189,Elektronike,DOK-0002907,2026-07-15,2026-07-25,100097.0,False,30
URDH-0002907,FAT-0003190,Elektronike,DOK-0002908,2026-08-23,2026-08-23,147503.0,False,30
URDH-0002908,FAT-0003191,Elektronike,DOK-0002909,2026-07-11,2026-07-16,131647.62,False,30
URDH-0002909,FAT-0003192,Elektronike,DOK-0002910,2026-08-24,2026-09-01,39852.38,False,30
URDH-0002910,FAT-0003193,Elektronike,DOK-0002911,2026-07-11,2026-07-16,0.0,False,30
URDH-0002911,FAT-0003194,Elektronike,DOK-0002912,2026-08-29,2026-09-06,0.0,False,30
URDH-0002912,FAT-0003196,Elektronike,DOK-0002913,2026-08-16,2026-09-04,6744219.15,False,30
URDH-0002913,FAT-0003197,Elektronike,DOK-0002914,2026-07-15,2026-08-09,15190599.82,False,30
URDH-0002914,FAT-0003199,Elektronike,DOK-0002915,2026-09-16,2026-09-16,1270035.15,False,30
URDH-0002915,FAT-0003200,Elektronike,DOK-0002916,2026-07-08,2026-07-15,2200000.0,False,30
URDH-0002916,FAT-0003201,Elektronike,DOK-0002917,2026-07-15,2026-08-25,67000.0,False,30
URDH-0002917,FAT-0003202,Elektronike,DOK-0002918,2026-07-11,2026-09-05,5543.77,False,30
URDH-0002918,FAT-0003203,Elektronike,DOK-0002919,2026-08-25,2026-08-26,33456.23,False,30
URDH-0002919,FAT-0003204,Elektronike,DOK-0002920,2026-07-10,2026-07-20,50701783.7,False,30
URDH-0002920,FAT-0003205,Elektronike,DOK-0002921,2026-08-03,2026-08-03,18030225.99,False,30
URDH-0002921,FAT-0003206,Elektronike,DOK-0002922,2026-09-18,2026-09-18,53448620.31,False,30
URDH-0002922,FAT-0003207,Elektronike,DOK-0002923,2026-07-11,2026-07-23,48072.44,False,30
URDH-0002923,FAT-0003208,Elektronike,DOK-0002924,2026-08-22,2026-08-24,90515.56,False,30
URDH-0002924,FAT-0003209,Elektronike,DOK-0002925,2026-07-16,2026-07-16,100006.63,False,30
URDH-0002925,FAT-0003210,Elektronike,DOK-0002926,2026-09-12,2026-09-18,24993.37,False,30
URDH-0002926,FAT-0003211,Elektronike,DOK-0002927,2026-07-10,2026-07-26,59400.0,False,30
URDH-0002927,FAT-0003212,Elektronike,DOK-0002928,2026-07-07,2026-08-29,16181.04,False,30
URDH-0002928,FAT-0003213,Elektronike,DOK-0002929,2026-08-10,2026-09-04,18690.8,False,30
URDH-0002929,FAT-0003214,Elektronike,DOK-0002930,2026-09-18,2026-09-18,35128.16,False,30
URDH-0002930,FAT-0003215,Elektronike,DOK-0002931,2026-07-06,2026-07-22,408750.0,False,30
URDH-0002931,FAT-0003216,Elektronike,DOK-0002932,2026-07-13,2026-08-19,118367.42,False,30
URDH-0002932,FAT-0003217,Elektronike,DOK-0002933,2026-09-06,2026-09-11,147871.63,False,30
URDH-0002933,FAT-0003218,Elektronike,DOK-0002934,2026-07-13,2026-07-13,77687.94,False,30
URDH-0002934,FAT-0003219,Elektronike,DOK-0002935,2026-08-02,2026-08-02,52343.39,False,30
URDH-0002935,FAT-0003220,Elektronike,DOK-0002936,2026-07-07,2026-07-11,28897.0,False,30
URDH-0002936,FAT-0003221,Elektronike,DOK-0002937,2026-07-05,2026-07-06,90000.0,False,30
URDH-0002937,FAT-0003222,Elektronike,DOK-0002938,2026-07-18,2026-08-12,96000.0,False,30
URDH-0002938,FAT-0003223,Elektronike,DOK-0002939,2026-07-10,2026-07-16,929600.0,False,30
URDH-0002939,FAT-0003224,Elektronike,DOK-0002940,2026-07-13,2026-07-13,777539.78,False,30
URDH-0002940,FAT-0003225,Elektronike,DOK-0002941,2026-09-03,2026-09-03,71666.18,False,30
URDH-0002941,FAT-0003226,Elektronike,DOK-0002942,2026-07-03,2026-07-16,125512.59,False,30
URDH-0002942,FAT-0003227,Elektronike,DOK-0002943,2026-08-05,2026-08-16,430171.41,False,30
URDH-0002943,FAT-0003228,Elektronike,DOK-0002944,2026-07-19,2026-07-24,99863.0,False,30
URDH-0002944,FAT-0003229,Elektronike,DOK-0002945,2026-07-15,2026-07-15,99000.0,False,30
URDH-0002945,FAT-0003231,Elektronike,DOK-0002946,2026-09-03,2026-09-03,35908.41,False,30
URDH-0002946,FAT-0003232,Elektronike,DOK-0002947,2026-07-13,2026-07-13,45559.51,False,30
URDH-0002947,FAT-0003235,Elektronike,DOK-0002948,2026-09-11,2026-09-11,31515.83,False,30
URDH-0002948,FAT-0003236,Elektronike,DOK-0002949,2026-07-14,2026-07-14,289000.0,False,30
URDH-0002949,FAT-0003237,Elektronike,DOK-0002950,2026-07-08,2026-07-12,208460.32,False,30
URDH-0002950,FAT-0003238,Elektronike,DOK-0002951,2026-08-31,2026-09-18,739659.68,False,30
URDH-0002951,FAT-0003239,Elektronike,DOK-0002952,2026-07-14,2026-07-14,6871487.71,False,30
URDH-0002952,FAT-0003240,Elektronike,DOK-0002953,2026-08-18,2026-08-18,4757300.73,False,30
URDH-0002953,FAT-0003241,Elektronike,DOK-0002954,2026-07-15,2026-07-21,209800.0,False,30
URDH-0002954,FAT-0003242,Elektronike,DOK-0002955,2026-07-05,2026-07-05,90409.86,False,30
URDH-0002955,FAT-0003243,Elektronike,DOK-0002956,2026-08-11,2026-09-18,121414.35,False,30
URDH-0002956,FAT-0003245,Elektronike,DOK-0002957,2026-07-03,2026-07-06,25375.34,False,30
URDH-0002957,FAT-0003246,Elektronike,DOK-0002958,2026-08-20,2026-09-18,12605.85,False,30
URDH-0002958,FAT-0003247,Elektronike,DOK-0002959,2026-09-18,2026-09-18,57440.81,False,30
URDH-0002959,FAT-0003248,Elektronike,DOK-0002960,2026-07-12,2026-07-26,33087.46,False,30
URDH-0002960,FAT-0003249,Elektronike,DOK-0002961,2026-08-14,2026-08-26,16912.54,False,30
URDH-0002961,FAT-0003251,Elektronike,DOK-0002962,2026-08-20,2026-08-20,556.87,False,30
URDH-0002962,FAT-0003252,Elektronike,DOK-0002963,2026-09-09,2026-09-09,90040.87,False,30
URDH-0002963,FAT-0003253,Elektronike,DOK-0002964,2026-07-09,2026-07-12,99000.0,False,30
URDH-0002964,FAT-0003254,Elektronike,DOK-0002965,2026-07-15,2026-07-18,37966.47,False,30
URDH-0002965,FAT-0003255,Elektronike,DOK-0002966,2026-08-25,2026-08-25,565.73,False,30
URDH-0002966,FAT-0003256,Elektronike,DOK-0002967,2026-07-11,2026-07-24,99000.0,False,30
URDH-0002967,FAT-0003257,Elektronike,DOK-0002968,2026-07-16,2026-07-16,26831.46,False,30
URDH-0002968,FAT-0003258,Elektronike,DOK-0002969,2026-08-24,2026-08-24,522168.54,False,30
URDH-0002969,FAT-0003259,Elektronike,DOK-0002970,2026-07-09,2026-08-24,67881.07,False,30
URDH-0002970,FAT-0003260,Elektronike,DOK-0002971,2026-07-29,2026-07-29,21840.21,False,30
URDH-0002971,FAT-0003261,Elektronike,DOK-0002972,2026-09-10,2026-09-18,10278.72,False,30
URDH-0002972,FAT-0003262,Elektronike,DOK-0002973,2026-07-11,2026-07-14,219200.0,False,30
URDH-0002973,FAT-0003263,Elektronike,DOK-0002974,2026-07-17,2026-07-29,10723.25,False,30
URDH-0002974,FAT-0003264,Elektronike,DOK-0002975,2026-08-31,2026-09-06,300376.75,False,30
URDH-0002975,FAT-0003265,Elektronike,DOK-0002976,2026-07-22,2026-07-22,0.0,False,30
URDH-0002976,FAT-0003266,Elektronike,DOK-0002977,2026-07-08,2026-07-08,93070.81,False,30
URDH-0002977,FAT-0003267,Elektronike,DOK-0002978,2026-08-11,2026-08-15,3929.19,False,30
URDH-0002978,FAT-0003268,Elektronike,DOK-0002979,2026-07-13,2026-07-13,2552479.06,False,30
URDH-0002979,FAT-0003269,Elektronike,DOK-0002980,2026-08-16,2026-08-16,4176040.94,False,30
URDH-0002980,FAT-0003270,Elektronike,DOK-0002981,2026-07-17,2026-09-07,100000.0,False,30
URDH-0002981,FAT-0003271,Elektronike,DOK-0002982,2026-07-02,2026-07-12,45339.7,False,30
URDH-0002982,FAT-0003272,Elektronike,DOK-0002983,2026-08-10,2026-08-10,53960.3,False,30
URDH-0002983,FAT-0003273,Elektronike,DOK-0002984,2026-07-12,2026-07-31,1628000.0,False,30
URDH-0002984,FAT-0003274,Elektronike,DOK-0002985,2026-07-11,2026-07-11,52333.0,False,30
URDH-0002985,FAT-0003275,Elektronike,DOK-0002986,2026-07-03,2026-07-17,502890.44,False,30
URDH-0002986,FAT-0003276,Elektronike,DOK-0002987,2026-08-30,2026-09-07,309759.99,False,30
URDH-0002987,FAT-0003277,Elektronike,DOK-0002988,2026-07-05,2026-07-07,738000.0,False,30
URDH-0002988,FAT-0003278,Elektronike,DOK-0002989,2026-07-03,2026-07-10,256742.49,False,30
URDH-0002989,FAT-0003279,Elektronike,DOK-0002990,2026-08-12,2026-08-13,107282.9,False,30
URDH-0002990,FAT-0003280,Elektronike,DOK-0002991,2026-07-10,2026-07-10,510957.49,False,30
URDH-0002991,FAT-0003281,Elektronike,DOK-0002992,2026-08-31,2026-09-14,2247317.51,False,30
URDH-0002992,FAT-0003282,Elektronike,DOK-0002993,2026-06-30,2026-07-03,0.0,False,30
URDH-0002993,FAT-0003283,Elektronike,DOK-0002994,2026-07-16,2026-07-16,72279.67,False,30
URDH-0002994,FAT-0003284,Elektronike,DOK-0002995,2026-08-25,2026-08-25,26420.33,False,30
URDH-0002995,FAT-0003285,Elektronike,DOK-0002996,2026-07-05,2026-07-06,46447.63,False,30
URDH-0002996,FAT-0003286,Elektronike,DOK-0002997,2026-08-17,2026-08-25,36352.37,False,30
URDH-0002997,FAT-0003287,Elektronike,DOK-0002998,2026-07-10,2026-07-22,42000.0,False,30
URDH-0002998,FAT-0003288,Elektronike,DOK-0002999,2026-07-17,2026-07-26,41667.0,False,30
URDH-0002999,FAT-0003289,Elektronike,DOK-0003000,2026-07-10,2026-07-12,138270.25,False,30
URDH-0003000,FAT-0003291,Elektronike,DOK-0003001,2026-07-08,2026-07-19,97000.0,False,30
URDH-0003001,FAT-0003292,Elektronike,DOK-0003002,2026-07-11,2026-07-16,3247.83,False,30
URDH-0003002,FAT-0003293,Elektronike,DOK-0003003,2026-08-27,2026-08-27,240752.17,False,30
URDH-0003003,FAT-0003294,Elektronike,DOK-0003004,2026-07-08,2026-07-08,39772.53,False,30
URDH-0003004,FAT-0003295,Elektronike,DOK-0003005,2026-08-16,2026-08-16,16277.15,False,30
URDH-0003005,FAT-0003296,Elektronike,DOK-0003006,2026-09-08,2026-09-13,42840.33,False,30
URDH-0003006,FAT-0003297,Elektronike,DOK-0003007,2026-07-19,2026-07-21,20400.63,False,30
URDH-0003007,FAT-0003298,Elektronike,DOK-0003008,2026-09-06,2026-09-15,453622.18,False,30
URDH-0003008,FAT-0003299,Elektronike,DOK-0003009,2026-07-11,2026-08-08,37062.5,False,30
URDH-0003009,FAT-0003300,Elektronike,DOK-0003010,2026-07-15,2026-07-26,53503.39,False,30
URDH-0003010,FAT-0003301,Elektronike,DOK-0003011,2026-08-13,2026-08-23,21345.05,False,30
URDH-0003011,FAT-0003302,Elektronike,DOK-0003012,2026-09-18,2026-09-18,6419.71,False,30
URDH-0003012,FAT-0003303,Elektronike,DOK-0003013,2026-07-04,2026-07-04,251820.49,False,30
URDH-0003013,FAT-0003304,Elektronike,DOK-0003014,2026-08-26,2026-09-14,446179.51,False,30
URDH-0003014,FAT-0003305,Elektronike,DOK-0003015,2026-07-09,2026-07-17,99920.0,False,30
URDH-0003015,FAT-0003306,Elektronike,DOK-0003016,2026-07-14,2026-08-04,16546.16,False,30
URDH-0003016,FAT-0003308,Elektronike,DOK-0003017,2026-07-18,2026-07-26,221000.0,False,30
URDH-0003017,FAT-0003310,Elektronike,DOK-0003018,2026-08-05,2026-08-19,587726.06,False,30
URDH-0003018,FAT-0003311,Elektronike,DOK-0003019,2026-07-21,2026-07-24,2513111.43,False,30
URDH-0003019,FAT-0003312,Elektronike,DOK-0003020,2026-08-22,2026-09-11,11663024.01,False,30
URDH-0003020,FAT-0003314,Elektronike,DOK-0003021,2026-07-10,2026-07-31,296091000.0,False,30
URDH-0003021,FAT-0003316,Elektronike,DOK-0003022,2026-07-11,2026-07-11,2198.54,False,30
URDH-0003022,FAT-0003318,Elektronike,DOK-0003023,2026-07-19,2026-08-03,489044.37,False,30
URDH-0003023,FAT-0003319,Elektronike,DOK-0003024,2026-09-14,2026-09-18,193950.3,False,30
URDH-0003024,FAT-0003320,Elektronike,DOK-0003025,2026-07-19,2026-07-23,1523785.39,False,30
URDH-0003025,FAT-0003321,Elektronike,DOK-0003026,2026-08-21,2026-09-11,305093.03,False,30
URDH-0003026,FAT-0003322,Elektronike,DOK-0003027,2026-07-14,2026-07-14,559000.0,False,30
URDH-0003027,FAT-0003323,Elektronike,DOK-0003028,2026-07-20,2026-07-20,2483177.08,False,30
URDH-0003028,FAT-0003325,Elektronike,DOK-0003029,2026-07-16,2026-09-17,37938.61,False,30
URDH-0003029,FAT-0003326,Elektronike,DOK-0003030,2026-08-23,2026-08-23,441561.39,False,30
URDH-0003030,FAT-0003327,Elektronike,DOK-0003031,2026-07-13,2026-07-13,1144500.0,False,30
URDH-0003031,FAT-0003328,Elektronike,DOK-0003032,2026-07-10,2026-07-10,8972457.65,False,30
URDH-0003032,FAT-0003329,Elektronike,DOK-0003033,2026-08-23,2026-08-23,7865535.15,False,30
URDH-0003033,FAT-0003330,Elektronike,DOK-0003034,2026-09-05,2026-09-05,152007.2,False,30
URDH-0003034,FAT-0003331,Elektronike,DOK-0003035,2026-07-16,2026-07-16,42228.86,False,30
URDH-0003035,FAT-0003332,Elektronike,DOK-0003036,2026-08-25,2026-08-31,2158.32,False,30
URDH-0003036,FAT-0003333,Elektronike,DOK-0003037,2026-09-18,2026-09-18,55212.82,False,30
URDH-0003037,FAT-0003334,Elektronike,DOK-0003038,2026-07-07,2026-07-12,56150.0,False,30
URDH-0003038,FAT-0003336,Elektronike,DOK-0003039,2026-07-16,2026-07-16,35388.82,False,30
URDH-0003039,FAT-0003337,Elektronike,DOK-0003040,2026-08-04,2026-08-10,388611.18,False,30
URDH-0003040,FAT-0003338,Elektronike,DOK-0003041,2026-07-06,2026-07-19,245725.38,False,30
URDH-0003041,FAT-0003339,Elektronike,DOK-0003042,2026-08-11,2026-08-17,182274.62,False,30
URDH-0003042,FAT-0003340,Elektronike,DOK-0003043,2026-07-13,2026-08-16,293000.0,False,30
URDH-0003043,FAT-0003341,Elektronike,DOK-0003044,2026-07-15,2026-07-22,76063.95,False,30
URDH-0003044,FAT-0003342,Elektronike,DOK-0003045,2026-09-14,2026-09-14,22936.05,False,30
URDH-0003045,FAT-0003343,Elektronike,DOK-0003046,2026-07-24,2026-09-08,190183.44,False,30
URDH-0003046,FAT-0003344,Elektronike,DOK-0003047,2026-08-19,2026-08-19,622116.56,False,30
URDH-0003047,FAT-0003345,Elektronike,DOK-0003048,2026-07-14,2026-07-28,812.84,False,30
URDH-0003048,FAT-0003347,Elektronike,DOK-0003049,2026-09-12,2026-09-12,1334.75,False,30
URDH-0003049,FAT-0003348,Elektronike,DOK-0003050,2026-07-13,2026-07-13,2687.97,False,30
URDH-0003050,FAT-0003350,Elektronike,DOK-0003051,2026-08-28,2026-08-29,2314.27,False,30
URDH-0003051,FAT-0003352,Elektronike,DOK-0003052,2026-07-09,2026-07-11,6910.69,False,30
URDH-0003052,FAT-0003353,Elektronike,DOK-0003053,2026-07-22,2026-09-16,5831.91,False,30
URDH-0003053,FAT-0003354,Elektronike,DOK-0003054,2026-09-15,2026-09-15,75863.4,False,30
URDH-0003054,FAT-0003355,Elektronike,DOK-0003055,2026-07-08,2026-08-11,100000.0,False,30
URDH-0003055,FAT-0003357,Elektronike,DOK-0003056,2026-07-31,2026-07-31,411901.74,False,30
URDH-0003056,FAT-0003358,Elektronike,DOK-0003057,2026-09-18,2026-09-18,56300.0,False,30
URDH-0003057,FAT-0003360,Elektronike,DOK-0003058,2026-08-04,2026-08-15,66579.64,False,30
URDH-0003058,FAT-0003362,Elektronike,DOK-0003059,2026-08-09,2026-08-09,45680.2,False,30
URDH-0003059,FAT-0003364,Elektronike,DOK-0003060,2026-07-19,2026-07-20,24068.78,False,30
URDH-0003060,FAT-0003365,Elektronike,DOK-0003061,2026-09-13,2026-09-18,75701.22,False,30
URDH-0003061,FAT-0003366,Elektronike,DOK-0003062,2026-07-16,2026-07-16,188541.67,False,30
URDH-0003062,FAT-0003367,Elektronike,DOK-0003063,2026-07-02,2026-07-22,405000.0,False,30
URDH-0003063,FAT-0003368,Elektronike,DOK-0003064,2026-07-10,2026-07-16,279000.0,False,30
URDH-0003064,FAT-0003369,Elektronike,DOK-0003065,2026-07-18,2026-07-22,189650.57,False,30
URDH-0003065,FAT-0003371,Elektronike,DOK-0003066,2026-07-26,2026-09-13,85713.99,False,30
URDH-0003066,FAT-0003372,Elektronike,DOK-0003067,2026-09-16,2026-09-16,253286.01,False,30
URDH-0003067,FAT-0003373,Elektronike,DOK-0003068,2026-07-19,2026-07-19,22788.14,False,30
URDH-0003068,FAT-0003375,Elektronike,DOK-0003069,2026-07-10,2026-07-19,1.03,False,30
URDH-0003069,FAT-0003376,Elektronike,DOK-0003070,2026-08-11,2026-09-07,7.41,False,30
URDH-0003070,FAT-0003377,Elektronike,DOK-0003071,2026-09-18,2026-09-18,5.27,False,30
URDH-0003071,FAT-0003378,Elektronike,DOK-0003072,2026-07-12,2026-07-12,390079.91,False,30
URDH-0003072,FAT-0003379,Elektronike,DOK-0003073,2026-08-03,2026-08-03,14920.09,False,30
URDH-0003073,FAT-0003380,Elektronike,DOK-0003074,2026-07-15,2026-07-27,285000.0,False,30
URDH-0003074,FAT-0003381,Elektronike,DOK-0003075,2026-07-20,2026-07-25,920000.0,False,30
URDH-0003075,FAT-0003382,Elektronike,DOK-0003076,2026-07-15,2026-07-15,696000.0,False,30
URDH-0003076,FAT-0003383,Elektronike,DOK-0003077,2026-07-21,2026-07-21,662000.0,False,30
URDH-0003077,FAT-0003384,Elektronike,DOK-0003078,2026-07-22,2026-07-25,341382.18,False,30
URDH-0003078,FAT-0003385,Elektronike,DOK-0003079,2026-09-15,2026-09-18,14883.85,False,30
URDH-0003079,FAT-0003386,Elektronike,DOK-0003080,2026-09-18,2026-09-18,379633.98,False,30
URDH-0003080,FAT-0003387,Elektronike,DOK-0003081,2026-07-24,2026-07-24,0.0,False,30
URDH-0003081,FAT-0003388,Elektronike,DOK-0003082,2026-07-12,2026-07-16,9990.69,False,30
URDH-0003082,FAT-0003390,Elektronike,DOK-0003083,2026-07-19,2026-08-01,0.0,False,30
URDH-0003083,FAT-0003391,Elektronike,DOK-0003084,2026-08-12,2026-08-27,0.0,False,30
URDH-0003084,FAT-0003392,Elektronike,DOK-0003085,2026-07-16,2026-07-16,225830.28,False,30
URDH-0003085,FAT-0003393,Elektronike,DOK-0003086,2026-08-12,2026-08-12,5074.62,False,30
URDH-0003086,FAT-0003394,Elektronike,DOK-0003087,2026-09-14,2026-09-18,168095.1,False,30
URDH-0003087,FAT-0003396,Elektronike,DOK-0003088,2026-08-30,2026-09-14,1420.18,False,30
URDH-0003088,FAT-0003397,Elektronike,DOK-0003089,2026-07-22,2026-07-27,16606.67,False,30
URDH-0003089,FAT-0003398,Elektronike,DOK-0003090,2026-07-11,2026-07-12,279200.0,False,30
URDH-0003090,FAT-0003399,Elektronike,DOK-0003091,2026-07-20,2026-07-20,104616.95,False,30
URDH-0003091,FAT-0003401,Elektronike,DOK-0003092,2026-07-19,2026-07-23,212000.0,False,30
URDH-0003092,FAT-0003402,Elektronike,DOK-0003093,2026-07-13,2026-07-29,1474000.0,False,30
URDH-0003093,FAT-0003403,Elektronike,DOK-0003094,2026-07-22,2026-07-22,33000.0,False,30
URDH-0003094,FAT-0003404,Elektronike,DOK-0003095,2026-07-21,2026-07-21,300621.95,False,30
URDH-0003095,FAT-0003405,Elektronike,DOK-0003096,2026-08-27,2026-09-04,226718.05,False,30
URDH-0003096,FAT-0003406,Elektronike,DOK-0003097,2026-07-18,2026-08-10,99940.0,False,30
URDH-0003097,FAT-0003407,Elektronike,DOK-0003098,2026-07-15,2026-09-15,460855.81,False,30
URDH-0003098,FAT-0003408,Elektronike,DOK-0003099,2026-09-09,2026-09-09,437144.19,False,30
URDH-0003099,FAT-0003409,Elektronike,DOK-0003100,2026-07-10,2026-07-21,10657948.8,False,30
URDH-0003100,FAT-0003410,Elektronike,DOK-0003101,2026-07-22,2026-08-05,11600.0,False,30
URDH-0003101,FAT-0003412,Elektronike,DOK-0003102,2026-08-09,2026-08-09,387134.15,False,30
URDH-0003102,FAT-0003413,Elektronike,DOK-0003103,2026-07-07,2026-07-13,8878.93,False,30
URDH-0003103,FAT-0003414,Elektronike,DOK-0003104,2026-07-31,2026-08-07,90051.07,False,30
URDH-0003104,FAT-0003415,Elektronike,DOK-0003105,2026-07-17,2026-07-19,29893.6,False,30
URDH-0003105,FAT-0003416,Elektronike,DOK-0003106,2026-08-17,2026-08-28,50106.4,False,30
URDH-0003106,FAT-0003417,Elektronike,DOK-0003107,2026-07-09,2026-07-10,93000.0,False,30
URDH-0003107,FAT-0003418,Elektronike,DOK-0003108,2026-07-17,2026-07-17,104167.0,False,30
URDH-0003108,FAT-0003419,Elektronike,DOK-0003109,2026-07-15,2026-07-17,101806.54,False,30
URDH-0003109,FAT-0003420,Elektronike,DOK-0003110,2026-08-08,2026-08-16,248293.46,False,30
URDH-0003110,FAT-0003421,Elektronike,DOK-0003111,2026-07-22,2026-07-27,94.95,False,30
URDH-0003111,FAT-0003423,Elektronike,DOK-0003112,2026-07-15,2026-08-05,348900.0,False,30
URDH-0003112,FAT-0003425,Elektronike,DOK-0003113,2026-08-25,2026-08-25,18212.09,False,30
URDH-0003113,FAT-0003426,Elektronike,DOK-0003114,2026-07-12,2026-07-12,28473.96,False,30
URDH-0003114,FAT-0003427,Elektronike,DOK-0003115,2026-08-13,2026-08-29,11026.04,False,30
URDH-0003115,FAT-0003428,Elektronike,DOK-0003116,2026-07-14,2026-07-14,16000.0,False,30
URDH-0003116,FAT-0003429,Elektronike,DOK-0003117,2026-07-16,2026-08-06,36991.88,False,30
URDH-0003117,FAT-0003430,Elektronike,DOK-0003118,2026-08-28,2026-08-28,145008.12,False,30
URDH-0003118,FAT-0003431,Elektronike,DOK-0003119,2026-07-20,2026-07-20,127561.42,False,30
URDH-0003119,FAT-0003432,Elektronike,DOK-0003120,2026-09-18,2026-09-18,71438.58,False,30
URDH-0003120,FAT-0003433,Elektronike,DOK-0003121,2026-07-21,2026-08-05,171000.0,False,30
URDH-0003121,FAT-0003435,Elektronike,DOK-0003122,2026-08-21,2026-08-21,5824.31,False,30
URDH-0003122,FAT-0003436,Elektronike,DOK-0003123,2026-07-15,2026-07-16,6371.06,False,30
URDH-0003123,FAT-0003439,Elektronike,DOK-0003124,2026-07-10,2026-07-10,14000.0,False,30
URDH-0003124,FAT-0003440,Elektronike,DOK-0003125,2026-07-19,2026-08-01,123526.52,False,30
URDH-0003125,FAT-0003442,Elektronike,DOK-0003126,2026-07-14,2026-07-31,33316.72,False,30
URDH-0003126,FAT-0003443,Elektronike,DOK-0003127,2026-08-09,2026-08-09,15279.18,False,30
URDH-0003127,FAT-0003444,Elektronike,DOK-0003128,2026-07-22,2026-07-22,16190.56,False,30
URDH-0003128,FAT-0003445,Elektronike,DOK-0003129,2026-08-19,2026-08-19,17203.19,False,30
URDH-0003129,FAT-0003446,Elektronike,DOK-0003130,2026-09-18,2026-09-18,606.26,False,30
URDH-0003130,FAT-0003447,Elektronike,DOK-0003131,2026-07-15,2026-07-29,105178.41,False,30
URDH-0003131,FAT-0003448,Elektronike,DOK-0003132,2026-08-06,2026-08-18,42606.07,False,30
URDH-0003132,FAT-0003449,Elektronike,DOK-0003133,2026-09-18,2026-09-18,1715.51,False,30
URDH-0003133,FAT-0003450,Elektronike,DOK-0003134,2026-07-11,2026-07-27,99900.0,False,30
URDH-0003134,FAT-0003451,Elektronike,DOK-0003135,2026-07-18,2026-07-26,1929.88,False,30
URDH-0003135,FAT-0003452,Elektronike,DOK-0003136,2026-08-22,2026-09-05,35857.05,False,30
URDH-0003136,FAT-0003453,Elektronike,DOK-0003137,2026-09-13,2026-09-13,7463.07,False,30
URDH-0003137,FAT-0003454,Elektronike,DOK-0003138,2026-07-15,2026-07-17,16452.42,False,30
URDH-0003138,FAT-0003455,Elektronike,DOK-0003139,2026-09-04,2026-09-18,45547.58,False,30
URDH-0003139,FAT-0003456,Elektronike,DOK-0003140,2026-07-17,2026-07-29,0.0,False,30
URDH-0003140,FAT-0003457,Elektronike,DOK-0003141,2026-08-18,2026-08-28,0.0,False,30
URDH-0003141,FAT-0003458,Elektronike,DOK-0003142,2026-07-12,2026-07-25,1315.09,False,30
URDH-0003142,FAT-0003459,Elektronike,DOK-0003143,2026-09-03,2026-09-18,27306.49,False,30
URDH-0003143,FAT-0003460,Elektronike,DOK-0003144,2026-07-22,2026-07-22,650000.0,False,30
URDH-0003144,FAT-0003462,Elektronike,DOK-0003145,2026-08-14,2026-08-20,332706.6,False,30
URDH-0003145,FAT-0003464,Elektronike,DOK-0003146,2026-07-19,2026-07-23,64722.46,False,30
URDH-0003146,FAT-0003465,Elektronike,DOK-0003147,2026-09-10,2026-09-18,31092.16,False,30
URDH-0003147,FAT-0003466,Elektronike,DOK-0003148,2026-07-23,2026-07-26,18674.46,False,30
URDH-0003148,FAT-0003467,Elektronike,DOK-0003149,2026-09-18,2026-09-18,15269.52,False,30
URDH-0003149,FAT-0003468,Elektronike,DOK-0003150,2026-07-10,2026-07-31,100000.0,False,30
URDH-0003150,FAT-0003469,Elektronike,DOK-0003151,2026-07-21,2026-07-23,1994232.98,False,30
URDH-0003151,FAT-0003470,Elektronike,DOK-0003152,2026-08-28,2026-09-08,2182021.21,False,30
URDH-0003152,FAT-0003471,Elektronike,DOK-0003153,2026-07-19,2026-07-31,18859.9,False,30
URDH-0003153,FAT-0003472,Elektronike,DOK-0003154,2026-08-20,2026-08-20,66028.52,False,30
URDH-0003154,FAT-0003473,Elektronike,DOK-0003155,2026-07-11,2026-07-11,534651.32,False,30
URDH-0003155,FAT-0003474,Elektronike,DOK-0003156,2026-08-25,2026-08-25,101578.04,False,30
URDH-0003156,FAT-0003475,Elektronike,DOK-0003157,2026-07-26,2026-07-31,707602.96,False,30
URDH-0003157,FAT-0003476,Elektronike,DOK-0003158,2026-09-06,2026-09-08,362581.51,False,30
URDH-0003158,FAT-0003477,Elektronike,DOK-0003159,2026-07-21,2026-08-07,16132.51,False,30
URDH-0003159,FAT-0003478,Elektronike,DOK-0003160,2026-09-01,2026-09-13,71187.35,False,30
URDH-0003160,FAT-0003479,Elektronike,DOK-0003161,2026-09-18,2026-09-18,112160.14,False,30
URDH-0003161,FAT-0003480,Elektronike,DOK-0003162,2026-07-26,2026-09-10,144000.0,False,30
URDH-0003162,FAT-0003481,Elektronike,DOK-0003163,2026-07-17,2026-07-27,155924.34,False,30
URDH-0003163,FAT-0003482,Elektronike,DOK-0003164,2026-09-07,2026-09-18,45400.66,False,30
URDH-0003164,FAT-0003483,Elektronike,DOK-0003165,2026-07-20,2026-07-21,164377.63,False,30
URDH-0003165,FAT-0003484,Elektronike,DOK-0003166,2026-08-08,2026-09-18,139622.37,False,30
URDH-0003166,FAT-0003485,Elektronike,DOK-0003167,2026-07-25,2026-09-13,10843.95,False,30
URDH-0003167,FAT-0003486,Elektronike,DOK-0003168,2026-09-18,2026-09-18,925.2,False,30
URDH-0003168,FAT-0003487,Elektronike,DOK-0003169,2026-07-18,2026-08-19,83100.0,False,30
URDH-0003169,FAT-0003488,Elektronike,DOK-0003170,2026-07-31,2026-08-13,22147.12,False,30
URDH-0003170,FAT-0003489,Elektronike,DOK-0003171,2026-09-11,2026-09-11,10099.2,False,30
URDH-0003171,FAT-0003490,Elektronike,DOK-0003172,2026-07-14,2026-07-15,270000.0,False,30
URDH-0003172,FAT-0003491,Elektronike,DOK-0003173,2026-07-23,2026-09-16,899990.0,False,30
URDH-0003173,FAT-0003492,Elektronike,DOK-0003174,2026-07-25,2026-08-12,0.0,False,30
URDH-0003174,FAT-0003493,Elektronike,DOK-0003175,2026-07-15,2026-08-05,1194640.59,False,30
URDH-0003175,FAT-0003496,Elektronike,DOK-0003176,2026-09-07,2026-09-18,1123585.0,False,30
URDH-0003176,FAT-0003497,Elektronike,DOK-0003177,2026-07-17,2026-08-31,11186017.07,False,30
URDH-0003177,FAT-0003498,Elektronike,DOK-0003178,2026-08-06,2026-09-18,11757932.93,False,30
URDH-0003178,FAT-0003499,Elektronike,DOK-0003179,2026-07-16,2026-07-24,201320.0,False,30
URDH-0003179,FAT-0003500,Elektronike,DOK-0003180,2026-07-25,2026-07-29,43756.54,False,30
URDH-0003180,FAT-0003501,Elektronike,DOK-0003181,2026-08-25,2026-08-25,276443.79,False,30
URDH-0003181,FAT-0003502,Elektronike,DOK-0003182,2026-07-19,2026-07-19,17831.92,False,30
URDH-0003182,FAT-0003503,Elektronike,DOK-0003183,2026-08-24,2026-09-08,20218.68,False,30
URDH-0003183,FAT-0003505,Elektronike,DOK-0003184,2026-09-03,2026-09-18,1030927.17,False,30
URDH-0003184,FAT-0003506,Elektronike,DOK-0003185,2026-07-13,2026-07-30,22416.41,False,30
URDH-0003185,FAT-0003507,Elektronike,DOK-0003186,2026-08-18,2026-08-28,82559.04,False,30
URDH-0003186,FAT-0003508,Elektronike,DOK-0003187,2026-07-26,2026-08-30,476000.0,False,30
URDH-0003187,FAT-0003510,Elektronike,DOK-0003188,2026-09-12,2026-09-18,431577.92,False,30
URDH-0003188,FAT-0003511,Elektronike,DOK-0003189,2026-07-25,2026-07-31,220583.87,False,30
URDH-0003189,FAT-0003512,Elektronike,DOK-0003190,2026-08-20,2026-08-20,115629.09,False,30
URDH-0003190,FAT-0003513,Elektronike,DOK-0003191,2026-07-20,2026-07-20,37800.0,False,30
URDH-0003191,FAT-0003514,Elektronike,DOK-0003192,2026-07-19,2026-08-06,67690.1,False,30
URDH-0003192,FAT-0003515,Elektronike,DOK-0003193,2026-08-29,2026-09-08,31527.9,False,30
URDH-0003193,FAT-0003516,Elektronike,DOK-0003194,2026-07-12,2026-07-27,172400.0,False,30
URDH-0003194,FAT-0003517,Elektronike,DOK-0003195,2026-07-29,2026-08-27,59076.65,False,30
URDH-0003195,FAT-0003518,Elektronike,DOK-0003196,2026-09-10,2026-09-10,22123.35,False,30
URDH-0003196,FAT-0003519,Elektronike,DOK-0003197,2026-07-15,2026-07-29,249996.0,False,30
URDH-0003197,FAT-0003520,Elektronike,DOK-0003198,2026-07-24,2026-08-06,85256.12,False,30
URDH-0003198,FAT-0003521,Elektronike,DOK-0003199,2026-09-13,2026-09-18,71466.72,False,30
URDH-0003199,FAT-0003522,Elektronike,DOK-0003200,2026-07-26,2026-08-24,82.86,False,30
URDH-0003200,FAT-0003523,Elektronike,DOK-0003201,2026-09-18,2026-09-18,16.93,False,30
URDH-0003201,FAT-0003524,Elektronike,DOK-0003202,2026-07-25,2026-08-07,82994.0,False,30
URDH-0003202,FAT-0003525,Elektronike,DOK-0003203,2026-07-23,2026-07-29,98510.0,False,30
URDH-0003203,FAT-0003526,Elektronike,DOK-0003204,2026-07-14,2026-07-21,468257.1,False,30
URDH-0003204,FAT-0003527,Elektronike,DOK-0003205,2026-09-10,2026-09-10,43514.23,False,30
URDH-0003205,FAT-0003528,Elektronike,DOK-0003206,2026-07-20,2026-07-28,520235.93,False,30
URDH-0003206,FAT-0003529,Elektronike,DOK-0003207,2026-09-10,2026-09-10,71194.91,False,30
URDH-0003207,FAT-0003531,Elektronike,DOK-0003208,2026-08-05,2026-08-05,23275.06,False,30
URDH-0003208,FAT-0003532,Elektronike,DOK-0003209,2026-07-26,2026-08-03,29193.78,False,30
URDH-0003209,FAT-0003533,Elektronike,DOK-0003210,2026-09-11,2026-09-13,25166.22,False,30
URDH-0003210,FAT-0003534,Elektronike,DOK-0003211,2026-07-24,2026-09-16,393010.26,False,30
URDH-0003211,FAT-0003535,Elektronike,DOK-0003212,2026-09-12,2026-09-18,1158855.74,False,30
URDH-0003212,FAT-0003536,Elektronike,DOK-0003213,2026-07-15,2026-07-15,273264.97,False,30
URDH-0003213,FAT-0003537,Elektronike,DOK-0003214,2026-08-15,2026-08-20,39735.03,False,30
URDH-0003214,FAT-0003538,Elektronike,DOK-0003215,2026-07-31,2026-07-31,323000.0,False,30
URDH-0003215,FAT-0003539,Elektronike,DOK-0003216,2026-07-20,2026-08-01,130085.3,False,30
URDH-0003216,FAT-0003540,Elektronike,DOK-0003217,2026-08-12,2026-08-22,258451.61,False,30
URDH-0003217,FAT-0003541,Elektronike,DOK-0003218,2026-09-08,2026-09-13,380463.09,False,30
URDH-0003218,FAT-0003542,Elektronike,DOK-0003219,2026-07-23,2026-07-23,10845.16,False,30
URDH-0003219,FAT-0003543,Elektronike,DOK-0003220,2026-09-12,2026-09-17,12654.84,False,30
URDH-0003220,FAT-0003544,Elektronike,DOK-0003221,2026-07-10,2026-07-29,14408.62,False,30
URDH-0003221,FAT-0003545,Elektronike,DOK-0003222,2026-08-11,2026-08-19,22106.61,False,30
URDH-0003222,FAT-0003546,Elektronike,DOK-0003223,2026-09-18,2026-09-18,63484.77,False,30
URDH-0003223,FAT-0003547,Elektronike,DOK-0003224,2026-07-21,2026-08-12,276422.25,False,30
URDH-0003224,FAT-0003548,Elektronike,DOK-0003225,2026-09-07,2026-09-10,244363.43,False,30
URDH-0003225,FAT-0003549,Elektronike,DOK-0003226,2026-07-17,2026-07-24,58368.81,False,30
URDH-0003226,FAT-0003550,Elektronike,DOK-0003227,2026-08-20,2026-08-28,559931.19,False,30
URDH-0003227,FAT-0003551,Elektronike,DOK-0003228,2026-07-11,2026-07-23,49296.84,False,30
URDH-0003228,FAT-0003552,Elektronike,DOK-0003229,2026-08-04,2026-08-25,98823.46,False,30
URDH-0003229,FAT-0003553,Elektronike,DOK-0003230,2026-09-11,2026-09-15,96879.71,False,30
URDH-0003230,FAT-0003554,Elektronike,DOK-0003231,2026-07-26,2026-08-04,4485129.64,False,30
URDH-0003231,FAT-0003555,Elektronike,DOK-0003232,2026-09-04,2026-09-05,4743970.36,False,30
URDH-0003232,FAT-0003556,Elektronike,DOK-0003233,2026-07-23,2026-08-11,127654.99,False,30
URDH-0003233,FAT-0003557,Elektronike,DOK-0003234,2026-09-03,2026-09-03,280335.01,False,30
URDH-0003234,FAT-0003559,Elektronike,DOK-0003235,2026-09-18,2026-09-18,320758.23,False,30
URDH-0003235,FAT-0003561,Elektronike,DOK-0003236,2026-09-01,2026-09-06,49222.84,False,30
URDH-0003236,FAT-0003562,Elektronike,DOK-0003237,2026-07-25,2026-07-25,34006.29,False,30
URDH-0003237,FAT-0003564,Elektronike,DOK-0003238,2026-07-31,2026-08-13,67500.0,False,30
URDH-0003238,FAT-0003565,Elektronike,DOK-0003239,2026-07-27,2026-07-28,101101.45,False,30
URDH-0003239,FAT-0003566,Elektronike,DOK-0003240,2026-09-03,2026-09-09,148.27,False,30
URDH-0003240,FAT-0003567,Elektronike,DOK-0003241,2026-07-24,2026-07-31,208333.0,False,30
URDH-0003241,FAT-0003568,Elektronike,DOK-0003242,2026-07-27,2026-07-27,50816.82,False,30
URDH-0003242,FAT-0003569,Elektronike,DOK-0003243,2026-09-15,2026-09-17,30631.24,False,30
URDH-0003243,FAT-0003571,Elektronike,DOK-0003244,2026-08-22,2026-09-05,102179.65,False,30
URDH-0003244,FAT-0003572,Elektronike,DOK-0003245,2026-07-22,2026-07-22,15799.88,False,30
URDH-0003245,FAT-0003573,Elektronike,DOK-0003246,2026-08-13,2026-08-15,65543.73,False,30
URDH-0003246,FAT-0003574,Elektronike,DOK-0003247,2026-09-18,2026-09-18,10656.39,False,30
URDH-0003247,FAT-0003575,Elektronike,DOK-0003248,2026-07-12,2026-08-03,34041.35,False,30
URDH-0003248,FAT-0003576,Elektronike,DOK-0003249,2026-08-18,2026-08-18,14103.04,False,30
URDH-0003249,FAT-0003578,Elektronike,DOK-0003250,2026-07-14,2026-07-30,14616.84,False,30
URDH-0003250,FAT-0003579,Elektronike,DOK-0003251,2026-08-24,2026-08-24,450383.16,False,30
URDH-0003251,FAT-0003580,Elektronike,DOK-0003252,2026-07-21,2026-07-27,167686.15,False,30
URDH-0003252,FAT-0003581,Elektronike,DOK-0003253,2026-09-02,2026-09-02,715713.85,False,30
URDH-0003253,FAT-0003582,Elektronike,DOK-0003254,2026-07-28,2026-07-31,857159.04,False,30
URDH-0003254,FAT-0003583,Elektronike,DOK-0003255,2026-09-01,2026-09-01,73599.23,False,30
URDH-0003255,FAT-0003584,Elektronike,DOK-0003256,2026-07-25,2026-08-23,361332.0,False,30
URDH-0003256,FAT-0003585,Elektronike,DOK-0003257,2026-07-31,2026-07-31,416970.0,False,30
URDH-0003257,FAT-0003586,Elektronike,DOK-0003258,2026-07-29,2026-09-18,23201.59,False,30
URDH-0003258,FAT-0003587,Elektronike,DOK-0003259,2026-08-24,2026-08-24,18465.08,False,30
URDH-0003259,FAT-0003588,Elektronike,DOK-0003260,2026-07-21,2026-07-26,33840.58,False,30
URDH-0003260,FAT-0003590,Elektronike,DOK-0003261,2026-07-26,2026-08-09,236000.0,False,30
URDH-0003261,FAT-0003592,Elektronike,DOK-0003262,2026-07-20,2026-07-23,195000.0,False,30
URDH-0003262,FAT-0003594,Elektronike,DOK-0003263,2026-08-18,2026-08-29,29.55,False,30
URDH-0003263,FAT-0003595,Elektronike,DOK-0003264,2026-09-18,2026-09-18,49552.85,False,30
URDH-0003264,FAT-0003596,Elektronike,DOK-0003265,2026-08-01,2026-08-10,632000.0,False,30
URDH-0003265,FAT-0003597,Elektronike,DOK-0003266,2026-07-29,2026-07-29,1042800.0,False,30
URDH-0003266,FAT-0003598,Elektronike,DOK-0003267,2026-07-17,2026-08-02,252309.07,False,30
URDH-0003267,FAT-0003599,Elektronike,DOK-0003268,2026-08-27,2026-09-12,118627.16,False,30
URDH-0003268,FAT-0003600,Elektronike,DOK-0003269,2026-07-22,2026-07-22,20330.8,False,30
URDH-0003269,FAT-0003601,Elektronike,DOK-0003270,2026-08-09,2026-08-28,37651.33,False,30
URDH-0003270,FAT-0003602,Elektronike,DOK-0003271,2026-09-05,2026-09-05,24367.87,False,30
URDH-0003271,FAT-0003604,Elektronike,DOK-0003272,2026-07-28,2026-07-28,44421.49,False,30
URDH-0003272,FAT-0003605,Elektronike,DOK-0003273,2026-09-18,2026-09-18,30578.51,False,30
URDH-0003273,FAT-0003606,Elektronike,DOK-0003274,2026-07-21,2026-08-03,18182.44,False,30
URDH-0003274,FAT-0003607,Elektronike,DOK-0003275,2026-08-27,2026-08-28,10559.93,False,30
URDH-0003275,FAT-0003608,Elektronike,DOK-0003276,2026-08-04,2026-08-04,408151.36,False,30
URDH-0003276,FAT-0003609,Elektronike,DOK-0003277,2026-08-13,2026-08-22,151848.64,False,30
URDH-0003277,FAT-0003610,Elektronike,DOK-0003278,2026-07-20,2026-09-13,161134.83,False,30
URDH-0003278,FAT-0003611,Elektronike,DOK-0003279,2026-09-12,2026-09-12,96221.43,False,30
URDH-0003279,FAT-0003612,Elektronike,DOK-0003280,2026-07-31,2026-08-05,205050.0,False,30
URDH-0003280,FAT-0003613,Elektronike,DOK-0003281,2026-08-01,2026-08-05,99800.0,False,30
URDH-0003281,FAT-0003614,Elektronike,DOK-0003282,2026-07-24,2026-08-23,233397.4,False,30
URDH-0003282,FAT-0003615,Elektronike,DOK-0003283,2026-09-07,2026-09-18,47453.18,False,30
URDH-0003283,FAT-0003617,Elektronike,DOK-0003284,2026-08-24,2026-09-18,3173679.86,False,30
URDH-0003284,FAT-0003618,Elektronike,DOK-0003285,2026-09-18,2026-09-18,3375160.46,False,30
URDH-0003285,FAT-0003619,Elektronike,DOK-0003286,2026-07-24,2026-08-31,7109.14,False,30
URDH-0003286,FAT-0003620,Elektronike,DOK-0003287,2026-09-18,2026-09-18,51533.76,False,30
URDH-0003287,FAT-0003621,Elektronike,DOK-0003288,2026-07-22,2026-09-09,258661.84,False,30
URDH-0003288,FAT-0003622,Elektronike,DOK-0003289,2026-09-08,2026-09-13,36622.48,False,30
URDH-0003289,FAT-0003623,Elektronike,DOK-0003290,2026-07-24,2026-07-24,20702.46,False,30
URDH-0003290,FAT-0003624,Elektronike,DOK-0003291,2026-09-17,2026-09-18,47632.77,False,30
URDH-0003291,FAT-0003625,Elektronike,DOK-0003292,2026-07-20,2026-08-09,97500.0,False,30
URDH-0003292,FAT-0003626,Elektronike,DOK-0003293,2026-07-29,2026-08-12,33125.78,False,30
URDH-0003293,FAT-0003627,Elektronike,DOK-0003294,2026-09-02,2026-09-06,47833.2,False,30
URDH-0003294,FAT-0003628,Elektronike,DOK-0003295,2026-07-31,2026-08-08,2801.93,False,30
URDH-0003295,FAT-0003629,Elektronike,DOK-0003296,2026-09-04,2026-09-13,21501.82,False,30
URDH-0003296,FAT-0003630,Elektronike,DOK-0003297,2026-07-18,2026-08-06,99700.0,False,30
URDH-0003297,FAT-0003632,Elektronike,DOK-0003298,2026-08-21,2026-09-01,110847.15,False,30
URDH-0003298,FAT-0003633,Elektronike,DOK-0003299,2026-07-26,2026-08-01,4101.01,False,30
URDH-0003299,FAT-0003634,Elektronike,DOK-0003300,2026-09-05,2026-09-11,1211.75,False,30
URDH-0003300,FAT-0003635,Elektronike,DOK-0003301,2026-09-18,2026-09-18,687.24,False,30
URDH-0003301,FAT-0003636,Elektronike,DOK-0003302,2026-07-23,2026-08-16,339850.0,False,30
URDH-0003302,FAT-0003637,Elektronike,DOK-0003303,2026-07-24,2026-08-09,150000.0,False,30
URDH-0003303,FAT-0003638,Elektronike,DOK-0003304,2026-08-06,2026-09-18,350859.36,False,30
URDH-0003304,FAT-0003639,Elektronike,DOK-0003305,2026-09-18,2026-09-18,5140.64,False,30
URDH-0003305,FAT-0003640,Elektronike,DOK-0003306,2026-08-02,2026-08-02,386466.89,False,30
URDH-0003306,FAT-0003641,Elektronike,DOK-0003307,2026-08-26,2026-08-30,136013.11,False,30
URDH-0003307,FAT-0003642,Elektronike,DOK-0003308,2026-08-07,2026-09-17,583953.11,False,30
URDH-0003308,FAT-0003643,Elektronike,DOK-0003309,2026-09-11,2026-09-18,113046.89,False,30
URDH-0003309,FAT-0003644,Elektronike,DOK-0003310,2026-08-03,2026-08-14,153000.0,False,30
URDH-0003310,FAT-0003646,Elektronike,DOK-0003311,2026-09-08,2026-09-14,74585.4,False,30
URDH-0003311,FAT-0003647,Elektronike,DOK-0003312,2026-08-02,2026-08-02,16401.24,False,30
URDH-0003312,FAT-0003648,Elektronike,DOK-0003313,2026-08-18,2026-08-27,29103.12,False,30
URDH-0003313,FAT-0003649,Elektronike,DOK-0003314,2026-09-13,2026-09-18,49499.64,False,30
URDH-0003314,FAT-0003650,Elektronike,DOK-0003315,2026-08-05,2026-08-16,143000.0,False,30
URDH-0003315,FAT-0003651,Elektronike,DOK-0003316,2026-07-20,2026-07-28,408516.01,False,30
URDH-0003316,FAT-0003652,Elektronike,DOK-0003317,2026-09-04,2026-09-18,317980.48,False,30
URDH-0003317,FAT-0003653,Elektronike,DOK-0003318,2026-07-25,2026-07-26,250000.0,False,30
URDH-0003318,FAT-0003654,Elektronike,DOK-0003319,2026-07-22,2026-08-11,78726.07,False,30
URDH-0003319,FAT-0003655,Elektronike,DOK-0003320,2026-09-10,2026-09-18,316958.43,False,30
URDH-0003320,FAT-0003656,Elektronike,DOK-0003321,2026-08-05,2026-08-14,427533.36,False,30
URDH-0003321,FAT-0003657,Elektronike,DOK-0003322,2026-08-30,2026-09-15,280466.64,False,30
URDH-0003322,FAT-0003658,Elektronike,DOK-0003323,2026-07-23,2026-07-23,416000.0,False,30
URDH-0003323,FAT-0003659,Elektronike,DOK-0003324,2026-07-22,2026-07-22,10964.12,False,30
URDH-0003324,FAT-0003660,Elektronike,DOK-0003325,2026-09-18,2026-09-18,10097.12,False,30
URDH-0003325,FAT-0003661,Elektronike,DOK-0003326,2026-07-28,2026-08-11,348672.0,False,30
URDH-0003326,FAT-0003662,Elektronike,DOK-0003327,2026-07-24,2026-08-02,295453.25,False,30
URDH-0003327,FAT-0003663,Elektronike,DOK-0003328,2026-09-05,2026-09-10,491546.75,False,30
URDH-0003328,FAT-0003664,Elektronike,DOK-0003329,2026-08-03,2026-08-09,61843.85,False,30
URDH-0003329,FAT-0003665,Elektronike,DOK-0003330,2026-07-31,2026-08-26,687626.47,False,30
URDH-0003330,FAT-0003666,Elektronike,DOK-0003331,2026-09-18,2026-09-18,257373.53,False,30
URDH-0003331,FAT-0003667,Elektronike,DOK-0003332,2026-08-02,2026-08-16,20927.69,False,30
URDH-0003332,FAT-0003668,Elektronike,DOK-0003333,2026-08-30,2026-08-30,379072.31,False,30
URDH-0003333,FAT-0003669,Elektronike,DOK-0003334,2026-07-21,2026-07-23,213311.95,False,30
URDH-0003334,FAT-0003670,Elektronike,DOK-0003335,2026-08-20,2026-09-04,513688.05,False,30
URDH-0003335,FAT-0003671,Elektronike,DOK-0003336,2026-07-28,2026-07-28,319638.42,False,30
URDH-0003336,FAT-0003672,Elektronike,DOK-0003337,2026-09-04,2026-09-08,13694.58,False,30
URDH-0003337,FAT-0003673,Elektronike,DOK-0003338,2026-07-25,2026-07-25,37076.52,False,30
URDH-0003338,FAT-0003674,Elektronike,DOK-0003339,2026-08-24,2026-08-24,20923.48,False,30
URDH-0003339,FAT-0003675,Elektronike,DOK-0003340,2026-08-11,2026-08-20,91052.14,False,30
URDH-0003340,FAT-0003676,Elektronike,DOK-0003341,2026-09-18,2026-09-18,55120.5,False,30
URDH-0003341,FAT-0003678,Elektronike,DOK-0003342,2026-08-01,2026-08-03,8811.67,False,30
URDH-0003342,FAT-0003680,Elektronike,DOK-0003343,2026-09-18,2026-09-18,16887.18,False,30
URDH-0003343,FAT-0003681,Elektronike,DOK-0003344,2026-07-27,2026-08-02,43876.64,False,30
URDH-0003344,FAT-0003682,Elektronike,DOK-0003345,2026-09-06,2026-09-18,4123.36,False,30
URDH-0003345,FAT-0003683,Elektronike,DOK-0003346,2026-08-04,2026-09-18,18873.25,False,30
URDH-0003346,FAT-0003684,Elektronike,DOK-0003347,2026-09-18,2026-09-18,916126.75,False,30
URDH-0003347,FAT-0003685,Elektronike,DOK-0003348,2026-08-04,2026-08-21,25685.27,False,30
URDH-0003348,FAT-0003687,Elektronike,DOK-0003349,2026-08-03,2026-08-15,63281.42,False,30
URDH-0003349,FAT-0003688,Elektronike,DOK-0003350,2026-09-05,2026-09-05,786718.58,False,30
URDH-0003350,FAT-0003689,Elektronike,DOK-0003351,2026-07-28,2026-07-28,469900.0,False,30
URDH-0003351,FAT-0003690,Elektronike,DOK-0003352,2026-07-26,2026-09-11,366564.76,False,30
URDH-0003352,FAT-0003691,Elektronike,DOK-0003353,2026-08-25,2026-08-25,582435.24,False,30
URDH-0003353,FAT-0003692,Elektronike,DOK-0003354,2026-07-31,2026-08-11,51000.0,False,30
URDH-0003354,FAT-0003693,Elektronike,DOK-0003355,2026-07-30,2026-07-30,95788723.6,False,30
URDH-0003355,FAT-0003694,Elektronike,DOK-0003356,2026-07-20,2026-09-07,96000.0,False,30
URDH-0003356,FAT-0003695,Elektronike,DOK-0003357,2026-07-21,2026-08-14,264.27,False,30
URDH-0003357,FAT-0003696,Elektronike,DOK-0003358,2026-09-03,2026-09-03,10735.73,False,30
URDH-0003358,FAT-0003697,Elektronike,DOK-0003359,2026-07-24,2026-08-06,164250.0,False,30
URDH-0003359,FAT-0003698,Elektronike,DOK-0003360,2026-07-28,2026-08-05,77907.06,False,30
URDH-0003360,FAT-0003699,Elektronike,DOK-0003361,2026-09-18,2026-09-18,5425.94,False,30
URDH-0003361,FAT-0003700,Elektronike,DOK-0003362,2026-07-26,2026-08-09,4417.24,False,30
URDH-0003362,FAT-0003701,Elektronike,DOK-0003363,2026-09-02,2026-09-03,66326.54,False,30
URDH-0003363,FAT-0003702,Elektronike,DOK-0003364,2026-07-29,2026-08-14,4111.67,False,30
URDH-0003364,FAT-0003703,Elektronike,DOK-0003365,2026-09-01,2026-09-07,4548.18,False,30
URDH-0003365,FAT-0003704,Elektronike,DOK-0003366,2026-08-03,2026-09-18,218674.41,False,30
URDH-0003366,FAT-0003705,Elektronike,DOK-0003367,2026-09-18,2026-09-18,109793.73,False,30
URDH-0003367,FAT-0003706,Elektronike,DOK-0003368,2026-07-26,2026-07-26,65327.66,False,30
URDH-0003368,FAT-0003707,Elektronike,DOK-0003369,2026-08-20,2026-08-26,241143.24,False,30
URDH-0003369,FAT-0003708,Elektronike,DOK-0003370,2026-07-31,2026-07-31,5167.04,False,30
URDH-0003370,FAT-0003709,Elektronike,DOK-0003371,2026-09-06,2026-09-15,60261.78,False,30
URDH-0003371,FAT-0003712,Elektronike,DOK-0003372,2026-07-27,2026-08-15,39237.93,False,30
URDH-0003372,FAT-0003713,Elektronike,DOK-0003373,2026-09-06,2026-09-17,59962.07,False,30
URDH-0003373,FAT-0003714,Elektronike,DOK-0003374,2026-08-11,2026-08-25,166400.0,False,30
URDH-0003374,FAT-0003715,Elektronike,DOK-0003375,2026-08-03,2026-08-05,210758.84,False,30
URDH-0003375,FAT-0003716,Elektronike,DOK-0003376,2026-09-05,2026-09-10,359637.98,False,30
URDH-0003376,FAT-0003717,Elektronike,DOK-0003377,2026-09-18,2026-09-18,110353.18,False,30
URDH-0003377,FAT-0003718,Elektronike,DOK-0003378,2026-07-29,2026-08-14,192106.95,False,30
URDH-0003378,FAT-0003719,Elektronike,DOK-0003379,2026-09-12,2026-09-17,14937.95,False,30
URDH-0003379,FAT-0003720,Elektronike,DOK-0003380,2026-08-05,2026-08-05,492283.5,False,30
URDH-0003380,FAT-0003721,Elektronike,DOK-0003381,2026-07-27,2026-08-12,354216.89,False,30
URDH-0003381,FAT-0003722,Elektronike,DOK-0003382,2026-09-01,2026-09-01,55349.61,False,30
URDH-0003382,FAT-0003723,Elektronike,DOK-0003383,2026-08-01,2026-08-01,0.0,False,30
URDH-0003383,FAT-0003724,Elektronike,DOK-0003384,2026-08-10,2026-08-10,192299.52,False,30
URDH-0003384,FAT-0003725,Elektronike,DOK-0003385,2026-09-14,2026-09-14,710900.48,False,30
URDH-0003385,FAT-0003726,Elektronike,DOK-0003386,2026-07-24,2026-07-24,17571.96,False,30
URDH-0003386,FAT-0003727,Elektronike,DOK-0003387,2026-09-10,2026-09-18,87048.04,False,30
URDH-0003387,FAT-0003728,Elektronike,DOK-0003388,2026-07-29,2026-07-29,61361.27,False,30
URDH-0003388,FAT-0003729,Elektronike,DOK-0003389,2026-09-03,2026-09-09,38638.73,False,30
URDH-0003389,FAT-0003730,Elektronike,DOK-0003390,2026-08-05,2026-09-11,10000.0,False,30
URDH-0003390,FAT-0003731,Elektronike,DOK-0003391,2026-07-30,2026-08-02,211445.1,False,30
URDH-0003391,FAT-0003732,Elektronike,DOK-0003392,2026-09-05,2026-09-18,232554.9,False,30
URDH-0003392,FAT-0003733,Elektronike,DOK-0003393,2026-08-04,2026-09-18,1983565.47,False,30
URDH-0003393,FAT-0003734,Elektronike,DOK-0003394,2026-09-12,2026-09-12,6476794.51,False,30
URDH-0003394,FAT-0003735,Elektronike,DOK-0003395,2026-07-23,2026-08-06,184789.44,False,30
URDH-0003395,FAT-0003736,Elektronike,DOK-0003396,2026-09-11,2026-09-17,1135.56,False,30
URDH-0003396,FAT-0003737,Elektronike,DOK-0003397,2026-08-08,2026-08-08,41439.59,False,30
URDH-0003397,FAT-0003738,Elektronike,DOK-0003398,2026-09-11,2026-09-16,1157.09,False,30
URDH-0003398,FAT-0003739,Elektronike,DOK-0003399,2026-07-27,2026-08-11,250000.0,False,30
URDH-0003399,FAT-0003740,Elektronike,DOK-0003400,2026-07-26,2026-07-27,166000.0,False,30
URDH-0003400,FAT-0003742,Elektronike,DOK-0003401,2026-08-03,2026-08-15,15074.25,False,30
URDH-0003401,FAT-0003743,Elektronike,DOK-0003402,2026-09-17,2026-09-18,7545.29,False,30
URDH-0003402,FAT-0003744,Elektronike,DOK-0003403,2026-08-06,2026-08-14,296884.0,False,30
URDH-0003403,FAT-0003745,Elektronike,DOK-0003404,2026-08-02,2026-08-25,570000.0,False,30
URDH-0003404,FAT-0003746,Elektronike,DOK-0003405,2026-08-05,2026-08-05,0.0,False,30
URDH-0003405,FAT-0003747,Elektronike,DOK-0003406,2026-08-23,2026-09-15,0.0,False,30
URDH-0003406,FAT-0003748,Elektronike,DOK-0003407,2026-08-04,2026-09-18,677895.0,False,30
URDH-0003407,FAT-0003749,Elektronike,DOK-0003408,2026-08-02,2026-08-02,821417.54,False,30
URDH-0003408,FAT-0003750,Elektronike,DOK-0003409,2026-09-18,2026-09-18,412382.46,False,30
URDH-0003409,FAT-0003751,Elektronike,DOK-0003410,2026-08-07,2026-08-07,60977.84,False,30
URDH-0003410,FAT-0003752,Elektronike,DOK-0003411,2026-09-18,2026-09-18,476938.16,False,30
URDH-0003411,FAT-0003753,Elektronike,DOK-0003412,2026-08-11,2026-08-11,9320.24,False,30
URDH-0003412,FAT-0003754,Elektronike,DOK-0003413,2026-07-23,2026-08-16,355000.0,False,30
URDH-0003413,FAT-0003755,Elektronike,DOK-0003414,2026-08-11,2026-08-11,101532.02,False,30
URDH-0003414,FAT-0003756,Elektronike,DOK-0003415,2026-08-31,2026-08-31,14867.98,False,30
URDH-0003415,FAT-0003757,Elektronike,DOK-0003416,2026-08-02,2026-09-17,105943.97,False,30
URDH-0003416,FAT-0003758,Elektronike,DOK-0003417,2026-08-03,2026-08-03,350000.0,False,30
URDH-0003417,FAT-0003759,Elektronike,DOK-0003418,2026-08-09,2026-08-09,99200.0,False,30
URDH-0003418,FAT-0003760,Elektronike,DOK-0003419,2026-08-04,2026-08-14,153478.55,False,30
URDH-0003419,FAT-0003761,Elektronike,DOK-0003420,2026-08-31,2026-09-07,171521.45,False,30
URDH-0003420,FAT-0003762,Elektronike,DOK-0003421,2026-08-05,2026-08-05,99200.0,False,30
URDH-0003421,FAT-0003763,Elektronike,DOK-0003422,2026-08-03,2026-08-04,75331.18,False,30
URDH-0003422,FAT-0003764,Elektronike,DOK-0003423,2026-08-27,2026-08-27,276838.25,False,30
URDH-0003423,FAT-0003765,Elektronike,DOK-0003424,2026-09-15,2026-09-18,147830.57,False,30
URDH-0003424,FAT-0003766,Elektronike,DOK-0003425,2026-08-03,2026-08-21,65584.26,False,30
URDH-0003425,FAT-0003767,Elektronike,DOK-0003426,2026-09-15,2026-09-15,26578.09,False,30
URDH-0003426,FAT-0003769,Elektronike,DOK-0003427,2026-08-04,2026-08-04,7065.56,False,30
URDH-0003427,FAT-0003770,Elektronike,DOK-0003428,2026-09-11,2026-09-18,25365.9,False,30
URDH-0003428,FAT-0003771,Elektronike,DOK-0003429,2026-08-11,2026-08-16,85816.7,False,30
URDH-0003429,FAT-0003772,Elektronike,DOK-0003430,2026-09-18,2026-09-18,4321.62,False,30
URDH-0003430,FAT-0003773,Elektronike,DOK-0003431,2026-08-03,2026-08-04,10000.0,False,30
URDH-0003431,FAT-0003775,Elektronike,DOK-0003432,2026-07-29,2026-07-29,24688.24,False,30
URDH-0003432,FAT-0003776,Elektronike,DOK-0003433,2026-09-03,2026-09-16,89367.44,False,30
URDH-0003433,FAT-0003777,Elektronike,DOK-0003434,2026-08-02,2026-08-02,7796411.76,False,30
URDH-0003434,FAT-0003778,Elektronike,DOK-0003435,2026-08-31,2026-09-18,708641.81,False,30
URDH-0003435,FAT-0003779,Elektronike,DOK-0003436,2026-08-13,2026-09-18,37961.57,False,30
URDH-0003436,FAT-0003780,Elektronike,DOK-0003437,2026-09-04,2026-09-04,62038.43,False,30
URDH-0003437,FAT-0003782,Elektronike,DOK-0003438,2026-08-14,2026-08-14,4202.06,False,30
URDH-0003438,FAT-0003783,Elektronike,DOK-0003439,2026-08-27,2026-09-12,1291.99,False,30
URDH-0003439,FAT-0003784,Elektronike,DOK-0003440,2026-08-08,2026-09-11,33165.96,False,30
URDH-0003440,FAT-0003785,Elektronike,DOK-0003441,2026-09-10,2026-09-10,160334.04,False,30
URDH-0003441,FAT-0003786,Elektronike,DOK-0003442,2026-08-12,2026-09-18,1225982.13,False,30
URDH-0003442,FAT-0003787,Elektronike,DOK-0003443,2026-09-18,2026-09-18,121419.19,False,30
URDH-0003443,FAT-0003788,Elektronike,DOK-0003444,2026-07-31,2026-07-31,169518.12,False,30
URDH-0003444,FAT-0003789,Elektronike,DOK-0003445,2026-09-09,2026-09-18,891159.0,False,30
URDH-0003445,FAT-0003790,Elektronike,DOK-0003446,2026-08-11,2026-08-11,5996.94,False,30
URDH-0003446,FAT-0003791,Elektronike,DOK-0003447,2026-09-03,2026-09-18,38562.38,False,30
URDH-0003447,FAT-0003792,Elektronike,DOK-0003448,2026-09-18,2026-09-18,55140.68,False,30
URDH-0003448,FAT-0003793,Elektronike,DOK-0003449,2026-08-10,2026-08-16,158538.87,False,30
URDH-0003449,FAT-0003794,Elektronike,DOK-0003450,2026-09-18,2026-09-18,93898.63,False,30
URDH-0003450,FAT-0003795,Elektronike,DOK-0003451,2026-08-08,2026-08-12,232193.12,False,30
URDH-0003451,FAT-0003796,Elektronike,DOK-0003452,2026-09-03,2026-09-03,40806.88,False,30
URDH-0003452,FAT-0003797,Elektronike,DOK-0003453,2026-07-26,2026-08-18,949000.0,False,30
URDH-0003453,FAT-0003798,Elektronike,DOK-0003454,2026-08-15,2026-08-15,118000.0,False,30
URDH-0003454,FAT-0003799,Elektronike,DOK-0003455,2026-08-05,2026-09-18,392300.0,False,30
URDH-0003455,FAT-0003800,Elektronike,DOK-0003456,2026-08-05,2026-08-07,3082920.0,False,30
URDH-0003456,FAT-0003801,Elektronike,DOK-0003457,2026-08-09,2026-08-09,102229.2,False,30
URDH-0003457,FAT-0003802,Elektronike,DOK-0003458,2026-09-10,2026-09-18,1185646.04,False,30
URDH-0003458,FAT-0003803,Elektronike,DOK-0003459,2026-08-04,2026-08-05,1670613.28,False,30
URDH-0003459,FAT-0003804,Elektronike,DOK-0003460,2026-09-18,2026-09-18,749386.72,False,30
URDH-0003460,FAT-0003805,Elektronike,DOK-0003461,2026-08-10,2026-08-10,138984.37,False,30
URDH-0003461,FAT-0003806,Elektronike,DOK-0003462,2026-08-05,2026-08-16,850000.0,False,30
URDH-0003462,FAT-0003807,Elektronike,DOK-0003463,2026-08-11,2026-08-18,93164.39,False,30
URDH-0003463,FAT-0003808,Elektronike,DOK-0003464,2026-09-15,2026-09-15,5035.61,False,30
URDH-0003464,FAT-0003809,Elektronike,DOK-0003465,2026-08-03,2026-09-18,81872.37,False,30
URDH-0003465,FAT-0003810,Elektronike,DOK-0003466,2026-08-29,2026-08-29,142.63,False,30
URDH-0003466,FAT-0003811,Elektronike,DOK-0003467,2026-07-31,2026-08-01,78044.28,False,30
URDH-0003467,FAT-0003812,Elektronike,DOK-0003468,2026-08-25,2026-09-18,245955.72,False,30
URDH-0003468,FAT-0003813,Elektronike,DOK-0003469,2026-08-13,2026-08-13,2232.78,False,30
URDH-0003469,FAT-0003814,Elektronike,DOK-0003470,2026-09-10,2026-09-10,100666.68,False,30
URDH-0003470,FAT-0003815,Elektronike,DOK-0003471,2026-09-18,2026-09-18,156100.54,False,30
URDH-0003471,FAT-0003816,Elektronike,DOK-0003472,2026-08-03,2026-08-29,28807.06,False,30
URDH-0003472,FAT-0003817,Elektronike,DOK-0003473,2026-09-18,2026-09-18,71042.94,False,30
URDH-0003473,FAT-0003818,Elektronike,DOK-0003474,2026-07-28,2026-07-30,2040.3,False,30
URDH-0003474,FAT-0003819,Elektronike,DOK-0003475,2026-09-18,2026-09-18,6250.7,False,30
URDH-0003475,FAT-0003820,Elektronike,DOK-0003476,2026-08-11,2026-08-11,248999.0,False,30
URDH-0003476,FAT-0003821,Elektronike,DOK-0003477,2026-08-13,2026-08-23,13478.08,False,30
URDH-0003477,FAT-0003822,Elektronike,DOK-0003478,2026-08-23,2026-09-15,117410.9,False,30
URDH-0003478,FAT-0003823,Elektronike,DOK-0003479,2026-08-08,2026-08-10,98749.61,False,30
URDH-0003479,FAT-0003824,Elektronike,DOK-0003480,2026-09-02,2026-09-02,446400.39,False,30
URDH-0003480,FAT-0003825,Elektronike,DOK-0003481,2026-08-01,2026-08-06,151812.5,False,30
URDH-0003481,FAT-0003826,Elektronike,DOK-0003482,2026-08-09,2026-08-28,184006.62,False,30
URDH-0003482,FAT-0003827,Elektronike,DOK-0003483,2026-09-18,2026-09-18,15568.28,False,30
URDH-0003483,FAT-0003828,Elektronike,DOK-0003484,2026-08-08,2026-08-08,977837.8,False,30
URDH-0003484,FAT-0003829,Elektronike,DOK-0003485,2026-09-01,2026-09-11,1215162.2,False,30
URDH-0003485,FAT-0003830,Elektronike,DOK-0003486,2026-08-10,2026-08-24,100000.0,False,30
URDH-0003486,FAT-0003831,Elektronike,DOK-0003487,2026-08-15,2026-08-15,46350.0,False,30
URDH-0003487,FAT-0003832,Elektronike,DOK-0003488,2026-08-09,2026-08-09,249162.0,False,30
URDH-0003488,FAT-0003833,Elektronike,DOK-0003489,2026-09-04,2026-09-04,477838.0,False,30
URDH-0003489,FAT-0003834,Elektronike,DOK-0003490,2026-08-05,2026-08-18,95885.0,False,30
URDH-0003490,FAT-0003836,Elektronike,DOK-0003491,2026-08-02,2026-08-03,1440000.0,False,30
URDH-0003491,FAT-0003838,Elektronike,DOK-0003492,2026-08-08,2026-08-08,242845.0,False,30
URDH-0003492,FAT-0003840,Elektronike,DOK-0003493,2026-08-03,2026-08-09,418199.82,False,30
URDH-0003493,FAT-0003841,Elektronike,DOK-0003494,2026-09-18,2026-09-18,147102.75,False,30
URDH-0003494,FAT-0003842,Elektronike,DOK-0003495,2026-08-16,2026-08-16,40081.65,False,30
URDH-0003495,FAT-0003843,Elektronike,DOK-0003496,2026-09-18,2026-09-18,24429.35,False,30
URDH-0003496,FAT-0003844,Elektronike,DOK-0003497,2026-08-10,2026-08-18,9062.63,False,30
URDH-0003497,FAT-0003845,Elektronike,DOK-0003498,2026-09-18,2026-09-18,7423.9,False,30
URDH-0003498,FAT-0003846,Elektronike,DOK-0003499,2026-08-08,2026-08-12,19900.0,False,30
URDH-0003499,FAT-0003847,Elektronike,DOK-0003500,2026-08-01,2026-08-02,493391.94,False,30
URDH-0003500,FAT-0003848,Elektronike,DOK-0003501,2026-09-08,2026-09-18,232122.41,False,30
URDH-0003501,FAT-0003849,Elektronike,DOK-0003502,2026-08-14,2026-08-14,16934.11,False,30
URDH-0003502,FAT-0003850,Elektronike,DOK-0003503,2026-09-04,2026-09-18,46645.14,False,30
URDH-0003503,FAT-0003851,Elektronike,DOK-0003504,2026-08-05,2026-08-05,2240.39,False,30
URDH-0003504,FAT-0003852,Elektronike,DOK-0003505,2026-08-27,2026-08-27,6636.28,False,30
URDH-0003505,FAT-0003853,Elektronike,DOK-0003506,2026-07-27,2026-07-31,41667.41,False,30
URDH-0003506,FAT-0003854,Elektronike,DOK-0003507,2026-09-18,2026-09-18,12712.59,False,30
URDH-0003507,FAT-0003855,Elektronike,DOK-0003508,2026-08-02,2026-08-14,3989.79,False,30
URDH-0003508,FAT-0003856,Elektronike,DOK-0003509,2026-08-25,2026-09-04,69715.54,False,30
URDH-0003509,FAT-0003857,Elektronike,DOK-0003510,2026-08-05,2026-08-05,2628.94,False,30
URDH-0003510,FAT-0003858,Elektronike,DOK-0003511,2026-09-06,2026-09-15,5250.54,False,30
URDH-0003511,FAT-0003859,Elektronike,DOK-0003512,2026-08-08,2026-08-24,63826.79,False,30
URDH-0003512,FAT-0003860,Elektronike,DOK-0003513,2026-09-18,2026-09-18,26756.21,False,30
URDH-0003513,FAT-0003862,Elektronike,DOK-0003514,2026-09-18,2026-09-18,44966.51,False,30
URDH-0003514,FAT-0003863,Elektronike,DOK-0003515,2026-08-07,2026-08-11,232648.78,False,30
URDH-0003515,FAT-0003864,Elektronike,DOK-0003516,2026-09-18,2026-09-18,16111.22,False,30
URDH-0003516,FAT-0003865,Elektronike,DOK-0003517,2026-08-07,2026-08-09,2337.98,False,30
URDH-0003517,FAT-0003867,Elektronike,DOK-0003518,2026-08-13,2026-08-17,4439.21,False,30
URDH-0003518,FAT-0003868,Elektronike,DOK-0003519,2026-09-17,2026-09-18,20419.67,False,30
URDH-0003519,FAT-0003869,Elektronike,DOK-0003520,2026-08-01,2026-08-14,59426.51,False,30
URDH-0003520,FAT-0003870,Elektronike,DOK-0003521,2026-09-15,2026-09-18,145380.57,False,30
URDH-0003521,FAT-0003871,Elektronike,DOK-0003522,2026-08-09,2026-09-18,96314.02,False,30
URDH-0003522,FAT-0003872,Elektronike,DOK-0003523,2026-09-18,2026-09-18,172685.98,False,30
URDH-0003523,FAT-0003873,Elektronike,DOK-0003524,2026-08-08,2026-08-08,82660.0,False,30
URDH-0003524,FAT-0003874,Elektronike,DOK-0003525,2026-08-03,2026-09-18,395229.54,False,30
URDH-0003525,FAT-0003875,Elektronike,DOK-0003526,2026-07-31,2026-07-31,32221.11,False,30
URDH-0003526,FAT-0003876,Elektronike,DOK-0003527,2026-09-18,2026-09-18,25168.89,False,30
URDH-0003527,FAT-0003877,Elektronike,DOK-0003528,2026-08-08,2026-08-21,778900.0,False,30
URDH-0003528,FAT-0003878,Elektronike,DOK-0003529,2026-08-04,2026-08-04,129169.0,False,30
URDH-0003529,FAT-0003879,Elektronike,DOK-0003530,2026-08-04,2026-08-16,8263.31,False,30
URDH-0003530,FAT-0003880,Elektronike,DOK-0003531,2026-09-03,2026-09-06,44124.28,False,30
URDH-0003531,FAT-0003881,Elektronike,DOK-0003532,2026-08-13,2026-08-13,10325.43,False,30
URDH-0003532,FAT-0003882,Elektronike,DOK-0003533,2026-09-02,2026-09-18,419134.29,False,30
URDH-0003533,FAT-0003883,Elektronike,DOK-0003534,2026-08-01,2026-09-09,36237.55,False,30
URDH-0003534,FAT-0003884,Elektronike,DOK-0003535,2026-08-24,2026-09-06,637862.45,False,30
URDH-0003535,FAT-0003885,Elektronike,DOK-0003536,2026-08-08,2026-08-08,367580.0,False,30
URDH-0003536,FAT-0003886,Elektronike,DOK-0003537,2026-08-16,2026-08-20,146450.0,False,30
URDH-0003537,FAT-0003887,Elektronike,DOK-0003538,2026-08-10,2026-08-10,8373.55,False,30
URDH-0003538,FAT-0003888,Elektronike,DOK-0003539,2026-08-23,2026-08-30,21398.68,False,30
URDH-0003539,FAT-0003889,Elektronike,DOK-0003540,2026-09-18,2026-09-18,3227.76,False,30
URDH-0003540,FAT-0003890,Elektronike,DOK-0003541,2026-08-03,2026-08-06,102000.0,False,30
URDH-0003541,FAT-0003891,Elektronike,DOK-0003542,2026-08-06,2026-08-10,445000.0,False,30
URDH-0003542,FAT-0003892,Elektronike,DOK-0003543,2026-08-02,2026-08-08,158136.0,False,30
URDH-0003543,FAT-0003893,Elektronike,DOK-0003544,2026-08-05,2026-08-20,231000.0,False,30
URDH-0003544,FAT-0003894,Elektronike,DOK-0003545,2026-08-18,2026-08-18,10766.0,False,30
URDH-0003545,FAT-0003895,Elektronike,DOK-0003546,2026-09-12,2026-09-12,8962.19,False,30
URDH-0003546,FAT-0003896,Elektronike,DOK-0003547,2026-08-11,2026-08-27,449240.0,False,30
URDH-0003547,FAT-0003897,Elektronike,DOK-0003548,2026-08-01,2026-08-01,30446.91,False,30
URDH-0003548,FAT-0003898,Elektronike,DOK-0003549,2026-09-18,2026-09-18,66909.1,False,30
URDH-0003549,FAT-0003899,Elektronike,DOK-0003550,2026-08-05,2026-08-07,23500.0,False,30
URDH-0003550,FAT-0003900,Elektronike,DOK-0003551,2026-08-05,2026-08-05,99000.0,False,30
URDH-0003551,FAT-0003901,Elektronike,DOK-0003552,2026-08-05,2026-08-05,54689.64,False,30
URDH-0003552,FAT-0003902,Elektronike,DOK-0003553,2026-09-18,2026-09-18,45310.36,False,30
URDH-0003553,FAT-0003903,Elektronike,DOK-0003554,2026-08-11,2026-08-20,261766.84,False,30
URDH-0003554,FAT-0003904,Elektronike,DOK-0003555,2026-09-04,2026-09-12,135854.16,False,30
URDH-0003555,FAT-0003905,Elektronike,DOK-0003556,2026-08-11,2026-08-12,21017.27,False,30
URDH-0003556,FAT-0003906,Elektronike,DOK-0003557,2026-09-06,2026-09-08,478982.73,False,30
URDH-0003557,FAT-0003909,Elektronike,DOK-0003558,2026-08-09,2026-08-16,64981.83,False,30
URDH-0003558,FAT-0003910,Elektronike,DOK-0003559,2026-09-13,2026-09-18,155018.17,False,30
URDH-0003559,FAT-0003911,Elektronike,DOK-0003560,2026-08-11,2026-09-07,69556.89,False,30
URDH-0003560,FAT-0003912,Elektronike,DOK-0003561,2026-08-06,2026-08-15,48000.0,False,30
URDH-0003561,FAT-0003913,Elektronike,DOK-0003562,2026-07-30,2026-09-18,23500.0,False,30
URDH-0003562,FAT-0003914,Elektronike,DOK-0003563,2026-08-08,2026-08-11,188060.68,False,30
URDH-0003563,FAT-0003915,Elektronike,DOK-0003564,2026-09-15,2026-09-18,601532.18,False,30
URDH-0003564,FAT-0003916,Elektronike,DOK-0003565,2026-08-01,2026-08-02,24853384.98,False,30
URDH-0003565,FAT-0003917,Elektronike,DOK-0003566,2026-09-06,2026-09-06,31740630.71,False,30
URDH-0003566,FAT-0003918,Elektronike,DOK-0003567,2026-08-09,2026-08-18,124648.39,False,30
URDH-0003567,FAT-0003919,Elektronike,DOK-0003568,2026-09-14,2026-09-14,32382.65,False,30
URDH-0003568,FAT-0003920,Elektronike,DOK-0003569,2026-08-07,2026-08-16,91259.84,False,30
URDH-0003569,FAT-0003921,Elektronike,DOK-0003570,2026-08-28,2026-09-05,96240.16,False,30
URDH-0003570,FAT-0003922,Elektronike,DOK-0003571,2026-08-06,2026-08-22,7248.88,False,30
URDH-0003571,FAT-0003923,Elektronike,DOK-0003572,2026-09-18,2026-09-18,569136.98,False,30
URDH-0003572,FAT-0003924,Elektronike,DOK-0003573,2026-08-17,2026-09-18,193746.91,False,30
URDH-0003573,FAT-0003925,Elektronike,DOK-0003574,2026-09-16,2026-09-16,274753.09,False,30
URDH-0003574,FAT-0003926,Elektronike,DOK-0003575,2026-08-14,2026-08-23,82083.0,False,30
URDH-0003575,FAT-0003927,Elektronike,DOK-0003576,2026-08-20,2026-08-20,926614.41,False,30
URDH-0003576,FAT-0003928,Elektronike,DOK-0003577,2026-09-16,2026-09-18,20815.9,False,30
URDH-0003577,FAT-0003929,Elektronike,DOK-0003578,2026-08-11,2026-08-25,191735.05,False,30
URDH-0003578,FAT-0003931,Elektronike,DOK-0003579,2026-08-09,2026-09-18,535529.75,False,30
URDH-0003579,FAT-0003932,Elektronike,DOK-0003580,2026-08-07,2026-08-11,182950.0,False,30
URDH-0003580,FAT-0003933,Elektronike,DOK-0003581,2026-08-20,2026-08-20,930000.0,False,30
URDH-0003581,FAT-0003934,Elektronike,DOK-0003582,2026-08-19,2026-09-01,84979.94,False,30
URDH-0003582,FAT-0003935,Elektronike,DOK-0003583,2026-08-31,2026-09-18,72206.61,False,30
URDH-0003583,FAT-0003936,Elektronike,DOK-0003584,2026-09-18,2026-09-18,309028.45,False,30
URDH-0003584,FAT-0003937,Elektronike,DOK-0003585,2026-08-16,2026-08-19,839499.16,False,30
URDH-0003585,FAT-0003938,Elektronike,DOK-0003586,2026-08-15,2026-08-15,755000.0,False,30
URDH-0003586,FAT-0003939,Elektronike,DOK-0003587,2026-08-06,2026-08-06,20156.83,False,30
URDH-0003587,FAT-0003940,Elektronike,DOK-0003588,2026-08-31,2026-09-18,64045.07,False,30
URDH-0003588,FAT-0003941,Elektronike,DOK-0003589,2026-08-08,2026-08-13,661110.0,False,30
URDH-0003589,FAT-0003942,Elektronike,DOK-0003590,2026-08-22,2026-09-18,1565751.5,False,30
URDH-0003590,FAT-0003943,Elektronike,DOK-0003591,2026-09-18,2026-09-18,1242686.17,False,30
URDH-0003591,FAT-0003944,Elektronike,DOK-0003592,2026-08-11,2026-08-22,805486.89,False,30
URDH-0003592,FAT-0003945,Elektronike,DOK-0003593,2026-09-17,2026-09-17,1059015.39,False,30
URDH-0003593,FAT-0003946,Elektronike,DOK-0003594,2026-08-03,2026-08-03,303960.0,False,30
URDH-0003594,FAT-0003947,Elektronike,DOK-0003595,2026-08-25,2026-08-25,9787.1,False,30
URDH-0003595,FAT-0003948,Elektronike,DOK-0003596,2026-09-12,2026-09-12,90212.9,False,30
URDH-0003596,FAT-0003949,Elektronike,DOK-0003597,2026-08-09,2026-08-21,41730.77,False,30
URDH-0003597,FAT-0003950,Elektronike,DOK-0003598,2026-08-27,2026-09-18,57779.23,False,30
URDH-0003598,FAT-0003951,Elektronike,DOK-0003599,2026-08-12,2026-08-23,0.0,False,30
URDH-0003599,FAT-0003952,Elektronike,DOK-0003600,2026-09-16,2026-09-18,0.0,False,30
URDH-0003600,FAT-0003953,Elektronike,DOK-0003601,2026-08-19,2026-08-21,35586.46,False,30
URDH-0003601,FAT-0003954,Elektronike,DOK-0003602,2026-09-18,2026-09-18,40105.96,False,30
URDH-0003602,FAT-0003955,Elektronike,DOK-0003603,2026-08-08,2026-08-19,4662.94,False,30
URDH-0003603,FAT-0003956,Elektronike,DOK-0003604,2026-09-06,2026-09-12,15217.04,False,30
URDH-0003604,FAT-0003957,Elektronike,DOK-0003605,2026-09-18,2026-09-18,1663.03,False,30
URDH-0003605,FAT-0003958,Elektronike,DOK-0003606,2026-08-08,2026-08-16,3325000.0,False,30
URDH-0003606,FAT-0003959,Elektronike,DOK-0003607,2026-08-16,2026-09-12,412945.87,False,30
URDH-0003607,FAT-0003960,Elektronike,DOK-0003608,2026-08-09,2026-08-25,9732.53,False,30
URDH-0003608,FAT-0003961,Elektronike,DOK-0003609,2026-08-04,2026-08-04,150932.22,False,30
URDH-0003609,FAT-0003962,Elektronike,DOK-0003610,2026-08-30,2026-09-10,27147.78,False,30
URDH-0003610,FAT-0003963,Elektronike,DOK-0003611,2026-08-07,2026-08-07,11820.0,False,30
URDH-0003611,FAT-0003964,Elektronike,DOK-0003612,2026-08-06,2026-08-11,3122.95,False,30
URDH-0003612,FAT-0003965,Elektronike,DOK-0003613,2026-09-16,2026-09-18,386.43,False,30
URDH-0003613,FAT-0003966,Elektronike,DOK-0003614,2026-08-18,2026-08-18,86669.68,False,30
URDH-0003614,FAT-0003967,Elektronike,DOK-0003615,2026-08-13,2026-09-18,439085.69,False,30
URDH-0003615,FAT-0003968,Elektronike,DOK-0003616,2026-09-15,2026-09-17,270639.31,False,30
URDH-0003616,FAT-0003970,Elektronike,DOK-0003617,2026-08-17,2026-09-18,3271.9,False,30
URDH-0003617,FAT-0003971,Elektronike,DOK-0003618,2026-09-13,2026-09-18,18590.38,False,30
URDH-0003618,FAT-0003972,Elektronike,DOK-0003619,2026-08-19,2026-08-20,173900.0,False,30
URDH-0003619,FAT-0003974,Elektronike,DOK-0003620,2026-09-18,2026-09-18,10400.15,False,30
URDH-0003620,FAT-0003975,Elektronike,DOK-0003621,2026-08-15,2026-09-18,342386.3,False,30
URDH-0003621,FAT-0003976,Elektronike,DOK-0003622,2026-09-18,2026-09-18,323946.7,False,30
URDH-0003622,FAT-0003977,Elektronike,DOK-0003623,2026-08-08,2026-09-18,480930.03,False,30
URDH-0003623,FAT-0003978,Elektronike,DOK-0003624,2026-09-10,2026-09-18,2202367.9,False,30
URDH-0003624,FAT-0003979,Elektronike,DOK-0003625,2026-08-17,2026-08-17,7023.54,False,30
URDH-0003625,FAT-0003980,Elektronike,DOK-0003626,2026-09-18,2026-09-18,34526.46,False,30
URDH-0003626,FAT-0003981,Elektronike,DOK-0003627,2026-08-06,2026-08-06,3728178.0,False,30
URDH-0003627,FAT-0003982,Elektronike,DOK-0003628,2026-08-20,2026-08-20,14023.01,False,30
URDH-0003628,FAT-0003983,Elektronike,DOK-0003629,2026-09-18,2026-09-18,23976.99,False,30
URDH-0003629,FAT-0003984,Elektronike,DOK-0003630,2026-08-09,2026-08-09,7000.0,False,30
URDH-0003630,FAT-0003985,Elektronike,DOK-0003631,2026-08-14,2026-08-25,49800.0,False,30
URDH-0003631,FAT-0003986,Elektronike,DOK-0003632,2026-08-09,2026-08-09,58332.5,False,30
URDH-0003632,FAT-0003987,Elektronike,DOK-0003633,2026-08-16,2026-08-25,788.76,False,30
URDH-0003633,FAT-0003988,Elektronike,DOK-0003634,2026-09-18,2026-09-18,1457.26,False,30
URDH-0003634,FAT-0003989,Elektronike,DOK-0003635,2026-08-08,2026-08-16,29278.0,False,30
URDH-0003635,FAT-0003990,Elektronike,DOK-0003636,2026-08-18,2026-08-31,39700.45,False,30
URDH-0003636,FAT-0003992,Elektronike,DOK-0003637,2026-08-06,2026-08-23,89216.94,False,30
URDH-0003637,FAT-0003993,Elektronike,DOK-0003638,2026-08-14,2026-08-14,68674.73,False,30
URDH-0003638,FAT-0003994,Elektronike,DOK-0003639,2026-08-03,2026-08-14,830985.48,False,30
URDH-0003639,FAT-0003995,Elektronike,DOK-0003640,2026-09-18,2026-09-18,117014.52,False,30
URDH-0003640,FAT-0003996,Elektronike,DOK-0003641,2026-08-11,2026-09-01,1219900.0,False,30
URDH-0003641,FAT-0003997,Elektronike,DOK-0003642,2026-08-12,2026-09-18,82344.78,False,30
URDH-0003642,FAT-0003998,Elektronike,DOK-0003643,2026-09-18,2026-09-18,104133.22,False,30
URDH-0003643,FAT-0003999,Elektronike,DOK-0003644,2026-08-17,2026-09-18,122152.47,False,30
URDH-0003644,FAT-0004000,Elektronike,DOK-0003645,2026-08-06,2026-09-18,223824.65,False,30
URDH-0003645,FAT-0004001,Elektronike,DOK-0003646,2026-09-18,2026-09-18,75175.35,False,30
URDH-0003646,FAT-0004002,Elektronike,DOK-0003647,2026-08-16,2026-08-30,27376.84,False,30
URDH-0003647,FAT-0004003,Elektronike,DOK-0003648,2026-08-13,2026-08-13,822289.77,False,30
URDH-0003648,FAT-0004004,Elektronike,DOK-0003649,2026-09-18,2026-09-18,4390710.23,False,30
URDH-0003649,FAT-0004006,Elektronike,DOK-0003650,2026-08-08,2026-09-18,230000.0,False,30
URDH-0003650,FAT-0004007,Elektronike,DOK-0003651,2026-08-18,2026-08-18,20376.89,False,30
URDH-0003651,FAT-0004008,Elektronike,DOK-0003652,2026-08-06,2026-08-06,100000.0,False,30
URDH-0003652,FAT-0004009,Elektronike,DOK-0003653,2026-08-11,2026-08-19,682.69,False,30
URDH-0003653,FAT-0004010,Elektronike,DOK-0003654,2026-09-18,2026-09-18,99317.31,False,30
URDH-0003654,FAT-0004011,Elektronike,DOK-0003655,2026-08-05,2026-09-18,85000.0,False,30
URDH-0003655,FAT-0004012,Elektronike,DOK-0003656,2026-08-10,2026-08-10,263380.1,False,30
URDH-0003656,FAT-0004013,Elektronike,DOK-0003657,2026-09-18,2026-09-18,326331.9,False,30
URDH-0003657,FAT-0004014,Elektronike,DOK-0003658,2026-08-05,2026-08-22,51042.6,False,30
URDH-0003658,FAT-0004015,Elektronike,DOK-0003659,2026-08-24,2026-08-24,309895.0,False,30
URDH-0003659,FAT-0004016,Elektronike,DOK-0003660,2026-08-11,2026-08-24,98000.0,False,30
URDH-0003660,FAT-0004017,Elektronike,DOK-0003661,2026-08-18,2026-08-18,1050315.0,False,30
URDH-0003661,FAT-0004018,Elektronike,DOK-0003662,2026-08-09,2026-08-20,32883325.0,False,30
URDH-0003662,FAT-0004019,Elektronike,DOK-0003663,2026-08-13,2026-08-15,459833.25,False,30
URDH-0003663,FAT-0004021,Elektronike,DOK-0003664,2026-08-15,2026-08-16,381064.03,False,30
URDH-0003664,FAT-0004022,Elektronike,DOK-0003665,2026-09-09,2026-09-18,1374751.97,False,30
URDH-0003665,FAT-0004023,Elektronike,DOK-0003666,2026-08-11,2026-08-17,9477.07,False,30
URDH-0003666,FAT-0004024,Elektronike,DOK-0003667,2026-09-07,2026-09-16,7570.73,False,30
URDH-0003667,FAT-0004025,Elektronike,DOK-0003668,2026-08-11,2026-08-28,33060.89,False,30
URDH-0003668,FAT-0004026,Elektronike,DOK-0003669,2026-09-04,2026-09-18,29741.15,False,30
URDH-0003669,FAT-0004027,Elektronike,DOK-0003670,2026-08-11,2026-09-06,4350.69,False,30
URDH-0003670,FAT-0004028,Elektronike,DOK-0003671,2026-09-18,2026-09-18,500518.54,False,30
URDH-0003671,FAT-0004029,Elektronike,DOK-0003672,2026-08-16,2026-08-22,5300.0,False,30
URDH-0003672,FAT-0004030,Elektronike,DOK-0003673,2026-08-10,2026-09-18,61596.37,False,30
URDH-0003673,FAT-0004031,Elektronike,DOK-0003674,2026-09-16,2026-09-18,12003.63,False,30
URDH-0003674,FAT-0004032,Elektronike,DOK-0003675,2026-08-20,2026-09-03,130901.58,False,30
URDH-0003675,FAT-0004033,Elektronike,DOK-0003676,2026-09-18,2026-09-18,55348.42,False,30
URDH-0003676,FAT-0004034,Elektronike,DOK-0003677,2026-08-13,2026-09-01,30429.67,False,30
URDH-0003677,FAT-0004035,Elektronike,DOK-0003678,2026-09-09,2026-09-09,41450.53,False,30
URDH-0003678,FAT-0004036,Elektronike,DOK-0003679,2026-08-07,2026-08-24,836356.94,False,30
URDH-0003679,FAT-0004037,Elektronike,DOK-0003680,2026-09-18,2026-09-18,560320.83,False,30
URDH-0003680,FAT-0004038,Elektronike,DOK-0003681,2026-08-16,2026-08-22,99537.35,False,30
URDH-0003681,FAT-0004039,Elektronike,DOK-0003682,2026-09-13,2026-09-13,87116.65,False,30
URDH-0003682,FAT-0004040,Elektronike,DOK-0003683,2026-08-18,2026-08-28,84000.0,False,30
URDH-0003683,FAT-0004041,Elektronike,DOK-0003684,2026-08-17,2026-08-17,825015.92,False,30
URDH-0003684,FAT-0004042,Elektronike,DOK-0003685,2026-09-18,2026-09-18,2974002.23,False,30
URDH-0003685,FAT-0004043,Elektronike,DOK-0003686,2026-08-06,2026-08-07,0.0,False,30
URDH-0003686,FAT-0004044,Elektronike,DOK-0003687,2026-08-13,2026-09-18,65890.76,False,30
URDH-0003687,FAT-0004045,Elektronike,DOK-0003688,2026-09-18,2026-09-18,326491.24,False,30
URDH-0003688,FAT-0004046,Elektronike,DOK-0003689,2026-08-06,2026-08-27,12295.42,False,30
URDH-0003689,FAT-0004047,Elektronike,DOK-0003690,2026-09-18,2026-09-18,35738.84,False,30
URDH-0003690,FAT-0004048,Elektronike,DOK-0003691,2026-07-31,2026-08-19,593065.98,False,30
URDH-0003691,FAT-0004049,Elektronike,DOK-0003692,2026-08-15,2026-08-15,369791.75,False,30
URDH-0003692,FAT-0004050,Elektronike,DOK-0003693,2026-09-01,2026-09-06,274208.25,False,30
URDH-0003693,FAT-0004051,Elektronike,DOK-0003694,2026-08-09,2026-08-09,265575.64,False,30
URDH-0003694,FAT-0004052,Elektronike,DOK-0003695,2026-08-13,2026-08-13,4112.31,False,30
URDH-0003695,FAT-0004053,Elektronike,DOK-0003696,2026-09-18,2026-09-18,9288.92,False,30
URDH-0003696,FAT-0004054,Elektronike,DOK-0003697,2026-08-11,2026-08-13,565000.0,False,30
URDH-0003697,FAT-0004055,Elektronike,DOK-0003698,2026-08-15,2026-08-23,61575.42,False,30
URDH-0003698,FAT-0004056,Elektronike,DOK-0003699,2026-09-05,2026-09-18,46824.58,False,30
URDH-0003699,FAT-0004057,Elektronike,DOK-0003700,2026-08-20,2026-08-20,51010.02,False,30
URDH-0003700,FAT-0004058,Elektronike,DOK-0003701,2026-09-04,2026-09-18,364198.42,False,30
URDH-0003701,FAT-0004059,Elektronike,DOK-0003702,2026-08-11,2026-08-19,842.48,False,30
URDH-0003702,FAT-0004060,Elektronike,DOK-0003703,2026-09-08,2026-09-08,82490.52,False,30
URDH-0003703,FAT-0004061,Elektronike,DOK-0003704,2026-08-15,2026-09-13,7925.17,False,30
URDH-0003704,FAT-0004062,Elektronike,DOK-0003705,2026-08-09,2026-08-17,135950.0,False,30
URDH-0003705,FAT-0004063,Elektronike,DOK-0003706,2026-08-13,2026-09-02,312000.0,False,30
URDH-0003706,FAT-0004064,Elektronike,DOK-0003707,2026-08-08,2026-08-22,13116.95,False,30
URDH-0003707,FAT-0004065,Elektronike,DOK-0003708,2026-09-17,2026-09-18,36333.05,False,30
URDH-0003708,FAT-0004066,Elektronike,DOK-0003709,2026-08-10,2026-09-04,40265.05,False,30
URDH-0003709,FAT-0004067,Elektronike,DOK-0003710,2026-09-17,2026-09-18,32878.42,False,30
URDH-0003710,FAT-0004068,Elektronike,DOK-0003711,2026-08-26,2026-09-04,415196.0,False,30
URDH-0003711,FAT-0004069,Elektronike,DOK-0003712,2026-08-26,2026-08-26,1436089.92,False,30
URDH-0003712,FAT-0004070,Elektronike,DOK-0003713,2026-08-18,2026-08-24,549000.0,False,30
URDH-0003713,FAT-0004071,Elektronike,DOK-0003714,2026-08-14,2026-08-31,381150.0,False,30
URDH-0003714,FAT-0004072,Elektronike,DOK-0003715,2026-08-18,2026-08-18,182400.0,False,30
URDH-0003715,FAT-0004073,Elektronike,DOK-0003716,2026-08-17,2026-09-01,145435.42,False,30
URDH-0003716,FAT-0004075,Elektronike,DOK-0003717,2026-09-13,2026-09-18,41475.56,False,30
URDH-0003717,FAT-0004077,Elektronike,DOK-0003718,2026-08-19,2026-08-19,583800.0,False,30
URDH-0003718,FAT-0004078,Elektronike,DOK-0003719,2026-08-18,2026-09-06,57970.35,False,30
URDH-0003719,FAT-0004079,Elektronike,DOK-0003720,2026-09-18,2026-09-18,9029.65,False,30
URDH-0003720,FAT-0004080,Elektronike,DOK-0003721,2026-08-10,2026-08-11,127296.0,False,30
URDH-0003721,FAT-0004081,Elektronike,DOK-0003722,2026-08-19,2026-08-19,449052.58,False,30
URDH-0003722,FAT-0004082,Elektronike,DOK-0003723,2026-08-19,2026-08-19,140000.0,False,30
URDH-0003723,FAT-0004083,Elektronike,DOK-0003724,2026-08-26,2026-08-26,0.0,False,30
URDH-0003724,FAT-0004084,Elektronike,DOK-0003725,2026-09-18,2026-09-18,0.0,False,30
URDH-0003725,FAT-0004085,Elektronike,DOK-0003726,2026-08-06,2026-08-17,778800.0,False,30
URDH-0003726,FAT-0004086,Elektronike,DOK-0003727,2026-08-29,2026-08-29,71480.63,False,30
URDH-0003727,FAT-0004087,Elektronike,DOK-0003728,2026-09-17,2026-09-18,193519.37,False,30
URDH-0003728,FAT-0004088,Elektronike,DOK-0003729,2026-08-14,2026-09-18,5331.89,False,30
URDH-0003729,FAT-0004089,Elektronike,DOK-0003730,2026-09-06,2026-09-10,59470.46,False,30
URDH-0003730,FAT-0004091,Elektronike,DOK-0003731,2026-08-17,2026-08-17,399000.0,False,30
URDH-0003731,FAT-0004093,Elektronike,DOK-0003732,2026-09-17,2026-09-18,64771.34,False,30
URDH-0003732,FAT-0004094,Elektronike,DOK-0003733,2026-08-20,2026-08-20,1284.14,False,30
URDH-0003733,FAT-0004095,Elektronike,DOK-0003734,2026-08-14,2026-08-14,166666.0,False,30
URDH-0003734,FAT-0004096,Elektronike,DOK-0003735,2026-08-11,2026-08-11,284116.2,False,30
URDH-0003735,FAT-0004097,Elektronike,DOK-0003736,2026-09-10,2026-09-18,113509.13,False,30
URDH-0003736,FAT-0004098,Elektronike,DOK-0003737,2026-08-15,2026-08-25,33332.94,False,30
URDH-0003737,FAT-0004099,Elektronike,DOK-0003738,2026-09-14,2026-09-18,20856.57,False,30
URDH-0003738,FAT-0004100,Elektronike,DOK-0003739,2026-08-21,2026-08-22,78507.43,False,30
URDH-0003739,FAT-0004101,Elektronike,DOK-0003740,2026-09-16,2026-09-16,21408.57,False,30
URDH-0003740,FAT-0004102,Elektronike,DOK-0003741,2026-08-15,2026-08-15,8373.08,False,30
URDH-0003741,FAT-0004103,Elektronike,DOK-0003742,2026-09-18,2026-09-18,2401.07,False,30
URDH-0003742,FAT-0004104,Elektronike,DOK-0003743,2026-08-19,2026-08-19,467688.46,False,30
URDH-0003743,FAT-0004105,Elektronike,DOK-0003744,2026-08-14,2026-08-23,207213.67,False,30
URDH-0003744,FAT-0004106,Elektronike,DOK-0003745,2026-09-01,2026-09-01,414149.27,False,30
URDH-0003745,FAT-0004107,Elektronike,DOK-0003746,2026-08-29,2026-09-18,1982840.0,False,30
URDH-0003746,FAT-0004109,Elektronike,DOK-0003747,2026-09-16,2026-09-18,24634.5,False,30
URDH-0003747,FAT-0004110,Elektronike,DOK-0003748,2026-08-27,2026-09-01,79761.14,False,30
URDH-0003748,FAT-0004111,Elektronike,DOK-0003749,2026-08-20,2026-09-18,15258.42,False,30
URDH-0003749,FAT-0004112,Elektronike,DOK-0003750,2026-08-22,2026-09-08,384089.81,False,30
URDH-0003750,FAT-0004113,Elektronike,DOK-0003751,2026-09-17,2026-09-18,1693849.55,False,30
URDH-0003751,FAT-0004114,Elektronike,DOK-0003752,2026-08-17,2026-09-07,19476.48,False,30
URDH-0003752,FAT-0004115,Elektronike,DOK-0003753,2026-09-16,2026-09-18,65805.5,False,30
URDH-0003753,FAT-0004116,Elektronike,DOK-0003754,2026-08-19,2026-08-19,9051000.0,False,30
URDH-0003754,FAT-0004117,Elektronike,DOK-0003755,2026-08-23,2026-08-31,3920.41,False,30
URDH-0003755,FAT-0004118,Elektronike,DOK-0003756,2026-09-18,2026-09-18,38215.82,False,30
URDH-0003756,FAT-0004119,Elektronike,DOK-0003757,2026-08-23,2026-08-23,96059.74,False,30
URDH-0003757,FAT-0004120,Elektronike,DOK-0003758,2026-09-18,2026-09-18,10871.22,False,30
URDH-0003758,FAT-0004121,Elektronike,DOK-0003759,2026-08-23,2026-09-07,39001.24,False,30
URDH-0003759,FAT-0004122,Elektronike,DOK-0003760,2026-09-18,2026-09-18,60790.76,False,30
URDH-0003760,FAT-0004123,Elektronike,DOK-0003761,2026-08-09,2026-08-09,184393.89,False,30
URDH-0003761,FAT-0004124,Elektronike,DOK-0003762,2026-09-18,2026-09-18,51759.81,False,30
URDH-0003762,FAT-0004125,Elektronike,DOK-0003763,2026-08-08,2026-09-17,350000.0,False,30
URDH-0003763,FAT-0004126,Elektronike,DOK-0003764,2026-08-11,2026-08-11,674702.23,False,30
URDH-0003764,FAT-0004127,Elektronike,DOK-0003765,2026-09-14,2026-09-18,309297.77,False,30
URDH-0003765,FAT-0004128,Elektronike,DOK-0003766,2026-08-20,2026-08-20,165826.25,False,30
URDH-0003766,FAT-0004130,Elektronike,DOK-0003767,2026-08-18,2026-08-29,140392.92,False,30
URDH-0003767,FAT-0004131,Elektronike,DOK-0003768,2026-09-18,2026-09-18,23234.3,False,30
URDH-0003768,FAT-0004132,Elektronike,DOK-0003769,2026-08-27,2026-09-18,35802.35,False,30
URDH-0003769,FAT-0004133,Elektronike,DOK-0003770,2026-08-22,2026-09-18,238807.66,False,30
URDH-0003770,FAT-0004134,Elektronike,DOK-0003771,2026-08-13,2026-08-13,3250.77,False,30
URDH-0003771,FAT-0004135,Elektronike,DOK-0003772,2026-08-19,2026-08-19,38000.0,False,30
URDH-0003772,FAT-0004136,Elektronike,DOK-0003773,2026-08-19,2026-09-18,1118078.56,False,30
URDH-0003773,FAT-0004137,Elektronike,DOK-0003774,2026-09-18,2026-09-18,957864.62,False,30
URDH-0003774,FAT-0004138,Elektronike,DOK-0003775,2026-08-19,2026-09-18,3197.02,False,30
URDH-0003775,FAT-0004139,Elektronike,DOK-0003776,2026-08-23,2026-08-23,5635.38,False,30
URDH-0003776,FAT-0004140,Elektronike,DOK-0003777,2026-08-12,2026-08-23,6197.62,False,30
URDH-0003777,FAT-0004141,Elektronike,DOK-0003778,2026-09-05,2026-09-12,3372.38,False,30
URDH-0003778,FAT-0004142,Elektronike,DOK-0003779,2026-08-31,2026-09-18,9617.63,False,30
URDH-0003779,FAT-0004143,Elektronike,DOK-0003780,2026-08-28,2026-09-05,13384.47,False,30
URDH-0003780,FAT-0004145,Elektronike,DOK-0003781,2026-09-17,2026-09-18,36603.57,False,30
URDH-0003781,FAT-0004146,Elektronike,DOK-0003782,2026-08-16,2026-08-16,148301.94,False,30
URDH-0003782,FAT-0004147,Elektronike,DOK-0003783,2026-08-29,2026-08-29,40094.1,False,30
URDH-0003783,FAT-0004148,Elektronike,DOK-0003784,2026-09-18,2026-09-18,59705.9,False,30
URDH-0003784,FAT-0004149,Elektronike,DOK-0003785,2026-08-20,2026-08-25,36349.42,False,30
URDH-0003785,FAT-0004150,Elektronike,DOK-0003786,2026-08-24,2026-09-03,317972.47,False,30
URDH-0003786,FAT-0004151,Elektronike,DOK-0003787,2026-09-18,2026-09-18,249027.53,False,30
URDH-0003787,FAT-0004152,Elektronike,DOK-0003788,2026-08-17,2026-09-18,55930.95,False,30
URDH-0003788,FAT-0004153,Elektronike,DOK-0003789,2026-09-17,2026-09-18,41569.05,False,30
URDH-0003789,FAT-0004154,Elektronike,DOK-0003790,2026-08-21,2026-09-03,162686.37,False,30
URDH-0003790,FAT-0004155,Elektronike,DOK-0003791,2026-09-13,2026-09-18,92313.63,False,30
URDH-0003791,FAT-0004156,Elektronike,DOK-0003792,2026-08-23,2026-08-25,82250.0,False,30
URDH-0003792,FAT-0004157,Elektronike,DOK-0003793,2026-08-10,2026-08-13,4314.58,False,30
URDH-0003793,FAT-0004158,Elektronike,DOK-0003794,2026-09-18,2026-09-18,12343.8,False,30
URDH-0003794,FAT-0004159,Elektronike,DOK-0003795,2026-08-24,2026-09-18,40555.71,False,30
URDH-0003795,FAT-0004160,Elektronike,DOK-0003796,2026-08-16,2026-09-04,20863.82,False,30
URDH-0003796,FAT-0004161,Elektronike,DOK-0003797,2026-08-26,2026-08-26,28109.14,False,30
URDH-0003797,FAT-0004162,Elektronike,DOK-0003798,2026-09-18,2026-09-18,15552.05,False,30
URDH-0003798,FAT-0004163,Elektronike,DOK-0003799,2026-08-15,2026-08-15,88303.6,False,30
URDH-0003799,FAT-0004164,Elektronike,DOK-0003800,2026-08-15,2026-08-19,228830.76,False,30
URDH-0003800,FAT-0004165,Elektronike,DOK-0003801,2026-08-15,2026-08-27,375940.74,False,30
URDH-0003801,FAT-0004166,Elektronike,DOK-0003802,2026-09-12,2026-09-18,514059.26,False,30
URDH-0003802,FAT-0004167,Elektronike,DOK-0003803,2026-08-26,2026-08-26,648996.0,False,30
URDH-0003803,FAT-0004168,Elektronike,DOK-0003804,2026-08-20,2026-08-26,496067.39,False,30
URDH-0003804,FAT-0004169,Elektronike,DOK-0003805,2026-09-18,2026-09-18,343268.74,False,30
URDH-0003805,FAT-0004170,Elektronike,DOK-0003806,2026-08-16,2026-08-16,79572.62,False,30
URDH-0003806,FAT-0004171,Elektronike,DOK-0003807,2026-09-18,2026-09-18,574756.64,False,30
URDH-0003807,FAT-0004172,Elektronike,DOK-0003808,2026-08-27,2026-09-18,222169.0,False,30
URDH-0003808,FAT-0004173,Elektronike,DOK-0003809,2026-08-28,2026-08-28,48735.55,False,30
URDH-0003809,FAT-0004174,Elektronike,DOK-0003810,2026-08-19,2026-08-19,10661.75,False,30
URDH-0003810,FAT-0004175,Elektronike,DOK-0003811,2026-09-18,2026-09-18,113496.74,False,30
URDH-0003811,FAT-0004176,Elektronike,DOK-0003812,2026-08-24,2026-09-07,86745.02,False,30
URDH-0003812,FAT-0004177,Elektronike,DOK-0003813,2026-09-17,2026-09-18,13254.98,False,30
URDH-0003813,FAT-0004179,Elektronike,DOK-0003814,2026-08-11,2026-09-03,97000.0,False,30
URDH-0003814,FAT-0004180,Elektronike,DOK-0003815,2026-08-27,2026-08-27,1666500.0,False,30
URDH-0003815,FAT-0004181,Elektronike,DOK-0003816,2026-08-15,2026-09-01,1628987.92,False,30
URDH-0003816,FAT-0004182,Elektronike,DOK-0003817,2026-09-18,2026-09-18,433916.61,False,30
URDH-0003817,FAT-0004183,Elektronike,DOK-0003818,2026-08-21,2026-08-21,210000.0,False,30
URDH-0003818,FAT-0004184,Elektronike,DOK-0003819,2026-08-31,2026-08-31,2009000.0,False,30
URDH-0003819,FAT-0004186,Elektronike,DOK-0003820,2026-09-16,2026-09-16,35402.17,False,30
URDH-0003820,FAT-0004187,Elektronike,DOK-0003821,2026-08-16,2026-08-16,549000.0,False,30
URDH-0003821,FAT-0004188,Elektronike,DOK-0003822,2026-08-10,2026-09-18,80570.57,False,30
URDH-0003822,FAT-0004190,Elektronike,DOK-0003823,2026-08-21,2026-09-08,6803.26,False,30
URDH-0003823,FAT-0004191,Elektronike,DOK-0003824,2026-08-24,2026-08-24,59180.59,False,30
URDH-0003824,FAT-0004192,Elektronike,DOK-0003825,2026-08-21,2026-08-28,6147.49,False,30
URDH-0003825,FAT-0004193,Elektronike,DOK-0003826,2026-09-18,2026-09-18,22634.09,False,30
URDH-0003826,FAT-0004194,Elektronike,DOK-0003827,2026-08-21,2026-09-09,31545.81,False,30
URDH-0003827,FAT-0004195,Elektronike,DOK-0003828,2026-09-18,2026-09-18,30854.19,False,30
URDH-0003828,FAT-0004196,Elektronike,DOK-0003829,2026-08-25,2026-08-25,23500.0,False,30
URDH-0003829,FAT-0004197,Elektronike,DOK-0003830,2026-08-27,2026-09-01,395485.26,False,30
URDH-0003830,FAT-0004198,Elektronike,DOK-0003831,2026-09-18,2026-09-18,291744.74,False,30
URDH-0003831,FAT-0004199,Elektronike,DOK-0003832,2026-08-28,2026-08-29,553045.3,False,30
URDH-0003832,FAT-0004200,Elektronike,DOK-0003833,2026-08-26,2026-09-09,85966.7,False,30
URDH-0003833,FAT-0004201,Elektronike,DOK-0003834,2026-09-18,2026-09-18,63501.86,False,30
URDH-0003834,FAT-0004202,Elektronike,DOK-0003835,2026-08-15,2026-09-17,118145.45,False,30
URDH-0003835,FAT-0004203,Elektronike,DOK-0003836,2026-09-11,2026-09-11,24338.72,False,30
URDH-0003836,FAT-0004204,Elektronike,DOK-0003837,2026-08-20,2026-09-07,85000.0,False,30
URDH-0003837,FAT-0004205,Elektronike,DOK-0003838,2026-08-16,2026-08-31,426250.82,False,30
URDH-0003838,FAT-0004206,Elektronike,DOK-0003839,2026-09-08,2026-09-08,308749.18,False,30
URDH-0003839,FAT-0004207,Elektronike,DOK-0003840,2026-08-15,2026-09-01,482601.19,False,30
URDH-0003840,FAT-0004208,Elektronike,DOK-0003841,2026-09-18,2026-09-18,12550.73,False,30
URDH-0003841,FAT-0004209,Elektronike,DOK-0003842,2026-08-29,2026-09-18,40000.0,False,30
URDH-0003842,FAT-0004210,Elektronike,DOK-0003843,2026-08-22,2026-08-26,49858.67,False,30
URDH-0003843,FAT-0004211,Elektronike,DOK-0003844,2026-09-18,2026-09-18,885981.89,False,30
URDH-0003844,FAT-0004212,Elektronike,DOK-0003845,2026-08-30,2026-09-10,2436.21,False,30
URDH-0003845,FAT-0004215,Elektronike,DOK-0003846,2026-08-12,2026-08-29,750000.0,False,30
URDH-0003846,FAT-0004216,Elektronike,DOK-0003847,2026-08-27,2026-08-27,334360.0,False,30
URDH-0003847,FAT-0004217,Elektronike,DOK-0003848,2026-08-25,2026-08-25,890208.29,False,30
URDH-0003848,FAT-0004218,Elektronike,DOK-0003849,2026-08-25,2026-08-25,598000.0,False,30
URDH-0003849,FAT-0004219,Elektronike,DOK-0003850,2026-08-14,2026-08-26,228000.0,False,30
URDH-0003850,FAT-0004220,Elektronike,DOK-0003851,2026-08-21,2026-08-23,50060.98,False,30
URDH-0003851,FAT-0004221,Elektronike,DOK-0003852,2026-08-18,2026-08-27,51730.76,False,30
URDH-0003852,FAT-0004222,Elektronike,DOK-0003853,2026-09-15,2026-09-18,45745.24,False,30
URDH-0003853,FAT-0004223,Elektronike,DOK-0003854,2026-08-29,2026-09-18,844350.0,False,30
URDH-0003854,FAT-0004224,Elektronike,DOK-0003855,2026-08-29,2026-09-09,10993.3,False,30
URDH-0003855,FAT-0004225,Elektronike,DOK-0003856,2026-08-21,2026-08-21,75420.57,False,30
URDH-0003856,FAT-0004226,Elektronike,DOK-0003857,2026-09-18,2026-09-18,1579.43,False,30
URDH-0003857,FAT-0004227,Elektronike,DOK-0003858,2026-08-15,2026-09-03,154692.69,False,30
URDH-0003858,FAT-0004228,Elektronike,DOK-0003859,2026-08-24,2026-08-25,405350.93,False,30
URDH-0003859,FAT-0004229,Elektronike,DOK-0003860,2026-08-27,2026-08-27,32200.0,False,30
URDH-0003860,FAT-0004230,Elektronike,DOK-0003861,2026-08-25,2026-08-25,78960.0,False,30
URDH-0003861,FAT-0004231,Elektronike,DOK-0003862,2026-08-27,2026-09-11,223522.08,False,30
URDH-0003862,FAT-0004232,Elektronike,DOK-0003863,2026-08-24,2026-09-06,321750.0,False,30
URDH-0003863,FAT-0004234,Elektronike,DOK-0003864,2026-08-27,2026-08-27,313488.4,False,30
URDH-0003864,FAT-0004235,Elektronike,DOK-0003865,2026-08-22,2026-08-24,17655.72,False,30
URDH-0003865,FAT-0004236,Elektronike,DOK-0003866,2026-08-21,2026-08-31,94529.62,False,30
URDH-0003866,FAT-0004237,Elektronike,DOK-0003867,2026-09-18,2026-09-18,6038100.38,False,30
URDH-0003867,FAT-0004238,Elektronike,DOK-0003868,2026-08-28,2026-09-06,7988.35,False,30
URDH-0003868,FAT-0004239,Elektronike,DOK-0003869,2026-08-24,2026-09-06,392509.0,False,30
URDH-0003869,FAT-0004240,Elektronike,DOK-0003870,2026-08-24,2026-08-24,203300.0,False,30
URDH-0003870,FAT-0004241,Elektronike,DOK-0003871,2026-08-15,2026-09-18,26500.0,False,30
URDH-0003871,FAT-0004242,Elektronike,DOK-0003872,2026-08-29,2026-08-29,99900.0,False,30
URDH-0003872,FAT-0004243,Elektronike,DOK-0003873,2026-08-30,2026-09-18,192609.11,False,30
URDH-0003873,FAT-0004244,Elektronike,DOK-0003874,2026-09-01,2026-09-10,344227.02,False,30
URDH-0003874,FAT-0004245,Elektronike,DOK-0003875,2026-08-21,2026-08-21,57691.93,False,30
URDH-0003875,FAT-0004246,Elektronike,DOK-0003876,2026-09-02,2026-09-02,7256.22,False,30
URDH-0003876,FAT-0004247,Elektronike,DOK-0003877,2026-09-18,2026-09-18,48550.12,False,30
URDH-0003877,FAT-0004248,Elektronike,DOK-0003878,2026-08-21,2026-09-02,858.77,False,30
URDH-0003878,FAT-0004249,Elektronike,DOK-0003879,2026-09-13,2026-09-18,181.23,False,30
URDH-0003879,FAT-0004250,Elektronike,DOK-0003880,2026-08-27,2026-09-18,889700.0,False,30
URDH-0003880,FAT-0004251,Elektronike,DOK-0003881,2026-08-21,2026-08-29,69294.33,False,30
URDH-0003881,FAT-0004252,Elektronike,DOK-0003882,2026-09-16,2026-09-18,70698.26,False,30
URDH-0003882,FAT-0004253,Elektronike,DOK-0003883,2026-08-19,2026-09-18,19171.12,False,30
URDH-0003883,FAT-0004254,Elektronike,DOK-0003884,2026-08-31,2026-08-31,1228248.67,False,30
URDH-0003884,FAT-0004256,Elektronike,DOK-0003885,2026-08-22,2026-09-10,266750.0,False,30
URDH-0003885,FAT-0004257,Elektronike,DOK-0003886,2026-08-26,2026-08-26,322714.0,False,30
URDH-0003886,FAT-0004258,Elektronike,DOK-0003887,2026-08-20,2026-08-20,37813.72,False,30
URDH-0003887,FAT-0004259,Elektronike,DOK-0003888,2026-08-28,2026-08-28,208333.0,False,30
URDH-0003888,FAT-0004260,Elektronike,DOK-0003889,2026-08-24,2026-08-24,37814.0,False,30
URDH-0003889,FAT-0004261,Elektronike,DOK-0003890,2026-08-21,2026-08-27,229183.91,False,30
URDH-0003890,FAT-0004262,Elektronike,DOK-0003891,2026-09-18,2026-09-18,284816.09,False,30
URDH-0003891,FAT-0004263,Elektronike,DOK-0003892,2026-08-15,2026-09-02,84172969.89,False,30
URDH-0003892,FAT-0004264,Elektronike,DOK-0003893,2026-09-07,2026-09-10,4088653.55,False,30
URDH-0003893,FAT-0004266,Elektronike,DOK-0003894,2026-09-18,2026-09-18,41208.91,False,30
URDH-0003894,FAT-0004267,Elektronike,DOK-0003895,2026-08-27,2026-09-07,36169.2,False,30
URDH-0003895,FAT-0004268,Elektronike,DOK-0003896,2026-09-04,2026-09-04,1743.92,False,30
URDH-0003896,FAT-0004269,Elektronike,DOK-0003897,2026-08-26,2026-08-26,147227.02,False,30
URDH-0003897,FAT-0004270,Elektronike,DOK-0003898,2026-08-30,2026-09-18,76269.52,False,30
URDH-0003898,FAT-0004271,Elektronike,DOK-0003899,2026-09-14,2026-09-18,43867.3,False,30
URDH-0003899,FAT-0004272,Elektronike,DOK-0003900,2026-08-28,2026-09-03,100000.0,False,30
URDH-0003900,FAT-0004273,Elektronike,DOK-0003901,2026-08-30,2026-08-30,81991.4,False,30
URDH-0003901,FAT-0004274,Elektronike,DOK-0003902,2026-09-01,2026-09-01,623204.61,False,30
URDH-0003902,FAT-0004275,Elektronike,DOK-0003903,2026-08-31,2026-09-18,1998.97,False,30
URDH-0003903,FAT-0004277,Elektronike,DOK-0003904,2026-08-28,2026-09-05,99450.0,False,30
URDH-0003904,FAT-0004278,Elektronike,DOK-0003905,2026-08-26,2026-08-26,11097.28,False,30
URDH-0003905,FAT-0004279,Elektronike,DOK-0003906,2026-09-18,2026-09-18,32102.72,False,30
URDH-0003906,FAT-0004280,Elektronike,DOK-0003907,2026-09-08,2026-09-08,526830.0,False,30
URDH-0003907,FAT-0004281,Elektronike,DOK-0003908,2026-08-20,2026-08-20,881795.89,False,30
URDH-0003908,FAT-0004282,Elektronike,DOK-0003909,2026-09-18,2026-09-18,1914030.07,False,30
URDH-0003909,FAT-0004283,Elektronike,DOK-0003910,2026-09-02,2026-09-02,8584.1,False,30
URDH-0003910,FAT-0004284,Elektronike,DOK-0003911,2026-09-03,2026-09-18,252000.0,False,30
URDH-0003911,FAT-0004285,Elektronike,DOK-0003912,2026-08-30,2026-09-07,50166.42,False,30
URDH-0003912,FAT-0004286,Elektronike,DOK-0003913,2026-09-15,2026-09-18,109155.88,False,30
URDH-0003913,FAT-0004287,Elektronike,DOK-0003914,2026-08-20,2026-08-27,3548.92,False,30
URDH-0003914,FAT-0004288,Elektronike,DOK-0003915,2026-09-18,2026-09-18,966.49,False,30
URDH-0003915,FAT-0004289,Elektronike,DOK-0003916,2026-08-22,2026-08-22,3909549.17,False,30
URDH-0003916,FAT-0004290,Elektronike,DOK-0003917,2026-08-29,2026-09-10,475389.83,False,30
URDH-0003917,FAT-0004291,Elektronike,DOK-0003918,2026-08-23,2026-09-18,345463.26,False,30
URDH-0003918,FAT-0004292,Elektronike,DOK-0003919,2026-09-18,2026-09-18,77125.21,False,30
URDH-0003919,FAT-0004293,Elektronike,DOK-0003920,2026-08-20,2026-08-30,139135.9,False,30
URDH-0003920,FAT-0004295,Elektronike,DOK-0003921,2026-08-23,2026-09-18,172000.0,False,30
URDH-0003921,FAT-0004296,Elektronike,DOK-0003922,2026-09-04,2026-09-10,17788.93,False,30
URDH-0003922,FAT-0004297,Elektronike,DOK-0003923,2026-08-22,2026-08-22,10580102.52,False,30
URDH-0003923,FAT-0004298,Elektronike,DOK-0003924,2026-08-26,2026-08-27,89758.41,False,30
URDH-0003924,FAT-0004299,Elektronike,DOK-0003925,2026-09-18,2026-09-18,129074.41,False,30
URDH-0003925,FAT-0004300,Elektronike,DOK-0003926,2026-09-02,2026-09-18,26500.0,False,30
URDH-0003926,FAT-0004301,Elektronike,DOK-0003927,2026-08-30,2026-09-06,48020.54,False,30
URDH-0003927,FAT-0004302,Elektronike,DOK-0003928,2026-09-03,2026-09-03,13184.78,False,30
URDH-0003928,FAT-0004303,Elektronike,DOK-0003929,2026-08-24,2026-09-03,189057.06,False,30
URDH-0003929,FAT-0004304,Elektronike,DOK-0003930,2026-09-18,2026-09-18,13497.94,False,30
URDH-0003930,FAT-0004305,Elektronike,DOK-0003931,2026-08-23,2026-08-23,279000.0,False,30
URDH-0003931,FAT-0004306,Elektronike,DOK-0003932,2026-08-30,2026-09-15,210743.18,False,30
URDH-0003932,FAT-0004307,Elektronike,DOK-0003933,2026-08-30,2026-09-07,600000.0,False,30
URDH-0003933,FAT-0004308,Elektronike,DOK-0003934,2026-09-04,2026-09-04,515728.85,False,30
URDH-0003934,FAT-0004309,Elektronike,DOK-0003935,2026-08-25,2026-09-11,27494.11,False,30
URDH-0003935,FAT-0004310,Elektronike,DOK-0003936,2026-09-18,2026-09-18,26155.52,False,30
URDH-0003936,FAT-0004311,Elektronike,DOK-0003937,2026-09-05,2026-09-05,8407.44,False,30
URDH-0003937,FAT-0004313,Elektronike,DOK-0003938,2026-08-24,2026-08-27,5033.89,False,30
URDH-0003938,FAT-0004314,Elektronike,DOK-0003939,2026-08-25,2026-08-29,36291.9,False,30
URDH-0003939,FAT-0004315,Elektronike,DOK-0003940,2026-08-27,2026-09-12,20867.4,False,30
URDH-0003940,FAT-0004316,Elektronike,DOK-0003941,2026-09-07,2026-09-07,799000.0,False,30
URDH-0003941,FAT-0004317,Elektronike,DOK-0003942,2026-09-06,2026-09-06,45833.33,False,30
URDH-0003942,FAT-0004318,Elektronike,DOK-0003943,2026-09-03,2026-09-18,340000.0,False,30
URDH-0003943,FAT-0004319,Elektronike,DOK-0003944,2026-08-27,2026-09-04,63620.42,False,30
URDH-0003944,FAT-0004320,Elektronike,DOK-0003945,2026-09-02,2026-09-02,859000.0,False,30
URDH-0003945,FAT-0004321,Elektronike,DOK-0003946,2026-08-25,2026-09-11,85796.97,False,30
URDH-0003946,FAT-0004322,Elektronike,DOK-0003947,2026-08-23,2026-08-23,5030.93,False,30
URDH-0003947,FAT-0004323,Elektronike,DOK-0003948,2026-09-05,2026-09-18,196326.77,False,30
URDH-0003948,FAT-0004324,Elektronike,DOK-0003949,2026-08-19,2026-08-26,66695.27,False,30
URDH-0003949,FAT-0004325,Elektronike,DOK-0003950,2026-09-18,2026-09-18,32487.18,False,30
URDH-0003950,FAT-0004326,Elektronike,DOK-0003951,2026-08-29,2026-09-09,8636.15,False,30
URDH-0003951,FAT-0004327,Elektronike,DOK-0003952,2026-08-28,2026-08-28,65018.89,False,30
URDH-0003952,FAT-0004328,Elektronike,DOK-0003953,2026-08-31,2026-08-31,7761.78,False,30
URDH-0003953,FAT-0004329,Elektronike,DOK-0003954,2026-08-30,2026-09-07,330000.0,False,30
URDH-0003954,FAT-0004330,Elektronike,DOK-0003955,2026-08-31,2026-09-06,99925.0,False,30
URDH-0003955,FAT-0004331,Elektronike,DOK-0003956,2026-08-29,2026-08-29,99500.0,False,30
URDH-0003956,FAT-0004332,Elektronike,DOK-0003957,2026-08-19,2026-08-28,155805.52,False,30
URDH-0003957,FAT-0004333,Elektronike,DOK-0003958,2026-09-08,2026-09-08,39576.61,False,30
URDH-0003958,FAT-0004334,Elektronike,DOK-0003959,2026-08-26,2026-09-18,4811.37,False,30
URDH-0003959,FAT-0004335,Elektronike,DOK-0003960,2026-09-07,2026-09-17,95000.0,False,30
URDH-0003960,FAT-0004336,Elektronike,DOK-0003961,2026-09-07,2026-09-07,20099.89,False,30
URDH-0003961,FAT-0004337,Elektronike,DOK-0003962,2026-09-01,2026-09-09,720000.0,False,30
URDH-0003962,FAT-0004338,Elektronike,DOK-0003963,2026-08-29,2026-08-29,10446.25,False,30
URDH-0003963,FAT-0004339,Elektronike,DOK-0003964,2026-08-24,2026-09-08,123840.0,False,30
URDH-0003964,FAT-0004340,Elektronike,DOK-0003965,2026-08-27,2026-08-30,137082.33,False,30
URDH-0003965,FAT-0004341,Elektronike,DOK-0003966,2026-09-10,2026-09-18,126950.0,False,30
URDH-0003966,FAT-0004342,Elektronike,DOK-0003967,2026-08-24,2026-08-24,104700.0,False,30
URDH-0003967,FAT-0004343,Elektronike,DOK-0003968,2026-08-29,2026-08-29,830700.0,False,30
URDH-0003968,FAT-0004344,Elektronike,DOK-0003969,2026-09-09,2026-09-18,1278041.38,False,30
URDH-0003969,FAT-0004345,Elektronike,DOK-0003970,2026-09-03,2026-09-04,3724.0,False,30
URDH-0003970,FAT-0004346,Elektronike,DOK-0003971,2026-08-15,2026-08-18,377.8,False,30
URDH-0003971,FAT-0004347,Elektronike,DOK-0003972,2026-09-18,2026-09-18,1298.69,False,30
URDH-0003972,FAT-0004349,Elektronike,DOK-0003973,2026-09-18,2026-09-18,196183.49,False,30
URDH-0003973,FAT-0004350,Elektronike,DOK-0003974,2026-08-19,2026-09-10,98951.71,False,30
URDH-0003974,FAT-0004351,Elektronike,DOK-0003975,2026-09-05,2026-09-05,1277.15,False,30
URDH-0003975,FAT-0004352,Elektronike,DOK-0003976,2026-09-03,2026-09-03,614774.0,False,30
URDH-0003976,FAT-0004353,Elektronike,DOK-0003977,2026-09-07,2026-09-13,113000.0,False,30
URDH-0003977,FAT-0004354,Elektronike,DOK-0003978,2026-09-09,2026-09-18,25000.0,False,30
URDH-0003978,FAT-0004355,Elektronike,DOK-0003979,2026-09-04,2026-09-18,6120.84,False,30
URDH-0003979,FAT-0004356,Elektronike,DOK-0003980,2026-09-04,2026-09-18,245000.0,False,30
URDH-0003980,FAT-0004357,Elektronike,DOK-0003981,2026-08-26,2026-09-06,28000.0,False,30
URDH-0003981,FAT-0004359,Elektronike,DOK-0003982,2026-08-21,2026-08-29,185391.69,False,30
URDH-0003982,FAT-0004360,Elektronike,DOK-0003983,2026-09-10,2026-09-10,65879.1,False,30
URDH-0003983,FAT-0004361,Elektronike,DOK-0003984,2026-09-04,2026-09-18,799999.0,False,30
URDH-0003984,FAT-0004362,Elektronike,DOK-0003985,2026-09-02,2026-09-02,36617.39,False,30
URDH-0003985,FAT-0004363,Elektronike,DOK-0003986,2026-08-30,2026-09-17,387500.0,False,30
URDH-0003986,FAT-0004364,Elektronike,DOK-0003987,2026-08-31,2026-09-13,249800.0,False,30
URDH-0003987,FAT-0004365,Elektronike,DOK-0003988,2026-09-02,2026-09-13,20256.94,False,30
URDH-0003988,FAT-0004366,Elektronike,DOK-0003989,2026-09-18,2026-09-18,9743.06,False,30
URDH-0003989,FAT-0004367,Elektronike,DOK-0003990,2026-09-04,2026-09-06,108983.64,False,30
URDH-0003990,FAT-0004368,Elektronike,DOK-0003991,2026-09-07,2026-09-07,232112.99,False,30
URDH-0003991,FAT-0004369,Elektronike,DOK-0003992,2026-09-03,2026-09-18,13336.53,False,30
URDH-0003992,FAT-0004370,Elektronike,DOK-0003993,2026-09-08,2026-09-08,348257.29,False,30
URDH-0003993,FAT-0004371,Elektronike,DOK-0003994,2026-08-26,2026-08-26,136286.21,False,30
URDH-0003994,FAT-0004372,Elektronike,DOK-0003995,2026-09-07,2026-09-11,100000.0,False,30
URDH-0003995,FAT-0004373,Elektronike,DOK-0003996,2026-08-29,2026-09-07,40054.13,False,30
URDH-0003996,FAT-0004374,Elektronike,DOK-0003997,2026-09-18,2026-09-18,43111.87,False,30
URDH-0003997,FAT-0004375,Elektronike,DOK-0003998,2026-09-01,2026-09-01,41600.67,False,30
URDH-0003998,FAT-0004376,Elektronike,DOK-0003999,2026-08-31,2026-09-11,70000.0,False,30
URDH-0003999,FAT-0004377,Elektronike,DOK-0004000,2026-08-26,2026-09-01,426835.28,False,30
URDH-0004000,FAT-0004378,Elektronike,DOK-0004001,2026-09-18,2026-09-18,199439.97,False,30
URDH-0004001,FAT-0004379,Elektronike,DOK-0004002,2026-09-11,2026-09-11,109372.52,False,30
URDH-0004002,FAT-0004380,Elektronike,DOK-0004003,2026-09-08,2026-09-08,79240.72,False,30
URDH-0004003,FAT-0004381,Elektronike,DOK-0004004,2026-08-26,2026-09-03,80004.32,False,30
URDH-0004004,FAT-0004382,Elektronike,DOK-0004005,2026-09-18,2026-09-18,51995.68,False,30
URDH-0004005,FAT-0004383,Elektronike,DOK-0004006,2026-09-03,2026-09-18,17002.7,False,30
URDH-0004006,FAT-0004384,Elektronike,DOK-0004007,2026-09-07,2026-09-10,350000.0,False,30
URDH-0004007,FAT-0004385,Elektronike,DOK-0004008,2026-08-28,2026-08-30,898700.0,False,30
URDH-0004008,FAT-0004386,Elektronike,DOK-0004009,2026-08-27,2026-09-18,50777.71,False,30
URDH-0004009,FAT-0004387,Elektronike,DOK-0004010,2026-09-05,2026-09-11,315845.37,False,30
URDH-0004010,FAT-0004388,Elektronike,DOK-0004011,2026-09-08,2026-09-18,310800.0,False,30
URDH-0004011,FAT-0004389,Elektronike,DOK-0004012,2026-09-01,2026-09-01,194100.0,False,30
URDH-0004012,FAT-0004390,Elektronike,DOK-0004013,2026-08-25,2026-09-03,37133.7,False,30
URDH-0004013,FAT-0004392,Elektronike,DOK-0004014,2026-09-07,2026-09-18,260151.15,False,30
URDH-0004014,FAT-0004393,Elektronike,DOK-0004015,2026-09-01,2026-09-18,188000.0,False,30
URDH-0004015,FAT-0004394,Elektronike,DOK-0004016,2026-08-27,2026-09-08,499997.0,False,30
URDH-0004016,FAT-0004395,Elektronike,DOK-0004017,2026-08-30,2026-08-30,128871.85,False,30
URDH-0004017,FAT-0004396,Elektronike,DOK-0004018,2026-09-15,2026-09-18,946.15,False,30
URDH-0004018,FAT-0004397,Elektronike,DOK-0004019,2026-09-08,2026-09-10,88677.28,False,30
URDH-0004019,FAT-0004399,Elektronike,DOK-0004020,2026-09-01,2026-09-03,462740.23,False,30
URDH-0004020,FAT-0004400,Elektronike,DOK-0004021,2026-08-29,2026-09-06,765200.0,False,30
URDH-0004021,FAT-0004401,Elektronike,DOK-0004022,2026-09-12,2026-09-12,148428.83,False,30
URDH-0004022,FAT-0004402,Elektronike,DOK-0004023,2026-09-03,2026-09-18,227590.8,False,30
URDH-0004023,FAT-0004403,Elektronike,DOK-0004024,2026-09-18,2026-09-18,21709.2,False,30
URDH-0004024,FAT-0004404,Elektronike,DOK-0004025,2026-08-22,2026-08-27,1144789.44,False,30
URDH-0004025,FAT-0004405,Elektronike,DOK-0004026,2026-08-28,2026-09-08,20634.51,False,30
URDH-0004026,FAT-0004406,Elektronike,DOK-0004027,2026-09-18,2026-09-18,19295.94,False,30
URDH-0004027,FAT-0004407,Elektronike,DOK-0004028,2026-09-10,2026-09-18,332696.73,False,30
URDH-0004028,FAT-0004408,Elektronike,DOK-0004029,2026-09-01,2026-09-01,95084.33,False,30
URDH-0004029,FAT-0004409,Elektronike,DOK-0004030,2026-08-30,2026-08-30,1081.3,False,30
URDH-0004030,FAT-0004410,Elektronike,DOK-0004031,2026-09-01,2026-09-05,99933.0,False,30
URDH-0004031,FAT-0004411,Elektronike,DOK-0004032,2026-09-01,2026-09-01,850000.0,False,30
URDH-0004032,FAT-0004412,Elektronike,DOK-0004033,2026-09-07,2026-09-07,826000.0,False,30
URDH-0004033,FAT-0004413,Elektronike,DOK-0004034,2026-09-07,2026-09-07,58262.79,False,30
URDH-0004034,FAT-0004414,Elektronike,DOK-0004035,2026-09-09,2026-09-09,46677.12,False,30
URDH-0004035,FAT-0004415,Elektronike,DOK-0004036,2026-09-06,2026-09-09,143000.0,False,30
URDH-0004036,FAT-0004416,Elektronike,DOK-0004037,2026-08-31,2026-09-18,96800.0,False,30
URDH-0004037,FAT-0004418,Elektronike,DOK-0004038,2026-09-11,2026-09-18,244621.72,False,30
URDH-0004038,FAT-0004419,Elektronike,DOK-0004039,2026-09-08,2026-09-18,36189.73,False,30
URDH-0004039,FAT-0004420,Elektronike,DOK-0004040,2026-09-03,2026-09-18,249609.4,False,30
URDH-0004040,FAT-0004421,Elektronike,DOK-0004041,2026-09-07,2026-09-11,242437.39,False,30
URDH-0004041,FAT-0004423,Elektronike,DOK-0004042,2026-09-04,2026-09-16,137540.97,False,30
URDH-0004042,FAT-0004424,Elektronike,DOK-0004043,2026-08-30,2026-09-18,80215.67,False,30
URDH-0004043,FAT-0004425,Elektronike,DOK-0004044,2026-09-02,2026-09-05,160868.49,False,30
URDH-0004044,FAT-0004426,Elektronike,DOK-0004045,2026-08-23,2026-09-12,29764.62,False,30
URDH-0004045,FAT-0004427,Elektronike,DOK-0004046,2026-09-09,2026-09-18,135000.0,False,30
URDH-0004046,FAT-0004428,Elektronike,DOK-0004047,2026-08-31,2026-09-01,3523.51,False,30
URDH-0004047,FAT-0004429,Elektronike,DOK-0004048,2026-09-01,2026-09-01,100000.0,False,30
URDH-0004048,FAT-0004430,Elektronike,DOK-0004049,2026-09-01,2026-09-18,193623.48,False,30
URDH-0004049,FAT-0004431,Elektronike,DOK-0004050,2026-09-18,2026-09-18,706376.52,False,30
URDH-0004050,FAT-0004432,Elektronike,DOK-0004051,2026-08-30,2026-09-16,350000.0,False,30
URDH-0004051,FAT-0004433,Elektronike,DOK-0004052,2026-09-05,2026-09-18,1169560.8,False,30
URDH-0004052,FAT-0004434,Elektronike,DOK-0004053,2026-09-03,2026-09-04,46999.38,False,30
URDH-0004053,FAT-0004435,Elektronike,DOK-0004054,2026-09-07,2026-09-18,549218.16,False,30
URDH-0004054,FAT-0004436,Elektronike,DOK-0004055,2026-09-07,2026-09-07,414212.1,False,30
URDH-0004055,FAT-0004437,Elektronike,DOK-0004056,2026-09-10,2026-09-10,45819.68,False,30
URDH-0004056,FAT-0004438,Elektronike,DOK-0004057,2026-09-07,2026-09-18,209000.0,False,30
URDH-0004057,FAT-0004440,Elektronike,DOK-0004058,2026-09-03,2026-09-03,415033.64,False,30
URDH-0004058,FAT-0004441,Elektronike,DOK-0004059,2026-09-13,2026-09-13,100000.0,False,30
URDH-0004059,FAT-0004442,Elektronike,DOK-0004060,2026-09-04,2026-09-18,526238.87,False,30
URDH-0004060,FAT-0004444,Elektronike,DOK-0004061,2026-09-18,2026-09-18,526809.06,False,30
URDH-0004061,FAT-0004445,Elektronike,DOK-0004062,2026-09-05,2026-09-06,53802.11,False,30
URDH-0004062,FAT-0004446,Elektronike,DOK-0004063,2026-09-10,2026-09-18,12498.59,False,30
URDH-0004063,FAT-0004447,Elektronike,DOK-0004064,2026-08-25,2026-09-18,11579.75,False,30
URDH-0004064,FAT-0004448,Elektronike,DOK-0004065,2026-08-29,2026-08-29,17891.41,False,30
URDH-0004065,FAT-0004449,Elektronike,DOK-0004066,2026-09-06,2026-09-06,99541.67,False,30
URDH-0004066,FAT-0004450,Elektronike,DOK-0004067,2026-09-07,2026-09-07,265638.37,False,30
URDH-0004067,FAT-0004451,Elektronike,DOK-0004068,2026-09-08,2026-09-08,218765.85,False,30
URDH-0004068,FAT-0004452,Elektronike,DOK-0004069,2026-09-03,2026-09-14,18000.0,False,30
URDH-0004069,FAT-0004455,Elektronike,DOK-0004070,2026-09-06,2026-09-15,170140.0,False,30
URDH-0004070,FAT-0004456,Elektronike,DOK-0004071,2026-09-04,2026-09-04,193555.55,False,30
URDH-0004071,FAT-0004457,Elektronike,DOK-0004072,2026-09-02,2026-09-02,130000.0,False,30
URDH-0004072,FAT-0004458,Elektronike,DOK-0004073,2026-08-27,2026-09-18,307048.73,False,30
URDH-0004073,FAT-0004459,Elektronike,DOK-0004074,2026-09-03,2026-09-16,521881.64,False,30
URDH-0004074,FAT-0004460,Elektronike,DOK-0004075,2026-09-18,2026-09-18,463618.36,False,30
URDH-0004075,FAT-0004461,Elektronike,DOK-0004076,2026-09-01,2026-09-01,148624.89,False,30
URDH-0004076,FAT-0004462,Elektronike,DOK-0004077,2026-08-31,2026-09-18,15039.63,False,30
URDH-0004077,FAT-0004463,Elektronike,DOK-0004078,2026-09-09,2026-09-18,0.0,False,30
URDH-0004078,FAT-0004464,Elektronike,DOK-0004079,2026-09-01,2026-09-01,6065.42,False,30
URDH-0004079,FAT-0004465,Elektronike,DOK-0004080,2026-09-06,2026-09-18,259882.72,False,30
URDH-0004080,FAT-0004466,Elektronike,DOK-0004081,2026-09-03,2026-09-18,5167.03,False,30
URDH-0004081,FAT-0004467,Elektronike,DOK-0004082,2026-09-06,2026-09-09,242279.24,False,30
URDH-0004082,FAT-0004468,Elektronike,DOK-0004083,2026-09-18,2026-09-18,69720.76,False,30
URDH-0004083,FAT-0004469,Elektronike,DOK-0004084,2026-09-12,2026-09-18,1250052.75,False,30
URDH-0004084,FAT-0004470,Elektronike,DOK-0004085,2026-09-01,2026-09-11,188096.8,False,30
URDH-0004085,FAT-0004471,Elektronike,DOK-0004086,2026-08-29,2026-09-13,32757.5,False,30
URDH-0004086,FAT-0004472,Elektronike,DOK-0004087,2026-09-11,2026-09-12,1599846.74,False,30
URDH-0004087,FAT-0004473,Elektronike,DOK-0004088,2026-09-02,2026-09-02,12191.55,False,30
URDH-0004088,FAT-0004474,Elektronike,DOK-0004089,2026-09-10,2026-09-10,100000.0,False,30
URDH-0004089,FAT-0004475,Elektronike,DOK-0004090,2026-09-06,2026-09-18,684386.53,False,30
URDH-0004090,FAT-0004476,Elektronike,DOK-0004091,2026-08-24,2026-09-15,3135.47,False,30
URDH-0004091,FAT-0004477,Elektronike,DOK-0004092,2026-09-06,2026-09-06,0.2,False,30
URDH-0004092,FAT-0004478,Elektronike,DOK-0004093,2026-09-01,2026-09-01,165000.0,False,30
URDH-0004093,FAT-0004479,Elektronike,DOK-0004094,2026-09-06,2026-09-10,11874.02,False,30
URDH-0004094,FAT-0004481,Elektronike,DOK-0004095,2026-09-11,2026-09-11,43050.77,False,30
URDH-0004095,FAT-0004482,Elektronike,DOK-0004096,2026-09-10,2026-09-18,267166.23,False,30
URDH-0004096,FAT-0004483,Elektronike,DOK-0004097,2026-09-09,2026-09-18,46.48,False,30
URDH-0004097,FAT-0004484,Elektronike,DOK-0004098,2026-09-04,2026-09-04,726744.48,False,30
URDH-0004098,FAT-0004485,Elektronike,DOK-0004099,2026-09-05,2026-09-18,497267.11,False,30
URDH-0004099,FAT-0004486,Elektronike,DOK-0004100,2026-09-08,2026-09-18,22686.22,False,30
URDH-0004100,FAT-0004488,Elektronike,DOK-0004101,2026-09-05,2026-09-05,423100.0,False,30
URDH-0004101,FAT-0004489,Elektronike,DOK-0004102,2026-09-07,2026-09-12,92253.98,False,30
URDH-0004102,FAT-0004490,Elektronike,DOK-0004103,2026-09-18,2026-09-18,212246.02,False,30
URDH-0004103,FAT-0004491,Elektronike,DOK-0004104,2026-09-18,2026-09-18,69028.1,False,30
URDH-0004104,FAT-0004492,Elektronike,DOK-0004105,2026-09-12,2026-09-12,173.5,False,30
URDH-0004105,FAT-0004493,Elektronike,DOK-0004106,2026-09-06,2026-09-06,17187.66,False,30
URDH-0004106,FAT-0004494,Elektronike,DOK-0004107,2026-09-15,2026-09-18,69352.25,False,30
URDH-0004107,FAT-0004495,Elektronike,DOK-0004108,2026-09-06,2026-09-06,996400.0,False,30
URDH-0004108,FAT-0004496,Elektronike,DOK-0004109,2026-09-18,2026-09-18,6624.25,False,30
URDH-0004109,FAT-0004497,Elektronike,DOK-0004110,2026-09-14,2026-09-18,16528.15,False,30
URDH-0004110,FAT-0004498,Elektronike,DOK-0004111,2026-09-04,2026-09-18,19600.44,False,30
URDH-0004111,FAT-0004499,Elektronike,DOK-0004112,2026-09-15,2026-09-15,761669.96,False,30
URDH-0004112,FAT-0004500,Elektronike,DOK-0004113,2026-09-14,2026-09-14,47271.91,False,30
URDH-0004113,FAT-0004501,Elektronike,DOK-0004114,2026-09-14,2026-09-18,229300.0,False,30
URDH-0004114,FAT-0004503,Elektronike,DOK-0004115,2026-09-11,2026-09-11,34500.0,False,30
URDH-0004115,FAT-0004504,Elektronike,DOK-0004116,2026-09-04,2026-09-18,71000.0,False,30
URDH-0004116,FAT-0004505,Elektronike,DOK-0004117,2026-09-11,2026-09-18,39909.54,False,30
URDH-0004117,FAT-0004506,Elektronike,DOK-0004118,2026-09-12,2026-09-18,96000.0,False,30
URDH-0004118,FAT-0004507,Elektronike,DOK-0004119,2026-09-11,2026-09-11,595766.0,False,30
URDH-0004119,FAT-0004508,Elektronike,DOK-0004120,2026-09-04,2026-09-18,10858.54,False,30
URDH-0004120,FAT-0004509,Elektronike,DOK-0004121,2026-09-18,2026-09-18,1211.46,False,30
URDH-0004121,FAT-0004510,Elektronike,DOK-0004122,2026-09-13,2026-09-18,25673.87,False,30
URDH-0004122,FAT-0004511,Elektronike,DOK-0004123,2026-09-08,2026-09-08,99000.0,False,30
URDH-0004123,FAT-0004512,Elektronike,DOK-0004124,2026-09-16,2026-09-18,479166.5,False,30
URDH-0004124,FAT-0004513,Elektronike,DOK-0004125,2026-09-04,2026-09-16,89181.0,False,30
URDH-0004125,FAT-0004514,Elektronike,DOK-0004126,2026-09-18,2026-09-18,38148.74,False,30
URDH-0004126,FAT-0004515,Elektronike,DOK-0004127,2026-08-30,2026-08-30,260117.84,False,30
URDH-0004127,FAT-0004516,Elektronike,DOK-0004128,2026-09-18,2026-09-18,33111.37,False,30
URDH-0004128,FAT-0004517,Elektronike,DOK-0004129,2026-09-13,2026-09-17,74666.0,False,30
URDH-0004129,FAT-0004518,Elektronike,DOK-0004130,2026-09-15,2026-09-18,96866.36,False,30
URDH-0004130,FAT-0004519,Elektronike,DOK-0004131,2026-09-11,2026-09-16,52748.89,False,30
URDH-0004131,FAT-0004520,Elektronike,DOK-0004132,2026-09-02,2026-09-02,23067.5,False,30
URDH-0004132,FAT-0004521,Elektronike,DOK-0004133,2026-09-02,2026-09-18,47943.01,False,30
URDH-0004133,FAT-0004522,Elektronike,DOK-0004134,2026-09-09,2026-09-09,4355.03,False,30
URDH-0004134,FAT-0004523,Elektronike,DOK-0004135,2026-09-09,2026-09-09,133838.82,False,30
URDH-0004135,FAT-0004525,Elektronike,DOK-0004136,2026-09-18,2026-09-18,172635.77,False,30
URDH-0004136,FAT-0004526,Elektronike,DOK-0004137,2026-09-06,2026-09-11,541500.0,False,30
URDH-0004137,FAT-0004527,Elektronike,DOK-0004138,2026-09-09,2026-09-09,78143.22,False,30
URDH-0004138,FAT-0004528,Elektronike,DOK-0004139,2026-09-12,2026-09-18,1477.19,False,30
URDH-0004139,FAT-0004529,Elektronike,DOK-0004140,2026-09-18,2026-09-18,41940.44,False,30
URDH-0004140,FAT-0004530,Elektronike,DOK-0004141,2026-09-06,2026-09-18,70906.62,False,30
URDH-0004141,FAT-0004531,Elektronike,DOK-0004142,2026-09-11,2026-09-11,22853.0,False,30
URDH-0004142,FAT-0004532,Elektronike,DOK-0004143,2026-09-05,2026-09-12,72587.44,False,30
URDH-0004143,FAT-0004534,Elektronike,DOK-0004144,2026-09-07,2026-09-08,60000.0,False,30
URDH-0004144,FAT-0004535,Elektronike,DOK-0004145,2026-09-12,2026-09-18,47252.12,False,30
URDH-0004145,FAT-0004536,Elektronike,DOK-0004146,2026-09-03,2026-09-03,222.59,False,30
URDH-0004146,FAT-0004538,Elektronike,DOK-0004147,2026-09-07,2026-09-18,157768.22,False,30
URDH-0004147,FAT-0004539,Elektronike,DOK-0004148,2026-09-09,2026-09-18,84442.81,False,30
URDH-0004148,FAT-0004540,Elektronike,DOK-0004149,2026-09-04,2026-09-18,695000.0,False,30
URDH-0004149,FAT-0004541,Elektronike,DOK-0004150,2026-09-11,2026-09-11,304963.93,False,30
URDH-0004150,FAT-0004543,Elektronike,DOK-0004151,2026-09-07,2026-09-18,72081.93,False,30
URDH-0004151,FAT-0004544,Elektronike,DOK-0004152,2026-09-11,2026-09-16,146143.15,False,30
URDH-0004152,FAT-0004545,Elektronike,DOK-0004153,2026-09-18,2026-09-18,221432.48,False,30
URDH-0004153,FAT-0004546,Elektronike,DOK-0004154,2026-09-17,2026-09-18,795000.0,False,30
URDH-0004154,FAT-0004547,Elektronike,DOK-0004155,2026-09-03,2026-09-03,20527.0,False,30
URDH-0004155,FAT-0004548,Elektronike,DOK-0004156,2026-09-12,2026-09-18,230186.65,False,30
URDH-0004156,FAT-0004549,Elektronike,DOK-0004157,2026-09-04,2026-09-10,1300000.0,False,30
URDH-0004157,FAT-0004550,Elektronike,DOK-0004158,2026-09-12,2026-09-13,470087.99,False,30
URDH-0004158,FAT-0004551,Elektronike,DOK-0004159,2026-09-05,2026-09-18,237000.0,False,30
URDH-0004159,FAT-0004552,Elektronike,DOK-0004160,2026-09-09,2026-09-16,525848.82,False,30
URDH-0004160,FAT-0004553,Elektronike,DOK-0004161,2026-09-11,2026-09-18,33325.07,False,30
URDH-0004161,FAT-0004554,Elektronike,DOK-0004162,2026-09-12,2026-09-18,269647.88,False,30
URDH-0004162,FAT-0004555,Elektronike,DOK-0004163,2026-09-18,2026-09-18,29590.98,False,30
URDH-0004163,FAT-0004556,Elektronike,DOK-0004164,2026-09-07,2026-09-12,108991.22,False,30
URDH-0004164,FAT-0004557,Elektronike,DOK-0004165,2026-09-18,2026-09-18,99000.0,False,30
URDH-0004165,FAT-0004558,Elektronike,DOK-0004166,2026-09-11,2026-09-14,396364.56,False,30
URDH-0004166,FAT-0004559,Elektronike,DOK-0004167,2026-09-08,2026-09-15,100000.0,False,30
URDH-0004167,FAT-0004560,Elektronike,DOK-0004168,2026-09-08,2026-09-14,314825.63,False,30
URDH-0004168,FAT-0004561,Elektronike,DOK-0004169,2026-09-16,2026-09-18,412393.43,False,30
URDH-0004169,FAT-0004562,Elektronike,DOK-0004170,2026-09-17,2026-09-18,31892.97,False,30
URDH-0004170,FAT-0004563,Elektronike,DOK-0004171,2026-09-01,2026-09-01,195500.0,False,30
URDH-0004171,FAT-0004564,Elektronike,DOK-0004172,2026-09-13,2026-09-13,43036.8,False,30
URDH-0004172,FAT-0004565,Elektronike,DOK-0004173,2026-09-18,2026-09-18,3603947.86,False,30
URDH-0004173,FAT-0004566,Elektronike,DOK-0004174,2026-09-12,2026-09-18,3716217.68,False,30
URDH-0004174,FAT-0004567,Elektronike,DOK-0004175,2026-09-15,2026-09-15,445039.93,False,30
URDH-0004175,FAT-0004568,Elektronike,DOK-0004176,2026-09-12,2026-09-12,22010.49,False,30
URDH-0004176,FAT-0004569,Elektronike,DOK-0004177,2026-09-08,2026-09-08,32416.39,False,30
URDH-0004177,FAT-0004570,Elektronike,DOK-0004178,2026-09-07,2026-09-07,914000.0,False,30
URDH-0004178,FAT-0004573,Elektronike,DOK-0004179,2026-09-06,2026-09-06,1949.16,False,30
URDH-0004179,FAT-0004574,Elektronike,DOK-0004180,2026-09-18,2026-09-18,13283.33,False,30
URDH-0004180,FAT-0004575,Elektronike,DOK-0004181,2026-09-01,2026-09-18,693700.0,False,30
URDH-0004181,FAT-0004576,Elektronike,DOK-0004182,2026-08-31,2026-08-31,9807.73,False,30
URDH-0004182,FAT-0004578,Elektronike,DOK-0004183,2026-09-12,2026-09-12,1738.68,False,30
URDH-0004183,FAT-0004579,Elektronike,DOK-0004184,2026-09-15,2026-09-18,25000.0,False,30
URDH-0004184,FAT-0004580,Elektronike,DOK-0004185,2026-09-03,2026-09-15,6925.52,False,30
URDH-0004185,FAT-0004581,Elektronike,DOK-0004186,2026-09-12,2026-09-18,45234.28,False,30
URDH-0004186,FAT-0004582,Elektronike,DOK-0004187,2026-09-18,2026-09-18,245000.0,False,30
URDH-0004187,FAT-0004583,Elektronike,DOK-0004188,2026-09-11,2026-09-11,595.37,False,30
URDH-0004188,FAT-0004584,Elektronike,DOK-0004189,2026-09-18,2026-09-18,44495.65,False,30
URDH-0004189,FAT-0004585,Elektronike,DOK-0004190,2026-09-15,2026-09-15,534656.77,False,30
URDH-0004190,FAT-0004586,Elektronike,DOK-0004191,2026-09-09,2026-09-18,18730.43,False,30
URDH-0004191,FAT-0004587,Elektronike,DOK-0004192,2026-09-14,2026-09-17,109607.34,False,30
URDH-0004192,FAT-0004588,Elektronike,DOK-0004193,2026-09-17,2026-09-17,72000.0,False,30
URDH-0004193,FAT-0004589,Elektronike,DOK-0004194,2026-09-11,2026-09-11,271710.0,False,30
URDH-0004194,FAT-0004591,Elektronike,DOK-0004195,2026-09-09,2026-09-18,20382.69,False,30
URDH-0004195,FAT-0004592,Elektronike,DOK-0004196,2026-09-15,2026-09-15,600000.0,False,30
URDH-0004196,FAT-0004593,Elektronike,DOK-0004197,2026-09-13,2026-09-13,106430.38,False,30
URDH-0004197,FAT-0004594,Elektronike,DOK-0004198,2026-09-18,2026-09-18,25000.0,False,30
URDH-0004198,FAT-0004595,Elektronike,DOK-0004199,2026-09-04,2026-09-18,9638.83,False,30
URDH-0004199,FAT-0004596,Elektronike,DOK-0004200,2026-09-12,2026-09-13,42976.16,False,30
URDH-0004200,FAT-0004597,Elektronike,DOK-0004201,2026-09-15,2026-09-18,183551.01,False,30
URDH-0004201,FAT-0004598,Elektronike,DOK-0004202,2026-09-03,2026-09-18,38531.07,False,30
URDH-0004202,FAT-0004599,Elektronike,DOK-0004203,2026-09-07,2026-09-18,661110.0,False,30
URDH-0004203,FAT-0004600,Elektronike,DOK-0004204,2026-09-18,2026-09-18,98583.0,False,30
URDH-0004204,FAT-0004602,Elektronike,DOK-0004205,2026-09-16,2026-09-18,42926.75,False,30
URDH-0004205,FAT-0004603,Elektronike,DOK-0004206,2026-09-18,2026-09-18,206009.33,False,30
URDH-0004206,FAT-0004604,Elektronike,DOK-0004207,2026-09-07,2026-09-07,89320.0,False,30
URDH-0004207,FAT-0004605,Elektronike,DOK-0004208,2026-09-15,2026-09-18,241339.25,False,30
URDH-0004208,FAT-0004606,Elektronike,DOK-0004209,2026-09-15,2026-09-18,263611.31,False,30
URDH-0004209,FAT-0004607,Elektronike,DOK-0004210,2026-09-18,2026-09-18,44939.39,False,30
URDH-0004210,FAT-0004608,Elektronike,DOK-0004211,2026-09-11,2026-09-18,649990.0,False,30
URDH-0004211,FAT-0004609,Elektronike,DOK-0004212,2026-09-12,2026-09-12,13637.45,False,30
URDH-0004212,FAT-0004610,Elektronike,DOK-0004213,2026-09-18,2026-09-18,2200000.0,False,30
URDH-0004213,FAT-0004614,Elektronike,DOK-0004214,2026-09-16,2026-09-18,316582.34,False,30
URDH-0004214,FAT-0004615,Elektronike,DOK-0004215,2026-09-09,2026-09-09,81250.0,False,30
URDH-0004215,FAT-0004616,Elektronike,DOK-0004216,2026-09-07,2026-09-18,211309.24,False,30
URDH-0004216,FAT-0004617,Elektronike,DOK-0004217,2026-09-12,2026-09-18,92989.24,False,30
URDH-0004217,FAT-0004618,Elektronike,DOK-0004218,2026-09-08,2026-09-18,577558.0,False,30
URDH-0004218,FAT-0004619,Elektronike,DOK-0004219,2026-09-07,2026-09-18,274500.0,False,30
URDH-0004219,FAT-0004620,Elektronike,DOK-0004220,2026-09-10,2026-09-18,295650.0,False,30
URDH-0004220,FAT-0004621,Elektronike,DOK-0004221,2026-09-17,2026-09-18,970000.0,False,30
URDH-0004221,FAT-0004622,Elektronike,DOK-0004222,2026-09-18,2026-09-18,1443232.64,False,30
URDH-0004222,FAT-0004623,Elektronike,DOK-0004223,2026-09-07,2026-09-18,167360.05,False,30
URDH-0004223,FAT-0004624,Elektronike,DOK-0004224,2026-09-18,2026-09-18,134581.85,False,30
URDH-0004224,FAT-0004625,Elektronike,DOK-0004225,2026-09-11,2026-09-18,2717.27,False,30
URDH-0004225,FAT-0004626,Elektronike,DOK-0004226,2026-09-18,2026-09-18,100000.0,False,30
URDH-0004226,FAT-0004627,Elektronike,DOK-0004227,2026-09-18,2026-09-18,9575.78,False,30
URDH-0004227,FAT-0004628,Elektronike,DOK-0004228,2026-09-18,2026-09-18,35000.0,False,30
URDH-0004228,FAT-0004629,Elektronike,DOK-0004229,2026-09-15,2026-09-18,249997.0,False,30
URDH-0004229,FAT-0004630,Elektronike,DOK-0004230,2026-09-16,2026-09-18,24480.68,False,30
URDH-0004230,FAT-0004631,Elektronike,DOK-0004231,2026-09-18,2026-09-18,815000.0,False,30
URDH-0004231,FAT-0004632,Elektronike,DOK-0004232,2026-09-12,2026-09-18,35392.43,False,30
URDH-0004232,FAT-0004633,Elektronike,DOK-0004233,2026-09-09,2026-09-18,60000.0,False,30
URDH-0004233,FAT-0004634,Elektronike,DOK-0004234,2026-09-18,2026-09-18,13181.91,False,30
URDH-0004234,FAT-0004636,Elektronike,DOK-0004235,2026-09-18,2026-09-18,42818.76,False,30
URDH-0004235,FAT-0004637,Elektronike,DOK-0004236,2026-09-11,2026-09-13,12571.57,False,30
URDH-0004236,FAT-0004638,Elektronike,DOK-0004237,2026-09-18,2026-09-18,198395.99,False,30
URDH-0004237,FAT-0004639,Elektronike,DOK-0004238,2026-09-18,2026-09-18,58731.81,False,30
URDH-0004238,FAT-0004640,Elektronike,DOK-0004239,2026-09-09,2026-09-16,84919.81,False,30
URDH-0004239,FAT-0004641,Elektronike,DOK-0004240,2026-09-07,2026-09-07,28732.76,False,30
URDH-0004240,FAT-0004642,Elektronike,DOK-0004241,2026-09-15,2026-09-18,24672.26,False,30
URDH-0004241,FAT-0004643,Elektronike,DOK-0004242,2026-09-13,2026-09-18,18114.3,False,30
URDH-0004242,FAT-0004644,Elektronike,DOK-0004243,2026-09-16,2026-09-16,37013.45,False,30
URDH-0004243,FAT-0004645,Elektronike,DOK-0004244,2026-09-18,2026-09-18,419900.0,False,30
URDH-0004244,FAT-0004646,Elektronike,DOK-0004245,2026-09-17,2026-09-18,345850.0,False,30
URDH-0004245,FAT-0004647,Elektronike,DOK-0004246,2026-09-18,2026-09-18,66968.8,False,30
URDH-0004246,FAT-0004648,Elektronike,DOK-0004247,2026-09-18,2026-09-18,68292.55,False,30
URDH-0004247,FAT-0004649,Elektronike,DOK-0004248,2026-09-13,2026-09-13,55713.7,False,30
URDH-0004248,FAT-0004650,Elektronike,DOK-0004249,2026-09-15,2026-09-18,448439.05,False,30
URDH-0004249,FAT-0004651,Elektronike,DOK-0004250,2026-09-18,2026-09-18,19.0,False,30
URDH-0004250,FAT-0004652,Elektronike,DOK-0004251,2026-09-18,2026-09-18,245237.96,False,30
URDH-0004251,FAT-0004654,Elektronike,DOK-0004252,2026-09-12,2026-09-12,3671.42,False,30
URDH-0004252,FAT-0004655,Elektronike,DOK-0004253,2026-09-10,2026-09-13,309.13,False,30
URDH-0004253,FAT-0004656,Elektronike,DOK-0004254,2026-09-16,2026-09-16,3454.6,False,30
URDH-0004254,FAT-0004657,Elektronike,DOK-0004255,2026-09-18,2026-09-18,99500.0,False,30
URDH-0004255,FAT-0004658,Elektronike,DOK-0004256,2026-09-13,2026-09-18,30984.51,False,30
URDH-0004256,FAT-0004659,Elektronike,DOK-0004257,2026-09-10,2026-09-18,759000.0,False,30
URDH-0004257,FAT-0004660,Elektronike,DOK-0004258,2026-09-18,2026-09-18,100000.0,False,30
URDH-0004258,FAT-0004661,Elektronike,DOK-0004259,2026-09-18,2026-09-18,44041.16,False,30
URDH-0004259,FAT-0004662,Elektronike,DOK-0004260,2026-09-18,2026-09-18,12198.17,False,30
URDH-0004260,FAT-0004663,Elektronike,DOK-0004261,2026-09-18,2026-09-18,506044.37,False,30
URDH-0004261,FAT-0004664,Elektronike,DOK-0004262,2026-09-18,2026-09-18,102572.62,False,30
URDH-0004262,FAT-0004665,Elektronike,DOK-0004263,2026-09-18,2026-09-18,137442.48,False,30
URDH-0004263,FAT-0004666,Elektronike,DOK-0004264,2026-09-18,2026-09-18,922800.0,False,30
URDH-0004264,FAT-0004667,Elektronike,DOK-0004265,2026-09-14,2026-09-14,124851.87,False,30
URDH-0004265,FAT-0004668,Elektronike,DOK-0004266,2026-09-18,2026-09-18,5026666.66,False,30
URDH-0004266,FAT-0004669,Elektronike,DOK-0004267,2026-09-07,2026-09-07,93000.0,False,30
URDH-0004267,FAT-0004670,Elektronike,DOK-0004268,2026-09-10,2026-09-18,564388.57,False,30
URDH-0004268,FAT-0004671,Elektronike,DOK-0004269,2026-09-18,2026-09-18,12277.13,False,30
URDH-0004269,FAT-0004672,Elektronike,DOK-0004270,2026-09-18,2026-09-18,3210160.14,False,30
URDH-0004270,FAT-0004673,Elektronike,DOK-0004271,2026-09-18,2026-09-18,418851.77,False,30
URDH-0004271,FAT-0004674,Elektronike,DOK-0004272,2026-09-09,2026-09-17,25953.71,False,30
URDH-0004272,FAT-0004675,Elektronike,DOK-0004273,2026-09-18,2026-09-18,301391.14,False,30
URDH-0004273,FAT-0004676,Elektronike,DOK-0004274,2026-09-18,2026-09-18,1790685.11,False,30
URDH-0004274,FAT-0004677,Elektronike,DOK-0004275,2026-09-18,2026-09-18,187879.35,False,30
URDH-0004275,FAT-0004678,Elektronike,DOK-0004276,2026-09-18,2026-09-18,81955.64,False,30
URDH-0004276,FAT-0004679,Elektronike,DOK-0004277,2026-09-18,2026-09-18,157874.62,False,30
URDH-0004277,FAT-0004680,Elektronike,DOK-0004278,2026-09-13,2026-09-18,71568.0,False,30
URDH-0004278,FAT-0004681,Elektronike,DOK-0004279,2026-09-06,2026-09-08,322850.79,False,30
URDH-0004279,FAT-0004682,Elektronike,DOK-0004280,2026-09-15,2026-09-15,371051.81,False,30
URDH-0004280,FAT-0004683,Elektronike,DOK-0004281,2026-09-18,2026-09-18,22864.29,False,30
URDH-0004281,FAT-0004684,Elektronike,DOK-0004282,2026-09-18,2026-09-18,38926.99,False,30
URDH-0004282,FAT-0004685,Elektronike,DOK-0004283,2026-09-10,2026-09-18,261198.88,False,30
URDH-0004283,FAT-0004687,Elektronike,DOK-0004284,2026-09-18,2026-09-18,44526.22,False,30
URDH-0004284,FAT-0004688,Elektronike,DOK-0004285,2026-09-12,2026-09-15,35000.0,False,30
URDH-0004285,FAT-0004689,Elektronike,DOK-0004286,2026-09-15,2026-09-15,80840.0,False,30
URDH-0004286,FAT-0004690,Elektronike,DOK-0004287,2026-09-18,2026-09-18,2315.83,False,30
URDH-0004287,FAT-0004691,Elektronike,DOK-0004288,2026-09-14,2026-09-18,33010.5,False,30
URDH-0004288,FAT-0004693,Elektronike,DOK-0004289,2026-09-18,2026-09-18,46880.55,False,30
URDH-0004289,FAT-0004695,Elektronike,DOK-0004290,2026-09-18,2026-09-18,148856.58,False,30
URDH-0004290,FAT-0004696,Elektronike,DOK-0004291,2026-09-18,2026-09-18,459386.51,False,30
URDH-0004291,FAT-0004697,Elektronike,DOK-0004292,2026-09-18,2026-09-18,500000.0,False,30
URDH-0004292,FAT-0004700,Elektronike,DOK-0004293,2026-09-18,2026-09-18,354807.35,False,30
URDH-0004293,FAT-0004701,Elektronike,DOK-0004294,2026-09-13,2026-09-18,295400.0,False,30
URDH-0004294,FAT-0004702,Elektronike,DOK-0004295,2026-09-18,2026-09-18,158902.32,False,30
URDH-0004295,FAT-0004703,Elektronike,DOK-0004296,2026-09-08,2026-09-12,519753.88,False,30
URDH-0004296,FAT-0004704,Elektronike,DOK-0004297,2026-09-17,2026-09-18,317000.0,False,30
URDH-0004297,FAT-0004705,Elektronike,DOK-0004298,2026-09-14,2026-09-18,31004.17,False,30
URDH-0004298,FAT-0004706,Elektronike,DOK-0004299,2026-09-12,2026-09-12,32642.02,False,30
URDH-0004299,FAT-0004707,Elektronike,DOK-0004300,2026-09-17,2026-09-18,890000.0,False,30
URDH-0004300,FAT-0004708,Elektronike,DOK-0004301,2026-09-18,2026-09-18,230000.0,False,30
URDH-0004301,FAT-0004709,Elektronike,DOK-0004302,2026-09-15,2026-09-17,64355.98,False,30
URDH-0004302,FAT-0004710,Elektronike,DOK-0004303,2026-09-18,2026-09-18,13200.8,False,30
URDH-0004303,FAT-0004711,Elektronike,DOK-0004304,2026-09-11,2026-09-18,41973.81,False,30
URDH-0004304,FAT-0004712,Elektronike,DOK-0004305,2026-09-18,2026-09-18,5580.13,False,30
URDH-0004305,FAT-0004713,Elektronike,DOK-0004306,2026-09-18,2026-09-18,417000.0,False,30
URDH-0004306,FAT-0004714,Elektronike,DOK-0004307,2026-09-18,2026-09-18,4883.64,False,30
URDH-0004307,FAT-0004715,Elektronike,DOK-0004308,2026-09-12,2026-09-18,116323.62,False,30
URDH-0004308,FAT-0004716,Elektronike,DOK-0004309,2026-09-11,2026-09-18,38180.35,False,30
URDH-0004309,FAT-0004717,Elektronike,DOK-0004310,2026-09-18,2026-09-18,287000.0,False,30
URDH-0004310,FAT-0004718,Elektronike,DOK-0004311,2026-09-18,2026-09-18,209439.68,False,30
URDH-0004311,FAT-0004719,Elektronike,DOK-0004312,2026-09-18,2026-09-18,142280.7,False,30
URDH-0004312,FAT-0004721,Elektronike,DOK-0004313,2026-09-17,2026-09-17,85089.67,False,30
URDH-0004313,FAT-0004722,Elektronike,DOK-0004314,2026-09-18,2026-09-18,98333.0,False,30
URDH-0004314,FAT-0004724,Elektronike,DOK-0004315,2026-09-15,2026-09-18,124000.0,False,30
URDH-0004315,FAT-0004725,Elektronike,DOK-0004316,2026-09-18,2026-09-18,210000.0,False,30
URDH-0004316,FAT-0004726,Elektronike,DOK-0004317,2026-09-18,2026-09-18,92854.61,False,30
URDH-0004317,FAT-0004727,Elektronike,DOK-0004318,2026-09-11,2026-09-18,758000.0,False,30
URDH-0004318,FAT-0004729,Elektronike,DOK-0004319,2026-09-18,2026-09-18,32650.09,False,30
URDH-0004319,FAT-0004730,Elektronike,DOK-0004320,2026-09-18,2026-09-18,37145.83,False,30
URDH-0004320,FAT-0004731,Elektronike,DOK-0004321,2026-09-18,2026-09-18,256600.0,False,30
URDH-0004321,FAT-0004732,Elektronike,DOK-0004322,2026-09-18,2026-09-18,47594.65,False,30
URDH-0004322,FAT-0004733,Elektronike,DOK-0004323,2026-09-18,2026-09-18,80333.0,False,30
URDH-0004323,FAT-0004734,Elektronike,DOK-0004324,2026-09-08,2026-09-18,1426.27,False,30
URDH-0004324,FAT-0004735,Elektronike,DOK-0004325,2026-09-18,2026-09-18,11712.85,False,30
URDH-0004325,FAT-0004736,Elektronike,DOK-0004326,2026-09-18,2026-09-18,24949.41,False,30
URDH-0004326,FAT-0004737,Elektronike,DOK-0004327,2026-09-18,2026-09-18,120355.3,False,30
URDH-0004327,FAT-0004738,Elektronike,DOK-0004328,2026-09-18,2026-09-18,5246.0,False,30
URDH-0004328,FAT-0004739,Elektronike,DOK-0004329,2026-09-18,2026-09-18,100000.0,False,30
URDH-0004329,FAT-0004740,Elektronike,DOK-0004330,2026-09-08,2026-09-12,595000.0,False,30
URDH-0004330,FAT-0004741,Elektronike,DOK-0004331,2026-09-17,2026-09-17,460000.0,False,30
URDH-0004331,FAT-0004742,Elektronike,DOK-0004332,2026-09-18,2026-09-18,62931.51,False,30
URDH-0004332,FAT-0004743,Elektronike,DOK-0004333,2026-09-18,2026-09-18,2500.0,False,30
URDH-0004333,FAT-0004744,Elektronike,DOK-0004334,2026-09-18,2026-09-18,8161.16,False,30
URDH-0004334,FAT-0004745,Elektronike,DOK-0004335,2026-09-18,2026-09-18,83333.0,False,30
URDH-0004335,FAT-0004746,Elektronike,DOK-0004336,2026-09-18,2026-09-18,64023.7,False,30
URDH-0004336,FAT-0004747,Elektronike,DOK-0004337,2026-09-11,2026-09-18,59000.0,False,30
URDH-0004337,FAT-0004748,Elektronike,DOK-0004338,2026-09-18,2026-09-18,48548.74,False,30
URDH-0004338,FAT-0004749,Elektronike,DOK-0004339,2026-09-18,2026-09-18,99936.0,False,30
URDH-0004339,FAT-0004750,Elektronike,DOK-0004340,2026-09-18,2026-09-18,83000.0,False,30
URDH-0004340,FAT-0004751,Elektronike,DOK-0004341,2026-09-18,2026-09-18,195000.0,False,30
URDH-0004341,FAT-0004752,Elektronike,DOK-0004342,2026-09-18,2026-09-18,6330.0,False,30
URDH-0004342,FAT-0004753,Elektronike,DOK-0004343,2026-09-18,2026-09-18,55658.02,False,30
URDH-0004343,FAT-0004755,Elektronike,DOK-0004344,2026-09-18,2026-09-18,24271.38,False,30
URDH-0004344,FAT-0004756,Elektronike,DOK-0004345,2026-09-18,2026-09-18,75000.0,False,30
URDH-0004345,FAT-0004758,Elektronike,DOK-0004346,2026-09-18,2026-09-18,129496.2,False,30
URDH-0004346,FAT-0004759,Elektronike,DOK-0004347,2026-09-18,2026-09-18,79250.0,False,30
URDH-0004347,FAT-0004760,Elektronike,DOK-0004348,2026-09-15,2026-09-18,75862.76,False,30
URDH-0004348,FAT-0004761,Elektronike,DOK-0004349,2026-09-18,2026-09-18,580335.5,False,30
URDH-0004349,FAT-0004762,Elektronike,DOK-0004350,2026-09-18,2026-09-18,29961.93,False,30
URDH-0004350,FAT-0004763,Elektronike,DOK-0004351,2026-09-18,2026-09-18,52068.59,False,30
URDH-0004351,FAT-0004764,Elektronike,DOK-0004352,2026-09-18,2026-09-18,94000.0,False,30
URDH-0004352,FAT-0004765,Elektronike,DOK-0004353,2026-09-18,2026-09-18,13288.56,False,30
URDH-0004353,FAT-0004766,Elektronike,DOK-0004354,2026-09-18,2026-09-18,292467.3,False,30
URDH-0004354,FAT-0004767,Elektronike,DOK-0004355,2026-09-18,2026-09-18,28547.27,False,30
URDH-0004355,FAT-0004768,Elektronike,DOK-0004356,2026-09-18,2026-09-18,84593.74,False,30
URDH-0004356,FAT-0004769,Elektronike,DOK-0004357,2026-09-12,2026-09-17,98433.0,False,30
URDH-0004357,FAT-0004770,Elektronike,DOK-0004358,2026-09-18,2026-09-18,101752.14,False,30
URDH-0004358,FAT-0004771,Elektronike,DOK-0004359,2026-09-18,2026-09-18,24299.25,False,30
URDH-0004359,FAT-0004772,Elektronike,DOK-0004360,2026-09-18,2026-09-18,64272.73,False,30
URDH-0004360,FAT-0004773,Elektronike,DOK-0004361,2026-09-18,2026-09-18,8750.0,False,30
URDH-0004361,FAT-0004774,Elektronike,DOK-0004362,2026-09-18,2026-09-18,210721.46,False,30
URDH-0004362,FAT-0004775,Elektronike,DOK-0004363,2026-09-18,2026-09-18,421396.62,False,30
URDH-0004363,FAT-0004776,Elektronike,DOK-0004364,2026-09-15,2026-09-18,29011.8,False,30
URDH-0004364,FAT-0004777,Elektronike,DOK-0004365,2026-09-18,2026-09-18,171813.28,False,30
URDH-0004365,FAT-0004778,Elektronike,DOK-0004366,2026-09-18,2026-09-18,425369.83,False,30
URDH-0004366,FAT-0004779,Elektronike,DOK-0004367,2026-09-18,2026-09-18,508021.11,False,30
URDH-0004367,FAT-0004780,Elektronike,DOK-0004368,2026-09-18,2026-09-18,82500.0,False,30
URDH-0004368,FAT-0004781,Elektronike,DOK-0004369,2026-09-18,2026-09-18,7509.14,False,30
URDH-0004369,FAT-0004783,Elektronike,DOK-0004370,2026-09-14,2026-09-17,4535.04,False,30
URDH-0004370,FAT-0004785,Elektronike,DOK-0004371,2026-09-18,2026-09-18,55156.26,False,30
URDH-0004371,FAT-0004786,Elektronike,DOK-0004372,2026-09-18,2026-09-18,35379.86,False,30
URDH-0004372,FAT-0004787,Elektronike,DOK-0004373,2026-09-15,2026-09-18,256307.43,False,30
URDH-0004373,FAT-0004788,Elektronike,DOK-0004374,2026-09-16,2026-09-18,237228.56,False,30
URDH-0004374,FAT-0004789,Elektronike,DOK-0004375,2026-09-18,2026-09-18,155786.66,False,30
URDH-0004375,FAT-0004790,Elektronike,DOK-0004376,2026-09-18,2026-09-18,198106.97,False,30
URDH-0004376,FAT-0004791,Elektronike,DOK-0004377,2026-09-18,2026-09-18,3489.55,False,30
URDH-0004377,FAT-0004792,Elektronike,DOK-0004378,2026-09-18,2026-09-18,10394.39,False,30
URDH-0004378,FAT-0004794,Elektronike,DOK-0004379,2026-09-18,2026-09-18,175983.95,False,30
URDH-0004379,FAT-0004795,Elektronike,DOK-0004380,2026-09-18,2026-09-18,9781.06,False,30
URDH-0004380,FAT-0004796,Elektronike,DOK-0004381,2026-09-18,2026-09-18,198000.0,False,30
URDH-0004381,FAT-0004797,Elektronike,DOK-0004382,2026-09-18,2026-09-18,92025.02,False,30
URDH-0004382,FAT-0004798,Elektronike,DOK-0004383,2026-09-18,2026-09-18,86316.13,False,30
URDH-0004383,FAT-0004799,Elektronike,DOK-0004384,2026-09-18,2026-09-18,25032.0,False,30
URDH-0004384,FAT-0004800,Elektronike,DOK-0004385,2026-09-18,2026-09-18,573796.19,False,30
URDH-0004385,FAT-0004801,Elektronike,DOK-0004386,2026-09-16,2026-09-18,170193.5,False,30
URDH-0004386,FAT-0004802,Elektronike,DOK-0004387,2026-09-18,2026-09-18,15039.9,False,30
URDH-0004387,FAT-0004803,Elektronike,DOK-0004388,2026-09-18,2026-09-18,127871.39,False,30
URDH-0004388,FAT-0004804,Elektronike,DOK-0004389,2026-09-18,2026-09-18,28709.02,False,30
URDH-0004389,FAT-0004805,Elektronike,DOK-0004390,2026-09-18,2026-09-18,7388.96,False,30
URDH-0004390,FAT-0004806,Elektronike,DOK-0004391,2026-09-18,2026-09-18,13755.26,False,30
URDH-0004391,FAT-0004807,Elektronike,DOK-0004392,2026-09-18,2026-09-18,55014.25,False,30
URDH-0004392,FAT-0004809,Elektronike,DOK-0004393,2026-09-18,2026-09-18,248225.0,False,30
URDH-0004393,FAT-0004810,Elektronike,DOK-0004394,2026-09-18,2026-09-18,35625.0,False,30
URDH-0004394,FAT-0004811,Elektronike,DOK-0004395,2026-09-18,2026-09-18,50119000.0,False,30
URDH-0004395,FAT-0004812,Elektronike,DOK-0004396,2026-09-15,2026-09-18,467316.78,False,30
URDH-0004396,FAT-0004814,Elektronike,DOK-0004397,2026-09-18,2026-09-18,42727.35,False,30
URDH-0004397,FAT-0004815,Elektronike,DOK-0004398,2026-09-18,2026-09-18,41899.43,False,30
URDH-0004398,FAT-0004816,Elektronike,DOK-0004399,2026-09-18,2026-09-18,50179.33,False,30
URDH-0004399,FAT-0004817,Elektronike,DOK-0004400,2026-09-18,2026-09-18,8794.46,False,30
URDH-0004400,FAT-0004818,Elektronike,DOK-0004401,2026-09-18,2026-09-18,158276.92,False,30
URDH-0004401,FAT-0004819,Elektronike,DOK-0004402,2026-09-18,2026-09-18,232998.34,False,30
URDH-0004402,FAT-0004820,Elektronike,DOK-0004403,2026-09-18,2026-09-18,55596.21,False,30
URDH-0004403,FAT-0004821,Elektronike,DOK-0004404,2026-09-13,2026-09-18,8748.26,False,30
URDH-0004404,FAT-0004822,Elektronike,DOK-0004405,2026-09-18,2026-09-18,68274.0,False,30
URDH-0004405,FAT-0004823,Elektronike,DOK-0004406,2026-09-18,2026-09-18,846642.98,False,30
URDH-0004406,FAT-0004824,Elektronike,DOK-0004407,2026-09-18,2026-09-18,174000.0,False,30
URDH-0004407,FAT-0004825,Elektronike,DOK-0004408,2026-09-18,2026-09-18,41360.79,False,30
URDH-0004408,FAT-0004826,Elektronike,DOK-0004409,2026-09-12,2026-09-18,907085.81,False,30
URDH-0004409,FAT-0004827,Elektronike,DOK-0004410,2026-09-18,2026-09-18,11401.68,False,30
URDH-0004410,FAT-0004828,Elektronike,DOK-0004411,2026-09-18,2026-09-18,34411.36,False,30
URDH-0004411,FAT-0004829,Elektronike,DOK-0004412,2026-09-18,2026-09-18,141801.23,False,30
URDH-0004412,FAT-0004830,Elektronike,DOK-0004413,2026-09-18,2026-09-18,29119.41,False,30
URDH-0004413,FAT-0004832,Elektronike,DOK-0004414,2026-09-16,2026-09-18,449286.57,False,30
URDH-0004414,FAT-0004833,Elektronike,DOK-0004415,2026-09-18,2026-09-18,13379.41,False,30
URDH-0004415,FAT-0004834,Elektronike,DOK-0004416,2026-09-18,2026-09-18,99867.0,False,30
URDH-0004416,FAT-0004835,Elektronike,DOK-0004417,2026-09-18,2026-09-18,123908.08,False,30
URDH-0004417,FAT-0004836,Elektronike,DOK-0004418,2026-09-18,2026-09-18,18881.79,False,30
URDH-0004418,FAT-0004837,Elektronike,DOK-0004419,2026-09-18,2026-09-18,492500.0,False,30
URDH-0004419,FAT-0004838,Elektronike,DOK-0004420,2026-09-18,2026-09-18,292000.0,False,30
URDH-0004420,FAT-0004839,Elektronike,DOK-0004421,2026-09-18,2026-09-18,6934.88,False,30
URDH-0004421,FAT-0004840,Elektronike,DOK-0004422,2026-09-18,2026-09-18,160000.0,False,30
URDH-0004422,FAT-0004841,Elektronike,DOK-0004423,2026-09-18,2026-09-18,24750.0,False,30
URDH-0004423,FAT-0004843,Elektronike,DOK-0004424,2026-09-18,2026-09-18,602904.82,False,30
URDH-0004424,FAT-0004844,Elektronike,DOK-0004425,2026-09-18,2026-09-18,136686.64,False,30
URDH-0004425,FAT-0004845,Elektronike,DOK-0004426,2026-09-18,2026-09-18,470000.0,False,30
URDH-0004426,FAT-0004846,Elektronike,DOK-0004427,2026-09-18,2026-09-18,132751.73,False,30
URDH-0004427,FAT-0004849,Elektronike,DOK-0004428,2026-09-18,2026-09-18,159000.0,False,30
URDH-0004428,FAT-0004850,Elektronike,DOK-0004429,2026-09-18,2026-09-18,103224.86,False,30
URDH-0004429,FAT-0004851,Elektronike,DOK-0004430,2026-09-18,2026-09-18,125600.0,False,30
URDH-0004430,FAT-0004852,Elektronike,DOK-0004431,2026-09-18,2026-09-18,22365.0,False,30
URDH-0004431,FAT-0004853,Elektronike,DOK-0004432,2026-09-18,2026-09-18,19947.23,False,30
URDH-0004432,FAT-0004854,Elektronike,DOK-0004433,2026-09-18,2026-09-18,83000.0,False,30
